,Wd,We,"theta(Wd,We)","x(Wd,We)","y(Wd,We)"
0.0,1.6126734951346677,1.5723004237958795,0.0030430185989968597,-0.0363433484426467,1.5001213653938297
0.07,1.6185534185232677,1.5789747674821226,0.0032696192581752404,-0.030675482350916446,1.4998189764487713
0.14,1.6244333419118675,1.5856491111683655,0.0034927599672937076,-0.025007616259186193,1.4995165875037126
0.21,1.6303132653004673,1.5923234548546086,0.003712451068113588,-0.01933975016745594,1.4992141985586542
0.28,1.6361931886890677,1.598997798540852,0.003928702902396205,-0.013671884075725685,1.4989118096135958
0.35,1.6420731120776675,1.605672142227095,0.004141525811902887,-0.008004017983995432,1.4986094206685374
0.42,1.6479530354662675,1.612346485913338,0.004350930138394959,-0.00233615189226518,1.4983070317234788
0.49,1.6538329588548675,1.619020829599581,0.004556926223633746,0.003331714199465062,1.4980046427784204
0.56,1.6597128822434675,1.6256951732858238,0.004759524409380573,0.008999580291195325,1.497702253833362
0.63,1.6655928056320672,1.6323695169720671,0.004958735037396766,0.014667446382925574,1.4973998648883036
0.7,1.6714727290206677,1.6390438606583104,0.00515456844944365,0.02033531247465583,1.4970974759432452
0.77,1.6773526524092675,1.6457182043445533,0.0053470349872825505,0.026003178566386072,1.4967950869981865
0.84,1.6832325757978672,1.6523925480307964,0.005536144992674794,0.03167104465811633,1.4964926980531281
0.91,1.6891124991864672,1.6590668917170395,0.005721908807381706,0.037338910749846584,1.49619030910807
0.98,1.6949924225750672,1.6657412354032823,0.005904336773164611,0.043006776841576826,1.4958879201630113
1.05,1.700872345963667,1.6724155790895254,0.006083439231784837,0.048674642933307095,1.495585531217953
1.12,1.706752269352267,1.6790899227757687,0.006259226525003706,0.05434250902503735,1.4952831422728945
1.19,1.7126321927408672,1.6857642664620118,0.006431708994582548,0.06001037511676758,1.4949807533278359
1.26,1.718512116129467,1.692438610148255,0.006600896982282684,0.06567824120849786,1.4946783643827775
1.33,1.724392039518067,1.699112953834498,0.0067668008298654445,0.0713461073002281,1.4943759754377188
1.4,1.7302719629066667,1.7057872975207407,0.006929430879092151,0.07701397339195835,1.4940735864926604
1.47,1.736151886295267,1.712461641206984,0.00708879747172413,0.0826818394836886,1.4937711975476022
1.54,1.742031809683867,1.719135984893227,0.0072449109495227055,0.08834970557541885,1.4934688086025436
1.61,1.747911733072467,1.7258103285794701,0.007397781654249208,0.09401757166714912,1.4931664196574852
1.68,1.7537916564610667,1.7324846722657132,0.007547419927664956,0.09968543775887936,1.4928640307124266
1.75,1.7596715798496667,1.739159015951956,0.0076938361115312815,0.10535330385060963,1.4925616417673682
1.82,1.7655515032382667,1.7458333596381992,0.007837040547609508,0.11102116994233988,1.4922592528223098
1.89,1.7714314266268667,1.7525077033244425,0.007977043577660959,0.1166890360340701,1.4919568638772511
1.96,1.7773113500154667,1.7591820470106856,0.008113855543446962,0.12235690212580036,1.4916544749321927
2.03,1.7831912734040667,1.7658563906969285,0.008247486786728842,0.12802476821753062,1.491352085987134
2.1,1.7890711967926665,1.7725307343831718,0.008377947649267926,0.1336926343092609,1.4910496970420757
2.17,1.7949511201812665,1.7792050780694146,0.008505248472825537,0.1393605004009911,1.4907473080970173
2.24,1.8008310435698665,1.785879421755658,0.008629399599163005,0.1450283664927214,1.4904449191519589
2.31,1.8067109669584664,1.7925537654419008,0.008750411370041655,0.15069623258445164,1.4901425302069002
2.38,1.8125908903470664,1.7992281091281437,0.008868294127222806,0.15636409867618184,1.4898401412618416
2.45,1.8184708137356664,1.805902452814387,0.008983058212467789,0.16203196476791212,1.4895377523167834
2.52,1.8243507371242664,1.8125767965006299,0.009094713967537924,0.16769983085964238,1.489235363371725
2.59,1.8302306605128664,1.8192511401868732,0.009203271734194548,0.17336769695137264,1.4889329744266666
2.66,1.836110583901466,1.825925483873116,0.00930874185419897,0.1790355630431029,1.4886305854816082
2.73,1.8419905072900662,1.832599827559359,0.009411134669312532,0.18470342913483315,1.4883281965365498
2.8,1.847870430678666,1.8392741712456022,0.009510460521296551,0.1903712952265634,1.4880258075914914
2.87,1.8537503540672664,1.8459485149318455,0.00960672975191235,0.1960391613182937,1.4877234186464328
2.94,1.8596302774558662,1.8526228586180884,0.00969995270292127,0.2017070274100239,1.4874210297013741
3.01,1.865510200844466,1.8592972023043315,0.009790139716084617,0.20737489350175414,1.4871186407563157
3.08,1.871390124233066,1.8659715459905746,0.009877301133163725,0.2130427595934844,1.4868162518112573
3.15,1.877270047621666,1.8726458896768174,0.009961447295919919,0.21871062568521468,1.486513862866199
3.22,1.883149971010266,1.8793202333630608,0.010042588546114527,0.22437849177694494,1.4862114739211403
3.29,1.8890298943988657,1.8859945770493036,0.010120735225508869,0.23004635786867517,1.4859090849760817
3.36,1.894909817787466,1.892668920735547,0.010195897675864277,0.23571422396040542,1.4856066960310232
3.43,1.900789741176066,1.89934326442179,0.010268086238942075,0.24138209005213568,1.485304307085965
3.5,1.906669664564666,1.9060176081080331,0.010337311256503586,0.24704995614386596,1.4850019181409067
3.57,1.9125495879532655,1.9126919517942758,0.010403583070310135,0.2527178222355962,1.484699529195848
3.64,1.9184295113418655,1.919366295480519,0.01046691202212305,0.25838568832732645,1.4843971402507896
3.71,1.9243094347304655,1.9260406391667622,0.010527308453703655,0.26405355441905665,1.484094751305731
3.78,1.930189358119066,1.9327149828530055,0.01058478270681328,0.2697214205107869,1.4837923623606726
3.85,1.9360692815076654,1.9393893265392483,0.010639345123213245,0.2753892866025172,1.4834899734156142
3.92,1.9419492048962654,1.9460636702254914,0.010691006044664875,0.2810571526942474,1.4831875844705555
3.99,1.9478291282848654,1.9527380139117345,0.0107397758129295,0.28672501878597767,1.4828851955254971
4.06,1.9537090516734654,1.9594123575979776,0.010785664769768446,0.2923928848777079,1.4825828065804385
4.13,1.9595889750620654,1.9660867012842207,0.010828683256943035,0.2980607509694382,1.48228041763538
4.2,1.9654688984506652,1.9727610449704636,0.010868841616214594,0.3037286170611685,1.481978028690322
4.27,1.9713488218392654,1.9794353886567069,0.010906150189344445,0.30939648315289864,1.4816756397452635
4.34,1.9772287452278652,1.9861097323429497,0.010940619318093921,0.3150643492446289,1.4813732508002047
4.41,1.9831086686164654,1.992784076029193,0.010972259344224343,0.3207322153363592,1.4810708618551467
4.48,1.9889885920050652,1.999458419715436,0.011001080609497038,0.3264000814280895,1.4807684729100878
4.55,1.9948685153936654,2.006132763401679,0.011027093455673324,0.3320679475198197,1.4804660839650297
4.62,2.0007484387822654,2.012807107087922,0.011050308224514539,0.33773581361155,1.4801636950199712
4.69,2.0066283621708654,2.0194814507741654,0.011070735257782004,0.34340367970328023,1.4798613060749126
4.76,2.0125082855594654,2.0261557944604083,0.011088384897237045,0.34907154579501043,1.4795589171298542
4.83,2.018388208948065,2.032830138146651,0.01110326748464098,0.3547394118867407,1.4792565281847956
4.9,2.0242681323366654,2.0395044818328945,0.011115393361755144,0.36040727797847094,1.4789541392397372
4.97,2.030148055725265,2.0461788255191373,0.01112477287034086,0.3660751440702012,1.4786517502946788
5.04,2.036027979113865,2.05285316920538,0.011131416352159447,0.37174301016193145,1.4783493613496204
5.11,2.041907902502465,2.0595275128916235,0.011135334148972241,0.37741087625366176,1.4780469724045617
5.18,2.047787825891065,2.0662018565778664,0.011136536602540562,0.38307874234539196,1.4777445834595033
5.25,2.053667749279665,2.0728762002641097,0.011135034054625736,0.3887466084371222,1.477442194514445
5.32,2.0595476726682644,2.0795505439503525,0.011130836846989092,0.3944144745288525,1.4771398055693865
5.39,2.065427596056865,2.086224887636596,0.011123955321391944,0.40008234062058273,1.476837416624328
5.46,2.071307519445465,2.0928992313228387,0.011114399819595633,0.405750206712313,1.4765350276792695
5.53,2.077187442834065,2.099573575009082,0.011102180683361475,0.41141807280404324,1.4762326387342108
5.6,2.0830673662226644,2.106247918695325,0.0110873082544508,0.4170859388957735,1.4759302497891524
5.67,2.088947289611265,2.112922262381568,0.011069792874624933,0.4227538049875038,1.475627860844094
5.74,2.094827212999865,2.1195966060678115,0.011049644885645192,0.42842167107923407,1.4753254718990356
5.81,2.1007071363884644,2.126270949754054,0.011026874629272918,0.4340895371709642,1.4750230829539772
5.88,2.1065870597770644,2.1329452934402973,0.011001492447269423,0.43975740326269447,1.4747206940089186
5.95,2.1124669831656644,2.1396196371265406,0.010973508681396037,0.4454252693544247,1.4744183050638602
6.02,2.1183469065542644,2.1462939808127834,0.010942933673414082,0.451093135446155,1.4741159161188016
6.09,2.1242268299428644,2.1529683244990263,0.01090977776508489,0.45676100153788524,1.4738135271737431
6.16,2.1301067533314644,2.1596426681852696,0.010874051298169783,0.4624288676296155,1.4735111382286847
6.23,2.1359866767200644,2.1663170118715125,0.01083576461443009,0.46809673372134575,1.4732087492836263
6.3,2.1418666001086644,2.172991355557756,0.010794928055627132,0.47376459981307606,1.472906360338568
6.37,2.147746523497264,2.1796656992439987,0.010751551963522236,0.4794324659048063,1.4726039713935093
6.44,2.1536264468858644,2.186340042930242,0.01070564667987673,0.48510033199653657,1.4723015824484509
6.51,2.159506370274464,2.193014386616485,0.01065722254645194,0.4907681980882667,1.4719991935033927
6.58,2.165386293663064,2.1996887303027277,0.010606289905009185,0.496436064179997,1.471696804558334
6.65,2.1712662170516643,2.206363073988971,0.01055285909730979,0.5021039302717273,1.4713944156132757
6.72,2.177146140440264,2.2130374176752143,0.01049694046511509,0.5077717963634576,1.471092026668217
6.79,2.183026063828864,2.219711761361457,0.010438544350186409,0.5134396624551878,1.4707896377231586
6.86,2.188905987217464,2.2263861050477,0.010377681094285062,0.5191075285469181,1.4704872487781002
6.93,2.194785910606064,2.2330604487339434,0.010314361039172385,0.5247753946386483,1.4701848598330416
7.0,2.200665833994664,2.2397347924201862,0.010248594526609705,0.5304432607303786,1.4698824708879832
7.07,2.206545757383264,2.2464091361064296,0.010180391898358338,0.5361111268221089,1.4695800819429246
7.14,2.2124256807718634,2.2530834797926724,0.010109763496179612,0.541778992913839,1.4692776929978661
7.21,2.218305604160464,2.2597578234789157,0.010036719661834866,0.5474468590055693,1.4689753040528077
7.28,2.224185527549064,2.2664321671651586,0.009961270737085404,0.5531147250972996,1.4686729151077493
7.35,2.2300654509376634,2.273106510851402,0.00988342706369257,0.5587825911890297,1.468370526162691
7.42,2.2359453743262634,2.279780854537645,0.009803198983417676,0.56445045728076,1.4680681372176323
7.49,2.2418252977148634,2.2864551982238877,0.009720596838022056,0.5701183233724902,1.467765748272574
7.56,2.2477052211034634,2.293129541910131,0.009635630969267039,0.5757861894642206,1.4674633593275155
7.63,2.2535851444920634,2.299803885596374,0.009548311718913934,0.5814540555559509,1.467160970382457
7.7,2.2594650678806634,2.306478229282617,0.00945864942872408,0.5871219216476811,1.4668585814373987
7.77,2.2653449912692634,2.31315257296886,0.009366654440458807,0.5927897877394113,1.46655619249234
7.84,2.2712249146578634,2.3198269166551033,0.009272337095879423,0.5984576538311415,1.4662538035472816
7.91,2.2771048380464634,2.326501260341346,0.009175707736747273,0.6041255199228718,1.4659514146022232
7.98,2.2829847614350633,2.3331756040275895,0.009076776704823665,0.6097933860146021,1.4656490256571648
8.05,2.2888646848236633,2.3398499477138324,0.008975554341869935,0.6154612521063323,1.4653466367121064
8.12,2.2947446082122633,2.3465242914000757,0.008872050989647412,0.6211291181980626,1.465044247767048
8.19,2.3006245316008633,2.3531986350863185,0.008766276989917408,0.6267969842897928,1.4647418588219896
8.26,2.306504454989463,2.359872978772562,0.008658242684441268,0.6324648503815231,1.464439469876931
8.33,2.312384378378063,2.3665473224588047,0.008547958414980296,0.6381327164732534,1.4641370809318723
8.4,2.318264301766663,2.3732216661450476,0.00843543452329583,0.6438005825649836,1.463834691986814
8.47,2.3241442251552633,2.379896009831291,0.008320681351149196,0.6494684486567139,1.4635323030417555
8.54,2.330024148543863,2.3865703535175338,0.008203709240301716,0.655136314748444,1.4632299140966971
8.61,2.335904071932463,2.3932446972037766,0.008084528532514719,0.6608041808401742,1.4629275251516385
8.68,2.341783995321063,2.39991904089002,0.007963149569549521,0.6664720469319045,1.4626251362065799
8.75,2.347663918709663,2.406593384576263,0.00783958269316746,0.6721399130236347,1.4623227472615214
8.82,2.353543842098263,2.4132677282625066,0.007713838245129854,0.677807779115365,1.462020358316463
8.89,2.3594237654868624,2.4199420719487494,0.007585926567198033,0.6834756452070955,1.4617179693714046
8.96,2.365303688875463,2.4266164156349928,0.007455858001133316,0.6891435112988257,1.4614155804263462
9.03,2.371183612264063,2.433290759321235,0.007323642888697039,0.6948113773905559,1.4611131914812878
9.1,2.377063535652663,2.4399651030074785,0.007189291571650517,0.7004792434822861,1.4608108025362292
9.17,2.3829434590412624,2.4466394466937214,0.007052814391755083,0.7061471095740164,1.4605084135911708
9.24,2.3888233824298624,2.453313790379964,0.006914221690772054,0.7118149756657467,1.4602060246461124
9.31,2.3947033058184624,2.4599881340662075,0.0067735238104627655,0.7174828417574769,1.4599036357010537
9.38,2.400583229207063,2.466662477752451,0.00663073109258854,0.7231507078492072,1.4596012467559953
9.45,2.4064631525956623,2.4733368214386937,0.006485853878910704,0.7288185739409373,1.459298857810937
9.52,2.407388673168609,2.4718694757800637,0.006338902511190578,0.7344864400326675,1.4589964688658783
9.59,2.408314193741555,2.470402130121433,0.006189887331189489,0.7401543061243978,1.4586940799208201
9.66,2.4092397143145012,2.4689347844628027,0.006038818680668763,0.745822172216128,1.4583916909757615
9.73,2.410165234887448,2.467467438804172,0.005885706901389726,0.7514900383078583,1.4580893020307033
9.8,2.411090755460394,2.4660000931455417,0.0057305623351137066,0.7571579043995886,1.4577869130856445
9.87,2.4120162760333406,2.4645327474869116,0.005573395323602032,0.7628257704913188,1.457484524140586
9.94,2.4129417966062867,2.463065401828281,0.005414216208616016,0.7684936365830491,1.4571821351955276
10.01,2.413867317179233,2.461598056169651,0.005253035331916997,0.7741615026747793,1.4568797462504695
10.08,2.4147928377521795,2.460130710511021,0.005089863035266295,0.7798293687665097,1.4565773573054108
10.15,2.4157183583251256,2.4586633648523906,0.004924709660425231,0.78549723485824,1.4562749683603524
10.22,2.416643878898072,2.45719601919376,0.0047575855491551414,0.7911651009499702,1.4559725794152938
10.29,2.417569399471019,2.4557286735351296,0.004588501043217345,0.7968329670417004,1.4556701904702354
10.36,2.4184949200439645,2.454261327876499,0.0044174664843731675,0.8025008331334307,1.455367801525177
10.43,2.419420440616911,2.452793982217869,0.004244492214383932,0.8081686992251609,1.4550654125801186
10.5,2.4203459611898577,2.451326636559239,0.004069588575010969,0.8138365653168912,1.45476302363506
10.57,2.421271481762804,2.4498592909006085,0.0038927659080156022,0.8195044314086214,1.4544606346900013
10.64,2.4221970023357504,2.448391945241978,0.003714034555159158,0.8251722975003517,1.454158245744943
10.71,2.4231225229086966,2.4469245995833475,0.0035334048582029622,0.830840163592082,1.4538558567998847
10.78,2.4240480434816427,2.445457253924717,0.00335088715890834,0.8365080296838121,1.453553467854826
10.85,2.4249735640545893,2.443989908266087,0.003166491799036616,0.8421758957755424,1.4532510789097675
10.92,2.4258990846275355,2.4425225626074565,0.0029802291203491135,0.8478437618672726,1.452948689964709
10.99,2.426824605200482,2.4410552169488264,0.002792109464607161,0.8535116279590029,1.4526463010196506
11.06,2.427750125773428,2.4395878712901964,0.002602143173572086,0.8591794940507332,1.4523439120745922
11.13,2.428675646346375,2.438120525631566,0.0024103405890052096,0.8648473601424634,1.4520415231295338
11.2,2.429601166919321,2.436653179972935,0.0022167120526678675,0.8705152262341938,1.4517391341844754
11.27,2.430526687492267,2.435185834314305,0.002021267906321369,0.8761830923259241,1.4514367452394168
11.34,2.4314522080652137,2.433718488655675,0.001824018491727049,0.8818509584176543,1.4511343562943584
11.41,2.43237772863816,2.4322511429970444,0.0016249741506462355,0.8875188245093846,1.4508319673492998
11.48,2.4333032492111064,2.430783797338414,0.0014241452248402488,0.8931866906011148,1.4505295784042413
11.55,2.4342287697840526,2.429316451679784,0.0012215420560704147,0.8988545566928451,1.450227189459183
11.62,2.435154290356999,2.427849106021154,0.0010171749860980678,0.9045224227845752,1.4499248005141245
11.69,2.4360798109299453,2.4263817603625233,0.000811054356684519,0.9101902888763054,1.4496224115690661
11.76,2.437005331502892,2.424914414703893,0.0006031905095911028,0.9158581549680357,1.4493200226240077
11.83,2.437930852075838,2.4234470690452623,0.00039359378657914147,0.9215260210597659,1.4490176336789493
11.9,2.438856372648784,2.421979723386632,0.00018227452940996428,0.9271938871514962,1.4487152447338907
11.97,2.439781893221731,2.4205123777280018,-3.075692015510646e-05,0.9328617532432265,1.4484128557888323
12.04,2.4407074137946774,2.4190450320693713,-0.0002454902203547398,0.9385296193349566,1.4481104668437739
12.11,2.4416329343676235,2.4175776864107412,-0.0004619150294276203,0.9441974854266869,1.4478080778987152
12.18,2.44255845494057,2.4161103407521107,-0.0006800210056124127,0.9498653515184172,1.4475056889536568
12.25,2.4434839755135163,2.4146429950934807,-0.0008997978071477973,0.9555332176101474,1.4472033000085982
12.32,2.444409496086463,2.41317564943485,-0.0011212350922724492,0.9612010837018777,1.4469009110635398
12.39,2.445335016659409,2.4117083037762197,-0.0013443225192250321,0.9668689497936079,1.4465985221184814
12.46,2.446260537232355,2.4102409581175896,-0.0015690497462442369,0.9725368158853382,1.4462961331734228
12.53,2.4471860578053013,2.408773612458959,-0.0017954064315687168,0.9782046819770686,1.4459937442283644
12.6,2.448111578378248,2.407306266800329,-0.0020233822334371704,0.9838725480687988,1.445691355283306
12.67,2.4490370989511945,2.4058389211416986,-0.00225296681008826,0.9895404141605291,1.4453889663382475
12.74,2.4499626195241406,2.404371575483068,-0.002484149819760656,0.9952082802522593,1.4450865773931891
12.81,2.4508881400970868,2.402904229824438,-0.0027169209206930403,1.0008761463439897,1.4447841884481305
12.88,2.4518136606700334,2.4014368841658076,-0.002951269771124086,1.00654401243572,1.444481799503072
12.95,2.4527391812429795,2.399969538507177,-0.003187186029292459,1.0122118785274499,1.4441794105580135
13.02,2.453664701815926,2.3985021928485466,-0.0034246593534368467,1.01787974461918,1.443877021612955
13.09,2.4545902223888723,2.3970348471899166,-0.003663679401795919,1.0235476107109105,1.4435746326678967
13.16,2.4555157429618184,2.3955675015312865,-0.0039042358326083467,1.0292154768026407,1.4432722437228382
13.23,2.4564412635347654,2.394100155872656,-0.004146318304112807,1.034883342894371,1.4429698547777798
13.3,2.4573667841077116,2.3926328102140255,-0.004389916474547978,1.0405512089861013,1.4426674658327212
13.37,2.4582923046806577,2.391165464555395,-0.004635020002152515,1.0462190750778313,1.442365076887663
13.44,2.459217825253604,2.3896981188967645,-0.0048816185451651195,1.0518869411695617,1.4420626879426046
13.51,2.46014334582655,2.3882307732381345,-0.005129701761824454,1.0575548072612921,1.441760298997546
13.58,2.461068866399497,2.386763427579504,-0.005379259310369191,1.0632226733530223,1.4414579100524876
13.65,2.461994386972443,2.385296081920874,-0.005630280849038011,1.0688905394447525,1.441155521107429
13.72,2.4629199075453894,2.3838287362622435,-0.005882756036069577,1.074558405536483,1.4408531321623705
13.79,2.4638454281183355,2.382361390603613,-0.006136674529702573,1.0802262716282132,1.4405507432173121
13.86,2.4647709486912825,2.380894044944983,-0.006392025988175668,1.0858941377199434,1.4402483542722535
13.93,2.4656964692642283,2.3794266992863524,-0.006648800069727548,1.0915620038116736,1.439945965327195
14.0,2.466621989837175,2.377959353627722,-0.006906986432596873,1.097229869903404,1.4396435763821367
14.07,2.467547510410121,2.376492007969092,-0.007166574735022328,1.1028977359951342,1.4393411874370783
14.14,2.468473030983068,2.3750246623104614,-0.00742755463524258,1.1085656020868644,1.4390387984920197
14.21,2.469398551556014,2.3735573166518313,-0.0076899157914963046,1.1142334681785948,1.4387364095469612
14.28,2.4703240721289603,2.372089970993201,-0.007953647862022174,1.1199013342703248,1.4384340206019028
14.35,2.4712495927019065,2.370622625334571,-0.008218740505058872,1.125569200362055,1.4381316316568442
14.42,2.4721751132748526,2.3691552796759403,-0.008485183378845067,1.1312370664537854,1.4378292427117858
14.49,2.473100633847799,2.36768793401731,-0.00875296614161943,1.1369049325455156,1.4375268537667274
14.56,2.474026154420746,2.3662205883586793,-0.009022078451620646,1.1425727986372458,1.4372244648216688
14.63,2.474951674993692,2.364753242700049,-0.009292509967087382,1.1482406647289762,1.4369220758766104
14.7,2.475877195566638,2.3632858970414192,-0.009564250346258305,1.1539085308207062,1.436619686931552
14.77,2.4768027161395847,2.3618185513827887,-0.009837289247372106,1.1595763969124364,1.4363172979864935
14.84,2.4777282367125313,2.3603512057241582,-0.01011161632866745,1.1652442630041666,1.4360149090414351
14.91,2.4786537572854774,2.3588838600655277,-0.01038722124838301,1.170912129095897,1.4357125200963765
14.98,2.4795792778584236,2.3574165144068973,-0.010664093664757467,1.1765799951876272,1.4354101311513183
15.05,2.4805047984313697,2.355949168748267,-0.01094222323602949,1.1822478612793574,1.4351077422062597
15.12,2.4814303190043163,2.354481823089637,-0.011221599620437749,1.1879157273710879,1.4348053532612013
15.19,2.482355839577263,2.3530144774310067,-0.011502212476220929,1.193583593462818,1.4345029643161429
15.26,2.483281360150209,2.351547131772376,-0.0117840514616177,1.1992514595545483,1.4342005753710843
15.33,2.4842068807231557,2.3500797861137457,-0.012067106234866742,1.2049193256462787,1.4338981864260258
15.4,2.485132401296102,2.3486124404551156,-0.012351366454206716,1.2105871917380089,1.4335957974809674
15.47,2.486057921869048,2.347145094796485,-0.012636821777876303,1.216255057829739,1.433293408535909
15.54,2.4869834424419945,2.345677749137855,-0.012923461864114177,1.2219229239214693,1.4329910195908506
15.61,2.4879089630149407,2.3442104034792246,-0.013211276371159018,1.2275907900131995,1.4326886306457918
15.68,2.4888344835878873,2.342743057820594,-0.013500254957249496,1.2332586561049297,1.4323862417007334
15.75,2.4897600041608334,2.341275712161964,-0.013790387280624285,1.2389265221966599,1.432083852755675
15.82,2.49068552473378,2.3398083665033336,-0.014081662999522064,1.2445943882883903,1.4317814638106166
15.89,2.491611045306726,2.3383410208447035,-0.014374071772181501,1.2502622543801205,1.4314790748655581
15.96,2.4925365658796728,2.336873675186073,-0.014667603256841275,1.2559301204718507,1.4311766859204995
16.03,2.493462086452619,2.3354063295274425,-0.014962247111740058,1.2615979865635811,1.430874296975441
16.1,2.494387607025565,2.333938983868812,-0.015257992995116525,1.2672658526553113,1.4305719080303827
16.17,2.4953131275985116,2.3324716382101816,-0.01555483056520935,1.2729337187470415,1.4302695190853243
16.24,2.496238648171458,2.3310042925515515,-0.01585274948025719,1.278601584838772,1.4299671301402657
16.31,2.4971641687444044,2.3295369468929215,-0.01615173939849876,1.2842694509305022,1.4296647411952073
16.38,2.4980896893173505,2.328069601234291,-0.016451789978172704,1.2899373170222324,1.4293623522501488
16.45,2.499015209890297,2.3266022555756605,-0.016752890877517707,1.2956051831139628,1.4290599633050904
16.52,2.4999407304632433,2.3251349099170304,-0.01705503175477244,1.301273049205693,1.428757574360032
16.59,2.5008662510361894,2.3236675642584,-0.01735820226817558,1.3069409152974232,1.4284551854149734
16.66,2.501791771609136,2.3222002185997694,-0.017662392075965795,1.3126087813891534,1.4281527964699148
16.73,2.502717292182082,2.3207328729411394,-0.017967590836381768,1.3182766474808838,1.4278504075248564
16.8,2.5036428127550288,2.319265527282509,-0.018273788207662164,1.323944513572614,1.427548018579798
16.87,2.504568333327975,2.3177981816238784,-0.01858097384804567,1.3296123796643442,1.4272456296347396
16.94,2.5054938539009215,2.3163308359652484,-0.018889137415770946,1.3352802457560746,1.4269432406896811
17.01,2.506419374473868,2.314863490306618,-0.019198268569076676,1.3409481118478048,1.4266408517446225
17.08,2.5073448950468142,2.3133961446479874,-0.019508356966201516,1.3466159779395346,1.4263384627995643
17.15,2.5082704156197604,2.3119287989893573,-0.019819392265384178,1.352283844031265,1.4260360738545057
17.22,2.509195936192707,2.3104614533307273,-0.02013136412486331,1.3579517101229952,1.4257336849094473
17.29,2.510121456765653,2.308994107672097,-0.020444262202877587,1.3636195762147254,1.4254312959643887
17.36,2.5110469773385997,2.3075267620134663,-0.02075807615766569,1.3692874423064558,1.4251289070193303
17.43,2.511972497911546,2.3060594163548362,-0.021072795647466294,1.374955308398186,1.4248265180742719
17.5,2.512898018484492,2.3045920706962058,-0.02138841033051807,1.3806231744899162,1.4245241291292134
17.57,2.513823539057438,2.3031247250375753,-0.021704909865059695,1.3862910405816464,1.424221740184155
17.64,2.5147490596303848,2.3016573793789448,-0.02202228390932984,1.3919589066733769,1.4239193512390966
17.71,2.5156745802033313,2.3001900337203147,-0.02234052212156718,1.3976267727651073,1.4236169622940378
17.78,2.5166001007762775,2.2987226880616842,-0.0226596141600104,1.4032946388568375,1.4233145733489796
17.85,2.517525621349224,2.297255342403054,-0.02297954968289815,1.408962504948568,1.423012184403921
17.92,2.51845114192217,2.2957879967444232,-0.023300318348469126,1.414630371040298,1.4227097954588626
17.99,2.5193766624951164,2.294320651085793,-0.023621909814961973,1.420298237132028,1.4224074065138042
18.06,2.520302183068063,2.2928533054271627,-0.023944313740615418,1.4259661032237585,1.4221050175687457
18.13,2.521227703641009,2.2913859597685327,-0.02426751978366809,1.4316339693154887,1.4218026286236873
18.2,2.5221532242139557,2.289918614109902,-0.024591517602358687,1.437301835407219,1.421500239678629
18.27,2.523078744786902,2.288451268451272,-0.024916296854925874,1.4429697014989493,1.4211978507335705
18.34,2.5240042653598485,2.2869839227926416,-0.02524184719960833,1.4486375675906795,1.4208954617885117
18.41,2.5249297859327946,2.2855165771340116,-0.025568158294644726,1.4543054336824097,1.4205930728434533
18.48,2.525855306505741,2.284049231475381,-0.02589521979827373,1.45997329977414,1.4202906838983949
18.55,2.526780827078688,2.2825818858167506,-0.02622302136873403,1.4656411658658703,1.4199882949533364
18.62,2.527706347651634,2.28111454015812,-0.02655155266426429,1.4713090319576005,1.419685906008278
18.69,2.52863186822458,2.27964719449949,-0.026880803343103186,1.4769768980493307,1.4193835170632194
18.76,2.5295573887975262,2.2781798488408596,-0.027210763063489404,1.4826447641410612,1.419081128118161
18.83,2.530482909370473,2.2767125031822295,-0.02754142148366158,1.4883126302327911,1.4187787391731028
18.9,2.517760822403687,2.277661858435234,-0.027872639746464787,1.4910384311274576,1.418476350228044
18.97,2.505038735436901,2.278611213688239,-0.02820376493316938,1.4937642320221243,1.4181739612829856
19.04,2.492316648470115,2.279560568941244,-0.028534015609652102,1.496490032916791,1.4178715723379272
19.11,2.479594561503329,2.2805099241942486,-0.028862610341789684,1.4992158338114576,1.4175691833928687
19.18,2.466872474536543,2.2814592794472532,-0.029188767695458858,1.5019416347061243,1.4172667944478103
19.25,2.4541503875697575,2.2824086347002583,-0.029511706236536345,1.5046674356007907,1.4169644055027517
19.32,2.441428300602971,2.283357989953263,-0.029830644530898905,1.5073932364954574,1.4166620165576933
19.39,2.4287062136361857,2.284307345206268,-0.030144801144423247,1.510119037390124,1.4163596276126347
19.46,2.4159841266693993,2.285256700459273,-0.030453394642986114,1.5128448382847908,1.4160572386675763
19.53,2.4032620397026134,2.286206055712278,-0.030755643592464226,1.5155706391794572,1.4157548497225179
19.6,2.390539952735828,2.2871554109652825,-0.031050766558734334,1.518296440074124,1.4154524607774595
19.67,2.3778178657690416,2.288104766218287,-0.03133798210767314,1.5210222409687904,1.415150071832401
19.74,2.3650957788022566,2.2890541214712923,-0.03161650880515741,1.5237480418634568,1.4148476828873424
19.81,2.3523736918354707,2.290003476724297,-0.03188556521706386,1.5264738427581235,1.414545293942284
19.88,2.3396516048686844,2.290952831977302,-0.032144369909269235,1.5291996436527904,1.4142429049972256
19.95,2.326929517901899,2.2919021872303067,-0.03239214144765024,1.531925444547457,1.413940516052167
20.02,2.3142074309351126,2.2928515424833114,-0.03262809839808365,1.5346512454421235,1.4136381271071086
20.09,2.301485343968327,2.2938008977363165,-0.032851459326446175,1.5373770463367902,1.4133357381620502
20.16,2.2887632570015413,2.294750252989321,-0.033061442798614525,1.5401028472314566,1.4130333492169918
20.23,2.276041170034755,2.2956996082423258,-0.03325726738046547,1.5428286481261233,1.4127309602719333
20.3,2.2633190830679695,2.296648963495331,-0.03343815163787572,1.54555444902079,1.4124285713268747
20.37,2.250596996101183,2.297598318748336,-0.03360331413672201,1.5482802499154567,1.4121261823818165
20.44,2.2378749091343977,2.2985476740013406,-0.033751973442881084,1.5510060508101233,1.4118237934367577
20.51,2.225152822167612,2.2994970292543453,-0.03388334812222965,1.55373185170479,1.4115214044916993
20.58,2.212430735200826,2.30044638450735,-0.03399665674064446,1.5564576525994565,1.411219015546641
20.65,2.1997086482340404,2.301395739760355,-0.034091117864002256,1.559183453494123,1.4109166266015825
20.72,2.1869865612672545,2.3023450950133597,-0.03416595005817976,1.5619092543887896,1.410614237656524
20.79,2.1742644743004687,2.303294450266365,-0.0342203718890537,1.5646350552834563,1.4103118487114654
20.86,2.1615423873336828,2.3042438055193695,-0.034253601922500806,1.567360856178123,1.410009459766407
20.93,2.148820300366897,2.305193160772374,-0.034264858724397815,1.5700866570727894,1.4097070708213488
21.0,2.136098213400111,2.3061425160253792,-0.03425336086062147,1.5728124579674563,1.40940468187629
21.07,2.123376126433325,2.3070918712783843,-0.03421832689704848,1.5755382588621227,1.4091022929312316
21.14,2.110654039466539,2.3080412265313885,-0.03415897539955559,1.5782640597567892,1.4087999039861732
21.21,2.097931952499753,2.3089905817843936,-0.03407452493401955,1.580989860651456,1.4084975150411148
21.28,2.085209865532967,2.3099399370373987,-0.033964194066317045,1.5837156615461228,1.4081951260960563
21.35,2.072487778566181,2.3108892922904034,-0.03382720136232487,1.5864414624407892,1.407892737150998
21.42,2.059765691599395,2.311838647543408,-0.03366276538791973,1.5891672633354557,1.4075903482059393
21.49,2.04704360463261,2.312788002796413,-0.033470104708978335,1.5918930642301223,1.4072879592608807
21.56,2.0343215176658243,2.313737358049418,-0.033248437891377436,1.5946188651247888,1.4069855703158223
21.63,2.0215994306990384,2.3146867133024225,-0.03299698350099377,1.5973446660194555,1.4066831813707639
21.7,2.0088773437322525,2.3156360685554276,-0.03271496010370406,1.6000704669141221,1.4063807924257055
21.77,1.9961552567654661,2.3165854238084322,-0.03240158626538505,1.602796267808789,1.406078403480647
21.84,1.9834331697986805,2.3175347790614373,-0.03205608055191346,1.6055220687034555,1.4057760145355884
21.91,1.9707110828318946,2.318484134314442,-0.031677661529166026,1.608247869598122,1.4054736255905302
21.98,1.9579889958651084,2.319433489567447,-0.03126554776301949,1.6109736704927886,1.4051712366454714
22.05,1.9452669088983225,2.3203828448204518,-0.030818957819350568,1.6136994713874553,1.4048688477004132
22.12,1.9325448219315366,2.3213322000734564,-0.030337110264036002,1.616425272282122,1.4045664587553548
22.19,1.919822734964751,2.3222815553264615,-0.02981922366295253,1.6191510731767884,1.4042640698102962
22.26,1.907100647997965,2.323230910579466,-0.02926451658197688,1.621876874071455,1.4039616808652378
22.33,1.8943785610311794,2.324180265832471,-0.028672207586985805,1.6246026749661215,1.4036592919201794
22.4,1.8816564740643937,2.325129621085476,-0.02804151524385599,1.6273284758607882,1.403356902975121
22.47,1.8689343870976078,2.3260789763384806,-0.027371658118464204,1.630054276755455,1.4030545140300625
22.54,1.856212300130822,2.3270283315914853,-0.02666185477668715,1.6327800776501216,1.4027521250850037
22.61,1.8434902131640363,2.3279776868444904,-0.025911323784401592,1.6355058785447882,1.4024497361399453
22.68,1.83076812619725,2.328927042097495,-0.025119283707484254,1.6382316794394547,1.402147347194887
22.75,1.8180460392304643,2.3298763973505,-0.024284953111811846,1.6409574803341214,1.4018449582498285
22.82,1.8053239522636784,2.3308257526035048,-0.023407550563261135,1.6436832812287878,1.40154256930477
22.89,1.7926018652968925,2.3317751078565094,-0.02248629462770882,1.6464090821234545,1.4012401803597117
22.96,1.7798797783301068,2.332724463109514,-0.021520403871031664,1.6491348830181214,1.400937791414653
23.03,1.767157691363321,2.333673818362519,-0.02050909685910638,1.651860683912788,1.4006354024695946
23.1,1.7544356043965348,2.334623173615524,-0.019451592157809724,1.6545864848074543,1.400333013524536
23.17,1.741713517429749,2.3355725288685285,-0.01834710833301838,1.6573122857021212,1.4000306245794776
23.24,1.7289914304629637,2.3365218841215336,-0.017194863950609172,1.6600380865967876,1.3997282356344192
23.31,1.7162693434961778,2.3374712393745383,-0.015994077576458744,1.662763887491454,1.3994258466893608
23.38,1.7035472565293917,2.338420594627543,-0.014743967776443836,1.6654896883861208,1.3991234577443024
23.45,1.6908251695626058,2.3393699498805485,-0.013443753116441207,1.6682154892807874,1.398821068799244
23.52,1.67810308259582,2.340319305133553,-0.012092652162327577,1.6709412901754543,1.3985186798541855
23.59,1.6653809956290342,2.3082952638671763,-0.010689883479979692,1.6736670910701208,1.398216290909127
23.66,1.652658908662248,2.276271222600799,-0.009234665635274274,1.6763928919647872,1.3979139019640683
23.73,1.6399368216954622,2.244247181334422,-0.007726217194088052,1.6791186928594537,1.3976115130190099
23.8,1.6272147347286763,2.212223140068045,-0.00616375672229777,1.6818444937541206,1.3973091240739515
23.87,1.6144926477618902,2.180199098801668,-0.004546502785780164,1.6845702946487873,1.397006735128893
23.94,1.6017705607951043,2.1481750575352914,-0.002873673950411944,1.687296095543454,1.3967043461838347
24.01,1.5890484738283186,2.116151016268914,-0.0011444887820698663,1.6900218964381204,1.3964019572387762
24.08,1.5763263868615334,2.084126975002539,0.0006418341533692556,1.6927476973327868,1.3960995682937178
24.15,1.5636042998947473,2.0521029337361623,0.0024860762900288727,1.6954734982274537,1.3957971793486592
24.22,1.5508822129279614,2.020078892469785,0.004389019062032165,1.6981992991221202,1.3954947904036006
24.29,1.5381601259611755,1.9880548512034082,0.006351443903502396,1.7009251000167867,1.3951924014585422
24.36,1.5254380389943896,1.9560308099370314,0.008374132248562795,1.7036509009114535,1.3948900125134838
24.43,1.5127159520276037,1.9240067686706546,0.010457865531336707,1.70637670180612,1.3945876235684254
24.5,1.499993865060818,1.8919827274042775,0.012603425185947335,1.7091025027007867,1.394285234623367
24.57,1.4872717780940319,1.8599586861379007,0.014811592646517997,1.7118283035954533,1.3939828456783085
24.64,1.474549691127246,1.8279346448715237,0.0170831493471719,1.7145541044901198,1.39368045673325
24.71,1.4618276041604599,1.7959106036051466,0.019418876722032394,1.7172799053847865,1.3933780677881915
24.78,1.449105517193674,1.7638865623387696,0.02181955620522267,1.7200057062794532,1.3930756788431329
24.85,1.4363834302268883,1.7318625210723928,0.024285969230866025,1.7227315071741196,1.3927732898980745
24.92,1.4236613432601024,1.6998384798060158,0.026818897233085726,1.7254573080687865,1.392470900953016
24.99,1.4109392562933172,1.6678144385396405,0.029419121646004895,1.728183108963453,1.3921685120079577
25.06,1.3982171693265313,1.6357903972732637,0.032087423903747074,1.7309089098581194,1.3918661230628993
25.13,1.3854950823597454,1.6037663560068867,0.03482458544043541,1.7336347107527863,1.3915637341178406
25.2,1.3727729953929595,1.5717423147405098,0.03763138769019317,1.7363605116474528,1.3912613451727822
25.27,1.3600509084261732,1.5397182734741326,0.040508612087143604,1.7390863125421192,1.3909589562277238
25.34,1.3473288214593875,1.5076942322077558,0.04345704006540999,1.741812113436786,1.3906565672826652
25.41,1.3346067344926018,1.475670190941379,0.04647745305911559,1.7445379143314526,1.3903541783376068
25.48,1.3218846475258157,1.443646149675002,0.0495706325023837,1.7472637152261192,1.3900517893925484
25.55,1.3091625605590298,1.4116221084086251,0.05273735982933752,1.749989516120786,1.3897494004474897
25.62,1.2964404735922441,1.379598067142248,0.05597841647410037,1.7527153170154526,1.3894470115024316
25.69,1.283718386625458,1.3475740258758713,0.05929458387079554,1.7554411179101193,1.389144622557373
25.76,1.2709962996586721,1.315549984609494,0.06268664345354624,1.7581669188047857,1.3888422336123145
25.83,1.2582742126918867,1.2835259433431188,0.06615537665647558,1.7608927196994522,1.3885398446672559
25.9,1.245552125725101,1.251501902076742,0.06970156491370719,1.763618520594119,1.3882374557221975
25.97,1.232830038758315,1.219477860810365,0.07332598965936418,1.7663443214887855,1.387935066777139
26.04,1.2201079517915292,1.1874538195439879,0.07702943232756979,1.7690701223834522,1.3876326778320807
26.11,1.207385864824743,1.1554297782776108,0.08081267435244727,1.7717959232781186,1.3873302888870223
26.18,1.1946637778579572,1.123405737011234,0.0846764971681199,1.7745217241727853,1.3870278999419636
26.25,1.1819416908911713,1.091381695744857,0.08862168220871099,1.777247525067452,1.3867255109969052
26.32,1.1692196039243854,1.0593576544784802,0.09264901090834375,1.7799733259621187,1.3864231220518468
26.39,1.1564975169575995,1.0273336132121034,0.09675926470114149,1.782699126856785,1.3861207331067882
26.46,1.1437754299908136,0.9953095719457262,0.10095322502122744,1.785424927751452,1.3858183441617298
26.53,1.1310533430240275,0.9632855306793493,0.10523167330272493,1.7881507286461185,1.3855159552166714
26.6,1.1183312560572418,0.9312614894129725,0.10959539097975718,1.7908765295407851,1.385213566271613
26.67,1.105609169090456,0.8992374481465956,0.11404515948644743,1.7936023304354516,1.3849111773265543
26.74,1.0928870821236707,0.8672134068802201,0.11858176025691877,1.7963281313301183,1.384608788381496
26.81,1.0801649951568846,0.8351893656138432,0.1232059747252949,1.7990539322247847,1.3843063994364375
26.88,1.0674429081900987,0.8031653243474663,0.12791858432569886,1.8017797331194516,1.3840040104913789
26.95,1.054720821223313,0.7711412830810893,0.13272037049225388,1.804505534014118,1.3837016215463205
27.02,1.041998734256527,0.7391172418147124,0.13761211465908332,1.8072313349087845,1.383399232601262
27.09,1.029276647289741,0.7070932005483355,0.1425945982603104,1.8099571358034514,1.3830968436562037
27.16,1.016554560322955,0.6750691592819584,0.14766860273005844,1.8126829366981179,1.3827944547111453
27.23,1.0038324733561692,0.6430451180155815,0.1528349095024506,1.8154087375927845,1.3824920657660866
27.3,0.9911103863893832,0.6110210767492046,0.15809430001161015,1.8181345384874512,1.3821896768210282
27.37,0.9783882994225974,0.5789970354828277,0.1634475556916605,1.8208603393821177,1.3818872878759696
27.44,0.9656662124558114,0.5469729942164507,0.16889545797672473,1.8235861402767843,1.3815848989309112
27.51,0.9529441254890254,0.5149489529500737,0.17443878830092624,1.8263119411714508,1.3812825099858528
27.58,0.9402220385222402,0.48292491168369844,0.180078328098388,1.8290377420661175,1.3809801210407944
27.65,0.9274999515554544,0.45090087041732146,0.18581485880323387,1.8317635429607841,1.380677732095736
27.72,0.9147778645886684,0.4188768291509445,0.1916491618495867,1.8344893438554508,1.3803753431506776
27.79,0.9020557776218825,0.38685278788456756,0.19758201867156983,1.8372151447501173,1.380072954205619
27.86,0.8893336906550967,0.35482874661819064,0.2036142107033066,1.8399409456447837,1.3797705652605605
27.93,0.8766116036883107,0.3228047053518137,0.20974651937892022,1.8426667465394506,1.3794681763155021
28.0,0.8638895167215248,0.29078066408543674,0.2159797261325339,1.845392547434117,1.3791657873704435
28.07,0.8511674297547389,0.2587566228190598,0.22231461239827102,1.848118348328784,1.378863398425385
28.14,0.838445342787953,0.2267325815526829,0.22875195961025482,1.8508441492234504,1.3785610094803267
28.21,0.8257232558211671,0.19470854028630594,0.2352925492026084,1.8535699501181173,1.3782586205352683
28.28,0.8166724771073512,0.18398072919556085,0.24193649310457588,1.8562957510127838,1.3779562315902096
28.35,0.8076216983935353,0.17325291810481577,0.2486812252258835,1.8590215519074504,1.3776538426451512
28.42,0.7985709196797192,0.1625251070140707,0.25552350997137835,1.861747352802117,1.3773514537000926
28.49,0.7895201409659037,0.15179729592332614,0.2624601117459071,1.8644731536967836,1.3770490647550344
28.56,0.7804693622520879,0.14106948483258108,0.26948779495431724,1.8671989545914502,1.3767466758099758
28.63,0.771418583538272,0.13034167374183597,0.27660332400145565,1.8699247554861165,1.3764442868649174
28.7,0.762367804824456,0.11961386265109092,0.28380346329216916,1.8726505563807834,1.376141897919859
28.77,0.7533170261106401,0.10888605156034581,0.29108497723130494,1.8753763572754498,1.3758395089748003
28.84,0.7442662473968241,0.09815824046960074,0.2984446302237098,1.8781021581701167,1.375537120029742
28.91,0.735215468683008,0.08743042937885565,0.3058791866742309,1.880827959064783,1.3752347310846837
28.98,0.7261646899691921,0.07670261828811059,0.31338541098771516,1.8835537599594498,1.3749323421396251
29.05,0.7171139112553763,0.0659748071973655,0.32096006756900963,1.8862795608541165,1.3746299531945665
29.12,0.7080631325415603,0.05524699610662043,0.3285999208229612,1.889005361748783,1.374327564249508
29.19,0.6990123538277443,0.04451918501587536,0.3363017351544169,1.8917311626434499,1.3740251753044497
29.26,0.6899615751139284,0.033791373925130264,0.34406227496822384,1.8944569635381163,1.3737227863593913
29.33,0.680910796400113,0.02306356283438571,0.3518783046692286,1.8971827644327828,1.3734203974143329
29.4,0.671860017686297,0.012335751743640627,0.3597465886622788,1.8999085653274492,1.3731180084692742
29.47,0.662809238972481,0.0016079406528955453,0.3676638913522213,1.9026343662221161,1.3728156195242158
29.54,0.653758460258665,-0.009119870437849537,0.37562697714390264,1.9053601671167826,1.3725132305791572
29.61,0.6447076815448491,-0.01984768152859462,0.3836326104421705,1.9080859680114493,1.372210841634099
29.68,0.6356569028310332,-0.0305754926193397,0.3916775556518714,1.9108117689061161,1.3719084526890404
29.75,0.6266061241172173,-0.041303303710084754,0.3997585771778524,1.9135375698007824,1.371606063743982
29.82,0.6175553454034014,-0.052031114800829864,0.40787243942496065,1.9162633706954493,1.3713036747989233
29.89,0.6085045666895854,-0.06275892589157493,0.41601590679804296,1.9189891715901157,1.3710012858538652
29.96,0.5994537879757694,-0.07348673698232001,0.42418574370194645,1.9217149724847826,1.3706988969088065
30.03,0.5904030092619535,-0.08421454807306508,0.432378714541518,1.9244407733794489,1.3703965079637481
30.1,0.5813522305481376,-0.09494235916381018,0.44059158372160484,1.9271665742741158,1.3700941190186895
30.17,0.5723014518343217,-0.10567017025455526,0.44882111564705374,1.9298923751687824,1.369791730073631
30.24,0.5632506731205061,-0.11639798134529981,0.4570640747227115,1.9326181760634489,1.3694893411285727
30.31,0.5541998944066902,-0.12712579243604488,0.4653172253534257,1.9353439769581156,1.3691869521835143
30.38,0.5451491156928743,-0.13785360352679,0.473577331944043,1.9380697778527818,1.3688845632384559
30.45,0.5360983369790583,-0.14858141461753502,0.48184115889941065,1.9407955787474487,1.3685821742933972
30.52,0.5270475582652424,-0.15930922570828016,0.4901054706243753,1.9435213796421151,1.3682797853483388
30.59,0.5179967795514265,-0.1700370367990252,0.49836703152378403,1.946247180536782,1.3679773964032802
30.66,0.5089460008376104,-0.18076484788977026,0.5066226060024839,1.9489729814314485,1.367675007458222
30.73,0.49989522212379456,-0.19149265898051532,0.5148689584653219,1.9516987823261152,1.3673726185131634
30.8,0.4908444434099787,-0.20222047007126048,0.5231028533171453,1.9544245832207818,1.367070229568105
30.87,0.4817936646961627,-0.21294828116200554,0.5313210549628006,1.9571503841154483,1.3667678406230466
30.94,0.47274288598234676,-0.2236760922527506,0.5395203278071351,1.959876185010115,1.3664654516779882
31.01,0.4636921072685309,-0.23440390334349565,0.5476974362549956,1.9626019859047816,1.3661630627329295
31.08,0.45464132855471534,-0.24513171443424026,0.5558491447112289,1.965327786799448,1.3658606737878711
31.15,0.4455905498408993,-0.2558595255249853,0.5639722175806828,1.9680535876941145,1.3655582848428127
31.22,0.4365397711270834,-0.2665873366157304,0.5720634192682037,1.9707793885887814,1.365255895897754
31.29,0.42748899241326754,-0.2773151477064755,0.5801195141786388,1.9735051894834479,1.3649535069526957
31.36,0.4184382136994515,-0.2880429587972206,0.588137266716835,1.9762309903781148,1.3646511180076373
31.43,0.40938743498563557,-0.29877076988796564,0.5961134412876393,1.9789567912727812,1.3643487290625786
31.5,0.4003366562718197,-0.3094985809787107,0.604044802295899,1.981682592167448,1.3640463401175205
31.57,0.3912858775580038,-0.3202263920694558,0.6119281141464604,1.9844083930621146,1.3637439511724616
31.64,0.3822350988441877,-0.3309542031602009,0.6197601412441711,1.987134193956781,1.3634415622274034
31.71,0.3731843201303718,-0.34168201425094596,0.6275376479938778,1.9898599948514475,1.3631391732823448
31.78,0.36413354141655585,-0.352409825341691,0.6352573988004278,1.9925857957461142,1.3628367843372864
31.85,0.35508276270273986,-0.36313763643243613,0.6429161580686678,1.995311596640781,1.362534395392228
31.92,0.346031983988924,-0.3738654475231812,0.650510690203445,1.9980373975354477,1.3622320064471696
31.99,0.33698120527510855,-0.3845932586139258,0.6580377596096056,2.000763198430114,1.3619296175021112
32.06,0.3279304265612921,-0.39532106970467135,0.6654941306919986,2.003488999324781,1.3616272285570525
32.13,0.31887964784747613,-0.40604888079541646,0.672876567855469,2.0062148002194475,1.361324839611994
32.2,0.30982886913366026,-0.4167766918861615,0.6801818355048643,2.008940601114114,1.3610224506669357
32.27,0.30077809041984427,-0.4275045029769066,0.6874066980450323,2.011666402008781,1.360720061721877
32.34,0.29172731170602834,-0.4382323140676517,0.694547919880819,2.0143922029034473,1.3604176727768187
32.41,0.28267653299221335,-0.4489601251583957,0.7016022654170713,2.017118003798114,1.3601152838317603
32.48,0.2736257542783974,-0.45968793624914084,0.7085664990586373,2.0198438046927802,1.3598128948867019
32.55,0.2645749755645815,-0.4704157473398859,0.7154373852103632,2.0225696055874467,1.3595105059416432
32.62,0.25552419685076544,-0.48114355843063095,0.7222116882770965,2.0252954064821136,1.3592081169965848
32.69,0.24647341813694953,-0.49187136952137595,0.7288861726636837,2.02802120737678,1.3589057280515262
32.76,0.23742263942313355,-0.502599180612121,0.7354576027749721,2.0307470082714465,1.358603339106468
32.83,0.22837186070931764,-0.5133269917028662,0.7419227430158084,2.0334728091661134,1.3583009501614094
32.9,0.21932108199550168,-0.5240548027936113,0.7482783577910399,2.03619861006078,1.357998561216351
32.97,0.21027030328168575,-0.5243732708857848,0.7545218741680785,2.0389244109554467,1.3576961722712926
33.04,0.20121952456786982,-0.5246917389779583,0.7606533698645959,2.041650211850113,1.3573937833262342
33.11,0.19216874585405386,-0.5250102070701319,0.766673585260829,2.04437601274478,1.3570913943811755
33.18,0.18311796714023792,-0.5253286751623054,0.7725832607370138,2.0471018136394465,1.3567890054361171
33.25,0.17406718842642202,-0.5256471432544789,0.7783831366733878,2.049827614534113,1.3564866164910585
33.32,0.16501640971260606,-0.5259656113466525,0.7840739534501875,2.05255341542878,1.356184227546
33.39,0.1559656309987901,-0.526284079438826,0.7896564514476495,2.0552792163234463,1.355881838600942
33.46,0.1469148522849742,-0.5266025475309996,0.7951313710460103,2.058005017218113,1.355579449655883
33.53,0.1378640735711582,-0.5269210156231732,0.800499452625507,2.0607308181127797,1.3552770607108249
33.6,0.1288132948573423,-0.5272394837153467,0.8057614365663761,2.063456619007446,1.3549746717657665
33.67,0.11976251614352634,-0.5275579518075202,0.8109180632488545,2.066182419902113,1.3546722828207078
33.74,0.11071173742971038,-0.5278764198996937,0.8159700730531785,2.0689082207967795,1.3543698938756494
33.81,0.1016609587158945,-0.5281948879918672,0.820918206359585,2.0716340216914464,1.3540675049305908
33.88,0.09261018000207855,-0.5285133560840408,0.8257632035483111,2.0743598225861124,1.3537651159855324
33.95,0.08355940128826259,-0.5288318241762143,0.8305058049995927,2.0770856234807793,1.3534627270404742
34.02,0.07450862257444668,-0.529150292268388,0.8351467510936672,2.0798114243754457,1.3531603380954154
34.09,0.06545784386063067,-0.5294687603605615,0.839686782210771,2.0825372252701126,1.3528579491503572
34.16,0.05640706514681565,-0.5138772823849523,0.8441266387311408,2.085263026164779,1.3525555602052988
34.23,0.047356286432999745,-0.4982858044093417,0.8484670610350133,2.0879888270594456,1.3522531712602401
34.3,0.038305507719183784,-0.4826943264337311,0.8527087895026256,2.090714627954112,1.3519507823151817
34.37,0.029254729005367852,-0.4671028484581205,0.856852564514214,2.093440428848779,1.3516483933701233
34.44,0.02020395029155192,-0.45151137048250983,0.8608991264500153,2.0961662297434454,1.3513460044250647
34.51,0.011153171577735932,-0.4359198925068992,0.8648492156902664,2.0988920306381122,1.3510436154800063
34.58,0.0021023928639199996,-0.42032841453128855,0.8687035726152034,2.1016178315327787,1.3507412265349477
34.65,-0.006948385849895933,-0.40473693655567794,0.8724629376050638,2.104343632427445,1.3504388375898895
34.72,-0.015999164563711865,-0.3891454585800673,0.8761280510400834,2.107069433322112,1.3501364486448308
34.79,-0.025049943277527825,-0.37355398060445666,0.8796996533004999,2.1097952342167785,1.3498340596997724
34.86,-0.03410072199134373,-0.35796250262884605,0.8831784847665493,2.112521035111445,1.349531670754714
34.93,-0.04315150070515966,-0.34237102465323543,0.8865652858184687,2.115246836006112,1.3492292818096554
35.0,-0.05220227941897562,-0.32677954667762477,0.8898607968364944,2.1179726369007783,1.348926892864597
35.07,-0.06125305813279153,-0.3111880687020142,0.8930657582008633,2.120698437795445,1.3486245039195386
35.14,-0.07030383684660749,-0.2955965907264036,0.8961809102918125,2.1234242386901117,1.34832211497448
35.21,-0.07935461556042345,-0.28000511275079293,0.8992069934895782,2.126150039584778,1.3480197260294215
35.28,-0.08840539427423943,-0.2644136347751823,0.9021447481743973,2.128875840479445,1.3477173370843634
35.35,-0.09745617298805534,-0.2545518494440949,0.9049949147265063,2.1316016413741115,1.3474149481393047
35.42,-0.1065069517018713,-0.24469006411300762,0.907758233526142,2.1343274422687784,1.3471125591942463
35.49,-0.11555773041568723,-0.23482827878192028,0.9104354449535413,2.137053243163445,1.3468101702491877
35.56,-0.12460850912950322,-0.22496649345083294,0.9130272893889407,2.1397790440581117,1.3465077813041293
35.63,-0.13365928784331912,-0.21510470811974564,0.9155345072125772,2.1425048449527777,1.3462053923590709
35.7,-0.14271006655713503,-0.2052429227886583,0.9179578388046868,2.1452306458474446,1.3459030034140123
35.77,-0.15176084527095102,-0.19538113745757096,0.9202980245455071,2.147956446742111,1.3456006144689538
35.84,-0.16081162398476695,-0.18551935212648363,0.9225558048152744,2.150682247636778,1.3452982255238954
35.91,-0.16986240269858194,-0.1756575667953973,0.9247319199942251,2.1534080485314444,1.3449958365788368
35.98,-0.17891318141239793,-0.16579578146430995,0.9268271104625965,2.156133849426111,1.3446934476337786
36.05,-0.18796396012621383,-0.15593399613322262,0.9288421166006247,2.1588596503207778,1.3443910586887202
36.12,-0.19701473884002976,-0.14607221080213525,0.9307776787885468,2.161585451215444,1.3440886697436616
36.19,-0.20606551755384572,-0.13621042547104792,0.9326345374065995,2.1643112521101107,1.3437862807986032
36.26,-0.2151162962676617,-0.12634864013996058,0.9344134328350194,2.1670370530047776,1.3434838918535446
36.33,-0.22416707498147764,-0.11648685480887327,0.9361151054540433,2.169762853899444,1.3431815029084861
36.4,-0.23321785369529358,-0.10662506947778594,0.937740295643908,2.172488654794111,1.342879113963428
36.47,-0.2422686324091095,-0.0967632841466986,0.9392897437848499,2.1752144556887774,1.342576725018369
36.54,-0.25131941112292544,-0.08690149881561127,0.9407641902571058,2.1779402565834443,1.342274336073311
36.61,-0.26037018983674143,-0.07703971348452393,0.9421643754409121,2.1806660574781103,1.341971947128252
36.68,-0.2694209685505573,-0.0671779281534366,0.9434910397165064,2.183391858372777,1.3416695581831939
36.75,-0.2784717472643733,-0.057316142822349266,0.9447449234641245,2.1861176592674436,1.3413671692381355
36.82,-0.2875225259781892,-0.04745435749126192,0.9459267670640037,2.1888434601621105,1.3410647802930769
36.89,-0.29657330469200516,-0.03759257216017457,0.9470373108963802,2.191569261056777,1.3407623913480184
36.96,-0.3056240834058211,-0.02773078682908725,0.9480772953414912,2.194295061951444,1.3404600024029598
37.03,-0.314674862119637,-0.017869001497999915,0.9490474607795732,2.19702086284611,1.3401576134579014
37.1,-0.323725640833453,-0.008007216166912579,0.9499485475908629,2.1997466637407768,1.339855224512843
37.17,-0.3327764195472689,0.0018545691641747505,0.9507812961555969,2.202472464635443,1.3395528355677846
37.24,-0.3418271982610848,0.011716354495262093,0.9515464468540118,2.20519826553011,1.3392504466227262
37.31,-0.3508779769749008,0.021578139826349423,0.9522447400663447,2.207924066424777,1.3389480576776678
37.38,-0.35992875568871674,0.031439925157436766,0.9528769161728321,2.2106498673194435,1.3386456687326092
37.45,-0.3689795344025327,0.0413017104885241,0.9534437155537107,2.21337566821411,1.3383432797875507
37.52,-0.37803031311634866,0.05116349581961143,0.953945878589217,2.2161014691087764,1.3380408908424921
37.59,-0.3870810918301646,0.061025281150698774,0.9543841456595882,2.2188272700034433,1.3377385018974337
37.66,-0.38396441270071924,0.05756569066664963,0.9547592587908049,2.215293536181558,1.3355615227679714
37.73,-0.38084773357127366,0.05410610018260014,0.9550719665918241,2.2117598023596727,1.3333845436385088
37.8,-0.37773105444182803,0.05064650969855065,0.9553230193173482,2.2082260685377872,1.3312075645090462
37.87,-0.3746143753123824,0.04718691921450116,0.9555131672220782,2.2046923347159018,1.3290305853795836
37.94,-0.37149769618293665,0.04372732873045165,0.9556431605607157,2.2011586008940167,1.3268536062501213
38.01,-0.3683810170534911,0.040267738246402174,0.9557137495879625,2.1976248670721312,1.3246766271206585
38.08,-0.36526433792404545,0.03680814776235268,0.9557256845585202,2.1940911332502453,1.3224996479911961
38.15,-0.3621476587945998,0.03334855727830318,0.9556797157270904,2.19055739942836,1.3203226688617336
38.22,-0.3590309796651542,0.029888966794253694,0.9555765933483741,2.1870236656064748,1.318145689732271
38.29,-0.35591430053570855,0.026429376310204193,0.955417067677073,2.1834899317845893,1.3159687106028084
38.36,-0.3527976214062629,0.022969785826154703,0.9552018889678897,2.179956197962704,1.3137917314733458
38.43,-0.34968094227681723,0.01951019534210521,0.9549318074755248,2.1764224641408183,1.3116147523438833
38.5,-0.3465642631473716,0.01605060485805572,0.9546075734546798,2.172888730318933,1.3094377732144205
38.57,-0.34344758401792597,0.01259101437400622,0.9542299371600572,2.1693549964970478,1.307260794084958
38.64,-0.34033090488848033,0.009131423889956733,0.9537996488463576,2.1658212626751623,1.3050838149554957
38.71,-0.3372142257590347,0.0056718334059072326,0.9533174587682828,2.162287528853277,1.302906835826033
38.78,-0.3340975466295891,0.002212242921857753,0.9527841171805349,2.1587537950313913,1.3007298566965706
38.85,-0.3309808675001435,-0.0012473475621917474,0.9522003743378149,2.1552200612095063,1.298552877567108
38.92,-0.3278641883706978,-0.004706938046241241,0.9515669804948247,2.151686327387621,1.2963758984376454
38.99,-0.3247475092412522,-0.008166528530290734,0.9508846859062656,2.1481525935657353,1.2941989193081829
39.06,-0.32163083011180654,-0.01162611901434022,0.9501542408268392,2.14461885974385,1.2920219401787203
39.13,-0.3185141509823609,-0.015085709498389714,0.9493763955112474,2.1410851259219643,1.2898449610492577
39.2,-0.3153974718529152,-0.018545299982439208,0.9485519002141916,2.1375513921000793,1.2876679819197951
39.27,-0.3122807927234696,-0.0220048904664887,0.9476815051903733,2.134017658278194,1.2854910027903328
39.34,-0.30916411359402396,-0.025464480950538194,0.9467659606944941,2.1304839244563083,1.2833140236608702
39.41,-0.30604743446457866,-0.02892407143458734,0.9458060169812559,2.126950190634423,1.2811370445314079
39.48,-0.30293075533513303,-0.03238366191863683,0.9448024243053594,2.1234164568125378,1.2789600654019453
39.55,-0.2998140762056874,-0.03584325240268632,0.9437559329215072,2.1198827229906523,1.2767830862724827
39.62,-0.29669739707624176,-0.03930284288673581,0.9426672930844003,2.116348989168767,1.2746061071430201
39.69,-0.29358071794679613,-0.0427624333707853,0.9415372550487403,2.1128152553468813,1.2724291280135576
39.76,-0.2904640388173505,-0.04622202385483481,0.940366569069229,2.109281521524996,1.270252148884095
39.83,-0.2873473596879048,-0.0496816143388843,0.9391559854005679,2.1057477877031108,1.2680751697546322
39.9,-0.28423068055845924,-0.05314120482293379,0.9379062542974587,2.1022140538812253,1.2658981906251698
39.97,-0.28111400142901355,-0.056600795306983274,0.9366181260146024,2.09868032005934,1.2637212114957075
40.04,-0.277997322299568,-0.06006038579103276,0.9352923508067011,2.0951465862374543,1.2615442323662447
40.11,-0.2748806431701223,-0.06351997627508227,0.9339296789284562,2.091612852415569,1.2593672532367823
40.18,-0.27176396404067665,-0.06697956675913175,0.9325308606345695,2.088079118593684,1.2571902741073198
40.25,-0.268647284911231,-0.07043915724318126,0.9310966461797423,2.0845453847717983,1.2550132949778572
40.32,-0.2655306057817854,-0.07389874772723073,0.9296277858186762,2.081011650949913,1.2528363158483946
40.39,-0.26241392665233976,-0.07735833821128024,0.9281250298060729,2.0774779171280273,1.250659336718932
40.46,-0.2592972475228941,-0.08081792869532974,0.9265891283966343,2.0739441833061423,1.2484823575894697
40.53,-0.2561805683934485,-0.08427751917937921,0.925020831845061,2.0704104494842563,1.2463053784600069
40.6,-0.2530638892640028,-0.08773710966342871,0.9234208904060558,2.066876715662371,1.2441283993305443
40.67,-0.24994721013455723,-0.0911967001474782,0.9217900543343193,2.0633429818404854,1.241951420201082
40.74,-0.24683053100511157,-0.0946562906315277,0.9201290738845536,2.0598092480186,1.2397744410716192
40.81,-0.24371385187566594,-0.09811588111557719,0.9184386993114597,2.056275514196715,1.2375974619421568
40.88,-0.2405971727462203,-0.10157547159962668,0.9167196808697398,2.0527417803748294,1.2354204828126942
40.95,-0.23748049361677465,-0.10503506208367616,0.9149727688140954,2.049208046552944,1.2332435036832317
41.02,-0.23436381448732907,-0.10849465256772568,0.9131987133992276,2.0456743127310584,1.2310665245537689
41.09,-0.23124713535788338,-0.11195424305177516,0.9113982648798389,2.0421405789091733,1.2288895454243065
41.16,-0.22813045622843808,-0.1154138335358243,0.90957217351063,2.0386068450872883,1.2267125662948442
41.23,-0.22501377709899245,-0.1188734240198738,0.9077211895463029,2.035073111265403,1.2245355871653816
41.3,-0.22189709796954682,-0.1223330145039233,0.9058460632415586,2.0315393774435173,1.2223586080359192
41.37,-0.21878041884010113,-0.1257926049879728,0.9039475448510993,2.028005643621632,1.2201816289064564
41.44,-0.21566373971065553,-0.12925219547202227,0.9020263846296263,2.0244719097997463,1.218004649776994
41.51,-0.2125470605812099,-0.13271178595607175,0.9000833328318415,2.0209381759778613,1.2158276706475315
41.58,-0.20943038145176426,-0.13617137644012126,0.8981191397124461,2.017404442155976,1.213650691518069
41.65,-0.2063137023223186,-0.13963096692417076,0.8961345555261419,2.0138707083340903,1.2114737123886063
41.72,-0.20319702319287297,-0.14309055740822027,0.8941303305276305,2.010336974512205,1.2092967332591438
41.79,-0.20008034406342734,-0.14655014789226972,0.8921072149716129,2.0068032406903193,1.2071197541296814
41.86,-0.1969636649339817,-0.15000973837631923,0.8900659591127916,2.0032695068684343,1.2049427750002186
41.93,-0.19384698580453608,-0.15346932886036874,0.8880073132058676,1.9997357730465486,1.202765795870756
42.0,-0.19073030667509044,-0.15692891934441822,0.8859320275055423,1.996202039224663,1.2005888167412937
42.07,-0.1876136275456448,-0.1603885098284677,0.8838408522665177,1.9926683054027778,1.1984118376118311
42.14,-0.18449694841619915,-0.1638481003125172,0.8817345377434955,1.9891345715808924,1.1962348584823685
42.21,-0.18138026928675352,-0.16730769079656668,0.8796138341911767,1.985600837759007,1.194057879352906
42.28,-0.1782635901573079,-0.1707672812806162,0.8774794918642634,1.9820671039371216,1.1918809002234434
42.35,-0.1961206246192794,-0.18596018480157472,0.875332261017457,1.9785333701152361,1.1897039210939806
42.42,-0.21397765908125094,-0.20115308832253326,0.8731728919054588,1.9749996362933508,1.1875269419645182
42.49,-0.23183469354322248,-0.2163459918434918,0.8710021347829705,1.9714659024714654,1.185349962835056
42.56,-0.24969172800519399,-0.23153889536445035,0.868820739904694,1.9679321686495799,1.183172983705593
42.63,-0.2675487624671655,-0.24673179888540886,0.8666294575253308,1.9643984348276944,1.1809960045761307
42.7,-0.28540579692913703,-0.26192470240636745,0.8644290378995824,1.9608647010058091,1.1788190254466682
42.77,-0.30326283139110854,-0.2771176059273259,0.86222023128215,1.9573309671839236,1.1766420463172056
42.84,-0.32111986585308006,-0.2923105094482845,0.8600037879277356,1.9537972333620381,1.174465067187743
42.91,-0.3389769003150498,-0.3075034129692415,0.8577804580910409,1.9502634995401533,1.1722880880582807
42.98,-0.3568339347770213,-0.32269631649020003,0.8555509920267672,1.9467297657182678,1.170111108928818
43.05,-0.37469096923899287,-0.33788922001115856,0.8533161399896156,1.9431960318963821,1.1679341297993555
43.12,-0.39254800370096443,-0.3530821235321171,0.8510766522342885,1.939662298074497,1.1657571506698932
43.19,-0.41040503816293594,-0.3682750270530757,0.8488332790154874,1.9361285642526116,1.1635801715404304
43.26,-0.42826207262490745,-0.3834679305740343,0.8465867705879134,1.932594830430726,1.1614031924109678
43.33,-0.44611910708687896,-0.39866083409499276,0.8443378772062684,1.9290610966088406,1.1592262132815054
43.4,-0.4639761415488505,-0.4138537376159513,0.842087349125254,1.9255273627869554,1.1570492341520429
43.47,-0.481833176010822,-0.4290466411369098,0.8398359365995712,1.92199362896507,1.1548722550225803
43.54,-0.4996902104727936,-0.4442395446578683,0.8375843898839224,1.9184598951431846,1.1526952758931177
43.61,-0.517547244934765,-0.4594324481788269,0.8353334592330087,1.9149261613212991,1.1505182967636551
43.68,-0.5354042793967366,-0.4746253516997855,0.8330838949015319,1.9113924274994134,1.1483413176341923
43.75,-0.5532613138587081,-0.489818255220744,0.8308364471441935,1.9078586936775281,1.14616433850473
43.82,-0.5711183483206796,-0.5050111587417025,0.8285918662156951,1.9043249598556429,1.1439873593752676
43.89,-0.5889753827826512,-0.5202040622626611,0.8263509023707379,1.9007912260337574,1.1418103802458048
43.96,-0.6068324172446227,-0.5353969657836196,0.8241143058640242,1.897257492211872,1.1396334011163425
44.03,-0.6246894517065942,-0.5505898693045782,0.8218828269502547,1.8937237583899866,1.13745642198688
44.1,-0.6425464861685657,-0.5657827728255367,0.8196572158841318,1.8901900245681014,1.1352794428574173
44.17,-0.6604035206305374,-0.5809756763464953,0.8174382229203566,1.8866562907462159,1.1331024637279548
44.24,-0.6782605550925087,-0.5961685798674538,0.8152265983136308,1.8831225569243304,1.1309254845984922
44.31,-0.6961175895544804,-0.6113614833884122,0.8130230923186561,1.8795888231024451,1.1287485054690298
44.38,-0.713974624016452,-0.6265543869093708,0.8108284551901337,1.8760550892805594,1.126571526339567
44.45,-0.7318316584784234,-0.6417472904303293,0.8086434371827655,1.8725213554586742,1.1243945472101045
44.52,-0.749688692940395,-0.6569401939512879,0.8064687885512531,1.8689876216367887,1.122217568080642
44.59,-0.7675457274023665,-0.6721330974722465,0.8043052595502981,1.8654538878149032,1.1200405889511793
44.66,-0.7854027618643361,-0.6873260009932035,0.8021536004346018,1.8619201539930181,1.117863609821717
44.73,-0.8032597963263077,-0.7101003275764827,0.800014561458866,1.858386420171133,1.1156866306922546
44.8,-0.8211168307882792,-0.7328746541597619,0.7978888928777921,1.8548526863492474,1.113509651562792
44.87,-0.8389738652502507,-0.7556489807430412,0.7957773449460818,1.851318952527362,1.1113326724333294
44.94,-0.8568308997122223,-0.7784233073263205,0.7936806679184364,1.8477852187054764,1.1091556933038669
45.01,-0.8746879341741938,-0.8011976339095996,0.791599612049558,1.8442514848835911,1.1069787141744043
45.08,-0.8925449686361654,-0.8239719604928789,0.7895349275941478,1.8407177510617059,1.1048017350449417
45.15,-0.9104020030981369,-0.8467462870761582,0.7874873648069076,1.8371840172398204,1.1026247559154794
45.22,-0.9282590375601084,-0.8695206136594373,0.7854576739425387,1.833650283417935,1.1004477767860166
45.29,-0.9461160720220798,-0.8922949402427166,0.7834466052557428,1.8301165495960494,1.098270797656554
45.36,-0.9639731064840513,-0.9150692668259959,0.7814549090012217,1.8265828157741644,1.0960938185270916
45.43,-0.981830140946023,-0.9378435934092753,0.7794833354336766,1.8230490819522789,1.093916839397629
45.5,-0.9996871754079945,-0.9606179199925544,0.7775326348078093,1.8195153481303932,1.0917398602681665
45.57,-1.017544209869966,-0.9833922465758336,0.7756035573783213,1.8159816143085077,1.089562881138704
45.64,-1.0354012443319376,-1.0061665731591127,0.7736968533999142,1.8124478804866224,1.0873859020092416
45.71,-1.053258278793909,-1.0289408997423921,0.7718132731272895,1.8089141466647372,1.0852089228797788
45.78,-1.0711153132558806,-1.0517152263256713,0.7699535668151489,1.8053804128428517,1.0830319437503162
45.85,-1.0889723477178521,-1.0744895529089504,0.7681184847181941,1.8018466790209662,1.0808549646208538
45.92,-1.1068293821798236,-1.0972638794922298,0.7663087770911262,1.798312945199081,1.0786779854913913
45.99,-1.124686416641795,-1.120038206075509,0.7645251941886473,1.7947792113771954,1.0765010063619287
46.06,-1.1425434511037669,-1.1428125326587881,0.7627684862654587,1.79124547755531,1.0743240272324661
46.13,-1.1604004855657382,-1.1655868592420673,0.7610394035762622,1.7877117437334245,1.0721470481030035
46.2,-1.1782575200277097,-1.1883611858253469,0.7593386963757589,1.784178009911539,1.0699700689735407
46.27,-1.1961145544896812,-1.211135512408626,0.7576671149186508,1.7806442760896537,1.0677930898440784
46.34,-1.213971588951653,-1.2339098389919054,0.7560254094596394,1.7771105422677682,1.065616110714616
46.41,-1.2318286234136226,-1.2566841655751821,0.7544143302534263,1.7735768084458834,1.0634391315851535
46.48,-1.249685657875594,-1.2794584921584613,0.7528346275547129,1.770043074623998,1.061262152455691
46.55,-1.2675426923375657,-1.3022328187417407,0.7512870516182009,1.7665093408021124,1.0590851733262283
46.62,-1.285399726799537,-1.3250071453250198,0.7497723526985918,1.7629756069802272,1.056908194196766
46.69,-1.3032567612615087,-1.347781471908299,0.7482912810505871,1.7594418731583417,1.0547312150673034
46.76,-1.32111379572348,-1.3705557984915782,0.7468445869288888,1.7559081393364562,1.0525542359378408
46.83,-1.3389708301854517,-1.3933301250748573,0.7454330205881979,1.7523744055145707,1.0503772568083782
46.9,-1.3568278646474232,-1.4161044516581367,0.7440573322832165,1.7488406716926852,1.0482002776789157
46.97,-1.3746848991093947,-1.438878778241416,0.7427182722686457,1.7453069378708002,1.0460232985494533
47.04,-1.3824786573600798,-1.4454963879862122,0.7414163950024522,1.7417732040489147,1.0438463194199905
47.11,-1.3902724156107649,-1.4521139977310082,0.7401514717556598,1.7382394702270292,1.041669340290528
47.18,-1.3980661738614497,-1.458731607475804,0.7389230780025577,1.7347057364051437,1.0394923611610656
47.25,-1.405859932112135,-1.4653492172206002,0.7377307892174354,1.7311720025832582,1.037315382031603
47.32,-1.4136536903628198,-1.4719668269653963,0.7365741808745814,1.727638268761373,1.0351384029021404
47.39,-1.421447448613505,-1.4785844367101924,0.735452828448285,1.7241045349394875,1.0329614237726779
47.46,-1.42924120686419,-1.4852020464549884,0.734366307412835,1.720570801117602,1.0307844446432153
47.53,-1.437034965114875,-1.4918196561997845,0.7333141932425207,1.7170370672957165,1.0286074655137527
47.6,-1.4448287233655601,-1.4984372659445806,0.7322960614116307,1.7135033334738314,1.0264304863842901
47.67,-1.452622481616245,-1.5050548756893767,0.7313114873944544,1.709969599651946,1.0242535072548276
47.74,-1.46041623986693,-1.5116724854341728,0.7303600466652804,1.7064358658300605,1.022076528125365
47.81,-1.4682099981176153,-1.5182900951789688,0.7294413146983983,1.702902132008175,1.0198995489959024
47.88,-1.4760037563683004,-1.5249077049237645,0.7285548669680967,1.6993683981862895,1.01772256986644
47.95,-1.4837975146189855,-1.5315253146685606,0.7277002789486646,1.6958346643644042,1.0155455907369775
48.02,-1.4915912728696703,-1.5381429244133566,0.7268771261143913,1.6923009305425187,1.013368611607515
48.09,-1.4993850311203554,-1.5447605341581527,0.7260849839395653,1.6887671967206332,1.0111916324780523
48.16,-1.5071787893710396,-1.551378143902948,0.7253234278984763,1.6852334628987482,1.00901465334859
48.23,-1.5149725476217246,-1.5579957536477442,0.7245920334654127,1.681699729076863,1.0068376742191274
48.3,-1.5227663058724097,-1.56461336339254,0.7238903761146639,1.6781659952549774,1.0046606950896648
48.37,-1.5305600641230948,-1.5712309731373362,0.7232180313205188,1.674632261433092,1.0024837159602022
48.44,-1.5383538223737796,-1.5778485828821323,0.7225745745572665,1.6710985276112065,1.0003067368307397
48.51,-1.546147580624465,-1.5844661926269283,0.7219595812991958,1.667564793789321,0.9981297577012772
48.58,-1.55394133887515,-1.5910838023717244,0.7213726270205957,1.664031059967436,0.9959527785718147
48.65,-1.561735097125835,-1.5977014121165205,0.7208132871957558,1.6604973261455505,0.9937757994423521
48.72,-1.56952885537652,-1.6043190218613166,0.7202811372989641,1.656963592323665,0.9915988203128896
48.79,-1.577322613627205,-1.6109366316061127,0.7197757528045107,1.6534298585017795,0.989421841183427
48.86,-1.58511637187789,-1.6175542413509088,0.7192967091866838,1.6498961246798944,0.9872448620539646
48.93,-1.592910130128575,-1.6241718510957048,0.7188435819197728,1.646362390858009,0.985067882924502
49.0,-1.6007038883792601,-1.630789460840501,0.7184159464780666,1.6428286570361232,0.9828909037950393
49.07,-1.6084976466299454,-1.637407070585297,0.7180133783358541,1.6392949232142378,0.9807139246655767
49.14,-1.6162914048806303,-1.644024680330093,0.7176354529674248,1.6357611893923523,0.9785369455361143
49.21,-1.6240851631313151,-1.6506422900748892,0.7172817458470673,1.6322274555704672,0.9763599664066518
49.28,-1.6318789213820004,-1.657259899819685,0.7169518324490705,1.6286937217485817,0.9741829872771892
49.35,-1.6396726796326853,-1.663877509564481,0.7166452882477234,1.6251599879266962,0.9720060081477265
49.42,-1.6474664378833703,-1.670495119309277,0.7163616887173158,1.6216262541048108,0.969829029018264
49.49,-1.6552601961340554,-1.6771127290540733,0.7161006093321358,1.6180925202829255,0.9676520498888015
49.56,-1.6630539543847405,-1.6837303387988691,0.7158616255664728,1.6145587864610402,0.965475070759339
49.63,-1.6708477126354255,-1.6903479485436652,0.7156443128946158,1.6110250526391545,0.9632980916298765
49.7,-1.6786414708861104,-1.6969655582884613,0.7154482467908538,1.607491318817269,0.9611211125004138
49.77,-1.6864352291367957,-1.7035831680332572,0.7152730027294757,1.6039575849953838,0.9589441333709513
49.84,-1.6942289873874807,-1.7102007777780535,0.7151181561847707,1.6004238511734983,0.9567671542414887
49.91,-1.702022745638165,-1.7168183875228489,0.7149832826310277,1.5968901173516135,0.9545901751120265
49.98,-1.7098165038888502,-1.723435997267645,0.714867957542536,1.593356383529728,0.9524131959825638
50.05,-1.717610262139535,-1.730053607012441,0.7147717563935839,1.5898226497078425,0.9502362168531013
50.12,-1.7254040203902201,-1.736671216757237,0.7146942546584611,1.5862889158859568,0.9480592377236388
50.19,-1.7331977786409052,-1.7432888265020332,0.7146350278114566,1.5827551820640717,0.9458822585941763
50.26,-1.7409915368915903,-1.749906436246829,0.7145936513268588,1.5792214482421862,0.9437052794647137
50.33,-1.7487852951422753,-1.7565240459916254,0.7145697006789573,1.5756877144203008,0.941528300335251
50.4,-1.7565790533929602,-1.763141655736421,0.714562751342041,1.5721539805984153,0.9393513212057885
50.47,-1.764372811643645,-1.769759265481217,0.7145723787903986,1.5686202467765302,0.9371743420763261
50.54,-1.7721665698943303,-1.7763768752260134,0.7145981584983196,1.5650865129546447,0.9349973629468635
50.61,-1.7799603281450154,-1.7829944849708093,0.7146396659400928,1.5615527791327592,0.932820383817401
50.68,-1.7877540863957004,-1.7896120947156056,0.7146964765900073,1.5580190453108738,0.9306434046879383
50.75,-1.7955478446463855,-1.7962297044604014,0.7147681659223518,1.554485311488988,0.9284664255584757
50.82,-1.8033416028970706,-1.8028473142051973,0.7148543094114156,1.550951577667103,0.9262894464290132
50.89,-1.8111353611477554,-1.8094649239499936,0.7149544825314875,1.5474178438452175,0.9241124672995508
50.96,-1.8189291193984405,-1.8160825336947894,0.7150682607568568,1.543884110023332,0.9219354881700882
51.03,-1.8267228776491256,-1.8227001434395858,0.7151952195618123,1.5403503762014465,0.9197585090406255
51.1,-1.8345166358998108,-1.8293177531843816,0.7153349344206434,1.5368166423795615,0.917581529911163
51.17,-1.8423103941504957,-1.835935362929178,0.7154869808076384,1.533282908557676,0.9154045507817005
51.24,-1.8501041524011808,-1.8425529726739738,0.715650934197087,1.5297491747357905,0.9132275716522379
51.31,-1.8578979106518658,-1.8491705824187699,0.7158263700632777,1.526215440913905,0.9110505925227754
51.38,-1.8656916689025507,-1.855788192163566,0.7160128638804998,1.5226817070920196,0.908873613393313
51.45,-1.873485427153236,-1.862405801908362,0.7162099911230424,1.5191479732701343,0.9066966342638503
51.52,-1.8812791854039213,-1.869023411653158,0.7164173272651942,1.5156142394482488,0.9045196551343877
51.59,-1.889072943654606,-1.875641021397954,0.7166344477812444,1.5120805056263633,0.9023426760049251
51.66,-1.8968667019052903,-1.8822586311427494,0.7168609281454822,1.5085467718044783,0.9001656968754628
51.73,-1.9046604601559751,-1.8888762408875452,0.7170963438321962,1.505013037982593,0.8979887177460002
51.8,-1.9124542184066602,-1.8954938506323415,0.7173402703156759,1.5014793041607077,0.8958117386165378
51.87,-1.9202479766573455,-1.9021114603771376,0.7175922830702098,1.497945570338822,0.8936347594870753
51.94,-1.9280417349080308,-1.9087290701219337,0.7178519575700875,1.4944118365169365,0.8914577803576127
52.01,-1.9358354931587156,-1.9153466798667298,0.7181188692895975,1.490878102695051,0.88928080122815
52.08,-1.9436292514094007,-1.9219642896115259,0.7183925937030289,1.4873443688731658,0.8871038220986874
52.15,-1.9514230096600858,-1.9285818993563217,0.7186727062846707,1.4838106350512805,0.884926842969225
52.22,-1.9592167679107706,-1.935199509101118,0.7189587825088124,1.480276901229395,0.8827498638397625
52.29,-1.9670105261614557,-1.941817118845914,0.7192503978497423,1.4767431674075095,0.8805728847102999
52.36,-1.9748042844121407,-1.9484347285907098,0.71954712778175,1.473209433585624,0.8783959055808372
52.43,-1.9825980426628256,-1.9550523383355058,0.7198485477791243,1.469675699763739,0.8762189264513748
52.5,-1.9903918009135109,-1.961669948080302,0.7201542333161541,1.4661419659418535,0.8740419473219122
52.57,-1.9981855591641957,-1.968287557825098,0.7204637598671286,1.4626082321199678,0.8718649681924496
52.64,-2.005979317414881,-1.974905167569894,0.7207767029063366,1.4590744982980823,0.8696879890629872
52.71,-2.013773075665566,-1.9815227773146902,0.7210926379080672,1.4555407644761973,0.8675110099335247
52.78,-2.0215668339162507,-1.9881403870594863,0.7214111403466097,1.4520070306543118,0.865334030804062
52.85,-2.0293605921669355,-1.9947579968042821,0.7217317856962525,1.4484732968324263,0.8631570516745994
52.92,-2.037154350417621,-2.0013756065490784,0.7220541494312853,1.4449395630105408,0.8609800725451369
52.99,-2.044948108668306,-2.0079932162938743,0.7223778070259967,1.4414058291886553,0.8588030934156743
53.06,-2.0527418669189914,-2.0146108260386706,0.7227023339546758,1.4378720953667703,0.8566261142862119
53.13,-2.0605356251696763,-2.021228435783467,0.7230273056916116,1.4343383615448846,0.8544491351567493
53.2,-2.0683293834203615,-2.0278460455282623,0.7233522977110933,1.430804627722999,0.8522721560272867
53.27,-2.0761231416710464,-2.0344636552730586,0.7236768854874095,1.4272708939011136,0.8500951768978241
53.34,-2.0839168999217312,-2.041081265017855,0.7240006444948497,1.4237371600792286,0.8479181977683616
53.41,-2.0917106581724156,-2.04769887476265,0.7243231502077025,1.4202034262573435,0.8457412186388993
53.48,-2.0995044164231005,-2.054316484507446,0.7246439781002572,1.416669692435458,0.8435642395094367
53.55,-2.1072981746737858,-2.060934094252242,0.7249627036468026,1.4131359586135726,0.8413872603799741
53.62,-2.1150919329244706,-2.0675517039970384,0.7252789023216281,1.409602224791687,0.8392102812505117
53.69,-2.122885691175156,-2.074169313741834,0.7255921495990223,1.4060684909698016,0.837033302121049
53.76,-2.1306794494258408,-2.08078692348663,0.7259020209532744,1.4025347571479163,0.8348563229915865
53.83,-2.1384732076765256,-2.0874045332314264,0.7262080918586733,1.3990010233260308,0.8326793438621239
53.9,-2.146266965927211,-2.0940221429762222,0.7265099377895082,1.3954672895041453,0.8305023647326615
53.97,-2.1540607241778957,-2.100639752721018,0.7268071342200679,1.39193355568226,0.8283253856031989
54.04,-2.161854482428581,-2.1072573624658144,0.7270992566246417,1.3883998218603748,0.8261484064737364
54.11,-2.169648240679266,-2.1138749722106107,0.7273858804775185,1.3848660880384893,0.8239714273442738
54.18,-2.177441998929951,-2.1204925819554066,0.7276665812529871,1.3813323542166038,0.8217944482148112
54.25,-2.185235757180636,-2.127110191700203,0.7279409344253367,1.3777986203947181,0.8196174690853486
54.32,-2.193029515431321,-2.1337278014449987,0.7282085154688562,1.374264886572833,0.8174404899558863
54.39,-2.200823273682006,-2.140345411189795,0.7284688998578347,1.3707311527509476,0.8152635108264237
54.46,-2.2086170319326914,-2.146963020934591,0.7287216630665613,1.367197418929062,0.813086531696961
54.53,-2.2164107901833763,-2.1535806306793868,0.728966380569325,1.3636636851071766,0.8109095525674984
54.6,-2.224204548434061,-2.1601982404241826,0.7292026278404147,1.3601299512852911,0.8087325734380358
54.67,-2.2319983066847464,-2.166815850168979,0.7294299803541193,1.356596217463406,0.8065555943085734
54.74,-2.2397920649354313,-2.173433459913775,0.7296480135847282,1.3530624836415206,0.8043786151791108
54.81,-2.247585823186116,-2.180051069658571,0.7298563030065303,1.349528749819635,0.8022016360496482
54.88,-2.2553795814368014,-2.186668679403367,0.7300544240938143,1.3459950159977496,0.8000246569201857
54.95,-2.2631733396874862,-2.1932862891481633,0.7302419523208693,1.3424612821758644,0.7978476777907232
55.02,-2.270967097938171,-2.199903898892959,0.7304184631619847,1.3389275483539789,0.7956706986612606
55.09,-2.278760856188857,-2.2065215086377554,0.7305835320914489,1.3353938145320934,0.793493719531798
55.16,-2.2865546144395408,-2.2131391183825504,0.7307367345835516,1.3318600807102083,0.7913167404023357
55.23,-2.294348372690226,-2.2197567281273467,0.7308776461125815,1.328326346888323,0.7891397612728732
55.3,-2.302142130940911,-2.2263743378721426,0.7310058421528275,1.3247926130664376,0.7869627821434106
55.37,-2.309935889191596,-2.232991947616939,0.7311208981785787,1.321258879244552,0.7847858030139482
55.44,-2.317729647442281,-2.2396095573617347,0.7312223896641243,1.3177251454226666,0.7826088238844855
55.51,-2.325523405692966,-2.246227167106531,0.7313098920837529,1.3141914116007811,0.7804318447550229
55.58,-2.333317163943651,-2.252844776851327,0.7313829809117539,1.3106576777788959,0.7782548656255603
55.65,-2.341110922194336,-2.259462386596123,0.7314412316224161,1.3071239439570106,0.776077886496098
55.72,-2.3489046804450213,-2.266079996340919,0.7314842196900286,1.303590210135125,0.7739009073666354
55.79,-2.356698438695706,-2.272697606085715,0.7315115205888805,1.3000564763132396,0.7717239282371727
55.86,-2.364492196946391,-2.279315215830511,0.7315227097932608,1.2965227424913541,0.7695469491077102
55.93,-2.3722859551970763,-2.285932825575307,0.731517362777458,1.292989008669469,0.7673699699782477
56.0,-2.380079713447761,-2.2925504353201034,0.731495055015762,1.2894552748475836,0.7651929908487851
56.07,-2.387873471698446,-2.2991680450648992,0.7314553619824613,1.2859215410256981,0.7630160117193227
56.14,-2.3956672299491313,-2.3057856548096956,0.7313978591518449,1.2823878072038124,0.76083903258986
56.21,-2.4034609881998166,-2.3124032645544914,0.7313221219982021,1.2788540733819271,0.7586620534603974
56.28,-2.411254746450502,-2.3190208742992877,0.7312277259958214,1.2753203395600419,0.7564850743309349
56.35,-2.4190485047011867,-2.3256384840440836,0.7311142466189922,1.2717866057381564,0.7543080952014724
56.42,-2.418336466371776,-2.3253795578022203,0.7309813460344332,1.268252871916271,0.7521311160720099
56.49,-2.4176244280423655,-2.3251206315603574,0.7308290331785812,1.2647191380943856,0.7499541369425473
56.56,-2.4169123897129547,-2.324861705318494,0.7306574036803026,1.2611854042725001,0.7477771578130847
56.63,-2.4162003513835444,-2.3246027790766313,0.7304665531684645,1.2576516704506147,0.7456001786836222
56.7,-2.415488313054134,-2.324343852834768,0.730256577271933,1.2541179366287292,0.7434231995541596
56.77,-2.4147762747247232,-2.324084926592905,0.730027571619575,1.2505842028068437,0.741246220424697
56.84,-2.414064236395313,-2.323826000351042,0.7297796318402567,1.2470504689849584,0.7390692412952344
56.91,-2.4133521980659025,-2.323567074109179,0.7295128535628452,1.2435167351630734,0.7368922621657722
56.98,-2.4126401597364917,-2.3233081478673157,0.7292273324162067,1.239983001341188,0.7347152830363095
57.05,-2.4119281214070813,-2.323049221625453,0.7289231640292082,1.2364492675193026,0.7325383039068472
57.12,-2.4112160830776705,-2.3227902953835895,0.7286004440307157,1.2329155336974174,0.7303613247773845
57.19,-2.4105040447482606,-2.322531369141726,0.7282592680495963,1.2293817998755316,0.728184345647922
57.26,-2.40979200641885,-2.3222724428998633,0.7278997317147161,1.2258480660536462,0.7260073665184594
57.33,-2.4090799680894395,-2.322013516658,0.7275219306549421,1.222314332231761,0.7238303873889969
57.4,-2.4083679297600287,-2.321754590416137,0.7271259604991407,1.2187805984098754,0.7216534082595344
57.47,-2.407655891430618,-2.321495664174274,0.7267119168761783,1.2152468645879901,0.7194764291300717
57.54,-2.4069438531012075,-2.321236737932411,0.7262798954149219,1.2117131307661047,0.7172994500006092
57.61,-2.4062318147717967,-2.3209778116905477,0.725829991744238,1.2081793969442192,0.7151224708711467
57.68,-2.405519776442387,-2.320718885448685,0.7253623014929931,1.204645663122334,0.7129454917416841
57.75,-2.404807738112976,-2.3204599592068216,0.7248769202900535,1.2011119293004484,0.7107685126122216
57.82,-2.4040956997835656,-2.3202010329649587,0.7243739437642862,1.197578195478563,0.708591533482759
57.89,-2.403383661454155,-2.3199421067230954,0.7238534675445576,1.1940444616566774,0.7064145543532965
57.96,-2.4026716231247445,-2.319683180481232,0.7233155872597347,1.1905107278347922,0.7042375752238339
58.03,-2.4019595847953337,-2.3194242542393693,0.7227603985386831,1.1869769940129067,0.7020605960943713
58.1,-2.4012475464659233,-2.319165327997506,0.7221879970102705,1.1834432601910214,0.6998836169649088
58.17,-2.4005355081365125,-2.318906401755643,0.7215984783033625,1.179909526369136,0.6977066378354462
58.24,-2.399823469807102,-2.31864747551378,0.7209919380468267,1.1763757925472507,0.6955296587059838
58.31,-2.399111431477692,-2.318388549271917,0.7203684718695287,1.1728420587253652,0.6933526795765211
58.38,-2.398399393148281,-2.3181296230300537,0.7197281754003355,1.1693083249034797,0.6911757004470586
58.45,-2.3976873548188706,-2.317870696788191,0.719071144268114,1.1657745910815942,0.688998721317596
58.52,-2.39697531648946,-2.3176117705463275,0.7183974741017303,1.1622408572597087,0.6868217421881334
58.59,-2.3962632781600495,-2.317352844304464,0.7177072605300513,1.1587071234378234,0.684644763058671
58.66,-2.3955512398306387,-2.3170939180626013,0.7170005991819436,1.1551733896159384,0.6824677839292086
58.73,-2.3948392015012283,-2.316834991820738,0.7162775856862733,1.151639655794053,0.6802908047997461
58.8,-2.394127163171818,-2.316576065578875,0.7155383156719077,1.1481059219721677,0.6781138256702836
58.87,-2.3934151248424076,-2.316317139337012,0.7147828847677127,1.1445721881502822,0.675936846540821
58.94,-2.392703086512997,-2.316058213095149,0.7140113886025556,1.141038454328397,0.6737598674113584
59.01,-2.391991048183586,-2.3157992868532857,0.7132239228053022,1.1375047205065114,0.6715828882818958
59.08,-2.3912790098541756,-2.3155403606114224,0.7124205830048196,1.133970986684626,0.6694059091524334
59.15,-2.390566971524765,-2.3152814343695596,0.7116014648299742,1.1304372528627407,0.6672289300229708
59.22,-2.3898549331953545,-2.3150225081276963,0.7107666639096331,1.1269035190408552,0.6650519508935082
59.29,-2.3891428948659437,-2.3147635818858334,0.7099162758726619,1.1233697852189697,0.6628749717640456
59.36,-2.3884308565365338,-2.31450465564397,0.7090503963479279,1.1198360513970842,0.6606979926345831
59.43,-2.387718818207123,-2.3142457294021073,0.7081691209642977,1.116302317575199,0.6585210135051205
59.5,-2.3870067798777126,-2.313986803160244,0.7072725453506375,1.1127685837533134,0.6563440343756579
59.57,-2.386294741548302,-2.313727876918381,0.7063607651358141,1.1092348499314282,0.6541670552461956
59.64,-2.3855827032188914,-2.313468950676518,0.7054338759486942,1.1057011161095427,0.6519900761167329
59.71,-2.384870664889481,-2.313210024434655,0.704491973418144,1.1021673822876572,0.6498130969872704
59.78,-2.3841586265600703,-2.3129510981927917,0.7035351531730305,1.098633648465772,0.6476361178578077
59.85,-2.3834465882306595,-2.3126921719509284,0.70256351084222,1.0950999146438862,0.6454591387283451
59.92,-2.382734549901249,-2.3124332457090655,0.7015771420545793,1.091566180822001,0.6432821595988827
59.99,-2.3820225115718383,-2.312174319467202,0.7005761424389749,1.0880324470001155,0.6411051804694201
60.06,-2.381310473242428,-2.3119153932253393,0.6995606076242733,1.0844987131782302,0.6389282013399576
60.13,-2.3805984349130176,-2.311656466983476,0.6985306332393412,1.0809649793563447,0.636751222210495
60.2,-2.3798863965836072,-2.311397540741613,0.697486314913045,1.0774312455344592,0.6345742430810325
60.27,-2.3791743582541964,-2.31113861449975,0.6964277482742517,1.0738975117125737,0.6323972639515699
60.34,-2.378462319924786,-2.310879688257887,0.6953550289518274,1.0703637778906885,0.6302202848221075
60.41,-2.3777502815953757,-2.3106207620160237,0.6942682525746391,1.0668300440688034,0.628043305692645
60.48,-2.377038243265965,-2.310361835774161,0.693167514771553,1.063296310246918,0.6258663265631825
60.55,-2.376326204936554,-2.310102909532297,0.6920529111714361,1.0597625764250327,0.62368934743372
60.62,-2.3756141666071438,-2.3098439832904347,0.6909245374031546,1.0562288426031472,0.6215123683042574
60.69,-2.374902128277733,-2.3095850570485714,0.6897824890955753,1.0526951087812617,0.6193353891747948
60.76,-2.3741900899483226,-2.309326130806708,0.6886268618775645,1.0491613749593764,0.6171584100453322
60.83,-2.3734780516189122,-2.309067204564845,0.6874577513779891,1.045627641137491,0.6149814309158697
60.9,-2.3727660132895014,-2.308808278322982,0.6862752532257158,1.0420939073156057,0.6128044517864073
60.97,-2.372053974960091,-2.308549352081119,0.685079463049611,1.0385601734937202,0.6106274726569446
61.04,-2.3713419366306807,-2.308290425839256,0.683870476478541,1.0350264396718347,0.6084504935274822
61.11,-2.37062989830127,-2.3080314995973925,0.6826483891413728,1.0314927058499492,0.6062735143980196
61.18,-2.3699178599718596,-2.3077725733555297,0.6814132966669727,1.027958972028064,0.604096535268557
61.25,-2.369205821642449,-2.307513647113667,0.6801652946842077,1.0244252382061785,0.6019195561390944
61.32,-2.3684937833130384,-2.3072547208718035,0.6789044788219438,1.020891504384293,0.5997425770096318
61.39,-2.3677817449836276,-2.30699579462994,0.677630944709048,1.0173577705624077,0.5975655978801693
61.46,-2.3670697066542172,-2.306736868388077,0.6763447879743869,1.0138240367405222,0.5953886187507067
61.53,-2.366357668324807,-2.3064779421462145,0.6750461042468269,1.010290302918637,0.5932116396212442
61.6,-2.365645629995396,-2.3062190159043507,0.6737349891552344,1.0067565690967515,0.5910346604917817
61.67,-2.3649335916659857,-2.305960089662488,0.6724115383284766,1.003222835274866,0.5888576813623192
61.74,-2.3642215533365754,-2.305701163420625,0.6710758473954195,0.9996891014529805,0.5866807022328565
61.81,-2.3635095150071646,-2.3054422371787617,0.6697280119849299,0.9961553676310952,0.584503723103394
61.88,-2.362797476677754,-2.305183310936899,0.6683681277258745,0.9926216338092098,0.5823267439739315
61.95,-2.3620854383483434,-2.3049243846950356,0.6669962902471197,0.9890878999873244,0.5801497648444689
62.02,-2.361373400018933,-2.3046654584531723,0.6656125951775322,0.985554166165439,0.5779727857150063
62.09,-2.3606613616895222,-2.3044065322113094,0.6642171381459785,0.9820204323435535,0.5757958065855439
62.16,-2.359949323360112,-2.304147605969446,0.6628100147813253,0.9784866985216685,0.5736188274560814
62.23,-2.3592372850307015,-2.3038886797275833,0.6613913207124391,0.9749529646997831,0.5714418483266189
62.3,-2.3585252467012907,-2.30362975348572,0.6599611515681866,0.9714192308778977,0.5692648691971564
62.37,-2.3578132083718804,-2.303370827243857,0.6585196029774342,0.9678854970560122,0.5670878900676938
62.44,-2.3571011700424696,-2.303111901001994,0.6570667705690484,0.9643517632341267,0.5649109109382313
62.51,-2.356389131713059,-2.302852974760131,0.655602749971896,0.9608180294122415,0.5627339318087687
62.58,-2.3556770933836484,-2.3025940485182677,0.6541276368148438,0.957284295590356,0.5605569526793062
62.65,-2.3549650550542385,-2.3023351222764044,0.6526415267267578,0.9537505617684706,0.5583799735498437
62.72,-2.3542530167248277,-2.3020761960345415,0.651144515336505,0.9502168279465851,0.556202994420381
62.79,-2.3535409783954173,-2.3018172697926786,0.649636698272952,0.9466830941246999,0.5540260152909185
62.86,-2.3528289400660065,-2.3015583435508153,0.6481181711649653,0.9431493603028144,0.551849036161456
62.93,-2.3521169017365957,-2.301299417308952,0.6465890296414112,0.9396156264809288,0.5496720570319934
63.0,-2.3514048634071854,-2.301040491067089,0.6450493693311568,0.9360818926590435,0.5474950779025309
63.07,-2.3506928250777746,-2.300781564825226,0.6434992858630684,0.932548158837158,0.5453180987730682
63.14,-2.3499807867483646,-2.300522638583363,0.6419388748660128,0.9290144250152728,0.5431411196436058
63.21,-2.349268748418954,-2.3002637123414997,0.640368231968856,0.9254806911933873,0.5409641405141432
63.28,-2.3485567100895435,-2.300004786099637,0.6387874528004652,0.9219469573715019,0.5387871613846806
63.35,-2.3478446717601327,-2.2997458598577736,0.6371966329897067,0.9184132235496164,0.5366101822552181
63.42,-2.3471326334307223,-2.2994869336159107,0.6355958681654473,0.914879489727731,0.5344332031257556
63.49,-2.3464205951013115,-2.2992280073740474,0.6339852539565531,0.9113457559058457,0.532256223996293
63.56,-2.345708556771901,-2.298969081132184,0.6323648859918916,0.9078120220839602,0.5300792448668304
63.63,-2.3449965184424904,-2.2987101548903213,0.6307348599003284,0.9042782882620748,0.5279022657373679
63.7,-2.34428448011308,-2.298451228648458,0.6290952713107307,0.9007445544401893,0.5257252866079053
63.77,-2.3435724417836696,-2.298192302406595,0.6274462158519648,0.897210820618304,0.5235483074784428
63.84,-2.342860403454259,-2.297933376164732,0.6257877891528973,0.8936770867964186,0.5213713283489803
63.91,-2.3421483651248485,-2.297674449922869,0.6241200868423951,0.8901433529745335,0.5191943492195179
63.98,-2.341436326795438,-2.2974155236810057,0.6224432045493244,0.886609619152648,0.5170173700900554
64.05,-2.3407242884660273,-2.297156597439143,0.620757237902552,0.8830758853307626,0.5148403909605928
64.12,-2.3400122501366165,-2.2968976711972795,0.619062282530944,0.8795421515088769,0.5126634118311301
64.19,-2.339300211807206,-2.296638744955416,0.617358434063368,0.8760084176869918,0.5104864327016677
64.26,-2.3385881734777954,-2.2963798187135533,0.6156457881286895,0.872474683865106,0.5083094535722049
64.33,-2.337876135148385,-2.29612089247169,0.6139244403557758,0.868940950043221,0.5061324744427427
64.4,-2.3371640968189746,-2.295861966229827,0.6121944863734933,0.8654072162213352,0.5039554953132799
64.47,-2.3364520584895643,-2.295603039987964,0.6104560218107085,0.8618734823994502,0.5017785161838175
64.54,-2.3357400201601535,-2.295344113746101,0.6087091422962879,0.8583397485775643,0.4996015370543547
64.61,-2.335027981830743,-2.2950851875042377,0.6069539434590985,0.8548060147556793,0.4974245579248924
64.68,-2.3343159435013323,-2.294826261262375,0.6051905209280062,0.8512722809337936,0.4952475787954297
64.75,-2.333603905171922,-2.2945673350205116,0.6034189703318784,0.8477385471119085,0.49307059966596734
64.82,-2.3328918668425116,-2.2943084087786483,0.601639387299581,0.8442048132900235,0.49089362053650504
64.89,-2.332179828513101,-2.2940494825367854,0.5998518674599809,0.8406710794681378,0.48871664140704224
64.96,-2.3314677901836904,-2.2937905562949226,0.5980565064419447,0.8371373456462528,0.48653966227757994
65.03,-2.33075575185428,-2.2935316300530593,0.5962533998743387,0.833603611824367,0.48436268314811715
65.1,-2.3300437135248693,-2.293272703811196,0.5944426433860299,0.8300698780024818,0.4821857040186548
65.17,-2.3293316751954585,-2.2930137775693327,0.5926243326058844,0.8265361441805961,0.48000872488919205
65.24,-2.328619636866048,-2.29275485132747,0.5907985631627697,0.8230024103587109,0.47783174575972964
65.31,-2.3279075985366378,-2.292495925085607,0.5889654306855512,0.8194686765368251,0.47565476663026685
65.38,-2.327195560207227,-2.2922369988437437,0.5871250308030964,0.8159349427149402,0.4734777875008045
65.45,-2.3264835218778166,-2.2919780726018804,0.585277459144271,0.8124012088930543,0.4713008083713418
65.52,-2.3257714835484062,-2.2917191463600175,0.5834228113379426,0.8088674750711693,0.46912382924187945
65.59,-2.3250594452189954,-2.2914602201181546,0.5815611830129772,0.8053337412492836,0.46694685011241666
65.66,-2.324347406889585,-2.2912012938762913,0.5796926697982415,0.8018000074273985,0.46476987098295436
65.73,-2.3236353685601747,-2.290942367634428,0.5778173673226019,0.7982662736055127,0.46259289185349156
65.8,-2.322923330230764,-2.290683441392565,0.5759353712149256,0.7947325397836278,0.46041591272402926
65.87,-2.3222112919013536,-2.2904245151507023,0.574046777104078,0.791198805961742,0.45823893359456647
65.94,-2.321499253571943,-2.290165588908839,0.5721516806189271,0.7876650721398568,0.4560619544651041
66.01,-2.3207872152425324,-2.2899066626669757,0.5702501773883384,0.7841313383179711,0.4538849753356414
66.08,-2.3200751769131216,-2.289647736425113,0.5683423630411794,0.7805976044960861,0.4517079962061791
66.15,-2.319363138583711,-2.2893888101832496,0.5664283332063156,0.7770638706742002,0.4495310170767163
66.22,-2.318651100254301,-2.2891298839413867,0.5645081835126147,0.7735301368523152,0.4473540379472539
66.29,-2.31793906192489,-2.2888709576995234,0.562582009588942,0.7699964030304294,0.4451770588177912
66.36,-2.3172270235954793,-2.28861203145766,0.5606499070641654,0.7664626692085443,0.4430000796883289
66.43,-2.316514985266069,-2.2883531052157973,0.5587119715671508,0.7629289353866586,0.4408231005588661
66.5,-2.3158029469366586,-2.2880941789739344,0.5567682987267651,0.7593952015647735,0.43864612142940373
66.57,-2.3150909086072478,-2.287835252732071,0.5548189841718746,0.7558614677428885,0.43646914229994144
66.64,-2.3143788702778374,-2.287576326490208,0.5528641235313458,0.7523277339210027,0.43429216317047864
66.71,-2.313666831948427,-2.2873174002483445,0.5509038124340457,0.7487940000991177,0.43211518404101634
66.78,-2.3129547936190162,-2.2870584740064817,0.5489381465088403,0.7452602662772319,0.42993820491155355
66.85,-2.312242755289606,-2.286799547764619,0.546967221384597,0.7417265324553469,0.4277612257820912
66.92,-2.3115307169601955,-2.2865406215227555,0.5449911326901813,0.7381927986334611,0.4255842466526285
66.99,-2.3108186786307847,-2.2862816952808926,0.5430099760544612,0.734659064811576,0.4234072675231661
67.06,-2.310106640301374,-2.286022769039029,0.5410238471063019,0.7311253309896903,0.42123028839370336
67.13,-2.309394601971964,-2.285763842797166,0.539032841474571,0.7275915971678052,0.419053309264241
67.2,-2.308682563642553,-2.285504916555303,0.5370370547881341,0.7240578633459194,0.4168763301347782
67.27,-2.3079705253131424,-2.28524599031344,0.5350365826758589,0.7205241295240343,0.41469935100531585
67.34,-2.307258486983732,-2.284987064071577,0.5330315207666109,0.7169903957021486,0.41252237187585317
67.41,-2.3065464486543217,-2.284728137829714,0.5310219646892578,0.7134566618802636,0.4103453927463908
67.48,-2.305834410324911,-2.284469211587851,0.5290080100726651,0.7099229280583778,0.408168413616928
67.55,-2.3051223719955005,-2.2842102853459876,0.5269897525457001,0.7063891942364927,0.40599143448746566
67.62,-2.30441033366609,-2.2839513591041243,0.524967287737229,0.7028554604146069,0.4038144553580029
67.69,-2.3036982953366794,-2.2836924328622614,0.5229407112761189,0.6993217265927218,0.4016374762285406
67.76,-2.3029862570072686,-2.2834335066203986,0.5209101187912355,0.6957879927708361,0.3994604970990778
67.83,-2.302274218677858,-2.2831745803785353,0.5188756059114464,0.6922542589489511,0.3972835179696155
67.9,-2.301562180348448,-2.282915654136672,0.5168372682656176,0.6887205251270654,0.39510653884015273
67.97,-2.300850142019037,-2.282656727894809,0.5147952014826159,0.6851867913051801,0.3929295597106904
68.04,-2.3001381036896262,-2.282397801652946,0.5127495011913075,0.6816530574832944,0.39075258058122764
68.11,-2.2994260653602163,-2.282138875411083,0.5107002630205596,0.6781193236614094,0.3885756014517653
68.18,-2.2987140270308055,-2.2818799491692197,0.508647582599238,0.6745855898395237,0.3863986223223025
68.25,-2.2980019887013947,-2.2816210229273564,0.5065915555562103,0.6710518560176386,0.3842216431928402
68.32,-2.2972899503719844,-2.2813620966854935,0.5045322775203425,0.6675181221957536,0.3820446640633779
68.39,-2.296577912042574,-2.2811031704436306,0.5024698441205007,0.6639843883738678,0.3798676849339151
68.46,-2.2958658737131636,-2.2808442442017673,0.5004043509855524,0.6604506545519827,0.3776907058044528
68.53,-2.295153835383753,-2.280585317959904,0.49833589374436343,0.6569169207300969,0.37551372667498994
68.6,-2.2944417970543425,-2.280326391718041,0.49626456802580093,0.6533831869082118,0.37333674754552765
68.67,-2.2937297587249317,-2.280067465476178,0.4941904694587312,0.6498494530863261,0.3711597684160649
68.74,-2.2930177203955213,-2.279808539234315,0.4921136936720211,0.6463157192644411,0.36898278928660255
68.81,-2.292305682066111,-2.2795496129924517,0.4900343362945367,0.6427819854425552,0.36680581015713976
68.88,-2.2915936437367,-2.279290686750589,0.48795249295514526,0.6392482516206701,0.3646288310276774
68.95,-2.29088160540729,-2.279031760508726,0.48586825928271254,0.6357145177987844,0.3624518518982147
69.02,-2.290169567077879,-2.2787728342668627,0.48378173090610616,0.6321807839768994,0.36027487276875236
69.09,-2.2894575287484686,-2.2785139080249994,0.48169300345419164,0.6286470501550137,0.35809789363928957
69.16,-2.2887454904190583,-2.278254981783136,0.47960217255583654,0.6251133163331286,0.3559209145098272
69.23,-2.2880334520896475,-2.2779960555412733,0.47750933383990646,0.6215795825112429,0.35374393538036447
69.3,-2.287321413760237,-2.2777371292994104,0.475414582935269,0.6180458486893577,0.3515669562509022
69.37,-2.2866093754308263,-2.277478203057547,0.4733180154707898,0.6145121148674719,0.3493899771214394
69.44,-2.285897337101416,-2.277219276815684,0.4712197270753362,0.6109783810455869,0.347212997991977
69.51,-2.285185298772005,-2.2769603505738205,0.4691198133777741,0.6074446472237012,0.3450360188625142
69.58,-2.284473260442595,-2.2767014243319577,0.467018370006971,0.6039109134018161,0.34285903973305193
69.65,-2.283761222113184,-2.276442498090095,0.4649154925917923,0.6003771795799303,0.34068206060358913
69.72,-2.2830491837837736,-2.2761835718482315,0.46281127676110584,0.5968434457580452,0.33850508147412683
69.79,-2.2823371454543633,-2.275924645606368,0.4607058181437771,0.5933097119361594,0.33632810234466404
69.86,-2.2816251071249525,-2.2756657193645053,0.45859921236867357,0.5897759781142744,0.3341511232152017
69.93,-2.280913068795542,-2.2754067931226425,0.45649155506466105,0.5862422442923887,0.331974144085739
70.0,-2.2802010304661313,-2.275147866880779,0.4543829418606068,0.5827085104705036,0.32979716495627664
70.07,-2.279488992136721,-2.274888940638916,0.4522734683853772,0.5791747766486185,0.3276201858268143
70.14,-2.2787769538073106,-2.2746300143970526,0.4501632302678383,0.5756410428267328,0.32544320669735155
70.21,-2.2780649154779002,-2.27437108815519,0.44805232313685756,0.5721073090048476,0.3232662275678892
70.28,-2.2773528771484894,-2.274112161913327,0.4459408426213006,0.5685735751829619,0.32108924843842646
70.35,-2.276640838819079,-2.2738532356714636,0.44382888435003515,0.5650398413610769,0.3189122693089641
70.42,-2.2759288004896687,-2.2735943094296007,0.44171654395192655,0.5615061075391912,0.3167352901795013
70.49,-2.275216762160258,-2.273335383187738,0.43960391705584245,0.557972373717306,0.31455831105003895
70.56,-2.274504723830847,-2.2730764569458746,0.4374910992906488,0.5544386398954202,0.3123813319205762
70.63,-2.2737926855014368,-2.2728175307040113,0.4353781862852126,0.5509049060735353,0.3102043527911139
70.7,-2.273080647172026,-2.272558604462148,0.4332652736683998,0.5473711722516494,0.3080273736616511
70.77,-2.2723686088426156,-2.272299678220285,0.43115245706907784,0.5438374384297644,0.30585039453218876
70.84,-2.2716565705132052,-2.2720407519784223,0.4290398321161125,0.5403037046078787,0.30367341540272597
70.91,-2.2709445321837944,-2.271781825736559,0.4269274944383711,0.5367699707859936,0.3014964362732637
70.98,-2.270232493854384,-2.2715228994946957,0.4248155396647195,0.5332362369641077,0.2993194571438009
71.05,-2.2695204555249733,-2.2712639732528324,0.422704063424025,0.5297025031422227,0.2971424780143386
71.12,-2.268808417195563,-2.2710050470109695,0.4205931613451534,0.526168769320337,0.2949654988848758
71.19,-2.2680963788661526,-2.2707461207691066,0.4184829290569722,0.5226350354984519,0.2927885197554134
71.26,-2.2673843405367418,-2.2704871945272433,0.416373462188347,0.5191013016765662,0.2906115406259507
71.33,-2.266672302207331,-2.27022826828538,0.4142648563681455,0.5155675678546812,0.2884345614964884
71.4,-2.2659602638779206,-2.269969342043517,0.4121572072252331,0.5120338340327953,0.2862575823670256
71.47,-2.2652482255485102,-2.269710415801654,0.4100506103884773,0.5085001002109102,0.28408060323756323
71.54,-2.2645361872190994,-2.269451489559791,0.407945161486744,0.5049663663890246,0.2819036241081005
71.61,-2.263824148889689,-2.2691925633179277,0.4058409561489005,0.5014326325671394,0.2797266449786382
71.68,-2.2631121105602783,-2.2689336370760644,0.40373809000381267,0.4978988987452536,0.2775496658491754
71.75,-2.2624000722308684,-2.268674710834202,0.4016366586803479,0.4943651649233686,0.27537268671971304
71.82,-2.2616880339014576,-2.2684157845923387,0.39953675780737213,0.49083143110148353,0.2731957075902507
71.89,-2.260975995572047,-2.2681568583504754,0.3974384830137518,0.4872976972795978,0.27101872846078795
71.96,-2.2602639572426364,-2.2678979321086126,0.3953419299283542,0.4837639634577128,0.26884174933132565
72.03,-2.259551918913226,-2.2676390058667493,0.3932471941800452,0.48023022963582696,0.26666477020186286
72.1,-2.2588398805838157,-2.2673800796248864,0.3911543713976921,0.4766964958139419,0.2644877910724005
72.17,-2.258127842254405,-2.267121153383023,0.38906355721016067,0.47316276199205615,0.26231081194293776
72.24,-2.257415803924994,-2.26686222714116,0.38697484724631837,0.4696290281701711,0.26013383281347546
72.31,-2.2567037655955837,-2.266603300899297,0.384888337135031,0.4660952943482853,0.25795685368401267
72.38,-2.2559917272661734,-2.266344374657434,0.38280412250516577,0.4625615605264003,0.2557798745545503
72.45,-2.2552796889367626,-2.266085448415571,0.3807222989855887,0.4590278267045145,0.25360289542508757
72.52,-2.254567650607352,-2.2658265221737075,0.3786429622051669,0.45549409288262943,0.2514259162956252
72.59,-2.2538556122779414,-2.265567595931844,0.3765662077927665,0.4519603590607436,0.24924893716616245
72.66,-2.253143573948531,-2.2653086696899813,0.37449213137725457,0.44842662523885857,0.2470719580367001
72.73,-2.2524315356191207,-2.265049743448118,0.37242082858749714,0.44489289141697286,0.24489497890723735
72.8,-2.25171949728971,-2.264790817206255,0.3703523950523614,0.44135915759508776,0.24271799977777503
72.87,-2.2510074589602995,-2.264531890964392,0.36828692640071325,0.437825423773202,0.24054102064831223
72.94,-2.2502954206308887,-2.2642729647225286,0.36622451826142,0.43429168995131695,0.23836404151884993
73.01,-2.2495833823014784,-2.2640140384806657,0.3641652662633475,0.4307579561294312,0.23618706238938714
73.08,-2.248871343972068,-2.263755112238803,0.36210926603536314,0.4272242223075461,0.2340100832599248
73.15,-2.248159305642657,-2.2634961859969396,0.3600566132063327,0.4236904884856604,0.23183310413046204
73.22,-2.2474472673132473,-2.2632372597550767,0.35800740340512344,0.42015675466377533,0.22965612500099974
73.29,-2.246735228983836,-2.2629783335132134,0.35596173226060135,0.4166230208418895,0.22747914587153695
73.36,-2.2460231906544257,-2.2627194072713506,0.3539196954016337,0.41308928702000447,0.22530216674207462
73.43,-2.2453111523250153,-2.2624604810294873,0.3518813884570862,0.4095555531981187,0.22312518761261185
73.5,-2.2445991139956045,-2.2622015547876244,0.34984690705582633,0.40602181937623366,0.2209482084831495
73.57,-2.243887075666194,-2.261942628545761,0.3478163468267204,0.40248808555434856,0.21877122935368717
73.64,-2.2431750373367834,-2.2616837023038983,0.3457898033986344,0.39895435173246285,0.2165942502242244
73.71,-2.242462999007373,-2.261424776062035,0.34376737240043564,0.39542061791057775,0.21441727109476208
73.78,-2.241750960677962,-2.2611658498201717,0.3417491494609902,0.391886884088692,0.2122402919652993
73.85,-2.2410389223485523,-2.260906923578309,0.33973523020916535,0.38835315026680695,0.21006331283583696
73.92,-2.2403268840191415,-2.2606479973364455,0.3377257102738267,0.3848194164449211,0.2078863337063742
73.99,-2.239614845689731,-2.2603890710945826,0.3357206852838419,0.3812856826230361,0.20570935457691186
74.06,-2.2389028073603203,-2.2601301448527193,0.3337202508680765,0.3777519488011504,0.20353237544744912
74.13,-2.23819076903091,-2.259871218610856,0.331724502655398,0.3742182149792653,0.20135539631798677
74.2,-2.237478730701499,-2.259612292368993,0.3297335362746722,0.3706844811573795,0.199178417188524
74.27,-2.2367666923720884,-2.25935336612713,0.3277474473547666,0.36715074733549447,0.19700143805906165
74.34,-2.236054654042678,-2.259094439885267,0.3257663315245466,0.3636170135136087,0.19482445892959888
74.41,-2.235342615713267,-2.2588355136434037,0.32379028441287994,0.3600832796917236,0.19264747980013655
74.48,-2.234630577383857,-2.258576587401541,0.3218194016486324,0.3565495458698379,0.19047050067067378
74.55,-2.2339185390544465,-2.2583176611596776,0.3198537788606711,0.35301581204795285,0.18829352154121148
74.62,-2.233206500725036,-2.2580587349178143,0.31789351167786206,0.34948207822606703,0.1861165424117487
74.69,-2.2324944623956253,-2.2577998086759514,0.3159386957290725,0.34594834440418193,0.18393956328228636
74.76,-2.231782424066215,-2.257540882434088,0.3139894266431684,0.3424146105822962,0.1817625841528236
74.83,-2.2310703857368046,-2.2572819561922253,0.3120458000490171,0.3388808767604112,0.17958560502336124
74.9,-2.2303583474073942,-2.2570230299503624,0.31010791157548423,0.33534714293852536,0.17740862589389847
74.97,-2.2296463090779834,-2.256764103708499,0.3081758568514372,0.3318134091166403,0.17523164676443614
75.04,-2.2289342707485726,-2.2565051774666363,0.3062497315057421,0.3282796752947546,0.1730546676349734
75.11,-2.2282222324191623,-2.256246251224773,0.30432963116726586,0.3247459414728695,0.17087768850551105
75.18,-2.204286861305127,-2.2235029158975004,0.30241563413053435,0.3236725829103329,0.17046330110989774
75.25,-2.180351490191097,-2.190759580570235,0.3005077493527136,0.3225992243477966,0.17004891371428452
75.32,-2.1564161190770665,-2.1580162452429694,0.29860596845662873,0.32152586578526016,0.16963452631867132
75.39,-2.132480747963031,-2.1252729099156977,0.2967102830651042,0.32045250722272356,0.16922013892305804
75.46,-2.1085453768490003,-2.092529574588432,0.2948206848009663,0.31937914866018724,0.16880575152744484
75.53,-2.0846100057349655,-2.0597862392611597,0.2929371652870392,0.31830579009765064,0.16839136413183153
75.6,-2.060674634620935,-2.027042903933894,0.2910597161461491,0.31723243153511427,0.1679769767362183
75.67,-2.0367392635069,-1.994299568606622,0.2891883290011203,0.3161590729725777,0.16756258934060503
75.74,-2.0128038923928693,-1.9615562332793564,0.2873229954747789,0.31508571441004135,0.1671482019449918
75.81,-1.9888685212788342,-1.9288128979520842,0.28546370718994923,0.31401235584750475,0.16673381454937852
75.88,-1.964933150164804,-1.8960695626248185,0.2836104557694573,0.3129389972849684,0.1663194271537653
75.95,-1.9409977790507689,-1.8633262272975464,0.28176323283612753,0.3118656387224319,0.165905039758152
76.02,-1.9170624079367382,-1.830582891970281,0.279922030012786,0.31079228015989546,0.1654906523625388
76.09,-1.8931270368227031,-1.7978395566430085,0.27808683892225694,0.3097189215973589,0.16507626496692548
76.16,-1.8691916657086727,-1.7650962213157428,0.27625765118736667,0.30864556303482255,0.1646618775713123
76.23,-1.8452562945946374,-1.7323528859884707,0.2744344584309392,0.30757220447228595,0.16424749017569898
76.3,-1.8213209234806074,-1.6996095506612054,0.27261725227580086,0.30649884590974963,0.16383310278008578
76.37,-1.7973855523665718,-1.666866215333933,0.27080602434477596,0.30542548734721303,0.16341871538447247
76.44,-1.7734501812525418,-1.6341228800066676,0.2690007662606906,0.30435212878467666,0.16300432798885928
76.51,-1.7495148101385065,-1.601379544679395,0.267201469646369,0.30327877022214006,0.16258994059324597
76.58,-1.7255794390244759,-1.5686362093521298,0.2654081261246372,0.3022054116596037,0.16217555319763274
76.65,-1.7016440679104408,-1.5358928740248576,0.2636207273183197,0.3011320530970671,0.1617611658020195
76.72,-1.6777086967964103,-1.503149538697592,0.2618392648502425,0.30005869453453077,0.16134677840640627
76.79,-1.6537733256823752,-1.47040620337032,0.26006373034323005,0.29898533597199417,0.16093239101079296
76.86,-1.6298379545683448,-1.4376628680430543,0.25829411542010816,0.2979119774094578,0.16051800361517976
76.93,-1.6059025834543097,-1.404919532715782,0.2565304117037015,0.2968386188469212,0.16010361621956645
77.0,-1.5819672123402793,-1.3721761973885165,0.2547726108168359,0.2957652602843849,0.15968922882395326
77.07,-1.5580318412262488,-1.339432862061251,0.2530207043823362,0.29469190172184845,0.15927484142834003
77.14,-1.5340964701122135,-1.3066895267339786,0.2512746840230273,0.2936185431593119,0.15886045403272675
77.21,-1.5101610989981833,-1.2739461914067134,0.24953454136173508,0.29254518459677553,0.15844606663711353
77.28,-1.486225727884148,-1.241202856079441,0.24780026802128408,0.291471826034239,0.15803167924150024
77.35,-1.4622903567701178,-1.2084595207521753,0.2460718556245002,0.2903984674717026,0.15761729184588702
77.42,-1.4383549856560824,-1.1757161854249032,0.24434929579420797,0.289325108909166,0.1572029044502737
77.49,-1.414419614542052,-1.1429728500976377,0.2426325801532332,0.28825175034662964,0.15678851705466051
77.56,-1.390484243428017,-1.1102295147703656,0.24092170032440058,0.2871783917840931,0.1563741296590472
77.63,-1.3665488723139865,-1.0774861794430999,0.23921664793053576,0.2861050332215567,0.155959742263434
77.7,-1.3426135011999514,-1.0447428441158277,0.23751741459446357,0.2850316746590202,0.1555453548678207
77.77,-1.3186781300859207,-1.0119995087885623,0.23582399193900966,0.28395831609648375,0.1551309674722075
77.84,-1.2947427589718856,-0.97925617346129,0.23413637158699868,0.2828849575339472,0.1547165800765942
77.91,-1.2708073878578554,-0.9465128381340244,0.23245454516125644,0.28181159897141084,0.15430219268098097
77.98,-1.2468720167438199,-0.9137695028067522,0.23077850428460753,0.28073824040887424,0.15388780528536772
78.05,-1.2229366456297899,-0.8810261674794867,0.22910824057987786,0.2796648818463379,0.1534734178897545
78.12,-1.1990012745157546,-0.8482828321522144,0.2274437456698919,0.2785915232838013,0.15305903049414118
78.19,-1.1750659034017241,-0.8155394968249489,0.22578501117747557,0.27751816472126495,0.152644643098528
78.26,-1.151130532287689,-0.7827961614976767,0.22413202872545337,0.27644480615872835,0.15223025570291468
78.33,-1.1271951611736584,-0.7500528261704111,0.22248478993665124,0.275371447596192,0.15181586830730145
78.4,-1.1032597900596233,-0.7173094908431389,0.22084328643389356,0.2742980890336554,0.15140148091168817
78.47,-1.0793244189455928,-0.6845661555158733,0.21920750984000656,0.27322473047111906,0.15098709351607498
78.54,-1.0553890478315577,-0.651822820188601,0.21757745177781443,0.27215137190858246,0.15057270612046167
78.61,-1.0314536767175273,-0.6190794848613356,0.2159531038701431,0.2710780133460461,0.15015831872484847
78.68,-1.007518305603492,-0.5863361495340634,0.21433445773981724,0.27000465478350955,0.14974393132923516
78.75,-0.983582934489462,-0.5535928142067978,0.21272150500966272,0.26893129622097317,0.14932954393362194
78.82,-0.9596475633754313,-0.5208494788795323,0.21111423730250434,0.2678579376584368,0.14891515653800874
78.89,-0.9357121922613962,-0.4881061435522601,0.20951264624116703,0.26678457909590025,0.14850076914239546
78.96,-0.9117768211473658,-0.45536280822499453,0.20791672344847661,0.2657112205333638,0.14808638174678224
79.03,-0.8878414500333305,-0.42261947289772234,0.20632646054725767,0.2646378619708273,0.14767199435116893
79.1,-0.8639060789193002,-0.3898761375704568,0.20474184916033608,0.26356450340829096,0.14725760695555573
79.17,-0.839970707805265,-0.35713280224318456,0.20316288091053633,0.2624911448457543,0.14684321955994242
79.24,-0.8160353366912345,-0.32438946691591897,0.20158954742068438,0.261417786283218,0.1464288321643292
79.31,-0.7920999655771994,-0.29164613158864683,0.20002184031360476,0.2603444277206814,0.14601444476871595
79.38,-0.7681645944631692,-0.25890279626138124,0.19845975121212323,0.259271069158145,0.14560005737310272
79.45,-0.7442292233491339,-0.22615946093410905,0.19690327173906444,0.2581977105956085,0.1451856699774894
79.52,-0.7202938522351034,-0.19341612560684346,0.19535239351725425,0.25712435203307205,0.1447712825818762
79.59,-0.696358481121068,-0.16067279027957126,0.19380710816951727,0.2560509934705355,0.1443568951862629
79.66,-0.6724231100070379,-0.12792945495230573,0.19226740731867925,0.25497763490799913,0.14394250779064968
79.73,-0.6484877388930026,-0.09518611962503352,0.1907332825875649,0.25390427634546253,0.1435281203950364
79.8,-0.6245523677789723,-0.06244278429776797,0.1892047255989998,0.2528309177829262,0.1431137329994232
79.87,-0.6006169966649371,-0.053355340343433574,0.1876817279758088,0.2517575592203896,0.1426993456038099
79.94,-0.5766816255509067,-0.044267896389101016,0.18616428134081758,0.25068420065785324,0.1422849582081967
80.01,-0.5527462544368715,-0.035180452434766626,0.1846523773168508,0.2496108420953167,0.1418705708125834
80.08,-0.5288108833228412,-0.026093008480434075,0.18314600752673432,0.24853748353278032,0.14145618341697017
80.15,-0.504875512208806,-0.01700556452609968,0.1816451635932926,0.24746412497024373,0.1410417960213569
80.22,-0.48094014109477556,-0.007918120571767127,0.18014983713935168,0.24639076640770738,0.1406274086257437
80.29,-0.45700476998074036,0.0011693233825672694,0.17866001978773588,0.2453174078451708,0.14021302123013038
80.36,-0.4330693988667098,0.01025676733689982,0.17717570316127124,0.2442440492826344,0.13979863383451716
80.43,-0.4091340277526746,0.019344211291234224,0.1756968788827823,0.24317069072009784,0.13938424643890387
80.5,-0.3851986566386444,0.02843165524556677,0.17422353857509484,0.24209733215756146,0.13896985904329065
80.57,-0.36126328552461395,0.03751909919989932,0.17275567386103377,0.2410239735950251,0.13855547164767743
80.64,-0.33732791441057874,0.04660654315423372,0.17129327636342404,0.23995061503248852,0.13814108425206417
80.71,-0.3133925432965484,0.05569398710856627,0.16983633770509146,0.2388772564699522,0.13772669685645095
80.78,-0.2894571721825132,0.06478143106290066,0.16838484950886057,0.23780389790741557,0.13731230946083764
80.85,-0.2655218010684828,0.07386887501723322,0.1669388033975572,0.23673053934487923,0.13689792206522441
80.92,-0.24158642995444746,0.0829563189715676,0.1654981909940061,0.23565718078234266,0.13648353466961113
80.99,-0.21765105884041713,0.09204376292590016,0.16406300392103287,0.23458382221980628,0.1360691472739979
81.06,-0.19371568772638204,0.10113120688023455,0.16263323380146222,0.23351046365726968,0.13565475987838463
81.13,-0.1697803166123515,0.11021865083456713,0.16120887225812003,0.2324371050947333,0.13524037248277143
81.2,-0.14584494549831628,0.11930609478890151,0.1597899109138308,0.23136374653219674,0.13482598508715812
81.27,-0.12190957438428607,0.12839353874323406,0.15837634139142034,0.2302903879696604,0.13441159769154493
81.34,-0.09797420327025075,0.13748098269756848,0.1569681553137133,0.2292170294071238,0.1339972102959316
81.41,-0.07403883215622031,0.14656842665190103,0.1555653443035355,0.22814367084458745,0.1335828229003184
81.48,-0.050103461042185216,0.15565587060623542,0.15416789998371158,0.22707031228205088,0.1331684355047051
81.55,-0.02616808992815478,0.16474331456056798,0.15277581397706722,0.2259969537195145,0.13275404810909192
81.62,-0.002232718814119572,0.17383075851490234,0.1513890779064272,0.22492359515697793,0.1323396607134786
81.69,0.02170265229991064,0.18291820246923493,0.1500076833946172,0.2238502365944416,0.13192527331786538
81.76,0.04563802341394596,0.1920056464235693,0.14863162206446184,0.222776878031905,0.1315108859222521
81.83,0.0695733945279764,0.20109309037790188,0.14726088553878702,0.22170351946936862,0.13109649852663888
81.9,0.0935087656420116,0.21018053433223624,0.1458954654404173,0.22063016090683202,0.1306821111310256
81.97,0.11744413675604204,0.21926797828656877,0.14453535339217835,0.21955680234429567,0.1302677237354124
82.04,0.14137950787007714,0.2283554222409032,0.1431805410168951,0.2184834437817591,0.1298533363397991
82.11,0.16531487898410757,0.23744286619523575,0.141831019937393,0.21741008521922273,0.12943894894418587
82.18,0.18925025009814278,0.24653031014957016,0.1404867817764969,0.21633672665668613,0.12902456154857256
82.25,0.2131856212121731,0.2556177541039027,0.13914781815703262,0.21526336809414978,0.12861017415295936
82.32,0.23712099232620343,0.2647051980582353,0.1378141207018249,0.2141900095316134,0.12819578675734614
82.39,0.26105636344023864,0.27379264201256964,0.13648568103369876,0.21311665096907684,0.12778139936173286
82.46,0.28499173455426896,0.28288008596690223,0.13516249077547995,0.21204329240654046,0.12736701196611966
82.53,0.3089271056683042,0.2919675299212366,0.13384454154999315,0.21096993384400387,0.12695262457050635
82.6,0.3328624767823347,0.3010549738755692,0.13253182498006416,0.20989657528146755,0.12653823717489315
82.67,0.35679784789637,0.3101424178299035,0.1312243326885176,0.20882321671893095,0.12612384977927982
82.74,0.3807332190104003,0.3192298617842361,0.12992205629817918,0.20774985815639457,0.12570946238366662
82.81,0.40466859012443557,0.3283173057385705,0.12862498743187356,0.206676499593858,0.12529507498805334
82.88,0.42860396123846584,0.337404749692903,0.12733311771242664,0.20560314103132166,0.12488068759244014
82.95,0.4525393323525011,0.3464921936472374,0.12604643876266294,0.20452978246878506,0.12446630019682683
83.02,0.4764747034665314,0.35557963760157,0.12476494220540825,0.20345642390624868,0.12405191280121361
83.09,0.5004100745805666,0.3646670815559044,0.12348861966348723,0.20238306534371212,0.12363752540560034
83.16,0.5243454456945971,0.3737545255102369,0.1222174627597257,0.20130970678117577,0.12322313800998712
83.23,0.5482808168086324,0.3828419694645713,0.12095146311694821,0.20023634821863917,0.12280875061437382
83.3,0.5722161879226626,0.3919294134189039,0.1196906123579806,0.19916298965610282,0.12239436321876063
83.37,0.5961515590366979,0.4010168573732383,0.11843490210564753,0.19808963109356625,0.12197997582314732
83.44,0.6200869301507282,0.41010430132757086,0.11718432398277473,0.19701627253102988,0.12156558842753412
83.51,0.6440223012647635,0.4191917452819052,0.11593886961218686,0.19594291396849328,0.1211512010319208
83.58,0.6679576723787938,0.4282791892362378,0.11469853061670968,0.1948695554059569,0.1207368136363076
83.65,0.6918930434928291,0.43736663319057223,0.11346329861916789,0.19379619684342034,0.12032242624069431
83.72,0.7158284146068594,0.44645407714490476,0.11223316524238719,0.19272283828088396,0.11990803884508108
83.79,0.7397637857208946,0.4555415210992391,0.11100812210919228,0.1916494797183474,0.1194936514494678
83.86,0.7636991568349251,0.4646289650535717,0.10978816084240892,0.19057612115581102,0.11907926405385458
83.93,0.7876345279489603,0.473716409007906,0.10857327306486174,0.18950276259327445,0.11866487665824128
84.0,0.8115698990629906,0.48280385296223866,0.10736345039937649,0.18842940403073807,0.11825048926262806
84.07,0.8355052701770209,0.4918912969165712,0.1061586844687781,0.18735604546820173,0.11783610186701486
84.14,0.8594406412910561,0.5009787408709055,0.10495896689589163,0.18628268690566513,0.11742171447140157
84.21,0.8833760124050866,0.510066184825238,0.10376428930354269,0.18520932834312875,0.11700732707578837
84.28,0.9073113835191218,0.5191536287795725,0.10257464331455604,0.18413596978059218,0.11659293968017506
84.35,0.9312467546331522,0.5282410727339051,0.10139002055175735,0.18306261121805584,0.11617855228456184
84.42,0.9551821257471874,0.5373285166882394,0.10021041263797133,0.18198925265551927,0.11576416488894857
84.49,0.9791174968612176,0.546415960642572,0.0990358111960237,0.18091589409298287,0.11534977749333535
84.56,0.9909430661817824,0.5735908325990852,0.09786620784873924,0.18467163181649654,0.11493539009772205
84.63,1.0027686355023446,0.6007657045555925,0.09670159421894356,0.1884273695400094,0.11452100270210883
84.7,1.0145942048229093,0.6279405765121056,0.09554196192946139,0.19218310726352306,0.11410661530649555
84.77,1.0264197741434715,0.6551154484686131,0.0943873026031185,0.19593884498703593,0.11369222791088232
84.84,1.0382453434640362,0.6822903204251262,0.09323760786273953,0.1996945827105496,0.11327784051526903
84.91,1.0500709127845984,0.7094651923816335,0.09209286933115021,0.20345032043406247,0.11286345311965583
84.98,1.061896482105163,0.7366400643381467,0.09095307863117529,0.20720605815757615,0.11244906572404254
85.05,1.0737220514257253,0.7638149362946541,0.08981822738564042,0.210961795881089,0.11203467832842931
85.12,1.08554762074629,0.7909898082511672,0.08868830721737034,0.21471753360460266,0.11162029093281603
85.19,1.0973731900668522,0.8181646802076747,0.08756330974919073,0.2184732713281155,0.1112059035372028
85.26,1.1091987593874169,0.8453395521641878,0.08644322660392638,0.2222290090516292,0.11079151614158951
85.33,1.121024328707979,0.8725144241206951,0.08532804940440289,0.22598474677514208,0.1103771287459763
85.4,1.1328498980285437,0.8996892960772083,0.08421776977344506,0.22974048449865572,0.109962741350363
85.47,1.144675467349106,0.9268641680337157,0.08311237933387854,0.2334962222221686,0.1095483539547498
85.54,1.1565010366696706,0.9540390399902288,0.08201186970852808,0.23725195994568227,0.10913396655913649
85.61,1.1683266059902329,0.9812139119467362,0.08091623252021934,0.2410076976691951,0.10871957916352328
85.68,1.1801521753107975,1.0083887839032493,0.0798254593917771,0.24476343539270878,0.10830519176791
85.75,1.1919777446313597,1.0355636558597567,0.07873954194602702,0.24851917311622163,0.10789080437229678
85.82,1.203803313951922,1.0627385278162642,0.07765847180579404,0.2522749108397345,0.10747641697668357
85.89,1.2156288832724866,1.0899133997727775,0.07658224059390319,0.2560306485632482,0.10706202958107028
85.96,1.2274544525930489,1.1170882717292847,0.07551083993318011,0.2597863862867611,0.10664764218545707
86.03,1.2392800219136135,1.144263143685798,0.07444426144644957,0.2635421240102747,0.10623325478984377
86.1,1.2511055912341758,1.1714380156423052,0.07338249675653723,0.2672978617337876,0.10581886739423056
86.17,1.2629311605547404,1.1986128875988182,0.07232553748626784,0.27105359945730123,0.10540447999861725
86.24,1.2747567298753029,1.225787759555326,0.07127337525846707,0.27480933718081413,0.10499009260300404
86.31,1.2865822991958673,1.252962631511839,0.07022600169595965,0.2785650749043278,0.10457570520739076
86.38,1.2984078685164295,1.2801375034683464,0.06918340842157131,0.2823208126278407,0.10416131781177755
86.45,1.3102334378369944,1.3073123754248595,0.06814558705812676,0.2860765503513543,0.10374693041616424
86.52,1.3220590071575564,1.334487247381367,0.0671125292284516,0.28983228807486716,0.10333254302055103
86.59,1.333884576478121,1.36166211933788,0.06608422655537069,0.29358802579838084,0.10291815562493775
86.66,1.3457101457986833,1.3888369912943874,0.06506067066170963,0.29734376352189373,0.10250376822932453
86.73,1.3575357151192482,1.4160118632509004,0.06404185317029328,0.3010995012454074,0.10208938083371125
86.8,1.3693612844398104,1.4431867352074081,0.06302776570394715,0.30485523896892025,0.10167499343809802
86.87,1.3811868537603749,1.4703616071639212,0.062018399885496074,0.30861097669243387,0.10126060604248471
86.94,1.3930124230809373,1.4975364791204284,0.06101374733776572,0.31236671441594677,0.1008462186468715
87.01,1.4048379924015018,1.5247113510769412,0.060013799683580844,0.31612245213946044,0.10043183125125822
87.08,1.4166635617220642,1.5518862230334491,0.05901854854576709,0.31987818986297334,0.10001744385564501
87.15,1.4284891310426286,1.579061094989962,0.05802798554714925,0.32363392758648696,0.0996030564600317
87.22,1.440314700363191,1.6062359669464694,0.0570421023105529,0.32738966530999986,0.0991886690644185
87.29,1.4521402696837558,1.6334108389029827,0.05606089045880293,0.3311454030335135,0.09877428166880521
87.36,1.463965839004318,1.6605857108594901,0.05508434161472487,0.33490114075702637,0.098359894273192
87.43,1.4757914083248824,1.687760582816003,0.05411244740114356,0.33865687848054005,0.09794550687757869
87.5,1.4876169776454449,1.7149354547725109,0.05314519944088462,0.34241261620405294,0.09753111948196548
87.57,1.499442546966007,1.742110326729018,0.05218258935677307,0.34616835392756584,0.09711673208635227
87.64,1.5112681162865718,1.7692851986855311,0.051224608771633894,0.34992409165107946,0.09670234469073899
87.71,1.523093685607134,1.7964600706420384,0.050271249308292715,0.35367982937459236,0.09628795729512578
87.78,1.5349192549276987,1.8236349425985519,0.04932250258957431,0.35743556709810603,0.09587356989951247
87.85,1.5467448242482609,1.850809814555059,0.04837836023830433,0.3611913048216189,0.09545918250389926
87.92,1.5585703935688255,1.877984686511572,0.047438813877307584,0.36494704254513255,0.09504479510828598
87.99,1.5703959628893878,1.9051595584680798,0.04650385512940964,0.3687027802686454,0.09463040771267277
88.06,1.5822215322099527,1.9323344304245926,0.04557347561743534,0.37245851799215907,0.09421602031705946
88.13,1.5940471015305147,1.9595093023811,0.044647666964210325,0.3762142557156719,0.09380163292144625
88.2,1.6058726708510793,1.9866841743376134,0.04372642079255931,0.3799699934391856,0.09338724552583295
88.27,1.6176982401716415,2.0138590462941206,0.04280972872530802,0.3837257311626985,0.09297285813021973
88.34,1.6295238094922064,2.0410339182506334,0.04189758238528118,0.3874814688862121,0.09255847073460645
88.41,1.6413493788127684,2.0682087902071413,0.04098997339530445,0.391237206609725,0.09214408333899324
88.48,1.653174948133333,2.095383662163654,0.040086893378202614,0.39499294433323867,0.09172969594337993
88.55,1.6650005174538953,2.1225585341201616,0.039188333956801276,0.3987486820567515,0.09131530854776673
88.62,1.6768260867744602,2.149733406076675,0.03829428675392522,0.4025044197802652,0.09090092115215344
88.69,1.6886516560950222,2.1769082780331823,0.037404743392400144,0.40626015750377803,0.09048653375654023
88.76,1.7004772254155869,2.204083149989695,0.03651969549505078,0.4100158952272917,0.09007214636092692
88.83,1.712302794736149,2.2312580219462026,0.035639134684702756,0.4137716329508046,0.08965775896531371
88.9,1.7241283640567138,2.258432893902716,0.03476305258418091,0.4175273706743182,0.08924337156970041
88.97,1.7359539333772762,2.2856077658592233,0.0338914408163108,0.4212831083978311,0.08882898417408722
89.04,1.7477795026978407,2.3127826378157366,0.03302429100391728,0.4250388461213448,0.08841459677847391
89.11,1.7596050720184029,2.339957509772244,0.032161594769825934,0.42879458384485764,0.0880002093828607
89.18,1.7714306413389678,2.367132381728757,0.0313033437368616,0.43255032156837137,0.08758582198724742
89.25,1.78325621065953,2.3665205905314544,0.030449529527849857,0.4363060592918842,0.0871714345916342
89.32,1.7950817799800922,2.3659087993341523,0.029600143765615705,0.4400617970153971,0.086757047196021
89.39,1.8069073493006569,2.3652970081368494,0.028755178072984198,0.4438175347389107,0.08634265980040769
89.46,1.8187329186212189,2.3646852169395474,0.02791462407278092,0.4475732724624236,0.08592827240479448
89.53,1.8305584879417838,2.364073425742245,0.027078473387830683,0.4513290101859373,0.08551388500918118
89.6,1.842384057262346,2.363461634544943,0.02624671764095912,0.45508474790945014,0.08509949761356796
89.67,1.8542096265829107,2.36284984334764,0.02541934845499101,0.4588404856329638,0.08468511021795468
89.74,1.8660351959034729,2.3622380521503374,0.02459635745275195,0.46259622335647665,0.08427072282234147
89.81,1.8778607652240376,2.3616262609530354,0.0237777362570668,0.46635196107999033,0.08385633542672816
89.88,1.8896863345445998,2.3610144697557334,0.02296347649076108,0.4701076988035032,0.08344194803111496
89.95,1.9015119038651644,2.3604026785584304,0.022153569776659728,0.47386343652701685,0.08302756063550167
90.02,1.9133374731857267,2.3597908873611284,0.021348007737588225,0.47761917425052974,0.08261317323988845
90.09,1.9251630425062913,2.359179096163826,0.020546781996371506,0.4813749119740434,0.08219878584427515
90.16,1.9369886118268536,2.3585673049665234,0.019749884175835057,0.48513064969755626,0.08178439844866194
90.23,1.948814181147418,2.357955513769221,0.01895730589880381,0.48888638742106993,0.08137001105304864
90.3,1.9606397504679804,2.357343722571919,0.018169038788103248,0.49264212514458283,0.08095562365743544
90.37,1.9724653197885451,2.356731931374616,0.017385074466558285,0.49639786286809645,0.08054123626182214
90.44,1.9842908891091073,2.356120140177314,0.016605404556994448,0.5001536005916094,0.08012684886620892
90.51,1.9961164584296722,2.3555083489800115,0.015830020682236642,0.503909338315123,0.07971246147059564
90.58,2.007942027750234,2.354896557782709,0.015058914465110368,0.5076650760386359,0.07929807407498243
90.65,2.019767597070799,2.3542847665854065,0.014292077528440524,0.5114208137621495,0.07888368667936912
90.72,2.031593166391361,2.353672975388104,0.013529501495052668,0.5151765514856624,0.07846929928375591
90.79,2.043418735711926,2.3530611841908016,0.012771177987771656,0.5189322892091761,0.07805491188814262
90.86,2.0552443050324882,2.3524493929934995,0.012017098629423035,0.522688026932689,0.07764052449252941
90.93,2.0670698743530527,2.351837601796197,0.011267255042831674,0.5264437646562026,0.07722613709691611
91.0,2.078895443673615,2.3512258105988946,0.010521638850823129,0.5301995023797155,0.0768117497013029
91.07,2.090721012994177,2.3506140194015925,0.009780241676222406,0.5339552401032284,0.07639736230568969
91.14,2.102546582314742,2.35000222820429,0.009043055141854639,0.537710977826742,0.07598297491007641
91.21,2.114372151635304,2.3493904370069876,0.008310070870545265,0.5414667155502548,0.07556858751446319
91.28,2.1261977209558687,2.348778645809685,0.007581280485119246,0.5452224532737685,0.07515420011884988
91.35,2.138023290276431,2.3481668546123826,0.006856675608402059,0.5489781909972814,0.07473981272323667
91.42,2.149848859596996,2.3475550634150806,0.006136247863218609,0.5527339287207951,0.07432542532762337
91.49,2.161674428917558,2.3469432722177785,0.005419988872394432,0.556489666444308,0.07391103793201016
91.56,2.1734999982381225,2.346331481020475,0.004707890258754444,0.5602454041678215,0.07349665053639687
91.63,2.1853255675586847,2.3457196898231736,0.003999943645124092,0.5640011418913344,0.07308226314078367
91.7,2.197151136879249,2.345107898625871,0.0032961406543283653,0.5677568796148481,0.07266787574517036
91.77,2.208976706199812,2.3444961074285686,0.0025964729091927322,0.571512617338361,0.07225348834955715
91.84,2.2208022755203762,2.343884316231266,0.0019009320325421054,0.5752683550618747,0.07183910095394387
91.91,2.2326278448409385,2.3432725250339637,0.0012095096472019978,0.5790240927853875,0.07142471355833066
91.98,2.2444534141615033,2.342660733836661,0.000522197375997329,0.5827798305089011,0.07101032616271735
92.05,2.2562789834820656,2.3420489426393587,-0.0001610131582464088,0.5865355682324142,0.07059593876710414
92.12,2.26810455280263,2.3414371514420567,-0.0008401303327042909,0.5902913059559276,0.07018155137149085
92.19,2.2799301221231927,2.3408253602447546,-0.001515162524550832,0.5940470436794406,0.06976716397587765
92.26,2.291755691443757,2.3402135690474517,-0.0021861181109610883,0.5978027814029543,0.06935277658026434
92.33,2.303581260764319,2.3396017778501497,-0.0028530054691095885,0.6015585191264672,0.06893838918465113
92.4,2.315406830084884,2.338989986652847,-0.003515832976171373,0.6053142568499809,0.06852400178903785
92.47,2.327232399405446,2.3383781954555447,-0.004174609009320984,0.6090699945734936,0.06810961439342464
92.54,2.339057968726011,2.3377664042582422,-0.00482934194573348,0.6128257322970073,0.06769522699781132
92.61,2.3508835380465727,2.3371546130609397,-0.005480040162583374,0.6165814700205201,0.0672808396021981
92.68,2.362709107367138,2.3365428218636373,-0.006126712037045717,0.6203372077440339,0.06686645220658483
92.75,2.3745346766877,2.335931030666335,-0.006769365946295049,0.6240929454675467,0.06645206481097161
92.82,2.3863602460082625,2.3353192394690327,-0.007408010267506289,0.6278486831910597,0.06603767741535839
92.89,2.3981858153288265,2.3347074482717303,-0.008042653377854349,0.6316044209145733,0.0656232900197451
92.96,2.410011384649389,2.334095657074428,-0.008673303654513775,0.6353601586380861,0.0652089026241319
93.03,2.4218369539699536,2.3334838658771253,-0.009299969474659607,0.6391158963615998,0.06479451522851859
93.1,2.4336625232905162,2.3328720746798233,-0.009922659215466376,0.6428716340851126,0.06438012783290538
93.17,2.4454880926110807,2.332260283482521,-0.010541381254109108,0.6466273718086264,0.0639657404372921
93.24,2.457313661931643,2.3316484922852183,-0.011156143967762386,0.6503831095321393,0.06355135304167889
93.31,2.4691392312522074,2.331036701087916,-0.011766955733601222,0.6541388472556529,0.06313696564606558
93.38,2.48096480057277,2.330424909890614,-0.01237382492880017,0.6578945849791658,0.06272257825045237
93.45,2.4927903698933345,2.3298131186933113,-0.012976759930534243,0.6616503227026794,0.062308190854839074
93.52,2.504615939213897,2.329201327496009,-0.013575769115978019,0.6654060604261923,0.06189380345922587
93.59,2.516441508534461,2.3285895362987064,-0.01417086086230651,0.6691617981497059,0.06147941606361257
93.66,2.528267077855024,2.3279777451014043,-0.014762043546694267,0.6729175358732188,0.06106502866799936
93.73,2.5400926471755882,2.3273659539041014,-0.015349325546316323,0.6766732735967325,0.06065064127238608
93.8,2.551918216496151,2.3267541627067994,-0.01593271523834723,0.6804290113202454,0.060236253876772866
93.87,2.5637437858167154,2.326142371509497,-0.016512220999962017,0.684184749043759,0.059821866481159544
93.94,2.561961645242387,2.3261204675132143,-0.01708785843933162,0.6891688295065875,0.05940747908554633
94.01,2.560179504668057,2.326098563516932,-0.017659672088612972,0.6941529099694171,0.05899309168993305
94.08,2.5583973640937283,2.3260766595206492,-0.018227713710958916,0.6991369904322455,0.05857870429431984
94.15,2.556615223519399,2.3260547555243662,-0.018792035069522737,0.7041210708950751,0.05816431689870654
94.22,2.5548330829450703,2.3260328515280837,-0.019352687927457323,0.7091051513579036,0.05774992950309333
94.29,2.553050942370741,2.3260109475318016,-0.019909724047915946,0.7140892318207333,0.057335542107480035
94.36,2.551268801796412,2.325989043535519,-0.020463195194051452,0.7190733122835616,0.056921154711866824
94.43,2.549486661222083,2.3259671395392365,-0.02101315312901718,0.7240573927463911,0.05650676731625352
94.5,2.5477045206477538,2.325945235542954,-0.021559649615965938,0.7290414732092196,0.05609237992064031
94.57,2.5459223800734248,2.3259233315466714,-0.022102736418050918,0.7340255536720482,0.0556779925250271
94.64,2.5441402394990957,2.3259014275503884,-0.02264246529842536,0.7390096341348777,0.05526360512941382
94.71,2.5423580989247663,2.325879523554106,-0.023178888020242056,0.7439937145977064,0.05484921773380061
94.78,2.5405759583504373,2.3258576195578233,-0.023712056346654332,0.7489777950605359,0.0544348303381873
94.85,2.5387938177761087,2.3258357155615412,-0.02424202204081505,0.7539618755233644,0.0540204429425741
94.92,2.537011677201779,2.3258138115652587,-0.024768836865877487,0.7589459559861939,0.053606055546960796
94.99,2.53522953662745,2.325791907568976,-0.025292552584994504,0.7639300364490225,0.053191668151347585
95.06,2.533447396053121,2.325770003572693,-0.025813220961319404,0.768914116911852,0.052777280755734304
95.13,2.5316652554787926,2.3257480995764106,-0.026330893758005045,0.7738981973746806,0.05236289336012108
95.2,2.5298831149044627,2.3257261955801285,-0.026845622738204712,0.77888227783751,0.05194850596450777
95.27,2.5281009743301337,2.3257042915838455,-0.027357459665071276,0.7838663583003385,0.05153411856889456
95.34,2.5263188337558047,2.325682387587563,-0.02786645630175803,0.7888504387631681,0.051119731173281266
95.41,2.5245366931814757,2.3256604835912804,-0.028372664411417805,0.7938345192259966,0.05070534377766807
95.48,2.5227545526071466,2.325638579594998,-0.02887613575720393,0.798818599688826,0.05029095638205477
95.55,2.5209724120328176,2.3256166755987153,-0.02937692210226926,0.8038026801516547,0.049876568986441557
95.62,2.5191902714584886,2.3255947716024328,-0.02987507520976707,0.8087867606144841,0.04946218159082826
95.69,2.5174081308841596,2.3255728676061502,-0.030370646842850225,0.8137708410773127,0.04904779419521505
95.76,2.51562599030983,2.3255509636098677,-0.030863688764672003,0.8187549215401422,0.04863340679960175
95.83,2.5138438497355016,2.325529059613585,-0.0313542527383853,0.8237390020029708,0.04821901940398854
95.9,2.5120617091611717,2.325507155617302,-0.03184239052714338,0.8287230824658003,0.04780463200837526
95.97,2.510279568586843,2.32548525162102,-0.03232815389409914,0.8337071629286287,0.04739024461276205
96.04,2.5084974280125136,2.325463347624737,-0.03281159460240581,0.8386912433914583,0.04697585721714874
96.11,2.506715287438185,2.325441443628455,-0.03329276441521633,0.8436753238542868,0.04656146982153553
96.18,2.5049331468638556,2.3254195396321724,-0.0337717150956839,0.8486594043171163,0.046147082425922234
96.25,2.503151006289527,2.3253976356358894,-0.034248498406961446,0.8536434847799448,0.04573269503030902
96.32,2.501368865715198,2.325375731639607,-0.03472316611220214,0.8586275652427735,0.04531830763469581
96.39,2.499586725140869,2.3253538276433248,-0.03519576997455914,0.8636116457056029,0.04490392023908253
96.46,2.4978045845665395,2.3253319236470418,-0.03566636175718535,0.8685957261684315,0.04448953284346932
96.53,2.49602244399221,2.3253100196507592,-0.036134993223234026,0.873579806631261,0.04407514544785602
96.6,2.4942403034178815,2.3252881156544767,-0.03660171613585804,0.8785638870940895,0.04366075805224279
96.67,2.4924581628435525,2.325266211658194,-0.03706658225821069,0.8835479675569189,0.04324637065662949
96.74,2.4906760222692235,2.3252443076619116,-0.03752964335344482,0.8885320480197475,0.04283198326101628
96.81,2.488893881694894,2.325222403665629,-0.03799095118471374,0.893516128482577,0.042417595865402995
96.88,2.4871117411205654,2.325200499669347,-0.03845055751517031,0.8985002089454056,0.04200320846978979
96.95,2.485329600546236,2.325178595673064,-0.038908514107967807,0.903484289408235,0.04158882107417649
97.02,2.483547459971907,2.3251566916767814,-0.0393648727262591,0.9084683698710636,0.04117443367856328
97.09,2.4817653193975775,2.325134787680499,-0.03981968513319747,0.9134524503338931,0.04076004628294998
97.16,2.479983178823249,2.3251128836842163,-0.040273003091935815,0.9184365307967217,0.040345658887336766
97.23,2.4782010382489195,2.3250909796879338,-0.040724878365627375,0.9234206112595511,0.039931271491723486
97.3,2.476418897674591,2.325069075691651,-0.04117536271742505,0.9284046917223798,0.039516884096110275
97.37,2.4746367571002614,2.3250471716953687,-0.0416245079104821,0.9333887721852092,0.039102496700496966
97.44,2.472854616525933,2.325025267699086,-0.04207236570795141,0.9383728526480377,0.038688109304883755
97.51,2.4710724759516034,2.3250033637028036,-0.042518987872986275,0.9433569331108673,0.03827372190927046
97.58,2.4692903353772744,2.324981459706521,-0.04296442616873956,0.9483410135736958,0.03785933451365725
97.65,2.4675081948029454,2.3249595557102385,-0.0434087323583645,0.9533250940365254,0.037444947118043956
97.72,2.4657260542286163,2.324937651713956,-0.043851958205014016,0.9583091744993538,0.037030559722430745
97.79,2.463943913654287,2.3249157477176734,-0.04429415547184138,0.9632932549621834,0.03661617232681746
97.86,2.4621617730799583,2.324893843721391,-0.04473537592199947,0.9682773354250119,0.036201784931204246
97.93,2.460379632505629,2.3248719397251083,-0.045175671318641544,0.9732614158878414,0.035787397535590945
98.0,2.4585974919313003,2.3248500357288258,-0.04561509342492048,0.9782454963506699,0.035373010139977734
98.07,2.456815351356971,2.324828131732543,-0.04605369400398948,0.9832295768134984,0.03495862274436451
98.14,2.4550332107826423,2.3248062277362607,-0.046491524819001685,0.988213657276328,0.03454423534875123
98.21,2.453251070208313,2.324784323739978,-0.04692863763311002,0.9931977377391565,0.03412984795313801
98.28,2.4514689296339833,2.3247624197436956,-0.0473650842094677,0.9981818182019859,0.03371546055752472
98.35,2.4496867890596548,2.324740515747413,-0.04780091631122764,1.0031658986648146,0.033301073161911506
98.42,2.4479046484853253,2.32471861175113,-0.048236185701543095,1.008149979127644,0.032886685766298204
98.49,2.4461225079109967,2.324696707754848,-0.04867094414356697,1.0131340595904725,0.03247229837068499
98.56,2.4443403673366673,2.3246748037585654,-0.049105243400452504,1.0181181400533021,0.0320579109750717
98.63,2.4425582267623382,2.3246528997622824,-0.049539135235352624,1.0231022205161309,0.03164352357945849
98.7,2.4407760861880092,2.324630995766,-0.04997267141142055,1.02808630097896,0.0312291361838452
98.77,2.43899394561368,2.3246090917697178,-0.0504059036918092,1.0330703814417888,0.03081474878823199
98.84,2.4372118050393508,2.3245871877734348,-0.05083888383967182,1.0380544619046184,0.03040036139261869
98.91,2.4354296644650217,2.3245652837771527,-0.051271663618161316,1.0430385423674466,0.029985973997005484
98.98,2.433647523890693,2.32454337978087,-0.05170429479043094,1.0480226228302763,0.029571586601392183
99.05,2.4318653833163637,2.3245214757845876,-0.05213682911963358,1.0530067032931048,0.029157199205778972
99.12,2.4300832427420342,2.324499571788305,-0.05256931836892249,1.0579907837559344,0.028742811810165678
99.19,2.4283011021677057,2.324477667792022,-0.05300181430145059,1.0629748642187629,0.028328424414552467
99.26,2.426518961593376,2.3244557637957395,-0.05343436868037112,1.0679589446815925,0.027914037018939172
99.33,2.4247368210190476,2.324433859799457,-0.05386703326883697,1.072943025144421,0.02749964962332596
99.4,2.422954680444718,2.3244119558031744,-0.054299859830001414,1.0779271056072504,0.027085262227712667
99.47,2.4211725398703896,2.324390051806892,-0.054732900127017335,1.082911186070079,0.026670874832099456
99.54,2.41939039929606,2.3243681478106093,-0.05516620592303797,1.0878952665329085,0.02625648743648616
99.61,2.417608258721731,2.3243462438143268,-0.05559982898121627,1.092879346995737,0.02584210004087295
99.68,2.415826118147402,2.324324339818044,-0.05603382106470545,1.0978634274585666,0.025427712645259656
99.75,2.414043977573073,2.3243024358217617,-0.056468233936658396,1.102847507921395,0.02501332524964643
99.82,2.412261836998744,2.3242805318254787,-0.056903119360228314,1.1078315883842236,0.02459893785403322
99.89,2.4104796964244146,2.3242586278291966,-0.05733852909856835,1.1128156688470532,0.024184550458419933
99.96,2.4086975558500856,2.3242367238329136,-0.057774514914831376,1.1177997493098817,0.023770163062806722
100.03,2.4069154152757566,2.324214819836631,-0.0582111285721707,1.122783829772711,0.02335577566719342
100.1,2.4051332747014276,2.3241929158403485,-0.05864842183373918,1.1277679102355398,0.02294138827158021
100.17,2.4033511341270986,2.324171011844066,-0.059086446462690075,1.1327519906983694,0.022527000875966915
100.24,2.4015689935527695,2.324149107847784,-0.059525254222176284,1.1377360711611977,0.02211261348035371
100.31,2.3997868529784405,2.324127203851501,-0.059964896875351066,1.1427201516240273,0.021698226084740403
100.38,2.398004712404111,2.3241052998552183,-0.060405426185367324,1.1477042320868558,0.021283838689127206
100.45,2.3962225718297825,2.3240833958589358,-0.060846893915378314,1.1526883125496854,0.020869451293513905
100.52,2.394440431255453,2.324061491862653,-0.061289351828536925,1.157672393012514,0.020455063897900694
100.59,2.3926582906811236,2.3240395878663707,-0.06173285168799641,1.1626564734753433,0.0200406765022874
100.66,2.390876150106795,2.3240176838700886,-0.062177445256909665,1.167640553938172,0.01962628910667419
100.73,2.389094009532466,2.323995779873806,-0.06262318429842995,1.1726246344010014,0.019211901711060894
100.8,2.387311868958137,2.323973875877523,-0.06307012057571018,1.17760871486383,0.018797514315447683
100.87,2.3855297283838075,2.3239519718812405,-0.06351830585190357,1.1825927953266595,0.01838312691983439
100.94,2.383747587809479,2.323930067884958,-0.06396779189016306,1.187576875789488,0.017968739524221178
101.01,2.3819654472351495,2.3239081638886754,-0.06441863045364188,1.1925609562523176,0.017554352128607884
101.08,2.3801833066608205,2.323886259892393,-0.06487087330549295,1.1975450367151461,0.017139964732994672
101.15,2.3784011660864914,2.3238643558961103,-0.06532457220886947,1.2025291171779755,0.016725577337381378
101.22,2.3766190255121624,2.3238424518998277,-0.0657797789269244,1.207513197640804,0.01631118994176816
101.29,2.374836884937833,2.323820547903545,-0.06623654522281096,1.2124972781036336,0.015896802546154866
101.36,2.3730547443635044,2.3237986439072627,-0.06669492285968207,1.2174813585664621,0.015482415150541648
101.43,2.371272603789175,2.32377673991098,-0.06715496360069097,1.2224654390292917,0.015068027754928354
101.5,2.369490463214846,2.3237548359146976,-0.06761671920899054,1.2274495194921202,0.014653640359315143
101.57,2.3677083226405173,2.323732931918415,-0.06808024144773397,1.2324335999549487,0.014239252963701939
101.64,2.365926182066188,2.3237110279221325,-0.06854558208007443,1.237417680417778,0.01382486556808863
101.71,2.364144041491859,2.3236891239258495,-0.0690127928691648,1.2424017608806066,0.013410478172475426
101.78,2.36236190091753,2.3236672199295674,-0.06948192557815835,1.2473858413434362,0.012996090776862132
101.85,2.360579760343201,2.323645315933285,-0.06995303197020798,1.252369921806265,0.012581703381248921
101.92,2.358797619768872,2.3236234119370023,-0.07042616380846693,1.2573540022690943,0.01216731598563562
101.99,2.3570154791945424,2.3236015079407197,-0.0709013728560881,1.2623380827319228,0.011752928590022409
102.06,2.3552333386202133,2.323579603944437,-0.07137871087622476,1.2673221631947524,0.011338541194409121
102.13,2.3534511980458848,2.323557699948154,-0.07185822963202976,1.272306243657581,0.01092415379879591
102.2,2.351669057471555,2.3235357959518717,-0.07233998088665641,1.2772903241204105,0.010509766403182616
102.27,2.3498869168972263,2.323513891955589,-0.0728240164032576,1.2822744045832388,0.010095379007569405
102.34,2.3481047763228973,2.3234919879593066,-0.07331038794498657,1.2872584850460684,0.00968099161195611
102.41,2.3463226357485683,2.3234700839630245,-0.0737991472749962,1.2922425655088972,0.0092666042163429
102.48,2.344540495174239,2.3234481799667415,-0.0742903461564398,1.2972266459717265,0.008852216820729605
102.55,2.34275835459991,2.3234262759704594,-0.07478403635247019,1.302210726434555,0.008437829425116394
102.62,2.3409762140255808,2.3234043719741764,-0.0752802696262407,1.3071948068973847,0.008023442029503093
102.69,2.3391940734512517,2.323382467977894,-0.07577909774090417,1.3121788873602132,0.007609054633889889
102.76,2.3374119328769227,2.3233605639816113,-0.07628057245961391,1.3171629678230425,0.007194667238276588
102.83,2.3356297923025937,2.3233386599853287,-0.07678474554552275,1.322147048285871,0.00678027984266337
102.9,2.3338476517282642,2.323316755989046,-0.077291668761784,1.3271311287487007,0.006365892447050069
102.97,2.3320655111539352,2.323294851992763,-0.07780139387155055,1.3321152092115291,0.0059515050514368575
103.04,2.330283370579606,2.323272947996481,-0.07831397263797565,1.3370992896743585,0.00553711765582357
103.11,2.3285012300052776,2.3232510440001986,-0.07882945682421216,1.3420833701371873,0.005122730260210359
103.18,2.3267190894309477,2.323229140003916,-0.0793478981934134,1.3470674506000169,0.004708342864597058
103.25,2.324936948856619,2.3232072360076335,-0.07986934850873222,1.3520515310628454,0.004293955468983847
103.32,2.32379297642861,2.3235822747212636,-0.08039385953332179,1.3570356115256739,0.003879568073370636
103.39,2.3226490040006014,2.3239573134348936,-0.0809214830303353,1.3620196919885035,0.0034651806777573485
103.46,2.3215050315725927,2.324332352148524,-0.0814522707629256,1.3670037724513318,0.0030507932821441375
103.53,2.320361059144583,2.3247073908621543,-0.08198627449424604,1.3719878529141614,0.0026364058865308362
103.6,2.3192170867165744,2.3250824295757844,-0.0825235459874494,1.3769719333769899,0.002222018490917625
103.67,2.3180731142885658,2.325457468289415,-0.08306413700568901,1.3819560138398193,0.0018076310953043379
103.74,2.3169291418605567,2.325832507003045,-0.08360809931211775,1.3869400943026478,0.0013932436996911268
103.81,2.315785169432548,2.3262075457166755,-0.0841554846698889,1.3919241747654776,0.0009788563040778325
103.88,2.3146411970045393,2.326582584430306,-0.08470634484215528,1.396908255228306,0.0005644689084646146
103.95,2.3134972245765297,2.326957623143936,-0.08526073159207023,1.4018923356911355,0.00015008151285131333
104.02,2.312353252148521,2.3273326618575663,-0.08581869668278658,1.4068764161539642,-0.0002643058827618838
104.09,2.311209279720512,2.3277077005711964,-0.08638029187745765,1.4118604966167938,-0.000678693278375192
104.16,2.3100653072925033,2.328082739284827,-0.08694556893923626,1.416844577079622,-0.001093080673988396
104.23,2.308921334864494,2.328457777998457,-0.08751457963127576,1.4218286575424517,-0.0015074680696016904
104.3,2.3077773624364855,2.3288328167120875,-0.08808737571672898,1.4268127380052802,-0.0019218554652149084
104.37,2.3066333900084763,2.3292078554257176,-0.0886640089587492,1.4317968184681098,-0.0023362428608282026
104.44,2.3054894175804677,2.3295828941393477,-0.08924453112048927,1.4367808989309383,-0.0027506302564414137
104.51,2.3043454451524585,2.3299579328529783,-0.08982899396510252,1.4417649793937677,-0.003165017652054708
104.58,2.3032014727244494,2.330332971566608,-0.0904174492557418,1.4467490598565964,-0.003579405047667919
104.65,2.3020575002964403,2.3307080102802384,-0.09100994875556039,1.4517331403194258,-0.003993792443281213
104.72,2.3009135278684316,2.331083048993869,-0.09160654422771114,1.456717220782254,-0.004408179838894424
104.79,2.299769555440423,2.3314580877074995,-0.09220728743534738,1.461701301245084,-0.0048225672345077256
104.86,2.298625583012414,2.331833126421129,-0.09281223014162195,1.4666853817079124,-0.005236954630120937
104.93,2.297481610584405,2.3322081651347597,-0.09342142410968814,1.4716694621707418,-0.005651342025734224
105.0,2.296337638156396,2.3325832038483902,-0.09403492110269879,1.4766535426335703,-0.006065729421347435
105.07,2.2951936657283873,2.33295824256202,-0.09465277288380713,1.481637623096399,-0.006480116816960646
105.14,2.2940496933003782,2.3333332812756504,-0.09527503121616629,1.4866217035592286,-0.006894504212573947
105.21,2.292905720872369,2.3337083199892805,-0.09590174786292917,1.4916057840220571,-0.007308891608187158
105.28,2.2917617484443604,2.334083358702911,-0.09653297458724906,1.4965898644848865,-0.007723279003800453
105.35,2.2906177760163517,2.334458397416541,-0.0971687631522788,1.501573944947715,-0.008137666399413664
105.42,2.2894738035883426,2.3348334361301717,-0.0978091653211717,1.5065580254105446,-0.008552053795026958
105.49,2.2883298311603335,2.335208474843802,-0.0984542328570806,1.5115421058733731,-0.008966441190640169
105.56,2.2871858587323244,2.335583513557432,-0.09910401752315881,1.5165261863362025,-0.00938082858625347
105.63,2.2860418863043157,2.3359585522710624,-0.0997585710825592,1.5215102667990312,-0.009795215981866681
105.7,2.284897913876307,2.3363335909846925,-0.10041794529843505,1.5264943472618606,-0.010209603377479975
105.77,2.283753941448298,2.3367086296983226,-0.10108219193393919,1.5314784277246891,-0.010623990773093187
105.84,2.282609969020289,2.337083668411953,-0.10175136275222499,1.5364625081875187,-0.011038378168706477
105.91,2.2814659965922806,2.3374587071255832,-0.10242550951644522,1.5414465886503472,-0.011452765564319695
105.98,2.280322024164271,2.3378337458392138,-0.10310468398975321,1.5464306691131766,-0.011867152959932986
106.05,2.2791780517362623,2.338208784552844,-0.10378893793530183,1.5514147495760053,-0.012281540355546197
106.12,2.278034079308253,2.338583823266474,-0.10447832311624437,1.5563988300388347,-0.012695927751159495
106.19,2.276890106880244,2.3389588619801045,-0.10517289129573369,1.5613829105016632,-0.01311031514677271
106.26,2.2757461344522354,2.3393339006937346,-0.1058726942369231,1.5663669909644928,-0.013524702542385993
106.33,2.2746021620242263,2.3397089394073647,-0.10657778370296538,1.5713510714273216,-0.013939089937999211
106.4,2.273458189596217,2.340083978120995,-0.10728821145701395,1.576335151890151,-0.014353477333612509
106.47,2.2723142171682085,2.3404590168346253,-0.10800402926222152,1.5813192323529794,-0.01476786472922572
106.54,2.2711702447401994,2.340834055548256,-0.10872528888174153,1.586303312815809,-0.015182252124839018
106.61,2.2700262723121907,2.3412090942618855,-0.10945204207872675,1.5912873932786373,-0.015596639520452225
106.68,2.2688822998841816,2.341584132975516,-0.1101843406163305,1.5962714737414672,-0.016011026916065523
106.75,2.267738327456173,2.3419591716891466,-0.11092223625770559,1.6012555542042954,-0.016425414311678734
106.82,2.266594355028164,2.3423342104027767,-0.11166578076600525,1.606239634667124,-0.01683980170729194
106.89,2.265450382600155,2.3427092491164068,-0.11241502590438274,1.6112237151299535,-0.017254189102905236
106.96,2.2643064101721464,2.3430842878300373,-0.11317002343599077,1.616207795592782,-0.01766857649851845
107.03,2.2631624377441373,2.343459326543668,-0.11393082512398277,1.6211918760556117,-0.01808296389413175
107.1,2.2620184653161286,2.3438343652572975,-0.11469748273151148,1.6261759565184402,-0.01849735128974496
107.17,2.2608744928881195,2.344209403970928,-0.1154700480217303,1.6311600369812695,-0.01891173868535825
107.24,2.259730520460111,2.344584442684558,-0.11624857275779198,1.6361441174440983,-0.01932612608097146
107.31,2.2585865480321017,2.3449594813981887,-0.11703310870284991,1.6411281979069277,-0.01974051347658476
107.38,2.2574425756040926,2.3453345201118188,-0.11782370762005687,1.6461122783697562,-0.02015490087219797
107.45,2.256298603176084,2.3457095588254493,-0.11862042127256625,1.6510963588325858,-0.020569288267811268
107.52,2.2551546307480748,2.3460845975390794,-0.11942330142353082,1.6560804392954145,-0.02098367566342448
107.59,2.2540106583200656,2.3464596362527095,-0.12023239983610393,1.6610645197582439,-0.02139806305903777
107.66,2.2528666858920574,2.34683467496634,-0.12104776827343836,1.6660486002210724,-0.02181245045465098
107.73,2.251722713464048,2.34720971367997,-0.12186945849868752,1.671032680683902,-0.02222683785026428
107.8,2.250578741036039,2.3475847523936,-0.12269752227500413,1.6760167611467303,-0.022641225245877493
107.87,2.24943476860803,2.3479597911072307,-0.12353201136554165,1.68100084160956,-0.02305561264149079
107.94,2.2482907961800214,2.348334829820861,-0.12437297753345278,1.6859849220723884,-0.023470000037103995
108.01,2.2184877761582134,2.3229735605822714,-0.12522047254189095,1.690969002535218,-0.023884387432717296
108.08,2.188684756136412,2.2976122913436874,-0.12607454815400887,1.6959530829980465,-0.02429877482833051
108.15,2.158881736114605,2.272251022105098,-0.12693525613296,1.700937163460876,-0.0247131622239438
108.22,2.129078716092803,2.246889752866514,-0.12780264824189702,1.7059212439237044,-0.02512754961955701
108.29,2.0992756960709955,2.2215284836279245,-0.12867677624397342,1.710905324386534,-0.025541937015170307
108.36,2.069472676049194,2.1961672143893405,-0.12955769190234187,1.7158894048493625,-0.02595632441078352
108.43,2.0396696560273866,2.1708059451507515,-0.13044544698015578,1.7208734853121919,-0.02637071180639681
108.5,2.009866636005585,2.1454446759121666,-0.13134009324056795,1.7258575657750206,-0.026785099202010023
108.57,1.9800636159837834,2.120083406673583,-0.13224168244673162,1.730841646237849,-0.027199486597623234
108.64,1.9502605959619759,2.0947221374349936,-0.13315026636179997,1.7358257267006785,-0.027613873993236532
108.71,1.920457575940174,2.069360868196409,-0.1340658967489258,1.7408098071635074,-0.028028261388849743
108.78,1.8906545559183665,2.04399959895782,-0.1349886253712625,1.7457938876263368,-0.028442648784463034
108.85,1.8608515358965652,2.018638329719236,-0.1359185039919628,1.7507779680891653,-0.02885703618007625
108.92,1.8310485158747574,1.9932770604806465,-0.13685558437418013,1.755762048551995,-0.029271423575689542
108.99,1.8012454958529558,1.9679157912420624,-0.13779991828106722,1.7607461290148234,-0.029685810971302757
109.06,1.7714424758311482,1.9425545220034732,-0.13875155747577747,1.765730209477653,-0.03010019836691605
109.13,1.7416394558093466,1.917193252764889,-0.13971055372146368,1.7707142899404813,-0.030514585762529266
109.2,1.711836435787539,1.8918319835262998,-0.1406769587812792,1.775698370403311,-0.03092897315814256
109.27,1.6820334157657375,1.8664707142877153,-0.1416508244183767,1.7806824508661394,-0.031343360553755764
109.34,1.6522303957439297,1.841109445049126,-0.1426322023959098,1.785666531328969,-0.03175774794936907
109.41,1.6224273757221284,1.8157481758105423,-0.14362114447703103,1.7906506117917973,-0.03217213534498228
109.48,1.5926243557003208,1.7903869065719527,-0.14461770242489397,1.7956346922546271,-0.03258652274059557
109.55,1.562821335678519,1.7650256373333686,-0.14562192800265122,1.8006187727174554,-0.03300091013620879
109.62,1.5330183156567116,1.7396643680947794,-0.14663387297345631,1.805602853180285,-0.03341529753182208
109.69,1.50321529563491,1.7143030988561951,-0.14765358910046184,1.8105869336431135,-0.033829684927435294
109.76,1.4734122756131023,1.688941829617606,-0.14868112814682138,1.815571014105943,-0.03424407232304858
109.83,1.4436092555913012,1.6635805603790217,-0.14971654187568756,1.8205550945687714,-0.0346584597186618
109.9,1.4138062355694934,1.6382192911404325,-0.1507598820502139,1.825539175031601,-0.035072847114275094
109.97,1.3840032155476918,1.612858021901848,-0.151811200433553,1.8305232554944297,-0.035487234509888305
110.04,1.354200195525884,1.5874967526632588,-0.15287054878885836,1.8355073359572591,-0.0359016219055016
110.11,1.3243971755040826,1.562135483424675,-0.15393797887928268,1.8404914164200878,-0.03631600930111481
110.18,1.294594155482275,1.5367742141860854,-0.15501354246797944,1.8454754968829172,-0.036730396696728104
110.25,1.2647911354604735,1.5114129449475013,-0.1560972913181013,1.8504595773457457,-0.037144784092341315
110.32,1.234988115438672,1.486051675708917,-0.1571892771928015,1.8554436578085745,-0.037559171487954526
110.39,1.2051850954168644,1.4606904064703279,-0.1582895518552334,1.8604277382714038,-0.03797355888356783
110.46,1.1753820753950628,1.4353291372317436,-0.1593981670685496,1.8654118187342321,-0.03838794627918104
110.53,1.1455790553732554,1.4099678679931547,-0.1605151745959036,1.870395899197062,-0.03880233367479433
110.6,1.1157760353514536,1.3846065987545704,-0.1616406262004481,1.8753799796598902,-0.03921672107040754
110.67,1.085973015329646,1.359245329515981,-0.1627745736453366,1.8803640601227198,-0.039631108466020845
110.74,1.0561699953078445,1.333884060277397,-0.1639170686937217,1.8853481405855483,-0.04004549586163405
110.81,1.026366975286037,1.3085227910388073,-0.16506816310875688,1.890332221048378,-0.040459883257247344
110.88,0.9965639552642354,1.2831615218002232,-0.16622790865359482,1.8953163015112062,-0.04087427065286056
110.95,0.9667609352424278,1.257800252561634,-0.16739635709138914,1.900300381974036,-0.041288658048473856
111.02,0.9369579152206262,1.2324389833230498,-0.1685735601852923,1.9052844624368643,-0.04170304544408707
111.09,0.9071548951988186,1.2070777140844604,-0.16975956969845796,1.9102685428996937,-0.042117432839700354
111.16,0.8773518751770171,1.1817164448458763,-0.17095443739403865,1.9152526233625227,-0.042531820235313565
111.23,0.8475488551552095,1.156355175607287,-0.1721582150351879,1.920236703825352,-0.042946207630926866
111.3,0.8177458351334079,1.130993906368703,-0.17337095438505845,1.9252207842881806,-0.04336059502654008
111.37,0.7879428151116002,1.1056326371301135,-0.1745927072068037,1.9302048647510102,-0.04377498242215337
111.44,0.7581397950897988,1.0802713678915294,-0.1758235252635763,1.9351889452138387,-0.04418936981776658
111.51,0.7283367750679912,1.0549100986529403,-0.17706346031852985,1.9401730256766683,-0.04460375721337988
111.58,0.6985337550461898,1.029548829414356,-0.17831256413481691,1.9451571061394968,-0.04501814460899309
111.65,0.6687307350243821,1.0041875601757666,-0.179570888475591,1.9501411866023262,-0.04543253200460638
111.72,0.6389277150025805,0.9788262909371825,-0.18083848510400474,1.9551252670651549,-0.0458469194002196
111.79,0.6091246949807729,0.9534650216985934,-0.18211540578321175,1.9601093475279843,-0.046261306795832895
111.86,0.5793216749589714,0.9281037524600091,-0.1834017022763645,1.9650934279908128,-0.046675694191446106
111.93,0.5495186549371638,0.9027424832214199,-0.1846974263466167,1.9700775084536424,-0.0470900815870594
112.0,0.5197156349153622,0.8773812139828356,-0.18600262975712084,1.9750615889164709,-0.04750446898267262
112.07,0.48991261489356064,0.8520199447442515,-0.18731736427103024,1.9800456693792992,-0.04791885637828582
112.14,0.46010959487175307,0.8266586755056622,-0.18864168165149825,1.985029749842129,-0.048333243773899116
112.21,0.4303065748499516,0.8012974062670781,-0.18997563366167747,1.9900138303049575,-0.04874763116951233
112.28,0.4005035548281439,0.7759361370284887,-0.19131927206472144,1.9949979107677869,-0.04916201856512563
112.35,0.37070053480634235,0.7505748677899046,-0.19267264862378272,1.9999819912306156,-0.04957640596073884
112.42,0.3408975147845348,0.7252135985513153,-0.19403581510201498,2.004966071693445,-0.04999079335635213
112.49,0.31109449476273326,0.699852329312731,-0.19540882326257064,2.0099501521562737,-0.05040518075196534
112.56,0.28129147474092564,0.6744910600741417,-0.19679172486860344,2.0149342326191033,-0.05081956814757864
112.63,0.2514884547191241,0.6491297908355576,-0.19818457168326584,2.0199183130819316,-0.05123395554319185
112.7,0.23759689212659546,0.6276563144084931,-0.19958739136929068,2.0164580089086614,-0.04914761404789834
112.77,0.2237053295340696,0.6061828379814329,-0.2010001151877265,2.012997704735393,-0.04706127255260524
112.84,0.20981376694154094,0.5847093615543685,-0.2024226502992023,2.0095374005621234,-0.044974931057311734
112.91,0.19592220434901506,0.5632358851273084,-0.20385490386434565,2.006077096388854,-0.042888589562018645
112.98,0.1820306417564864,0.541762408700244,-0.20529678304378549,2.0026167922155844,-0.040802248066725125
113.05,0.16813907916396054,0.5202889322731837,-0.20674819499814953,1.9991564880423154,-0.038715906571432035
113.12,0.15424751657143188,0.4988154558461193,-0.20820904688806677,1.995696183869046,-0.03662956507613852
113.19,0.14035595397890605,0.4773419794190592,-0.20967924587416478,1.9922358796957769,-0.03454322358084543
113.26,0.12646439138637733,0.4558685029919948,-0.21115869911707258,1.988775575522507,-0.03245688208555191
113.33,0.11257282879385151,0.43439502656493456,-0.21264731377741788,1.985315271349238,-0.030370540590258822
113.4,0.09868126620132282,0.41292155013787013,-0.2141449970158295,1.9818549671759684,-0.028284199094965313
113.47,0.08478970360879695,0.39144807371081,-0.2156516559929352,1.9783946630026992,-0.026197857599672216
113.54,0.07089814101626829,0.36997459728374554,-0.21716719786936392,1.9749343588294297,-0.024111516104378707
113.61,0.05700657842374246,0.3485011208566854,-0.21869152980574344,1.9714740546561607,-0.02202517460908562
113.68,0.04311501583121377,0.32702764442962096,-0.22022455896270246,1.9680137504828907,-0.0199388331137921
113.75,0.02922345323868794,0.3055541680025608,-0.22176619250086888,1.9645534463096217,-0.017852491618499014
113.82,0.01533189064616211,0.28408069157550064,-0.22331633758087122,1.9610931421363529,-0.015766150123205917
113.89,0.0014403280536334218,0.2626072151484362,-0.22487490136333807,1.9576328379630832,-0.013679808627912411
113.96,-0.012451234538892464,0.24113373872137606,-0.22644179100889725,1.9541725337898144,-0.011593467132619321
114.03,-0.026342797131421153,0.21966026229431163,-0.22801691367817759,1.9507122296165444,-0.009507125637325801
114.1,-0.04023435972394698,0.19818678586725147,-0.22960017653180678,1.9472519254432754,-0.007420784142032712
114.17,-0.054125922316475644,0.17671330944018704,-0.23119148673041376,1.943791621270006,-0.005334442646739206
114.24,-0.0680174849090015,0.15523983301312683,-0.2327907514346263,1.940331317096737,-0.003248101151446116
114.31,-0.08190904750153016,0.1337663565860624,-0.23439787780507326,1.9368710129234672,-0.0011617596561525959
114.38,-0.095800610094056,0.11229288015900224,-0.23601277300238227,1.9334107087501982,0.000924581839140487
114.45,-0.10969217268658471,0.09081940373193781,-0.2376353441871824,1.9299504045769287,0.003010923334434007
114.52,-0.12358373527911057,0.06934592730487765,-0.23926549852010126,1.9264901004036594,0.005097264829727104
114.59,-0.1374752978716392,0.047872450877813166,-0.24090314316176778,1.9230297962303897,0.00718360632502061
114.66,-0.1513668604641651,0.026398974450753065,-0.24254818527280966,1.9195694920571207,0.009269947820313706
114.73,-0.16525842305669372,0.004925498023688468,-0.2442005320138558,1.9161091878838512,0.01135628931560722
114.8,-0.17914998564921958,-0.01654797840337152,-0.24586009054553395,1.9126488837105822,0.01344263081090031
114.87,-0.1930415482417482,-0.03802145483043601,-0.2475267680284731,1.9091885795373122,0.015528972306193815
114.94,-0.2069331108342741,-0.059494931257496164,-0.24920047162330072,1.9057282753640432,0.017615313801486905
115.01,-0.2208246734268028,-0.08096840768456054,-0.25088110849064593,1.9022679711907737,0.019701655296780425
115.08,-0.23471623601932862,-0.1024418841116208,-0.2525685857911364,1.8988076670175047,0.0217879967920735
115.15,-0.2486077986118573,-0.12391536053868518,-0.25426281068540096,1.895347362844235,0.023874338287367028
115.22,-0.26249936120438316,-0.14538883696574534,-0.25596369033406746,1.891887058670966,0.02596067978266013
115.29,-0.2763909237969118,-0.1668623133928097,-0.2576711318977647,1.8884267544976963,0.028047021277953624
115.36,-0.2902824863894377,-0.18833578981986998,-0.2593850425371203,1.8849664503244272,0.030133362773246727
115.43,-0.30417404898196637,-0.2098092662469344,-0.2611053294127635,1.8815061461511575,0.03221970426854024
115.5,-0.31806561157449215,-0.23128274267399457,-0.26283189968532167,1.8780458419778885,0.03430604576383333
115.57,-0.3319571741670181,-0.2527562191010546,-0.2645646605154236,1.8745855378046197,0.03639238725912642
115.64,-0.34584873675954675,-0.2742296955281192,-0.2663035190636978,1.8711252336313497,0.03847872875441993
115.71,-0.3597402993520725,-0.29570317195517926,-0.26804838249077206,1.8676649294580807,0.04056507024971302
115.78,-0.37363186194460124,-0.31717664838224374,-0.2697991579572753,1.864204625284811,0.04265141174500655
115.85,-0.38752342453712707,-0.3386501248093039,-0.27155575262383524,1.8607443211115422,0.04473775324029962
115.92,-0.4014149871296558,-0.3601236012363684,-0.27331807365108063,1.8572840169382723,0.04682409473559315
115.99,-0.4153065497221816,-0.38159707766342843,-0.2750860281996394,1.8538237127650035,0.04891043623088623
116.06,-0.4291981123147103,-0.403070554090493,-0.27685952343014036,1.8503634085917338,0.05099677772617975
116.13,-0.4430896749072361,-0.4245440305175531,-0.27863846650321106,1.8469031044184647,0.053083119221472824
116.2,-0.4569812374997649,-0.44601750694461756,-0.2804227645794808,1.843442800245195,0.05516946071676635
116.27,-0.47087280009229066,-0.4674909833716776,-0.28221232481957687,1.839982496071926,0.057255802212059455
116.34,-0.48476436268481937,-0.4889644597987422,-0.28400705438412843,1.8365221918986565,0.05934214370735295
116.41,-0.49865592527734526,-0.5104379362258022,-0.2858068604337632,1.8330618877253875,0.06142848520264605
116.48,-0.5125474878698739,-0.5319114126528668,-0.28761165012911005,1.8296015835521178,0.06351482669793956
116.55,-0.5264390504623998,-0.5533848890799268,-0.28942133063079656,1.8261412793788485,0.06560116819323265
116.62,-0.5403306130549284,-0.5748583655069914,-0.2912358090994518,1.822680975205579,0.06768750968852616
116.69,-0.5542221756474542,-0.5963318419340514,-0.29305499269570334,1.81922067103231,0.06977385118381925
116.76,-0.5681137382399829,-0.617805318361116,-0.2948787885801803,1.8157603668590403,0.07186019267911276
116.83,-0.5820053008325088,-0.639278794788176,-0.2967071039135102,1.8123000626857713,0.07394653417440586
116.9,-0.5958968634250374,-0.6607522712152406,-0.2985398458563221,1.8088397585125018,0.07603287566969937
116.97,-0.6097884260175633,-0.6822257476423006,-0.30037692156924345,1.8053794543392325,0.07811921716499247
117.04,-0.623679988610092,-0.7036992240693652,-0.3022182382129035,1.8019191501659628,0.080205558660286
117.11,-0.6375715512026178,-0.7251727004964252,-0.3040637029479297,1.7984588459926938,0.08229190015557908
117.18,-0.6514631137951465,-0.7466461769234897,-0.3059132229349512,1.7949985418194243,0.08437824165087257
117.25,-0.6653546763876723,-0.7681196533505499,-0.30776670533459555,1.7915382376461553,0.08646458314616565
117.32,-0.6792462389801982,-0.78959312977761,-0.30962405730749126,1.7880779334728865,0.08855092464145875
117.39,-0.7025748439212612,-0.8110666062046746,-0.31148518601426717,1.7846176292996163,0.09063726613675227
117.46,-0.7259034488623195,-0.8325400826317346,-0.31334999861555085,1.7811573251263475,0.09272360763204537
117.53,-0.7492320538033824,-0.8540135590587993,-0.31521840227197123,1.7776970209530778,0.09480994912733885
117.6,-0.7725606587444408,-0.8754870354858593,-0.317090304144156,1.7742367167798088,0.096896290622632
117.67,-0.7958892636855037,-0.8969605119129237,-0.31896561139273427,1.770776412606539,0.09898263211792549
117.74,-0.819217868626562,-0.9184339883399839,-0.32084423117833355,1.76731610843327,0.10106897361321857
117.81,-0.8425464735676251,-0.9399074647670483,-0.32272607066158276,1.76385580426,0.10315531510851211
117.88,-0.8658750785086833,-0.9613809411941083,-0.32461103700310956,1.7603955000867313,0.10524165660380519
117.95,-0.8892036834497463,-0.982854417621173,-0.326499037363543,1.7569351959134616,0.1073279980990987
118.02,-0.9125322883908046,-1.004327894048233,-0.32838997890351074,1.7534748917401928,0.10941433959439177
118.09,-0.9358608933318677,-1.0258013704752975,-0.33028376878364174,1.750014587566923,0.1115006810896853
118.16,-0.9591894982729258,-1.0472748469023576,-0.33218031416456356,1.7465542833936538,0.11358702258497838
118.23,-0.9825181032139889,-1.0687483233294222,-0.3340795222069053,1.7430939792203843,0.1156733640802719
118.3,-1.005846708155047,-1.0902217997564823,-0.33598130007129445,1.7396336750471153,0.11775970557556498
118.37,-1.02917531309611,-1.1116952761835468,-0.33788555491836014,1.7361733708738456,0.11984604707085852
118.44,-1.0525039180371685,-1.1331687526106067,-0.3397921939087299,1.7327130667005766,0.1219323885661516
118.51,-1.0758325229782315,-1.1546422290376714,-0.341701124203033,1.729252762527307,0.12401873006144509
118.58,-1.0991611279192897,-1.1761157054647313,-0.3436122529618965,1.7257924583540378,0.12610507155673817
118.65,-1.1224897328603527,-1.197589181891796,-0.34552548734594996,1.7223321541807681,0.12819141305203172
118.72,-1.145818337801411,-1.219062658318856,-0.3474407345158207,1.718871850007499,0.13027775454732482
118.79,-1.1691469427424739,-1.2405361347459207,-0.34935790163213787,1.7154115458342296,0.13236409604261828
118.86,-1.1924755476835323,-1.2620096111729806,-0.3512768958555289,1.7119512416609606,0.13445043753791142
118.93,-1.2158041526245953,-1.2834830876000451,-0.35319762434662294,1.7084909374876909,0.13653677903320494
119.0,-1.2391327575656534,-1.3049565640271052,-0.3551199942660477,1.7050306333144216,0.138623120528498
119.07,-1.2624613625067118,-1.3264300404541653,-0.35704391277443154,1.7015703291411528,0.1407094620237911
119.14,-1.2857899674477749,-1.34790351688123,-0.3589692870324034,1.698110024967883,0.14279580351908464
119.21,-1.309118572388833,-1.3693769933082898,-0.36089602420059075,1.6946497207946143,0.1448821450143777
119.28,-1.332447177329896,-1.3908504697353545,-0.36282403143962266,1.6911894166213444,0.1469684865096712
119.35,-1.3557757822709542,-1.4123239461624144,-0.36475321591012677,1.6877291124480756,0.14905482800496428
119.42,-1.3791043872120174,-1.4337974225894792,-0.366683484772732,1.6842688082748056,0.15114116950025783
119.49,-1.4024329921530756,-1.455270899016539,-0.368614745188066,1.6808085041015368,0.1532275109955509
119.56,-1.4257615970941386,-1.4767443754436038,-0.37054690431675774,1.677348199928267,0.15531385249084442
119.63,-1.4490902020351968,-1.4982178518706637,-0.37247986931943483,1.673887895754998,0.1574001939861375
119.7,-1.4724188069762598,-1.5196913282977282,-0.37441354735672655,1.6704275915817284,0.15948653548143105
119.77,-1.4957474119173182,-1.5411648047247883,-0.37634784558926015,1.6669672874084591,0.16157287697672415
119.84,-1.519076016858381,-1.5626382811518529,-0.3782826711776648,1.6635069832351894,0.16365921847201761
119.91,-1.5424046217994396,-1.584111757578913,-0.380217931282568,1.6600466790619206,0.16574555996731075
119.98,-1.5657332267405024,-1.6055852340059775,-0.3821535330645989,1.6565863748886507,0.16783190146260427
120.05,-1.5890618316815606,-1.6270587104330376,-0.38408938368438506,1.6531260707153819,0.16991824295789734
120.12,-1.6123904366226238,-1.6485321868601022,-0.38602539030255545,1.6496657665421124,0.17200458445319083
120.19,-1.635719041563682,-1.6700056632871623,-0.3879614600797379,1.6462054623688431,0.17409092594848397
120.26,-1.6590476465047448,-1.6914791397142266,-0.3898975001765611,1.6427451581955734,0.17617726744377746
120.33,-1.6823762514458034,-1.712952616141287,-0.39183341775365277,1.6392848540223044,0.17826360893907053
120.4,-1.7057048563868662,-1.7344260925683512,-0.3937691199716419,1.635824549849035,0.18034995043436405
120.47,-1.7290334613279246,-1.7558995689954113,-0.39570451399115625,1.6323642456757659,0.18243629192965716
120.54,-1.7523620662689878,-1.7773730454224759,-0.3976395069728247,1.6289039415024962,0.18452263342495068
120.61,-1.775690671210046,-1.798846521849536,-0.39957400607727495,1.625443637329227,0.18660897492024375
120.68,-1.7990192761511088,-1.8203199982766005,-0.40150791846513606,1.6219833331559574,0.18869531641553725
120.75,-1.822347881092167,-1.8417934747036606,-0.40344115129703534,1.6185230289826884,0.19078165791083035
120.82,-1.8456764860332253,-1.8632669511307207,-0.40537361173360176,1.6150627248094196,0.19286799940612345
120.89,-1.8690050909742884,-1.8847404275577853,-0.40730520693546385,1.6116024206361497,0.19495434090141697
120.96,-1.8923336959153465,-1.9062139039848456,-0.40923584406324914,1.6081421164628809,0.19704068239671008
121.03,-1.9156623008564098,-1.9276873804119097,-0.41116543027758684,1.604681812289611,0.1991270238920036
121.1,-1.938990905797468,-1.94916085683897,-0.41309387273910436,1.6012215081163421,0.20121336538729667
121.17,-1.962319510738531,-1.9706343332660343,-0.41502107860843107,1.5977612039430722,0.20329970688259016
121.24,-1.9856481156795893,-1.9921078096930946,-0.41694695504619406,1.5943008997698034,0.20538604837788327
121.31,-2.008976720620652,-2.013581286120159,-0.4188714092130228,1.5908405955965337,0.2074723898731768
121.38,-2.0323053255617105,-2.0350547625472193,-0.4207943482695445,1.5873802914232649,0.20955873136846986
121.45,-2.0556339305027738,-2.0565282389742836,-0.4227156793763885,1.5839199872499947,0.21164507286376338
121.52,-2.0789625354438317,-2.078001715401344,-0.4246353096941822,1.580459683076726,0.21373141435905646
121.59,-2.1022911403848945,-2.0994751918284082,-0.42655314638355474,1.5769993789034562,0.21581775585434998
121.66,-2.125619745325953,-2.1209486682554686,-0.42846909660513377,1.5735390747301874,0.21790409734964306
121.73,-2.148948350267016,-2.142422144682533,-0.43038306751954813,1.5700787705569175,0.2199904388449366
121.8,-2.1722769552080745,-2.163895621109593,-0.4322949662874256,1.5666184663836487,0.22207678034022968
121.87,-2.1956055601491373,-2.1853690975366575,-0.43420470006939504,1.5631581622103787,0.22416312183552317
121.94,-2.2189341650901957,-2.206842573963718,-0.43611217602608415,1.5596978580371097,0.2262494633308163
122.01,-2.2422627700312585,-2.228316050390782,-0.4380173013181219,1.55623755386384,0.22833580482610977
122.08,-2.242475596311056,-2.228073943289266,-0.43991998310613595,1.5527772496905712,0.23042214632140284
122.15,-2.242688422590853,-2.22783183618775,-0.44182012855075536,1.5493169455173015,0.2325084878166964
122.22,-2.2429012488706506,-2.2275897290862336,-0.44371764481260756,1.5458566413440322,0.23459482931198947
122.29,-2.243114075150448,-2.2273476219847175,-0.4456124390523217,1.5423963371707627,0.23668117080728301
122.36,-2.243326901430245,-2.2271055148832013,-0.44750441843052535,1.5389360329974937,0.2387675123025761
122.43,-2.243539727710042,-2.226863407781685,-0.44939349010784757,1.535475728824224,0.24085385379786955
122.5,-2.2437525539898395,-2.226621300680169,-0.4512795612449158,1.532015424650955,0.24294019529316274
122.57,-2.2439653802696364,-2.2263791935786528,-0.453162539002359,1.528555120477686,0.24502653678845582
122.64,-2.2441782065494342,-2.2261370864771366,-0.45504233054080556,1.5250948163044162,0.2471128782837493
122.71,-2.2443910328292316,-2.2258949793756204,-0.4569188430208832,1.5216345121311472,0.24919921977904244
122.78,-2.244603859109029,-2.2256528722741042,-0.45879198360322093,1.5181742079578775,0.25128556127433593
122.85,-2.244816685388826,-2.225410765172588,-0.46066165944844645,1.5147139037846085,0.253371902769629
122.92,-2.245029511668623,-2.2251686580710714,-0.46252777771718856,1.511253599611339,0.25545824426492253
122.99,-2.24524233794842,-2.2249265509695557,-0.46439024557007497,1.5077932954380702,0.2575445857602156
123.06,-2.245455164228218,-2.224684443868039,-0.46624897016773476,1.5043329912648,0.2596309272555091
123.13,-2.245667990508015,-2.224442336766523,-0.4681038586707954,1.5008726870915312,0.2617172687508022
123.2,-2.245880816787812,-2.2242002296650067,-0.4699548182398863,1.4974123829182615,0.2638036102460957
123.27,-2.2460936430676095,-2.2239581225634906,-0.47180175603563435,1.4939520787449927,0.26588995174138885
123.34,-2.246306469347407,-2.2237160154619744,-0.47364457921866915,1.4904917745717228,0.2679762932366823
123.41,-2.246519295627204,-2.223473908360458,-0.4754831949496181,1.487031470398454,0.2700626347319754
123.48,-2.2467321219070016,-2.223231801258942,-0.4773175103891103,1.483571166225184,0.2721489762272689
123.55,-2.2469449481867985,-2.222989694157426,-0.4791474326977733,1.4801108620519152,0.274235317722562
123.62,-2.247157774466596,-2.2227475870559097,-0.48097286903623604,1.4766505578786453,0.27632165921785556
123.69,-2.247370600746393,-2.2225054799543935,-0.4827937265651262,1.4731902537053765,0.27840800071314864
123.76,-2.2475834270261905,-2.2222633728528773,-0.4846099124450728,1.4697299495321068,0.28049434220844216
123.83,-2.247796253305988,-2.222021265751361,-0.4864213338367036,1.466269645358838,0.28258068370373524
123.9,-2.2480090795857848,-2.221779158649845,-0.4882278979006473,1.4628093411855678,0.2846670251990287
123.97,-2.2482219058655826,-2.221537051548329,-0.49002951179753185,1.459349037012299,0.2867533666943218
124.04,-2.2484347321453795,-2.2212949444468126,-0.49182608268798583,1.4558887328390295,0.28883970818961535
124.11,-2.248647558425177,-2.221052837345296,-0.49361751773263723,1.4524284286657605,0.2909260496849084
124.18,-2.248860384704974,-2.22081073024378,-0.49540372409211497,1.4489681244924908,0.29301239118020195
124.25,-2.249073210984771,-2.2205686231422637,-0.4971846089270465,1.4455078203192218,0.295098732675495
124.32,-2.249286037264569,-2.220326516040748,-0.4989600793980607,1.4420475161459525,0.2971850741707881
124.39,-2.249498863544366,-2.2200844089392318,-0.5007300426657861,1.4385872119726828,0.2992714156660816
124.46,-2.249711689824163,-2.219842301837715,-0.5024944058908501,1.4351269077994138,0.30135775716137475
124.53,-2.2499245161039605,-2.219600194736199,-0.5042530762338824,1.4316666036261443,0.3034440986566682
124.6,-2.250137342383758,-2.2193580876346832,-0.5060059608555099,1.4282062994528752,0.3055304401519614
124.67,-2.250350168663555,-2.2191159805331666,-0.507752966916362,1.4247459952796053,0.30761678164725487
124.74,-2.250562994943352,-2.2188738734316504,-0.509494001577066,1.4212856911063363,0.30970312314254794
124.81,-2.2507758212231495,-2.2186317663301343,-0.5112289719982512,1.4178253869330668,0.31178946463784146
124.88,-2.250988647502947,-2.218389659228618,-0.5129577853405453,1.414365082759798,0.31387580613313454
124.95,-2.251201473782744,-2.218147552127102,-0.5146803487645768,1.410904778586528,0.3159621476284281
125.02,-2.2514143000625415,-2.2179054450255857,-0.5163965694309738,1.4074444744132593,0.3180484891237212
125.09,-2.2516271263423384,-2.217663337924069,-0.518106354500365,1.4039841702399893,0.3201348306190147
125.16,-2.2518399526221358,-2.217421230822553,-0.5198096111333784,1.4005238660667205,0.3222211721143078
125.23,-2.252052778901933,-2.217179123721037,-0.5215062464906426,1.3970635618934506,0.32430751360960125
125.3,-2.2522656051817305,-2.216937016619521,-0.5231961677327855,1.3936032577201818,0.3263938551048943
125.37,-2.252478431461528,-2.216694909518005,-0.5248792820204359,1.390142953546912,0.3284801966001879
125.44,-2.252691257741325,-2.2164528024164887,-0.5265554965142214,1.3866826493736433,0.330566538095481
125.51,-2.2529040840211225,-2.216210695314972,-0.5282247183747711,1.3832223452003731,0.3326528795907745
125.58,-2.2531169103009194,-2.2159685882134563,-0.5298868547627129,1.3797620410271043,0.3347392210860676
125.65,-2.2533297365807172,-2.2157264811119397,-0.5315418128386752,1.3763017368538346,0.3368255625813611
125.72,-2.253542562860514,-2.2154843740104235,-0.5331894997632861,1.3728414326805658,0.33891190407665417
125.79,-2.2537553891403115,-2.2152422669089074,-0.5348298226971745,1.3693811285072959,0.3409982455719477
125.86,-2.253968215420109,-2.215000159807391,-0.5364626888009679,1.365920824334027,0.3430845870672408
125.93,-2.254181041699906,-2.214758052705875,-0.5380880052352953,1.3624605201607571,0.3451709285625343
126.0,-2.254393867979703,-2.214515945604359,-0.5397056791607844,1.3590002159874883,0.34725727005782736
126.07,-2.2546066942595004,-2.2142738385028427,-0.5413156177380639,1.3555399118142193,0.34934361155312044
126.14,-2.254819520539298,-2.2140317314013265,-0.5429177281277624,1.3520796076409496,0.35142995304841396
126.21,-2.255032346819095,-2.2137896242998103,-0.5445119174905075,1.3486193034676806,0.35351629454370703
126.28,-2.2552451730988925,-2.213547517198294,-0.5460980929869284,1.345158999294411,0.3556026360390006
126.35,-2.25545799937869,-2.213305410096778,-0.5476761617776523,1.3416986951211416,0.3576889775342937
126.42,-2.2556708256584868,-2.2130633029952618,-0.5492460310233085,1.3382383909478721,0.3597753190295872
126.49,-2.255883651938284,-2.2128211958937456,-0.5508076078845247,1.334778086774603,0.3618616605248803
126.56,-2.2560964782180815,-2.2125790887922294,-0.5523607995219295,1.3313177826013334,0.36394800202017374
126.63,-2.2563093044978784,-2.2123369816907132,-0.5539055130961509,1.3278574784280643,0.3660343435154668
126.7,-2.256522130777676,-2.212094874589197,-0.5554416557678178,1.3243971742547946,0.3681206850107604
126.77,-2.256734957057473,-2.211852767487681,-0.5569691346975579,1.3209368700815258,0.3702070265060535
126.84,-2.2569477833372704,-2.2116106603861643,-0.558487857046,1.317476565908256,0.372293368001347
126.91,-2.2571606096170678,-2.2113685532846485,-0.5599977299737718,1.314016261734987,0.3743797094966401
126.98,-2.257373435896865,-2.2111264461831324,-0.5614986606415023,1.3105559575617174,0.37646605099193364
127.05,-2.2575862621766625,-2.2108843390816157,-0.5629905562098193,1.3070956533884486,0.3785523924872267
127.12,-2.2577990884564594,-2.2106422319800996,-0.5644733238393517,1.3036353492151784,0.38063873398252024
127.19,-2.258011914736257,-2.210400124878584,-0.5659468706907269,1.3001750450419096,0.38272507547781337
127.26,-2.2582247410160545,-2.210158017777067,-0.5674111039245742,1.29671474086864,0.38481141697310683
127.33,-2.2584375672958514,-2.209915910675551,-0.5688659307015209,1.293254436695371,0.3868977584683999
127.4,-2.258650393575649,-2.209673803574035,-0.5703112581821964,1.2897941325221012,0.38898409996369343
127.47,-2.258863219855446,-2.209431696472519,-0.571746993527228,1.2863338283488324,0.3910704414589865
127.54,-2.2590760461352435,-2.2091895893710025,-0.5731730438972449,1.2828735241755624,0.3931567829542801
127.61,-2.2592888724150404,-2.2089474822694863,-0.5745893164528746,1.2794132200022936,0.39524312444957316
127.68,-2.259501698694838,-2.20870537516797,-0.575995718354746,1.2759529158290237,0.3973294659448666
127.75,-2.259714524974635,-2.208463268066454,-0.5773921567634872,1.272492611655755,0.39941580744015975
127.82,-2.2599273512544324,-2.208221160964938,-0.5787785388397262,1.2690323074824859,0.40150214893545283
127.89,-2.26014017753423,-2.2079790538634216,-0.5801547717440919,1.2655720033092164,0.4035884904307463
127.96,-2.2603530038140267,-2.2077369467619055,-0.5815207626372124,1.2621116991359471,0.40567483192603937
128.03,-2.2605658300938245,-2.207494839660389,-0.582876418679716,1.2586513949626774,0.40776117342133295
128.1,-2.2607786563736214,-2.2072527325588727,-0.5842216470322306,1.2551910907894084,0.409847514916626
128.17,-2.2609914826534188,-2.207010625457357,-0.585556354855385,1.2517307866161396,0.4119338564119191
128.24,-2.261204308933216,-2.2067685183558403,-0.5868804493098081,1.2482704824428692,0.414020197907213
128.31,-2.2614171352130135,-2.206526411254324,-0.5881938375561266,1.2448101782696002,0.41610653940250614
128.38,-2.2616299614928104,-2.206284304152808,-0.5894964267549699,1.241349874096331,0.4181928808977992
128.45,-2.2618427877726077,-2.2060421970512922,-0.590788124066966,1.237889569923062,0.4202792223930923
128.52,-2.262055614052405,-2.2058000899497756,-0.5920688366527439,1.2344292657497917,0.42236556388838625
128.59,-2.2622684403322024,-2.2055579828482594,-0.5933384716729309,1.2309689615765227,0.42445190538367933
128.66,-2.2624812666119993,-2.2053158757467433,-0.5945969362881557,1.2275086574032537,0.4265382468789724
128.73,-2.262694092891797,-2.205073768645227,-0.5958441376590468,1.2240483532299848,0.4286245883742656
128.8,-2.262906919171594,-2.204831661543711,-0.5970799829462325,1.2205880490567143,0.4307109298695595
128.87,-2.263119745451392,-2.2045895544421947,-0.5983043793103406,1.2171277448834452,0.4327972713648526
128.94,-2.2633325717311887,-2.2043474473406786,-0.599517233912,1.2136674407101764,0.4348836128601457
129.01,-2.263545398010986,-2.2041053402391624,-0.6007184539118385,1.2102071365369074,0.4369699543554388
129.08,-2.2637582242907834,-2.203863233137646,-0.6019079464704855,1.206746832363637,0.43905629585073264
129.15,-2.263971050570581,-2.20362112603613,-0.6030856187485678,1.2032865281903677,0.44114263734602577
129.22,-2.264183876850378,-2.203379018934614,-0.6042513779067147,1.199826224017099,0.44322897884131884
129.29,-2.264396703130175,-2.2031369118330972,-0.605405131105554,1.19636591984383,0.445315320336612
129.36,-2.2646095294099724,-2.202894804731581,-0.6065467855057147,1.1929056156705595,0.44740166183190594
129.43,-2.2648223556897698,-2.2026526976300653,-0.6076762482678244,1.1894453114972905,0.449488003327199
129.5,-2.265035181969567,-2.2024105905285487,-0.6087934265525117,1.1859850073240217,0.4515743448224921
129.57,-2.2652480082493645,-2.2021684834270325,-0.6098982275204046,1.1825247031507524,0.45366068631778517
129.64,-2.265460834529162,-2.201926376325517,-0.610990558332132,1.1790643989774834,0.45574702781307824
129.71,-2.2656736608089587,-2.201684269224,-0.612070326148322,1.1756040948042132,0.4578333693083722
129.78,-2.265886487088756,-2.2014421621224844,-0.6131374381296028,1.1721437906309442,0.4599197108036653
129.85,-2.2660993133685534,-2.201200055020968,-0.6141918014366025,1.1686834864576752,0.4620060522989584
129.92,-2.2663121396483508,-2.200957947919452,-0.6152333232299496,1.1652231822844064,0.4640923937942515
129.99,-2.266524965928148,-2.2007158408179355,-0.6162619106702729,1.1617628781111358,0.4661787352895454
130.06,-2.2667377922079455,-2.2004737337164193,-0.6172774709182,1.1583025739378667,0.4682650767848385
130.13,-2.2669506184877424,-2.200231626614903,-0.6182799111343593,1.1548422697645977,0.47035141828013155
130.2,-2.2671634447675393,-2.199989519513387,-0.6192691384793794,1.1513819655913289,0.4724377597754246
130.27,-2.267376271047337,-2.1997474124118708,-0.6202450601138888,1.1479216614180585,0.4745241012707186
130.34,-2.2675890973271344,-2.1995053053103546,-0.6212075831985152,1.1444613572447895,0.4766104427660117
130.41,-2.267801923606932,-2.1992631982088384,-0.6221566148938871,1.1410010530715202,0.47869678426130474
130.48,-2.2680147498867287,-2.1990210911073222,-0.6230920623606331,1.1375407488982512,0.4807831257565979
130.55,-2.2682275761665265,-2.198778984005806,-0.6240138327593816,1.134080444724981,0.48286946725189184
130.62,-2.2684404024463234,-2.19853687690429,-0.6249218332507602,1.130620140551712,0.48495580874718486
130.69,-2.268653228726121,-2.1982947698027737,-0.6258159709953978,1.1271598363784427,0.487042150242478
130.76,-2.268866055005918,-2.198052662701257,-0.6266961531539226,1.123699532205174,0.4891284917377711
130.83,-2.2690788812857154,-2.197810555599741,-0.6275622868869631,1.1202392280319036,0.49121483323306503
130.9,-2.269291707565513,-2.197568448498225,-0.6284142793551472,1.1167789238586343,0.49330117472835805
130.97,-2.2695045338453097,-2.197326341396709,-0.6292520377191032,1.1133186196853655,0.4953875162236512
131.04,-2.269717360125107,-2.1970842342951924,-0.6300754691394597,1.1098583155120965,0.4974738577189443
131.11,-2.2699301864049044,-2.196842127193676,-0.6308844807768452,1.106398011338826,0.49956019921423817
131.18,-2.2701430126847013,-2.19660002009216,-0.6316789797918876,1.1029377071655568,0.5016465407095313
131.25,-2.2703558389644987,-2.196357912990644,-0.6324588733452152,1.099477402992288,0.5037328822048244
131.32,-2.270568665244296,-2.1961158058891277,-0.6332240685974565,1.096017098819019,0.5058192237001176
131.39,-2.270781491524093,-2.195873698787611,-0.6339744727092397,1.09255679464575,0.5079055651954105
131.46,-2.270795663562068,-2.1960949698244234,-0.6347100395455071,1.0890964904724796,0.5099919066907045
131.53,-2.2708098356000423,-2.196316240861235,-0.6354309097884527,1.0856361862992108,0.5120782481859976
131.6,-2.270824007638016,-2.196537511898047,-0.6361372708245854,1.0821758821259417,0.5141645896812906
131.67,-2.2708381796759904,-2.1967587829348583,-0.636829310040414,1.0787155779526727,0.5162509311765837
131.74,-2.270852351713965,-2.19698005397167,-0.6375072148224468,1.0752552737794023,0.5183372726718778
131.81,-2.27086652375194,-2.1972013250084816,-0.6381711725571919,1.0717949696061333,0.5204236141671708
131.88,-2.270880695789914,-2.1974225960452936,-0.6388213706311583,1.0683346654328643,0.5225099556624639
131.95,-2.270894867827888,-2.197643867082105,-0.6394579964308539,1.0648743612595952,0.524596297157757
132.02,-2.2709090398658627,-2.197865138118917,-0.6400812373427875,1.0614140570863249,0.5266826386530509
132.09,-2.2709232119038374,-2.198086409155729,-0.6406912807534675,1.0579537529130558,0.528768980148344
132.16,-2.2709373839418117,-2.1983076801925403,-0.641288314049402,1.0544934487397868,0.5308553216436372
132.23,-2.270951555979786,-2.1985289512293518,-0.6418725246171003,1.051033144566518,0.5329416631389302
132.3,-2.27096572801776,-2.1987502222661637,-0.6424440998430703,1.0475728403932474,0.5350280046342241
132.37,-2.270979900055735,-2.1989714933029756,-0.6430032271138203,1.0441125362199786,0.5371143461295174
132.44,-2.270994072093709,-2.199192764339787,-0.643550093815859,1.0406522320467095,0.5392006876248103
132.51,-2.2710082441316835,-2.1994140353765985,-0.6440848873356947,1.0371919278734405,0.5412870291201035
132.58,-2.271022416169658,-2.1996353064134104,-0.6446077950598363,1.0337316237001701,0.5433733706153975
132.65,-2.2710365882076324,-2.199856577450223,-0.6451190043747917,1.030271319526901,0.5454597121106904
132.72,-2.2710507602456067,-2.200077848487034,-0.6456187026670694,1.026811015353632,0.5475460536059836
132.79,-2.271064932283581,-2.2002991195238457,-0.6461070773231782,1.023350711180363,0.5496323951012767
132.86,-2.2710791043215557,-2.2005203905606576,-0.6465843157296266,1.0198904070070927,0.5517187365965707
132.93,-2.2710932763595304,-2.2007416615974695,-0.6470506052729225,1.0164301028338236,0.5538050780918636
133.0,-2.2711074483975047,-2.200962932634281,-0.6475061333395749,1.0129697986605548,0.5558914195871568
133.07,-2.271121620435479,-2.2011842036710925,-0.647951087316092,1.0095094944872858,0.5579777610824498
133.14,-2.271135792473453,-2.2014054747079044,-0.6483856545889822,1.0060491903140167,0.560064102577743
133.21,-2.271149964511428,-2.2016267457447163,-0.6488100225447545,1.0025888861407464,0.5621504440730369
133.28,-2.271164136549402,-2.2018480167815278,-0.6492243785699162,0.9991285819674773,0.56423678556833
133.35,-2.2711783085873765,-2.202069287818339,-0.6496289100509769,0.9956682777942083,0.5663231270636231
133.42,-2.271192480625351,-2.202290558855151,-0.6500238043744445,0.9922079736209394,0.5684094685589162
133.49,-2.2712066526633254,-2.202511829891963,-0.6504092489268279,0.988747669447669,0.5704958100542101
133.56,-2.2712208247012997,-2.2027331009287745,-0.6507854310946349,0.9852873652744,0.5725821515495032
133.63,-2.271234996739274,-2.2029543719655864,-0.6511525382643742,0.9818270611011309,0.5746684930447963
133.7,-2.2712491687772483,-2.203175643002398,-0.6515107578225547,0.9783667569278619,0.5767548345400894
133.77,-2.271263340815223,-2.20339691403921,-0.6518602771556845,0.9749064527545915,0.5788411760353832
133.84,-2.2712775128531972,-2.2036181850760213,-0.6522012836502717,0.9714461485813226,0.5809275175306764
133.91,-2.2712916848911715,-2.203839456112833,-0.6525339646928254,0.9679858444080536,0.5830138590259695
133.98,-2.271305856929146,-2.2040607271496446,-0.6528585076698536,0.9645255402347844,0.5851002005212625
134.05,-2.2713200289671205,-2.204281998186457,-0.6531750999678652,0.9610652360615142,0.5871865420165565
134.12,-2.2713342010050948,-2.2045032692232684,-0.6534839289733683,0.9576049318882451,0.5892728835118496
134.19,-2.271348373043069,-2.20472454026008,-0.6537851820728713,0.9541446277149761,0.5913592250071427
134.26,-2.2713625450810437,-2.204945811296892,-0.6540790466528826,0.9506843235417071,0.5934455665024357
134.33,-2.271376717119018,-2.2051670823337037,-0.6543657100999113,0.9472240193684367,0.5955319079977297
134.4,-2.2713908891569923,-2.205388353370515,-0.654645359800465,0.9437637151951677,0.5976182494930229
134.47,-2.271405061194967,-2.205609624407327,-0.6549181831410527,0.9403034110218987,0.5997045909883159
134.54,-2.2714192332329413,-2.2058308954441386,-0.6551843675081829,0.9368431068486298,0.601790932483609
134.61,-2.2714334052709155,-2.2060521664809505,-0.6554441002883638,0.9333828026753593,0.6038772739789029
134.68,-2.27144757730889,-2.206273437517762,-0.6556975688681038,0.9299224985020903,0.605963615474196
134.75,-2.2714617493468645,-2.206494708554574,-0.6559449606339115,0.9264621943288214,0.608049956969489
134.82,-2.271475921384839,-2.2067159795913858,-0.6561864629722953,0.9230018901555523,0.6101362984647821
134.89,-2.271490093422813,-2.2069372506281972,-0.6564222632697638,0.9195415859822834,0.6122226399600752
134.96,-2.2715042654607873,-2.2071585216650087,-0.6566525489128254,0.9160812818090129,0.6143089814553692
135.03,-2.271518437498762,-2.2073797927018206,-0.6568775072879884,0.9126209776357439,0.6163953229506623
135.1,-2.2715326095367363,-2.2076010637386325,-0.6570973257817613,0.909160673462475,0.6184816644459553
135.17,-2.2715467815747106,-2.207822334775444,-0.6573121917806526,0.905700369289206,0.6205680059412485
135.24,-2.271560953612685,-2.208043605812256,-0.657522292671171,0.9022400651159356,0.6226543474365425
135.31,-2.2715751256506596,-2.2082648768490674,-0.6577278158398248,0.8987797609426667,0.6247406889318354
135.38,-2.271589297688634,-2.2084861478858793,-0.6579289486731219,0.8953194567693975,0.6268270304271286
135.45,-2.2716034697266085,-2.2087074189226907,-0.6581258785575715,0.8918591525961286,0.6289133719224217
135.52,-2.271617641764583,-2.2089286899595026,-0.6583187928796816,0.8883988484228582,0.6309997134177157
135.59,-2.271631813802557,-2.2091499609963146,-0.6585078790259612,0.8849385442495892,0.6330860549130086
135.66,-2.2716459858405313,-2.209371232033126,-0.658693324382918,0.8814782400763201,0.6351723964083018
135.73,-2.271660157878506,-2.2095925030699375,-0.6588753163370611,0.8780179359030511,0.6372587379035948
135.8,-2.2716743299164803,-2.2098137741067494,-0.6590540422748987,0.8745576317297807,0.6393450793988887
135.87,-2.271688501954455,-2.2100350451435613,-0.6592296895829391,0.8710973275565118,0.6414314208941819
135.94,-2.2717026739924293,-2.2102563161803728,-0.6594024456476912,0.8676370233832427,0.643517762389475
136.01,-2.2717168460304036,-2.2104775872171847,-0.6595724978556631,0.8641767192099736,0.6456041038847681
136.08,-2.271731018068378,-2.2106988582539966,-0.6597400335933632,0.8607164150367034,0.647690445380062
136.15,-2.271745190106352,-2.210920129290808,-0.6599052402473002,0.8572561108634343,0.6497767868753551
136.22,-2.271759362144327,-2.21114140032762,-0.6600683052039822,0.8537958066901653,0.6518631283706482
136.29,-2.2717735341823015,-2.2113626713644314,-0.6602294158499182,0.8503355025168964,0.6539494698659414
136.36,-2.271787706220276,-2.2115839424012433,-0.6603887595716164,0.846875198343626,0.6560358113612352
136.43,-2.27180187825825,-2.211805213438055,-0.660546523755585,0.8434148941703569,0.6581221528565282
136.5,-2.2718160502962244,-2.2120264844748667,-0.6607028957883326,0.8399545899970879,0.6602084943518215
136.57,-2.271830222334199,-2.2122477555116786,-0.660858063056368,0.836494285823819,0.6622948358471146
136.64,-2.2718443943721733,-2.21246902654849,-0.661012212946199,0.8330339816505499,0.6643811773424076
136.71,-2.2718585664101476,-2.2126902975853016,-0.6611655328443345,0.8295736774772795,0.6664675188377016
136.78,-2.2718727384481223,-2.212911568622114,-0.6613182101372833,0.8261133733040106,0.6685538603329947
136.85,-2.2718869104860966,-2.2131328396589254,-0.6614704322115531,0.8226530691307415,0.6706402018282878
136.92,-2.271901082524071,-2.2133541106957373,-0.6616223864536526,0.8191927649574726,0.6727265433235808
136.99,-2.271915254562045,-2.2135753817325488,-0.6617742602500906,0.8157324607842021,0.6748128848188748
137.06,-2.27192942660002,-2.2137966527693607,-0.6619262409873751,0.8122721566109331,0.676899226314168
137.13,-2.271943598637994,-2.214017923806172,-0.6620785160520148,0.8088118524376642,0.678985567809461
137.2,-2.2719577706759684,-2.214239194842984,-0.6622312728305183,0.8053515482643953,0.6810719093047541
137.27,-2.271971942713943,-2.2144604658797955,-0.6623846987093936,0.8018912440911248,0.683158250800048
137.34,-2.2719861147519174,-2.2146817369166074,-0.6625389810751497,0.7984309399178559,0.6852445922953411
137.41,-2.2720002867898916,-2.214903007953419,-0.6626943073142946,0.7949706357445868,0.6873309337906341
137.48,-2.272014458827866,-2.215124278990231,-0.662850864813337,0.7915103315713178,0.6894172752859273
137.55,-2.27202863086584,-2.2153455500270427,-0.6630088409587853,0.7880500273980474,0.6915036167812213
137.62,-2.272042802903815,-2.215566821063854,-0.663168423137148,0.7845897232247784,0.6935899582765143
137.69,-2.272056974941789,-2.2157880921006656,-0.6633297987349335,0.7811294190515095,0.6956762997718074
137.76,-2.272071146979764,-2.2160093631374775,-0.6634931551386501,0.7776691148782404,0.6977626412671004
137.83,-2.272085319017738,-2.2162306341742894,-0.6636586797348065,0.7742088107049699,0.6998489827623944
137.9,-2.2720994910557124,-2.216451905211101,-0.6638265599099111,0.770748506531701,0.7019353242576876
137.97,-2.2721136630936867,-2.216673176247913,-0.6639969830504724,0.7672882023584321,0.7040216657529805
138.04,-2.2721278351316614,-2.2168944472847247,-0.6641701365429986,0.7638278981851628,0.7061080072482737
138.11,-2.2721420071696357,-2.217115718321536,-0.6643462077739983,0.7603675940118926,0.7081943487435676
138.18,-2.27215617920761,-2.217336989358348,-0.6645253841299802,0.7569072898386237,0.7102806902388608
138.25,-2.2721703512455846,-2.2175582603951596,-0.6647078529974524,0.7534469856653545,0.7123670317341537
138.32,-2.272184523283559,-2.2177795314319715,-0.6648938017629236,0.7499866814920856,0.7144533732294469
138.39,-2.272198695321533,-2.218000802468783,-0.6650834178129019,0.7465263773188165,0.7165397147247399
138.46,-2.2722128673595074,-2.218222073505595,-0.6652768885338963,0.7430660731455461,0.7186260562200338
138.53,-2.272227039397482,-2.2184433445424068,-0.665474401312415,0.7396057689722771,0.720712397715327
138.6,-2.2722412114354564,-2.2186646155792182,-0.6656761435349663,0.7361454647990082,0.7227987392106201
138.67,-2.272255383473431,-2.21888588661603,-0.6658823025880587,0.7326851606257392,0.7248850807059132
138.74,-2.2722695555114054,-2.219107157652842,-0.6660930658582008,0.7292248564524688,0.7269714222012071
138.81,-2.2722837275493797,-2.2193284286896535,-0.666308620731901,0.7257645522791998,0.7290577636965002
138.88,-2.272297899587354,-2.219549699726465,-0.6665291545956677,0.7223042481059307,0.7311441051917933
138.95,-2.2723120716253287,-2.219770970763277,-0.6667548548360095,0.7188439439326618,0.7332304466870864
139.02,-2.272326243663303,-2.219992241800089,-0.6669859088394349,0.7153836397593915,0.7353167881823803
139.09,-2.272340415701277,-2.2202135128369003,-0.6672225039924518,0.7119233355861223,0.7374031296776734
139.16,-2.272354587739252,-2.220434783873712,-0.6674648276815692,0.7084630314128534,0.7394894711729665
139.23,-2.272368759777226,-2.220656054910524,-0.6677130672932955,0.7050027272395845,0.7415758126682596
139.3,-2.2723829318152005,-2.2208773259473356,-0.6679674102141391,0.701542423066314,0.7436621541635535
139.37,-2.2723971038531747,-2.221098596984147,-0.6682280438306084,0.6980821188930451,0.7457484956588466
139.44,-2.2724112758911494,-2.221319868020959,-0.6684951555292118,0.694621814719776,0.7478348371541397
139.51,-2.2724254479291237,-2.221541139057771,-0.668768932696458,0.691161510546507,0.7499211786494328
139.58,-2.2724396199670984,-2.2217624100945823,-0.6690495627188553,0.6877012063732366,0.7520075201447267
139.65,-2.2724537920050727,-2.221983681131394,-0.669337232982912,0.6842409021999676,0.7540938616400198
139.72,-2.272467964043047,-2.2222049521682057,-0.6696321308751368,0.6807805980266985,0.756180203135313
139.79,-2.2724821360810212,-2.2224262232050176,-0.6699344437820379,0.6773202938534296,0.7582665446306059
139.86,-2.2724963081189955,-2.222647494241829,-0.6702443590901243,0.6738599896801591,0.7603528861258999
139.93,-2.2725104801569698,-2.222868765278641,-0.6705620641859039,0.6703996855068902,0.762439227621193
140.0,-2.2725246521949445,-2.223090036315453,-0.6708877464558851,0.6669393813336213,0.7645255691164861
140.07,-2.2725388242329188,-2.2233113073522643,-0.6712215932865767,0.6634790771603521,0.7666119106117791
140.14,-2.2725529962708935,-2.223532578389076,-0.671563792064487,0.6600187729870831,0.7686982521070723
140.21,-2.2725671683088677,-2.2237538494258877,-0.6719145301761247,0.6565584688138129,0.7707845936023663
140.28,-2.272581340346842,-2.2239751204626996,-0.6722739950079978,0.6530981646405438,0.7728709350976593
140.35,-2.2725955123848163,-2.224196391499511,-0.6726423739466152,0.6496378604672748,0.7749572765929524
140.42,-2.272609684422791,-2.224417662536323,-0.6730198543784851,0.6461775562940058,0.7770436180882455
140.49,-2.2726238564607653,-2.224638933573135,-0.6734066236901161,0.6427172521207354,0.7791299595835394
140.56,-2.27263802849874,-2.2248602046099464,-0.6738028692680162,0.6392569479474663,0.7812163010788326
140.63,-2.2726522005367142,-2.225081475646758,-0.6742087784986945,0.6357966437741974,0.7833026425741255
140.7,-2.2726663725746885,-2.22530274668357,-0.6746245387686594,0.6323363396009284,0.7853889840694188
140.77,-2.272680544612663,-2.2255240177203817,-0.675050337464419,0.6288760354276579,0.7874753255647126
140.84,-2.2726947166506375,-2.225745288757193,-0.6754863619724817,0.625415731254389,0.7895616670600057
140.91,-2.2727088886886113,-2.225966559794005,-0.6759327996793563,0.6219554270811201,0.7916480085552988
140.98,-2.272723060726586,-2.226187830830817,-0.6763898379715511,0.618495122907851,0.793734350050592
141.05,-2.2727372327645607,-2.2264091018676284,-0.6768576642355746,0.6150348187345807,0.7958206915458859
141.12,-2.272751404802535,-2.2266303729044403,-0.677336465857935,0.6115745145613116,0.7979070330411789
141.19,-2.2727655768405093,-2.226851643941252,-0.6778264302251409,0.6081142103880426,0.7999933745364721
141.26,-2.2727797488784836,-2.2270729149780637,-0.6783277447237012,0.6046539062147736,0.8020797160317652
141.33,-2.2727939209164583,-2.227294186014875,-0.6788405967401239,0.6011936020415032,0.8041660575270592
141.4,-2.272808092954433,-2.2275154570516875,-0.6793651736609174,0.5977332978682343,0.8062523990223522
141.47,-2.272822264992407,-2.227736728088499,-0.6799016628725901,0.5942729936949652,0.8083387405176453
141.54,-2.2728364370303815,-2.2279579991253105,-0.6804502517616509,0.5908126895216963,0.8104250820129384
141.61,-2.272850609068356,-2.2281792701621224,-0.681011127714608,0.5873523853484258,0.8125114235082322
141.68,-2.27286478110633,-2.2284005411989343,-0.6815844781179698,0.5838920811751568,0.8145977650035254
141.75,-2.2728789531443043,-2.2286218122357457,-0.6821704903582448,0.5804317770018879,0.8166841064988185
141.82,-2.2728931251822786,-2.228843083272557,-0.6827693518219415,0.5769714728286188,0.8187704479941116
141.89,-2.2729072972202533,-2.229064354309369,-0.6833812498955681,0.5735111686553498,0.8208567894894047
141.96,-2.2729214692582276,-2.229285625346181,-0.6840063719656339,0.5700508644820794,0.8229431309846986
142.03,-2.2729356412962023,-2.2295068963829925,-0.6846449054186462,0.5665905603088104,0.8250294724799917
142.1,-2.2729498133341766,-2.229728167419804,-0.6852970376411142,0.5631302561355414,0.8271158139752848
142.17,-2.272963985372151,-2.229949438456616,-0.6859629560195459,0.5596699519622724,0.8292021554705779
142.24,-2.272978157410125,-2.2301707094934278,-0.6866428479404503,0.5562096477890021,0.8312884969658719
142.31,-2.2729923294481,-2.2303919805302392,-0.6873369007903354,0.552749343615733,0.8333748384611649
142.38,-2.273006501486074,-2.230613251567051,-0.6880453019557097,0.549289039442464,0.8354611799564581
142.45,-2.2730206735240484,-2.230834522603863,-0.6887682388230819,0.5458287352691951,0.837547521451751
142.52,-2.273034845562023,-2.2310557936406745,-0.6895058987789604,0.5423684310959247,0.839633862947045
142.59,-2.2730490175999973,-2.2312770646774864,-0.6902584692098535,0.5389081269226557,0.8417202044423381
142.66,-2.2730631896379716,-2.231498335714298,-0.6910261375022697,0.5354478227493866,0.8438065459376312
142.73,-2.273077361675946,-2.23171960675111,-0.6918090910427174,0.5319875185761176,0.8458928874329242
142.8,-2.2730915337139206,-2.2319408777879213,-0.6926075172177054,0.5285272144028472,0.8479792289282182
142.87,-2.273105705751895,-2.232162148824733,-0.6934216034137417,0.5250669102295782,0.8500655704235114
142.94,-2.273119877789869,-2.2323834198615446,-0.694251537017335,0.5216066060563092,0.8521519119188044
143.01,-2.273134049827844,-2.2326046908983566,-0.6950975054149935,0.5181463018830402,0.8542382534140975
143.08,-2.273148221865818,-2.232825961935168,-0.6959596959932263,0.5146859977097699,0.8563245949093915
143.15,-2.2731623939037924,-2.23304723297198,-0.6968382961385411,0.5112256935365008,0.8584109364046845
143.22,-2.273176565941767,-2.233268504008792,-0.6977334932374468,0.5077653893632318,0.8604972778999777
143.29,-2.2731907379797414,-2.2334897750456033,-0.6986454746764514,0.5043050851899629,0.8625836193952706
143.36,-2.2732049100177156,-2.2337110460824148,-0.6995744278420644,0.5008447810166925,0.8646699608905647
143.43,-2.27321908205569,-2.2339323171192267,-0.7005205401207929,0.49738447684342346,0.8667563023858577
143.5,-2.2732332540936646,-2.2341535881560386,-0.7014839988991461,0.4939241726701544,0.8688426438811508
143.57,-2.273247426131639,-2.23437485919285,-0.7024649915636323,0.4904638684968855,0.8709289853764438
143.64,-2.273261598169613,-2.234596130229662,-0.7034637055007601,0.48700356432361647,0.873015326871737
143.71,-2.273275770207588,-2.234817401266474,-0.7044803280970382,0.483543260150346,0.875101668367031
143.78,-2.273289942245562,-2.2350386723032853,-0.7055150467389744,0.48008295597707706,0.8771880098623239
143.85,-2.2733041142835364,-2.235259943340097,-0.7065680488130772,0.47662265180380803,0.8792743513576171
143.92,-2.273318286321511,-2.2354812143769087,-0.7076395217058555,0.473162347630539,0.8813606928529102
143.99,-2.2733324583594854,-2.2357024854137206,-0.7087296528038182,0.4697020434572686,0.8834470343482042
144.06,-2.2733466303974597,-2.235923756450532,-0.7098386294934725,0.4662417392839997,0.8855333758434972
144.13,-2.273360802435434,-2.236145027487344,-0.7109666391613274,0.4627814351107306,0.8876197173387903
144.2,-2.273374974473408,-2.236366298524156,-0.7121138691938915,0.45932113093746163,0.8897060588340834
144.27,-2.273389146511383,-2.2365875695609674,-0.7132805069776739,0.45586082676419126,0.8917924003293772
144.34,-2.2734033185493576,-2.2368088405977793,-0.7144667398991817,0.4524005225909222,0.8938787418246704
144.41,-2.273417490587332,-2.237030111634591,-0.715672755344924,0.4489402184176532,0.8959650833199635
144.48,-2.273431662625306,-2.2372513826714027,-0.7168987407014092,0.44547991424438427,0.8980514248152566
144.55,-2.2734458346632804,-2.237472653708214,-0.7181448833551465,0.4420196100711138,0.9001377663105505
144.62,-2.2734600067012547,-2.237693924745026,-0.719411370692643,0.4385593058978448,0.9022241078058436
144.69,-2.2734741787392294,-2.237915195781838,-0.7206983901004079,0.43509900172457583,0.9043104493011367
144.76,-2.2734883507772037,-2.2381364668186494,-0.7220061289649498,0.43163869755130685,0.9063967907964298
144.83,-2.2735025228151784,-2.2383577378554613,-0.7233347746727771,0.4281783933780364,0.9084831322917237
144.9,-2.2735166948531527,-2.238579008892273,-0.7246845146103977,0.4247180892047674,0.9105694737870168
144.97,-2.273530866891127,-2.2388002799290847,-0.7260555361643206,0.42125778503149847,0.9126558152823099
145.04,-2.273545038929101,-2.239021550965896,-0.7274480267210541,0.41779748085822943,0.9147421567776032
145.11,-2.2735592109670755,-2.239242822002708,-0.728862173667107,0.41433717668495906,0.9168284982728969
145.18,-2.27357338300505,-2.2394640930395195,-0.730298164388987,0.4108768725116901,0.91891483976819
145.25,-2.2735875550430245,-2.2396853640763315,-0.731756186273203,0.407416568338421,0.9210011812634832
145.32,-2.2736017270809987,-2.239906635113143,-0.7332364267062634,0.40395626416515207,0.9230875227587763
145.39,-2.2736158991189734,-2.240127906149955,-0.7347390730746766,0.4004959599918831,0.9251738642540693
145.46,-2.2736300711569477,-2.2403491771867667,-0.7362643127649517,0.39703565581861266,0.9272602057493633
145.53,-2.273644243194922,-2.240570448223578,-0.7378123331635962,0.39357535164534363,0.9293465472446565
145.6,-2.2736584152328962,-2.24079171926039,-0.739383321657119,0.39011504747207465,0.9314328887399494
145.67,-2.2736725872708705,-2.2410129902972016,-0.7409774656320283,0.38665474329880567,0.9335192302352426
145.74,-2.2736867593088452,-2.2412342613340135,-0.7425949524748336,0.38319443912553525,0.9356055717305366
145.81,-2.27370093134682,-2.241455532370825,-0.7442359695720416,0.37973413495226627,0.9376919132258296
145.88,-2.273715103384794,-2.241676803407637,-0.745900704310162,0.37627383077899723,0.9397782547211228
145.95,-2.2737292754227685,-2.2418980744444483,-0.7475893440757027,0.3728135266057283,0.9418645962164158
146.02,-2.2737434474607428,-2.2421193454812602,-0.749302076255173,0.3693532224324579,0.9439509377117098
146.09,-2.273757619498717,-2.242340616518072,-0.7510390882350803,0.3658929182591889,0.9460372792070028
146.16,-2.2737717915366917,-2.2425618875548836,-0.7528005674019331,0.36243261408591987,0.9481236207022959
146.23,-2.273785963574666,-2.2427831585916955,-0.7545867011422407,0.35897230991265083,0.9502099621975889
146.3,-2.2738001356126407,-2.2430044296285074,-0.7563976768425116,0.35551200573938047,0.9522963036928829
146.37,-2.2738143076506145,-2.243225700665319,-0.7582336818892532,0.35205170156611143,0.9543826451881761
146.44,-2.2738284796885893,-2.243446971702131,-0.7600949036689744,0.34859139739284245,0.956468986683469
146.51,-2.2738426517265635,-2.2436682427389423,-0.7619815295681835,0.34513109321957347,0.9585553281787622
146.58,-2.273856823764538,-2.243889513775754,-0.7638937469733904,0.3416707890463031,0.9606416696740562
146.65,-2.2738709958025125,-2.2441107848125657,-0.7658317432711015,0.33821048487303407,0.9627280111693493
146.72,-2.2738851678404868,-2.2443320558493776,-0.7677957058478262,0.33475018069976503,0.9648143526646423
146.79,-2.273899339878461,-2.244553326886189,-0.7697858220900726,0.3312898765264961,0.9669006941599354
146.86,-2.2739135119164358,-2.244774597923001,-0.7718022793843506,0.3278295723532257,0.9689870356552294
146.93,-2.27392768395441,-2.244995868959813,-0.7738452651171663,0.3243692681799567,0.9710733771505223
147.0,-2.2739418559923843,-2.2452171399966243,-0.7759149666750298,0.32090896400668767,0.9731597186458155
147.07,-2.273956028030359,-2.245438411033436,-0.7780115714444489,0.3174486598334187,0.9752460601411086
147.14,-2.2739702000683333,-2.2456596820702477,-0.7801352668119323,0.3139883556601497,0.9773324016364017
147.21,-2.2739843721063075,-2.2458809531070596,-0.7822862401639892,0.3105280514868793,0.9794187431316956
147.28,-2.2739985441442823,-2.246102224143871,-0.7844646788871265,0.30706774731361025,0.9815050846269887
147.35,-2.2740127161822565,-2.246323495180683,-0.7866707703678533,0.30360744314034127,0.9835914261222818
147.42,-2.274026888220231,-2.2465447662174944,-0.7889047019926784,0.30014713896707224,0.9856777676175749
147.49,-2.274041060258205,-2.2467660372543063,-0.7911666611481109,0.29668683479380187,0.9877641091128688
147.56,-2.27405523229618,-2.246987308291118,-0.7934568352206575,0.2932265306205329,0.989850450608162
147.63,-2.274069404334154,-2.2472085793279297,-0.7957754115968274,0.2897662264472639,0.991936792103455
147.7,-2.2740835763721283,-2.247429850364741,-0.7981225776631293,0.2863059222739949,0.9940231335987482
147.77,-2.274097748410103,-2.247651121401553,-0.8004985208060726,0.2828456181007245,0.996109475094042
147.84,-2.2741119204480773,-2.247872392438365,-0.8029034284121636,0.27938531392745547,0.9981958165893351
147.91,-2.2741260924860516,-2.2480936634751765,-0.805337487867912,0.2759250097541865,1.0002821580846282
147.98,-2.274140264524026,-2.2483149345119884,-0.807800886559826,0.2724647055809175,1.0023684995799214
148.05,-2.2741544365620006,-2.2485362055488,-0.8102938118744154,0.26900440140764703,1.0044548410752152
148.12,-2.274168608599975,-2.2487574765856118,-0.8128164511981864,0.26554409723437805,1.0065411825705084
148.19,-2.274182780637949,-2.2489787476224237,-0.8153689919176482,0.26208379306110907,1.0086275240658014
148.26,-2.274196952675924,-2.249200018659235,-0.8179516214193098,0.2586234888878401,1.0107138655610945
148.33,-2.274211124713898,-2.249421289696047,-0.8205645270896805,0.25516318471456967,1.0128002070563886
148.4,-2.2742252967518723,-2.249642560732859,-0.8232078963152665,0.2517028805413007,1.0148865485516816
148.47,-2.2742394687898466,-2.2498638317696704,-0.8258819164825775,0.24824257636803168,1.0169728900469746
148.54,-2.2742536408278213,-2.250085102806482,-0.8285867749781217,0.24478227219476267,1.0190592315422675
148.61,-2.274267812865796,-2.2503063738432942,-0.8313226591884091,0.2413219680214923,1.0211455730375616
148.68,-2.27428198490377,-2.2505276448801057,-0.8340897564999455,0.2378616638482233,1.0232319145328548
148.75,-2.274296156941744,-2.250748915916917,-0.8368882542992407,0.2344013596749543,1.0253182560281477
148.82,-2.274310328979719,-2.2509701869537286,-0.8397183399728032,0.2309410555016853,1.0274045975234407
148.89,-2.274324501017693,-2.2511914579905405,-0.8425802009071413,0.22748075132841628,1.0294909390187341
148.96,-2.274338673055668,-2.2514127290273525,-0.8454740244887645,0.2240204471551459,1.031577280514028
149.03,-2.2743528450936417,-2.251634000064164,-0.8483999981041791,0.2205601429818769,1.033663622009321
149.1,-2.2743670171316164,-2.251855271100976,-0.8513583091398947,0.2170998388086079,1.0357499635046141
149.17,-2.274381189169591,-2.2520765421377877,-0.85434914498242,0.2136395346353389,1.0378363049999073
149.24,-2.2743953612075654,-2.252297813174599,-0.8573726930182644,0.2101792304620685,1.0399226464952012
149.31,-2.2744095332455396,-2.2525190842114107,-0.8604291406339338,0.20671892628879948,1.0420089879904944
149.38,-2.2744237052835143,-2.252740355248223,-0.8635186752159382,0.2032586221155305,1.0440953294857875
149.45,-2.2744378773214886,-2.2529616262850345,-0.8666414841507859,0.1997983179422615,1.0461816709810805
149.52,-2.274452049359463,-2.253182897321846,-0.8697977548249864,0.1963380137689911,1.0482680124763741
149.59,-2.274466221397437,-2.253404168358658,-0.872987674625046,0.19287770959572212,1.0503543539716675
149.66,-2.274480393435412,-2.2536254393954698,-0.8762114309374742,0.1894174054224531,1.0524406954669607
149.73,-2.274494565473386,-2.2538467104322812,-0.8794692111487796,0.18595710124918413,1.0545270369622537
149.8,-2.2745087375113604,-2.254067981469093,-0.8827612026454719,0.1824967970759137,1.0566133784575478
149.87,-2.2745229095493347,-2.2542892525059046,-0.8860875928140567,0.1790364929026447,1.0586997199528407
149.94,-2.2745370815873094,-2.2545105235427165,-0.8894485690410443,0.1755761887293757,1.0607860614481337
150.01,-2.2745512536252837,-2.2547317945795284,-0.8928443187129425,0.1721158845561067,1.0628724029434269
150.08,-2.2745654256632584,-2.25495306561634,-0.8962750292162617,0.16865558038283632,1.064958744438721
150.15,-2.274579597701232,-2.2551743366531514,-0.8997408879375072,0.1651952762095673,1.067045085934014
