,Wd,We,"theta(Wd,We)","x(Wd,We)","y(Wd,We)"
0.0,0.19990886845853487,-0.6014464661228908,-0.011699780386322947,-0.05720575131610583,0.7339475742607078
0.07,0.25410716887457613,-0.48216361734478297,-0.008941077895416339,-0.051780600220717184,0.733739447305512
0.14,0.3083054692906174,-0.3628807685666752,-0.006272270145811121,-0.04635544912532853,0.7335313203503161
0.21,0.36250376970665865,-0.24359791978856743,-0.0036923593881976356,-0.04093029802993989,0.7333231933951202
0.28,0.41670207012269994,-0.12431507101045958,-0.001200347873266209,-0.03550514693455124,0.7331150664399242
0.35,0.4709003705387411,-0.005032222232352002,0.0012047621482928392,-0.030079995839162595,0.7329069394847285
0.42,0.5250986709547825,0.11425062654575585,0.0035239684257891775,-0.024654844743773944,0.7326988125295326
0.49,0.5792969713708237,0.2335334753238636,0.005758268708532472,-0.019229693648385296,0.7324906855743367
0.56,0.6334952717868649,0.3528163241019715,0.007908660745832397,-0.013804542552996645,0.7322825586191409
0.63,0.6876935722029062,0.47209917288007913,0.009976142286998628,-0.008379391457607993,0.732074431663945
0.7,0.7418918726189475,0.5913820216581869,0.01196171108134082,-0.0029542403622193625,0.7318663047087491
0.77,0.7960901730349887,0.7106648704362948,0.013866364878168662,0.002470910733169289,0.7316581777535534
0.84,0.85028847345103,0.8299477192144025,0.015691101426791823,0.00789606182855794,0.7314500507983573
0.91,0.9044867738670714,0.9492305679925104,0.017436918476519965,0.013321212923946599,0.7312419238431616
0.98,0.9586850742831126,1.0685134167706178,0.019104813776662767,0.018746364019335243,0.7310337968879657
1.05,1.012883374699154,1.1877962655487257,0.0206957850765299,0.024171515114723888,0.7308256699327698
1.12,1.0670816751151952,1.3070791143268337,0.02221083012543103,0.029596666210112525,0.7306175429775739
1.19,1.1212799755312362,1.4263619631049411,0.023650946672675838,0.03502181730550118,0.7304094160223781
1.26,1.1754782759472775,1.545644811883049,0.02501713246757398,0.04044696840088983,0.7302012890671822
1.33,1.2296765763633188,1.664927660661157,0.026310385259435146,0.04587211949627848,0.7299931621119862
1.4,1.2838748767793602,1.7842105094392644,0.027531702797569,0.05129727059166712,0.7297850351567905
1.47,1.3380731771954015,1.9034933582173723,0.02868208283128521,0.056722421687055775,0.7295769082015946
1.54,1.3922714776114427,1.9260158318296141,0.029762523109893437,0.06214757278244442,0.7293687812463987
1.61,1.446469778027484,1.9485383054418557,0.030774021382703364,0.06757272387783307,0.7291606542912029
1.68,1.5006680784435251,1.9710607790540973,0.03171757539902468,0.07299787497322172,0.728952527336007
1.75,1.5548663788595665,1.993583252666339,0.03259418290816702,0.07842302606861035,0.7287444003808111
1.82,1.6090646792756078,2.016105726278581,0.03340484165944009,0.08384817716399902,0.7285362734256153
1.89,1.6632629796916487,2.0386281998908227,0.034150549402153514,0.08927332825938764,0.7283281464704193
1.96,1.7174612801076903,2.0611506735030645,0.03483230388561703,0.09469847935477631,0.7281200195152234
2.03,1.7716595805237314,2.0836731471153063,0.035451102859140264,0.10012363045016492,0.7279118925600276
2.1,1.825857880939773,2.106195620727548,0.03600794407203289,0.1055487815455536,0.7277037656048317
2.17,1.8800561813558139,2.12871809433979,0.036503825273604594,0.11097393264094224,0.7274956386496358
2.24,1.9342544817718554,2.1512405679520317,0.036939744213165045,0.1163990837363309,0.7272875116944401
2.31,1.9884527821878966,2.173763041564273,0.03731669864002388,0.12182423483171953,0.7270793847392443
2.38,2.0426510826039377,2.196285515176515,0.037635686303490824,0.1272493859271082,0.7268712577840483
2.45,2.096849383019979,2.2188079887887566,0.037897704952875505,0.13267453702249687,0.7266631308288525
2.52,2.1510476834360204,2.241330462400998,0.03810375233748764,0.1380996881178855,0.7264550038736566
2.59,2.2052459838520613,2.26385293601324,0.03825482620663685,0.1435248392132741,0.7262468769184607
2.66,2.2594442842681026,2.2863754096254816,0.038351924309632836,0.1489499903086628,0.7260387499632649
2.73,2.313642584684144,2.3088978832377234,0.03839604439578526,0.15437514140405145,0.7258306230080689
2.8,2.3678408851001853,2.331420356849965,0.03838818421440381,0.15980029249944006,0.725622496052873
2.87,2.4220391855162267,2.353942830462207,0.038329341514798124,0.1652254435948287,0.7254143690976773
2.94,2.476237485932268,2.376465304074449,0.038220514046277916,0.17065059469021737,0.7252062421424813
3.01,2.471456967186591,2.374027010222024,0.038062699558152814,0.17607574578560597,0.7249981151872853
3.08,2.466676448440915,2.3715887163696006,0.03785689579973252,0.18150089688099466,0.7247899882320895
3.15,2.4618959296952383,2.369150422517176,0.037604100520326686,0.1869260479763833,0.7245818612768938
3.22,2.4571154109495614,2.3667121286647514,0.03730531146924499,0.19235119907177198,0.7243737343216978
3.29,2.452334892203885,2.3642738348123276,0.03696152639579712,0.1977763501671606,0.724165607366502
3.36,2.4475543734582086,2.3618355409599032,0.03657374304929274,0.20320150126254927,0.7239574804113063
3.43,2.4427738547125317,2.359397247107479,0.03614295917904147,0.20862665235793793,0.7237493534561102
3.5,2.4379933359668553,2.3569589532550546,0.035670172534353076,0.21405180345332653,0.7235412265009145
3.57,2.433212817221179,2.3545206594026302,0.035156380864537144,0.21947695454871524,0.7233330995457184
3.64,2.428432298475502,2.352082365550206,0.034602581918903384,0.22490210564410387,0.7231249725905227
3.71,2.423651779729825,2.3496440716977816,0.034009773446761475,0.23032725673949245,0.7229168456353268
3.78,2.418871260984149,2.347205777845357,0.03337895319742108,0.2357524078348811,0.7227087186801309
3.85,2.4140907422384723,2.344767483992933,0.03271111892019185,0.24117755893026982,0.722500591724935
3.92,2.409310223492796,2.3423291901405086,0.032007268364383494,0.24660271002565845,0.7222924647697392
3.99,2.404529704747119,2.339890896288084,0.03126839927930565,0.2520278611210471,0.7220843378145434
4.06,2.3997491860014426,2.3374526024356603,0.030495509414268006,0.2574530122164357,0.7218762108593475
4.13,2.394968667255766,2.335014308583236,0.029689596518580205,0.2628781633118244,0.7216680839041516
4.2,2.3901881485100898,2.3325760147308117,0.02885165834155198,0.26830331440721306,0.7214599569489558
4.27,2.385407629764413,2.3301377208783873,0.027982692632492957,0.2737284655026016,0.7212518299937598
4.34,2.380627111018736,2.327699427025963,0.0270836971407128,0.2791536165979903,0.721043703038564
4.41,2.37584659227306,2.325261133173539,0.026155669615521206,0.284578767693379,0.720835576083368
4.48,2.371066073527383,2.3228228393211148,0.02519960780622781,0.29000391878876763,0.7206274491281722
4.55,2.3662855547817063,2.3203845454686904,0.02421650946214233,0.29542906988415624,0.7204193221729764
4.62,2.3615050360360303,2.3179462516162657,0.023207372332574427,0.3008542209795449,0.7202111952177804
4.69,2.3567245172903535,2.3155079577638418,0.022173194166833738,0.3062793720749336,0.7200030682625845
4.76,2.351943998544677,2.3130696639114174,0.021114972714229994,0.3117045231703222,0.7197949413073887
4.83,2.3471634797990006,2.310631370058993,0.02003370572407279,0.3171296742657108,0.7195868143521928
4.9,2.3423829610533238,2.3081930762065688,0.018930390945671866,0.32255482536109953,0.719378687396997
4.97,2.3376024423076474,2.3057547823541444,0.017806026128336847,0.32797997645648813,0.7191705604418012
5.04,2.332821923561971,2.30331648850172,0.016661609021377415,0.33340512755187685,0.7189624334866054
5.11,2.328041404816294,2.300878194649296,0.015498137374103271,0.33883027864726545,0.7187543065314095
5.18,2.3232608860706176,2.298439900796872,0.014316608935824038,0.34425542974265405,0.7185461795762136
5.25,2.3184803673249412,2.2960016069444475,0.01311802145584944,0.34968058083804276,0.7183380526210177
5.32,2.3136998485792644,2.293563313092023,0.011903372683489104,0.3551057319334314,0.7181299256658218
5.39,2.308919329833588,2.291125019239599,0.010673660368052734,0.3605308830288201,0.717921798710626
5.46,2.3041388110879115,2.288686725387175,0.009429882258849972,0.3659560341242087,0.71771367175543
5.53,2.2993582923422347,2.28624843153475,0.008173036105190485,0.37138118521959734,0.7175055448002341
5.6,2.2945777735965582,2.2838101376823263,0.006904119656384001,0.37680633631498595,0.7172974178450384
5.67,2.2897972548508814,2.281371843829902,0.005624130661740147,0.3822314874103746,0.7170892908898425
5.74,2.285016736105205,2.278933549977477,0.004334066870568578,0.38765663850576326,0.7168811639346466
5.81,2.2802362173595285,2.2764952561250533,0.0030349260321790097,0.39308178960115187,0.7166730369794507
5.88,2.2808776861334406,2.2774837081817125,0.0017277058958810824,0.3985069406965406,0.7164649100242549
5.95,2.281519154907352,2.2784721602383717,0.0004134042109844409,0.40393209179192924,0.7162567830690589
6.02,2.282160623681264,2.279460612295031,-0.0009069812732011434,0.4093572428873178,0.716048656113863
6.09,2.282802092455176,2.28044906435169,-0.002232452807366097,0.4147823939827065,0.7158405291586674
6.16,2.283443561229088,2.2814375164083494,-0.00356201264220073,0.42020754507809516,0.7156324022034714
6.23,2.2840850300030002,2.2824259684650086,-0.004894663028395349,0.42563269617348387,0.7154242752482755
6.3,2.284726498776912,2.2834144205216678,-0.006229406216640275,0.4310578472688724,0.7152161482930797
6.37,2.285367967550824,2.284402872578327,-0.00756524445762587,0.4364829983642611,0.7150080213378837
6.44,2.286009436324736,2.2853913246349866,-0.008901180002042436,0.4419081494596498,0.7147998943826879
6.51,2.2866509050986474,2.2863797766916454,-0.010236215100580289,0.44733330055503845,0.714591767427492
6.58,2.2872923738725595,2.2873682287483046,-0.011569352003929802,0.452758451650427,0.7143836404722961
6.65,2.2879338426464715,2.2883566808049642,-0.012899592962781283,0.4581836027458157,0.7141755135171003
6.72,2.2885753114203835,2.2893451328616234,-0.01422594022782504,0.46360875384120437,0.7139673865619045
6.79,2.2892167801942955,2.2903335849182827,-0.015547396049751423,0.46903390493659297,0.7137592596067086
6.86,2.289858248968207,2.2913220369749414,-0.01686296267925079,0.4744590560319817,0.7135511326515127
6.93,2.290499717742119,2.292310489031601,-0.018171642367013414,0.4798842071273703,0.7133430056963169
7.0,2.291141186516031,2.2932989410882603,-0.019472437363729656,0.4853093582227589,0.7131348787411209
7.07,2.2917826552899427,2.294287393144919,-0.020764349920089818,0.4907345093181476,0.712926751785925
7.14,2.292424124063855,2.2952758452015787,-0.02204638228678425,0.49615966041353626,0.7127186248307292
7.21,2.293065592837767,2.296264297258238,-0.02331753671450329,0.5015848115089249,0.7125104978755332
7.28,2.293707061611679,2.297252749314897,-0.024576815453937258,0.5070099626043136,0.7123023709203374
7.35,2.294348530385591,2.2982412013715563,-0.02582322075577645,0.5124351136997022,0.7120942439651416
7.42,2.294989999159503,2.2992296534282155,-0.027055754870711247,0.5178602647950907,0.7118861170099458
7.49,2.295631467933415,2.300218105484875,-0.028273420049431973,0.5232854158904795,0.7116779900547499
7.56,2.2962729367073265,2.301206557541534,-0.029475218542628877,0.528710566985868,0.711469863099554
7.63,2.2969144054812385,2.3021950095981936,-0.030660152600992398,0.5341357180812567,0.7112617361443582
7.7,2.2975558742551505,2.3031834616548528,-0.031827224475212836,0.5395608691766455,0.7110536091891623
7.77,2.298197343029062,2.304171913711512,-0.03297543641598043,0.5449860202720339,0.7108454822339664
7.84,2.298838811802974,2.3051603657681707,-0.03410379067398561,0.5504111713674228,0.7106373552787706
7.91,2.299480280576886,2.30614881782483,-0.035211289499918696,0.5558363224628114,0.7104292283235747
7.98,2.300121749350798,2.3071372698814896,-0.03629693514446998,0.5612614735582,0.7102211013683788
8.05,2.3007632181247097,2.3081257219381484,-0.03735972985832979,0.5666866246535888,0.710012974413183
8.12,2.3014046868986218,2.309114173994808,-0.03839867589218845,0.5721117757489772,0.709804847457987
8.19,2.3020461556725333,2.3101026260514668,-0.039412775496736344,0.5775369268443659,0.7095967205027912
8.26,2.3026876244464454,2.3110910781081264,-0.040401030922663755,0.5829620779397546,0.7093885935475953
8.33,2.3033290932203574,2.3120795301647856,-0.041362444420661,0.5883872290351432,0.7091804665923994
8.4,2.3039705619942694,2.313067982221445,-0.04229601824141843,0.593812380130532,0.7089723396372036
8.47,2.3046120307681814,2.314056434278104,-0.043200754635626414,0.5992375312259206,0.7087642126820077
8.54,2.305253499542093,2.3150448863347632,-0.0440756558539752,0.604662682321309,0.7085560857268118
8.61,2.305894968316005,2.3160333383914224,-0.04491972414715514,0.6100878334166978,0.7083479587716159
8.68,2.306536437089917,2.3170217904480817,-0.04573196176585664,0.6155129845120865,0.7081398318164202
8.75,2.3071779058638286,2.318010242504741,-0.046511370960769925,0.620938135607475,0.7079317048612243
8.82,2.307819374637741,2.3189986945614,-0.047256953982585385,0.6263632867028638,0.7077235779060284
8.89,2.3084608434116527,2.3199871466180593,-0.0479677130819933,0.6317884377982524,0.7075154509508326
8.96,2.3091023121855647,2.3209755986747185,-0.04864265050968407,0.6372135888936411,0.7073073239956367
9.03,2.3097437809594767,2.3219640507313777,-0.049280768516347925,0.6426387399890297,0.7070991970404408
9.1,2.3103852497333883,2.322952502788037,-0.049881069352675264,0.6480638910844183,0.7068910700852449
9.17,2.3110267185073003,2.323940954844696,-0.050442555269356426,0.653489042179807,0.706682943130049
9.24,2.3116681872812124,2.3249294069013553,-0.050964228517081725,0.6589141932751956,0.7064748161748531
9.31,2.3123096560551244,2.3259178589580145,-0.051445091346541454,0.6643393443705844,0.7062666892196573
9.38,2.3129511248290364,2.326906311014674,-0.05188414600842595,0.669764495465973,0.7060585622644615
9.45,2.313592593602948,2.327894763071333,-0.052280394753425594,0.6751896465613615,0.7058504353092656
9.52,2.31423406237686,2.328883215127992,-0.05263283983223067,0.6806147976567503,0.7056423083540697
9.59,2.3148755311507716,2.3298716671846513,-0.0529404834955315,0.6860399487521388,0.7054341813988738
9.66,2.3155169999246836,2.3308601192413105,-0.05320232799401845,0.6914650998475275,0.7052260544436779
9.73,2.3161584686985957,2.3318485712979697,-0.05341737557838183,0.6968902509429162,0.705017927488482
9.8,2.3167999374725077,2.332837023354629,-0.053584628499311955,0.7023154020383049,0.7048098005332862
9.87,2.3174414062464193,2.333825475411288,-0.05370308900749918,0.7077405531336934,0.7046016735780903
9.94,2.3180828750203313,2.3348139274679474,-0.05377175935363381,0.7131657042290821,0.7043935466228946
10.01,2.3187243437942433,2.335802379524607,-0.05378964178840618,0.7185908553244706,0.7041854196676987
10.08,2.3193658125681553,2.3367908315812658,-0.05375573856250662,0.7240160064198595,0.7039772927125028
10.15,2.3200072813420674,2.337779283637925,-0.05366905192662547,0.7294411575152481,0.7037691657573069
10.22,2.320648750115979,2.338767735694584,-0.05352858413145303,0.7348663086106367,0.703561038802111
10.29,2.321290218889891,2.339756187751244,-0.05333333742767964,0.7402914597060253,0.7033529118469152
10.36,2.321931687663803,2.340744639807903,-0.053082314065995666,0.7457166108014139,0.7031447848917193
10.43,2.3225731564377146,2.3417330918645622,-0.05277451629709144,0.7511417618968027,0.7029366579365234
10.5,2.3232146252116266,2.3427215439212214,-0.05240894637165716,0.7565669129921914,0.7027285309813276
10.57,2.3238560939855386,2.34370999597788,-0.05198460654038331,0.7619920640875799,0.7025204040261317
10.64,2.3244975627594506,2.34469844803454,-0.05150049905396016,0.7674172151829687,0.7023122770709358
10.71,2.3251390315333627,2.345686900091199,-0.05095562616307804,0.7728423662783572,0.7021041501157399
10.78,2.3257805003072742,2.3466753521478583,-0.050348990118427306,0.7782675173737459,0.701896023160544
10.85,2.3264219690811867,2.3476638042045175,-0.049679593170698255,0.7836926684691345,0.7016878962053481
10.92,2.3270634378550983,2.3486522562611767,-0.04894643757058115,0.7891178195645232,0.7014797692501524
10.99,2.3277049066290103,2.349640708317836,-0.04814852556876642,0.7945429706599119,0.7012716422949565
11.06,2.3283463754029223,2.350629160374495,-0.047284859415944416,0.7999681217553005,0.7010635153397606
11.13,2.328987844176834,2.3516176124311543,-0.04635444136280535,0.8053932728506891,0.7008553883845647
11.2,2.329629312950746,2.352606064487814,-0.04535627366003965,0.8108184239460777,0.7006472614293688
11.27,2.330270781724658,2.3535945165444727,-0.0442893585583376,0.8162435750414664,0.7004391344741729
11.34,2.33091225049857,2.354582968601132,-0.043152698308389525,0.8216687261368552,0.7002310075189772
11.41,2.3315537192724816,2.355571420657791,-0.0419452951608858,0.8270938772322437,0.7000228805637813
11.48,2.3321951880463936,2.3565598727144503,-0.040666151366516676,0.8325190283276324,0.6998147536085855
11.55,2.3328366568203056,2.3575483247711095,-0.03931426917597257,0.8379441794230211,0.6996066266533896
11.62,2.333478125594217,2.3585367768277687,-0.03788865083994375,0.8433693305184096,0.6993984996981937
11.69,2.3247998968234644,2.341348900242637,-0.03638838369594617,0.8448036653064377,0.6991903727429978
11.76,2.3161216680527112,2.324161023657504,-0.034812895428798535,0.8462380000944658,0.6989822457878019
11.83,2.3074434392819585,2.3069731470723718,-0.033161698810144954,0.8476723348824938,0.6987741188326061
11.9,2.2987652105112053,2.28978527048724,-0.03143430661162975,0.8491066696705218,0.6985659918774101
11.97,2.2900869817404526,2.2725973939021076,-0.029630231604897157,0.85054100445855,0.6983578649222143
12.04,2.2814087529697,2.2554095173169757,-0.027748986561591412,0.851975339246578,0.6981497379670184
12.11,2.2727305241989466,2.2382216407318434,-0.02579008425335673,0.8534096740346061,0.6979416110118226
12.18,2.264052295428194,2.221033764146711,-0.023753037451837353,0.8548440088226342,0.6977334840566267
12.25,2.255374066657441,2.2038458875615787,-0.02163735892867752,0.8562783436106622,0.6975253571014308
12.32,2.246695837886688,2.1866580109764464,-0.01944256145552154,0.8577126783986903,0.6973172301462349
12.39,2.2380176091159347,2.1694701343913145,-0.01716815780401356,0.8591470131867184,0.697109103191039
12.46,2.2293393803451815,2.1522822578061818,-0.014813660745797907,0.8605813479747465,0.6969009762358432
12.53,2.2206611515744292,2.13509438122105,-0.012378583052518752,0.8620156827627744,0.6966928492806475
12.6,2.211982922803676,2.1179065046359176,-0.009862437495820386,0.8634500175508025,0.6964847223254516
12.67,2.2033046940329233,2.1007186280507857,-0.007264736847346985,0.8648843523388307,0.6962765953702557
12.74,2.1946264652621705,2.0835307514656534,-0.004584993878742858,0.8663186871268587,0.6960684684150598
12.81,2.1859482364914173,2.0663428748805206,-0.0018227213616522336,0.8677530219148868,0.6958603414598639
12.88,2.177270007720664,2.0491549982953883,0.001022567932280661,0.8691873567029149,0.695652214504668
12.95,2.1685917789499114,2.031967121710257,0.003951361231411546,0.8706216914909428,0.6954440875494722
13.02,2.1599135501791586,2.0147792451251245,0.0069641457640962435,0.8720560262789709,0.6952359605942763
13.09,2.1512353214084055,1.997591368539992,0.010061408758690528,0.8734903610669991,0.6950278336390804
13.16,2.024358592417913,1.8927090534326765,0.013243637443550092,0.8749246958550271,0.6948197066838846
13.23,1.89748186342742,1.7878267383253608,0.016511319047030706,0.8763590306430553,0.6946115797286887
13.3,1.7706051344369274,1.6829444232180448,0.019864940797488156,0.8777933654310832,0.6944034527734928
13.37,1.6437284054464378,1.578062108110732,0.0233049899232781,0.8792277002191113,0.6941953258182969
13.44,1.5168516764559452,1.4731797930034163,0.02683195365275646,0.8806620350071395,0.6939871988631011
13.51,1.3899749474654524,1.3682974778961006,0.030446319214278917,0.8820963697951675,0.6937790719079051
13.58,1.2630982184749597,1.2634151627887849,0.03414857383620125,0.8835307045831955,0.6935709449527093
13.65,1.136221489484467,1.1585328476814691,0.037939204746879195,0.8849650393712236,0.6933628179975134
13.72,1.0093447604939745,1.0536505325741534,0.041818699174668475,0.8863993741592516,0.6931546910423176
13.79,0.8824680315034845,0.9487682174668403,0.045787544347924834,0.8878337089472796,0.6929465640871217
13.86,0.7555913025129919,0.8438859023595245,0.049846227495004156,0.8892680437353079,0.6927384371319258
13.93,0.628714573522499,0.7390035872522088,0.053995235844262086,0.8907023785233359,0.69253031017673
14.0,0.5018378445320064,0.6341212721448931,0.05823505662405451,0.8921367133113639,0.6923221832215342
14.07,0.3749611155415137,0.5292389570375774,0.06256617706273708,0.893571048099392,0.6921140562663383
14.14,0.24808438655102105,0.4243566419302618,0.06698908438866555,0.89500538288742,0.6919059293111424
14.21,0.12120765756052815,0.319474326822946,0.07150426583019572,0.8964397176754482,0.6916978023559466
14.28,-0.005669071429961314,0.21459201171563297,0.07611220861568319,0.8978740524634763,0.6914896754007507
14.35,-0.1325458004204541,0.1097096966083172,0.080813399973484,0.8993083872515043,0.6912815484455548
14.42,-0.2594225294109468,0.00482738150100151,0.08560832713195377,0.9007427220395323,0.6910734214903589
14.49,-0.38629925840143964,-0.10005493360631423,0.09049747731944824,0.9021770568275604,0.690865294535163
14.56,-0.5131759873919323,-0.20493724871362992,0.09548133776432319,0.9036113916155885,0.6906571675799671
14.63,-0.445689736717102,-0.19861374702515083,0.10056039569493438,0.9050457264036166,0.6904490406247713
14.7,-0.3782034860422733,-0.19229024533667194,0.10573513833963749,0.9064800611916446,0.6902409136695755
14.77,-0.310717235367443,-0.18596674364819285,0.11100605292678843,0.9079143959796726,0.6900327867143796
14.84,-0.2432309846926126,-0.17964324195971376,0.11637362668474288,0.9093487307677007,0.6898246597591837
14.91,-0.17574473401778226,-0.17331974027123467,0.12183834684185663,0.9107830655557289,0.6896165328039878
14.98,-0.1082584833429519,-0.16699623858275564,0.1274007006264854,0.912217400343757,0.689408405848792
15.05,-0.04077223266812158,-0.16067273689427652,0.13306117526698494,0.913651735131785,0.689200278893596
15.12,0.02671401800670703,-0.15434923520579763,0.13882025799171085,0.915086069919813,0.6889921519384001
15.19,0.09420026868153741,-0.14802573351731851,0.14467843602901928,0.916520404707841,0.6887840249832043
15.26,0.1616865193563678,-0.14170223182883945,0.15063619660726577,0.9179547394958691,0.6885758980280084
15.33,0.22917277003119804,-0.1353787301403604,0.15669402695480608,0.9193890742838973,0.6883677710728127
15.4,0.29665902070602845,-0.1290552284518813,0.16285241429999595,0.9208234090719254,0.6881596441176168
15.47,0.36414527138085884,-0.12273172676340224,0.16911184587119119,0.9222577438599535,0.6879515171624209
15.54,0.43163152205568744,-0.11640822507492332,0.17547280889674732,0.9236920786479814,0.687743390207225
15.61,0.4991177727305177,-0.11008472338644423,0.18193579060502052,0.9251264134360094,0.6875352632520291
15.68,0.5666040234053482,-0.10376122169796514,0.1885012782243663,0.9265607482240377,0.6873271362968333
15.75,0.6340902740801785,-0.09743772000948608,0.1951697589831405,0.9279950830120656,0.6871190093416374
15.82,0.7015765247550088,-0.09111421832100701,0.2019417201096988,0.9294294178000938,0.6869108823864416
15.89,0.769062775429839,-0.08479071663252792,0.208817648832397,0.9308637525881218,0.6867027554312456
15.96,0.8365490261046696,-0.07846721494404885,0.2157980323795909,0.9322980873761499,0.6864946284760498
16.03,0.9040352767794997,-0.07214371325556976,0.2228833579796362,0.933732422164178,0.6862865015208539
16.1,0.8823461460459284,-0.0658202115670907,0.2300741128608886,0.935166756952206,0.686078374565658
16.17,0.8606570153123569,-0.05949670987861161,0.237370784251704,0.9366010917402341,0.6858702476104621
16.24,0.8389678845787867,-0.05317320819013286,0.24477385938043766,0.9380354265282621,0.6856621206552663
16.31,0.8172787538452153,-0.04684970650165378,0.25228382547544614,0.9394697613162902,0.6854539937000705
16.38,0.7955896231116438,-0.0405262048131747,0.25990116976508487,0.9409040961043182,0.6852458667448746
16.45,0.7739004923780725,-0.03420270312469563,0.2676263794777095,0.9423384308923464,0.6850377397896787
16.52,0.752211361644501,-0.02787920143621655,0.2754599418416759,0.9437727656803744,0.6848296128344828
16.59,0.7305222309109296,-0.021555699747737474,0.2834023440853399,0.9452071004684024,0.6846214858792871
16.66,0.7088331001773582,-0.015232198059258392,0.291454073437057,0.9466414352564305,0.684413358924091
16.73,0.6871439694437868,-0.008908696370779318,0.29961561712518303,0.9480757700444585,0.6842052319688952
16.8,0.6654548387102155,-0.002585194682300236,0.30788746237807396,0.9495101048324868,0.6839971050136994
16.87,0.643765707976644,0.0037383070061788384,0.3162700964240854,0.9509444396205147,0.6837889780585036
16.94,0.6220765772430725,0.010061808694657913,0.324764006491573,0.9523787744085429,0.6835808511033077
17.01,0.6003874465095012,0.01638531038313699,0.33336967980889276,0.9538131091965709,0.6833727241481118
17.08,0.5786983157759309,0.022708812071615746,0.3420876036043998,0.9552474439845989,0.6831645971929159
17.15,0.5570091850423595,0.029032313760094828,0.35091826510645086,0.956681778772627,0.6829564702377201
17.22,0.5353200543087882,0.0353558154485739,0.35986215154340123,0.9581161135606551,0.6827483432825241
17.29,0.5136309235752167,0.04167931713705298,0.3689197501436066,0.9595504483486832,0.6825402163273283
17.36,0.49194179284164535,0.048002818825532055,0.37809154813542295,0.9609847831367112,0.6823320893721324
17.43,0.4702526621080739,0.05432632051401114,0.38737803274720584,0.9624191179247392,0.6821239624169366
17.5,0.47625793153853896,0.05416608513964192,0.3967786638745234,0.9638534527127673,0.6819158354617407
17.57,0.48226320096900405,0.054005849765272715,0.40628879208179314,0.9652877875007954,0.6817077085065448
17.64,0.4882684703994691,0.0538456143909035,0.41590274060064525,0.9667221222888236,0.6814995815513489
17.71,0.4942737398299341,0.053685379016534286,0.4256148326627095,0.9681564570768516,0.6812914545961531
17.78,0.5002790092603991,0.05352514364216506,0.43541939149961595,0.9695907918648797,0.6810833276409572
17.85,0.5062842786908641,0.053364908267795844,0.44531074034299434,0.9710251266529076,0.6808752006857614
17.92,0.5122895481213292,0.05320467289342663,0.4552832024244748,0.9724594614409359,0.6806670737305655
17.99,0.518294817551794,0.053044437519057436,0.46533110097568664,0.973893796228964,0.6804589467753696
18.06,0.5243000869822589,0.05288420214468821,0.47544875922826096,0.9753281310169919,0.6802508198201738
18.13,0.530305356412724,0.052723966770319,0.48563050041382705,0.97676246580502,0.6800426928649779
18.2,0.5363106258431891,0.05256373139594979,0.4958706477640151,0.978196800593048,0.6798345659097821
18.27,0.5423158952736542,0.05240349602158058,0.5061635245104548,0.979631135381076,0.6796264389545862
18.34,0.5483211647041193,0.05224326064721137,0.5165034538847761,0.9810654701691042,0.6794183119993903
18.41,0.5543264341345844,0.05208302527284215,0.526884759118609,0.9824998049571323,0.6792101850441945
18.48,0.5603317035650494,0.05192278989847293,0.5373017634435834,0.9839341397451602,0.6790020580889985
18.55,0.5663369729955144,0.05176255452410373,0.5477487900913294,0.9853684745331883,0.6787939311338027
18.62,0.5723422424259794,0.0516023191497345,0.5582201622934769,0.9868028093212166,0.6785858041786067
18.69,0.5783475118564444,0.05144208377536529,0.5687102032816559,0.9882371441092446,0.6783776772234109
18.76,0.5843527812869096,0.05128184840099609,0.5792132362874959,0.9896714788972727,0.678169550268215
18.83,0.5903580507173742,0.05112161302662687,0.5897235845426266,0.9911058136853006,0.6779614233130191
18.9,0.5963633201478393,0.05096137765225766,0.6002355712786795,0.9925401484733287,0.6777532963578233
18.97,0.566465318224385,0.0018047143276515853,0.6107435197272834,0.9939744832613568,0.6775451694026274
19.04,0.5365673163009305,-0.04735194899695449,0.6212417531200682,0.9954088180493849,0.6773370424474316
19.11,0.5066693143774761,-0.09650861232156058,0.6317245946886642,0.9968431528374131,0.6771289154922358
19.18,0.4767713124540217,-0.14566527564616663,0.642186367664701,0.998277487625441,0.6769207885370399
19.25,0.4468733105305673,-0.1948219389707727,0.6526213952798091,0.9997118224134691,0.676712661581844
19.32,0.41697530860711296,-0.2439786022953788,0.6630240007656177,1.001146157201497,0.6765045346266482
19.39,0.3870773066836585,-0.2931352656199849,0.6733885073537574,1.0025804919895251,0.6762964076714523
19.46,0.35717930476020404,-0.34229192894459093,0.6837092382758578,1.0040148267775533,0.6760882807162563
19.53,0.32728130283674967,-0.39144859226919704,0.6939805167635491,1.0054491615655814,0.6758801537610605
19.6,0.29738330091329523,-0.4406052555938031,0.7041966660484609,1.0068834963536093,0.6756720268058647
19.67,0.26748529898984086,-0.4897619189184092,0.7143520093622231,1.0083178311416374,0.6754638998506688
19.74,0.23758729706638795,-0.5907605897693314,0.7244408699364656,1.0097521659296655,0.6752557728954729
19.81,0.20768929514293358,-0.6917592606202587,0.7344575710028189,1.0111865007176934,0.675047645940277
19.88,0.17779129321947915,-0.7927579314711861,0.7443964357929128,1.0126208355057216,0.6748395189850812
19.95,0.14789329129602474,-0.8937566023221134,0.7542517875383771,1.0140551702937497,0.6746313920298852
20.02,0.11799528937257034,-0.9947552731730408,0.7640179494708417,1.0154895050817778,0.6744232650746894
20.09,0.08809728744911594,-0.9757086164159299,0.7736892448219364,1.016923839869806,0.6742151381194936
20.16,0.05819928552566154,-0.9566619596588191,0.7832599968232914,1.018358174657834,0.6740070111642977
20.23,0.028301283602207124,-0.937615302901708,0.7927245287065365,1.0197925094458622,0.6737988842091018
20.3,-0.0015967183212472792,-0.9185686461445972,0.8020771637033018,1.02122684423389,0.6735907572539059
20.37,-0.031494720244701686,-0.8995219893874863,0.811312225045217,1.0226611790219182,0.67338263029871
20.44,-0.02979971469277687,-0.8678803057974649,0.8204240359639124,1.0240955138099461,0.6731745033435141
20.51,-0.02810470914085205,-0.8362386222074435,0.8294069196910174,1.0255298485979742,0.6729663763883184
20.58,-0.026409703588927316,-0.8045969386174235,0.8382551994581622,1.0269641833860024,0.6727582494331226
20.65,-0.0247146980370025,-0.7729552550274021,0.846963198496977,1.0283985181740305,0.6725501224779266
20.72,-0.02301969248507768,-0.7413135714373807,0.8555252400390918,1.0298328529620584,0.6723419955227308
20.79,-0.021324686933152863,-0.7096718878473595,0.863935647316136,1.0312671877500865,0.6721338685675349
20.86,-0.019629681381228045,-0.6780302042573381,0.87218874355974,1.0327015225381146,0.671925741612339
20.93,-0.017934675829303227,-0.6463885206673166,0.8802788520015338,1.0341358573261425,0.6717176146571432
21.0,-0.01623967027737841,-0.6147468370772952,0.8882002958731466,1.0355701921141707,0.6715094877019473
21.07,-0.014544664725453592,-0.5831051534872738,0.8959473984062092,1.0370045269021988,0.6713013607467514
21.14,-0.012849659173528774,-0.5514634698972525,0.9035144828323513,1.038438861690227,0.6710932337915555
21.21,-0.011154653621603955,-0.519821786307231,0.9108958723832027,1.039873196478255,0.6708851068363597
21.28,-0.009459648069679137,-0.4881801027172096,0.9180858902903934,1.0413075312662832,0.6706769798811638
21.35,-0.007764642517754319,-0.45653841912718807,0.9250788597855534,1.0427418660543113,0.6704688529259679
21.42,-0.006069636965829501,-0.42489673553716684,0.9318691041003125,1.0441762008423392,0.670260725970772
21.49,-0.0043746314139047685,-0.39325505194714705,0.9384509464663002,1.045610535630367,0.6700525990155762
21.56,-0.0026796258619799507,-0.36161336835712565,0.944818710115148,1.0470448704183954,0.6698444720603803
21.63,-0.000984620310055133,-0.32997168476710415,0.9509667182784842,1.0484792052064233,0.6696363451051845
21.7,0.0007103852418696849,-0.29833000117708275,0.9568892941879397,1.0499135399944515,0.6694282181499885
21.77,0.0024053907937945027,-0.26668831758706135,0.9625807610751438,1.0513478747824796,0.6692200911947928
21.84,0.004100396345719319,-0.23504663399704,0.9680354421717268,1.0527822095705075,0.6690119642395969
21.91,0.0057954018976441365,-0.20340495040701856,0.9732476607093188,1.0542165443585356,0.668803837284401
21.98,0.007490407449568956,-0.17176326681699713,0.9782117399195494,1.0556508791465637,0.6685957103292051
22.05,0.009185413001493776,-0.1401215832269758,0.9829220030340488,1.0570852139345919,0.6683875833740093
22.12,0.010880418553418593,-0.10847989963695434,0.987372773284447,1.0585195487226198,0.6681794564188135
22.19,0.012575424105343411,-0.07683821604693292,0.9915583739023733,1.059953883510648,0.6679713294636175
22.26,0.014270429657268229,-0.04519653245691152,0.9954731281194584,1.061388218298676,0.6677632025084217
22.33,0.015965435209192958,-0.013554848866891789,0.9991113591673317,1.062822553086704,0.6675550755532258
22.4,0.01766044076111778,0.018086834723129608,1.0024673902776238,1.064256887874732,0.6673469485980299
22.47,0.019355446313042597,0.04972851831315103,1.0055355446819643,1.0656912226627602,0.6671388216428341
22.54,0.02105045186496741,0.08137020190317248,1.0083101456119827,1.0671255574507883,0.6669306946876381
22.61,0.022745457416892233,0.11301188549319391,1.0107855162993094,1.0685598922388164,0.6667225677324423
22.68,0.02444046296881705,0.1446535690832153,1.0129559799755743,1.0699942270268445,0.6665144407772464
22.75,0.02613546852074187,0.1762952526732367,1.0148158598724077,1.0714285618148724,0.6663063138220505
22.82,0.02783047407266669,0.2079369362632581,1.016359479221439,1.0728628966029006,0.6660981868668546
22.89,0.029525479624591504,0.23957861985327947,1.017581161254298,1.0742972313909285,0.6658900599116588
22.96,0.031220485176516318,0.27122030344330084,1.0184752292026151,1.0757315661789566,0.665681932956463
23.03,0.03291549072844114,0.3028619870333223,1.0190360062980204,1.0771659009669847,0.665473806001267
23.1,0.03461049628036596,0.33450367062334374,1.0192578157721435,1.0786002357550128,0.6652656790460713
23.17,0.036305501832290775,0.36614535421336514,1.019134980856614,1.080034570543041,0.6650575520908754
23.24,0.03800050738421551,0.3977870378033849,1.0186618247830623,1.0814689053310689,0.6648494251356795
23.31,-0.04444080197214617,0.371140512105931,1.0178355986836574,1.0780181890965272,0.6628203620519781
23.38,-0.12688211132850785,0.34449398640847717,1.0166652652927228,1.0745674728619856,0.6607912989682767
23.45,-0.20932342068486956,0.31784746071102327,1.0151627152451206,1.0711167566274444,0.6587622358845752
23.52,-0.2917647300412312,0.29120093501356936,1.0133398391757134,1.0676660403929028,0.6567331728008738
23.59,-0.3742060393975929,0.2645544093161155,1.0112085277193645,1.0642153241583612,0.6547041097171724
23.66,-0.45664734875395463,0.23790788361866155,1.0087806715109355,1.0607646079238195,0.6526750466334711
23.73,-0.5390886581103163,0.2112613579212077,1.00606816118529,1.0573138916892784,0.6506459835497695
23.8,-0.6215299674666779,0.18461483222375374,1.0030828873772897,1.0538631754547367,0.6486169204660681
23.87,-0.7039712768230397,0.15796830652629992,0.9998367407217973,1.050412459220195,0.6465878573823668
23.94,-0.7864125861794014,0.131321780828846,0.9963416118536751,1.0469617429856537,0.6445587942986655
24.01,-0.868853895535763,0.10467525513139211,0.9926093914077863,1.0435110267511118,0.6425297312149639
24.08,-0.9512952048921205,0.07802872943393957,0.9886519700189932,1.0400603105165707,0.6405006681312626
24.15,-1.0337365142484822,0.05138220373648561,0.9844812383221576,1.0366095942820293,0.6384716050475613
24.22,-1.1161778236048439,0.02473567803903179,0.980109086952143,1.0331588780474876,0.6364425419638599
24.29,-1.1986191329612057,-0.0019108476584221434,0.9755474065438119,1.029708161812946,0.6344134788801583
24.36,-1.2810604423175673,-0.02855737335587602,0.9708080877320263,1.0262574455784048,0.632384415796457
24.43,-1.363501751673929,-0.0552038990533299,0.9659030211516485,1.0228067293438632,0.6303553527127557
24.5,-1.4459430610302906,-0.0818504247507838,0.9608440974375416,1.0193560131093216,0.6283262896290542
24.57,-1.5283843703866524,-0.10849695044823773,0.9556432072245683,1.01590529687478,0.6262972265453527
24.64,-1.6108256797430138,-0.1351434761456916,0.9503122411475907,1.0124545806402385,0.6242681634616514
24.71,-1.6932669890993757,-0.16179000184314554,0.9448630898414714,1.0090038644056971,0.6222391003779499
24.78,-1.5972004708731173,-0.1884365275405994,0.9393076439410732,1.0055531481711555,0.6202100372942486
24.85,-1.5011339526468592,-0.2150830532380533,0.9336577940812584,1.0021024319366139,0.6181809742105472
24.92,-1.4050674344206007,-0.24172957893550717,0.9279254308968894,0.9986517157020723,0.6161519111268456
24.99,-1.3090009161943474,-0.2683761046329597,0.9221224450228294,0.9952009994675309,0.6141228480431444
25.06,-1.2129343979680893,-0.29502263033041365,0.91626072709394,0.9917502832329895,0.612093784959443
25.13,-1.116867879741831,-0.3216691560278675,0.9103521677450844,0.988299566998448,0.6100647218757417
25.2,-1.0208013615155727,-0.34831568172532146,0.9044086576111248,0.9848488507639065,0.6080356587920401
25.27,-0.9247348432893145,-0.3749622074227753,0.8984420873269237,0.981398134529365,0.6060065957083388
25.34,-0.8286683250630562,-0.4016087331202292,0.892464347527344,0.9779474182948235,0.6039775326246374
25.41,-0.7326018068367981,-0.4282552588176831,0.8864873288472478,0.9744967020602818,0.601948469540936
25.48,-0.6365352886105397,-0.454901784515137,0.8805229219214982,0.9710459858257403,0.5999194064572345
25.55,-0.5404687703842814,-0.4815483102125909,0.8745830173849571,0.9675952695911989,0.5978903433735332
25.62,-0.4444022521580233,-0.5081948359100448,0.8686795058724874,0.9641445533566573,0.5958612802898317
25.69,-0.348335733931765,-0.5348413616074987,0.8628242780189519,0.9606938371221159,0.5938322172061303
25.76,-0.25226921570550676,-0.5614878873049526,0.857029224459212,0.9572431208875742,0.5918031541224289
25.83,-0.15620269747925333,-0.5881344130024052,0.8513062358281323,0.9537924046530329,0.5897740910387276
25.9,-0.06013617925299508,-0.6147809386998591,0.8456672027605731,0.9503416884184913,0.5877450279550261
25.97,0.03593033897326317,-0.6414274643973129,0.8401240158913983,0.9468909721839499,0.5857159648713248
26.04,0.13199685719952142,-0.6680739900947669,0.8346885658554698,0.9434402559494084,0.5836869017876233
26.11,0.22806337542577965,-0.6947205157922207,0.8293727432876506,0.9399895397148668,0.5816578387039218
26.18,0.3241298936520379,-0.7213670414896746,0.8241884388228026,0.9365388234803252,0.5796287756202205
26.25,0.22571834869013263,-0.8290740787909834,0.819145158583235,0.9330881072457837,0.5775997125365192
26.32,0.12730680372822742,-0.9367811160922921,0.8142428706410392,0.9296373910112422,0.5755706494528177
26.39,0.02889525876632215,-1.0444881533936008,0.8094791585557533,0.9261866747767007,0.5735415863691162
26.46,-0.06951628619558309,-1.1521951906949097,0.804851605886915,0.9227359585421593,0.5715125232854149
26.53,-0.1679278311574884,-1.2599022279962186,0.8003577961940618,0.9192852423076175,0.5694834602017135
26.6,-0.2663393761193936,-1.3676092652975274,0.7959953130367323,0.9158345260730761,0.5674543971180122
26.67,-0.3647509210812988,-1.475316302598836,0.7917617399744635,0.9123838098385346,0.5654253340343106
26.74,-0.4631624660431992,-1.5830233399001394,0.787654660566794,0.9089330936039932,0.5633962709506094
26.81,-0.5615740110051044,-1.6907303772014484,0.783671658373261,0.9054823773694517,0.561367207866908
26.88,-0.6599855559670096,-1.798437414502757,0.7798103169534027,0.9020316611349102,0.5593381447832065
26.95,-0.7583971009289151,-1.9061444518040658,0.7760682198667564,0.8985809449003687,0.5573090816995051
27.02,-0.8568086458908202,-1.8333353870104547,0.7724429506728605,0.895130228665827,0.5552800186158037
27.09,-0.9552201908527254,-1.7605263222168437,0.7689320929312525,0.8916795124312856,0.5532509555321024
27.16,-1.0536317358146308,-1.6877172574232326,0.7655332302014703,0.8882287961967441,0.5512218924484009
27.23,-1.1520432807765362,-1.6149081926296218,0.7622439460430517,0.8847780799622026,0.5491928293646994
27.3,-1.2504548257384414,-1.5420991278360106,0.7590618240155348,0.881327363727661,0.547163766280998
27.37,-1.3488663707003465,-1.4692900630423993,0.7559844476784567,0.8778766474931194,0.5451347031972967
27.44,-1.4472779156622517,-1.3964809982487885,0.7530094005913561,0.8744259312585779,0.5431056401135953
27.51,-1.5456894606241571,-1.3236719334551772,0.7501342663137703,0.8709752150240364,0.5410765770298938
27.58,-1.6441010055860572,-1.25086286866157,0.7473566284052373,0.8675244987894951,0.5390475139461925
27.65,-1.7425125505479626,-1.1780538038679589,0.7446740704252947,0.8640737825549536,0.5370184508624911
27.72,-1.76328710719207,-1.1620258253652014,0.7420841759334804,0.860623066320412,0.5349893877787897
27.79,-1.7840616638361773,-1.145997846862444,0.7395845284893325,0.8571723500858704,0.5329603246950883
27.86,-1.804836220480285,-1.1299698683596864,0.7371727116523884,0.853721633851329,0.5309312616113869
27.93,-1.8256107771243921,-1.113941889856929,0.7348463089821861,0.8502709176167874,0.5289021985276855
28.0,-1.8463853337684997,-1.0979139113541716,0.7326029040382636,0.846820201382246,0.5268731354439841
28.07,-1.8671598904126068,-1.2315399055157985,0.7304400803801587,0.8433694851477043,0.5248440723602826
28.14,-1.8879344470567143,-1.3651658996774254,0.7283554215674088,0.8399187689131627,0.5228150092765812
28.21,-1.9087090037008216,-1.4987918938390523,0.7263465111595521,0.8364680526786213,0.5207859461928799
28.28,-1.929483560344929,-1.6324178880006792,0.7244109327161263,0.8330173364440797,0.5187568831091784
28.35,-1.9502581169890365,-1.7660438821623061,0.7225462697966694,0.8295666202095383,0.516727820025477
28.42,-1.9710326736331438,-1.8357104367052228,0.7207501059607189,0.8261159039749967,0.5146987569417756
28.49,-1.9918072302772503,-1.9053769912481364,0.7190200247678131,0.8226651877404554,0.5126696938580743
28.56,-2.0125817869213574,-1.9750435457910533,0.7173536097774892,0.8192144715059139,0.5106406307743729
28.63,-2.033356343565465,-2.0447101003339703,0.7157484445492854,0.8157637552713723,0.5086115676906715
28.7,-2.0541309002095725,-2.114376654876887,0.7142021126427394,0.8123130390368308,0.5065825046069701
28.77,-2.0749054568536796,-2.0890168648536376,0.7127121976173889,0.8088623228022893,0.5045534415232686
28.84,-2.095680013497787,-2.0636570748303873,0.7112762830327723,0.8054116065677477,0.5025243784395672
28.91,-2.116454570141894,-2.038297284807138,0.7098919524484266,0.8019608903332062,0.5004953153558659
28.98,-2.1372291267860017,-2.0129374947838885,0.7085567894238904,0.7985101740986646,0.4984662522721644
29.05,-2.1580036834301093,-1.9875777047606384,0.7072683775187011,0.7950594578641231,0.49643718918846297
29.12,-2.1595658320247875,-1.9905541101666493,0.7060245197719617,0.7916087416295817,0.4944081261047616
29.19,-2.161127980619465,-1.99353051557266,0.7048238971410363,0.78815802539504,0.4923790630210601
29.26,-2.1626901292141434,-1.9965069209786708,0.7036654100628544,0.7847073091604986,0.4903499999373588
29.33,-2.1642522778088216,-1.999483326384681,0.7025479589743452,0.7812565929259572,0.4883209368536574
29.4,-2.1658144264034997,-2.0024597317906916,0.7014704443124382,0.7778058766914158,0.4862918737699561
29.47,-2.1673765749981775,-2.0054361371967024,0.7004317665140626,0.7743551604568741,0.48426281068625465
29.54,-2.1689387235928557,-2.0084125426027133,0.6994308260161474,0.7709044442223327,0.4822337476025532
29.61,-2.1705008721875334,-2.011388948008724,0.6984665232556223,0.7674537279877911,0.48020468451885184
29.68,-2.1720630207822116,-2.014365353414735,0.6975377586694166,0.7640030117532495,0.47817562143515036
29.75,-2.1736251693768898,-2.017341758820746,0.6966434326944595,0.7605522955187081,0.47614655835144903
29.82,-2.1751873179715675,-2.0203181642267563,0.6957824457676804,0.7571015792841665,0.4741174952677476
29.89,-2.1767494665662457,-2.0232945696327667,0.6949536983260087,0.753650863049625,0.47208843218404617
29.96,-2.1783116151609234,-2.0262709750387775,0.6941560908063733,0.7502001468150834,0.47005936910034474
30.03,-2.1798737637556016,-2.0292473804447884,0.6933885236457042,0.746749430580542,0.4680303060166434
30.1,-2.18143591235028,-2.0322237858507988,0.6926498972809303,0.7432987143460004,0.46600124293294193
30.17,-2.182998060944958,-2.0352001912568096,0.6919391121489806,0.739847998111459,0.46397217984924055
30.24,-2.1845602095396357,-2.03817659666282,0.6912550686867852,0.7363972818769176,0.46194311676553923
30.31,-2.1861223581343134,-2.041153002068831,0.690596667331273,0.732946565642376,0.45991405368183785
30.38,-2.1876845067289916,-2.0441294074748413,0.6899628085193733,0.7294958494078344,0.45788499059813637
30.45,-2.18924665532367,-2.0471058128808526,0.6893523926880153,0.7260451331732929,0.455855927514435
30.52,-2.190808803918348,-2.050082218286863,0.6887643202741286,0.7225944169387515,0.4538268644307336
30.59,-2.1923709525130257,-2.053058623692874,0.6881974917146424,0.7191437007042099,0.4517978013470322
30.66,-2.193933101107704,-2.0560350290988847,0.6876508074464861,0.7156929844696684,0.44976873826333075
30.73,-2.195495249702382,-2.059011434504895,0.6871231679065888,0.7122422682351269,0.44773967517962937
30.8,-2.19705739829706,-2.061987839910906,0.6866134735318798,0.7087915520005853,0.4457106120959279
30.87,-2.198619546891738,-2.064964245316917,0.6861206247592889,0.7053408357660438,0.44368154901222656
30.94,-2.2001816954864157,-2.067940650722927,0.685643522025745,0.7018901195315023,0.44165248592852513
31.01,-2.2017438440810944,-2.070917056128938,0.6851810657681776,0.6984394032969607,0.4396234228448237
31.08,-2.203305992675772,-2.0738934615349485,0.6847321564235158,0.6949886870624193,0.43759435976112243
31.15,-2.20486814127045,-2.0768698669409593,0.6842956944286891,0.6915379708278778,0.435565296677421
31.22,-2.206430289865128,-2.0798462723469697,0.683870580220627,0.6880872545933363,0.4335362335937196
31.29,-2.207992438459806,-2.082822677752981,0.6834557142362583,0.6846365383587948,0.43150717051001813
31.36,-2.209554587054484,-2.0857990831589914,0.6830499969125127,0.6811858221242533,0.4294781074263168
31.43,-2.211116735649162,-2.088775488565002,0.6826523286863195,0.6777351058897119,0.4274490443426154
31.5,-2.2126788842438403,-2.0917518939710127,0.6822616099946079,0.6742843896551702,0.42541998125891395
31.57,-2.2142410328385185,-2.0947282993770235,0.6818767412743074,0.6708336734206287,0.4233909181752125
31.64,-2.2158031814331967,-2.0977047047830344,0.6814966229623473,0.6673829571860872,0.42136185509151114
31.71,-2.217365330027874,-2.100681110189045,0.6811201554956565,0.6639322409515456,0.41933279200780965
31.78,-2.218927478622552,-2.1036575155950556,0.680746239311165,0.6604815247170042,0.41730372892410833
31.85,-2.22048962721723,-2.1066339210010665,0.6803737748458016,0.6570308084824626,0.4152746658404069
31.92,-2.2220517758119085,-2.1096103264070774,0.6800016625364957,0.653580092247921,0.41324560275670547
31.99,-2.2236139244065862,-2.1125867318130878,0.6796288028201768,0.6501293760133796,0.41121653967300414
32.06,-2.2251760730012644,-2.1155631372190986,0.6792540961337742,0.6466786597788381,0.4091874765893027
32.13,-2.2267382215959426,-2.118539542625109,0.6788764429142171,0.6432279435442965,0.4071584135056012
32.2,-2.2283003701906203,-2.12151594803112,0.6784947435984349,0.6397772273097551,0.40512935042189985
32.27,-2.2298625187852985,-2.1244923534371307,0.6781078986233569,0.6363265110752134,0.4031002873381984
32.34,-2.2314246673799762,-2.127468758843141,0.6777148084259123,0.6328757948406718,0.401071224254497
32.41,-2.2329868159746544,-2.1304451642491515,0.6773143734430307,0.6294250786061307,0.39904216117079583
32.48,-2.234548964569332,-2.1334215696551624,0.6769054941116411,0.6259743623715891,0.3970130980870944
32.55,-2.2361111131640103,-2.1363979750611732,0.6764870708686731,0.6225236461370477,0.394984035003393
32.62,-2.2376732617586885,-2.139374380467184,0.676058004151056,0.6190729299025062,0.3929549719196916
32.69,-2.2392354103533663,-2.1423507858731945,0.6756171943957187,0.6156222136679645,0.39092590883599015
32.76,-2.2407975589480444,-2.1453271912792053,0.6751635420395912,0.612171497433423,0.3888968457522888
32.83,-2.2423597075427226,-2.148303596685216,0.6746959475196023,0.6087207811988816,0.3868677826685874
32.9,-2.2439218561374004,-2.1512800020912266,0.6742133112726814,0.60527006496434,0.3848387195848859
32.97,-2.2454840047320785,-2.154256407497237,0.6737145337357578,0.6018193487297986,0.38280965650118454
33.04,-2.2470461533267563,-2.157232812903248,0.6731985153457613,0.5983686324952571,0.38078059341748316
33.11,-2.2486083019214345,-2.1602092183092587,0.6726641565396205,0.5949179162607153,0.3787515303337817
33.18,-2.2501704505161126,-2.1631856237152696,0.6721103577542652,0.5914672000261739,0.3767224672500803
33.25,-2.251732599110791,-2.1661620291212804,0.6715360194266247,0.5880164837916324,0.3746934041663789
33.32,-2.2532947477054686,-2.169138434527291,0.670940041993628,0.5845657675570909,0.37266434108267743
33.39,-2.2548568963001467,-2.1721148399333017,0.6703213258922045,0.5811150513225494,0.3706352779989761
33.46,-2.256419044894825,-2.1750912453393125,0.669678771559284,0.5776643350880079,0.3686062149152747
33.53,-2.2579811934895027,-2.178067650745323,0.6690112794317955,0.5742136188534662,0.36657715183157324
33.6,-2.259543342084181,-2.181044056151334,0.6683177499466677,0.5707629026189248,0.3645480887478718
33.67,-2.261105490678859,-2.184020461557344,0.6675970835408311,0.5673121863843833,0.3625190256641705
33.74,-2.2626676392735368,-2.1869968669633555,0.6668481806512144,0.5638614701498417,0.36048996258046895
33.81,-2.264229787868215,-2.189973272369366,0.6660699417147466,0.5604107539153002,0.3584608994967676
33.88,-2.265791936462893,-2.1929496777753767,0.6652612671683577,0.5569600376807586,0.3564318364130662
33.95,-2.267354085057571,-2.195926083181387,0.6644210574489764,0.5535093214462171,0.35440277332936476
34.02,-2.268916233652249,-2.198902488587398,0.6635482129935324,0.5500586052116756,0.35237371024566333
34.09,-2.270478382246927,-2.2018788939934084,0.662641634238955,0.5466078889771342,0.350344647161962
34.16,-2.272040530841605,-2.204855299399419,0.6617002216221737,0.5431571727425929,0.3483155840782608
34.23,-2.2736026794362827,-2.2078317048054297,0.6607228755801171,0.5397064565080515,0.34628652099455937
34.3,-2.275164828030961,-2.2108081102114405,0.6597084965497153,0.5362557402735098,0.34425745791085793
34.37,-2.276726976625639,-2.213784515617451,0.6586559849678972,0.5328050240389683,0.3422283948271565
34.44,-2.278289125220317,-2.2167609210234622,0.6575642412715922,0.5293543078044268,0.3401993317434552
34.51,-2.279851273814995,-2.2197373264294726,0.6564321658977298,0.5259035915698853,0.3381702686597537
34.58,-2.2814134224096727,-2.2227137318354835,0.655258659283239,0.5224528753353438,0.3361412055760523
34.65,-2.282975571004351,-2.225690137241494,0.6540426218650494,0.5190021591008022,0.3341121424923509
34.72,-2.284537719599029,-2.2286665426475047,0.6527829540800901,0.5155514428662606,0.33208307940864945
34.79,-2.286099868193707,-2.2316429480535156,0.6514785563652906,0.5121007266317191,0.3300540163249481
34.86,-2.287662016788385,-2.234619353459526,0.6501283291575802,0.5086500103971776,0.32802495324124664
34.93,-2.290154512167266,-2.2351410363453468,0.6487314162616753,0.5051992941626361,0.32599589015754526
35.0,-2.292647007546148,-2.2356627192311676,0.6472879349534406,0.5017485779280946,0.32396682707384383
35.07,-2.295139502925029,-2.2361844021169883,0.6457982458765276,0.49829786169355306,0.3219377639901424
35.14,-2.29763199830391,-2.236706085002809,0.6442627096745884,0.4948471454590116,0.319908700906441
35.21,-2.300124493682792,-2.23722776788863,0.6426816869912746,0.49139642922447,0.3178796378227396
35.28,-2.302616989061673,-2.2377494507744506,0.6410555384702378,0.48794571298992845,0.3158505747390382
35.35,-2.305109484440554,-2.238271133660271,0.6393846247551301,0.484494996755387,0.3138215116553368
35.42,-2.3076019798194354,-2.238792816546092,0.6376693064896031,0.48104428052084536,0.3117924485716354
35.49,-2.3100944751983166,-2.239314499431913,0.6359099443173085,0.47759356428630395,0.3097633854879339
35.56,-2.3125869705771978,-2.2398361823177333,0.6341068988818984,0.4741428480517623,0.30773432240423254
35.63,-2.3150794659560794,-2.2403578652035545,0.6322605308270242,0.47069213181722086,0.3057052593205311
35.7,-2.3175719613349606,-2.240879548089375,0.6303712007963376,0.4672414155826793,0.30367619623682973
35.77,-2.3200644567138418,-2.2414012309751956,0.6284392694334906,0.46379069934813777,0.30164713315312836
35.84,-2.322556952092723,-2.2419229138610164,0.626465097382135,0.46033998311359625,0.2996180700694269
35.91,-2.325049447471604,-2.242444596746837,0.6244490452859224,0.45688926687905507,0.29758900698572577
35.98,-2.3275419428504853,-2.242966279632658,0.6223914737885047,0.45343855064451355,0.2955599439020243
36.05,-2.330034438229367,-2.2434879625184783,0.6202927435335331,0.44998783440997203,0.2935308808183229
36.12,-2.332526933608248,-2.2440096454042995,0.6181532151646603,0.4465371181754305,0.29150181773462147
36.19,-2.3350194289871293,-2.24453132829012,0.6159732493255373,0.443086401940889,0.2894727546509201
36.26,-2.3375119243660105,-2.2450530111759406,0.6137532066598165,0.4396356857063475,0.2874436915672186
36.33,-2.3400044197448917,-2.2455746940617614,0.6114934478111491,0.4361849694718059,0.2854146284835173
36.4,-2.3424969151237733,-2.246096376947582,0.6091943334231871,0.4327342532372644,0.2833855653998158
36.47,-2.3449894105026545,-2.246618059833403,0.6068562241395823,0.4292835370027228,0.2813565023161144
36.54,-2.3474819058815357,-2.2471397427192237,0.6044794806039864,0.42583282076818135,0.279327439232413
36.61,-2.3499744012604173,-2.2476614256050444,0.602064463460051,0.42238210453363983,0.2772983761487116
36.68,-2.3524668966392985,-2.2481831084908652,0.5996115333514284,0.41893138829909826,0.2752693130650102
36.75,-2.3549593920181797,-2.248704791376686,0.5971210509217696,0.41548067206455674,0.27324024998130875
36.82,-2.357451887397061,-2.2492264742625068,0.5945933768147268,0.4120299558300152,0.27121118689760737
36.89,-2.3599443827759425,-2.2497481571483275,0.5920288716739518,0.4085792395954737,0.26918212381390594
36.96,-2.3624368781548237,-2.2502698400341483,0.5894278961430964,0.40512852336093214,0.2671530607302045
37.03,-2.364929373533705,-2.250791522919969,0.5867908108658121,0.4016778071263906,0.26512399764650313
37.1,-2.3674218689125865,-2.25131320580579,0.5841179764857509,0.3982270908918491,0.2630949345628017
37.17,-2.3699143642914673,-2.2518348886916106,0.5814097536465644,0.3947763746573076,0.2610658714791003
37.24,-2.372406859670349,-2.252356571577431,0.5786665029919044,0.39132565842276607,0.2590368083953989
37.31,-2.37489935504923,-2.252878254463252,0.5758885851654227,0.38787494218822455,0.2570077453116975
37.38,-2.3773918504281113,-2.2533999373490725,0.5730763608107711,0.384424225953683,0.2549786822279961
37.45,-2.3798843458069925,-2.2539216202348937,0.5702301905716013,0.3809735097191415,0.2529496191442947
37.52,-2.3823768411858737,-2.254443303120714,0.5673504350915649,0.37752279348459994,0.25092055606059327
37.59,-2.384869336564755,-2.254964986006535,0.5644374550143141,0.37407207725005837,0.24889149297689184
37.66,-2.387361831943636,-2.2554866688923556,0.5614916109835006,0.37062136101551724,0.24686242989319065
37.73,-2.3898543273225172,-2.2560083517781764,0.5585132636427756,0.3671706447809757,0.24483336680948925
37.8,-2.392346822701399,-2.256530034663997,0.5555027736357914,0.3637199285464342,0.24280430372578782
37.87,-2.39483931808028,-2.2570517175498175,0.5524605016061994,0.36026921231189263,0.24077524064208639
37.94,-2.3973318134591617,-2.2575734004356387,0.5493868081976515,0.3568184960773511,0.238746177558385
38.01,-2.399824308838043,-2.2580950833214595,0.5462820540537997,0.3533677798428096,0.2367171144746836
38.08,-2.402316804216924,-2.25861676620728,0.5431465998182956,0.3499170636082681,0.2346880513909822
38.15,-2.4048092995958052,-2.259138449093101,0.5399808061347906,0.34646634737372656,0.23265898830728077
38.22,-2.4073017949746864,-2.2596601319789213,0.5367850336469371,0.34301563113918504,0.2306299252235794
38.29,-2.4097942903535676,-2.260181814864742,0.5335596429983864,0.3395649149046435,0.22860086213987796
38.36,-2.4122867857324493,-2.260703497750563,0.5303049948327905,0.33611419867010195,0.22657179905617653
38.43,-2.414779281111331,-2.2612251806363837,0.5270214497938012,0.33266348243556043,0.22454273597247515
38.5,-2.4172717764902116,-2.2617468635222044,0.5237093685250699,0.3292127662010189,0.22251367288877372
38.57,-2.4197642718690933,-2.2622685464080257,0.5203691116702488,0.32576204996647734,0.2204846098050723
38.64,-2.4222567672479745,-2.262790229293846,0.5170010398729893,0.3223113337319359,0.2184555467213709
38.71,-2.4247492626268556,-2.2633119121796668,0.5136055137769434,0.31886061749739436,0.2164264836376695
38.78,-2.4272417580057373,-2.2638335950654875,0.510182894025763,0.3154099012628528,0.21439742055396807
38.85,-2.429734253384618,-2.2643552779513083,0.5067335412630993,0.3119591850283113,0.2123683574702667
38.92,-2.432226748763499,-2.264876960837129,0.5032578161326046,0.3085084687937698,0.21033929438656526
38.99,-2.434719244142381,-2.26539864372295,0.49975607927793053,0.3050577525592282,0.20831023130286383
39.06,-2.437211739521262,-2.2659203266087706,0.4962286913427287,0.3016070363246867,0.20628116821916245
39.13,-2.4397042349001437,-2.2664420094945914,0.49267601297065106,0.29815632009014514,0.20425210513546102
39.2,-2.4421967302790244,-2.266963692380412,0.4890984048053491,0.2947056038556036,0.2022230420517596
39.27,-2.444689225657906,-2.267485375266233,0.48549622749047494,0.29125488762106216,0.2001939789680582
39.34,-2.447181721036787,-2.2680070581520533,0.4818698416696801,0.2878041713865206,0.19816491588435678
39.41,-2.4496742164156684,-2.268528741037874,0.4782196079866168,0.2843534551519794,0.1961358528006556
39.48,-2.4521667117945496,-2.269050423923695,0.474545887084936,0.2809027389174379,0.19410678971695416
39.55,-2.454659207173431,-2.2695721068095156,0.47084903960829,0.2774520226828963,0.19207772663325276
39.62,-2.457151702552312,-2.2700937896953364,0.4671294262003303,0.27400130644835485,0.19004866354955138
39.69,-2.4596441979311936,-2.270615472581157,0.4633874075047088,0.27055059021381334,0.18801960046584995
39.76,-2.462136693310075,-2.271137155466978,0.45962334416507733,0.2670998739792717,0.18599053738214855
39.83,-2.464629188688956,-2.2716588383527987,0.45583759682508757,0.26364915774473024,0.18396147429844714
39.9,-2.4671216840678376,-2.2721805212386195,0.45203052612839134,0.2601984415101887,0.18193241121474574
39.97,-2.469614179446719,-2.2727022041244402,0.44820249271864027,0.25674772527564715,0.1799033481310443
40.04,-2.4721066748256,-2.273223887010261,0.4443538572394863,0.2532970090411057,0.17787428504734293
40.11,-2.4745991702044816,-2.273745569896082,0.4404849803345811,0.24984629280656412,0.1758452219636415
40.18,-2.477091665583363,-2.2742672527819026,0.43659622264757625,0.2463955765720226,0.17381615887994006
40.25,-2.479584160962244,-2.274788935667723,0.4326879448221239,0.24294486033748114,0.1717870957962387
40.32,-2.4820766563411247,-2.2753106185535437,0.4287605075018755,0.23949414410293954,0.16975803271253725
40.39,-2.4845691517200064,-2.2758323014393644,0.4248142713304829,0.23604342786839802,0.16772896962883582
40.46,-2.4870616470988876,-2.2763539843251857,0.42084959695159796,0.23259271163385656,0.16569990654513445
40.53,-2.4895541424777687,-2.2768756672110064,0.4168668450088724,0.22914199539931496,0.163670843461433
40.6,-2.4920466378566504,-2.2773973500968268,0.4128663761459578,0.22569127916477344,0.1616417803777316
40.67,-2.4945391332355316,-2.2779190329826475,0.4088485510065063,0.22224056293023192,0.1596127172940302
40.74,-2.440495552789811,-2.242008216633167,0.40481373023416917,0.2187898466956904,0.1575836542103288
40.81,-2.3864519723440907,-2.206097400283687,0.40076227447259855,0.2153391304611489,0.15555459112662737
40.88,-2.3324083918983702,-2.170186583934206,0.3966945443654461,0.21188841422660737,0.15352552804292596
40.95,-2.2783648114526502,-2.134275767584726,0.3926109005563635,0.20843769799206582,0.15149646495922456
41.02,-2.22432123100693,-2.0983649512352454,0.3885117036890026,0.2049869817575243,0.14946740187552313
41.09,-2.1702776505612094,-2.0624541348857646,0.3843973144070151,0.20153626552298276,0.14743833879182172
41.16,-2.1162340701154942,-2.026543318536288,0.3802680933540533,0.19808554928844158,0.14540927570812057
41.23,-2.0621904896697743,-1.9906325021868079,0.37612440117376805,0.19463483305390006,0.14338021262441913
41.3,-2.008146909224054,-1.9547216858373273,0.37196659850981156,0.19118411681935854,0.14135114954071773
41.37,-1.9541033287783334,-1.918810869487847,0.36779504600583546,0.18773340058481702,0.13932208645701633
41.44,-1.900059748332613,-1.8829000531383666,0.36361010430549157,0.18428268435027545,0.1372930233733149
41.51,-1.8460161678868925,-1.846989236788886,0.3594121340524319,0.18083196811573396,0.1352639602896135
41.58,-1.7919725874411723,-1.8110784204394057,0.3552014958903078,0.17738125188119241,0.13323489720591206
41.65,-1.7379290069954518,-1.7751676040899254,0.3509785504627713,0.1739305356466509,0.13120583412221065
41.72,-1.6838854265497316,-1.7392567877404448,0.34674365841347415,0.17047981941210935,0.12917677103850925
41.79,-1.6298418461040112,-1.7033459713909644,0.342497180386068,0.16702910317756783,0.12714770795480784
41.86,-1.5757982656582907,-1.6674351550414839,0.3382394770242047,0.16357838694302632,0.12511864487110644
41.93,-1.5217546852125705,-1.6315243386920035,0.33397090897153603,0.16012767070848477,0.12308958178740503
42.0,-1.46771110476685,-1.5956135223425232,0.3296918368717135,0.15667695447394325,0.1210605187037036
42.07,-1.4136675243211294,-1.5597027059930426,0.3254026213683894,0.15322623823940174,0.1190314556200022
42.14,-1.3596239438754092,-1.523791889643562,0.321103623105215,0.14977552200486022,0.11700239253630079
42.21,-1.3055803634296888,-1.4367877942293854,0.3167952027258421,0.14632480577031867,0.11497332945259936
42.28,-1.2515367829839685,-1.349783698815208,0.3124777208739228,0.14287408953577715,0.11294426636889796
42.35,-1.1974932025382483,-1.2627796034010312,0.3081515381931086,0.13942337330123564,0.11091520328519656
42.42,-1.1434496220925279,-1.175775507986854,0.3038170153270513,0.1359726570666941,0.10888614020149515
42.49,-1.0894060416468074,-1.0887714125726768,0.2994745129194027,0.13252194083215257,0.10685707711779374
42.56,-1.035362461201087,-1.0017673171585,0.2951243916138146,0.129071224597611,0.10482801403409232
42.63,-0.9813188807553667,-0.9147632217443229,0.29076701205393857,0.12562050836306948,0.10279895095039092
42.7,-0.9272753003096464,-0.8277591263301459,0.28640273488342666,0.122169792128528,0.10076988786668951
42.77,-0.873231719863926,-0.740755030915969,0.28203192074593036,0.11871907589398645,0.09874082478298808
42.84,-0.8191881394182057,-0.6537509355017919,0.2776549302851016,0.11526835965944493,0.09671176169928668
42.91,-0.7651445589724908,-0.5667468400876237,0.27327212414459245,0.11181764342490375,0.09468269861558548
42.98,-0.7111009785267703,-0.4797427446734467,0.26888386296805405,0.1083669271903622,0.09265363553188405
43.05,-0.65705739808105,-0.3927386492592696,0.26449050739913826,0.10491621095582071,0.09062457244818266
43.12,-0.6030138176353297,-0.3057345538450925,0.2600924180814971,0.10146549472127918,0.08859550936448125
43.19,-0.5489702371896092,-0.21873045843091554,0.25568995565878216,0.09801477848673762,0.08656644628077984
43.26,-0.4949266567438889,-0.1317263630167385,0.25128348077464546,0.0945640622521961,0.08453738319707843
43.33,-0.4408830762981686,-0.04472226760256143,0.24687335407273842,0.09111334601765461,0.08250832011337703
43.4,-0.3868394958524482,0.042281827811615574,0.24245993619671294,0.08766262978311305,0.0804792570296756
43.47,-0.3327959154067278,0.12928592322579263,0.23804358779022095,0.08421191354857153,0.07845019394597419
43.54,-0.2787523349610075,0.21629001863996966,0.23362466949691396,0.08076119731403,0.07642113086227278
43.61,-0.27141952063721264,0.2084693883752665,0.22920354196044387,0.07731048107948849,0.07439206777857137
43.68,-0.2640867063134179,0.20064875811056335,0.2247805658244625,0.07385976484494697,0.07236300469486996
43.75,-0.25675389198962306,0.19282812784586015,0.2203561017326215,0.07040904861040542,0.07033394161116854
43.82,-0.2494210776658283,0.18500749758115698,0.21593051032857263,0.0669583323758639,0.06830487852746714
43.89,-0.24208826334203348,0.1771868673164538,0.21150415225596764,0.06350761614132237,0.06627581544376573
43.96,-0.23475544901823867,0.16936623705175066,0.2070773881584584,0.06005689990678085,0.06424675236006433
44.03,-0.2274226346944439,0.1615456067870475,0.2026505786796966,0.05660618367223931,0.06221768927636291
44.1,-0.22008982037064911,0.15372497652234432,0.19822408446333392,0.05315546743769779,0.06018862619266149
44.17,-0.21275700604685427,0.14590434625764115,0.19379826615302229,0.04970475120315626,0.05815956310896009
44.24,-0.20542419172305948,0.13808371599293798,0.18937348439241342,0.04625403496861474,0.05613050002525868
44.31,-0.1980913773992647,0.1302630857282348,0.184950099825159,0.042803318734073205,0.054101436941557265
44.38,-0.1907585630754699,0.12244245546353165,0.18052847309491082,0.039352602499531694,0.05207237385785586
44.45,-0.18342574875167508,0.11462182519882846,0.1761089648453207,0.035901886264990156,0.05004331077415444
44.52,-0.1760929344278803,0.1068011949341253,0.17169193572004032,0.03245117003044863,0.04801424769045304
44.59,-0.16876012010408548,0.09898056466942214,0.16727774636272155,0.029000453795907093,0.045985184606751627
44.66,-0.16142730578029146,0.09115993440471978,0.16286675741701653,0.025549737561365922,0.04395612152305042
44.73,-0.15409449145649665,0.0833393041400166,0.15845932952657601,0.022099021326824397,0.041927058439349005
44.8,-0.14676167713270183,0.07551867387531344,0.1540558233350524,0.01864830509228286,0.0398979953556476
44.87,-0.13942886280890704,0.06769804361061027,0.14965659948609739,0.015197588857741348,0.037868932271946196
44.94,-0.13209604848511222,0.0598774133459071,0.14526201862336274,0.01174687262319981,0.03583986918824478
45.01,-0.12476323416131743,0.052056783081203935,0.14087244139050023,0.008296156388658285,0.033810806104543366
45.08,-0.11743041983752264,0.04423615281650077,0.1364882284311615,0.0048454401541167605,0.031781743020841954
45.15,-0.11009760551372784,0.03641552255179759,0.13210974038899848,0.001394723919575229,0.029752679937140546
45.22,-0.10276479118993306,0.028594892287094442,0.1277373379076629,-0.0020559923149662956,0.02772361685343914
45.29,-0.09543197686613825,0.02077426202239127,0.12337138163080642,-0.00550670854950782,0.025694553769737727
45.36,-0.08809916254234344,0.0129536317576881,0.11901223220208092,-0.008957424784049352,0.023665490686036315
45.43,-0.08076634821854865,0.005133001492984915,0.11466025026513801,-0.012408141018590876,0.021636427602334904
45.5,-0.07343353389475384,-0.0026876287717182423,0.11031579646362961,-0.015858857253132408,0.019607364518633496
45.57,-0.06610071957095906,-0.0105082590364214,0.10597923144120745,-0.019309573487673933,0.017578301434932084
45.64,-0.05876790524716426,-0.018328889301124564,0.10165091584152328,-0.022760289722215457,0.015549238351230678
45.71,-0.05143509092336945,-0.026149519565827742,0.09733121030822876,-0.02621100595675698,0.013520175267529265
45.78,-0.044102276599574664,-0.0339701498305309,0.0930204754849758,-0.029661722191298517,0.011491112183827853
45.85,-0.03676946227577985,-0.04179078009523408,0.08871907201541607,-0.03311243842584004,0.00946204910012644
45.92,-0.029436647951985064,-0.049611410359937234,0.08442736054320137,-0.03656315466038157,0.007432986016425033
45.99,-0.02210383362819026,-0.05743204062464041,0.08014570171198349,-0.0400138708949231,0.0054039229327236225
46.06,-0.01477101930439546,-0.06525267088934358,0.07587445616541406,-0.04346458712946462,0.003374859849022211
46.13,-0.00743820498060066,-0.07307330115404675,0.07161398454714503,-0.04691530336400615,0.0013457967653208013
46.2,-0.00010539065680586351,-0.08089393141874991,0.06736464750082803,-0.05036601959854768,-0.000683266318380611
46.27,0.007227423666988935,-0.08871456168345307,0.06312680567011493,-0.053816735833089206,-0.0027123294020820208
46.34,0.014560237990783735,-0.09653519194815624,0.05890081969865736,-0.057267452067630724,-0.00474139248578343
46.41,0.02189305231457779,-0.10435582221285862,0.05468705023010759,-0.06071816830217191,-0.0067704555694846355
46.48,0.01889741357733773,-0.040953294805407624,0.050485992926313464,-0.057835086298442494,-0.006872576383647415
46.55,0.01590177484009767,0.022449232602043373,0.046298683521912076,-0.05495200429471307,-0.006974697197810194
46.62,0.01290613610285761,0.08585176000949438,0.04212629276973694,-0.052068922290983664,-0.007076818011972973
46.69,0.009910497365617547,0.14925428741694535,0.03796999142262169,-0.04918584028725425,-0.007178938826135753
46.76,0.006914858628377485,0.21265681482439636,0.033830950233399874,-0.046302758283524835,-0.007281059640298531
46.83,0.003919219891137424,0.27605934223184736,0.029710339954905105,-0.04341967627979541,-0.007383180454461311
46.9,0.0009235811538973633,0.33946186963929836,0.02560933133997091,-0.040536594276066,-0.007485301268624091
46.97,-0.0020720575833426923,0.4028643970467493,0.02152909514143097,-0.037653512272336584,-0.007587422082786869
47.04,-0.005067696320582755,0.46626692445420037,0.017470802112118752,-0.03477043026860716,-0.007689542896949649
47.11,-0.008063335057822817,0.5296694518616513,0.013435623004867928,-0.03188734826487775,-0.007791663711112428
47.18,-0.011058973795062876,0.5930719792691024,0.009424728572512043,-0.02900426626114833,-0.007893784525275206
47.25,-0.014054612532302939,0.7296043472038913,0.005439289567884659,-0.026121184257418925,-0.007995905339437986
47.32,-0.017050251269543,0.8661367151386803,0.001480476743819417,-0.023238102253689503,-0.008098026153600765
47.39,-0.020045890006783064,1.0026690830734692,-0.002450539146850152,-0.02035502024996009,-0.008200146967763545
47.46,-0.02304152874402312,1.1392014510082582,-0.006352587351290475,-0.017471938246230667,-0.008302267781926324
47.53,-0.026037167481263182,1.2757338189430472,-0.010224497116667909,-0.01458885624250126,-0.008404388596089104
47.6,-0.029032806218503245,1.4122661868778361,-0.014065097690148907,-0.011705774238771838,-0.008506509410251882
47.67,-0.0320284449557433,1.5487985548126253,-0.017873218318899885,-0.008822692235042423,-0.008608630224414661
47.74,-0.03502408369298336,1.685330922747414,-0.021647688250087296,-0.005939610231313008,-0.00871075103857744
47.81,-0.038019722430223425,1.821863290682203,-0.0253873367308775,-0.0030565282275835937,-0.00881287185274022
47.88,-0.04101536116746349,1.958395658616992,-0.029090993008436948,-0.00017344622385417896,-0.008914992666902998
47.95,-0.04401099990470354,1.8025324286970048,-0.03275748632993204,0.0027096357798752357,-0.009017113481065778
48.02,-0.0470066386419436,1.646669198777018,-0.0363856459425292,0.0055927177836046504,-0.009119234295228557
48.09,-0.05000227737918367,1.490805968857031,-0.039974301093394865,0.008475799787334065,-0.009221355109391337
48.16,-0.052997916116423426,1.33494273893706,-0.04352228102969506,0.011358881791063188,-0.009323475923554106
48.23,-0.055993554853663474,1.179079509017073,-0.047028414998596946,0.014241963794792617,-0.009425596737716885
48.3,-0.05898919359090355,1.023216279097086,-0.050491532247266574,0.01712504579852203,-0.009527717551879665
48.37,-0.061984832328143606,0.8673530491770991,-0.053910462022870344,0.020008127802251446,-0.009629838366042443
48.44,-0.06498047106538367,0.7114898192571121,-0.05728403357257471,0.02289120980598086,-0.009731959180205224
48.51,-0.06797610980262374,0.5556265893371252,-0.06061107614354609,0.02577429180971027,-0.009834079994368002
48.58,-0.0709717485398638,0.39976335941713825,-0.06389041898295082,0.028657373813439697,-0.009936200808530781
48.65,-0.07396738727710385,0.24390012949715129,-0.06712089133795546,0.031540455817169105,-0.010038321622693561
48.72,-0.0769630260143439,0.21061244095439202,-0.0703013224557263,0.03442353782089852,-0.010140442436856339
48.79,-0.07995866475158397,0.17732475241163276,-0.07343054158342979,0.03730661982462794,-0.010242563251019118
48.86,-0.08295430348882403,0.14403706386887352,-0.0765073779682324,0.04018970182835737,-0.010344684065181898
48.93,-0.08594994222606409,0.11074937532611423,-0.07953066085730048,0.04307278383208677,-0.010446804879344677
49.0,-0.08894558096330414,0.07746168678335497,-0.0824992194978005,0.045955865835816186,-0.010548925693507457
49.07,-0.09194121970054422,0.0441739982405957,-0.08541188313689883,0.04883894783954561,-0.010651046507670237
49.14,-0.09493685843778428,0.010886309697836431,-0.08826748102176196,0.05172202984327502,-0.010753167321833014
49.21,-0.09793249717502434,-0.022401378844922826,-0.09106484239955617,0.05460511184700443,-0.010855288135995794
49.28,-0.1009281359122644,-0.05568906738768209,-0.09380279651744806,0.05748819385073386,-0.010957408950158573
49.35,-0.10392377464950446,-0.08897675593044135,-0.09648017262260392,0.060371275854463266,-0.011059529764321351
49.42,-0.07031761013632609,-0.08516692873887918,-0.0990957999621902,0.06325435785819267,-0.01116165057848413
49.49,-0.03671144562314771,-0.08135710154731703,-0.10164850778337332,0.06613743986192208,-0.01126377139264691
49.56,-0.0031052811099693267,-0.07754727435575484,-0.10413712533331973,0.06902052186565151,-0.01136589220680969
49.63,0.030500883403209028,-0.07373744716419268,-0.1065604818591958,0.07190360386938092,-0.01146801302097247
49.7,0.06410704791638741,-0.06992761997263051,-0.10891740660816797,0.07478668587311033,-0.011570133835135249
49.77,0.0977132124295658,-0.06611779278106834,-0.11120672882740261,0.07766976787683977,-0.011672254649298029
49.84,0.13131937694274415,-0.06230796558950618,-0.11342727776406622,0.08055284988056917,-0.011774375463460808
49.91,0.16492554145591914,-0.05849813839794441,-0.11557788266532495,0.08343593188429829,-0.011876496277623577
49.98,0.19853170596909753,-0.054688311206382234,-0.11765737277834572,0.08631901388802772,-0.011978617091786353
50.05,0.23213787048227585,-0.05087848401482006,-0.11966457735029462,0.08920209589175714,-0.012080737905949135
50.12,0.2657440349954543,-0.04706865682325791,-0.12159832562833812,0.09208517789548656,-0.012182858720111914
50.19,0.2993501995086327,-0.04325882963169573,-0.12345744685964263,0.09496825989921595,-0.012284979534274692
50.26,0.33295636402181095,-0.03944900244013357,-0.1252407702913746,0.0978513419029454,-0.012387100348437471
50.33,0.3665625285349894,-0.03563917524857141,-0.12694712517070042,0.10073442390667481,-0.012489221162600251
50.4,0.4001686930481677,-0.03182934805700924,-0.1285753407447865,0.10361750591040421,-0.01259134197676303
50.47,0.43377485756134615,-0.02801952086544707,-0.13012424626079927,0.10650058791413364,-0.01269346279092581
50.54,0.4673810220745245,-0.024209693673884904,-0.13159267096590516,0.10938366991786305,-0.01279558360508859
50.61,0.5009871865877028,-0.020399866482322736,-0.13297944410727058,0.11226675192159244,-0.01289770441925137
50.68,0.5345933511008811,-0.01659003929076057,-0.13428339493206193,0.11514983392532188,-0.012999825233414149
50.75,0.5681995156140597,-0.012780212099198399,-0.13550335268744562,0.1180329159290513,-0.013101946047576928
50.82,0.601805680127238,-0.008970384907636235,-0.13663814662058815,0.1209159979327807,-0.013204066861739704
50.89,0.6354118446404163,-0.005160557716074071,-0.13768660597865584,0.12379907993651013,-0.013306187675902486
50.96,0.6690180091535947,-0.0013507305245119006,-0.13864756000881512,0.12668216194023954,-0.013408308490065265
51.03,0.7026241736667732,0.002459096667050263,-0.13951983795823247,0.12956524394396896,-0.013510429304228043
51.1,0.7362303381799515,0.006268923858612434,-0.14030226907407425,0.13244832594769837,-0.013612550118390822
51.17,0.7698365026931299,0.010078751050174597,-0.14099368260350692,0.13533140795142778,-0.013714670932553602
51.24,0.8034426672063083,0.013888578241736768,-0.14159290779369685,0.13821448995515717,-0.013816791746716382
51.31,0.8370488317194866,0.017698405433298935,-0.14209877389181053,0.14109757195888664,-0.013918912560879161
51.38,0.870654996232665,0.021508232624861096,-0.1425101101450142,0.14398065396261603,-0.01402103337504194
51.45,0.9042611607458433,0.02531805981642326,-0.14282574580047452,0.14686373596634547,-0.014123154189204717
51.52,0.9378673252590217,0.029127887007985433,-0.14304451010535776,0.14974681797007489,-0.0142252750033675
51.59,0.9714734897722,0.032937714199547594,-0.14316523230683037,0.15262989997380427,-0.014327395817530278
51.66,1.005079654285375,0.036747541391109376,-0.14318674165205883,0.15551298197753344,-0.014429516631693047
51.73,1.0386858187985535,0.040557368582671546,-0.1431078673882094,0.15839606398126282,-0.014531637445855825
51.8,1.0722919833117317,0.04436719577423371,-0.14292743876244873,0.16127914598499224,-0.014633758260018604
51.87,1.1058981478249101,0.048177022965795874,-0.14264428502194293,0.16416222798872165,-0.014735879074181384
51.94,1.1395043123380886,0.051986850157358044,-0.14225723541385873,0.16704530999245107,-0.014837999888344163
52.01,1.1731104768512668,0.05579667734892021,-0.14176511918536236,0.16992839199618048,-0.014940120702506943
52.08,1.2067166413644455,0.05960650454048237,-0.1411667655836203,0.17281147399990993,-0.015042241516669722
52.15,1.2403228058776237,0.06341633173204454,-0.14046100385579893,0.1756945560036393,-0.015144362330832502
52.22,1.273928970390802,0.06722615892360671,-0.13964666324906472,0.17857763800736873,-0.01524648314499528
52.29,1.217707076358625,0.09427818995971479,-0.1387231826094521,0.18146072001109814,-0.01534860395915806
52.36,1.1614851823264483,0.12133022099582288,-0.1376924391784678,0.18434380201482756,-0.015450724773320837
52.43,1.1052632882942712,0.14838225203193095,-0.13655691979648665,0.187226884018557,-0.015552845587483616
52.5,1.0490413942620944,0.17543428306803904,-0.1353191113038834,0.19010996602228641,-0.015654966401646396
52.57,0.9928195002299175,0.20248631410414714,-0.13398150054103278,0.19299304802601583,-0.015757087215809176
52.64,0.9365976061977405,0.2295383451402552,-0.13254657434830971,0.19587613002974522,-0.015859208029971955
52.71,0.8803757121655637,0.25659037617636327,-0.13101681956608874,0.19875921203347463,-0.015961328844134735
52.78,0.8241538181333867,0.28364240721247136,-0.12939472303474495,0.20164229403720405,-0.016063449658297514
52.85,0.7679319241012099,0.31069443824857945,-0.12768277159465288,0.2045253760409335,-0.01616557047246029
52.92,0.7117100300690329,0.33774646928468754,-0.1258834520861874,0.2074084580446629,-0.016267691286623073
52.99,0.655488136036856,0.36479850032079564,-0.1239992513497233,0.21029154004839232,-0.01636981210078585
53.06,0.599266242004679,0.39185053135690373,-0.12203265622563537,0.2131746220521217,-0.016471932914948632
53.13,0.5430443479725021,0.41890256239301177,-0.11998615355429837,0.21605770405585115,-0.01657405372911141
53.2,0.48682245394032514,0.4459545934291198,-0.11786223017608707,0.21894078605958053,-0.016676174543274188
53.27,0.4306005599081483,0.47300662446522795,-0.1156633729313763,0.22182386806330998,-0.016778295357436968
53.34,0.37437866587597135,0.5000586555013361,-0.11339206866054077,0.22470695006703936,-0.01688041617159975
53.41,0.31815677184380015,0.5271106865374413,-0.11105080420395558,0.2275900320707685,-0.016982536985762516
53.48,0.26193487781162317,0.5541627175735494,-0.108642066401995,0.23047311407449791,-0.017084657799925296
53.55,0.20571298377944627,0.5812147486096576,-0.10616834209503405,0.23335619607822733,-0.017186778614088075
53.62,0.14949108974726935,0.6082667796457656,-0.10363211812344751,0.23623927808195677,-0.017288899428250855
53.69,0.09326919571509242,0.6353188106818737,-0.10103588132761016,0.2391223600856862,-0.017391020242413634
53.76,0.21141569232211993,0.8138058143995903,-0.09838211854789677,0.2420054420894156,-0.017493141056576414
53.83,0.32956218892914746,0.9922928181173067,-0.09567331662468218,0.24488852409314504,-0.01759526187073919
53.9,0.44770868553617493,1.1707798218350236,-0.0929119623983411,0.2477716060968744,-0.017697382684901973
53.97,0.5658551821432025,1.34926682555274,-0.09010054270924833,0.2506546881006038,-0.01779950349906475
54.04,0.68400167875023,1.5277538292704569,-0.0872415443977787,0.25353777010433326,-0.017901624313227532
54.11,0.8021481753572575,1.7062408329881735,-0.08433745430430695,0.2564208521080627,-0.018003745127390308
54.18,0.9202946719642849,1.8847278367058902,-0.08139075926920779,0.25930393411179203,-0.018105865941553088
54.25,1.0384411685713126,2.0632148404236066,-0.07840394613285614,0.26218701611552153,-0.018207986755715867
54.32,1.15658766517834,2.241701844141323,-0.07537950173562678,0.2650700981192509,-0.018310107569878647
54.39,1.2747341617853676,2.4201888478590403,-0.0723199129178944,0.2679531801229803,-0.018412228384041426
54.46,1.3928806583923952,2.5986758515767567,-0.06922766652003381,0.27083626212670975,-0.018514349198204202
54.53,1.5110271549994225,2.577198816072279,-0.06610524938241977,0.2737193441304392,-0.018616470012366985
54.6,1.6291736516064501,2.5557217805678016,-0.0629551483454271,0.2766024261341685,-0.01871859082652976
54.67,1.7473201482134775,2.534244745063324,-0.0597798502494306,0.279485508137898,-0.018820711640692545
54.74,1.8654666448205053,2.512767709558847,-0.056581841934805026,0.2823685901416274,-0.01892283245485532
54.81,1.9836131414275326,2.4912906740543694,-0.053363610241925125,0.2852516721453568,-0.0190249532690181
54.88,2.1017596380345602,2.4698136385498914,-0.05012764201116574,0.2881347541490863,-0.01912707408318088
54.95,2.2199061346415876,2.448336603045414,-0.046876424082901644,0.2910178361528157,-0.019229194897343663
55.02,2.338052631248615,2.426859567540937,-0.043612443297507575,0.29390091815654507,-0.01933131571150644
55.09,2.4561991278556428,2.4053825320364592,-0.04033818649535837,0.2967840001602745,-0.01943343652566922
55.16,2.574345624462658,2.383905496531984,-0.03705614051682909,0.2996670821640036,-0.019535557339831984
55.23,2.5661757531340763,2.3798424305444628,-0.03376879220229385,0.30255016416773306,-0.019637678153994767
55.3,2.558005881805494,2.3757793645569416,-0.0304786283921279,0.30543324617146245,-0.019739798968157543
55.37,2.5498360104769127,2.3717162985694196,-0.027188135926705815,0.3083163281751919,-0.019841919782320326
55.44,2.5416661391483304,2.3676532325818984,-0.023899801646402527,0.3111994101789213,-0.019944040596483106
55.51,2.5334962678197486,2.3635901665943773,-0.02061611239159276,0.31408249218265066,-0.02004616141064588
55.58,2.5253263964911663,2.359527100606856,-0.01733955500265129,0.3169655741863801,-0.02014828222480866
55.65,2.5171565251625845,2.3554640346193345,-0.014072616319952918,0.31984865619010955,-0.02025040303897144
55.72,2.508986653834003,2.3514009686318134,-0.010817783183872477,0.3227317381938389,-0.02035252385313422
55.79,2.500816782505421,2.3473379026442918,-0.007577542434784631,0.3256148201975684,-0.020454644667296996
55.86,2.4926469111768386,2.3432748366567706,-0.004354380913064211,0.32849790220129776,-0.02055676548145978
55.93,2.4844770398482567,2.3392117706692495,-0.0011507854590861021,0.33138098420502715,-0.020658886295622556
56.0,2.4763071685196745,2.3351487046817274,0.0020307570867751125,0.3342640662087566,-0.02076100710978534
56.07,2.4681372971910926,2.3310856386942063,0.00518775988414444,0.33714714821248604,-0.020863127923948118
56.14,2.4599674258625104,2.327022572706685,0.008317736092647266,0.34003023021621537,-0.020965248738110894
56.21,2.451797554533929,2.3229595067191635,0.011418198871908704,0.34291331221994487,-0.021067369552273674
56.28,2.443627683205347,2.3188964407316424,0.01448666138155401,0.3457963942236743,-0.021169490366436457
56.35,2.435457811876765,2.3148333747441208,0.017520636781208382,0.3486794762274037,-0.021271611180599233
56.42,2.427287940548183,2.3107703087565996,0.02051763823049712,0.35156255823113314,-0.021373731994762012
56.49,2.419118069219601,2.3067072427690785,0.02347517888904532,0.3544456402348625,-0.021475852808924792
56.56,2.4109481978910186,2.302644176781557,0.026390771916478296,0.35732872223859197,-0.021577973623087568
56.63,2.402778326562437,2.2985811107940357,0.02926193047242118,0.36021180424232135,-0.02168009443725035
56.7,2.394608455233855,2.294518044806514,0.032086167716499234,0.3630948862460508,-0.02178221525141313
56.77,2.3864385839052726,2.2904549788189925,0.0348609968083377,0.3659779682497802,-0.021884336065575907
56.84,2.3782687125766913,2.2863919128314714,0.03758393090756178,0.3688610502535096,-0.02198645687973869
56.91,2.37009884124811,2.2823288468439507,0.04025248317379642,0.37174413225723874,-0.022088577693901455
56.98,2.361928969919528,2.278265780856429,0.04286416676666738,0.3746272142609681,-0.02219069850806424
57.05,2.3537590985909462,2.274202714868908,0.04541649484579959,0.37751029626469756,-0.022292819322227014
57.12,2.345589227262364,2.2701396488813863,0.04790698057081829,0.38039337826842695,-0.02239494013638979
57.19,2.337419355933782,2.2660765828938647,0.05033313710134865,0.3832764602721564,-0.022497060950552573
57.26,2.3292494846052003,2.262013516906344,0.052692477597015966,0.3861595422758858,-0.022599181764715353
57.33,2.321079613276618,2.2579504509188224,0.05498251521744538,0.3890426242796152,-0.022701302578878133
57.4,2.3129097419480362,2.253887384931301,0.05720076312226219,0.3919257062833446,-0.022803423393040912
57.47,2.3047398706194544,2.2498243189437797,0.05934473447109154,0.39480878828707405,-0.02290554420720369
57.54,2.296569999290872,2.2457612529562585,0.06141194242355866,0.39769187029080344,-0.02300766502136647
57.61,2.2884001279622903,2.241698186968737,0.06339990013928883,0.4005749522945329,-0.02310978583552925
57.68,2.2802302566337085,2.2376351209812153,0.0653061207779072,0.4034580342982623,-0.023211906649692027
57.75,2.272060385305126,2.233572054993694,0.06712811749903899,0.4063411163019917,-0.02331402746385481
57.82,2.2638905139765444,2.229508989006173,0.06886340346230947,0.40922419830572115,-0.023416148278017586
57.89,2.2557206426479626,2.2254459230186514,0.0705094918273438,0.41210728030945054,-0.023518269092180365
57.96,2.2475507713193803,2.22138285703113,0.07206389575376723,0.41499036231318,-0.023620389906343145
58.03,2.2393808999907985,2.2173197910436087,0.07352412840120498,0.41787344431690937,-0.023722510720505924
58.1,2.241085460682374,2.220338728697545,0.0748882380365906,0.42205024729272217,-0.0238246315346687
58.17,2.2427900213739496,2.223357666351481,0.07615641335609134,0.4262270502685351,-0.023926752348831487
58.24,2.244494582065525,2.2263766040054174,0.07732937816318264,0.4304038532443479,-0.024028873162994263
58.31,2.2461991427571,2.2293955416593536,0.07840785626134007,0.4345806562201607,-0.02413099397715704
58.38,2.2479037034486757,2.23241447931329,0.07939257145403919,0.43875745919597353,-0.024233114791319822
58.45,2.2496082641402513,2.235433416967226,0.08028424754475544,0.44293426217178633,-0.0243352356054826
58.52,2.251312824831827,2.2384523546211623,0.08108360833696444,0.44711106514759913,-0.024437356419645378
58.59,2.253017385523402,2.2414712922750986,0.0817913776341417,0.451287868123412,-0.02453947723380816
58.66,2.2547219462149775,2.2444902299290344,0.08240827923976263,0.4554646710992244,-0.024641598047970927
58.73,2.256426506906553,2.2475091675829706,0.08293503695730296,0.4596414740750372,-0.02474371886213371
58.8,2.2581310675981285,2.2505281052369064,0.08337237459023818,0.46381827705085005,-0.024845839676296486
58.87,2.259835628289704,2.2535470428908426,0.08372101594204372,0.46799508002666285,-0.024947960490459265
58.94,2.2615401889812796,2.256565980544779,0.08398168481619521,0.4721718830024757,-0.025050081304622045
59.01,2.2632447496728547,2.2595849181987147,0.0841551050161681,0.4763486859782885,-0.02515220211878482
59.08,2.2649493103644303,2.262603855852651,0.084242000345438,0.48052548895410135,-0.025254322932947604
59.15,2.266653871056006,2.265622793506587,0.08424309460748038,0.4847022919299142,-0.025356443747110383
59.22,2.268358431747581,2.2686417311605234,0.08415911160577086,0.488879094905727,-0.02545856456127316
59.29,2.2700629924391564,2.2716606688144596,0.08399077514378482,0.4930558978815398,-0.02556068537543594
59.36,2.271767553130732,2.2746796064683963,0.08373880902499793,0.4972327008573526,-0.025662806189598722
59.43,2.2734721138223075,2.277698544122332,0.08340393705288561,0.5014095038331654,-0.025764927003761498
59.5,2.275176674513883,2.2807174817762683,0.0829868830309235,0.5055863068089783,-0.025867047817924278
59.57,2.276881235205458,2.2837364194302046,0.08248837076258708,0.5097631097847911,-0.025969168632087057
59.64,2.278585795897034,2.286755357084141,0.08190912405135184,0.5139399127606039,-0.026071289446249837
59.71,2.2802903565886092,2.289774294738077,0.08124986670069341,0.5181167157364168,-0.026173410260412616
59.78,2.2819949172801848,2.292793232392013,0.08051132251408723,0.5222935187122296,-0.026275531074575396
59.85,2.2836994779717603,2.2958121700459495,0.07969421529500889,0.5264703216880424,-0.026377651888738172
59.92,2.285404038663336,2.2988311076998857,0.07879926884693392,0.5306471246638553,-0.02647977270290095
59.99,2.2871085993549114,2.301850045353822,0.07782720697333781,0.5348239276396681,-0.026581893517063734
60.06,2.2888131600464865,2.304868983007758,0.07677875347769614,0.5390007306154809,-0.02668401433122651
60.13,2.290517720738062,2.307887920661694,0.07565463216348439,0.5431775335912937,-0.02678613514538929
60.2,2.2922222814296376,2.3109068583156303,0.07445556683417806,0.5473543365671065,-0.026888255959552073
60.27,2.2939268421212127,2.3139257959695665,0.07318228129325284,0.5515311395429194,-0.02699037677371485
60.34,2.295631402812788,2.3169447336235027,0.07183549934418411,0.5557079425187322,-0.02709249758787763
60.41,2.2973359635043638,2.3199636712774385,0.07041594479044762,0.5598847454945446,-0.027194618402040398
60.48,2.299040524195939,2.3229826089313743,0.0689243414355186,0.5640615484703575,-0.027296739216203177
60.55,2.300745084887515,2.326001546585311,0.0673614130828727,0.5682383514461703,-0.027398860030365957
60.62,2.30244964557909,2.3290204842392472,0.06572788353598544,0.5724151544219831,-0.027500980844528736
60.69,2.3041542062706655,2.3320394218931835,0.06402447659833242,0.576591957397796,-0.027603101658691512
60.76,2.305858766962241,2.3350583595471193,0.06225191607338914,0.5807687603736087,-0.027705222472854295
60.83,2.3075633276538166,2.3380772972010555,0.06041092576463109,0.5849455633494216,-0.027807343287017075
60.9,2.309267888345392,2.3410962348549917,0.05850222947553384,0.5891223663252344,-0.02790946410117985
60.97,2.310972449036967,2.344115172508928,0.05652655100957291,0.5932991693010472,-0.02801158491534263
61.04,2.3126770097285427,2.347134110162864,0.054484614170223856,0.5974759722768601,-0.02811370572950541
61.11,2.3143815704201183,2.3501530478168005,0.05237714276096221,0.6016527752526728,-0.02821582654366819
61.18,2.3160861311116934,2.3531719854707367,0.05020486058526344,0.6058295782284857,-0.02831794735783097
61.25,2.3177906918032694,2.356190923124673,0.04796849144660315,0.6100063812042985,-0.02842006817199375
61.32,2.3194952524948445,2.359209860778609,0.045668759148456854,0.6141831841801113,-0.028522188986156525
61.39,2.32119981318642,2.3622287984325454,0.04330638749430002,0.6183599871559242,-0.02862430980031931
61.46,2.3229043738779955,2.365247736086481,0.04088210028760825,0.622536790131737,-0.028726430614482087
61.53,2.3246089345695706,2.3682666737404174,0.038396621331857096,0.6267135931075498,-0.028828551428644864
61.6,2.3263134952611466,2.371285611394354,0.03585067443052202,0.6308903960833626,-0.028930672242807647
61.67,2.3280180559527217,2.37430454904829,0.033244983387078625,0.6350671990591754,-0.029032793056970426
61.74,2.3297226166442977,2.377323486702226,0.030580272005002372,0.6392440020349883,-0.029134913871133202
61.81,2.331427177335873,2.3803424243561624,0.027857264087768837,0.6434208050108011,-0.02923703468529598
61.88,2.3331317380274483,2.3833613620100986,0.02507668343885352,0.6475976079866139,-0.02933915549945876
61.95,2.334836298719024,2.386380299664035,0.022239253861732,0.6517744109624268,-0.029441276313621537
62.02,2.3365408594105994,2.389399237317971,0.01934569915987975,0.6559512139382396,-0.029543397127784324
62.09,2.3382454201021745,2.3924181749719073,0.016396743136772345,0.6601280169140524,-0.0296455179419471
62.16,2.33994998079375,2.395437112625843,0.01339310959588565,0.6643048198898649,-0.029747638756109866
62.23,2.341654541485325,2.398456050279779,0.010335522340694507,0.6684816228656776,-0.02984975957027265
62.3,2.343359102176901,2.4014749879337156,0.007224705174674741,0.6726584258414905,-0.029951880384435428
62.37,2.3450636628684762,2.4044939255876514,0.004061381901302025,0.6768352288173034,-0.030054001198598204
62.44,2.3467682235600518,2.4075128632415876,0.0008462763240517368,0.6810120317931161,-0.030156122012760984
62.51,2.3484727842516273,2.410531800895524,-0.0024198877536005074,0.685188834768929,-0.030258242826923763
62.58,2.350177344943203,2.41355073854946,-0.005736386528179177,0.6893656377447418,-0.030360363641086543
62.65,2.351881905634778,2.4165696762033964,-0.009102496196208763,0.6935424407205546,-0.030462484455249322
62.72,2.3535864663263535,2.419588613857332,-0.01251749295421374,0.6977192436963675,-0.0305646052694121
62.79,2.355291027017929,2.4226075515112684,-0.015980652998718616,0.7018960466721803,-0.030666726083574878
62.86,2.3569955877095046,2.4256264891652046,-0.019491252526247716,0.7060728496479931,-0.03076884689773766
62.93,2.3587001484010797,2.428645426819141,-0.023048567733325708,0.7102496526238059,-0.03087096771190044
63.0,2.3604047090926557,2.4316643644730775,-0.026651874816476878,0.7144264555996187,-0.03097308852606322
63.07,2.3621092697842307,2.434683302127014,-0.03030044997222583,0.7186032585754315,-0.031075209340225996
63.14,2.3638138304758063,2.4377022397809496,-0.033993569397096954,0.7227800615512444,-0.03117733015438878
63.21,2.365518391167382,2.440721177434886,-0.03773050928761476,0.7269568645270572,-0.03127945096855156
63.28,2.3672229518589574,2.443740115088822,-0.041510545840303656,0.7311336675028701,-0.031381571782714335
63.35,2.3689275125505325,2.4467590527427583,-0.04533295525168817,0.7353104704786829,-0.03148369259687711
63.42,2.370632073242108,2.4497779903966945,-0.04919701371829273,0.7394872734544957,-0.031585813411039894
63.49,2.3723366339336835,2.4527969280506303,-0.05310199743664185,0.7436640764303086,-0.03168793422520268
63.56,2.374041194625259,2.4558158657045666,-0.05704718260325996,0.7478408794061214,-0.03179005503936545
63.63,2.375745755316834,2.458834803358503,-0.06103184541467157,0.7520176823819342,-0.03189217585352823
63.7,2.3774503160084097,2.461853741012439,-0.06505526206740107,0.756194485357747,-0.03199429666769101
63.77,2.3791548766999853,2.4648726786663753,-0.069116708757973,0.7603712883335598,-0.03209641748185379
63.84,2.380859437391561,2.4678916163203115,-0.07321546168291185,0.7645480913093726,-0.03219853829601657
63.91,2.312274166509569,2.3776226924149655,-0.07735079703874159,0.768724894285185,-0.03230065911017933
63.98,2.243688895627571,2.287353768509611,-0.08152199102198754,0.7729016972609979,-0.032402779924342116
64.05,2.175103624745572,2.1970848446042557,-0.08572831982917378,0.7770785002368108,-0.0325049007385049
64.12,2.106518353863567,2.106815920698892,-0.0899690596568252,0.7812553032126239,-0.03260702155266769
64.19,2.037933082981575,2.016546996793546,-0.09424348670146501,0.7854321061884364,-0.03270914236683045
64.26,1.9693478120995696,1.9262780728881816,-0.09855087715961934,0.7896089091642495,-0.03281126318099325
64.33,1.900762541217578,1.8360091489828356,-0.10289050722781098,0.7937857121400621,-0.03291338399515601
64.4,1.8321772703355725,1.7457402250774718,-0.10726165310256613,0.7979625151158753,-0.0330155048093188
64.47,1.763591999453581,1.6554713011721258,-0.11166359098040743,0.8021393180916876,-0.03311762562348158
64.54,1.6950067285715753,1.5652023772667618,-0.11609559705786121,0.806316121067501,-0.03321974643764437
64.61,1.6264214576895837,1.474933453361416,-0.12055694753145015,0.8104929240433133,-0.03332186725180713
64.68,1.557836186807578,1.384664529456052,-0.12504691859770045,0.8146697270191265,-0.03342398806596992
64.75,1.4892509159255867,1.2943956055507062,-0.12956478645313482,0.818846529994939,-0.03352610888013269
64.82,1.420665645043595,1.2041266816453602,-0.13410982729427864,0.8230233329707514,-0.03362822969429546
64.89,1.3520803741615897,1.113857757739996,-0.1386813173176573,0.8272001359465646,-0.03373035050845825
64.96,1.283495103279598,1.0235888338346504,-0.1432785327197934,0.8313769389223771,-0.033832471322621016
65.03,1.2149098323975922,0.9333199099292863,-0.14790074969721317,0.8355537418981903,-0.033934592136783806
65.1,1.1463245615156008,0.8430509860239404,-0.1525472444464394,0.8397305448740028,-0.034036712950946575
65.17,1.0777392906335952,0.7527820621185763,-0.1572172931639983,0.8439073478498159,-0.03413883376510936
65.24,1.0091540197516036,0.6625131382132305,-0.16191017204641253,0.8480841508256283,-0.034240954579272134
65.31,0.9405687488695981,0.5722442143078663,-0.16662515729020844,0.8522609538014416,-0.034343075393434924
65.38,0.8719834779876066,0.571325285527605,-0.17136152509190855,0.856437756777254,-0.034445196207597686
65.45,0.8033982071056011,0.5704063567473436,-0.1761185516480393,0.8606145597530673,-0.034547317021760476
65.52,0.7348129362236094,0.5694874279670823,-0.18089551315512314,0.8647913627288797,-0.03464943783592325
65.59,0.6662276653416038,0.5685684991868208,-0.18569168580968662,0.8689681657046928,-0.034751558650086035
65.66,0.5976423944596123,0.5676495704065596,-0.1905063458082521,0.8731449686805053,-0.03485367946424881
65.73,0.5290571235776067,0.566730641626298,-0.19533876934734612,0.8773217716563185,-0.0349558002784116
65.8,0.4604718526956152,0.5658117128460368,-0.20018823262349122,0.8814985746321309,-0.035057921092574364
65.87,0.3918865818136097,0.5648927840657754,-0.20505401183321367,0.8856753776079442,-0.035160041906737154
65.94,0.32330131093161796,0.563973855285514,-0.2099353831730361,0.8898521805837566,-0.03526216272089993
66.01,0.25471604004961246,0.5630549265052527,-0.21483162283948487,0.8940289835595698,-0.03536428353506271
66.08,0.18613076916762095,0.5621359977249913,-0.21974200702908248,0.8982057865353823,-0.03546640434922548
66.15,0.11754549828561539,0.5612170689447299,-0.22466581193835555,0.9023825895111957,-0.03556852516338828
66.22,0.04896022740362377,0.5602981401644685,-0.2296023137638263,0.9065593924870079,-0.03567064597755104
66.29,-0.019625043478381787,0.5593792113842071,-0.2345507887020214,0.9107361954628211,-0.03577276679171383
66.36,-0.0882103143603733,0.5584602826039458,-0.23951051294946318,0.9149129984386336,-0.0358748876058766
66.43,-0.15679558524237885,0.5575413538236844,-0.2444807627026782,0.9190898014144468,-0.03597700842003938
66.5,-0.22538085612437045,0.5566224250434231,-0.24946081415818883,0.9232666043902591,-0.03607912923420216
66.57,-0.2939661270063621,0.5557034962631618,-0.25444994351252076,0.9274434073660717,-0.03618125004836492
66.64,-0.36255139788836754,0.5547845674829003,-0.25944742696219913,0.9316202103418849,-0.03628337086252771
66.71,-0.43113666877035917,0.553865638702639,-0.26445254070374663,0.9357970133176974,-0.03638549167669049
66.78,-0.4015310475881975,0.5899798119786557,-0.26946456093368976,0.9399738162935106,-0.03648761249085328
66.85,-0.3719254264060419,0.6260939852546651,-0.2744827638485508,0.9441506192693229,-0.036589733305016046
66.92,-0.3423198052238803,0.6622081585306818,-0.2795064256448564,0.9483274222451362,-0.036691854119178836
66.99,-0.31271418404172474,0.6983223318066911,-0.28453482251912887,0.9525042252209486,-0.0367939749333416
67.06,-0.2831085628595631,0.7344365050827079,-0.2895672306678948,0.9566810281967619,-0.03689609574750439
67.13,-0.2535029416774075,0.7705506783587173,-0.29460292628767665,0.9608578311725742,-0.036998216561667165
67.2,-0.22389732049524588,0.694087061098869,-0.29964118557500086,0.9650346341483874,-0.037100337375829955
67.27,-0.19429169931309026,0.6176234438390362,-0.3046812847263899,0.9692114371242,-0.037202458189992724
67.34,-0.16468607813092867,0.5411598265791879,-0.3097224999383702,0.9733882401000131,-0.037304579004155514
67.41,-0.13508045694877308,0.46469620931935524,-0.31476410740746424,0.9775650430758256,-0.037406699818318276
67.48,-0.1054748357666114,0.388232592059507,-0.3198053833301986,0.9817418460516387,-0.037508820632481066
67.55,-0.07586921458445581,0.34468033923214386,-0.3248456039030956,0.9859186490274512,-0.03761094144664384
67.62,-0.04626359340229419,0.30112808640477173,-0.3298840453226818,0.9900954520032645,-0.03771306226080663
67.69,-0.016657972220138567,0.25757583357740854,-0.3349199837854796,0.9942722549790769,-0.037815183074969394
67.76,0.012947648962023037,0.2140235807500365,-0.33995269548801543,0.9984490579548901,-0.037917303889132184
67.83,0.04255327014417866,0.17047132792267333,-0.34498145662681196,1.0026258609307024,-0.038019424703294946
67.9,0.07215889132634028,0.12691907509530126,-0.3500055433983955,1.0068026639065157,-0.038121545517457736
67.97,0.10176451250849586,0.08336682226793805,-0.35502423199928856,1.0109794668823282,-0.03822366633162051
68.04,0.13137013369065748,0.03981456944056601,-0.36003679862601756,1.0151562698581413,-0.0383257871457833
68.11,0.1609757548728131,-0.003737683386797197,-0.365042519475105,1.0193330728339538,-0.03842790795994607
68.18,0.19058137605497472,-0.047289936214169236,-0.37004067074307745,1.0235098758097672,-0.03853002877410886
68.25,0.12425544783669416,-0.04192239052082877,-0.37503052862645725,1.0276866787855794,-0.03863214958827162
68.32,0.05792951961841361,-0.03655484482748832,-0.3800113693217698,1.0318634817613919,-0.0387342704024344
68.39,-0.00839640859988039,-0.031187299134146772,-0.3849824690255408,1.0360402847372052,-0.03883639121659719
68.46,-0.07472233681816093,-0.025819753440806316,-0.3899431039342925,1.0402170877130175,-0.03893851203075996
68.53,-0.14104826503645496,-0.02045220774746477,-0.3948925502445515,1.0443938906888308,-0.03904063284492275
68.6,-0.20737419325473552,-0.015084662054124311,-0.3998300841528402,1.0485706936646433,-0.03914275365908552
68.67,-0.2737001214730295,-0.009717116360782763,-0.40475498185568515,1.0527474966404564,-0.0392448744732483
68.74,-0.34002604969131006,-0.004349570667442307,-0.40966651954960864,1.0569242996162689,-0.03934699528741108
68.81,-0.4063519779096041,0.001017975025899242,-0.4145639734311374,1.061101102592082,-0.03944911610157387
68.88,-0.47267790612788463,0.006385520719239694,-0.4194466196967936,1.0652779055678945,-0.03955123691573663
68.95,-0.6455019791066685,0.01175306641258124,-0.42431373454310406,1.0694547085437078,-0.03965335772989942
69.02,-0.8183260520854174,0.0171206121059217,-0.42916459416659086,1.07363151151952,-0.039755478544062195
69.09,-0.9911501250642014,0.02248815779926324,-0.43399847476378084,1.0778083144953334,-0.039857599358224985
69.16,-1.1639741980429503,0.027855703492603703,-0.43881465253119617,1.081985117471146,-0.03995972017238775
69.23,-1.3367982710217343,0.033223249185945256,-0.4436124036653635,1.086161920446959,-0.04006184098655054
69.3,-1.161234050415605,0.038590794879285704,-0.4483910043628053,1.0903387234227715,-0.040163961800713306
69.37,-0.9856698298094398,0.04395834057262725,-0.4531497308200479,1.0945155263985846,-0.040266082614876096
69.44,-0.8101056092033105,0.04932588626596771,-0.45788785923361375,1.098692329374397,-0.040368203429038865
69.51,-0.6345413885971454,0.05469343195930926,-0.46260466580002957,1.1028691323502102,-0.040470324243201655
69.58,-0.4589771679910161,0.060060977652649714,-0.46729942671581753,1.1070459353260227,-0.040572445057364424
69.65,-0.45302269211349516,0.05478121394596064,-0.47197064498293145,1.1041064263710072,-0.03896312553564974
69.72,-0.44706821623597537,0.04950145023927262,-0.4766137308250297,1.1011669174159922,-0.03735380601393538
69.79,-0.4411137403584544,0.044221686532583536,-0.48122332127120193,1.0982274084609769,-0.035744486492220694
69.86,-0.4351592644809346,0.03894192282589552,-0.48579405335053344,1.0952878995059618,-0.03413516697050634
69.93,-0.42920478860341366,0.03366215911920644,-0.490320564092114,1.0923483905509463,-0.03252584744879165
70.0,-0.4232503127258939,0.028382395412518427,-0.4947974905250289,1.0894088815959315,-0.030916527927077296
70.07,-0.4172958368483741,0.023102631705830417,-0.49921946967836717,1.0864693726409165,-0.029307208405362942
70.14,-0.4113413609708531,0.017822867999141335,-0.5035811385812169,1.083529863685901,-0.02769788888364826
70.21,-0.4053868850933333,0.012543104292453325,-0.5078771342626638,1.0805903547308862,-0.0260885693619339
70.28,-0.39943240921581236,0.007263340585764236,-0.5121020937517973,1.0776508457758707,-0.024479249840219215
70.35,-0.39347793333829256,0.001983576879076236,-0.5162506540777031,1.0747113368208556,-0.022869930318504858
70.42,-0.3875234574607716,-0.003296186827612853,-0.5203174522694707,1.0717718278658404,-0.021260610796790178
70.49,-0.38156898158325186,-0.00857595053430086,-0.5242971253561858,1.0688323189108253,-0.019651291275075818
70.56,-0.3756145057057308,-0.013855714240989941,-0.5281843103669377,1.0658928099558098,-0.01804197175336113
70.63,-0.36966002982821106,-0.019135477947677955,-0.5319736443308123,1.062953301000795,-0.016432652231646777
70.7,-0.3637055539506901,-0.024415241654367044,-0.5356597642768987,1.0600137920457795,-0.014823332709932094
70.77,-0.3577510780731703,-0.029695005361055057,-0.5392373072342828,1.0570742830907645,-0.013214013188217733
70.84,-0.35179660219564934,-0.03497476906774414,-0.5427009102320539,1.054134774135749,-0.01160469366650305
70.91,-0.34584212631812955,-0.040254532774432146,-0.5460452102992979,1.0511952651807341,-0.009995374144788686
70.98,-0.3398876504406086,-0.045534296481121235,-0.5492648444651038,1.0482557562257186,-0.008386054623074006
71.05,-0.3339331745630888,-0.05081406018780924,-0.552354449758558,1.0453162472707038,-0.006776735101359652
71.12,-0.32797869868556784,-0.056093823894498324,-0.5553086632087489,1.0423767383156883,-0.0051674155796449656
71.19,-0.3220242228080481,-0.061373587601186344,-0.5581221218447634,1.0394372293606733,-0.0035580960579306015
71.26,-0.31606974693052703,-0.06665335130787542,-0.5607894626956897,1.0364977204056578,-0.0019487765362159251
71.33,-0.3101152710530073,-0.07193311501456343,-0.5633053227906146,1.0335582114506427,-0.000339457014501561
71.4,-0.30416079517548633,-0.07721287872125251,-0.5656643391586265,1.0306187024956275,0.0012698625072131292
71.47,-0.29820631929796654,-0.08249264242794054,-0.567861148828812,1.0276791935406124,0.0028791820289274794
71.54,-0.2922518434204456,-0.08777240613462961,-0.5698903888302597,1.0247396845855972,0.004488501550642163
71.61,-0.2862973675429258,-0.09305216984131762,-0.571746696192056,1.0218001756305821,0.00609782107235652
71.68,-0.2803428916654048,-0.0983319335480067,-0.5734247079432896,1.0188606666755666,0.007707140594071203
71.75,-0.27438841578788503,-0.10361169725469471,-0.5749190611130471,1.0159211577205516,0.00931646011578556
71.82,-0.2684339399103653,-0.10889146096138272,-0.5762243927304166,1.0129816487655368,0.010925779637499917
71.89,-0.2624794640328443,-0.11417122466807182,-0.5773353398244857,1.0100421398105213,0.012535099159214594
71.96,-0.2565249881553245,-0.11945098837475983,-0.5782465394243415,1.0071026308555064,0.014144418680928958
72.03,-0.2505705122778035,-0.1247307520814489,-0.578952628559072,1.0041631219004907,0.015753738202643648
72.1,-0.24461603640028373,-0.1300105157881369,-0.5794482442577644,1.001223612945476,0.017363057724358005
72.17,-0.23866156052276277,-0.135290279494826,-0.5797280235495069,0.9982841039904604,0.01897237724607269
72.24,-0.23270708464524298,-0.140570043201514,-0.579786603463386,0.9953445950354455,0.020581696767787046
72.31,-0.226752608767722,-0.1458498069082031,-0.57961862102849,0.9924050860804301,0.022191016289501722
72.38,-0.22079813289020223,-0.1511295706148911,-0.5792187132739065,0.989465577125415,0.023800335811216086
72.45,-0.21484365701268127,-0.1564093343215802,-0.5785815172287226,0.9865260681703997,0.02540965533293077
72.52,-0.20888918113516147,-0.16168909802826817,-0.5777016699220263,0.9835865592153846,0.027018974854645127
72.59,-0.2029347052576405,-0.29593853025972183,-0.5765762962526232,0.9806470502603692,0.028628294376359817
72.66,-0.19698022938012075,-0.4301879624911482,-0.5752124725981934,0.9777075413053543,0.030237613898074167
72.73,-0.19102575350259976,-0.5644373947226019,-0.5736197632061352,0.9747680323503389,0.03184693341978885
72.8,-0.18507127762507997,-0.6986868269540283,-0.5718077323238475,0.9718285233953239,0.03345625294150322
72.87,-0.179116801747559,-0.8329362591854819,-0.5697859441987277,0.9688890144403085,0.035065572463217905
72.94,-0.17316232587003924,-0.9671856914169084,-0.5675639630781749,0.9659495054852935,0.036674891984932255
73.01,-0.16720784999251823,-1.101435123648362,-0.5651513532095871,0.963009996530278,0.03828421150664694
73.08,-0.16125337411499846,-1.2356845558797884,-0.5625576788403631,0.9600704875752631,0.039893531028361295
73.15,-0.1552988982374775,-1.369933988111242,-0.5597925042179005,0.9571309786202475,0.04150285055007598
73.22,-0.1493444223599577,-1.5041834203426683,-0.5568653935895987,0.9541914696652327,0.04311217007179034
73.29,-0.14338994648243672,-1.638432852574122,-0.5537859112028549,0.9512519607102171,0.044721489593505026
73.36,-0.13743547060491695,-1.5778834142307017,-0.5505636213050689,0.9483124517552022,0.04633080911521938
73.43,-0.13148099472739597,-1.517333975887269,-0.5472080881436373,0.9453729428001867,0.047940128636934067
73.5,-0.1255265188498762,-1.4567845375438484,-0.54372887596596,0.9424334338451719,0.04954944815864842
73.57,-0.11957204297235643,-1.3962350992004282,-0.5401355490194352,0.939493924890157,0.051158767680362774
73.64,-0.11361756709483543,-1.3356856608569956,-0.5364376715514598,0.9365544159351414,0.05276808720207747
73.71,-0.10766309121731565,-1.275136222513575,-0.5326448078094342,0.9336149069801265,0.05437740672379183
73.78,-0.1017086153397947,-1.2145867841701423,-0.5287665220407547,0.930675398025111,0.0559867262455065
73.85,-0.09575413946227491,-1.154037345826722,-0.5248123784928218,0.9277358890700962,0.05759604576722086
73.92,-0.08979966358475394,-1.0934879074832893,-0.520791941413032,0.9247963801150807,0.059205365288935545
73.99,-0.08384518770723416,-1.0329384691398689,-0.5167147750487849,0.9218568711600656,0.0608146848106499
74.06,-0.07789071182971319,-0.9657221109828746,-0.5125904436474781,0.9189173622050503,0.0624240043323646
74.13,-0.07193623595219342,-0.8985057528258938,-0.5084285114565111,0.9159778532500352,0.06403332385407895
74.2,-0.06598176007467242,-0.8312893946688996,-0.5042385427232805,0.9130383442950198,0.06564264337579362
74.27,-0.060027284197152656,-0.7640730365119189,-0.5000301016951865,0.9100988353400049,0.06725196289750798
74.34,-0.05407280831963167,-0.6968566783549246,-0.4958127526196257,0.9071593263849895,0.06886128241922268
74.41,-0.04811833244211191,-0.6296403201979439,-0.4915960597439983,0.9042198174299745,0.07047060194093702
74.48,-0.04216385656459092,-0.5624239620409495,-0.4873895873157009,0.9012803084749591,0.07207992146265171
74.55,-0.036209380687071135,-0.49520760388396884,-0.48320289958213364,0.898340799519944,0.07368924098436608
74.62,-0.030254904809550162,-0.42799124572697445,-0.479045560790693,0.8954012905649286,0.07529856050608075
74.69,-0.02430042893203039,-0.3607748875699938,-0.47492713518877927,0.8924617816099137,0.07690788002779511
74.76,-0.01834595305450941,-0.2935585294129995,-0.47085718702378904,0.8895222726548982,0.0785171995495098
74.83,-0.01239147717698963,-0.22634217125601885,-0.4668452805431222,0.8865827636998833,0.08012651907122414
74.9,-0.006437001299468656,-0.15912581309902446,-0.46290097999417557,0.8836432547448678,0.08173583859293884
74.97,-0.00048252542194887615,-0.09190945494204378,-0.4590338496243493,0.8807037457898528,0.0833451581146532
75.04,0.005471950455572097,-0.024693096785049495,-0.4552534536810399,0.8777642368348374,0.08495447763636788
75.11,0.011426426333091873,0.042523261371931215,-0.4515693564116476,0.8748247278798225,0.08656379715808224
75.18,0.017380902210612857,0.1097396195289255,-0.44799112206356884,0.871885218924807,0.08817311667979692
75.25,0.02333537808813263,0.1769559776859062,-0.44452831488420386,0.868945709969792,0.08978243620151127
75.32,0.029289853965652403,0.24417233584288695,-0.44119049912095004,0.8660062010147773,0.09139175572322564
75.39,0.03524432984317338,0.3113886939998812,-0.4379872390212052,0.8630666920597616,0.09300107524494032
75.46,-0.08192620059445441,0.24013669128224052,-0.43492619562023876,0.8601271831047468,0.09461039476665467
75.53,-0.199096731032106,0.16888468856458527,-0.4320074171047965,0.8571876741497313,0.09621971428836937
75.6,-0.3162672614697338,0.0976326858469446,-0.4292290484494967,0.8542481651947164,0.09782903381008372
75.67,-0.4334377919073854,0.026380683129289345,-0.42658923462895526,0.8513086562397009,0.0994383533317984
75.74,-0.5506083223450132,-0.04487131958835136,-0.4240861206177898,0.848369147284686,0.10104767285351275
75.81,-0.6677788527826647,-0.11612332230600655,-0.4217178513906163,0.8454296383296704,0.10265699237522745
75.88,-0.7849493832202925,-0.1873753250236473,-0.41948257192205285,0.8424901293746556,0.1042663118969418
75.95,-0.9021199136579442,-0.2586273277413026,-0.4173784271867153,0.8395506204196401,0.10587563141865648
76.02,-1.019290444095572,-0.3298793304589433,-0.4154035621592214,0.8366111114646252,0.10748495094037086
76.09,-1.1364609745332235,-0.40113133317659844,-0.4135561218141874,0.8336716025096097,0.10909427046208554
76.16,-1.2536315049708513,-0.4723833358942392,-0.41183425112623084,0.8307320935545948,0.1107035899837999
76.23,-1.3708020354085029,-0.5436353386118944,-0.41023609506996783,0.8277925845995792,0.11231290950551459
76.3,-1.4879725658461305,-0.6148873413295352,-0.40875979862001616,0.8248530756445643,0.11392222902722893
76.37,-1.605143096283782,-0.6861393440471902,-0.4074035067509919,0.8219135666895488,0.1155315485489436
76.44,-1.7223136267214099,-0.757391346764831,-0.4061653644375128,0.8189740577345339,0.11714086807065797
76.51,-1.8394841571590617,-0.8286433494824864,-0.4050435166541951,0.8160345487795184,0.11875018759237266
76.58,-1.9566546875966895,-0.8998953522001271,-0.40403610837565607,0.8130950398245034,0.12035950711408701
76.65,-2.073825218034341,-0.9711473549177821,-0.4031412845765124,0.810155530869488,0.12196882663580169
76.72,-2.190995748471969,-1.042399357635423,-0.4023571902313812,0.8072160219144731,0.12357814615751606
76.79,-2.3081662789096202,-1.113651360353078,-0.40168197031487934,0.8042765129594577,0.12518746567923072
76.86,-2.425336809347248,-1.1849033630707189,-0.4011137698016236,0.8013370040044426,0.12679678520094512
76.93,-2.2294264206957095,-1.1536167876600307,-0.400650733666231,0.7983974950494273,0.1284061047226598
77.0,-2.033516032044211,-1.122330212249349,-0.4002910068833184,0.7954579860944122,0.13001542424437415
77.07,-1.8376056433927128,-1.0910436368386676,-0.4000327344275028,0.7925184771393974,0.13162474376608851
77.14,-1.6416952547411745,-1.0597570614279797,-0.399874061273401,0.7895789681843819,0.13323406328780318
77.21,-1.445784866089676,-1.0284704860172977,-0.39981313239563,0.786639459229367,0.13484338280951755
77.28,-1.2498744774381376,-0.9971839106066098,-0.3998480927688067,0.7836999502743515,0.13645270233123222
77.35,-1.0539640887866393,-0.9658973351959284,-0.39997708736754767,0.7807604413193366,0.13806202185294658
77.42,-0.8580537001351007,-0.9346107597852402,-0.4001982611664705,0.777820932364321,0.13967134137466125
77.49,-0.6621433114836024,-0.9033241843745585,-0.4005097591401915,0.7748814234093062,0.14128066089637561
77.56,-0.4662329228320641,-0.8720376089638705,-0.400909726263328,0.7719419144542907,0.1428899804180903
77.63,-0.2703225341805656,-0.8407510335531889,-0.40139630751049654,0.7690024054992758,0.14449929993980465
77.7,-0.32713322103849274,-0.941772941950618,-0.4019676478563142,0.7660628965442603,0.14610861946151937
77.77,-0.3839439078964083,-1.0427948503480264,-0.40262189227539796,0.7631233875892455,0.1477179389832337
77.84,-0.4407545947543354,-1.1438167587454555,-0.40335718574236484,0.7601838786342298,0.1493272585049484
77.91,-0.497565281612251,-1.244838667142864,-0.40417167323183145,0.757244369679215,0.15093657802666277
77.98,-0.5543759684701781,-1.345860575540293,-0.4050634997184148,0.7543048607241994,0.1525458975483774
78.05,-0.6111866553280937,-1.4468824839377015,-0.4060308101767318,0.7513653517691845,0.15415521707009178
78.12,-0.6679973421860208,-1.5479043923351306,-0.40707174958139963,0.748425842814169,0.15576453659180647
78.19,-0.7248080290439364,-1.648926300732539,-0.40818446290703475,0.7454863338591542,0.15737385611352084
78.26,-0.7816187159018636,-1.7499482091299683,-0.40936709512825437,0.7425468249041386,0.1589831756352355
78.33,-0.8384294027597791,-1.8509701175273765,-0.41061779121967523,0.7396073159491237,0.16059249515694987
78.4,-0.9633814220696699,-1.8511225484536866,-0.41193469615591455,0.7366678069941083,0.16220181467866454
78.47,-1.0883334413795356,-1.8512749793799967,-0.41331595491158873,0.7337282980390932,0.1638111342003789
78.54,-1.2132854606894266,-1.851427410306307,-0.4147597124613153,0.7307887890840778,0.16542045372209363
78.61,-1.3382374799992922,-1.8515798412326172,-0.41626411377971045,0.7278492801290629,0.16702977324380797
78.68,-1.4631894993091832,-1.8517322721589273,-0.41782730384139183,0.7249097711740474,0.16863909276552266
78.75,-1.5881415186190486,-1.8518847030852372,-0.4194474276209757,0.7219702622190325,0.170248412287237
78.82,-1.7130935379289145,-1.8520371340115473,-0.4211226300930792,0.7190307532640176,0.17185773180895136
78.89,-1.8380455572388055,-1.8521895649378575,-0.4228510562323197,0.7160912443090021,0.17346705133066603
78.96,-1.962997576548671,-1.8523419958641676,-0.42463085101331344,0.7131517353539872,0.1750763708523804
79.03,-2.087949595858562,-1.8524944267904777,-0.42646015941067783,0.7102122263989717,0.1766856903740951
79.1,-2.2129016151684278,-1.8526468577167878,-0.4283371263990293,0.7072727174439568,0.17829500989580943
79.17,-2.1585089475166144,-1.8527992886430982,-0.43025989695298544,0.7043332084889413,0.17990432941752413
79.24,-2.1041162798648116,-1.8529517195694083,-0.4322266160471624,0.7013936995339264,0.1815136489392385
79.31,-2.0497236122129983,-1.8531041504957182,-0.43423542865617765,0.6984541905789109,0.18312296846095316
79.38,-1.9953309445611955,-1.8532565814220283,-0.43628447975464757,0.6955146816238961,0.18473228798266755
79.45,-1.9409382769093821,-1.8534090123483387,-0.43837191431718986,0.6925751726688805,0.18634160750438222
79.52,-1.8865456092575794,-1.853561443274649,-0.4404958773184205,0.6896356637138656,0.1879509270260966
79.59,-1.8321529416057658,-1.853713874200959,-0.4426545137329573,0.68669615475885,0.18956024654781123
79.66,-1.7777602739539633,-1.853866305127269,-0.44484596853541614,0.6837566458038352,0.1911695660695256
79.73,-1.72336760630215,-1.8540187360535791,-0.44706838670041515,0.6808171368488196,0.19277888559124026
79.8,-1.6689749386503472,-1.8541711669798893,-0.44931991320257014,0.6778776278938048,0.19438820511295465
79.87,-1.6823945055565583,-1.8036594406408488,-0.45159869301649896,0.6749381189387893,0.19599752463466932
79.94,-1.6958140724627666,-1.7531477143018181,-0.4539028711168175,0.6719986099837744,0.1976068441563837
80.01,-1.7092336393689775,-1.7026359879627777,-0.45623059247814374,0.6690591010287589,0.19921616367809838
80.08,-1.722653206275186,-1.6521242616237473,-0.45858000207509364,0.6661195920737439,0.20082548319981272
80.15,-1.736072773181397,-1.6016125352847068,-0.460949244882285,0.6631800831187284,0.20243480272152745
80.22,-1.7494923400876055,-1.5511008089456761,-0.46333646587433375,0.6602405741637136,0.20404412224324178
80.29,-1.7629119069938164,-1.5005890826066355,-0.4657398100258579,0.6573010652086981,0.20565344176495648
80.36,-1.7763314739000247,-1.450077356267605,-0.4681574223114733,0.6543615562536831,0.20726276128667082
80.43,-1.7897510408062358,-1.3995656299285646,-0.47058744770579786,0.6514220472986677,0.20887208080838549
80.5,-1.803170607712444,-1.349053903589534,-0.4730280311834474,0.6484825383436527,0.21048140033009985
80.57,-1.8165901746186526,-1.2985421772505037,-0.47547731771903934,0.6455430293886378,0.21209071985181419
80.64,-1.8300097415248633,-1.248030450911463,-0.4779334522871913,0.6426035204336223,0.2137000393735289
80.71,-1.8434293084310716,-1.1975187245724326,-0.48039457986251904,0.6396640114786074,0.21530935889524327
80.78,-1.8568488753372827,-1.1470069982333921,-0.48285884541964036,0.6367245025235919,0.21691867841695794
80.85,-1.8702684422434914,-1.0964952718943617,-0.48532439393317156,0.633784993568577,0.2185279979386723
80.92,-1.8836880091497021,-1.045983545555321,-0.48778937037772996,0.6308454846135615,0.22013731746038698
80.99,-1.8971075760559104,-0.9954718192162906,-0.49025191972793203,0.6279059756585467,0.22174663698210134
81.06,-1.9105271429621213,-0.9449600928772499,-0.4927101869583953,0.6249664667035311,0.22335595650381604
81.13,-1.9239467098683298,-0.8944483665382195,-0.4951623170437358,0.6220269577485162,0.2249652760255304
81.2,-1.9373662767745408,-0.8439366401991788,-0.4976064549585716,0.6190874487935006,0.22657459554724504
81.27,-1.9404452187353678,-1.0408791292811972,-0.5000410661646694,0.6161479398384858,0.22818391506895944
81.34,-1.9435241606961955,-1.2378216183632558,-0.5024658980724006,0.6132084308834702,0.22979323459067413
81.41,-1.9466031026570225,-1.4347641074452744,-0.5048810185792867,0.6102689219284554,0.23140255411238844
81.48,-1.9496820446178504,-1.6317065965273327,-0.5072864955828496,0.6073294129734399,0.23301187363410317
81.55,-1.9527609865786775,-1.8286490856093514,-0.5096823969806104,0.604389904018425,0.2346211931558175
81.62,-1.955839928539505,-2.02559157469141,-0.5120687906700916,0.6014503950634095,0.23623051267753217
81.69,-1.9589188705003322,-2.116353462125892,-0.5144457445488141,0.5985108861083946,0.23783983219924656
81.76,-1.96199781246116,-2.207115349560393,-0.5168133265143006,0.595571377153379,0.23944915172096123
81.83,-1.965076754421987,-2.2978772369948754,-0.5191716044640715,0.5926318681983642,0.2410584712426756
81.9,-1.9681556963828144,-2.388639124429376,-0.5215206462956498,0.5896923592433486,0.24266779076439024
81.97,-1.9712346383436417,-2.479401011863859,-0.5238605199065559,0.5867528502883338,0.24427711028610466
82.04,-1.9743135803044694,-2.4409939085973638,-0.5261912931943127,0.5838133413333183,0.2458864298078193
82.11,-1.9773925222652964,-2.4025868053308765,-0.5285130340564408,0.5808738323783034,0.24749574932953372
82.18,-1.9804714642261243,-2.3641797020643813,-0.530825810390463,0.5779343234232878,0.24910506885124836
82.25,-1.9835504061869513,-2.325772598797894,-0.5331296900938998,0.5749948144682728,0.2507143883729627
82.32,-1.9866293481477784,-2.2873654955314073,-0.5354247410642733,0.572055305513258,0.25232370789467706
82.39,-1.9897082901086058,-2.2489583922649117,-0.5377110311991062,0.5691157965582425,0.25393302741639173
82.46,-1.9927872320694329,-2.210551288998424,-0.5399886283959187,0.5661762876032277,0.2555423469381061
82.53,-1.9958661740302606,-2.1721441857319292,-0.5422576005522335,0.5632367786482122,0.2571516664598208
82.6,-1.9989451159910878,-2.133737082465442,-0.5445180155655717,0.5602972696931972,0.2587609859815352
82.67,-2.0020240579519153,-2.095329979198947,-0.5467699413334552,0.5573577607381817,0.2603703055032498
82.74,-2.0051029999127428,-2.0697124101796636,-0.5490134457534057,0.5544182517831668,0.26197962502496425
82.81,-2.00818194187357,-2.044094841160375,-0.5512485967229452,0.5514787428281513,0.26358894454667886
82.88,-2.0112608838343973,-2.0184772721410917,-0.5534754621395946,0.5485392338731364,0.2651982640683933
82.95,-2.014339825795225,-1.9928597031218034,-0.5556941099008765,0.5455997249181209,0.2668075835901079
83.02,-2.017418767756052,-1.9672421341025201,-0.5579046079043116,0.542660215963106,0.2684169031118223
83.09,-2.0204977097168797,-1.9416245650832316,-0.560107024047423,0.5397207070080905,0.2700262226335369
83.16,-2.0235766516777067,-1.916006996063948,-0.5623014262277305,0.5367811980530756,0.2716355421552514
83.23,-2.026655593638534,-1.89038942704466,-0.5644878823427575,0.5338416890980601,0.27324486167696604
83.3,-2.0297345355993617,-1.8647718580253767,-0.5666664602900244,0.5309021801430451,0.2748541811986804
83.37,-2.032813477560189,-1.8391542890060881,-0.5688372279670542,0.5279626711880298,0.2764635007203951
83.44,-2.035892419521016,-1.8135367199868049,-0.571000253271367,0.5250231622330147,0.2780728202421094
83.51,-2.038971361481844,-1.7879191509675165,-0.5731556041004862,0.5220836532779992,0.2796821397638241
83.58,-2.0420503034426707,-1.7623015819482333,-0.5753033483519319,0.5191441443229844,0.28129145928553845
83.65,-2.0451292454034986,-1.7366840129289447,-0.5774435539232271,0.5162046353679688,0.2829007788072532
83.72,-2.0482081873643256,-1.7110664439096614,-0.5795762887118926,0.513265126412954,0.2845100983289675
83.79,-2.0512871293251536,-1.685448874890373,-0.5817016206154505,0.5103256174579385,0.28611941785068223
83.86,-2.0543660712859806,-1.6598313058710898,-0.5838196175314221,0.5073861085029235,0.2877287373723965
83.93,-2.057445013246808,-1.6342137368518015,-0.58593034735733,0.504446599547908,0.2893380568941112
84.0,-2.060523955207635,-1.6085961678325182,-0.5880338779906944,0.5015070905928931,0.2909473764158256
84.07,-2.0636028971684626,-1.5829785988132348,-0.5901302773290381,0.49856758163787823,0.29255669593753986
84.14,-2.06668183912929,-1.5573610297939464,-0.5922196132698829,0.49562807268286274,0.29416601545925464
84.21,-2.069760781090117,-1.5977027895470413,-0.5943019537107497,0.49268856372784786,0.295775334980969
84.28,-2.0728397230509445,-1.6380445493001443,-0.596377366549161,0.4897490547728323,0.29738465450268364
84.35,-2.0759186650117716,-1.678386309053239,-0.5984459196826377,0.4868095458178174,0.29899397402439803
84.42,-2.0789976069725995,-1.718728068806342,-0.6005076810087021,0.48387003686280194,0.3006032935461127
84.49,-2.0820765489334265,-1.7590698285594366,-0.6025627184248753,0.480930527907787,0.30221261306782704
84.56,-2.0851554908942544,-1.7994115883125394,-0.6046110998286798,0.4779910189527715,0.30382193258954177
84.63,-2.0882344328550815,-1.839753348065634,-0.6066528931176366,0.47505150999775664,0.3054312521112561
84.7,-2.091313374815909,-1.8800951078187373,-0.6086881661892679,0.4721120010427411,0.3070405716329708
84.77,-2.094392316776736,-1.9204368675718322,-0.6107169869410946,0.4691724920877262,0.30864989115468516
84.84,-2.0974712587375635,-1.960778627324935,-0.6127394232706393,0.46623298313271067,0.31025921067639983
84.91,-2.100550200698391,-2.0011203870780294,-0.6147555430754229,0.4632934741776958,0.31186853019811417
84.98,-2.1036291426592184,-2.0414621468311327,-0.6167654142529679,0.46035396522268035,0.3134778497198289
85.05,-2.1067080846200454,-2.0818039065842275,-0.6187691047007952,0.4574144562676654,0.31508716924154323
85.12,-2.1097870265808734,-2.1221456663373304,-0.6207666823164271,0.4544749473126498,0.3166964887632579
85.19,-2.1128659685417004,-2.1624874260904248,-0.6227582149973847,0.451535438357635,0.3183058082849723
85.26,-2.1159449105025283,-2.2028291858435285,-0.6247437706411904,0.44859592940261944,0.31991512780668696
85.33,-2.1190238524633553,-2.243170945596623,-0.6267234171453651,0.44565642044760456,0.3215244473284013
85.4,-2.122102794424183,-2.2835127053497257,-0.6286972224074312,0.44271691149258907,0.323133766850116
85.47,-2.12518173638501,-2.3238544651028206,-0.6306652543249096,0.43977740253757425,0.32474308637183036
85.54,-2.1282606783458373,-2.3641962248559234,-0.6326275807953229,0.43683789358255865,0.32635240589354503
85.61,-2.1313396203066644,-2.4045379846090182,-0.6345842697161921,0.4338983846275437,0.32796172541525936
85.68,-2.1344185622674923,-2.396029665486684,-0.6365353889850395,0.4309588756725283,0.3295710449369741
85.75,-2.1374975042283193,-2.387521346364351,-0.6384810064993859,0.42801936671751334,0.33118036445868837
85.82,-2.1405764461891463,-2.3790130272420185,-0.6404211901567535,0.42507985776249846,0.3327896839804028
85.89,-2.1436553881499743,-2.370504708119684,-0.6423560078546644,0.42214034880748297,0.33439900350211743
85.96,-2.1467343301108013,-2.3619963889973516,-0.6442855274906394,0.41920083985246803,0.3360083230238319
86.03,-2.149813272071629,-2.353488069875017,-0.6462098169622011,0.41626133089745254,0.3376176425455465
86.1,-2.1528922140324562,-2.3449797507526844,-0.6481289441668705,0.4133218219424376,0.3392269620672609
86.17,-2.1559711559932833,-2.33647143163035,-0.6500429770021696,0.4103823129874221,0.3408362815889756
86.24,-2.1590500979541107,-2.3279631125080176,-0.6519519833656199,0.40744280403240724,0.34244560111068995
86.31,-2.162129039914938,-2.319454793385683,-0.6538560311547437,0.40450329507739174,0.3440549206324046
86.38,-2.1652079818757652,-2.3109464742633503,-0.6557551882670615,0.4015637861223768,0.345664240154119
86.45,-2.168286923836593,-2.3024381551410156,-0.6576495226000961,0.3986242771673613,0.3472735596758337
86.52,-2.17136586579742,-2.293929836018683,-0.6595391020513683,0.3956847682123464,0.34888287919754796
86.59,-2.174444807758248,-2.2854215168963488,-0.6614239945184008,0.39274525925733095,0.35049219871926274
86.66,-2.177523749719075,-2.2769131977740162,-0.6633042678987143,0.389805750302316,0.352101518240977
86.73,-2.1806026916799026,-2.2684048786516815,-0.6651799900898313,0.38686624134730047,0.35371083776269174
86.8,-2.1836816336407296,-2.259896559529349,-0.6670512289892727,0.3839267323922856,0.3553201572844061
86.87,-2.186760575601557,-2.2513882404070147,-0.668918052494561,0.3809872234372701,0.3569294768061208
86.94,-2.1898395175623846,-2.2428799212846817,-0.6707805285032171,0.3780477144822552,0.3585387963278351
87.01,-2.192918459523212,-2.2343716021623474,-0.6726387249127634,0.3751082055272397,0.36014811584954987
87.08,-2.195997401484039,-2.233303205735021,-0.6744927096207209,0.3721686965722248,0.36175743537126415
87.15,-2.199076343444867,-2.2322348093076942,-0.6763425505246122,0.36922918761720924,0.3633667548929788
87.22,-2.202155285405694,-2.231166412880368,-0.678188315521958,0.3662896786621944,0.3649760744146932
87.29,-2.2052342273665215,-2.230098016453041,-0.6800300725102806,0.3633501697071788,0.3665853939364079
87.36,-2.2083131693273486,-2.229029620025715,-0.6818678893871013,0.360410660752164,0.3681947134581222
87.43,-2.2113921112881765,-2.2279612235983874,-0.683701834049942,0.35747115179714845,0.36980403297983694
87.5,-2.2144710532490035,-2.2268928271710613,-0.6855319743963243,0.35453164284213357,0.3714133525015513
87.57,-2.2175499952098305,-2.2258244307437347,-0.6873583783237699,0.35159213388711863,0.37302267202326567
87.64,-2.220628937170658,-2.224756034316408,-0.689181113729801,0.34865262493210314,0.3746319915449804
87.71,-2.223707879131485,-2.223687637889082,-0.6910002485119383,0.3457131159770882,0.3762413110666947
87.78,-2.226786821092313,-2.222619241461755,-0.6928158505677043,0.34277360702207277,0.3778506305884094
87.85,-2.22986576305314,-2.221550845034429,-0.6946279877946202,0.3398340980670579,0.37945995011012373
87.92,-2.232944705013968,-2.2204824486071018,-0.6964367280902084,0.33689458911204234,0.38106926963183846
87.99,-2.2360236469747945,-2.219414052179775,-0.6982421393519895,0.33395508015702746,0.3826785891535528
88.06,-2.2391025889356224,-2.2183456557524486,-0.7000442894774863,0.33101557120201197,0.38428790867526746
88.13,-2.2421815308964494,-2.217277259325122,-0.7018432463642195,0.32807606224699704,0.3858972281969818
88.2,-2.245260472857277,-2.2162088628977954,-0.7036390779097114,0.32513655329198154,0.38750654771869647
88.27,-2.2483394148181044,-2.215140466470469,-0.7054318520114833,0.3221970443369666,0.38911586724041086
88.34,-2.251418356778932,-2.214072070043142,-0.7072216365670575,0.3192575353819511,0.39072518676212553
88.41,-2.254497298739759,-2.2130036736158156,-0.709008499473955,0.31631802642693624,0.3923345062838399
88.48,-2.257576240700587,-2.211935277188489,-0.710792508629698,0.3133785174719207,0.3939438258055546
88.55,-2.260655182661414,-2.2108668807611624,-0.7125737319318075,0.31043900851690576,0.39555314532726893
88.62,-2.2637341246222418,-2.209798484333836,-0.7143522372778062,0.3074994995618903,0.3971624648489836
88.69,-2.266813066583069,-2.2087300879065093,-0.7161280925652149,0.30455999060687544,0.398771784370698
88.76,-2.2698920085438963,-2.2076616914791827,-0.7179013656915558,0.3016204816518599,0.40038110389241266
88.83,-2.2729709505047233,-2.206593295051856,-0.7196721245543505,0.298680972696845,0.401990423414127
88.9,-2.276049892465551,-2.2055248986245295,-0.7214404370511205,0.2957414637418295,0.4035997429358417
88.97,-2.2791288344263783,-2.204456502197203,-0.7232063710793873,0.2928019547868146,0.40520906245755606
89.04,-2.2822077763872057,-2.2033881057698763,-0.7249699945366734,0.2898624458317991,0.4068183819792707
89.11,-2.2852867183480328,-2.2023197093425497,-0.7267313753204994,0.2869229368767842,0.4084277015009851
89.18,-2.2883656603088607,-2.201251312915223,-0.728490581328388,0.28398342792176867,0.4100370210226998
89.25,-2.2914446022696877,-2.2001829164878965,-0.7302476804578601,0.2810439189667538,0.4116463405444142
89.32,-2.2945235442305147,-2.1991145200605704,-0.7320027406064377,0.27810441001173886,0.4132556600661285
89.39,-2.2976024861913427,-2.1980461236332434,-0.7337558296716429,0.27516490105672337,0.4148649795878432
89.46,-2.3006814281521693,-2.196977727205917,-0.7355070155509964,0.2722253921017085,0.4164742991095576
89.53,-2.303760370112997,-2.19590933077859,-0.7372563661420212,0.269285883146693,0.41808361863127225
89.6,-2.306839312073824,-2.1948409343512636,-0.7390039493422376,0.26634637419167806,0.4196929381529866
89.67,-2.3099182540346517,-2.193772537923937,-0.7407498330491684,0.26340686523666257,0.4213022576747013
89.74,-2.312997195995479,-2.1927041414966104,-0.7424940851603345,0.26046735628164763,0.4229115771964156
89.81,-2.3160761379563066,-2.1916357450692834,-0.7442367735732582,0.25752784732663214,0.4245208967181303
89.88,-2.3191550799171337,-2.1905673486419572,-0.7459779661854608,0.2545883383716172,0.42613021623984465
89.95,-2.3222340218779616,-2.18949895221463,-0.747717730894464,0.2516488294166017,0.4277395357615594
90.02,-2.325312963838788,-2.188430555787304,-0.7494561355977896,0.24870932046158684,0.4293488552832737
90.09,-2.328391905799616,-2.187362159359977,-0.7511932481929597,0.24576981150657135,0.43095817480498844
90.16,-2.331470847760443,-2.1862937629326513,-0.7529291365774948,0.2428303025515564,0.4325674943267027
90.23,-2.334549789721271,-2.1852253665053243,-0.7546638686489181,0.23989079359654092,0.43417681384841744
90.3,-2.3376287316820976,-2.1841569700779977,-0.75639751230475,0.23695128464152604,0.4357861333701318
90.37,-2.3407076736429255,-2.183088573650671,-0.758130135442513,0.23401177568651052,0.43739545289184645
90.44,-2.3437866156037526,-2.1820201772233445,-0.7598618059597282,0.2310722667314956,0.4390047724135609
90.51,-2.3468655575645805,-2.180951780796018,-0.7615925917539178,0.22813275777648012,0.4406140919352755
90.58,-2.3499444995254075,-2.1798833843686913,-0.7633225607226031,0.2251932488214652,0.4422234114569899
90.65,-2.353023441486235,-2.1788149879413647,-0.7650517807633064,0.2222537398664497,0.4438327309787045
90.72,-2.3561023834470625,-2.177746591514038,-0.7667803197735484,0.21931423091143482,0.44544205050041896
90.79,-2.35918132540789,-2.1766781950867116,-0.7685082456508516,0.2163747219564193,0.4470513700221336
90.86,-2.362260267368717,-2.175609798659385,-0.7702356262927373,0.2134352130014044,0.448660689543848
90.93,-2.3653392093295444,-2.1745414022320584,-0.7719625295967274,0.2104957040463889,0.4502700090655627
91.0,-2.368418151290372,-2.173473005804732,-0.7736890234603435,0.20755619509137396,0.45187932858727703
91.07,-2.3714970932511985,-2.172404609377405,-0.7754151757811071,0.20461668613635908,0.45348864810899137
91.14,-2.374576035212026,-2.1713362129500786,-0.7771410544565402,0.2016771771813436,0.4550979676307061
91.21,-2.377654977172854,-2.1702678165227525,-0.7788667273841645,0.19873766822632866,0.4567072871524204
91.28,-2.3807339191336814,-2.1691994200954254,-0.7805922624615014,0.19579815927131317,0.4583166066741351
91.35,-2.3838128610945084,-2.168131023668099,-0.7823177275860725,0.19285865031629829,0.45992592619584943
91.42,-2.386891803055336,-2.1670626272407723,-0.7840431906554002,0.18991914136128274,0.4615352457175641
91.49,-2.389970745016163,-2.1659942308134457,-0.7857687195670051,0.18697963240626786,0.4631445652392785
91.56,-2.393049686976991,-2.1649258343861186,-0.7874943822184101,0.18404012345125237,0.46475388476099316
91.63,-2.396128628937818,-2.1638574379587925,-0.7892202465071357,0.18110061449623746,0.46636320428270756
91.7,-2.399207570898646,-2.162789041531466,-0.7909463803307049,0.17816110554122194,0.4679725238044222
91.77,-2.4022865128594724,-2.1617206451041397,-0.7926728515866378,0.17522159658620703,0.4695818433261366
91.84,-2.4053654548203003,-2.1606522486768127,-0.7943997281724575,0.17228208763119152,0.47119116284785123
91.91,-2.4084443967811273,-2.1595838522494857,-0.7961270779856847,0.16934257867617664,0.4728004823695657
91.98,-2.411523338741955,-2.1585154558221595,-0.7978549689238421,0.16640306972116112,0.4744098018912803
92.05,-2.4146022807027823,-2.157447059394833,-0.79958346888445,0.16346356076614624,0.4760191214129947
92.12,-2.4176812226636097,-2.1563786629675064,-0.8013126457650316,0.16052405181113072,0.47762844093470935
92.19,-2.4207601646244368,-2.1553102665401798,-0.8030425674631072,0.15758454285611584,0.4792377604564237
92.26,-2.4238391065852647,-2.154241870112853,-0.8047733018761998,0.15464503390110032,0.48084707997813836
92.33,-2.4269180485460913,-2.1531734736855266,-0.8065049169018299,0.1517055249460854,0.48245639949985275
92.4,-2.429996990506919,-2.1521050772581996,-0.80823748043752,0.14876601599106992,0.4840657190215675
92.47,-2.4330759324677462,-2.1510366808308734,-0.8099710603807914,0.14582650703605501,0.4856750385432818
92.54,-2.4361548744285737,-2.149968284403547,-0.8117057246291661,0.1428869980810395,0.48728435806499654
92.61,-2.439233816389401,-2.1488998879762202,-0.8134415410801653,0.1399474891260246,0.4888936775867108
92.68,-2.4423127583502287,-2.1478314915488936,-0.8151785776313111,0.13700798017100907,0.49050299710842554
92.75,-2.4453917003110557,-2.146763095121567,-0.8169169021801248,0.1340684712159942,0.4921123166301399
