X,Y,Theta,Setpoint VD,Setpoint VE,VD,VE,tempo
0.00000,0.00000,0.00000,0.00000,0.00000,2.33000,2.33000,4504.00000
0.00000,0.00000,0.00000,0.00000,0.00000,2.33000,2.33000,-3172.00000
0.00000,0.00000,0.00000,0.00000,0.00000,2.33000,2.33000,-10844.00000
0.00000,0.00000,0.00000,0.00000,0.00000,2.33000,2.33000,-18572.00000
0.00000,0.00000,-0.00000,0.00000,0.03000,2.33000,2.33000,-26300.00000
0.00000,0.00000,-0.00000,0.00000,0.00000,2.33000,2.33000,31412.00000
0.00000,0.00000,-0.00000,0.00000,0.00000,2.33000,2.33000,23620.00000
0.00000,-0.00000,0.00000,0.03000,0.00000,2.33000,2.33000,15840.00000
0.00000,-0.00000,0.00000,0.00000,0.00000,2.33000,2.33000,7932.00000
0.00000,-0.00000,0.00000,0.03000,0.00000,2.33000,2.33000,240.00000
0.00000,0.00000,0.00000,0.03000,0.00000,2.33000,2.33000,-7492.00000
0.00000,0.00000,0.01000,0.70000,0.03000,2.33000,2.33000,-15356.00000
0.00000,0.00000,0.04000,1.20000,0.00000,2.27000,2.30000,-23376.00000
0.01000,0.00000,0.06000,2.01000,0.72000,2.14000,2.23000,-31324.00000
0.01000,0.00000,0.07000,2.20000,1.84000,1.95000,2.11000,26136.00000
0.02000,0.00000,0.07000,2.26000,2.34000,1.89000,2.06000,18012.00000
0.02000,0.00000,0.06000,2.06000,2.56000,1.90000,2.07000,9896.00000
0.03000,0.00000,0.05000,2.12000,2.62000,1.98000,2.13000,1852.00000
0.03000,0.00000,0.05000,2.09000,2.20000,2.06000,2.18000,-6244.00000
0.04000,0.00000,0.05000,2.17000,2.20000,2.07000,2.19000,-14312.00000
0.04000,0.00000,0.05000,2.17000,2.15000,2.07000,2.19000,-22436.00000
0.05000,0.00000,0.05000,2.40000,1.98000,2.07000,2.19000,-30556.00000
0.05000,0.00000,0.05000,2.45000,2.43000,2.01000,2.15000,26864.00000
0.06000,0.00000,0.05000,2.37000,2.65000,2.00000,2.14000,18736.00000
0.07000,0.00000,0.05000,2.51000,2.65000,2.04000,2.17000,10624.00000
0.07000,0.00000,0.04000,2.37000,2.51000,2.06000,2.18000,2464.00000
0.08000,0.00000,0.04000,2.51000,2.68000,2.08000,2.20000,-5612.00000
0.08000,0.00000,0.04000,2.09000,2.37000,2.10000,2.21000,-13676.00000
0.09000,0.00000,0.02000,1.84000,2.43000,2.14000,2.23000,-21832.00000
0.09000,0.00000,0.02000,2.12000,2.40000,2.20000,2.27000,-29920.00000
0.10000,0.00000,0.01000,2.15000,2.34000,2.23000,2.29000,27488.00000
0.10000,0.00000,0.01000,2.34000,2.42000,2.25000,2.30000,19356.00000
0.11000,0.00000,0.01000,2.23000,2.40000,2.26000,2.30000,11244.00000
0.12000,0.00000,0.01000,2.23000,2.40000,2.28000,2.31000,3120.00000
0.12000,0.00000,0.00000,2.26000,2.34000,2.29000,2.32000,-5004.00000
0.13000,0.00000,0.00000,2.12000,2.31000,2.30000,2.32000,-13060.00000
0.13000,0.00000,0.00000,2.20000,2.09000,2.32000,2.32000,-21188.00000
0.14000,0.00000,0.00000,2.20000,2.23000,2.31000,2.32000,-29276.00000
0.14000,0.00000,0.00000,2.15000,2.26000,2.31000,2.32000,28104.00000
0.15000,0.00000,0.01000,2.51000,2.26000,2.32000,2.33000,19972.00000
0.15000,0.00000,0.01000,2.45000,2.34000,2.30000,2.32000,11816.00000
0.16000,0.00000,0.01000,2.43000,2.48000,2.29000,2.31000,3680.00000
0.17000,0.00000,0.01000,2.51000,2.54000,2.29000,2.32000,-4388.00000
0.17000,0.01000,0.00000,2.29000,2.42000,2.29000,2.32000,-12504.00000
0.18000,0.01000,0.00000,2.26000,2.43000,2.31000,2.32000,-20684.00000
0.18000,0.01000,0.00000,2.37000,2.29000,2.32000,2.33000,-28840.00000
0.19000,0.01000,-0.00000,2.09000,2.40000,2.31000,2.32000,28584.00000
0.19000,0.01000,-0.01000,2.03000,2.34000,2.33000,2.32000,20440.00000
0.20000,0.00000,-0.01000,2.17000,2.20000,2.32000,2.30000,12292.00000
0.20000,0.00000,-0.02000,2.06000,2.31000,2.32000,2.29000,4164.00000
0.21000,0.00000,-0.01000,2.29000,2.15000,2.31000,2.27000,-3892.00000
0.21000,0.00000,-0.01000,2.12000,2.09000,2.31000,2.28000,-12016.00000
0.22000,0.00000,-0.01000,2.23000,2.12000,2.31000,2.29000,-20160.00000
0.22000,0.00000,-0.01000,2.40000,2.20000,2.32000,2.30000,-28288.00000
0.23000,0.00000,-0.01000,2.17000,2.45000,2.32000,2.31000,29088.00000
0.23000,0.00000,-0.01000,2.29000,2.29000,2.31000,2.29000,20956.00000
0.24000,0.00000,-0.01000,2.40000,2.54000,2.31000,2.29000,12848.00000
0.25000,0.00000,-0.02000,2.37000,2.56000,2.31000,2.28000,4732.00000
0.25000,0.00000,-0.02000,2.42000,2.45000,2.30000,2.26000,-3364.00000
0.26000,0.00000,-0.02000,2.31000,2.40000,2.30000,2.25000,-11468.00000
0.26000,0.00000,-0.02000,2.40000,2.56000,2.29000,2.24000,-19628.00000
0.27000,0.00000,-0.02000,2.42000,2.42000,2.28000,2.23000,-27736.00000
0.28000,0.00000,-0.02000,2.37000,2.34000,2.28000,2.23000,29668.00000
0.28000,0.00000,-0.02000,2.43000,2.45000,2.29000,2.23000,21504.00000
0.29000,0.00000,-0.02000,2.40000,2.34000,2.28000,2.23000,13360.00000
0.29000,0.00000,-0.02000,2.20000,2.31000,2.29000,2.23000,5212.00000
0.30000,0.00000,-0.03000,1.95000,2.43000,2.28000,2.22000,-2860.00000
0.30000,0.00000,-0.03000,1.95000,1.92000,2.25000,2.17000,-10960.00000
0.31000,0.00000,-0.03000,2.15000,2.09000,2.25000,2.17000,-19096.00000
0.31000,0.00000,-0.03000,2.23000,2.01000,2.26000,2.18000,-27192.00000
0.32000,0.00000,-0.02000,2.26000,2.09000,2.27000,2.20000,30172.00000
0.32000,0.00000,-0.02000,2.45000,2.40000,2.28000,2.22000,22068.00000
0.33000,0.00000,-0.02000,2.42000,2.17000,2.28000,2.22000,13936.00000
0.33000,0.00000,-0.02000,2.31000,2.31000,2.30000,2.25000,5804.00000
0.34000,0.00000,-0.01000,2.31000,2.09000,2.30000,2.25000,-2248.00000
0.34000,0.00000,-0.01000,2.26000,2.01000,2.31000,2.27000,-10348.00000
0.35000,0.00000,-0.01000,2.15000,2.03000,2.32000,2.29000,-18480.00000
0.35000,0.00000,-0.00000,2.37000,2.03000,2.32000,2.30000,-26608.00000
0.36000,0.00000,0.00000,2.40000,2.26000,2.33000,2.33000,30808.00000
0.37000,0.00000,0.00000,2.51000,2.37000,2.32000,2.33000,22696.00000
0.37000,0.00000,0.01000,2.59000,2.45000,2.31000,2.32000,14528.00000
0.38000,0.00000,0.01000,2.54000,2.51000,2.29000,2.32000,6384.00000
0.38000,0.00000,0.01000,2.43000,2.37000,2.29000,2.32000,-1736.00000
0.39000,0.00000,0.01000,2.45000,2.45000,2.29000,2.31000,-9848.00000
0.40000,0.00000,0.00000,2.23000,2.51000,2.29000,2.31000,-17872.00000
0.40000,0.00000,-0.00000,1.90000,2.29000,2.31000,2.32000,-26020.00000
0.41000,0.00000,-0.01000,2.26000,2.34000,2.33000,2.32000,31364.00000
0.41000,0.00000,-0.01000,2.06000,2.20000,2.32000,2.31000,23256.00000
0.42000,0.00000,-0.00000,2.45000,2.09000,2.32000,2.30000,15112.00000
0.42000,0.00000,0.00000,2.34000,2.12000,2.33000,2.33000,7004.00000
0.43000,0.00000,0.01000,2.26000,2.09000,2.31000,2.32000,-1092.00000
0.43000,0.00000,0.01000,2.43000,2.15000,2.30000,2.32000,-9192.00000
0.44000,0.00000,0.01000,2.29000,2.31000,2.27000,2.31000,-17284.00000
0.44000,0.00000,0.01000,2.29000,2.31000,2.28000,2.31000,-25440.00000
0.45000,0.00000,0.01000,2.37000,2.45000,2.28000,2.31000,31964.00000
0.45000,0.00000,0.00000,2.17000,2.40000,2.29000,2.31000,23828.00000
0.46000,0.00000,0.00000,2.17000,2.29000,2.31000,2.32000,15696.00000
0.47000,0.00000,0.00000,2.45000,2.37000,2.31000,2.32000,7552.00000
0.47000,0.00000,-0.00000,2.31000,2.59000,2.31000,2.32000,-516.00000
0.48000,0.00000,-0.00000,2.42000,2.51000,2.33000,2.33000,-8572.00000
0.48000,0.00000,-0.00000,2.48000,2.48000,2.33000,2.32000,-16668.00000
0.49000,0.00000,-0.01000,2.40000,2.54000,2.33000,2.32000,-24792.00000
0.49000,0.00000,-0.01000,2.45000,2.51000,2.32000,2.31000,32564.00000
0.50000,0.00000,-0.01000,2.31000,2.45000,2.32000,2.31000,24440.00000
0.51000,0.00000,-0.02000,1.98000,2.45000,2.32000,2.29000,16312.00000
0.51000,0.00000,-0.02000,2.15000,2.09000,2.30000,2.25000,8176.00000
0.52000,0.00000,-0.02000,2.12000,2.15000,2.30000,2.25000,84.00000
0.52000,0.00000,-0.02000,2.26000,2.15000,2.30000,2.25000,-7904.00000
0.53000,0.00000,-0.01000,2.43000,2.12000,2.30000,2.26000,-16000.00000
0.53000,0.00000,-0.01000,2.29000,2.37000,2.32000,2.29000,-24132.00000
0.54000,0.00000,-0.01000,2.37000,2.23000,2.31000,2.28000,-32292.00000
0.54000,0.00000,-0.00000,2.37000,2.15000,2.32000,2.30000,25104.00000
0.55000,0.00000,-0.00000,2.20000,2.15000,2.32000,2.31000,16996.00000
0.55000,0.00000,0.00000,2.40000,2.12000,2.33000,2.32000,8860.00000
0.56000,0.00000,-0.00000,2.17000,2.26000,2.32000,2.33000,780.00000
0.56000,0.00000,0.00000,2.45000,2.26000,2.33000,2.33000,-7264.00000
0.57000,0.00000,0.01000,2.68000,2.42000,2.31000,2.32000,-15376.00000
0.58000,0.00000,0.01000,2.48000,2.48000,2.29000,2.31000,-23524.00000
0.58000,0.00000,0.01000,2.56000,2.51000,2.29000,2.31000,-31648.00000
0.59000,0.00000,0.01000,2.56000,2.45000,2.28000,2.31000,25752.00000
0.59000,0.00000,0.01000,2.31000,2.34000,2.27000,2.31000,17608.00000
0.60000,0.00000,0.01000,2.09000,2.37000,2.27000,2.31000,9444.00000
0.60000,0.00000,-0.00000,2.12000,2.56000,2.30000,2.32000,1356.00000
0.61000,0.00000,-0.01000,2.01000,2.42000,2.33000,2.32000,-6684.00000
0.62000,0.00000,-0.01000,2.15000,2.23000,2.31000,2.29000,-14792.00000
0.62000,0.00000,-0.01000,2.23000,2.03000,2.31000,2.28000,-22928.00000
0.63000,0.00000,-0.00000,2.31000,2.09000,2.32000,2.30000,-31076.00000
0.63000,0.00000,0.01000,2.40000,1.84000,2.33000,2.32000,26352.00000
0.64000,0.00000,0.01000,2.26000,1.98000,2.30000,2.32000,18216.00000
0.64000,0.00000,0.01000,2.15000,2.26000,2.27000,2.31000,10088.00000
0.65000,0.00000,0.00000,2.15000,2.40000,2.28000,2.31000,1940.00000
0.65000,0.00000,-0.00000,2.09000,2.48000,2.30000,2.32000,-6176.00000
0.66000,0.00000,-0.00000,2.43000,2.51000,2.33000,2.32000,-14272.00000
0.66000,0.00000,-0.01000,2.40000,2.48000,2.33000,2.32000,-22416.00000
0.67000,0.00000,-0.01000,2.34000,2.51000,2.32000,2.31000,-30564.00000
0.68000,0.00000,-0.01000,2.59000,2.45000,2.32000,2.30000,26820.00000
0.68000,0.00000,-0.01000,2.54000,2.51000,2.32000,2.31000,18648.00000
0.69000,0.00000,-0.01000,2.34000,2.62000,2.32000,2.31000,10512.00000
0.69000,0.00000,-0.01000,2.48000,2.42000,2.31000,2.29000,2356.00000
0.70000,0.00000,-0.01000,2.42000,2.31000,2.32000,2.29000,-5744.00000
0.70000,0.00000,-0.01000,2.23000,2.45000,2.32000,2.30000,-13860.00000
0.71000,0.00000,-0.02000,2.15000,2.37000,2.31000,2.28000,-21972.00000
0.71000,0.00000,-0.02000,1.98000,2.29000,2.30000,2.26000,-30124.00000
0.72000,0.00000,-0.02000,2.23000,2.29000,2.28000,2.23000,27296.00000
0.73000,0.00000,-0.02000,2.29000,2.01000,2.28000,2.22000,19144.00000
0.73000,0.00000,-0.02000,2.37000,2.29000,2.30000,2.25000,11028.00000
0.74000,0.00000,-0.01000,2.37000,1.98000,2.30000,2.26000,2888.00000
0.74000,0.00000,-0.01000,2.26000,2.15000,2.32000,2.29000,-5208.00000
0.75000,0.00000,-0.01000,2.12000,2.15000,2.32000,2.30000,-13304.00000
0.75000,0.00000,-0.00000,2.29000,2.01000,2.32000,2.30000,-21440.00000
0.76000,0.00000,-0.00000,2.17000,2.20000,2.33000,2.32000,-29552.00000
0.76000,0.00000,-0.00000,2.31000,2.23000,2.33000,2.32000,27828.00000
0.77000,0.00000,0.00000,2.42000,2.29000,2.33000,2.33000,19712.00000
0.77000,0.00000,0.00000,2.40000,2.40000,2.32000,2.33000,11556.00000
0.78000,0.00000,0.00000,2.56000,2.40000,2.32000,2.33000,3460.00000
0.79000,0.00000,0.01000,2.59000,2.42000,2.31000,2.32000,-4608.00000
0.79000,0.00000,0.01000,2.48000,2.51000,2.29000,2.32000,-12732.00000
0.80000,0.00000,0.01000,2.45000,2.40000,2.29000,2.32000,-20888.00000
0.80000,0.00000,0.01000,2.42000,2.42000,2.29000,2.31000,-29012.00000
0.81000,0.00000,0.00000,2.06000,2.34000,2.29000,2.31000,28448.00000
0.81000,0.00000,-0.00000,2.20000,2.45000,2.31000,2.32000,20280.00000
0.82000,0.00000,-0.00000,2.31000,2.34000,2.33000,2.33000,12180.00000
0.82000,0.00000,-0.01000,2.17000,2.34000,2.33000,2.32000,4040.00000
0.83000,0.00000,-0.00000,2.40000,2.23000,2.32000,2.31000,-4060.00000
0.84000,0.00000,-0.00000,2.20000,2.20000,2.33000,2.32000,-12152.00000
0.84000,0.00000,-0.01000,2.01000,2.20000,2.33000,2.32000,-20244.00000
0.85000,0.00000,-0.00000,2.17000,2.12000,2.32000,2.31000,-28388.00000
0.85000,0.00000,-0.01000,2.06000,2.31000,2.32000,2.31000,29016.00000
0.86000,0.00000,-0.01000,2.29000,2.17000,2.32000,2.29000,20892.00000
0.86000,0.00000,-0.01000,2.26000,2.34000,2.32000,2.30000,12744.00000
0.87000,0.00000,-0.01000,2.34000,2.37000,2.32000,2.29000,4600.00000
0.87000,0.00000,-0.01000,2.42000,2.29000,2.32000,2.29000,-3496.00000
0.88000,0.00000,-0.01000,2.29000,2.45000,2.32000,2.30000,-11592.00000
0.88000,0.00000,-0.01000,2.37000,2.54000,2.31000,2.29000,-19716.00000
0.89000,0.00000,-0.01000,2.42000,2.45000,2.31000,2.27000,-27908.00000
0.90000,0.00000,-0.02000,2.48000,2.54000,2.31000,2.27000,29504.00000
0.90000,0.00000,-0.01000,2.51000,2.34000,2.30000,2.26000,21356.00000
0.91000,0.00000,-0.01000,2.45000,2.26000,2.31000,2.28000,13212.00000
0.91000,0.00000,-0.01000,2.23000,2.40000,2.32000,2.30000,5072.00000
0.92000,0.00000,-0.02000,1.95000,2.29000,2.31000,2.28000,-3016.00000
0.92000,0.00000,-0.02000,1.98000,2.17000,2.30000,2.25000,-11120.00000
0.93000,0.00000,-0.02000,2.26000,2.12000,2.28000,2.23000,-19252.00000
0.93000,0.00000,-0.01000,2.45000,1.95000,2.29000,2.24000,-27396.00000
0.94000,-0.00000,-0.01000,2.45000,2.26000,2.31000,2.29000,30004.00000
0.94000,-0.00000,-0.00000,2.42000,2.17000,2.32000,2.31000,21844.00000
0.95000,-0.00000,0.01000,2.45000,2.15000,2.33000,2.33000,13704.00000
0.96000,-0.00000,0.00000,2.20000,2.26000,2.31000,2.32000,5564.00000
0.96000,-0.00000,0.01000,2.40000,2.17000,2.31000,2.32000,-2532.00000
0.97000,0.00000,0.01000,2.42000,2.26000,2.29000,2.32000,-10616.00000
0.97000,0.00000,0.01000,2.26000,2.17000,2.28000,2.31000,-18760.00000
0.98000,0.00000,0.02000,2.62000,2.43000,2.27000,2.31000,-26928.00000
0.98000,0.00000,0.02000,2.54000,2.45000,2.25000,2.30000,30496.00000
0.99000,0.00000,0.02000,2.65000,2.48000,2.24000,2.29000,22328.00000
1.00000,0.00000,0.02000,2.65000,2.62000,2.22000,2.28000,14196.00000
1.00000,0.00000,0.02000,2.54000,2.48000,2.22000,2.28000,6048.00000
1.01000,0.00000,0.02000,2.20000,2.23000,2.21000,2.28000,-2040.00000
1.01000,0.00000,0.02000,1.95000,2.17000,2.21000,2.28000,-10148.00000
1.02000,0.00000,0.02000,2.15000,2.29000,2.24000,2.29000,-18260.00000
1.02000,0.00000,0.01000,1.92000,2.15000,2.25000,2.30000,-26388.00000
1.03000,0.00000,0.01000,2.15000,2.06000,2.27000,2.31000,31000.00000
1.03000,0.00000,0.01000,1.92000,2.06000,2.26000,2.30000,22900.00000
1.04000,0.00000,0.01000,2.06000,2.01000,2.28000,2.31000,14760.00000
1.04000,0.00000,0.01000,1.92000,2.03000,2.27000,2.31000,6680.00000
1.05000,0.00000,0.01000,1.95000,1.98000,2.28000,2.31000,-1372.00000
1.05000,0.00000,0.01000,2.12000,2.31000,2.28000,2.31000,-9432.00000
1.06000,0.00000,0.00000,2.01000,2.26000,2.30000,2.32000,-17504.00000
1.06000,0.00000,-0.00000,2.29000,2.37000,2.32000,2.33000,-25680.00000
1.07000,0.00000,-0.01000,2.31000,2.54000,2.33000,2.33000,31728.00000
1.07000,0.00000,-0.01000,2.48000,2.59000,2.32000,2.31000,23560.00000
1.08000,0.00000,-0.01000,2.51000,2.45000,2.32000,2.30000,15440.00000
1.09000,0.00000,-0.01000,2.34000,2.54000,2.32000,2.31000,7304.00000
1.09000,0.00000,-0.01000,2.34000,2.56000,2.32000,2.29000,-812.00000
1.10000,0.00000,-0.02000,2.42000,2.51000,2.31000,2.27000,-8868.00000
1.10000,0.00000,-0.02000,2.37000,2.48000,2.30000,2.26000,-16984.00000
1.11000,0.00000,-0.02000,2.45000,2.37000,2.30000,2.25000,-25124.00000
1.11000,0.00000,-0.01000,2.37000,2.17000,2.30000,2.26000,32260.00000
1.12000,0.00000,-0.02000,2.17000,2.45000,2.31000,2.28000,24128.00000
1.12000,0.00000,-0.02000,2.03000,2.29000,2.30000,2.25000,16008.00000
1.13000,0.00000,-0.03000,1.90000,2.17000,2.28000,2.22000,7864.00000
1.13000,0.00000,-0.03000,2.17000,2.20000,2.26000,2.19000,-232.00000
1.14000,0.00000,-0.02000,2.31000,2.03000,2.26000,2.19000,-8244.00000
1.15000,0.00000,-0.02000,2.37000,2.23000,2.28000,2.22000,-16312.00000
1.15000,0.00000,-0.02000,2.31000,2.06000,2.29000,2.23000,-24488.00000
1.16000,-0.00000,-0.01000,2.31000,2.09000,2.30000,2.26000,-32628.00000
1.16000,-0.00000,-0.01000,2.12000,2.15000,2.31000,2.28000,24776.00000
1.17000,-0.00000,-0.01000,2.20000,1.95000,2.31000,2.27000,16632.00000
1.17000,-0.00000,-0.01000,2.15000,2.26000,2.32000,2.30000,8492.00000
1.18000,-0.00000,-0.01000,2.34000,2.20000,2.31000,2.29000,396.00000
1.18000,-0.00000,-0.00000,2.48000,2.29000,2.32000,2.30000,-7660.00000
1.19000,-0.00000,-0.00000,2.48000,2.45000,2.32000,2.32000,-15748.00000
1.19000,-0.00000,0.00000,2.62000,2.45000,2.33000,2.32000,-23912.00000
1.20000,-0.00000,0.00000,2.62000,2.45000,2.33000,2.33000,-32060.00000
1.21000,-0.00000,0.00000,2.48000,2.42000,2.32000,2.33000,25324.00000
1.21000,-0.00000,0.01000,2.48000,2.40000,2.31000,2.32000,17180.00000
1.22000,-0.00000,0.01000,2.40000,2.37000,2.30000,2.32000,9000.00000
1.22000,-0.00000,0.00000,2.23000,2.45000,2.30000,2.32000,964.00000
1.23000,-0.00000,-0.00000,2.09000,2.37000,2.32000,2.33000,-7080.00000
1.23000,-0.00000,-0.00000,2.23000,2.17000,2.33000,2.32000,-15172.00000
1.24000,-0.00000,-0.01000,2.04000,2.23000,2.33000,2.32000,-23324.00000
1.24000,-0.00000,-0.00000,2.26000,2.09000,2.32000,2.31000,-31460.00000
1.25000,-0.00000,-0.00000,2.01000,2.15000,2.33000,2.32000,25952.00000
1.25000,-0.00000,-0.01000,2.03000,2.12000,2.32000,2.31000,17820.00000
1.26000,-0.00000,-0.01000,2.20000,2.20000,2.32000,2.30000,9672.00000
1.26000,-0.00000,-0.01000,2.03000,2.34000,2.32000,2.30000,1656.00000
1.27000,-0.00000,-0.01000,2.31000,2.29000,2.31000,2.27000,-6452.00000
1.28000,-0.00000,-0.01000,2.31000,2.45000,2.31000,2.27000,-14560.00000
1.28000,-0.00000,-0.02000,2.42000,2.48000,2.30000,2.26000,-22740.00000
1.29000,-0.00000,-0.01000,2.42000,2.23000,2.30000,2.25000,-30884.00000
1.29000,-0.00000,-0.01000,2.34000,2.40000,2.31000,2.27000,26480.00000
1.30000,-0.00000,-0.01000,2.40000,2.40000,2.30000,2.27000,18352.00000
1.30000,-0.00000,-0.01000,2.56000,2.45000,2.30000,2.27000,10240.00000
1.31000,-0.00000,-0.01000,2.45000,2.42000,2.31000,2.28000,2100.00000
1.32000,-0.00000,-0.01000,2.54000,2.34000,2.31000,2.28000,-6024.00000
1.32000,-0.00000,-0.00000,2.48000,2.29000,2.32000,2.30000,-14152.00000
1.33000,-0.00000,-0.00000,2.31000,2.43000,2.32000,2.31000,-22292.00000
1.33000,-0.00000,-0.01000,1.98000,2.37000,2.32000,2.30000,-30456.00000
1.34000,-0.00000,-0.01000,2.01000,2.12000,2.30000,2.27000,26936.00000
1.34000,-0.00000,-0.01000,2.20000,2.17000,2.30000,2.26000,18800.00000
1.35000,-0.00000,-0.00000,2.48000,1.95000,2.30000,2.26000,10676.00000
1.35000,-0.00000,0.00000,2.31000,2.12000,2.32000,2.31000,2540.00000
1.36000,-0.00000,0.01000,2.34000,1.98000,2.33000,2.32000,-5592.00000
1.36000,-0.00000,0.01000,2.34000,2.15000,2.31000,2.32000,-13640.00000
1.37000,-0.00000,0.01000,2.09000,2.15000,2.29000,2.31000,-21788.00000
1.37000,-0.00000,0.01000,2.40000,2.15000,2.30000,2.32000,-29920.00000
1.38000,-0.00000,0.02000,2.31000,2.20000,2.27000,2.31000,27488.00000
1.38000,-0.00000,0.02000,2.26000,2.26000,2.26000,2.30000,19348.00000
1.39000,-0.00000,0.02000,2.48000,2.34000,2.26000,2.30000,11204.00000
1.40000,-0.00000,0.02000,2.42000,2.37000,2.24000,2.29000,3064.00000
1.40000,-0.00000,0.02000,2.56000,2.42000,2.24000,2.29000,-5044.00000
1.41000,-0.00000,0.02000,2.68000,2.59000,2.22000,2.28000,-13164.00000
1.41000,-0.00000,0.03000,2.56000,2.51000,2.21000,2.28000,-21316.00000
1.42000,-0.00000,0.02000,2.26000,2.34000,2.21000,2.27000,-29492.00000
1.43000,-0.00000,0.02000,2.12000,2.43000,2.21000,2.28000,27888.00000
1.43000,0.00000,0.01000,2.17000,2.40000,2.24000,2.29000,19772.00000
1.44000,0.00000,0.01000,1.98000,2.37000,2.27000,2.30000,11612.00000
1.44000,0.00000,0.00000,2.20000,2.31000,2.30000,2.32000,3484.00000
1.45000,0.00000,-0.00000,2.03000,2.29000,2.31000,2.32000,-4572.00000
1.45000,0.00000,0.00000,2.23000,2.06000,2.33000,2.33000,-12656.00000
1.46000,0.00000,0.00000,2.06000,2.15000,2.32000,2.33000,-20788.00000
1.46000,0.00000,-0.00000,1.95000,2.12000,2.32000,2.33000,-28908.00000
1.47000,0.00000,-0.00000,2.17000,2.29000,2.33000,2.32000,28488.00000
1.47000,0.00000,-0.01000,2.15000,2.37000,2.32000,2.31000,20352.00000
1.48000,0.00000,-0.01000,2.42000,2.37000,2.32000,2.29000,12188.00000
1.48000,0.00000,-0.01000,2.45000,2.51000,2.32000,2.30000,4032.00000
1.49000,0.00000,-0.01000,2.40000,2.48000,2.32000,2.29000,-4080.00000
1.50000,-0.00000,-0.01000,2.40000,2.34000,2.31000,2.28000,-12192.00000
1.50000,-0.00000,-0.01000,2.40000,2.34000,2.31000,2.29000,-20344.00000
1.51000,-0.00000,-0.01000,2.29000,2.48000,2.32000,2.29000,-28484.00000
1.51000,-0.00000,-0.01000,2.42000,2.34000,2.31000,2.28000,28884.00000
1.52000,-0.00000,-0.01000,2.31000,2.34000,2.31000,2.28000,20728.00000
1.52000,-0.00000,-0.01000,2.40000,2.29000,2.31000,2.28000,12556.00000
1.53000,-0.00000,-0.00000,2.48000,2.20000,2.31000,2.29000,4408.00000
1.53000,-0.00000,-0.01000,2.20000,2.34000,2.32000,2.31000,-3696.00000
1.54000,-0.00000,-0.02000,1.92000,2.42000,2.32000,2.30000,-11788.00000
1.54000,-0.00000,-0.02000,1.95000,2.23000,2.30000,2.25000,-19948.00000
1.55000,-0.00000,-0.02000,2.29000,2.26000,2.28000,2.22000,-28056.00000
1.56000,-0.00000,-0.01000,2.48000,1.95000,2.28000,2.23000,29320.00000
1.56000,-0.00000,-0.00000,2.42000,2.15000,2.31000,2.28000,21208.00000
1.57000,-0.00000,0.00000,2.31000,1.98000,2.32000,2.30000,13040.00000
1.57000,-0.00000,0.01000,2.31000,2.09000,2.33000,2.33000,4920.00000
1.58000,-0.00000,0.00000,2.12000,2.20000,2.31000,2.32000,-3152.00000
1.58000,-0.00000,0.01000,2.29000,2.03000,2.32000,2.33000,-11248.00000
1.59000,-0.00000,0.01000,2.26000,2.17000,2.30000,2.32000,-19388.00000
1.59000,-0.00000,0.01000,2.34000,2.23000,2.29000,2.31000,-27544.00000
1.60000,-0.00000,0.02000,2.62000,2.40000,2.28000,2.31000,29840.00000
1.60000,-0.00000,0.02000,2.59000,2.45000,2.26000,2.30000,21696.00000
1.61000,-0.00000,0.02000,2.56000,2.45000,2.24000,2.29000,13532.00000
1.62000,-0.00000,0.02000,2.65000,2.59000,2.23000,2.28000,5376.00000
1.62000,-0.00000,0.02000,2.45000,2.40000,2.22000,2.28000,-2728.00000
1.63000,0.00000,0.02000,2.15000,2.15000,2.21000,2.28000,-10864.00000
1.63000,0.00000,0.02000,2.12000,2.37000,2.21000,2.28000,-18960.00000
1.64000,0.00000,0.01000,1.95000,2.20000,2.24000,2.29000,-27044.00000
1.64000,0.00000,0.00000,1.78000,2.37000,2.26000,2.30000,30320.00000
1.65000,0.00000,0.00000,2.17000,2.34000,2.31000,2.32000,22224.00000
1.65000,0.00000,-0.00000,2.03000,2.29000,2.33000,2.33000,14080.00000
1.66000,0.00000,-0.00000,2.31000,2.12000,2.32000,2.31000,5992.00000
1.66000,0.00000,-0.00000,2.12000,2.12000,2.33000,2.33000,-2112.00000
1.67000,0.00000,-0.00000,2.09000,2.06000,2.33000,2.33000,-10184.00000
1.67000,0.00000,-0.00000,2.23000,2.23000,2.33000,2.33000,-18308.00000
1.68000,0.00000,-0.01000,1.98000,2.40000,2.33000,2.33000,-26408.00000
1.68000,0.00000,-0.01000,2.34000,2.34000,2.32000,2.30000,30976.00000
1.69000,0.00000,-0.01000,2.42000,2.42000,2.32000,2.30000,22884.00000
1.70000,0.00000,-0.01000,2.48000,2.45000,2.32000,2.30000,14752.00000
1.70000,0.00000,-0.00000,2.51000,2.34000,2.32000,2.30000,6608.00000
1.71000,0.00000,-0.01000,2.43000,2.45000,2.32000,2.31000,-1472.00000
1.71000,0.00000,-0.00000,2.42000,2.40000,2.32000,2.31000,-9568.00000
1.72000,0.00000,-0.00000,2.48000,2.42000,2.32000,2.31000,-17704.00000
1.72000,0.00000,-0.00000,2.40000,2.42000,2.32000,2.31000,-25836.00000
1.73000,-0.00000,-0.01000,2.34000,2.45000,2.32000,2.31000,31544.00000
1.74000,-0.00000,-0.01000,2.42000,2.37000,2.32000,2.30000,23400.00000
1.74000,-0.00000,-0.01000,2.23000,2.48000,2.32000,2.31000,15264.00000
1.75000,-0.00000,-0.02000,1.95000,2.45000,2.31000,2.28000,7100.00000
1.75000,-0.00000,-0.02000,2.04000,2.20000,2.29000,2.23000,-1000.00000
1.76000,-0.00000,-0.02000,2.26000,2.20000,2.28000,2.21000,-9080.00000
1.76000,-0.00000,-0.01000,2.45000,1.95000,2.28000,2.22000,-17172.00000
1.77000,-0.00000,-0.01000,2.37000,2.15000,2.30000,2.27000,-25328.00000
1.77000,-0.00000,-0.00000,2.31000,2.15000,2.31000,2.29000,32056.00000
1.78000,-0.00000,-0.00000,2.29000,2.09000,2.32000,2.30000,23904.00000
1.78000,-0.00000,-0.00000,2.20000,2.20000,2.33000,2.32000,15780.00000
1.79000,-0.00000,0.00000,2.34000,2.12000,2.33000,2.32000,7676.00000
1.79000,-0.00000,0.00000,2.26000,2.26000,2.32000,2.33000,-408.00000
1.80000,-0.00000,0.01000,2.34000,2.20000,2.32000,2.33000,-8416.00000
1.81000,-0.00000,0.01000,2.59000,2.31000,2.31000,2.32000,-16536.00000
1.81000,-0.00000,0.01000,2.56000,2.42000,2.29000,2.31000,-24676.00000
1.82000,-0.00000,0.02000,2.56000,2.45000,2.27000,2.31000,32676.00000
1.82000,-0.00000,0.02000,2.59000,2.54000,2.26000,2.30000,24520.00000
1.83000,-0.00000,0.02000,2.54000,2.45000,2.26000,2.30000,16380.00000
1.84000,-0.00000,0.02000,2.29000,2.29000,2.25000,2.29000,8232.00000
1.84000,0.00000,0.02000,2.17000,2.34000,2.24000,2.29000,128.00000
1.85000,0.00000,0.01000,2.29000,2.51000,2.26000,2.30000,-7876.00000
1.85000,0.00000,0.00000,2.03000,2.42000,2.28000,2.31000,-15952.00000
1.86000,0.00000,0.00000,2.20000,2.29000,2.31000,2.32000,-24104.00000
1.86000,0.00000,0.00000,2.15000,2.23000,2.32000,2.33000,-32240.00000
1.87000,0.00000,-0.00000,2.12000,2.20000,2.32000,2.33000,25164.00000
1.87000,0.00000,-0.00000,2.15000,2.17000,2.33000,2.33000,17036.00000
1.88000,0.00000,-0.01000,2.06000,2.34000,2.33000,2.33000,8940.00000
1.88000,0.00000,-0.01000,2.29000,2.20000,2.32000,2.30000,832.00000
1.89000,0.00000,-0.00000,2.40000,2.37000,2.32000,2.31000,-7216.00000
1.89000,0.00000,-0.01000,2.45000,2.48000,2.32000,2.31000,-15308.00000
1.90000,0.00000,-0.00000,2.45000,2.42000,2.32000,2.31000,-23464.00000
1.91000,0.00000,-0.01000,2.31000,2.45000,2.32000,2.31000,-31616.00000
1.91000,-0.00000,-0.01000,2.15000,2.45000,2.32000,2.30000,25764.00000
1.92000,-0.00000,-0.01000,2.40000,2.31000,2.31000,2.27000,17608.00000
1.92000,-0.00000,-0.01000,2.40000,2.48000,2.31000,2.27000,9456.00000
1.93000,-0.00000,-0.01000,2.48000,2.45000,2.30000,2.26000,1352.00000
1.93000,-0.00000,-0.01000,2.59000,2.26000,2.30000,2.26000,-6728.00000
1.94000,-0.00000,-0.01000,2.42000,2.42000,2.32000,2.29000,-14840.00000
1.95000,-0.00000,-0.01000,2.26000,2.45000,2.32000,2.29000,-22964.00000
1.95000,-0.00000,-0.02000,2.12000,2.37000,2.31000,2.27000,-31132.00000
1.96000,-0.00000,-0.02000,1.81000,2.31000,2.29000,2.25000,26268.00000
1.96000,-0.00000,-0.03000,2.12000,2.17000,2.26000,2.19000,18120.00000
1.97000,-0.00000,-0.02000,2.23000,2.03000,2.26000,2.18000,9988.00000
1.97000,-0.00000,-0.01000,2.48000,2.01000,2.26000,2.19000,1908.00000
1.98000,-0.00000,-0.00000,2.56000,2.03000,2.29000,2.24000,-6200.00000
1.98000,-0.00000,-0.00000,2.34000,2.26000,2.31000,2.28000,-14296.00000
1.99000,-0.00000,-0.00000,2.29000,2.26000,2.31000,2.29000,-22444.00000
1.99000,-0.00000,0.00000,2.31000,2.15000,2.31000,2.29000,-30624.00000
2.00000,-0.00000,0.00000,2.20000,2.23000,2.32000,2.30000,26768.00000
2.00000,-0.00000,0.01000,2.45000,2.20000,2.32000,2.30000,18636.00000
2.01000,-0.00000,0.01000,2.42000,2.23000,2.33000,2.32000,10528.00000
2.02000,-0.00000,0.02000,2.43000,2.15000,2.33000,2.33000,2376.00000
2.02000,-0.00000,0.02000,2.56000,2.40000,2.30000,2.32000,-5724.00000
2.03000,-0.00000,0.02000,2.48000,2.45000,2.29000,2.31000,-13800.00000
2.03000,-0.00000,0.02000,2.45000,2.31000,2.28000,2.31000,-21964.00000
2.04000,-0.00000,0.02000,2.40000,2.29000,2.26000,2.30000,-30120.00000
2.04000,-0.00000,0.02000,2.37000,2.37000,2.25000,2.29000,27304.00000
2.05000,-0.00000,0.02000,2.12000,2.43000,2.24000,2.29000,19204.00000
2.06000,-0.00000,0.01000,2.15000,2.54000,2.26000,2.30000,11080.00000
2.06000,0.00000,0.00000,1.92000,2.42000,2.28000,2.31000,2956.00000
2.07000,0.00000,-0.00000,2.03000,2.17000,-0.47000,0.47000,-5136.00000
2.07000,0.00000,0.00000,2.15000,2.01000,-0.47000,0.47000,-13208.00000
2.07000,0.00000,-0.01000,0.81000,1.37000,-0.48000,0.48000,-21372.00000
2.07000,0.00000,-0.03000,0.06000,0.98000,-0.48000,0.48000,-29424.00000
2.07000,0.00000,-0.03000,0.03000,0.03000,-0.48000,0.48000,28116.00000
2.07000,0.00000,-0.03000,0.03000,0.00000,-0.48000,0.48000,20156.00000
2.07000,0.00000,-0.02000,0.11000,0.00000,-0.48000,0.48000,12232.00000
2.07000,0.00000,-0.02000,0.03000,0.00000,-0.48000,0.48000,4264.00000
2.07000,0.00000,-0.02000,0.00000,0.00000,-0.48000,0.48000,-3608.00000
2.07000,0.00000,-0.02000,0.00000,0.00000,-0.48000,0.48000,-11364.00000
2.07000,0.00000,-0.02000,0.00000,0.00000,-0.48000,0.48000,-19156.00000
2.07000,0.00000,-0.02000,0.00000,0.00000,-0.48000,0.48000,-26936.00000
2.07000,0.00000,-0.02000,0.00000,0.03000,-0.48000,0.48000,30796.00000
2.07000,0.00000,-0.02000,0.00000,0.00000,-0.48000,0.48000,22864.00000
2.07000,0.00000,-0.02000,0.00000,0.00000,-0.48000,0.48000,15084.00000
2.07000,0.00000,-0.02000,0.00000,0.00000,-0.48000,0.48000,7288.00000
2.07000,0.00000,-0.02000,0.00000,0.00000,-0.48000,0.48000,-440.00000
2.07000,0.00000,-0.02000,0.00000,0.00000,-0.48000,0.48000,-8144.00000
2.07000,0.00000,-0.02000,0.00000,0.00000,-0.48000,0.48000,-15884.00000
2.07000,0.00000,-0.02000,0.00000,0.00000,-0.48000,0.48000,-23684.00000
2.07000,0.00000,-0.02000,0.00000,0.00000,-0.48000,0.48000,-31480.00000
2.07000,0.00000,-0.02000,0.00000,0.00000,-0.48000,0.48000,26276.00000
2.07000,0.00000,-0.02000,0.00000,0.00000,-0.48000,0.48000,18476.00000
2.07000,0.00000,-0.02000,0.00000,0.00000,-0.48000,0.48000,10696.00000
2.07000,0.00000,-0.02000,0.00000,0.00000,-0.48000,0.48000,2920.00000
2.07000,0.00000,-0.02000,0.00000,0.00000,-0.48000,0.48000,-4824.00000
2.07000,0.00000,-0.02000,0.00000,0.00000,-0.48000,0.48000,-12560.00000
2.07000,0.00000,-0.02000,0.00000,0.00000,-0.48000,0.48000,-20364.00000
2.07000,0.00000,-0.02000,0.00000,0.00000,-0.48000,0.48000,-28148.00000
2.07000,0.00000,-0.02000,0.00000,0.00000,-0.48000,0.48000,29592.00000
2.07000,0.00000,-0.02000,0.00000,0.03000,-0.48000,0.48000,21800.00000
2.07000,0.00000,-0.02000,0.00000,0.00000,-0.48000,0.48000,13872.00000
2.07000,0.00000,-0.03000,0.00000,0.03000,-0.48000,0.48000,6096.00000
2.08000,-0.00000,-0.04000,0.00000,0.61000,-0.48000,0.48000,-1788.00000
2.08000,-0.00000,-0.07000,0.00000,1.56000,-0.49000,0.49000,-9688.00000
2.08000,-0.00000,-0.12000,0.00000,2.54000,-0.50000,0.50000,-17668.00000
2.08000,-0.00000,-0.17000,0.00000,2.65000,-0.52000,0.52000,-25704.00000
2.09000,-0.00000,-0.22000,0.00000,2.51000,-0.54000,0.54000,31788.00000
2.09000,-0.00000,-0.26000,0.00000,2.09000,-0.56000,0.56000,23764.00000
2.09000,-0.00000,-0.29000,0.00000,1.45000,-0.58000,0.58000,15760.00000
2.09000,-0.00000,-0.31000,0.00000,1.09000,-0.59000,0.59000,7760.00000
2.09000,-0.00000,-0.31000,0.00000,0.36000,-0.60000,0.60000,-188.00000
2.09000,-0.00000,-0.31000,0.00000,0.00000,-0.60000,0.60000,-8036.00000
2.09000,-0.00000,-0.31000,0.00000,0.00000,-0.60000,0.60000,-15780.00000
2.09000,-0.00000,-0.31000,0.00000,0.00000,-0.60000,0.60000,-23572.00000
2.09000,-0.00000,-0.31000,0.00000,0.00000,-0.60000,0.60000,-31360.00000
2.09000,-0.00000,-0.31000,0.00000,0.00000,-0.60000,0.60000,26392.00000
2.09000,-0.00000,-0.31000,0.00000,0.00000,-0.60000,0.60000,18600.00000
2.09000,-0.00000,-0.31000,0.00000,0.00000,-0.60000,0.60000,10820.00000
2.09000,-0.00000,-0.31000,0.00000,0.00000,-0.60000,0.60000,3040.00000
2.09000,-0.00000,-0.31000,0.00000,0.00000,-0.60000,0.60000,-4696.00000
2.09000,-0.00000,-0.31000,0.00000,0.00000,-0.60000,0.60000,-12448.00000
2.09000,-0.00000,-0.31000,0.00000,0.00000,-0.60000,0.60000,-20228.00000
2.09000,-0.00000,-0.31000,-0.03000,0.00000,-0.60000,0.60000,-28020.00000
2.09000,-0.00000,-0.31000,0.00000,0.00000,-0.60000,0.60000,29576.00000
2.09000,-0.00000,-0.31000,0.00000,0.00000,-0.60000,0.60000,21792.00000
2.09000,-0.00000,-0.31000,0.00000,0.00000,-0.60000,0.60000,14004.00000
2.09000,-0.00000,-0.31000,0.00000,0.03000,-0.60000,0.60000,6224.00000
2.09000,-0.00000,-0.31000,0.00000,0.00000,-0.60000,0.60000,-1664.00000
2.09000,-0.00000,-0.31000,0.00000,0.00000,-0.60000,0.60000,-9416.00000
2.09000,-0.00000,-0.31000,0.00000,0.00000,-0.60000,0.60000,-17148.00000
2.09000,-0.00000,-0.31000,0.00000,0.00000,-0.60000,0.60000,-24936.00000
2.09000,-0.00000,-0.32000,0.00000,0.06000,-0.60000,0.60000,-32724.00000
2.09000,-0.00000,-0.34000,0.00000,1.06000,-0.60000,0.60000,24876.00000
2.10000,-0.00000,-0.38000,0.00000,2.40000,-0.60000,0.60000,16904.00000
2.10000,-0.01000,-0.45000,0.00000,3.23000,-0.61000,0.60000,8888.00000
2.10000,-0.01000,-0.51000,0.00000,3.29000,-0.64000,0.55000,856.00000
2.11000,-0.01000,-0.57000,-0.03000,2.93000,-0.78000,0.24000,-7116.00000
2.11000,-0.01000,-0.60000,0.00000,1.98000,-1.16000,-0.49000,-15192.00000
2.11000,-0.01000,-0.63000,0.00000,1.56000,-1.52000,-1.09000,-23240.00000
2.11000,-0.01000,-0.65000,0.00000,0.56000,-1.82000,-1.49000,-31288.00000
2.11000,-0.01000,-0.65000,0.00000,0.00000,-1.92000,-1.62000,26256.00000
2.11000,-0.01000,-0.65000,-0.03000,0.00000,-1.92000,-1.62000,18424.00000
2.11000,-0.01000,-0.65000,0.00000,0.00000,-1.92000,-1.62000,10436.00000
2.11000,-0.01000,-0.65000,-0.08000,0.00000,-1.92000,-1.62000,2616.00000
2.11000,-0.01000,-0.65000,-0.22000,0.00000,-1.94000,-1.64000,-5344.00000
2.11000,-0.01000,-0.66000,-0.50000,0.00000,-1.97000,-1.68000,-13288.00000
2.11000,-0.01000,-0.68000,-1.14000,0.00000,-2.04000,-1.77000,-21312.00000
2.11000,-0.01000,-0.72000,-1.92000,0.00000,-2.19000,-1.96000,-29360.00000
2.10000,-0.01000,-0.76000,-2.26000,0.00000,-2.36000,-2.17000,28128.00000
2.10000,-0.00000,-0.81000,-2.37000,0.00000,-2.14000,-2.34000,20052.00000
2.10000,-0.00000,-0.86000,-2.37000,0.00000,-1.83000,-2.09000,11980.00000
2.10000,-0.00000,-0.89000,-1.90000,0.00000,-1.34000,-1.70000,3940.00000
2.10000,0.00000,-0.92000,-1.34000,0.00000,-0.80000,-1.34000,-4036.00000
2.10000,0.00000,-0.93000,-0.73000,0.00000,-0.39000,-1.10000,-11992.00000
2.10000,0.00000,-0.93000,-0.06000,0.00000,-0.19000,-1.00000,-20000.00000
2.10000,0.00000,-0.93000,0.00000,0.00000,-0.17000,-0.99000,-27948.00000
2.10000,0.00000,-0.93000,0.00000,0.00000,-0.17000,-0.99000,29776.00000
2.10000,0.00000,-0.93000,0.00000,0.00000,-0.17000,-0.99000,21976.00000
2.10000,0.00000,-0.93000,0.00000,0.00000,-0.17000,-0.99000,14180.00000
2.10000,0.00000,-0.93000,0.00000,0.00000,-0.17000,-0.99000,6376.00000
2.10000,0.00000,-0.93000,0.00000,0.00000,-0.17000,-0.99000,-1380.00000
2.10000,0.00000,-0.93000,0.00000,0.00000,-0.17000,-0.99000,-9132.00000
2.10000,0.00000,-0.93000,0.00000,0.00000,-0.17000,-0.99000,-16892.00000
2.10000,0.00000,-0.93000,0.00000,0.00000,-0.17000,-0.99000,-24700.00000
2.10000,0.00000,-0.93000,0.00000,0.00000,-0.17000,-0.99000,-32504.00000
2.10000,0.00000,-0.93000,0.00000,0.00000,-0.17000,-0.99000,25240.00000
2.10000,0.00000,-0.93000,0.00000,-0.03000,-0.17000,-0.99000,17436.00000
2.10000,0.00000,-0.93000,0.00000,0.00000,-0.18000,-0.99000,9456.00000
2.10000,0.00000,-0.93000,0.00000,0.00000,-0.18000,-0.99000,1708.00000
2.10000,0.00000,-0.93000,0.00000,0.00000,-0.18000,-0.99000,-6044.00000
2.10000,0.00000,-0.93000,0.00000,0.00000,-0.18000,-0.99000,-13804.00000
2.10000,0.00000,-0.93000,0.00000,-0.03000,-0.18000,-0.99000,-21616.00000
2.10000,0.00000,-0.93000,-0.03000,0.00000,-0.19000,-1.00000,-29580.00000
2.10000,0.00000,-0.94000,-0.28000,-0.17000,-0.18000,-0.99000,27980.00000
2.10000,0.00000,-0.94000,-0.28000,-0.03000,-0.15000,-0.97000,19960.00000
2.10000,0.00000,-0.95000,-0.31000,0.00000,-0.08000,-0.94000,11940.00000
2.10000,0.00000,-0.96000,-0.61000,0.00000,-0.01000,-0.90000,3980.00000
2.10000,0.00000,-0.97000,-0.53000,0.00000,0.13000,-0.84000,-3940.00000
2.10000,0.00000,-0.97000,0.00000,0.00000,0.23000,-0.79000,-11860.00000
2.10000,0.00000,-0.97000,0.00000,0.00000,0.23000,-0.79000,-19660.00000
2.10000,0.00000,-0.97000,0.00000,0.00000,0.23000,-0.79000,-27464.00000
2.10000,0.00000,-0.97000,0.00000,0.00000,0.23000,-0.79000,30276.00000
2.10000,0.00000,-0.97000,0.00000,0.00000,0.23000,-0.79000,22472.00000
2.10000,0.00000,-0.97000,0.00000,0.00000,0.23000,-0.79000,14668.00000
2.10000,0.00000,-0.97000,0.00000,0.00000,0.23000,-0.79000,6876.00000
2.10000,0.00000,-0.97000,0.00000,0.00000,0.23000,-0.79000,-884.00000
2.10000,0.00000,-0.97000,0.00000,0.00000,0.23000,-0.79000,-8596.00000
2.10000,0.00000,-0.97000,0.00000,0.00000,0.23000,-0.79000,-16352.00000
2.10000,0.00000,-0.97000,0.00000,0.00000,0.23000,-0.79000,-24156.00000
2.10000,0.00000,-0.97000,0.00000,0.00000,0.23000,-0.79000,-31956.00000
2.10000,0.00000,-0.97000,0.00000,0.00000,0.23000,-0.79000,25764.00000
2.10000,0.00000,-0.97000,0.00000,0.00000,0.23000,-0.79000,17980.00000
2.10000,0.00000,-0.97000,0.00000,0.00000,0.23000,-0.79000,10176.00000
2.10000,0.00000,-0.97000,0.00000,-0.03000,0.23000,-0.79000,2376.00000
2.10000,0.00000,-0.97000,0.00000,0.00000,0.22000,-0.79000,-5532.00000
2.10000,0.00000,-0.97000,0.00000,0.00000,0.22000,-0.79000,-13288.00000
2.10000,0.00000,-0.97000,0.00000,-0.08000,0.22000,-0.79000,-21072.00000
2.09000,0.00000,-0.94000,0.00000,-1.59000,0.21000,-0.80000,-29036.00000
2.09000,0.01000,-0.90000,0.00000,-1.65000,-0.11000,-0.95000,28488.00000
2.09000,0.01000,-0.87000,0.00000,-1.81000,-0.54000,-1.19000,20464.00000
2.09000,0.01000,-0.83000,0.00000,-1.78000,-1.05000,-1.50000,12408.00000
2.09000,0.01000,-0.80000,-0.03000,-1.90000,-1.50000,-1.82000,4392.00000
2.09000,0.01000,-0.77000,-0.33000,-1.73000,-1.85000,-2.11000,-3640.00000
2.08000,0.02000,-0.77000,-1.64000,-1.84000,-2.05000,-2.27000,-11700.00000
2.08000,0.02000,-0.78000,-2.81000,-2.28000,-2.07000,-2.28000,-19856.00000
2.08000,0.02000,-0.78000,-2.79000,-2.90000,-1.99000,-2.22000,-28040.00000
2.07000,0.03000,-0.77000,-3.07000,-3.37000,-2.00000,-2.23000,29280.00000
2.06000,0.04000,-0.76000,-2.84000,-3.26000,-2.03000,-2.25000,21076.00000
2.06000,0.04000,-0.76000,-2.84000,-3.12000,-2.07000,-2.29000,12852.00000
2.05000,0.04000,-0.75000,-2.62000,-2.81000,-2.10000,-2.31000,4672.00000
2.05000,0.05000,-0.75000,-2.48000,-2.62000,-2.11000,-2.32000,-3464.00000
2.05000,0.05000,-0.74000,-2.06000,-2.34000,-2.12000,-2.33000,-11620.00000
2.04000,0.06000,-0.74000,-2.37000,-2.81000,-2.15000,-2.34000,-19816.00000
2.04000,0.06000,-0.73000,-2.31000,-2.79000,-2.18000,-2.37000,-28000.00000
2.03000,0.06000,-0.72000,-2.29000,-2.73000,-2.22000,-2.40000,29332.00000
2.03000,0.07000,-0.72000,-2.48000,-2.51000,-2.41000,-2.24000,21132.00000
2.02000,0.07000,-0.71000,-2.37000,-2.51000,-2.41000,-2.24000,12936.00000
2.02000,0.08000,-0.71000,-2.51000,-2.54000,-2.40000,-2.23000,4780.00000
2.02000,0.08000,-0.71000,-2.37000,-2.45000,-2.40000,-2.23000,-3380.00000
2.01000,0.08000,-0.71000,-2.09000,-2.31000,-2.40000,-2.22000,-11508.00000
2.01000,0.09000,-0.70000,-2.03000,-2.26000,-2.38000,-2.20000,-19668.00000
2.00000,0.09000,-0.70000,-1.87000,-2.06000,-2.37000,-2.18000,-27828.00000
2.00000,0.09000,-0.70000,-2.06000,-2.23000,-2.36000,-2.17000,29524.00000
2.00000,0.10000,-0.70000,-2.17000,-2.20000,-2.34000,-2.15000,21432.00000
1.99000,0.10000,-0.69000,-2.06000,-2.29000,-2.34000,-2.14000,13224.00000
1.99000,0.10000,-0.69000,-2.51000,-2.65000,-2.32000,-2.11000,5036.00000
1.98000,0.11000,-0.69000,-1.92000,-1.92000,-2.30000,-2.09000,-3104.00000
1.98000,0.11000,-0.69000,-2.31000,-2.31000,-2.30000,-2.09000,-11200.00000
1.98000,0.11000,-0.69000,-2.45000,-2.29000,-2.29000,-2.08000,-19340.00000
1.97000,0.12000,-0.70000,-2.15000,-2.01000,-2.30000,-2.09000,-27520.00000
1.97000,0.12000,-0.70000,-2.29000,-2.09000,-2.31000,-2.10000,29828.00000
1.96000,0.12000,-0.70000,-2.31000,-2.17000,-2.32000,-2.11000,21712.00000
1.96000,0.13000,-0.70000,-2.34000,-2.20000,-2.32000,-2.12000,13500.00000
1.95000,0.13000,-0.71000,-2.42000,-2.23000,-2.33000,-2.13000,5324.00000
1.95000,0.13000,-0.71000,-2.20000,-2.03000,-2.34000,-2.14000,-2828.00000
1.95000,0.14000,-0.71000,-2.09000,-2.17000,-2.35000,-2.15000,-10972.00000
1.94000,0.14000,-0.71000,-2.23000,-1.98000,-2.34000,-2.14000,-19160.00000
1.94000,0.14000,-0.71000,-2.01000,-2.03000,-2.35000,-2.15000,-27336.00000
1.94000,0.15000,-0.72000,-2.20000,-1.81000,-2.34000,-2.15000,29988.00000
1.93000,0.15000,-0.72000,-2.06000,-2.06000,-2.36000,-2.18000,21820.00000
1.93000,0.15000,-0.73000,-2.03000,-1.78000,-2.36000,-2.17000,13712.00000
1.93000,0.16000,-0.73000,-2.29000,-2.15000,-2.37000,-2.19000,5504.00000
1.92000,0.16000,-0.73000,-1.89000,-1.64000,-2.38000,-2.20000,-2608.00000
1.92000,0.16000,-0.74000,-2.34000,-2.26000,-2.39000,-2.21000,-10764.00000
1.91000,0.17000,-0.73000,-2.09000,-2.23000,-2.39000,-2.22000,-18936.00000
1.91000,0.17000,-0.74000,-2.20000,-2.09000,-2.38000,-2.20000,-27152.00000
1.91000,0.17000,-0.74000,-2.54000,-2.34000,-2.39000,-2.21000,30220.00000
1.90000,0.18000,-0.75000,-2.40000,-1.98000,-2.39000,-2.22000,22040.00000
1.90000,0.18000,-0.76000,-2.68000,-2.17000,-2.41000,-2.25000,13836.00000
1.89000,0.19000,-0.76000,-2.79000,-2.56000,-1.85000,-2.11000,5644.00000
1.89000,0.19000,-0.76000,-2.73000,-2.54000,-1.80000,-2.06000,-2500.00000
1.88000,0.19000,-0.76000,-2.26000,-2.59000,-1.75000,-2.03000,-10684.00000
1.88000,0.20000,-0.76000,-2.31000,-2.31000,-1.80000,-2.06000,-18892.00000
1.88000,0.20000,-0.76000,-1.90000,-1.76000,-1.79000,-2.05000,-26996.00000
1.87000,0.20000,-0.76000,-1.95000,-1.90000,-1.75000,-2.03000,30372.00000
1.87000,0.21000,-0.77000,-1.78000,-1.31000,-1.73000,-2.01000,22224.00000
1.87000,0.21000,-0.78000,-2.20000,-1.76000,-1.63000,-1.93000,14052.00000
1.86000,0.21000,-0.79000,-2.15000,-1.84000,-1.52000,-1.84000,5888.00000
1.86000,0.22000,-0.78000,-1.81000,-2.17000,-1.43000,-1.77000,-2224.00000
1.86000,0.22000,-0.77000,-1.70000,-1.98000,-1.49000,-1.82000,-10380.00000
1.86000,0.22000,-0.76000,-1.37000,-1.92000,-1.53000,-1.85000,-18564.00000
1.85000,0.22000,-0.76000,-1.28000,-1.62000,-1.64000,-1.93000,-26684.00000
1.85000,0.23000,-0.75000,-1.56000,-1.78000,-1.69000,-1.98000,30692.00000
1.85000,0.23000,-0.75000,-1.23000,-1.56000,-1.72000,-2.00000,22544.00000
1.84000,0.23000,-0.74000,-1.70000,-2.09000,-1.77000,-2.04000,14396.00000
1.84000,0.24000,-0.73000,-1.73000,-2.01000,-1.83000,-2.09000,6236.00000
1.84000,0.24000,-0.73000,-2.15000,-2.40000,-1.86000,-2.12000,-1892.00000
1.83000,0.24000,-0.72000,-2.06000,-2.42000,-1.89000,-2.14000,-10036.00000
1.83000,0.25000,-0.72000,-2.31000,-2.45000,-1.94000,-2.18000,-18248.00000
1.82000,0.25000,-0.71000,-2.29000,-2.51000,-1.95000,-2.19000,-26448.00000
1.82000,0.25000,-0.71000,-2.03000,-2.26000,-1.97000,-2.20000,30880.00000
1.82000,0.26000,-0.70000,-1.98000,-2.23000,-1.99000,-2.22000,22688.00000
1.81000,0.26000,-0.70000,-1.92000,-2.17000,-2.02000,-2.24000,14488.00000
1.81000,0.26000,-0.70000,-2.20000,-2.12000,-2.04000,-2.26000,6348.00000
1.81000,0.27000,-0.70000,-1.90000,-2.06000,-2.03000,-2.25000,-1788.00000
1.80000,0.27000,-0.70000,-1.95000,-1.90000,-2.04000,-2.26000,-9916.00000
1.80000,0.27000,-0.70000,-1.87000,-2.01000,-2.03000,-2.25000,-18060.00000
1.79000,0.28000,-0.69000,-2.09000,-2.26000,-2.04000,-2.26000,-26220.00000
1.79000,0.28000,-0.69000,-1.87000,-2.06000,-2.05000,-2.27000,31188.00000
1.79000,0.28000,-0.68000,-2.04000,-2.26000,-2.07000,-2.28000,23012.00000
1.78000,0.29000,-0.69000,-2.12000,-2.06000,-2.09000,-2.30000,14888.00000
1.78000,0.29000,-0.68000,-1.84000,-2.09000,-2.08000,-2.29000,6708.00000
1.78000,0.29000,-0.68000,-1.90000,-2.06000,-2.10000,-2.31000,-1384.00000
1.77000,0.29000,-0.68000,-1.64000,-1.73000,-2.11000,-2.32000,-9536.00000
1.77000,0.30000,-0.67000,-2.06000,-2.20000,-2.12000,-2.32000,-17640.00000
1.76000,0.30000,-0.67000,-1.98000,-2.20000,-2.12000,-2.33000,-25812.00000
1.76000,0.30000,-0.67000,-2.48000,-2.56000,-2.14000,-2.34000,31504.00000
1.76000,0.31000,-0.66000,-2.34000,-2.62000,-2.14000,-2.34000,23388.00000
1.75000,0.31000,-0.66000,-2.26000,-2.59000,-2.17000,-2.36000,15112.00000
1.75000,0.31000,-0.65000,-2.48000,-2.65000,-2.19000,-2.38000,6908.00000
1.74000,0.32000,-0.64000,-2.28000,-2.79000,-2.20000,-2.38000,-1184.00000
1.74000,0.32000,-0.64000,-2.09000,-2.17000,-2.24000,-2.41000,-9352.00000
1.73000,0.33000,-0.64000,-2.54000,-2.68000,-2.24000,-2.41000,-17496.00000
1.73000,0.33000,-0.63000,-2.12000,-2.73000,-2.41000,-2.24000,-25716.00000
1.72000,0.33000,-0.62000,-2.43000,-2.87000,-2.38000,-2.20000,31620.00000
1.72000,0.34000,-0.62000,-2.40000,-2.37000,-2.35000,-2.15000,23464.00000
1.71000,0.34000,-0.62000,-2.31000,-2.26000,-2.34000,-2.15000,15224.00000
1.71000,0.34000,-0.62000,-2.48000,-2.43000,-2.34000,-2.15000,7020.00000
1.70000,0.35000,-0.62000,-2.37000,-2.23000,-2.34000,-2.14000,-1088.00000
1.70000,0.35000,-0.63000,-2.37000,-2.09000,-2.35000,-2.15000,-9292.00000
1.70000,0.35000,-0.63000,-2.40000,-2.26000,-2.36000,-2.17000,-17412.00000
1.69000,0.35000,-0.63000,-1.90000,-1.81000,-2.36000,-2.18000,-25580.00000
1.69000,0.36000,-0.63000,-2.01000,-2.37000,-2.37000,-2.18000,31744.00000
1.68000,0.36000,-0.62000,-2.12000,-2.34000,-2.34000,-2.14000,23600.00000
1.68000,0.36000,-0.62000,-2.29000,-2.51000,-2.31000,-2.10000,15380.00000
1.67000,0.37000,-0.61000,-2.51000,-2.73000,-2.28000,-2.06000,7184.00000
1.67000,0.37000,-0.62000,-2.48000,-2.23000,-2.23000,-2.00000,-940.00000
1.66000,0.37000,-0.62000,-2.29000,-2.43000,-2.22000,-1.99000,-9092.00000
1.66000,0.38000,-0.62000,-2.43000,-2.23000,-2.37000,-2.19000,-17236.00000
1.66000,0.38000,-0.62000,-2.29000,-2.09000,-2.38000,-2.20000,-25444.00000
1.65000,0.38000,-0.62000,-2.29000,-2.23000,-2.39000,-2.22000,31916.00000
1.65000,0.39000,-0.63000,-2.42000,-2.12000,-2.39000,-2.22000,23752.00000
1.64000,0.39000,-0.63000,-2.23000,-2.12000,-2.41000,-2.24000,15516.00000
1.64000,0.39000,-0.63000,-2.43000,-2.43000,-2.41000,-2.25000,7352.00000
1.63000,0.40000,-0.64000,-2.42000,-2.03000,-2.41000,-2.25000,-756.00000
1.63000,0.40000,-0.64000,-2.31000,-2.31000,-2.22000,-2.40000,-8868.00000
1.63000,0.40000,-0.64000,-2.26000,-1.98000,-2.22000,-2.39000,-17000.00000
1.62000,0.41000,-0.64000,-2.29000,-2.37000,-2.20000,-2.38000,-25160.00000
1.62000,0.41000,-0.64000,-2.15000,-2.12000,-2.20000,-2.38000,32168.00000
1.61000,0.41000,-0.65000,-2.31000,-2.01000,-2.20000,-2.38000,23960.00000
1.61000,0.41000,-0.65000,-2.06000,-2.23000,-2.17000,-2.36000,15796.00000
1.60000,0.42000,-0.64000,-1.89000,-1.98000,-2.19000,-2.37000,7676.00000
1.60000,0.42000,-0.65000,-2.29000,-2.23000,-2.19000,-2.38000,-488.00000
1.60000,0.42000,-0.65000,-2.34000,-2.34000,-2.19000,-2.37000,-8564.00000
1.59000,0.43000,-0.65000,-2.45000,-2.37000,-2.18000,-2.37000,-16688.00000
1.59000,0.43000,-0.64000,-2.34000,-2.54000,-2.17000,-2.36000,-24876.00000
1.58000,0.43000,-0.64000,-2.17000,-2.54000,-2.19000,-2.37000,32436.00000
1.58000,0.44000,-0.64000,-2.42000,-2.34000,-2.22000,-2.39000,24264.00000
1.57000,0.44000,-0.63000,-2.26000,-2.45000,-2.21000,-2.39000,16068.00000
1.57000,0.44000,-0.63000,-2.28000,-2.48000,-2.22000,-2.40000,7896.00000
1.56000,0.45000,-0.63000,-2.34000,-2.42000,-2.24000,-2.41000,-260.00000
1.56000,0.45000,-0.62000,-2.06000,-2.40000,-2.24000,-2.41000,-8376.00000
1.55000,0.45000,-0.62000,-2.29000,-2.56000,-2.40000,-2.23000,-16548.00000
1.55000,0.46000,-0.63000,-2.40000,-1.84000,-2.39000,-2.21000,-24672.00000
1.55000,0.46000,-0.63000,-2.17000,-2.03000,-2.25000,-2.41000,32628.00000
1.54000,0.46000,-0.63000,-2.34000,-2.29000,-2.24000,-2.41000,24480.00000
1.54000,0.47000,-0.62000,-2.01000,-2.59000,-2.23000,-2.40000,16308.00000
1.53000,0.47000,-0.62000,-2.59000,-2.62000,-2.40000,-2.22000,8096.00000
1.53000,0.47000,-0.62000,-2.59000,-2.70000,-2.39000,-2.22000,-52.00000
1.52000,0.48000,-0.61000,-2.06000,-2.26000,-2.39000,-2.21000,-8112.00000
1.52000,0.48000,-0.61000,-2.01000,-2.40000,-2.38000,-2.19000,-16280.00000
1.51000,0.48000,-0.61000,-2.37000,-2.42000,-2.35000,-2.15000,-24436.00000
1.51000,0.49000,-0.61000,-2.23000,-2.15000,-2.34000,-2.14000,-32664.00000
1.51000,0.49000,-0.61000,-2.34000,-2.43000,-2.34000,-2.15000,24652.00000
1.50000,0.49000,-0.60000,-2.03000,-2.12000,-2.33000,-2.13000,16488.00000
1.50000,0.50000,-0.60000,-2.29000,-2.29000,-2.32000,-2.12000,8276.00000
1.49000,0.50000,-0.60000,-2.23000,-2.34000,-2.32000,-2.11000,212.00000
1.49000,0.50000,-0.60000,-1.95000,-1.90000,-2.30000,-2.09000,-7876.00000
1.48000,0.50000,-0.60000,-2.20000,-2.31000,-2.30000,-2.09000,-16004.00000
1.48000,0.51000,-0.60000,-2.17000,-2.01000,-2.28000,-2.07000,-24124.00000
1.48000,0.51000,-0.61000,-2.48000,-2.23000,-2.29000,-2.08000,-32352.00000
1.47000,0.51000,-0.61000,-2.28000,-2.03000,-2.30000,-2.09000,25044.00000
1.47000,0.52000,-0.62000,-2.45000,-2.20000,-2.31000,-2.11000,16824.00000
1.46000,0.52000,-0.62000,-2.37000,-2.40000,-2.32000,-2.12000,8616.00000
1.46000,0.52000,-0.62000,-2.54000,-2.31000,-2.31000,-2.11000,516.00000
1.45000,0.53000,-0.62000,-2.15000,-2.12000,-2.32000,-2.12000,-7588.00000
1.45000,0.53000,-0.62000,-2.20000,-2.26000,-2.31000,-2.11000,-15764.00000
1.45000,0.53000,-0.63000,-2.31000,-1.87000,-2.30000,-2.09000,-23888.00000
1.44000,0.53000,-0.63000,-2.04000,-2.06000,-2.32000,-2.12000,-32128.00000
1.44000,0.54000,-0.63000,-2.20000,-2.12000,-2.31000,-2.10000,25264.00000
1.43000,0.54000,-0.63000,-2.01000,-2.17000,-2.30000,-2.09000,17096.00000
1.43000,0.54000,-0.63000,-2.29000,-2.17000,-2.05000,-2.27000,8944.00000
1.42000,0.55000,-0.63000,-2.12000,-1.92000,-2.03000,-2.25000,836.00000
1.42000,0.55000,-0.63000,-1.95000,-2.26000,-2.00000,-2.23000,-7292.00000
1.42000,0.55000,-0.63000,-2.04000,-1.95000,-2.03000,-2.25000,-15420.00000
1.41000,0.56000,-0.62000,-1.78000,-2.06000,-2.02000,-2.24000,-23596.00000
1.41000,0.56000,-0.63000,-2.37000,-2.12000,-2.05000,-2.27000,-31768.00000
1.40000,0.56000,-0.63000,-2.01000,-2.03000,-2.01000,-2.24000,25608.00000
1.40000,0.56000,-0.63000,-2.62000,-2.62000,-2.01000,-2.24000,17428.00000
1.39000,0.57000,-0.63000,-2.76000,-2.56000,-2.00000,-2.23000,9280.00000
1.39000,0.57000,-0.63000,-2.62000,-2.68000,-1.97000,-2.20000,1140.00000
1.38000,0.58000,-0.63000,-2.40000,-2.56000,-1.97000,-2.20000,-7044.00000
1.38000,0.58000,-0.63000,-2.29000,-2.26000,-1.98000,-2.21000,-15168.00000
1.38000,0.58000,-0.63000,-1.87000,-1.92000,-1.97000,-2.20000,-23364.00000
1.37000,0.58000,-0.63000,-2.09000,-2.06000,-1.97000,-2.20000,-31532.00000
1.37000,0.59000,-0.63000,-2.06000,-1.98000,-1.96000,-2.19000,25872.00000
1.36000,0.59000,-0.63000,-2.48000,-2.29000,-1.94000,-2.18000,17680.00000
1.36000,0.59000,-0.64000,-2.51000,-2.20000,-1.90000,-2.14000,9516.00000
1.36000,0.60000,-0.64000,-2.15000,-2.20000,-1.83000,-2.09000,1372.00000
1.35000,0.60000,-0.63000,-1.92000,-2.43000,-1.83000,-2.09000,-6768.00000
1.35000,0.60000,-0.61000,-1.51000,-2.23000,-1.90000,-2.14000,-14880.00000
1.34000,0.61000,-0.61000,-1.76000,-2.17000,-1.99000,-2.22000,-23072.00000
1.34000,0.61000,-0.60000,-1.45000,-1.95000,-2.04000,-2.26000,-31192.00000
1.34000,0.61000,-0.59000,-1.90000,-2.15000,-2.09000,-2.30000,26164.00000
1.33000,0.61000,-0.58000,-1.73000,-2.23000,-2.11000,-2.32000,18040.00000
1.33000,0.62000,-0.58000,-1.98000,-2.20000,-2.16000,-2.35000,9848.00000
1.32000,0.62000,-0.57000,-2.09000,-2.31000,-2.18000,-2.36000,1684.00000
1.32000,0.62000,-0.57000,-2.17000,-2.48000,-2.19000,-2.38000,-6416.00000
1.31000,0.62000,-0.56000,-2.26000,-2.45000,-2.22000,-2.39000,-14560.00000
1.31000,0.63000,-0.56000,-2.09000,-2.42000,-2.23000,-2.40000,-22780.00000
1.31000,0.63000,-0.56000,-2.31000,-2.31000,-2.41000,-2.24000,-30968.00000
1.30000,0.63000,-0.56000,-2.12000,-2.06000,-2.41000,-2.24000,26412.00000
1.30000,0.64000,-0.56000,-2.45000,-2.45000,-2.41000,-2.25000,18212.00000
1.29000,0.64000,-0.56000,-2.59000,-2.34000,-2.41000,-2.25000,10080.00000
1.29000,0.64000,-0.56000,-2.45000,-2.54000,-2.23000,-2.40000,1888.00000
1.28000,0.65000,-0.56000,-2.45000,-2.68000,-2.24000,-2.41000,-6264.00000
1.28000,0.65000,-0.56000,-2.40000,-2.31000,-2.41000,-2.24000,-14416.00000
1.27000,0.65000,-0.56000,-1.95000,-1.90000,-2.25000,-2.41000,-22656.00000
1.27000,0.65000,-0.56000,-2.20000,-2.09000,-2.24000,-2.41000,-30812.00000
1.26000,0.66000,-0.56000,-2.15000,-2.37000,-2.23000,-2.40000,26576.00000
1.26000,0.66000,-0.55000,-2.06000,-2.48000,-2.41000,-2.25000,18364.00000
1.25000,0.66000,-0.55000,-2.51000,-2.51000,-2.39000,-2.22000,10208.00000
1.25000,0.67000,-0.55000,-2.37000,-2.20000,-2.39000,-2.22000,2044.00000
1.24000,0.67000,-0.55000,-2.15000,-2.43000,-2.40000,-2.23000,-6136.00000
1.24000,0.67000,-0.55000,-2.31000,-2.29000,-2.38000,-2.20000,-14284.00000
1.24000,0.67000,-0.55000,-2.17000,-2.20000,-2.38000,-2.20000,-22460.00000
1.23000,0.68000,-0.55000,-2.31000,-2.31000,-2.38000,-2.20000,-30668.00000
1.23000,0.68000,-0.56000,-2.56000,-2.15000,-2.38000,-2.19000,26740.00000
1.22000,0.68000,-0.55000,-2.31000,-2.40000,-2.40000,-2.22000,18516.00000
1.22000,0.69000,-0.56000,-2.54000,-2.48000,-2.39000,-2.21000,10328.00000
1.21000,0.69000,-0.57000,-2.59000,-2.03000,-2.39000,-2.21000,2128.00000
1.21000,0.69000,-0.57000,-2.31000,-2.20000,-2.25000,-2.41000,-6008.00000
1.20000,0.69000,-0.57000,-2.06000,-1.87000,-2.24000,-2.41000,-14180.00000
1.20000,0.70000,-0.57000,-2.42000,-2.37000,-2.05000,-2.27000,-22340.00000
1.19000,0.70000,-0.58000,-2.26000,-1.98000,-2.04000,-2.26000,-30524.00000
1.19000,0.70000,-0.59000,-2.54000,-2.15000,-1.99000,-2.22000,26820.00000
1.18000,0.71000,-0.59000,-2.31000,-2.26000,-1.93000,-2.17000,18660.00000
1.18000,0.71000,-0.58000,-1.70000,-1.95000,-1.92000,-2.16000,10464.00000
1.18000,0.71000,-0.58000,-1.76000,-2.09000,-1.95000,-2.19000,2296.00000
1.17000,0.71000,-0.57000,-1.70000,-1.98000,-1.99000,-2.22000,-5812.00000
1.17000,0.72000,-0.57000,-1.81000,-1.92000,-2.02000,-2.24000,-13956.00000
1.17000,0.72000,-0.56000,-1.95000,-2.26000,-2.03000,-2.25000,-22128.00000
1.16000,0.72000,-0.56000,-2.01000,-2.15000,-2.06000,-2.28000,-30304.00000
1.16000,0.72000,-0.55000,-1.87000,-2.23000,-2.07000,-2.28000,27016.00000
1.15000,0.73000,-0.55000,-2.17000,-2.29000,-2.11000,-2.31000,18864.00000
1.15000,0.73000,-0.55000,-1.98000,-2.06000,-2.11000,-2.32000,10664.00000
1.14000,0.73000,-0.55000,-2.20000,-2.29000,-2.12000,-2.32000,2456.00000
1.14000,0.73000,-0.54000,-2.09000,-2.20000,-2.12000,-2.33000,-5624.00000
1.14000,0.74000,-0.54000,-2.23000,-2.23000,-2.13000,-2.33000,-13808.00000
1.13000,0.74000,-0.55000,-2.34000,-2.31000,-2.13000,-2.33000,-21928.00000
1.13000,0.74000,-0.55000,-2.20000,-2.01000,-2.12000,-2.33000,-30168.00000
1.12000,0.75000,-0.55000,-2.51000,-2.43000,-2.10000,-2.31000,27176.00000
1.12000,0.75000,-0.56000,-2.40000,-2.17000,-2.09000,-2.30000,19028.00000
1.11000,0.75000,-0.55000,-2.09000,-2.20000,-2.05000,-2.27000,10812.00000
1.11000,0.75000,-0.55000,-2.20000,-2.31000,-2.06000,-2.28000,2656.00000
1.10000,0.76000,-0.55000,-1.90000,-1.78000,-2.07000,-2.28000,-5440.00000
1.10000,0.76000,-0.55000,-2.03000,-2.09000,-2.05000,-2.27000,-13580.00000
1.10000,0.76000,-0.55000,-2.03000,-2.03000,-2.05000,-2.27000,-21708.00000
1.09000,0.76000,-0.55000,-2.06000,-2.23000,-2.04000,-2.26000,-29868.00000
1.09000,0.77000,-0.55000,-2.34000,-2.51000,-2.05000,-2.27000,27508.00000
1.08000,0.77000,-0.54000,-1.87000,-2.23000,-2.07000,-2.28000,19324.00000
1.08000,0.77000,-0.53000,-2.06000,-2.45000,-2.10000,-2.31000,11104.00000
1.07000,0.78000,-0.52000,-1.84000,-2.26000,-2.13000,-2.33000,2976.00000
1.07000,0.78000,-0.52000,-1.84000,-2.23000,-2.17000,-2.36000,-5192.00000
1.06000,0.78000,-0.50000,-1.92000,-2.56000,-2.20000,-2.38000,-13320.00000
1.06000,0.78000,-0.50000,-2.15000,-2.45000,-2.25000,-2.41000,-21476.00000
1.05000,0.79000,-0.50000,-2.45000,-2.54000,-2.40000,-2.23000,-29676.00000
1.05000,0.79000,-0.49000,-2.51000,-2.62000,-2.40000,-2.22000,27648.00000
1.04000,0.79000,-0.49000,-2.70000,-2.70000,-2.39000,-2.21000,19476.00000
1.04000,0.79000,-0.50000,-2.59000,-2.15000,-2.39000,-2.21000,11352.00000
1.03000,0.80000,-0.50000,-2.45000,-2.40000,-2.41000,-2.24000,3144.00000
1.03000,0.80000,-0.50000,-2.31000,-2.34000,-2.41000,-2.24000,-4968.00000
1.02000,0.80000,-0.50000,-2.31000,-2.37000,-2.41000,-2.24000,-13132.00000
1.02000,0.81000,-0.50000,-2.31000,-2.31000,-2.41000,-2.24000,-21272.00000
1.01000,0.81000,-0.51000,-2.37000,-2.15000,-2.41000,-2.24000,-29444.00000
1.01000,0.81000,-0.51000,-2.56000,-2.26000,-2.24000,-2.41000,27896.00000
1.00000,0.81000,-0.51000,-2.62000,-2.45000,-2.22000,-2.40000,19692.00000
1.00000,0.82000,-0.51000,-2.31000,-2.37000,-2.21000,-2.39000,11516.00000
0.99000,0.82000,-0.51000,-2.26000,-2.48000,-2.21000,-2.39000,3296.00000
0.99000,0.82000,-0.50000,-2.01000,-2.59000,-2.22000,-2.40000,-4804.00000
0.98000,0.82000,-0.49000,-2.20000,-2.54000,-2.40000,-2.23000,-12940.00000
0.98000,0.83000,-0.49000,-2.23000,-2.48000,-2.39000,-2.21000,-21136.00000
0.97000,0.83000,-0.48000,-2.31000,-2.45000,-2.37000,-2.18000,-29348.00000
0.97000,0.83000,-0.49000,-2.51000,-2.37000,-2.35000,-2.16000,28012.00000
0.96000,0.83000,-0.49000,-2.15000,-2.15000,-2.23000,-2.40000,19832.00000
0.96000,0.84000,-0.48000,-2.12000,-2.37000,-2.23000,-2.40000,11672.00000
0.96000,0.84000,-0.48000,-2.01000,-1.92000,-2.25000,-2.41000,3508.00000
0.95000,0.84000,-0.48000,-1.92000,-1.95000,-2.24000,-2.41000,-4628.00000
0.95000,0.84000,-0.49000,-2.34000,-2.01000,-2.24000,-2.41000,-12720.00000
0.94000,0.85000,-0.49000,-2.17000,-2.15000,-2.22000,-2.39000,-20880.00000
0.94000,0.85000,-0.49000,-2.51000,-2.42000,-2.22000,-2.39000,-29072.00000
0.93000,0.85000,-0.49000,-2.56000,-2.51000,-2.21000,-2.39000,28264.00000
0.93000,0.85000,-0.49000,-2.29000,-2.34000,-2.20000,-2.38000,20064.00000
0.92000,0.86000,-0.49000,-2.37000,-2.51000,-2.21000,-2.39000,11912.00000
0.92000,0.86000,-0.49000,-2.12000,-1.95000,-2.22000,-2.39000,3744.00000
0.91000,0.86000,-0.49000,-2.09000,-2.29000,-2.20000,-2.38000,-4420.00000
0.91000,0.86000,-0.49000,-2.17000,-2.09000,-2.22000,-2.39000,-12520.00000
0.90000,0.87000,-0.49000,-1.95000,-2.15000,-2.21000,-2.39000,-20672.00000
0.90000,0.87000,-0.48000,-2.12000,-2.26000,-2.22000,-2.40000,-28852.00000
0.90000,0.87000,-0.49000,-2.15000,-2.03000,-2.23000,-2.40000,28532.00000
0.89000,0.87000,-0.48000,-2.26000,-2.29000,-2.23000,-2.40000,20308.00000
0.89000,0.88000,-0.48000,-2.37000,-2.42000,-2.23000,-2.40000,12176.00000
0.88000,0.88000,-0.47000,-1.84000,-2.37000,-2.23000,-2.40000,3992.00000
0.88000,0.88000,-0.46000,-2.15000,-2.59000,-2.40000,-2.23000,-4156.00000
0.87000,0.88000,-0.46000,-2.15000,-2.26000,-2.38000,-2.19000,-12244.00000
0.87000,0.89000,-0.47000,-2.26000,-2.06000,-2.37000,-2.18000,-20476.00000
0.86000,0.89000,-0.47000,-2.51000,-2.26000,-2.38000,-2.20000,-28632.00000
0.86000,0.89000,-0.48000,-2.23000,-1.81000,-2.39000,-2.22000,28732.00000
0.85000,0.89000,-0.48000,-2.43000,-2.26000,-2.41000,-2.24000,20520.00000
0.85000,0.90000,-0.49000,-2.65000,-2.37000,-2.24000,-2.41000,12368.00000
0.84000,0.90000,-0.49000,-2.40000,-2.51000,-2.22000,-2.39000,4168.00000
0.84000,0.90000,-0.48000,-2.42000,-2.59000,-2.23000,-2.40000,-3996.00000
0.83000,0.90000,-0.48000,-2.54000,-2.65000,-2.24000,-2.41000,-12132.00000
0.83000,0.91000,-0.48000,-2.31000,-2.34000,-2.25000,-2.41000,-20304.00000
0.82000,0.91000,-0.48000,-2.56000,-2.51000,-2.25000,-2.41000,-28548.00000
0.82000,0.91000,-0.48000,-2.56000,-2.56000,-2.24000,-2.41000,28812.00000
0.81000,0.92000,-0.48000,-2.17000,-2.29000,-2.24000,-2.41000,20672.00000
0.81000,0.92000,-0.47000,-2.06000,-2.56000,-2.41000,-2.25000,12460.00000
0.80000,0.92000,-0.46000,-2.12000,-2.70000,-2.39000,-2.21000,4308.00000
0.80000,0.92000,-0.45000,-1.92000,-2.29000,-2.35000,-2.15000,-3820.00000
0.79000,0.93000,-0.45000,-2.29000,-2.37000,-2.32000,-2.11000,-11992.00000
0.79000,0.93000,-0.44000,-2.09000,-2.40000,-2.31000,-2.10000,-20132.00000
0.78000,0.93000,-0.44000,-2.23000,-2.20000,-2.27000,-2.05000,-28340.00000
0.78000,0.93000,-0.45000,-2.45000,-2.40000,-2.26000,-2.04000,29048.00000
0.77000,0.93000,-0.45000,-2.17000,-1.95000,-2.25000,-2.03000,20872.00000
0.77000,0.94000,-0.46000,-2.34000,-1.90000,-2.26000,-2.04000,12668.00000
0.76000,0.94000,-0.46000,-2.26000,-2.03000,-2.29000,-2.07000,4532.00000
0.76000,0.94000,-0.47000,-2.12000,-1.81000,-2.29000,-2.08000,-3600.00000
0.75000,0.94000,-0.47000,-2.48000,-2.31000,-2.31000,-2.10000,-11700.00000
0.75000,0.95000,-0.47000,-2.29000,-2.12000,-2.31000,-2.10000,-19900.00000
0.74000,0.95000,-0.48000,-2.45000,-2.31000,-2.31000,-2.10000,-28116.00000
0.74000,0.95000,-0.48000,-2.56000,-2.34000,-2.31000,-2.10000,29268.00000
0.73000,0.95000,-0.48000,-2.23000,-2.17000,-2.31000,-2.10000,21064.00000
0.73000,0.96000,-0.48000,-2.34000,-2.34000,-2.07000,-2.29000,12876.00000
0.72000,0.96000,-0.49000,-2.37000,-2.09000,-2.07000,-2.28000,4792.00000
0.72000,0.96000,-0.48000,-1.73000,-1.95000,-2.03000,-2.25000,-3332.00000
0.72000,0.96000,-0.48000,-2.03000,-2.01000,-2.05000,-2.27000,-11452.00000
0.71000,0.97000,-0.48000,-1.81000,-1.87000,-2.05000,-2.26000,-19608.00000
0.71000,0.97000,-0.49000,-2.23000,-2.03000,-2.05000,-2.27000,-27784.00000
0.70000,0.97000,-0.49000,-2.15000,-2.12000,-2.02000,-2.24000,29596.00000
0.70000,0.97000,-0.48000,-2.29000,-2.45000,-2.01000,-2.24000,21400.00000
0.69000,0.98000,-0.48000,-2.37000,-2.40000,-2.02000,-2.25000,13240.00000
0.69000,0.98000,-0.48000,-2.15000,-2.26000,-2.02000,-2.24000,5048.00000
0.68000,0.98000,-0.48000,-2.37000,-2.56000,-2.03000,-2.25000,-3108.00000
0.68000,0.98000,-0.48000,-2.34000,-2.20000,-2.04000,-2.26000,-11208.00000
0.67000,0.98000,-0.48000,-2.01000,-1.90000,-2.02000,-2.25000,-19432.00000
0.67000,0.99000,-0.49000,-2.20000,-2.03000,-2.00000,-2.23000,-27580.00000
0.67000,0.99000,-0.49000,-1.81000,-1.81000,-1.97000,-2.20000,29812.00000
0.66000,0.99000,-0.48000,-2.15000,-2.20000,-1.96000,-2.20000,21676.00000
0.66000,0.99000,-0.48000,-2.23000,-2.23000,-1.96000,-2.20000,13520.00000
0.65000,1.00000,-0.48000,-2.15000,-2.31000,-1.95000,-2.19000,5368.00000
0.65000,1.00000,-0.48000,-2.34000,-2.37000,-1.96000,-2.20000,-2772.00000
0.64000,1.00000,-0.48000,-1.95000,-2.15000,-1.96000,-2.19000,-10928.00000
0.64000,1.00000,-0.48000,-2.34000,-2.43000,-1.97000,-2.21000,-19124.00000
0.63000,1.01000,-0.47000,-1.95000,-2.20000,-1.97000,-2.21000,-27264.00000
0.63000,1.01000,-0.46000,-1.81000,-2.26000,-2.00000,-2.23000,30064.00000
0.63000,1.01000,-0.45000,-1.67000,-2.23000,-2.04000,-2.26000,21912.00000
0.62000,1.01000,-0.44000,-1.51000,-2.01000,-2.10000,-2.31000,13736.00000
0.62000,1.01000,-0.43000,-1.67000,-2.43000,-2.15000,-2.34000,5540.00000
0.61000,1.02000,-0.42000,-2.12000,-2.40000,-2.21000,-2.39000,-2536.00000
0.61000,1.02000,-0.41000,-1.92000,-2.51000,-2.23000,-2.40000,-10680.00000
0.60000,1.02000,-0.40000,-2.17000,-2.87000,-2.40000,-2.23000,-18880.00000
0.60000,1.02000,-0.39000,-2.12000,-2.65000,-2.36000,-2.17000,-27028.00000
0.59000,1.03000,-0.38000,-2.09000,-2.20000,-2.32000,-2.11000,30296.00000
0.59000,1.03000,-0.39000,-2.29000,-2.20000,-2.30000,-2.09000,22096.00000
0.58000,1.03000,-0.39000,-2.20000,-1.84000,-2.30000,-2.10000,14008.00000
0.58000,1.03000,-0.40000,-2.17000,-2.01000,-2.33000,-2.13000,5808.00000
0.57000,1.03000,-0.40000,-2.37000,-2.12000,-2.34000,-2.14000,-2260.00000
0.57000,1.04000,-0.40000,-2.29000,-2.20000,-2.35000,-2.15000,-10440.00000
0.56000,1.04000,-0.41000,-2.54000,-2.42000,-2.35000,-2.16000,-18632.00000
0.56000,1.04000,-0.41000,-2.48000,-2.17000,-2.35000,-2.16000,-26808.00000
0.55000,1.04000,-0.41000,-2.15000,-2.12000,-2.37000,-2.18000,30516.00000
0.55000,1.04000,-0.41000,-2.34000,-2.34000,-2.37000,-2.18000,22324.00000
0.54000,1.05000,-0.41000,-2.26000,-2.17000,-2.37000,-2.18000,14224.00000
0.54000,1.05000,-0.41000,-2.29000,-2.29000,-2.37000,-2.18000,5976.00000
0.53000,1.05000,-0.42000,-2.56000,-2.40000,-2.36000,-2.18000,-2096.00000
0.53000,1.05000,-0.42000,-2.23000,-2.09000,-2.37000,-2.18000,-10252.00000
0.52000,1.06000,-0.42000,-2.15000,-2.31000,-2.37000,-2.19000,-18468.00000
0.52000,1.06000,-0.42000,-2.26000,-2.06000,-2.36000,-2.17000,-26648.00000
0.51000,1.06000,-0.42000,-2.03000,-2.01000,-2.37000,-2.18000,30732.00000
0.51000,1.06000,-0.43000,-2.37000,-2.09000,-2.36000,-2.17000,22544.00000
0.50000,1.06000,-0.43000,-2.45000,-2.17000,-2.37000,-2.19000,14384.00000
0.50000,1.07000,-0.43000,-2.29000,-2.42000,-2.11000,-2.32000,6188.00000
0.49000,1.07000,-0.43000,-2.40000,-2.29000,-2.12000,-2.32000,-1968.00000
0.49000,1.07000,-0.43000,-2.40000,-2.23000,-2.11000,-2.31000,-10092.00000
0.48000,1.07000,-0.43000,-2.23000,-2.23000,-2.09000,-2.30000,-18272.00000
0.48000,1.08000,-0.44000,-2.40000,-2.12000,-2.08000,-2.29000,-26432.00000
0.47000,1.08000,-0.44000,-2.31000,-2.40000,-2.04000,-2.26000,30960.00000
0.47000,1.08000,-0.44000,-2.26000,-2.26000,-2.05000,-2.27000,22788.00000
0.46000,1.08000,-0.44000,-2.29000,-2.04000,-2.04000,-2.26000,14616.00000
0.46000,1.08000,-0.44000,-2.23000,-2.29000,-2.01000,-2.23000,6492.00000
0.46000,1.09000,-0.44000,-2.06000,-1.95000,-2.01000,-2.23000,-1620.00000
0.45000,1.09000,-0.44000,-2.17000,-2.34000,-1.98000,-2.22000,-9764.00000
0.45000,1.09000,-0.44000,-2.29000,-2.40000,-2.00000,-2.23000,-17876.00000
0.44000,1.09000,-0.44000,-2.29000,-2.34000,-2.01000,-2.23000,-26072.00000
0.44000,1.10000,-0.43000,-1.90000,-2.45000,-2.00000,-2.23000,31300.00000
0.43000,1.10000,-0.42000,-1.95000,-2.37000,-2.07000,-2.28000,23132.00000
0.43000,1.10000,-0.41000,-1.67000,-2.20000,-2.11000,-2.31000,14984.00000
0.42000,1.10000,-0.40000,-2.09000,-2.34000,-2.16000,-2.35000,6780.00000
0.42000,1.10000,-0.40000,-2.01000,-2.28000,-2.18000,-2.36000,-1288.00000
0.41000,1.11000,-0.39000,-2.06000,-2.31000,-2.20000,-2.38000,-9476.00000
0.41000,1.11000,-0.39000,-2.40000,-2.56000,-2.22000,-2.39000,-17596.00000
0.40000,1.11000,-0.39000,-2.06000,-2.09000,-2.23000,-2.40000,-25792.00000
0.40000,1.11000,-0.39000,-2.23000,-2.31000,-2.23000,-2.40000,31548.00000
0.39000,1.11000,-0.38000,-2.12000,-2.31000,-2.23000,-2.40000,23396.00000
0.39000,1.12000,-0.38000,-1.95000,-1.92000,-2.25000,-2.41000,15176.00000
0.38000,1.12000,-0.38000,-2.15000,-2.45000,-2.25000,-2.41000,7020.00000
0.38000,1.12000,-0.38000,-2.15000,-2.20000,-2.40000,-2.23000,-1136.00000
0.37000,1.12000,-0.38000,-2.56000,-2.45000,-2.40000,-2.22000,-9320.00000
0.37000,1.12000,-0.38000,-2.62000,-2.62000,-2.40000,-2.23000,-17420.00000
0.36000,1.13000,-0.38000,-2.51000,-2.34000,-2.40000,-2.23000,-25584.00000
0.36000,1.13000,-0.38000,-2.45000,-2.45000,-2.41000,-2.24000,31728.00000
0.35000,1.13000,-0.38000,-2.34000,-2.51000,-2.41000,-2.24000,23592.00000
0.35000,1.13000,-0.38000,-2.12000,-2.01000,-2.40000,-2.23000,15404.00000
0.34000,1.13000,-0.38000,-2.34000,-2.20000,-2.41000,-2.24000,7196.00000
0.34000,1.14000,-0.38000,-2.17000,-2.31000,-2.41000,-2.25000,-900.00000
0.33000,1.14000,-0.38000,-2.17000,-2.15000,-2.41000,-2.24000,-9040.00000
0.33000,1.14000,-0.38000,-2.65000,-2.51000,-2.41000,-2.24000,-17224.00000
0.32000,1.14000,-0.39000,-2.56000,-2.31000,-2.41000,-2.25000,-25412.00000
0.32000,1.14000,-0.39000,-2.23000,-2.20000,-2.23000,-2.40000,31888.00000
0.31000,1.15000,-0.38000,-2.26000,-2.54000,-2.23000,-2.40000,23696.00000
0.31000,1.15000,-0.38000,-2.01000,-2.09000,-2.25000,-2.41000,15552.00000
0.30000,1.15000,-0.39000,-2.26000,-1.98000,-2.41000,-2.24000,7324.00000
0.30000,1.15000,-0.39000,-2.45000,-2.23000,-2.23000,-2.40000,-768.00000
0.29000,1.15000,-0.40000,-2.26000,-1.95000,-2.22000,-2.39000,-8868.00000
0.29000,1.16000,-0.40000,-2.54000,-2.51000,-2.19000,-2.37000,-17032.00000
0.28000,1.16000,-0.40000,-2.59000,-2.40000,-2.18000,-2.37000,-25184.00000
0.28000,1.16000,-0.40000,-2.17000,-2.12000,-2.15000,-2.35000,32104.00000
0.27000,1.16000,-0.40000,-2.31000,-2.40000,-2.13000,-2.33000,23920.00000
0.27000,1.17000,-0.40000,-2.15000,-2.12000,-2.03000,-2.25000,15788.00000
0.26000,1.17000,-0.40000,-2.29000,-2.34000,-2.02000,-2.24000,7568.00000
0.25000,1.17000,-0.40000,-2.62000,-2.56000,-2.02000,-2.24000,-524.00000
0.25000,1.17000,-0.40000,-2.48000,-2.42000,-2.01000,-2.23000,-8628.00000
0.24000,1.17000,-0.40000,-2.12000,-2.48000,-1.99000,-2.22000,-16796.00000
0.24000,1.18000,-0.39000,-2.29000,-2.59000,-2.03000,-2.25000,-24984.00000
0.23000,1.18000,-0.38000,-1.70000,-2.20000,-2.06000,-2.28000,32408.00000
0.23000,1.18000,-0.38000,-1.98000,-2.26000,-2.11000,-2.32000,24196.00000
0.22000,1.18000,-0.37000,-2.06000,-2.37000,-2.14000,-2.34000,16044.00000
0.22000,1.18000,-0.37000,-2.12000,-2.37000,-2.16000,-2.35000,7840.00000
0.22000,1.19000,-0.36000,-2.01000,-2.37000,-2.18000,-2.37000,-284.00000
0.21000,1.19000,-0.36000,-2.17000,-2.29000,-2.21000,-2.39000,-8392.00000
0.21000,1.19000,-0.36000,-2.23000,-2.12000,-2.22000,-2.39000,-16536.00000
0.20000,1.19000,-0.36000,-2.15000,-2.26000,-2.21000,-2.39000,-24756.00000
0.20000,1.19000,-0.36000,-2.23000,-2.20000,-2.22000,-2.39000,32600.00000
0.19000,1.20000,-0.35000,-2.15000,-2.42000,-2.21000,-2.39000,24380.00000
0.18000,1.20000,-0.35000,-2.40000,-2.56000,-2.23000,-2.40000,16200.00000
0.18000,1.20000,-0.35000,-2.42000,-2.37000,-2.25000,-2.41000,8044.00000
0.17000,1.20000,-0.35000,-2.20000,-2.23000,-2.24000,-2.41000,-132.00000
0.17000,1.20000,-0.35000,-2.37000,-2.51000,-2.24000,-2.41000,-8236.00000
0.16000,1.20000,-0.34000,-2.29000,-2.37000,-2.41000,-2.24000,-16348.00000
0.16000,1.21000,-0.34000,-2.20000,-2.40000,-2.41000,-2.24000,-24572.00000
0.15000,1.21000,-0.34000,-2.54000,-2.54000,-2.40000,-2.22000,32756.00000
0.15000,1.21000,-0.34000,-2.42000,-2.37000,-2.40000,-2.22000,24632.00000
0.14000,1.21000,-0.34000,-2.20000,-2.26000,-2.40000,-2.23000,16412.00000
0.14000,1.21000,-0.34000,-2.26000,-2.40000,-2.39000,-2.22000,8220.00000
0.13000,1.22000,-0.34000,-2.09000,-2.03000,-2.39000,-2.21000,132.00000
0.13000,1.22000,-0.34000,-2.15000,-2.17000,-2.39000,-2.21000,-7984.00000
0.12000,1.22000,-0.34000,-2.45000,-2.29000,-2.39000,-2.21000,-16092.00000
0.12000,1.22000,-0.34000,-2.09000,-2.23000,-2.39000,-2.22000,-24316.00000
0.11000,1.22000,-0.34000,-2.26000,-2.37000,-2.39000,-2.21000,-32524.00000
0.11000,1.22000,-0.34000,-2.20000,-1.95000,-2.38000,-2.19000,24880.00000
0.10000,1.23000,-0.34000,-2.09000,-1.95000,-2.39000,-2.21000,16688.00000
0.10000,1.23000,-0.35000,-2.43000,-2.17000,-2.40000,-2.22000,8520.00000
0.09000,1.23000,-0.35000,-2.40000,-2.26000,-2.41000,-2.24000,388.00000
0.09000,1.23000,-0.35000,-2.59000,-2.43000,-2.41000,-2.25000,-7704.00000
0.08000,1.23000,-0.36000,-2.81000,-2.37000,-2.24000,-2.41000,-15832.00000
0.08000,1.24000,-0.37000,-2.62000,-2.40000,-2.20000,-2.38000,-24052.00000
0.07000,1.24000,-0.36000,-2.31000,-2.48000,-2.18000,-2.37000,-32228.00000
0.07000,1.24000,-0.36000,-2.31000,-2.34000,-2.19000,-2.37000,25108.00000
0.06000,1.24000,-0.36000,-2.26000,-2.37000,-2.19000,-2.37000,16916.00000
0.05000,1.24000,-0.36000,-2.54000,-2.54000,-2.19000,-2.37000,8712.00000
0.05000,1.25000,-0.36000,-2.56000,-2.45000,-2.18000,-2.37000,640.00000
0.04000,1.25000,-0.36000,-2.37000,-2.48000,-2.16000,-2.36000,-7464.00000
0.04000,1.25000,-0.35000,-2.15000,-2.51000,-2.16000,-2.35000,-15608.00000
0.03000,1.25000,-0.35000,-2.12000,-2.48000,0.57000,-0.56000,-23804.00000
0.03000,1.25000,-0.32000,-0.53000,-1.84000,0.57000,-0.55000,-31996.00000
0.03000,1.25000,-0.30000,0.00000,-1.00000,0.56000,-0.52000,25452.00000
0.03000,1.25000,-0.29000,-0.17000,-0.59000,0.56000,-0.49000,17472.00000
0.03000,1.25000,-0.29000,0.00000,0.00000,0.57000,-0.47000,9440.00000
0.03000,1.25000,-0.29000,0.00000,0.00000,0.57000,-0.47000,1692.00000
0.03000,1.25000,-0.29000,0.00000,0.00000,0.57000,-0.47000,-6076.00000
0.03000,1.25000,-0.29000,0.00000,0.00000,0.57000,-0.47000,-13836.00000
0.03000,1.25000,-0.29000,0.00000,0.00000,0.57000,-0.47000,-21640.00000
0.03000,1.25000,-0.29000,0.00000,0.00000,0.57000,-0.47000,-29456.00000
0.03000,1.25000,-0.30000,-0.03000,0.00000,0.57000,-0.47000,28276.00000
0.03000,1.25000,-0.30000,0.00000,0.00000,0.57000,-0.48000,20328.00000
0.03000,1.25000,-0.30000,0.00000,0.00000,0.57000,-0.48000,12528.00000
0.03000,1.25000,-0.30000,0.00000,0.00000,0.57000,-0.48000,4732.00000
0.03000,1.25000,-0.30000,0.00000,0.00000,0.57000,-0.48000,-3036.00000
0.03000,1.25000,-0.30000,0.00000,0.00000,0.57000,-0.48000,-10796.00000
0.03000,1.25000,-0.29000,0.00000,-0.45000,0.57000,-0.48000,-18584.00000
0.03000,1.25000,-0.28000,0.00000,-0.42000,0.58000,-0.45000,-26604.00000
0.03000,1.25000,-0.28000,0.00000,0.00000,0.58000,-0.43000,30952.00000
0.03000,1.25000,-0.28000,0.00000,0.00000,0.58000,-0.43000,23160.00000
0.03000,1.25000,-0.28000,0.00000,0.00000,0.58000,-0.43000,15344.00000
0.03000,1.25000,-0.28000,0.00000,0.00000,0.58000,-0.43000,7536.00000
0.03000,1.25000,-0.28000,0.00000,0.00000,0.58000,-0.43000,-216.00000
0.03000,1.25000,-0.28000,0.00000,0.00000,0.58000,-0.43000,-7944.00000
0.03000,1.25000,-0.28000,0.00000,0.00000,0.58000,-0.43000,-15700.00000
0.03000,1.25000,-0.28000,0.00000,0.00000,0.58000,-0.43000,-23508.00000
0.03000,1.25000,-0.28000,0.00000,0.00000,0.58000,-0.43000,-31316.00000
0.03000,1.25000,-0.28000,0.00000,0.00000,0.58000,-0.43000,26412.00000
0.03000,1.25000,-0.28000,0.00000,0.00000,0.58000,-0.43000,18608.00000
0.03000,1.25000,-0.28000,0.00000,0.00000,0.58000,-0.43000,10812.00000
0.03000,1.25000,-0.28000,0.00000,0.00000,0.58000,-0.43000,3004.00000
0.03000,1.25000,-0.28000,0.00000,0.00000,0.58000,-0.43000,-4756.00000
0.03000,1.25000,-0.28000,0.00000,0.00000,0.58000,-0.43000,-12516.00000
0.03000,1.25000,-0.28000,0.00000,0.00000,0.58000,-0.43000,-20332.00000
0.03000,1.25000,-0.28000,0.00000,0.00000,0.58000,-0.43000,-28140.00000
0.03000,1.25000,-0.28000,0.00000,0.00000,0.58000,-0.43000,29584.00000
0.03000,1.25000,-0.28000,0.00000,0.00000,0.58000,-0.43000,21780.00000
0.03000,1.25000,-0.28000,0.00000,0.00000,0.58000,-0.43000,13992.00000
0.03000,1.25000,-0.28000,0.00000,0.00000,0.58000,-0.43000,6184.00000
0.03000,1.25000,-0.28000,0.00000,0.00000,0.58000,-0.43000,-1568.00000
0.03000,1.25000,-0.28000,0.00000,0.00000,0.58000,-0.43000,-9332.00000
0.03000,1.25000,-0.28000,0.00000,0.00000,0.58000,-0.43000,-17096.00000
0.03000,1.25000,-0.28000,0.00000,0.00000,0.58000,-0.43000,-24900.00000
0.03000,1.25000,-0.28000,0.00000,0.00000,0.58000,-0.43000,-32708.00000
0.03000,1.25000,-0.28000,0.00000,0.00000,0.58000,-0.43000,25028.00000
0.03000,1.25000,-0.28000,0.00000,0.00000,0.58000,-0.43000,17228.00000
0.03000,1.25000,-0.28000,0.00000,0.00000,0.58000,-0.43000,9420.00000
0.03000,1.25000,-0.28000,0.00000,-0.03000,0.58000,-0.43000,1668.00000
0.03000,1.25000,-0.27000,0.00000,-0.36000,0.58000,-0.43000,-6232.00000
0.03000,1.26000,-0.24000,0.03000,-1.59000,0.60000,-0.40000,-14180.00000
0.02000,1.26000,-0.18000,0.00000,-3.07000,0.68000,-0.25000,-22260.00000
0.02000,1.26000,-0.11000,0.00000,-3.40000,1.06000,0.37000,-30312.00000
0.01000,1.26000,-0.05000,0.00000,-3.35000,1.66000,1.36000,27172.00000
0.01000,1.26000,-0.02000,0.00000,-1.59000,2.16000,2.02000,19080.00000
0.01000,1.26000,-0.02000,0.00000,-0.03000,2.28000,2.22000,11072.00000
0.01000,1.26000,-0.02000,0.03000,0.00000,2.28000,2.23000,3100.00000
0.01000,1.26000,-0.02000,0.00000,0.00000,2.29000,2.23000,-4808.00000
0.01000,1.26000,-0.02000,0.00000,0.00000,2.29000,2.23000,-12568.00000
0.01000,1.26000,-0.02000,0.00000,0.00000,2.29000,2.23000,-20392.00000
0.01000,1.26000,-0.02000,0.00000,0.00000,2.29000,2.23000,-28212.00000
0.01000,1.26000,-0.02000,0.03000,-0.08000,2.29000,2.23000,29508.00000
0.01000,1.26000,-0.01000,0.33000,0.00000,2.29000,2.24000,21492.00000
0.01000,1.26000,0.01000,0.86000,0.00000,2.31000,2.27000,13520.00000
0.02000,1.26000,0.04000,1.81000,0.00000,2.31000,2.32000,5540.00000
0.02000,1.26000,0.09000,2.37000,0.00000,2.12000,2.22000,-2440.00000
0.02000,1.26000,0.14000,2.65000,0.00000,1.74000,1.95000,-10444.00000
0.02000,1.26000,0.19000,2.48000,0.00000,1.10000,1.48000,-18500.00000
0.03000,1.26000,0.22000,1.53000,0.00000,0.36000,1.06000,-26536.00000
0.03000,1.26000,0.23000,0.67000,0.00000,-0.01000,0.84000,31012.00000
0.03000,1.26000,0.23000,0.06000,0.00000,-0.13000,0.76000,23028.00000
0.03000,1.26000,0.23000,0.00000,0.00000,-0.13000,0.76000,15076.00000
0.03000,1.26000,0.23000,0.00000,0.00000,-0.13000,0.76000,7268.00000
0.03000,1.26000,0.23000,0.00000,0.00000,-0.13000,0.76000,-484.00000
0.03000,1.26000,0.23000,0.00000,0.00000,-0.13000,0.76000,-8200.00000
0.03000,1.26000,0.23000,0.00000,0.00000,-0.13000,0.76000,-15960.00000
0.03000,1.26000,0.23000,0.00000,0.00000,-0.13000,0.76000,-23764.00000
0.03000,1.26000,0.23000,0.00000,0.00000,-0.13000,0.76000,-31580.00000
0.03000,1.26000,0.23000,0.00000,0.00000,-0.13000,0.76000,26160.00000
0.03000,1.26000,0.23000,0.00000,0.00000,-0.13000,0.76000,18356.00000
0.03000,1.26000,0.23000,0.00000,0.00000,-0.13000,0.76000,10552.00000
0.03000,1.26000,0.23000,0.00000,0.00000,-0.13000,0.76000,2764.00000
0.03000,1.26000,0.23000,0.00000,0.00000,-0.13000,0.76000,-5004.00000
0.03000,1.26000,0.23000,0.00000,0.00000,-0.13000,0.76000,-12768.00000
0.03000,1.26000,0.23000,0.00000,0.00000,-0.13000,0.76000,-20568.00000
0.03000,1.26000,0.23000,0.00000,0.00000,-0.13000,0.76000,-28376.00000
0.03000,1.26000,0.23000,0.00000,0.00000,-0.13000,0.76000,29360.00000
0.03000,1.26000,0.23000,0.00000,0.00000,-0.13000,0.76000,21548.00000
0.03000,1.26000,0.23000,0.00000,0.00000,-0.13000,0.76000,13752.00000
0.03000,1.26000,0.23000,0.00000,0.00000,-0.13000,0.76000,5960.00000
0.03000,1.26000,0.23000,0.00000,0.00000,-0.13000,0.76000,-1804.00000
0.03000,1.26000,0.23000,0.00000,0.00000,-0.13000,0.76000,-9548.00000
0.03000,1.26000,0.23000,0.00000,0.00000,-0.13000,0.76000,-17328.00000
0.03000,1.26000,0.23000,0.00000,0.00000,-0.13000,0.76000,-25124.00000
0.03000,1.26000,0.23000,0.00000,0.00000,-0.13000,0.76000,32608.00000
0.03000,1.26000,0.23000,0.00000,0.00000,-0.13000,0.76000,24804.00000
0.03000,1.26000,0.23000,0.00000,0.00000,-0.13000,0.76000,17012.00000
0.03000,1.26000,0.23000,0.00000,0.00000,-0.13000,0.76000,9204.00000
0.03000,1.26000,0.23000,0.00000,0.00000,-0.13000,0.76000,1452.00000
0.03000,1.26000,0.23000,0.00000,0.00000,-0.13000,0.76000,-6300.00000
0.03000,1.26000,0.23000,0.00000,0.00000,-0.13000,0.76000,-14068.00000
0.03000,1.26000,0.23000,0.00000,0.00000,-0.13000,0.76000,-21872.00000
0.03000,1.26000,0.23000,0.00000,0.00000,-0.13000,0.76000,-29676.00000
0.03000,1.26000,0.23000,0.00000,0.00000,-0.13000,0.76000,28056.00000
0.03000,1.26000,0.23000,0.00000,0.00000,-0.13000,0.76000,20260.00000
0.03000,1.26000,0.23000,0.00000,0.03000,-0.13000,0.76000,12456.00000
0.03000,1.26000,0.23000,0.00000,0.00000,-0.13000,0.76000,4504.00000
0.03000,1.26000,0.23000,0.00000,0.00000,-0.13000,0.76000,-3248.00000
0.03000,1.26000,0.22000,0.00000,0.56000,-0.13000,0.76000,-10988.00000
0.03000,1.26000,0.21000,0.00000,0.33000,-0.03000,0.82000,-19020.00000
0.03000,1.26000,0.21000,0.00000,0.00000,0.03000,0.87000,-26972.00000
0.03000,1.26000,0.21000,0.00000,0.00000,0.03000,0.87000,30768.00000
0.03000,1.26000,0.21000,0.00000,0.00000,0.03000,0.87000,22992.00000
0.03000,1.26000,0.21000,0.00000,0.00000,0.03000,0.87000,15200.00000
0.03000,1.26000,0.21000,0.00000,0.03000,0.03000,0.87000,7416.00000
0.03000,1.26000,0.20000,0.00000,0.47000,0.04000,0.87000,-440.00000
0.03000,1.26000,0.19000,0.00000,0.89000,0.14000,0.94000,-8300.00000
0.03000,1.26000,0.16000,0.00000,1.39000,0.37000,1.06000,-16236.00000
0.03000,1.26000,0.13000,0.00000,1.53000,0.78000,1.29000,-24256.00000
0.04000,1.26000,0.10000,0.00000,1.65000,1.22000,1.57000,-32252.00000
0.04000,1.26000,0.06000,0.17000,2.01000,1.62000,1.86000,25248.00000
0.04000,1.26000,0.02000,0.14000,2.15000,1.96000,2.11000,17164.00000
0.04000,1.26000,-0.02000,0.31000,2.37000,2.22000,2.28000,9056.00000
0.05000,1.26000,-0.05000,1.09000,2.62000,2.29000,2.25000,1012.00000
0.05000,1.26000,-0.05000,2.42000,2.54000,2.19000,2.06000,-7040.00000
0.06000,1.26000,-0.04000,3.34000,2.87000,2.17000,2.05000,-15204.00000
0.07000,1.26000,-0.03000,3.54000,3.18000,2.22000,2.11000,-23364.00000
0.08000,1.26000,-0.03000,3.23000,3.12000,2.24000,2.15000,-31588.00000
0.08000,1.26000,-0.03000,2.70000,2.93000,2.25000,2.17000,25764.00000
0.09000,1.26000,-0.04000,2.45000,2.51000,2.23000,2.14000,17584.00000
0.09000,1.26000,-0.04000,2.15000,2.23000,2.23000,2.13000,9412.00000
0.10000,1.26000,-0.04000,2.06000,2.12000,2.22000,2.12000,1268.00000
0.10000,1.26000,-0.04000,2.06000,1.95000,2.22000,2.11000,-6800.00000
0.11000,1.26000,-0.04000,2.26000,2.23000,2.23000,2.13000,-14928.00000
0.12000,1.26000,-0.04000,2.45000,2.51000,2.23000,2.13000,-23092.00000
0.12000,1.26000,-0.04000,2.59000,2.54000,2.22000,2.12000,-31300.00000
0.13000,1.26000,-0.03000,2.70000,2.65000,2.23000,2.13000,26040.00000
0.13000,1.26000,-0.03000,2.51000,2.54000,2.23000,2.13000,17860.00000
0.14000,1.26000,-0.03000,2.34000,2.31000,2.23000,2.13000,9688.00000
0.14000,1.26000,-0.04000,2.06000,2.37000,2.23000,2.13000,1528.00000
0.15000,1.26000,-0.04000,2.12000,2.20000,2.20000,2.09000,-6540.00000
0.15000,1.26000,-0.04000,1.90000,1.95000,2.20000,2.08000,-14632.00000
0.16000,1.26000,-0.04000,2.03000,2.03000,2.19000,2.07000,-22776.00000
0.16000,1.26000,-0.04000,1.87000,1.90000,2.19000,2.07000,-30872.00000
0.17000,1.26000,-0.04000,2.03000,2.01000,2.19000,2.07000,26504.00000
0.17000,1.26000,-0.04000,1.98000,2.03000,2.19000,2.07000,18376.00000
0.18000,1.26000,-0.04000,2.01000,2.01000,2.18000,2.06000,10220.00000
0.18000,1.26000,-0.04000,2.15000,2.17000,2.18000,2.06000,2136.00000
0.19000,1.26000,-0.05000,2.01000,2.09000,2.18000,2.06000,-5976.00000
0.19000,1.25000,-0.05000,2.17000,2.23000,2.17000,2.04000,-14108.00000
0.20000,1.25000,-0.05000,2.09000,2.20000,2.16000,2.03000,-22272.00000
0.20000,1.25000,-0.05000,2.31000,2.23000,2.15000,2.02000,-30424.00000
0.21000,1.25000,-0.05000,2.29000,2.31000,2.16000,2.03000,26968.00000
0.21000,1.25000,-0.05000,2.15000,2.17000,2.16000,2.02000,18792.00000
0.22000,1.25000,-0.05000,2.40000,2.37000,2.15000,2.02000,10620.00000
0.23000,1.25000,-0.05000,2.31000,2.31000,2.15000,2.02000,2456.00000
0.23000,1.25000,-0.05000,2.20000,2.15000,2.15000,2.02000,-5636.00000
0.24000,1.25000,-0.04000,2.31000,2.17000,2.16000,2.03000,-13724.00000
0.24000,1.25000,-0.04000,2.09000,2.06000,2.17000,2.04000,-21892.00000
0.25000,1.25000,-0.04000,2.23000,2.26000,2.17000,2.05000,-30068.00000
0.25000,1.25000,-0.05000,2.03000,2.17000,2.17000,2.04000,27348.00000
0.26000,1.25000,-0.05000,1.87000,2.01000,2.16000,2.02000,19168.00000
0.26000,1.25000,-0.05000,2.01000,1.95000,2.14000,2.00000,11028.00000
0.27000,1.25000,-0.04000,1.92000,1.70000,2.15000,2.01000,2884.00000
0.27000,1.25000,-0.04000,2.06000,1.95000,2.17000,2.04000,-5192.00000
0.27000,1.25000,-0.04000,2.03000,1.78000,2.18000,2.05000,-13336.00000
0.28000,1.25000,-0.03000,2.20000,2.06000,2.20000,2.09000,-21476.00000
0.28000,1.25000,-0.03000,2.01000,1.81000,2.21000,2.11000,-29632.00000
0.29000,1.25000,-0.03000,2.03000,2.03000,2.23000,2.13000,27740.00000
0.29000,1.25000,-0.03000,2.01000,1.73000,2.23000,2.13000,19648.00000
0.30000,1.25000,-0.02000,2.09000,2.01000,2.25000,2.16000,11496.00000
0.30000,1.25000,-0.02000,2.26000,1.92000,2.25000,2.17000,3376.00000
0.31000,1.25000,-0.02000,2.20000,2.12000,2.27000,2.21000,-4752.00000
0.31000,1.25000,-0.01000,2.37000,2.06000,2.28000,2.22000,-12868.00000
0.32000,1.25000,-0.00000,2.65000,2.23000,2.30000,2.25000,-21052.00000
0.33000,1.25000,0.00000,2.59000,2.48000,2.31000,2.29000,-29204.00000
0.33000,1.25000,0.00000,2.59000,2.45000,2.32000,2.30000,28180.00000
0.34000,1.25000,0.01000,2.59000,2.40000,2.32000,2.31000,20040.00000
0.34000,1.25000,0.01000,2.26000,2.28000,2.33000,2.33000,11900.00000
0.35000,1.25000,0.00000,2.15000,2.23000,2.33000,2.32000,3708.00000
0.35000,1.25000,0.01000,2.40000,2.31000,2.33000,2.32000,-4392.00000
0.36000,1.25000,0.00000,2.17000,2.31000,2.33000,2.32000,-12504.00000
0.36000,1.25000,0.01000,2.29000,2.06000,2.32000,2.31000,-20648.00000
0.37000,1.25000,0.01000,2.23000,2.06000,2.33000,2.33000,-28804.00000
0.37000,1.25000,0.01000,2.12000,2.03000,2.32000,2.33000,28576.00000
0.38000,1.25000,0.02000,2.23000,2.09000,2.31000,2.32000,20404.00000
0.38000,1.25000,0.01000,2.06000,2.15000,2.30000,2.32000,12296.00000
0.39000,1.25000,0.02000,2.23000,2.15000,2.30000,2.32000,4112.00000
0.40000,1.25000,0.02000,2.34000,2.34000,2.30000,2.32000,-3972.00000
0.40000,1.25000,0.01000,2.34000,2.40000,2.30000,2.32000,-12064.00000
0.41000,1.25000,0.01000,2.45000,2.45000,2.30000,2.32000,-20216.00000
0.41000,1.25000,0.01000,2.37000,2.45000,2.30000,2.32000,-28320.00000
0.42000,1.25000,0.01000,2.20000,2.31000,2.31000,2.32000,29044.00000
0.42000,1.25000,0.01000,2.45000,2.40000,2.32000,2.33000,20864.00000
0.43000,1.25000,0.01000,2.48000,2.56000,2.31000,2.32000,12712.00000
0.44000,1.25000,0.01000,2.51000,2.56000,2.32000,2.33000,4544.00000
0.44000,1.25000,0.01000,2.68000,2.48000,2.32000,2.33000,-3564.00000
0.45000,1.25000,0.01000,2.48000,2.48000,2.31000,2.32000,-11676.00000
0.45000,1.25000,0.01000,2.15000,2.40000,2.31000,2.32000,-19812.00000
0.46000,1.25000,0.00000,2.06000,2.45000,2.33000,2.33000,-28008.00000
0.46000,1.25000,-0.01000,2.01000,2.31000,2.32000,2.30000,29428.00000
0.47000,1.25000,-0.01000,2.23000,2.23000,2.31000,2.27000,21272.00000
0.47000,1.25000,-0.00000,2.31000,2.15000,2.31000,2.27000,13152.00000
0.48000,1.25000,0.00000,2.34000,2.20000,2.31000,2.29000,4984.00000
0.49000,1.25000,0.00000,2.42000,2.29000,2.32000,2.30000,-3132.00000
0.49000,1.25000,0.00000,2.37000,2.34000,2.32000,2.31000,-11252.00000
0.50000,1.25000,0.00000,2.15000,2.29000,2.32000,2.31000,-19416.00000
0.50000,1.25000,0.00000,2.31000,2.12000,2.32000,2.30000,-27580.00000
0.51000,1.25000,0.00000,2.15000,2.20000,2.33000,2.32000,29808.00000
0.51000,1.25000,0.01000,2.34000,2.15000,2.32000,2.31000,21644.00000
0.52000,1.25000,0.01000,2.59000,2.23000,2.33000,2.33000,13504.00000
0.52000,1.25000,0.02000,2.56000,2.31000,2.30000,2.32000,5372.00000
0.53000,1.25000,0.02000,2.59000,2.48000,2.28000,2.31000,-2760.00000
0.54000,1.25000,0.02000,2.65000,2.62000,2.27000,2.31000,-10872.00000
0.54000,1.25000,0.02000,2.45000,2.45000,2.27000,2.30000,-19060.00000
0.55000,1.25000,0.02000,2.37000,2.29000,2.27000,2.30000,-27216.00000
0.55000,1.25000,0.02000,2.26000,2.43000,2.26000,2.30000,30164.00000
0.56000,1.25000,0.02000,2.15000,2.29000,2.27000,2.31000,22032.00000
0.56000,1.25000,0.02000,2.15000,2.26000,2.29000,2.31000,13860.00000
0.57000,1.25000,0.02000,2.34000,2.17000,2.30000,2.32000,5700.00000
0.57000,1.25000,0.02000,2.03000,2.06000,2.28000,2.31000,-2396.00000
0.58000,1.25000,0.02000,2.20000,2.03000,2.28000,2.31000,-10524.00000
0.58000,1.25000,0.02000,2.15000,2.15000,2.27000,2.30000,-18656.00000
0.59000,1.25000,0.02000,2.17000,2.03000,2.27000,2.30000,-26800.00000
0.59000,1.25000,0.03000,2.40000,2.31000,2.25000,2.30000,30592.00000
0.60000,1.25000,0.02000,2.17000,2.23000,2.24000,2.29000,22452.00000
0.61000,1.25000,0.02000,2.31000,2.31000,2.25000,2.30000,14300.00000
0.61000,1.25000,0.02000,2.26000,2.29000,2.25000,2.30000,6176.00000
0.62000,1.25000,0.02000,2.23000,2.34000,2.25000,2.30000,-1944.00000
0.62000,1.25000,0.02000,2.31000,2.37000,2.26000,2.30000,-10084.00000
0.63000,1.25000,0.02000,2.15000,2.29000,2.27000,2.30000,-18204.00000
0.63000,1.25000,0.02000,2.34000,2.40000,2.28000,2.31000,-26400.00000
0.64000,1.25000,0.02000,2.48000,2.54000,2.29000,2.31000,30992.00000
0.64000,1.25000,0.02000,2.45000,2.51000,2.29000,2.31000,22804.00000
0.65000,1.25000,0.02000,2.54000,2.51000,2.29000,2.32000,14620.00000
0.66000,1.25000,0.02000,2.54000,2.51000,2.29000,2.32000,6456.00000
0.66000,1.25000,0.01000,2.12000,2.42000,2.29000,2.31000,-1660.00000
0.67000,1.25000,0.00000,1.92000,2.31000,2.32000,2.33000,-9824.00000
0.67000,1.25000,0.00000,2.20000,2.31000,2.32000,2.31000,-17916.00000
0.68000,1.25000,-0.00000,2.17000,2.26000,2.32000,2.30000,-26056.00000
0.68000,1.25000,0.00000,2.40000,2.12000,2.32000,2.30000,31328.00000
0.69000,1.25000,0.00000,2.29000,2.31000,2.33000,2.32000,23180.00000
0.69000,1.25000,0.00000,2.23000,2.29000,2.33000,2.32000,15024.00000
0.70000,1.25000,0.00000,2.31000,2.26000,2.32000,2.31000,6864.00000
0.70000,1.25000,0.00000,2.15000,2.29000,2.33000,2.32000,-1224.00000
0.71000,1.25000,0.01000,2.37000,2.09000,2.32000,2.30000,-9312.00000
0.72000,1.25000,0.01000,2.31000,2.17000,2.33000,2.33000,-17408.00000
0.72000,1.25000,0.01000,2.17000,2.17000,2.32000,2.33000,-25596.00000
0.73000,1.25000,0.01000,2.42000,2.17000,2.32000,2.33000,31812.00000
0.73000,1.25000,0.02000,2.40000,2.31000,2.30000,2.32000,23644.00000
0.74000,1.25000,0.02000,2.45000,2.29000,2.29000,2.32000,15480.00000
0.74000,1.25000,0.02000,2.54000,2.42000,2.28000,2.31000,7312.00000
0.75000,1.25000,0.02000,2.42000,2.40000,2.27000,2.30000,-824.00000
0.75000,1.26000,0.02000,2.34000,2.26000,2.26000,2.30000,-8900.00000
0.76000,1.26000,0.02000,2.34000,2.37000,2.25000,2.30000,-17020.00000
0.77000,1.26000,0.02000,2.20000,2.31000,2.26000,2.30000,-25164.00000
0.77000,1.26000,0.02000,2.03000,2.29000,2.27000,2.30000,32196.00000
0.78000,1.26000,0.02000,2.17000,2.20000,2.29000,2.32000,24048.00000
0.78000,1.26000,0.01000,1.98000,2.01000,2.29000,2.32000,15924.00000
0.79000,1.26000,0.02000,2.31000,2.01000,2.30000,2.32000,7740.00000
0.79000,1.26000,0.02000,2.09000,2.06000,2.27000,2.30000,-316.00000
0.80000,1.26000,0.03000,2.31000,2.09000,2.26000,2.30000,-8396.00000
0.80000,1.26000,0.03000,2.45000,2.29000,2.24000,2.29000,-16500.00000
0.81000,1.26000,0.03000,2.40000,2.26000,2.22000,2.28000,-24656.00000
0.81000,1.26000,0.03000,2.37000,2.40000,2.21000,2.27000,32688.00000
0.82000,1.26000,0.03000,2.29000,2.34000,2.21000,2.27000,24556.00000
0.82000,1.26000,0.03000,2.12000,2.26000,2.21000,2.28000,16392.00000
0.83000,1.26000,0.02000,2.17000,2.34000,2.23000,2.29000,8212.00000
0.83000,1.26000,0.02000,2.17000,2.20000,2.25000,2.29000,148.00000
0.84000,1.26000,0.02000,2.31000,2.31000,2.25000,2.30000,-7932.00000
0.85000,1.26000,0.02000,2.51000,2.59000,2.25000,2.30000,-16000.00000
0.85000,1.26000,0.02000,2.42000,2.56000,2.26000,2.30000,-24180.00000
0.86000,1.26000,0.02000,2.56000,2.45000,2.27000,2.31000,-32356.00000
0.86000,1.26000,0.02000,2.48000,2.43000,2.26000,2.30000,25000.00000
0.87000,1.26000,0.02000,2.09000,2.37000,2.25000,2.30000,16876.00000
0.87000,1.26000,0.01000,1.81000,2.26000,2.28000,2.31000,8724.00000
0.88000,1.26000,0.00000,1.98000,2.23000,2.32000,2.33000,632.00000
0.88000,1.26000,0.00000,2.09000,2.12000,2.33000,2.32000,-7428.00000
0.89000,1.26000,0.01000,2.29000,2.15000,2.33000,2.32000,-15508.00000
0.89000,1.26000,0.01000,2.37000,2.26000,2.33000,2.33000,-23688.00000
0.90000,1.26000,0.01000,2.51000,2.26000,2.32000,2.33000,-31840.00000
0.91000,1.26000,0.01000,2.45000,2.37000,2.30000,2.32000,25524.00000
0.91000,1.26000,0.01000,2.23000,2.31000,2.29000,2.32000,17360.00000
0.92000,1.26000,0.02000,2.34000,2.15000,2.30000,2.32000,9192.00000
0.92000,1.26000,0.02000,2.29000,2.26000,2.28000,2.31000,1108.00000
0.93000,1.26000,0.02000,2.31000,2.20000,2.28000,2.31000,-7036.00000
0.93000,1.26000,0.02000,2.51000,2.29000,2.27000,2.30000,-15168.00000
0.94000,1.26000,0.02000,2.45000,2.37000,2.24000,2.29000,-23312.00000
0.94000,1.26000,0.03000,2.42000,2.37000,2.24000,2.29000,-31496.00000
0.95000,1.26000,0.03000,2.54000,2.48000,2.23000,2.29000,25868.00000
0.96000,1.26000,0.03000,2.37000,2.37000,2.22000,2.28000,17708.00000
0.96000,1.26000,0.03000,2.34000,2.37000,2.22000,2.28000,9552.00000
0.97000,1.26000,0.02000,2.26000,2.48000,2.22000,2.28000,1464.00000
0.97000,1.26000,0.02000,2.20000,2.34000,2.25000,2.29000,-6632.00000
0.98000,1.26000,0.02000,2.20000,2.26000,2.26000,2.30000,-14748.00000
0.98000,1.26000,0.02000,2.31000,2.20000,2.27000,2.30000,-22916.00000
0.99000,1.26000,0.02000,1.98000,2.09000,2.25000,2.30000,-31048.00000
0.99000,1.26000,0.02000,2.17000,2.06000,2.26000,2.30000,26320.00000
1.00000,1.26000,0.02000,2.12000,2.06000,2.25000,2.30000,18244.00000
1.00000,1.26000,0.02000,2.15000,2.03000,2.25000,2.29000,10084.00000
1.01000,1.26000,0.02000,2.29000,2.31000,2.24000,2.29000,1952.00000
1.01000,1.26000,0.02000,2.01000,2.17000,2.24000,2.29000,-6156.00000
1.02000,1.26000,0.02000,2.23000,2.23000,2.25000,2.30000,-14276.00000
1.02000,1.26000,0.02000,2.06000,2.23000,2.25000,2.30000,-22388.00000
1.03000,1.26000,0.02000,2.23000,2.29000,2.27000,2.31000,-30528.00000
1.04000,1.26000,0.01000,2.17000,2.29000,2.28000,2.31000,26824.00000
1.04000,1.26000,0.01000,1.95000,2.34000,2.29000,2.31000,18676.00000
1.05000,1.26000,0.00000,2.34000,2.40000,2.32000,2.33000,10496.00000
1.05000,1.26000,0.00000,2.45000,2.59000,2.32000,2.33000,2380.00000
1.06000,1.26000,-0.00000,2.54000,2.68000,2.33000,2.33000,-5752.00000
1.06000,1.26000,0.00000,2.70000,2.68000,2.32000,2.31000,-13880.00000
1.07000,1.26000,-0.00000,2.40000,2.56000,2.33000,2.32000,-22068.00000
1.08000,1.26000,-0.01000,2.45000,2.59000,2.32000,2.30000,-30196.00000
1.08000,1.26000,-0.01000,2.12000,2.51000,2.31000,2.29000,27144.00000
1.09000,1.26000,-0.02000,2.09000,2.31000,2.30000,2.25000,18980.00000
1.09000,1.26000,-0.02000,2.15000,2.31000,2.28000,2.23000,10840.00000
1.10000,1.26000,-0.02000,2.34000,2.06000,2.27000,2.21000,2712.00000
1.10000,1.26000,-0.02000,2.31000,2.29000,2.29000,2.24000,-5428.00000
1.11000,1.26000,-0.01000,2.31000,2.26000,2.29000,2.24000,-13536.00000
1.11000,1.26000,-0.01000,2.31000,2.23000,2.29000,2.25000,-21720.00000
1.12000,1.26000,-0.01000,2.20000,2.31000,2.30000,2.25000,-29884.00000
1.12000,1.26000,-0.01000,2.29000,2.12000,2.29000,2.24000,27480.00000
1.13000,1.26000,-0.01000,2.31000,2.23000,2.30000,2.26000,19332.00000
1.14000,1.26000,-0.01000,2.23000,2.26000,2.30000,2.27000,11172.00000
1.14000,1.26000,-0.01000,2.45000,2.20000,2.30000,2.26000,3004.00000
1.15000,1.26000,-0.00000,2.45000,2.37000,2.31000,2.29000,-5136.00000
1.15000,1.26000,-0.00000,2.42000,2.45000,2.32000,2.29000,-13252.00000
1.16000,1.26000,-0.00000,2.62000,2.54000,2.32000,2.29000,-21428.00000
1.16000,1.26000,-0.00000,2.48000,2.37000,2.32000,2.30000,-29612.00000
1.17000,1.26000,0.00000,2.40000,2.37000,2.32000,2.31000,27728.00000
1.18000,1.26000,0.00000,2.37000,2.29000,2.32000,2.31000,19540.00000
1.18000,1.26000,-0.00000,2.23000,2.43000,2.33000,2.32000,11408.00000
1.19000,1.26000,-0.00000,2.12000,2.23000,2.32000,2.30000,3244.00000
1.19000,1.26000,0.00000,2.31000,1.98000,2.32000,2.29000,-4868.00000
1.20000,1.26000,0.00000,2.06000,2.06000,2.33000,2.32000,-12968.00000
1.20000,1.26000,0.01000,2.29000,1.90000,2.33000,2.32000,-21092.00000
1.21000,1.26000,0.02000,2.20000,1.92000,2.31000,2.32000,-29212.00000
1.21000,1.26000,0.02000,2.09000,1.92000,2.28000,2.31000,28152.00000
1.22000,1.26000,0.02000,2.29000,2.12000,2.27000,2.31000,20004.00000
1.22000,1.26000,0.02000,2.15000,2.26000,2.25000,2.30000,11856.00000
1.23000,1.26000,0.02000,2.17000,2.12000,2.26000,2.30000,3688.00000
1.23000,1.26000,0.02000,2.17000,2.20000,2.26000,2.30000,-4404.00000
1.24000,1.26000,0.02000,2.23000,2.48000,2.26000,2.30000,-12504.00000
1.24000,1.26000,0.01000,2.40000,2.48000,2.28000,2.31000,-20688.00000
1.25000,1.26000,0.01000,2.26000,2.56000,2.29000,2.31000,-28804.00000
1.26000,1.26000,0.01000,2.54000,2.62000,2.32000,2.33000,28540.00000
1.26000,1.26000,0.01000,2.62000,2.65000,2.32000,2.33000,20384.00000
1.27000,1.26000,0.00000,2.54000,2.62000,2.32000,2.33000,12176.00000
1.27000,1.26000,0.00000,2.48000,2.51000,2.33000,2.33000,4008.00000
1.28000,1.26000,0.00000,2.43000,2.40000,2.33000,2.33000,-4136.00000
1.28000,1.26000,0.00000,2.23000,2.40000,2.33000,2.33000,-12224.00000
1.29000,1.26000,-0.01000,1.98000,2.31000,2.32000,2.32000,-20384.00000
1.30000,1.26000,-0.00000,2.12000,2.06000,2.31000,2.29000,-28588.00000
1.30000,1.26000,-0.01000,2.12000,2.23000,2.32000,2.29000,28784.00000
1.31000,1.26000,-0.00000,2.34000,2.06000,2.31000,2.28000,20644.00000
1.31000,1.26000,-0.00000,2.29000,2.34000,2.32000,2.30000,12492.00000
1.32000,1.26000,-0.01000,2.17000,2.31000,2.32000,2.30000,4320.00000
1.32000,1.26000,-0.00000,2.34000,2.29000,2.31000,2.29000,-3812.00000
1.33000,1.26000,-0.01000,2.20000,2.31000,2.32000,2.29000,-11932.00000
1.33000,1.26000,-0.00000,2.34000,2.17000,2.31000,2.28000,-20112.00000
1.34000,1.26000,-0.00000,2.34000,2.31000,2.32000,2.30000,-28272.00000
1.34000,1.26000,-0.00000,2.34000,2.40000,2.32000,2.30000,29096.00000
1.35000,1.26000,0.00000,2.45000,2.26000,2.32000,2.29000,20940.00000
1.36000,1.26000,0.00000,2.51000,2.42000,2.32000,2.31000,12768.00000
1.36000,1.26000,0.00000,2.42000,2.51000,2.33000,2.32000,4620.00000
1.37000,1.26000,0.00000,2.59000,2.56000,2.32000,2.31000,-3508.00000
1.37000,1.26000,0.00000,2.56000,2.40000,2.32000,2.31000,-11608.00000
1.38000,1.26000,0.00000,2.34000,2.37000,2.33000,2.33000,-19784.00000
1.38000,1.26000,0.00000,2.26000,2.34000,2.33000,2.32000,-27944.00000
1.39000,1.26000,0.00000,2.34000,2.43000,2.33000,2.32000,29408.00000
1.40000,1.26000,-0.00000,2.17000,2.31000,2.32000,2.31000,21272.00000
1.40000,1.26000,0.00000,2.23000,2.03000,2.32000,2.30000,13128.00000
1.41000,1.26000,0.00000,2.15000,2.06000,2.32000,2.31000,4992.00000
1.41000,1.26000,0.00000,2.06000,2.03000,2.33000,2.32000,-3132.00000
1.42000,1.26000,0.01000,2.26000,2.03000,2.33000,2.32000,-11228.00000
1.42000,1.26000,0.00000,2.01000,2.17000,2.32000,2.33000,-19384.00000
1.43000,1.26000,0.01000,2.26000,2.15000,2.33000,2.33000,-27536.00000
1.43000,1.26000,0.00000,2.20000,2.37000,2.32000,2.33000,29824.00000
1.44000,1.26000,0.00000,2.29000,2.40000,2.33000,2.32000,21676.00000
1.44000,1.26000,0.00000,2.42000,2.48000,2.32000,2.31000,13512.00000
1.45000,1.26000,-0.00000,2.29000,2.51000,2.32000,2.31000,5348.00000
1.45000,1.26000,-0.01000,2.29000,2.40000,2.31000,2.29000,-2760.00000
1.46000,1.26000,-0.00000,2.51000,2.37000,2.31000,2.28000,-10900.00000
1.47000,1.26000,-0.01000,2.48000,2.56000,2.31000,2.29000,-19064.00000
1.47000,1.26000,-0.01000,2.40000,2.56000,2.31000,2.28000,-27252.00000
1.48000,1.26000,-0.01000,2.51000,2.34000,2.30000,2.27000,30100.00000
1.48000,1.26000,-0.01000,2.40000,2.40000,2.31000,2.28000,21920.00000
1.49000,1.26000,-0.01000,2.31000,2.31000,2.31000,2.28000,13792.00000
1.49000,1.26000,-0.01000,2.26000,2.29000,2.31000,2.28000,5652.00000
1.50000,1.26000,-0.02000,1.92000,2.43000,2.31000,2.28000,-2440.00000
1.50000,1.26000,-0.01000,2.20000,2.12000,2.28000,2.23000,-10516.00000
1.51000,1.26000,-0.01000,2.17000,2.15000,2.29000,2.23000,-18732.00000
1.51000,1.26000,-0.01000,2.31000,2.20000,2.29000,2.24000,-26872.00000
1.52000,1.26000,-0.01000,2.37000,2.15000,2.29000,2.25000,30488.00000
1.53000,1.26000,-0.01000,2.17000,2.31000,2.30000,2.27000,22344.00000
1.53000,1.26000,-0.01000,2.29000,2.20000,2.30000,2.25000,14168.00000
1.54000,1.26000,-0.00000,2.29000,2.09000,2.30000,2.26000,6016.00000
1.54000,1.26000,-0.00000,2.23000,2.15000,2.31000,2.28000,-2100.00000
1.55000,1.26000,0.00000,2.37000,2.17000,2.31000,2.29000,-10224.00000
1.55000,1.26000,0.00000,2.29000,2.31000,2.32000,2.30000,-18376.00000
1.56000,1.26000,0.00000,2.42000,2.23000,2.32000,2.30000,-26536.00000
1.56000,1.26000,0.01000,2.56000,2.34000,2.33000,2.32000,30836.00000
1.57000,1.26000,0.01000,2.45000,2.51000,2.33000,2.33000,22664.00000
1.58000,1.26000,0.01000,2.59000,2.48000,2.33000,2.33000,14484.00000
1.58000,1.26000,0.01000,2.70000,2.48000,2.32000,2.33000,6316.00000
1.59000,1.26000,0.02000,2.54000,2.45000,2.30000,2.32000,-1788.00000
1.59000,1.26000,0.01000,2.15000,2.40000,2.30000,2.32000,-9928.00000
1.60000,1.26000,0.01000,2.20000,2.45000,2.32000,2.33000,-18072.00000
1.60000,1.26000,0.00000,2.17000,2.31000,2.33000,2.32000,-26212.00000
1.61000,1.26000,0.00000,2.15000,2.17000,2.32000,2.31000,31156.00000
1.61000,1.26000,0.01000,2.34000,2.09000,2.32000,2.31000,23012.00000
1.62000,1.26000,0.01000,2.06000,2.15000,2.33000,2.33000,14856.00000
1.62000,1.26000,0.01000,2.20000,2.06000,2.33000,2.32000,6716.00000
1.63000,1.26000,0.01000,2.26000,2.26000,2.33000,2.33000,-1384.00000
1.64000,1.26000,0.00000,2.06000,2.26000,2.33000,2.33000,-9444.00000
1.64000,1.26000,0.00000,2.29000,2.37000,2.33000,2.32000,-17600.00000
1.65000,1.26000,0.00000,2.29000,2.42000,2.32000,2.31000,-25752.00000
1.65000,1.26000,0.00000,2.51000,2.51000,2.32000,2.30000,31600.00000
1.66000,1.26000,0.00000,2.54000,2.48000,2.32000,2.30000,23496.00000
1.66000,1.26000,-0.00000,2.31000,2.65000,2.32000,2.30000,15348.00000
1.67000,1.26000,-0.01000,2.45000,2.51000,2.31000,2.27000,7180.00000
1.68000,1.26000,-0.01000,2.54000,2.54000,2.30000,2.27000,-972.00000
1.68000,1.26000,-0.01000,2.40000,2.56000,2.30000,2.27000,-9028.00000
1.69000,1.26000,-0.01000,2.45000,2.48000,2.30000,2.25000,-17168.00000
1.69000,1.26000,-0.01000,2.48000,2.31000,2.29000,2.24000,-25328.00000
1.70000,1.26000,-0.01000,2.23000,2.45000,2.30000,2.26000,32024.00000
1.70000,1.26000,-0.02000,1.92000,2.42000,2.29000,2.24000,23880.00000
1.71000,1.26000,-0.02000,2.01000,2.12000,2.26000,2.18000,15712.00000
1.71000,1.26000,-0.02000,2.20000,2.23000,2.25000,2.16000,7564.00000
1.72000,1.26000,-0.02000,2.40000,1.98000,2.25000,2.16000,-544.00000
1.73000,1.26000,-0.01000,2.40000,2.17000,2.27000,2.20000,-8644.00000
1.73000,1.26000,-0.01000,2.37000,2.20000,2.28000,2.22000,-16760.00000
1.74000,1.26000,-0.00000,2.34000,2.09000,2.29000,2.24000,-24900.00000
1.74000,1.26000,-0.00000,2.12000,2.23000,2.30000,2.26000,32464.00000
1.75000,1.26000,-0.00000,2.31000,2.09000,2.30000,2.25000,24340.00000
1.75000,1.26000,-0.00000,2.23000,2.23000,2.31000,2.27000,16212.00000
1.76000,1.26000,-0.00000,2.28000,2.31000,2.31000,2.27000,8068.00000
1.76000,1.26000,0.00000,2.48000,2.31000,2.31000,2.27000,-76.00000
1.77000,1.26000,0.01000,2.59000,2.42000,2.31000,2.28000,-8108.00000
1.77000,1.26000,0.01000,2.62000,2.48000,2.32000,2.30000,-16248.00000
1.78000,1.26000,0.01000,2.65000,2.51000,2.32000,2.31000,-24436.00000
1.79000,1.26000,0.01000,2.48000,2.37000,2.33000,2.32000,-32624.00000
1.79000,1.26000,0.01000,2.29000,2.31000,2.33000,2.33000,24740.00000
1.80000,1.26000,0.01000,2.17000,2.23000,2.33000,2.33000,16556.00000
1.80000,1.26000,0.01000,2.29000,2.37000,2.33000,2.32000,8440.00000
1.81000,1.26000,0.01000,2.03000,2.15000,2.32000,2.31000,292.00000
1.81000,1.26000,0.01000,2.26000,2.01000,2.32000,2.31000,-7788.00000
1.82000,1.26000,0.01000,2.01000,2.06000,2.33000,2.33000,-15880.00000
1.82000,1.26000,0.01000,2.09000,2.01000,2.33000,2.32000,-24044.00000
1.83000,1.26000,0.01000,2.01000,2.06000,2.33000,2.33000,-32160.00000
1.83000,1.26000,0.01000,1.95000,2.01000,2.33000,2.32000,25232.00000
1.84000,1.26000,0.01000,2.23000,2.20000,2.33000,2.32000,17072.00000
1.84000,1.26000,0.01000,2.12000,2.23000,2.33000,2.32000,8956.00000
1.85000,1.26000,0.01000,2.45000,2.37000,2.32000,2.31000,820.00000
1.85000,1.26000,0.01000,2.42000,2.48000,2.33000,2.32000,-7248.00000
1.86000,1.26000,0.01000,2.45000,2.51000,2.32000,2.31000,-15392.00000
1.87000,1.26000,0.01000,2.45000,2.45000,2.32000,2.31000,-23568.00000
1.87000,1.26000,0.01000,2.34000,2.40000,2.32000,2.31000,-31688.00000
1.88000,1.26000,0.00000,2.29000,2.45000,2.32000,2.30000,25664.00000
1.88000,1.26000,0.00000,2.43000,2.51000,2.31000,2.29000,17484.00000
1.89000,1.26000,0.00000,2.37000,2.40000,2.31000,2.28000,9328.00000
1.89000,1.26000,0.00000,2.40000,2.42000,2.31000,2.27000,1220.00000
1.90000,1.26000,0.01000,2.51000,2.31000,2.30000,2.27000,-6892.00000
1.91000,1.26000,0.00000,2.26000,2.45000,2.31000,2.28000,-15000.00000
1.91000,1.26000,-0.01000,1.98000,2.37000,2.30000,2.26000,-23168.00000
1.92000,1.26000,-0.01000,2.09000,2.20000,2.28000,2.22000,-31332.00000
1.92000,1.26000,-0.01000,2.20000,2.20000,2.27000,2.21000,26028.00000
1.93000,1.26000,0.00000,2.48000,2.01000,2.27000,2.20000,17908.00000
1.93000,1.26000,0.00000,2.31000,2.29000,2.30000,2.25000,9800.00000
1.94000,1.26000,0.00000,2.17000,2.12000,2.30000,2.25000,1684.00000
1.94000,1.26000,0.01000,2.29000,2.06000,2.30000,2.25000,-6420.00000
1.95000,1.26000,0.01000,2.03000,2.06000,2.31000,2.27000,-14508.00000
1.95000,1.26000,0.01000,2.06000,1.92000,2.30000,2.26000,-22652.00000
1.96000,1.26000,0.01000,2.03000,2.12000,2.31000,2.28000,-30792.00000
1.96000,1.26000,0.01000,2.29000,2.09000,2.30000,2.27000,26576.00000
1.97000,1.26000,0.01000,2.48000,2.31000,2.31000,2.28000,18440.00000
1.97000,1.26000,0.02000,2.45000,2.34000,2.32000,2.29000,10304.00000
1.98000,1.26000,0.02000,2.56000,2.40000,2.32000,2.30000,2108.00000
1.99000,1.26000,0.02000,2.62000,2.54000,2.32000,2.32000,-6000.00000
1.99000,1.26000,0.02000,2.48000,2.45000,2.33000,2.32000,-14140.00000
2.00000,1.26000,0.02000,2.37000,2.34000,2.33000,2.32000,-22324.00000
2.00000,1.26000,0.02000,2.31000,2.37000,2.33000,2.33000,-30488.00000
2.01000,1.26000,0.02000,2.15000,2.26000,2.33000,2.32000,26876.00000
2.01000,1.26000,0.02000,2.26000,2.37000,2.32000,2.31000,18704.00000
2.02000,1.26000,0.02000,2.40000,2.26000,2.32000,2.30000,10540.00000
2.02000,1.26000,0.02000,2.23000,2.17000,2.32000,2.31000,2388.00000
2.03000,1.26000,0.02000,2.29000,2.23000,2.32000,2.31000,-5732.00000
2.04000,1.26000,0.02000,2.09000,2.06000,2.33000,2.32000,-13840.00000
2.04000,1.26000,0.02000,2.06000,2.04000,2.33000,2.32000,-22000.00000
2.05000,1.26000,0.02000,2.26000,2.23000,2.33000,2.32000,-30144.00000
2.05000,1.26000,0.02000,2.12000,2.17000,2.33000,2.32000,27272.00000
2.06000,1.26000,0.02000,2.37000,2.34000,2.32000,2.31000,19080.00000
2.06000,1.26000,0.02000,2.42000,2.37000,0.60000,-0.61000,10952.00000
2.07000,1.26000,0.02000,2.48000,2.45000,0.60000,-0.61000,2760.00000
2.07000,1.26000,0.04000,1.87000,1.31000,0.60000,-0.61000,-5376.00000
2.07000,1.26000,0.05000,1.00000,0.03000,0.60000,-0.61000,-13420.00000
2.07000,1.26000,0.07000,0.70000,0.00000,0.59000,-0.62000,-21448.00000
2.07000,1.26000,0.08000,0.64000,0.00000,0.58000,-0.62000,-29460.00000
2.07000,1.26000,0.08000,0.00000,0.00000,0.56000,-0.63000,28108.00000
2.07000,1.26000,0.08000,0.00000,0.00000,0.56000,-0.63000,20292.00000
2.07000,1.26000,0.08000,0.00000,0.00000,0.56000,-0.63000,12484.00000
2.07000,1.26000,0.08000,0.00000,0.00000,0.56000,-0.63000,4688.00000
2.07000,1.26000,0.08000,0.00000,0.00000,0.56000,-0.63000,-3072.00000
2.07000,1.26000,0.08000,0.00000,0.00000,0.56000,-0.63000,-10836.00000
2.07000,1.26000,0.08000,0.00000,0.00000,0.56000,-0.63000,-18644.00000
2.07000,1.26000,0.08000,0.00000,0.00000,0.56000,-0.63000,-26460.00000
2.07000,1.26000,0.08000,0.03000,0.00000,0.56000,-0.63000,31272.00000
2.07000,1.26000,0.09000,0.25000,0.00000,0.56000,-0.63000,23320.00000
2.07000,1.26000,0.09000,0.31000,0.00000,0.55000,-0.63000,15324.00000
2.07000,1.26000,0.09000,0.03000,0.00000,0.54000,-0.64000,7352.00000
2.07000,1.26000,0.09000,0.00000,0.00000,0.54000,-0.64000,-544.00000
2.08000,1.26000,0.10000,0.20000,0.00000,0.54000,-0.64000,-8276.00000
2.08000,1.26000,0.11000,0.53000,0.00000,0.53000,-0.64000,-16204.00000
2.08000,1.26000,0.13000,1.00000,0.00000,0.50000,-0.66000,-24208.00000
2.08000,1.26000,0.16000,1.62000,0.00000,0.42000,-0.70000,-32196.00000
2.08000,1.26000,0.19000,1.56000,0.00000,0.18000,-0.81000,25304.00000
2.08000,1.26000,0.21000,1.28000,0.00000,-0.18000,-0.99000,17304.00000
2.08000,1.26000,0.23000,1.03000,0.00000,-0.56000,-1.20000,9272.00000
2.08000,1.26000,0.23000,0.08000,0.00000,-0.88000,-1.39000,1336.00000
2.08000,1.26000,0.24000,0.08000,0.00000,-0.90000,-1.40000,-6568.00000
2.08000,1.26000,0.24000,0.00000,0.00000,-0.93000,-1.42000,-14472.00000
2.08000,1.26000,0.24000,0.00000,0.00000,-0.93000,-1.42000,-22300.00000
2.08000,1.26000,0.24000,0.00000,0.00000,-0.93000,-1.42000,-30108.00000
2.08000,1.26000,0.24000,0.00000,0.00000,-0.93000,-1.42000,27596.00000
2.08000,1.26000,0.24000,0.00000,-0.08000,-0.93000,-1.42000,19784.00000
2.08000,1.26000,0.24000,0.00000,0.00000,-0.95000,-1.43000,11808.00000
2.08000,1.26000,0.24000,0.00000,0.00000,-0.95000,-1.43000,4004.00000
2.08000,1.26000,0.24000,0.00000,0.00000,-0.95000,-1.43000,-3768.00000
2.08000,1.26000,0.24000,0.00000,0.00000,-0.95000,-1.43000,-11536.00000
2.08000,1.26000,0.24000,0.00000,0.00000,-0.95000,-1.43000,-19360.00000
2.08000,1.26000,0.24000,0.00000,0.00000,-0.95000,-1.43000,-27176.00000
2.08000,1.26000,0.24000,0.00000,0.00000,-0.95000,-1.43000,30540.00000
2.08000,1.26000,0.24000,0.00000,0.00000,-0.95000,-1.43000,22728.00000
2.08000,1.26000,0.24000,0.00000,0.00000,-0.95000,-1.43000,14920.00000
2.08000,1.26000,0.24000,0.00000,0.00000,-0.95000,-1.43000,7104.00000
2.08000,1.26000,0.24000,0.00000,0.00000,-0.95000,-1.43000,-668.00000
2.08000,1.26000,0.24000,0.00000,0.00000,-0.95000,-1.43000,-8388.00000
2.08000,1.26000,0.24000,0.00000,0.00000,-0.95000,-1.43000,-16164.00000
2.08000,1.26000,0.24000,0.00000,0.00000,-0.95000,-1.43000,-23976.00000
2.08000,1.26000,0.24000,0.00000,0.00000,-0.95000,-1.43000,-31800.00000
2.08000,1.26000,0.24000,0.00000,0.00000,-0.95000,-1.43000,25912.00000
2.08000,1.26000,0.24000,0.00000,0.00000,-0.95000,-1.43000,18100.00000
2.08000,1.26000,0.24000,0.00000,-0.03000,-0.95000,-1.43000,10292.00000
2.08000,1.26000,0.24000,0.00000,0.00000,-0.96000,-1.44000,2320.00000
2.08000,1.26000,0.24000,0.00000,0.00000,-0.96000,-1.44000,-5436.00000
2.08000,1.26000,0.24000,0.00000,0.00000,-0.96000,-1.44000,-13228.00000
2.08000,1.26000,0.24000,0.00000,0.00000,-0.96000,-1.44000,-21044.00000
2.08000,1.26000,0.24000,0.00000,0.00000,-0.96000,-1.44000,-28856.00000
2.08000,1.26000,0.24000,0.00000,0.00000,-0.96000,-1.44000,28856.00000
2.08000,1.26000,0.24000,0.00000,0.00000,-0.96000,-1.44000,21048.00000
2.08000,1.26000,0.24000,0.00000,-0.03000,-0.96000,-1.44000,13240.00000
2.08000,1.26000,0.24000,0.00000,0.00000,-0.97000,-1.44000,5268.00000
2.08000,1.26000,0.25000,0.00000,-0.47000,-0.97000,-1.44000,-2476.00000
2.08000,1.26000,0.29000,0.00000,-2.12000,-1.10000,-1.53000,-10424.00000
2.08000,1.26000,0.35000,-0.03000,-3.21000,-1.60000,-1.90000,-18480.00000
2.07000,1.26000,0.42000,0.00000,-3.76000,-2.09000,-2.30000,-26636.00000
2.07000,1.26000,0.50000,0.00000,-3.73000,-2.29000,-2.08000,30824.00000
2.06000,1.26000,0.56000,0.00000,-3.57000,-1.77000,-1.43000,22708.00000
2.06000,1.26000,0.62000,0.00000,-3.12000,-1.11000,-0.40000,14620.00000
2.06000,1.25000,0.67000,0.00000,-2.45000,-0.75000,0.32000,6524.00000
2.06000,1.25000,0.70000,0.00000,-1.37000,-0.64000,0.54000,-1480.00000
2.06000,1.25000,0.70000,0.00000,-0.31000,-0.62000,0.58000,-9452.00000
2.06000,1.25000,0.70000,0.00000,0.00000,-0.62000,0.59000,-17376.00000
2.06000,1.25000,0.70000,0.00000,0.00000,-0.62000,0.59000,-25188.00000
2.06000,1.25000,0.70000,0.00000,0.00000,-0.62000,0.59000,32544.00000
2.06000,1.25000,0.70000,-0.03000,0.00000,-0.62000,0.59000,24724.00000
2.06000,1.25000,0.70000,0.00000,0.00000,-0.62000,0.59000,16756.00000
2.06000,1.25000,0.70000,0.00000,0.00000,-0.62000,0.59000,8952.00000
2.06000,1.25000,0.70000,-0.03000,0.00000,-0.62000,0.59000,1192.00000
2.06000,1.25000,0.68000,-1.25000,0.00000,-0.62000,0.59000,-6696.00000
2.06000,1.25000,0.67000,-0.56000,0.00000,-0.63000,0.56000,-14704.00000
2.06000,1.25000,0.67000,-0.11000,0.00000,-0.64000,0.54000,-22704.00000
2.06000,1.25000,0.66000,-0.08000,0.00000,-0.64000,0.54000,-30696.00000
2.06000,1.25000,0.66000,-0.03000,0.00000,-0.64000,0.53000,26864.00000
2.06000,1.25000,0.66000,0.00000,0.00000,-0.64000,0.53000,18892.00000
2.06000,1.25000,0.66000,0.00000,0.00000,-0.64000,0.53000,11080.00000
2.06000,1.25000,0.66000,0.00000,0.00000,-0.64000,0.53000,3260.00000
2.06000,1.25000,0.66000,0.00000,0.00000,-0.64000,0.53000,-4500.00000
2.06000,1.25000,0.66000,0.00000,0.00000,-0.64000,0.53000,-12272.00000
2.06000,1.25000,0.66000,0.00000,0.00000,-0.64000,0.53000,-20096.00000
2.06000,1.25000,0.66000,0.00000,0.00000,-0.64000,0.53000,-27904.00000
2.06000,1.25000,0.66000,0.00000,0.00000,-0.64000,0.53000,29808.00000
2.06000,1.25000,0.66000,0.00000,0.00000,-0.64000,0.53000,21996.00000
2.06000,1.25000,0.66000,0.00000,0.00000,-0.64000,0.53000,14184.00000
2.06000,1.25000,0.66000,-0.03000,0.00000,-0.64000,0.53000,6372.00000
2.06000,1.25000,0.66000,0.00000,0.00000,-0.64000,0.53000,-1540.00000
2.06000,1.25000,0.66000,-0.08000,0.00000,-0.64000,0.53000,-9304.00000
2.06000,1.25000,0.65000,-0.45000,0.00000,-0.65000,0.53000,-17244.00000
2.05000,1.25000,0.63000,-1.12000,0.00000,-0.66000,0.51000,-25252.00000
2.05000,1.25000,0.59000,-2.17000,0.00000,-0.69000,0.43000,32268.00000
2.05000,1.25000,0.54000,-2.34000,0.00000,-0.82000,0.16000,24220.00000
2.05000,1.25000,0.49000,-2.57000,0.00000,-1.09000,-0.36000,16156.00000
2.04000,1.24000,0.45000,-2.40000,0.00000,-1.50000,-1.06000,8096.00000
2.04000,1.24000,0.41000,-1.90000,0.00000,-1.92000,-1.62000,100.00000
2.04000,1.24000,0.38000,-1.87000,0.00000,-2.18000,-1.94000,-7820.00000
2.04000,1.24000,0.35000,-1.53000,0.00000,-2.35000,-2.16000,-15828.00000
2.04000,1.24000,0.31000,-2.06000,0.00000,-2.22000,-2.39000,-23872.00000
2.03000,1.24000,0.27000,-2.04000,0.00000,-2.01000,-2.24000,-31920.00000
2.03000,1.24000,0.22000,-2.37000,0.00000,-1.68000,-1.96000,25540.00000
2.03000,1.24000,0.17000,-2.51000,0.00000,-1.09000,-1.53000,17496.00000
2.03000,1.24000,0.13000,-1.95000,0.00000,-0.33000,-1.07000,9440.00000
2.02000,1.24000,0.10000,-1.65000,0.00000,0.16000,-0.82000,1432.00000
2.02000,1.24000,0.09000,-0.45000,0.00000,0.41000,-0.70000,-6548.00000
2.02000,1.24000,0.09000,-0.03000,0.00000,0.46000,-0.68000,-14472.00000
2.02000,1.24000,0.09000,0.00000,-0.03000,0.46000,-0.68000,-22456.00000
2.02000,1.24000,0.09000,0.00000,0.00000,0.46000,-0.68000,-30424.00000
2.02000,1.24000,0.09000,0.00000,0.00000,0.46000,-0.68000,27304.00000
2.02000,1.24000,0.09000,0.00000,-0.03000,0.46000,-0.68000,19492.00000
2.02000,1.24000,0.11000,0.00000,-0.81000,0.45000,-0.68000,11536.00000
2.02000,1.24000,0.14000,0.00000,-1.48000,0.38000,-0.71000,3540.00000
2.02000,1.24000,0.17000,0.00000,-1.73000,0.19000,-0.80000,-4460.00000
2.02000,1.24000,0.20000,0.00000,-1.67000,-0.15000,-0.98000,-12444.00000
2.02000,1.24000,0.23000,0.00000,-1.48000,-0.58000,-1.21000,-20472.00000
2.01000,1.24000,0.25000,0.00000,-1.06000,-0.99000,-1.45000,-28508.00000
2.01000,1.24000,0.28000,0.00000,-1.14000,-1.26000,-1.64000,29000.00000
2.01000,1.24000,0.30000,0.00000,-1.51000,-1.52000,-1.84000,20980.00000
2.01000,1.23000,0.33000,-0.03000,-1.31000,-1.81000,-2.07000,12948.00000
2.01000,1.23000,0.36000,-0.25000,-1.81000,-2.00000,-2.23000,4868.00000
2.00000,1.23000,0.37000,-1.11000,-1.87000,-2.16000,-2.36000,-3180.00000
2.00000,1.23000,0.37000,-2.56000,-2.56000,-2.22000,-2.40000,-11312.00000
1.99000,1.23000,0.37000,-3.04000,-2.90000,-2.22000,-2.40000,-19424.00000
1.98000,1.23000,0.37000,-3.26000,-3.09000,-2.21000,-2.39000,-27692.00000
1.98000,1.22000,0.37000,-2.79000,-3.12000,-2.20000,-2.38000,29596.00000
1.97000,1.22000,0.38000,-2.51000,-2.81000,-2.22000,-2.39000,21368.00000
1.97000,1.22000,0.38000,-2.43000,-2.54000,-2.24000,-2.41000,13168.00000
1.96000,1.22000,0.39000,-1.95000,-2.12000,-2.25000,-2.41000,5008.00000
1.96000,1.21000,0.39000,-1.90000,-2.01000,-2.41000,-2.24000,-3172.00000
1.95000,1.21000,0.39000,-1.90000,-2.20000,-2.40000,-2.23000,-11272.00000
1.95000,1.21000,0.40000,-1.98000,-2.04000,-2.38000,-2.20000,-19448.00000
1.94000,1.21000,0.40000,-2.37000,-2.40000,-2.38000,-2.20000,-27608.00000
1.94000,1.21000,0.40000,-2.28000,-2.26000,-2.38000,-2.19000,29780.00000
1.93000,1.20000,0.39000,-2.54000,-2.34000,-2.37000,-2.19000,21540.00000
1.93000,1.20000,0.39000,-2.68000,-2.59000,-2.38000,-2.20000,13384.00000
1.92000,1.20000,0.39000,-2.54000,-2.45000,-2.38000,-2.20000,5180.00000
1.92000,1.20000,0.39000,-2.54000,-2.51000,-2.38000,-2.20000,-2960.00000
1.91000,1.20000,0.39000,-2.48000,-2.54000,-2.38000,-2.20000,-11124.00000
1.91000,1.19000,0.39000,-2.23000,-2.09000,-2.37000,-2.19000,-19256.00000
1.90000,1.19000,0.38000,-2.34000,-2.20000,-2.24000,-2.40000,-27472.00000
1.90000,1.19000,0.39000,-2.37000,-2.48000,-2.23000,-2.40000,29924.00000
1.89000,1.19000,0.39000,-2.37000,-2.42000,-2.23000,-2.40000,21692.00000
1.88000,1.18000,0.39000,-2.40000,-2.68000,-2.24000,-2.41000,13496.00000
1.88000,1.18000,0.40000,-2.34000,-2.62000,-2.41000,-2.24000,5320.00000
1.87000,1.18000,0.40000,-2.06000,-2.26000,-2.40000,-2.22000,-2804.00000
1.87000,1.18000,0.40000,-2.23000,-2.31000,-2.38000,-2.21000,-10964.00000
1.86000,1.18000,0.41000,-2.20000,-2.37000,-2.38000,-2.20000,-19148.00000
1.86000,1.17000,0.40000,-2.43000,-2.26000,-2.37000,-2.18000,-27348.00000
1.85000,1.17000,0.40000,-2.42000,-2.26000,-2.38000,-2.19000,29996.00000
1.85000,1.17000,0.40000,-2.43000,-2.54000,-2.39000,-2.21000,21808.00000
1.84000,1.17000,0.40000,-2.34000,-2.09000,-2.38000,-2.20000,13620.00000
1.84000,1.17000,0.39000,-2.51000,-2.26000,-2.39000,-2.22000,5440.00000
1.83000,1.16000,0.39000,-2.31000,-2.06000,-2.40000,-2.23000,-2660.00000
1.83000,1.16000,0.38000,-2.37000,-1.84000,-2.25000,-2.41000,-10840.00000
1.82000,1.16000,0.37000,-2.62000,-2.31000,-2.21000,-2.39000,-19016.00000
1.82000,1.16000,0.37000,-2.26000,-2.03000,-2.18000,-2.37000,-27224.00000
1.81000,1.16000,0.37000,-2.31000,-2.31000,-2.16000,-2.35000,30084.00000
1.81000,1.15000,0.37000,-2.20000,-2.23000,-2.15000,-2.35000,21956.00000
1.80000,1.15000,0.37000,-1.90000,-1.87000,-2.15000,-2.35000,13740.00000
1.80000,1.15000,0.37000,-2.26000,-2.26000,-2.15000,-2.34000,5588.00000
1.80000,1.15000,0.37000,-1.87000,-1.95000,-2.15000,-2.34000,-2492.00000
1.79000,1.15000,0.37000,-2.34000,-2.40000,-2.15000,-2.35000,-10668.00000
1.79000,1.14000,0.37000,-2.31000,-2.37000,-2.15000,-2.35000,-18776.00000
1.78000,1.14000,0.37000,-2.17000,-2.29000,-2.15000,-2.35000,-27068.00000
1.77000,1.14000,0.37000,-2.51000,-2.59000,-2.16000,-2.35000,30316.00000
1.77000,1.14000,0.38000,-2.31000,-2.51000,-2.16000,-2.36000,22156.00000
1.76000,1.14000,0.38000,-2.01000,-2.20000,-2.18000,-2.37000,13948.00000
1.76000,1.13000,0.39000,-2.15000,-2.54000,-2.19000,-2.38000,5748.00000
1.75000,1.13000,0.39000,-1.95000,-2.20000,-2.22000,-2.40000,-2320.00000
1.75000,1.13000,0.39000,-2.31000,-2.20000,-2.24000,-2.41000,-10508.00000
1.74000,1.13000,0.39000,-2.45000,-2.51000,-2.23000,-2.40000,-18660.00000
1.74000,1.13000,0.39000,-2.34000,-2.26000,-2.23000,-2.40000,-26864.00000
1.73000,1.12000,0.39000,-2.54000,-2.59000,-2.23000,-2.40000,30464.00000
1.73000,1.12000,0.39000,-2.65000,-2.76000,-2.23000,-2.40000,22292.00000
1.72000,1.12000,0.40000,-2.26000,-2.42000,-2.24000,-2.40000,14112.00000
1.72000,1.12000,0.40000,-2.26000,-2.40000,-2.25000,-2.41000,5884.00000
1.71000,1.11000,0.41000,-2.37000,-2.59000,-2.41000,-2.24000,-2228.00000
1.71000,1.11000,0.41000,-2.17000,-2.40000,-2.40000,-2.22000,-10360.00000
1.70000,1.11000,0.41000,-2.51000,-2.45000,-2.38000,-2.21000,-18576.00000
1.70000,1.11000,0.41000,-2.62000,-2.65000,-2.39000,-2.21000,-26796.00000
1.69000,1.10000,0.41000,-2.40000,-2.51000,-2.38000,-2.20000,30556.00000
1.69000,1.10000,0.41000,-2.29000,-2.48000,-2.37000,-2.18000,22328.00000
1.68000,1.10000,0.42000,-2.20000,-2.54000,-2.35000,-2.16000,14180.00000
1.67000,1.10000,0.42000,-2.31000,-2.40000,-2.32000,-2.11000,6008.00000
1.67000,1.10000,0.42000,-2.12000,-2.20000,-2.30000,-2.08000,-2128.00000
1.67000,1.09000,0.43000,-1.90000,-2.20000,-2.24000,-2.41000,-10288.00000
1.66000,1.09000,0.43000,-2.40000,-2.29000,-2.40000,-2.23000,-18396.00000
1.66000,1.09000,0.43000,-1.98000,-2.15000,-2.41000,-2.24000,-26588.00000
1.65000,1.09000,0.43000,-2.20000,-2.34000,-2.40000,-2.23000,30744.00000
1.65000,1.09000,0.43000,-2.15000,-1.95000,-2.39000,-2.22000,22620.00000
1.64000,1.08000,0.43000,-2.09000,-1.98000,-2.40000,-2.23000,14420.00000
1.64000,1.08000,0.42000,-2.45000,-2.06000,-2.41000,-2.24000,6292.00000
1.63000,1.08000,0.42000,-2.31000,-2.12000,-2.23000,-2.40000,-1808.00000
1.63000,1.08000,0.41000,-2.56000,-2.29000,-2.21000,-2.39000,-9980.00000
1.62000,1.07000,0.41000,-2.62000,-2.40000,-2.19000,-2.37000,-18128.00000
1.62000,1.07000,0.41000,-2.42000,-2.48000,-2.17000,-2.36000,-26312.00000
1.61000,1.07000,0.41000,-2.37000,-2.54000,-2.17000,-2.36000,31012.00000
1.61000,1.07000,0.41000,-2.34000,-2.31000,-2.18000,-2.37000,22816.00000
1.60000,1.07000,0.41000,-2.06000,-2.17000,-2.18000,-2.37000,14644.00000
1.60000,1.06000,0.42000,-2.09000,-2.23000,-2.19000,-2.37000,6436.00000
1.59000,1.06000,0.41000,-2.23000,-2.12000,-2.20000,-2.38000,-1656.00000
1.59000,1.06000,0.42000,-2.03000,-2.26000,-2.19000,-2.37000,-9812.00000
1.58000,1.06000,0.42000,-2.17000,-2.12000,-2.20000,-2.38000,-17956.00000
1.58000,1.05000,0.42000,-2.12000,-2.23000,-2.20000,-2.38000,-26128.00000
1.57000,1.05000,0.43000,-2.20000,-2.51000,-2.21000,-2.39000,31236.00000
1.57000,1.05000,0.43000,-2.23000,-2.34000,-2.23000,-2.40000,23072.00000
1.56000,1.05000,0.43000,-1.98000,-2.17000,-2.24000,-2.40000,14900.00000
1.56000,1.05000,0.43000,-2.29000,-2.31000,-2.41000,-2.25000,6720.00000
1.55000,1.04000,0.43000,-2.15000,-1.98000,-2.41000,-2.25000,-1360.00000
1.55000,1.04000,0.43000,-2.51000,-2.45000,-2.24000,-2.41000,-9536.00000
1.54000,1.04000,0.42000,-2.68000,-2.48000,-2.23000,-2.40000,-17636.00000
1.54000,1.04000,0.43000,-2.59000,-2.73000,-2.22000,-2.39000,-25844.00000
1.53000,1.03000,0.43000,-2.45000,-2.73000,-2.23000,-2.40000,31484.00000
1.53000,1.03000,0.44000,-2.37000,-2.59000,-2.25000,-2.41000,23284.00000
1.52000,1.03000,0.43000,-2.23000,-2.15000,-2.40000,-2.23000,15124.00000
1.52000,1.03000,0.44000,-2.17000,-2.37000,-2.41000,-2.24000,6920.00000
1.51000,1.02000,0.44000,-2.51000,-2.37000,-2.40000,-2.22000,-1148.00000
1.51000,1.02000,0.44000,-2.51000,-2.51000,-2.40000,-2.23000,-9340.00000
1.50000,1.02000,0.44000,-2.42000,-2.68000,-2.40000,-2.23000,-17464.00000
1.49000,1.02000,0.45000,-2.54000,-2.82000,-2.39000,-2.21000,-25644.00000
1.49000,1.01000,0.45000,-1.84000,-2.23000,-2.37000,-2.19000,31716.00000
1.49000,1.01000,0.46000,-2.31000,-2.54000,-2.34000,-2.15000,23508.00000
1.48000,1.01000,0.46000,-2.40000,-2.48000,-2.32000,-2.12000,15352.00000
1.47000,1.01000,0.46000,-2.37000,-2.45000,-2.31000,-2.10000,7144.00000
1.47000,1.00000,0.46000,-2.59000,-2.54000,-2.29000,-2.08000,-1020.00000
1.46000,1.00000,0.46000,-2.54000,-2.42000,-2.28000,-2.07000,-9116.00000
1.46000,1.00000,0.45000,-2.03000,-1.84000,-2.28000,-2.06000,-17244.00000
1.46000,1.00000,0.45000,-2.12000,-1.95000,-2.28000,-2.06000,-25444.00000
1.45000,1.00000,0.45000,-2.01000,-1.90000,-2.28000,-2.07000,31972.00000
1.45000,0.99000,0.45000,-2.20000,-2.06000,-2.28000,-2.06000,23796.00000
1.44000,0.99000,0.44000,-2.42000,-2.12000,-2.27000,-2.05000,15660.00000
1.44000,0.99000,0.43000,-2.40000,-1.98000,-2.27000,-2.06000,7472.00000
1.43000,0.99000,0.43000,-2.48000,-2.45000,-2.09000,-2.30000,-652.00000
1.43000,0.98000,0.42000,-2.31000,-1.81000,-2.08000,-2.29000,-8700.00000
1.42000,0.98000,0.43000,-2.09000,-2.45000,-2.02000,-2.24000,-16844.00000
1.42000,0.98000,0.43000,-2.17000,-2.03000,-2.06000,-2.28000,-24996.00000
1.41000,0.98000,0.42000,-2.09000,-1.98000,-2.04000,-2.26000,32376.00000
1.41000,0.98000,0.42000,-2.23000,-2.26000,-2.02000,-2.24000,24204.00000
1.40000,0.97000,0.42000,-1.89000,-1.81000,-2.02000,-2.24000,16068.00000
1.40000,0.97000,0.43000,-1.92000,-2.29000,-2.00000,-2.23000,7868.00000
1.40000,0.97000,0.43000,-2.23000,-2.15000,-2.04000,-2.26000,-228.00000
1.39000,0.97000,0.43000,-2.12000,-2.23000,-2.02000,-2.25000,-8316.00000
1.39000,0.97000,0.43000,-2.15000,-2.31000,-2.03000,-2.25000,-16456.00000
1.38000,0.96000,0.44000,-1.87000,-2.12000,-2.05000,-2.26000,-24636.00000
1.38000,0.96000,0.44000,-1.90000,-2.12000,-2.07000,-2.28000,32712.00000
1.37000,0.96000,0.44000,-1.90000,-1.64000,-2.09000,-2.30000,24604.00000
1.37000,0.96000,0.44000,-1.84000,-2.01000,-2.06000,-2.28000,16428.00000
1.36000,0.96000,0.44000,-2.06000,-1.90000,-2.07000,-2.29000,8312.00000
1.36000,0.95000,0.44000,-1.87000,-1.98000,-2.05000,-2.27000,180.00000
1.36000,0.95000,0.44000,-2.37000,-2.31000,-2.06000,-2.27000,-7876.00000
1.35000,0.95000,0.44000,-2.20000,-2.37000,-2.04000,-2.26000,-16004.00000
1.35000,0.95000,0.44000,-2.51000,-2.59000,-2.06000,-2.27000,-24200.00000
1.34000,0.94000,0.44000,-2.45000,-2.34000,-2.06000,-2.28000,-32364.00000
1.33000,0.94000,0.44000,-2.23000,-2.37000,-2.04000,-2.26000,24956.00000
1.33000,0.94000,0.45000,-2.37000,-2.56000,-2.05000,-2.27000,16756.00000
1.32000,0.94000,0.45000,-2.23000,-2.56000,-2.06000,-2.28000,8616.00000
1.32000,0.93000,0.45000,-2.40000,-2.31000,-2.09000,-2.30000,456.00000
1.31000,0.93000,0.46000,-2.37000,-2.54000,-2.08000,-2.29000,-7628.00000
1.31000,0.93000,0.46000,-1.76000,-2.15000,-2.09000,-2.30000,-15708.00000
1.31000,0.93000,0.47000,-1.76000,-2.17000,-2.12000,-2.32000,-23920.00000
1.30000,0.92000,0.48000,-1.78000,-2.45000,-2.16000,-2.35000,-32068.00000
1.30000,0.92000,0.49000,-2.01000,-2.29000,-2.21000,-2.39000,25312.00000
1.29000,0.92000,0.50000,-1.98000,-2.45000,-2.23000,-2.40000,17132.00000
1.29000,0.92000,0.51000,-2.23000,-2.68000,-2.40000,-2.23000,8960.00000
1.28000,0.91000,0.51000,-2.37000,-2.26000,-2.38000,-2.20000,848.00000
1.28000,0.91000,0.50000,-2.45000,-2.12000,-2.38000,-2.20000,-7268.00000
1.27000,0.91000,0.49000,-2.48000,-2.26000,-2.40000,-2.23000,-15412.00000
1.27000,0.91000,0.49000,-2.37000,-2.06000,-2.41000,-2.24000,-23560.00000
1.26000,0.90000,0.49000,-2.23000,-2.31000,-2.23000,-2.40000,-31776.00000
1.26000,0.90000,0.48000,-2.45000,-2.15000,-2.24000,-2.41000,25604.00000
1.25000,0.90000,0.48000,-2.54000,-2.37000,-2.22000,-2.39000,17444.00000
1.25000,0.90000,0.48000,-2.56000,-2.37000,-2.20000,-2.38000,9244.00000
1.24000,0.89000,0.48000,-2.56000,-2.54000,-2.18000,-2.37000,1116.00000
1.24000,0.89000,0.48000,-2.42000,-2.54000,-2.17000,-2.36000,-7048.00000
1.23000,0.89000,0.48000,-2.17000,-2.48000,-2.18000,-2.36000,-15200.00000
1.23000,0.89000,0.49000,-2.26000,-2.51000,-2.20000,-2.38000,-23364.00000
1.22000,0.88000,0.49000,-2.29000,-2.26000,-2.21000,-2.39000,-31540.00000
1.22000,0.88000,0.49000,-2.29000,-2.37000,-2.21000,-2.39000,25760.00000
1.21000,0.88000,0.49000,-2.40000,-2.48000,-2.21000,-2.39000,17604.00000
1.21000,0.88000,0.49000,-2.20000,-2.29000,-2.21000,-2.39000,9420.00000
1.20000,0.87000,0.50000,-2.31000,-2.54000,-2.21000,-2.39000,1260.00000
1.20000,0.87000,0.50000,-2.45000,-2.29000,-2.15000,-2.35000,-6848.00000
1.19000,0.87000,0.50000,-2.03000,-2.12000,-2.13000,-2.33000,-14988.00000
1.19000,0.86000,0.50000,-2.01000,-2.31000,-2.14000,-2.34000,-23192.00000
1.18000,0.86000,0.50000,-2.09000,-1.95000,-2.17000,-2.36000,-31304.00000
1.18000,0.86000,0.50000,-2.20000,-2.34000,-2.15000,-2.35000,26032.00000
1.17000,0.86000,0.50000,-2.56000,-2.51000,-2.16000,-2.35000,17868.00000
1.17000,0.85000,0.50000,-2.31000,-2.37000,-2.15000,-2.35000,9660.00000
1.16000,0.85000,0.50000,-2.56000,-2.68000,-2.16000,-2.35000,1488.00000
1.16000,0.85000,0.51000,-2.45000,-2.54000,-2.17000,-2.36000,-6624.00000
1.15000,0.85000,0.51000,-2.03000,-2.20000,-2.17000,-2.36000,-14772.00000
1.15000,0.84000,0.51000,-2.04000,-2.29000,-2.18000,-2.37000,-22972.00000
1.15000,0.84000,0.52000,-2.20000,-2.40000,-2.20000,-2.38000,-31100.00000
1.14000,0.84000,0.52000,-2.09000,-2.31000,-2.22000,-2.39000,26224.00000
1.14000,0.84000,0.52000,-2.45000,-2.54000,-2.23000,-2.40000,18036.00000
1.13000,0.83000,0.53000,-2.29000,-2.48000,-2.24000,-2.41000,9864.00000
1.13000,0.83000,0.53000,-2.09000,-2.34000,-2.41000,-2.24000,1716.00000
1.12000,0.83000,0.54000,-2.09000,-2.54000,-2.40000,-2.23000,-6436.00000
1.12000,0.82000,0.55000,-1.73000,-2.23000,-2.37000,-2.19000,-14524.00000
1.11000,0.82000,0.56000,-1.84000,-2.29000,-2.34000,-2.14000,-22724.00000
1.11000,0.82000,0.57000,-2.12000,-2.56000,-2.30000,-2.09000,-30936.00000
1.10000,0.82000,0.57000,-2.29000,-2.31000,-2.26000,-2.04000,26444.00000
1.10000,0.81000,0.57000,-1.87000,-1.84000,-2.25000,-2.02000,18268.00000
1.10000,0.81000,0.57000,-2.06000,-1.98000,-2.25000,-2.02000,10096.00000
1.09000,0.81000,0.56000,-1.90000,-1.64000,-2.25000,-2.02000,1960.00000
1.09000,0.81000,0.56000,-2.01000,-1.98000,-2.27000,-2.05000,-6140.00000
1.08000,0.80000,0.56000,-2.12000,-2.01000,-2.26000,-2.04000,-14264.00000
1.08000,0.80000,0.56000,-2.23000,-2.26000,-2.27000,-2.05000,-22444.00000
1.08000,0.80000,0.55000,-2.48000,-2.12000,-2.26000,-2.04000,-30580.00000
1.07000,0.79000,0.55000,-2.45000,-2.31000,-2.29000,-2.07000,26776.00000
1.07000,0.79000,0.55000,-2.40000,-2.31000,-2.29000,-2.08000,18576.00000
1.06000,0.79000,0.55000,-2.34000,-2.31000,-2.29000,-2.08000,10400.00000
1.06000,0.79000,0.55000,-2.20000,-2.34000,-2.29000,-2.08000,2244.00000
1.05000,0.78000,0.55000,-2.23000,-2.15000,-2.27000,-2.05000,-5884.00000
1.05000,0.78000,0.55000,-2.34000,-2.15000,-2.27000,-2.05000,-14016.00000
1.04000,0.78000,0.55000,-2.09000,-2.15000,-2.28000,-2.07000,-22184.00000
1.04000,0.78000,0.54000,-2.20000,-2.06000,-2.27000,-2.05000,-30368.00000
1.03000,0.77000,0.54000,-2.12000,-2.17000,-2.27000,-2.06000,27028.00000
1.03000,0.77000,0.55000,-2.01000,-2.03000,-2.26000,-2.04000,18860.00000
1.03000,0.77000,0.54000,-2.17000,-1.98000,-2.25000,-2.02000,10676.00000
1.02000,0.77000,0.54000,-2.03000,-1.98000,-2.25000,-2.03000,2536.00000
1.02000,0.76000,0.54000,-2.01000,-1.81000,-2.25000,-2.02000,-5588.00000
1.01000,0.76000,0.54000,-1.84000,-1.87000,-2.26000,-2.04000,-13656.00000
1.01000,0.76000,0.53000,-1.95000,-1.67000,-2.24000,-2.02000,-21872.00000
1.01000,0.76000,0.53000,-2.12000,-1.84000,-2.26000,-2.04000,-29984.00000
1.00000,0.75000,0.52000,-2.20000,-1.98000,-2.27000,-2.06000,27344.00000
1.00000,0.75000,0.52000,-2.48000,-2.26000,-2.28000,-2.07000,19208.00000
0.99000,0.75000,0.51000,-2.48000,-2.29000,-2.29000,-2.07000,11032.00000
0.99000,0.75000,0.51000,-2.54000,-2.29000,-2.29000,-2.08000,2848.00000
0.98000,0.74000,0.50000,-2.68000,-2.26000,-2.30000,-2.08000,-5296.00000
0.98000,0.74000,0.50000,-2.26000,-1.98000,-2.31000,-2.11000,-13432.00000
0.97000,0.74000,0.50000,-2.29000,-2.29000,-2.32000,-2.12000,-21612.00000
0.97000,0.73000,0.49000,-2.45000,-2.09000,-1.91000,-2.15000,-29772.00000
0.96000,0.73000,0.49000,-2.40000,-2.29000,-1.84000,-2.10000,27596.00000
0.96000,0.73000,0.48000,-2.54000,-2.29000,-1.81000,-2.07000,19416.00000
0.95000,0.73000,0.48000,-2.43000,-2.31000,-1.75000,-2.03000,11220.00000
0.95000,0.72000,0.49000,-1.81000,-2.17000,-1.72000,-2.00000,3072.00000
0.94000,0.72000,0.49000,-1.67000,-1.90000,-1.77000,-2.04000,-5052.00000
0.94000,0.72000,0.50000,-1.34000,-1.90000,-1.80000,-2.06000,-13140.00000
0.94000,0.72000,0.51000,-1.51000,-1.73000,-1.88000,-2.13000,-21244.00000
0.93000,0.72000,0.51000,-1.76000,-1.95000,-1.91000,-2.16000,-29420.00000
0.93000,0.71000,0.51000,-2.01000,-1.84000,-1.93000,-2.17000,27980.00000
0.93000,0.71000,0.51000,-1.78000,-1.90000,-1.90000,-2.15000,19764.00000
0.92000,0.71000,0.51000,-2.06000,-2.06000,-1.91000,-2.15000,11644.00000
0.92000,0.71000,0.50000,-1.92000,-1.70000,-1.90000,-2.15000,3532.00000
0.91000,0.71000,0.50000,-2.29000,-1.98000,-1.85000,-2.11000,-4588.00000
0.91000,0.70000,0.50000,-1.98000,-1.95000,-1.79000,-2.06000,-12676.00000
0.90000,0.70000,0.50000,-2.31000,-2.29000,-1.77000,-2.04000,-20844.00000
0.90000,0.70000,0.50000,-2.17000,-2.23000,-1.75000,-2.03000,-28980.00000
0.90000,0.70000,0.50000,-2.29000,-2.23000,-1.75000,-2.02000,28356.00000
0.89000,0.69000,0.50000,-2.29000,-2.20000,-1.72000,-2.00000,20216.00000
0.89000,0.69000,0.49000,-1.90000,-1.84000,-1.68000,-1.97000,12056.00000
0.88000,0.69000,0.50000,-1.84000,-2.04000,-1.65000,-1.95000,3884.00000
0.88000,0.69000,0.50000,-1.53000,-1.73000,-1.67000,-1.96000,-4220.00000
0.88000,0.68000,0.50000,-1.78000,-1.81000,-1.70000,-1.98000,-12308.00000
0.87000,0.68000,0.50000,-1.39000,-1.45000,-1.68000,-1.97000,-20452.00000
0.87000,0.68000,0.50000,-1.67000,-1.70000,-1.68000,-1.97000,-28576.00000
0.87000,0.68000,0.51000,-1.53000,-1.73000,-1.67000,-1.96000,28796.00000
0.86000,0.68000,0.51000,-1.76000,-1.87000,-1.69000,-1.98000,20668.00000
0.86000,0.68000,0.52000,-1.65000,-1.90000,-1.69000,-1.98000,12488.00000
0.85000,0.67000,0.52000,-1.59000,-1.92000,-1.72000,-2.00000,4404.00000
0.85000,0.67000,0.52000,-1.62000,-1.73000,-1.76000,-2.04000,-3740.00000
0.85000,0.67000,0.53000,-1.67000,-1.92000,-1.77000,-2.04000,-11824.00000
0.84000,0.67000,0.53000,-1.87000,-1.87000,-1.80000,-2.06000,-20004.00000
0.84000,0.66000,0.53000,-1.64000,-1.95000,-1.78000,-2.05000,-28092.00000
0.84000,0.66000,0.54000,-1.76000,-1.78000,-1.81000,-2.08000,29256.00000
0.83000,0.66000,0.54000,-1.70000,-2.01000,-1.80000,-2.07000,21132.00000
0.83000,0.66000,0.54000,-1.78000,-1.73000,-1.84000,-2.10000,13004.00000
0.83000,0.66000,0.55000,-1.70000,-2.09000,-1.81000,-2.07000,4868.00000
0.82000,0.65000,0.55000,-1.98000,-1.90000,-1.86000,-2.11000,-3252.00000
0.82000,0.65000,0.55000,-2.06000,-2.29000,-1.83000,-2.09000,-11356.00000
0.81000,0.65000,0.55000,-2.06000,-2.03000,-1.84000,-2.10000,-19544.00000
0.81000,0.65000,0.55000,-2.06000,-2.17000,-1.82000,-2.08000,-27712.00000
0.80000,0.64000,0.55000,-1.98000,-2.12000,-1.81000,-2.07000,29660.00000
0.80000,0.64000,0.56000,-1.92000,-1.95000,-1.81000,-2.07000,21508.00000
0.80000,0.64000,0.56000,-1.73000,-2.17000,-1.79000,-2.06000,13324.00000
0.79000,0.64000,0.57000,-1.87000,-2.23000,-1.84000,-2.10000,5196.00000
0.79000,0.63000,0.58000,-1.56000,-2.29000,-1.87000,-2.13000,-2940.00000
0.78000,0.63000,0.59000,-1.84000,-2.31000,-1.96000,-2.20000,-11048.00000
0.78000,0.63000,0.60000,-1.76000,-2.26000,-2.01000,-2.24000,-19244.00000
0.78000,0.62000,0.61000,-1.98000,-2.54000,-2.06000,-2.27000,-27400.00000
0.77000,0.62000,0.62000,-2.15000,-2.40000,-2.10000,-2.31000,29956.00000
0.77000,0.62000,0.62000,-2.23000,-2.42000,-2.12000,-2.32000,21760.00000
0.76000,0.61000,0.64000,-1.78000,-2.51000,-2.13000,-2.33000,13564.00000
0.76000,0.61000,0.65000,-1.92000,-2.48000,-2.19000,-2.37000,5400.00000
0.75000,0.61000,0.66000,-1.48000,-2.26000,-2.23000,-2.40000,-2744.00000
0.75000,0.61000,0.67000,-1.87000,-2.40000,-2.39000,-2.21000,-10852.00000
0.75000,0.60000,0.68000,-1.81000,-2.01000,-2.36000,-2.17000,-19012.00000
0.74000,0.60000,0.68000,-2.06000,-1.95000,-2.34000,-2.14000,-27180.00000
0.74000,0.60000,0.68000,-1.90000,-2.01000,-2.34000,-2.14000,30208.00000
0.74000,0.59000,0.67000,-2.31000,-2.15000,-2.32000,-2.12000,22036.00000
0.73000,0.59000,0.67000,-2.23000,-2.09000,-2.32000,-2.11000,13904.00000
0.73000,0.59000,0.67000,-2.12000,-1.95000,-2.25000,-2.03000,5712.00000
0.72000,0.58000,0.67000,-2.37000,-2.23000,-2.27000,-2.05000,-2420.00000
0.72000,0.58000,0.66000,-2.23000,-2.12000,-2.28000,-2.06000,-10496.00000
0.72000,0.58000,0.66000,-2.45000,-2.15000,-2.28000,-2.07000,-18696.00000
0.71000,0.57000,0.65000,-2.67000,-2.31000,-2.31000,-2.10000,-26856.00000
0.71000,0.57000,0.65000,-2.45000,-2.20000,-2.33000,-2.13000,30440.00000
0.70000,0.57000,0.65000,-2.40000,-2.42000,-2.35000,-2.15000,22252.00000
0.70000,0.56000,0.65000,-2.42000,-2.40000,-2.34000,-2.15000,14080.00000
0.69000,0.56000,0.64000,-2.15000,-1.95000,-2.35000,-2.15000,5912.00000
0.69000,0.56000,0.64000,-2.31000,-2.31000,-2.36000,-2.17000,-2228.00000
0.68000,0.55000,0.64000,-2.40000,-2.15000,-2.36000,-2.16000,-10292.00000
0.68000,0.55000,0.64000,-2.09000,-2.23000,-2.37000,-2.19000,-18532.00000
0.68000,0.55000,0.64000,-2.26000,-2.37000,-2.36000,-2.17000,-26688.00000
0.67000,0.55000,0.64000,-2.12000,-1.90000,-2.35000,-2.16000,30676.00000
0.67000,0.54000,0.64000,-2.12000,-2.01000,-2.37000,-2.18000,22492.00000
0.66000,0.54000,0.63000,-2.04000,-1.70000,-2.37000,-2.19000,14328.00000
0.66000,0.54000,0.63000,-1.90000,-2.04000,-2.39000,-2.21000,6172.00000
0.66000,0.53000,0.62000,-2.26000,-1.92000,-2.38000,-2.20000,-1924.00000
0.65000,0.53000,0.62000,-2.20000,-2.17000,-2.40000,-2.23000,-10048.00000
0.65000,0.53000,0.62000,-2.42000,-2.17000,-2.40000,-2.23000,-18224.00000
0.64000,0.52000,0.61000,-2.56000,-2.31000,-2.41000,-2.24000,-26436.00000
0.64000,0.52000,0.61000,-2.59000,-2.42000,-2.24000,-2.40000,30956.00000
0.63000,0.52000,0.61000,-2.40000,-2.29000,-2.22000,-2.40000,22756.00000
0.63000,0.51000,0.61000,-2.59000,-2.51000,-2.21000,-2.39000,14556.00000
0.62000,0.51000,0.61000,-2.59000,-2.62000,-2.21000,-2.39000,6396.00000
0.62000,0.51000,0.61000,-2.37000,-2.23000,-2.21000,-2.39000,-1776.00000
0.61000,0.50000,0.60000,-2.45000,-2.40000,-2.19000,-2.38000,-9964.00000
0.61000,0.50000,0.61000,-2.40000,-2.45000,-2.19000,-2.37000,-18064.00000
0.61000,0.50000,0.60000,-2.34000,-2.23000,-2.19000,-2.37000,-26272.00000
0.60000,0.49000,0.60000,-2.40000,-2.43000,-2.18000,-2.37000,31068.00000
0.60000,0.49000,0.61000,-2.17000,-2.45000,-2.18000,-2.37000,22924.00000
0.59000,0.49000,0.62000,-1.92000,-2.23000,-2.20000,-2.38000,14716.00000
0.59000,0.49000,0.62000,-2.09000,-2.48000,-2.22000,-2.40000,6520.00000
0.58000,0.48000,0.62000,-2.12000,-2.23000,-2.25000,-2.41000,-1576.00000
0.58000,0.48000,0.62000,-2.17000,-1.95000,-2.41000,-2.24000,-9700.00000
0.58000,0.48000,0.62000,-2.03000,-2.01000,-2.24000,-2.41000,-17848.00000
0.57000,0.47000,0.62000,-2.31000,-2.12000,-2.24000,-2.41000,-26012.00000
0.57000,0.47000,0.62000,-2.20000,-2.51000,-2.22000,-2.40000,31360.00000
0.56000,0.47000,0.63000,-2.09000,-2.42000,-2.24000,-2.41000,23196.00000
0.56000,0.46000,0.63000,-2.34000,-2.37000,-2.40000,-2.23000,14988.00000
0.55000,0.46000,0.63000,-2.29000,-2.37000,-2.40000,-2.23000,6812.00000
0.55000,0.46000,0.63000,-2.62000,-2.48000,-2.39000,-2.22000,-1344.00000
0.54000,0.45000,0.62000,-2.67000,-2.23000,-2.40000,-2.23000,-9468.00000
0.54000,0.45000,0.62000,-2.51000,-2.45000,-2.24000,-2.41000,-17644.00000
0.53000,0.45000,0.62000,-2.42000,-2.56000,-2.24000,-2.40000,-25816.00000
0.53000,0.44000,0.62000,-2.03000,-2.17000,-2.24000,-2.41000,31492.00000
0.53000,0.44000,0.63000,-2.20000,-2.40000,-2.41000,-2.24000,23308.00000
0.52000,0.44000,0.63000,-2.34000,-2.40000,-2.40000,-2.23000,15144.00000
0.52000,0.43000,0.62000,-2.23000,-1.98000,-2.40000,-2.22000,6996.00000
0.51000,0.43000,0.63000,-2.12000,-2.34000,-2.41000,-2.24000,-1156.00000
0.51000,0.43000,0.63000,-2.23000,-2.26000,-2.40000,-2.22000,-9288.00000
0.50000,0.43000,0.63000,-2.23000,-2.23000,-2.39000,-2.22000,-17424.00000
0.50000,0.42000,0.63000,-2.29000,-2.29000,-2.39000,-2.21000,-25564.00000
0.49000,0.42000,0.62000,-2.40000,-2.12000,-2.04000,-2.26000,31804.00000
0.49000,0.42000,0.63000,-1.92000,-2.31000,-2.00000,-2.23000,23652.00000
0.49000,0.41000,0.63000,-1.98000,-2.17000,-2.05000,-2.27000,15488.00000
0.48000,0.41000,0.63000,-2.15000,-2.09000,-2.06000,-2.28000,7328.00000
0.48000,0.41000,0.64000,-2.20000,-2.29000,-2.05000,-2.27000,-800.00000
0.47000,0.40000,0.63000,-2.23000,-2.12000,-2.06000,-2.28000,-8892.00000
0.47000,0.40000,0.64000,-2.15000,-2.34000,-2.04000,-2.26000,-17052.00000
0.47000,0.40000,0.64000,-2.20000,-2.23000,-2.06000,-2.28000,-25200.00000
0.46000,0.39000,0.64000,-2.34000,-2.48000,-2.06000,-2.28000,32188.00000
0.46000,0.39000,0.65000,-2.26000,-2.56000,-2.07000,-2.29000,23984.00000
0.45000,0.39000,0.65000,-2.34000,-2.51000,-2.10000,-2.31000,15796.00000
0.45000,0.38000,0.66000,-2.15000,-2.45000,-2.11000,-2.32000,7628.00000
0.44000,0.38000,0.66000,-2.17000,-2.43000,-2.14000,-2.34000,-544.00000
0.44000,0.38000,0.66000,-2.28000,-2.51000,-2.16000,-2.35000,-8600.00000
0.43000,0.37000,0.67000,-2.37000,-2.45000,-2.18000,-2.37000,-16788.00000
0.43000,0.37000,0.67000,-2.34000,-2.62000,-2.19000,-2.37000,-24992.00000
0.43000,0.37000,0.68000,-2.23000,-2.56000,-2.21000,-2.39000,32404.00000
0.42000,0.36000,0.68000,-1.87000,-2.09000,-2.23000,-2.40000,24188.00000
0.42000,0.36000,0.69000,-1.87000,-2.29000,-2.25000,-2.41000,16008.00000
0.41000,0.36000,0.69000,-1.90000,-2.09000,-2.39000,-2.22000,7888.00000
0.41000,0.35000,0.70000,-1.95000,-2.20000,-2.38000,-2.20000,-232.00000
0.41000,0.35000,0.71000,-1.98000,-2.40000,-2.37000,-2.18000,-8320.00000
0.40000,0.35000,0.71000,-2.29000,-2.31000,-2.34000,-2.14000,-16436.00000
0.40000,0.34000,0.70000,-2.15000,-2.01000,-2.33000,-2.13000,-24616.00000
0.39000,0.34000,0.70000,-2.42000,-2.34000,-2.34000,-2.14000,32720.00000
0.39000,0.34000,0.70000,-2.45000,-2.17000,-2.34000,-2.15000,24532.00000
0.39000,0.33000,0.70000,-2.51000,-2.40000,-2.36000,-2.17000,16356.00000
0.38000,0.33000,0.69000,-2.62000,-2.42000,-2.37000,-2.18000,8168.00000
0.38000,0.32000,0.68000,-2.73000,-2.37000,-2.38000,-2.19000,36.00000
0.37000,0.32000,0.68000,-2.56000,-2.54000,-2.39000,-2.22000,-8032.00000
0.37000,0.32000,0.68000,-2.48000,-2.29000,-2.40000,-2.22000,-16200.00000
0.36000,0.31000,0.68000,-2.56000,-2.43000,-2.40000,-2.23000,-24412.00000
0.36000,0.31000,0.68000,-2.48000,-2.37000,-2.41000,-2.24000,-32568.00000
0.35000,0.31000,0.67000,-2.31000,-2.26000,-2.24000,-2.41000,24788.00000
0.35000,0.30000,0.67000,-2.43000,-2.26000,-2.24000,-2.41000,16544.00000
0.34000,0.30000,0.67000,-2.28000,-2.31000,-2.23000,-2.40000,8424.00000
0.34000,0.30000,0.67000,-1.87000,-1.84000,-2.23000,-2.40000,256.00000
0.34000,0.29000,0.67000,-2.09000,-1.98000,-2.23000,-2.40000,-7808.00000
0.33000,0.29000,0.67000,-1.92000,-1.87000,-2.22000,-2.39000,-15880.00000
0.33000,0.29000,0.67000,-1.95000,-2.06000,-2.21000,-2.39000,-24044.00000
0.33000,0.29000,0.67000,-1.90000,-2.12000,-2.22000,-2.39000,-32192.00000
0.32000,0.28000,0.68000,-2.20000,-2.23000,-2.24000,-2.40000,25156.00000
0.32000,0.28000,0.68000,-2.34000,-2.42000,-2.24000,-2.41000,17012.00000
0.31000,0.28000,0.68000,-2.17000,-2.12000,-2.24000,-2.41000,8848.00000
0.31000,0.27000,0.67000,-2.48000,-2.43000,-2.24000,-2.41000,660.00000
0.30000,0.27000,0.68000,-2.54000,-2.65000,-2.23000,-2.40000,-7392.00000
0.30000,0.26000,0.68000,-2.59000,-2.65000,-2.24000,-2.41000,-15540.00000
0.29000,0.26000,0.68000,-2.62000,-2.65000,-2.24000,-2.41000,-23744.00000
0.29000,0.26000,0.68000,-2.65000,-2.73000,-2.24000,-2.41000,-31964.00000
0.29000,0.25000,0.69000,-2.23000,-2.54000,-2.41000,-2.25000,25452.00000
0.28000,0.25000,0.69000,-2.23000,-2.34000,-2.40000,-2.22000,17228.00000
0.28000,0.25000,0.69000,-2.31000,-2.42000,-2.39000,-2.21000,9048.00000
0.27000,0.24000,0.68000,-2.67000,-2.40000,-2.38000,-2.20000,908.00000
0.27000,0.24000,0.68000,-2.54000,-2.43000,-2.39000,-2.22000,-7208.00000
0.26000,0.23000,0.68000,-2.54000,-2.48000,-2.04000,-2.26000,-15360.00000
0.26000,0.23000,0.69000,-2.03000,-2.26000,-2.02000,-2.25000,-23496.00000
0.26000,0.23000,0.69000,-1.90000,-1.92000,-2.05000,-2.27000,-31712.00000
0.25000,0.22000,0.69000,-1.87000,-2.15000,-2.05000,-2.27000,25664.00000
0.25000,0.22000,0.70000,-1.90000,-2.06000,-2.08000,-2.29000,17508.00000
0.24000,0.22000,0.71000,-1.67000,-2.34000,-2.09000,-2.30000,9368.00000
0.24000,0.22000,0.71000,-2.06000,-2.29000,-2.16000,-2.35000,1272.00000
0.24000,0.21000,0.71000,-2.09000,-2.03000,-2.18000,-2.36000,-6864.00000
0.23000,0.21000,0.71000,-2.34000,-2.29000,-2.17000,-2.36000,-15024.00000
0.23000,0.20000,0.71000,-2.48000,-2.54000,-2.16000,-2.35000,-23172.00000
0.22000,0.20000,0.72000,-2.15000,-2.42000,-2.17000,-2.36000,-31376.00000
0.22000,0.20000,0.72000,-2.34000,-2.59000,-2.19000,-2.37000,25940.00000
0.21000,0.19000,0.72000,-2.48000,-2.59000,-2.21000,-2.39000,17784.00000
0.21000,0.19000,0.72000,-2.15000,-2.09000,-2.22000,-2.39000,9560.00000
0.21000,0.19000,0.73000,-2.34000,-2.51000,-2.21000,-2.39000,1428.00000
0.20000,0.18000,0.73000,-2.28000,-2.40000,-2.22000,-2.40000,-6668.00000
0.20000,0.18000,0.73000,-2.26000,-2.42000,-2.23000,-2.40000,-14848.00000
0.19000,0.17000,0.73000,-2.54000,-2.68000,-2.24000,-2.41000,-23032.00000
0.19000,0.17000,0.74000,-2.20000,-2.31000,-2.41000,-2.24000,-31180.00000
0.19000,0.17000,0.73000,-2.17000,-2.09000,-2.41000,-2.24000,26136.00000
0.18000,0.16000,0.74000,-2.12000,-2.23000,-2.41000,-2.24000,17952.00000
0.18000,0.16000,0.74000,-1.70000,-1.73000,-2.40000,-2.23000,9840.00000
0.18000,0.16000,0.74000,-2.06000,-2.12000,-2.40000,-2.23000,1680.00000
0.17000,0.15000,0.74000,-2.17000,-2.17000,-2.40000,-2.23000,-6384.00000
0.17000,0.15000,0.74000,-2.34000,-2.43000,-2.40000,-2.23000,-14520.00000
0.16000,0.15000,0.74000,-2.48000,-2.56000,-2.40000,-2.22000,-22684.00000
0.16000,0.14000,0.74000,-2.20000,-2.26000,-2.39000,-2.21000,-30860.00000
0.15000,0.14000,0.74000,-2.45000,-2.31000,-2.39000,-2.21000,26440.00000
0.15000,0.14000,0.74000,-2.40000,-2.34000,-2.39000,-2.22000,18284.00000
0.15000,0.13000,0.74000,-2.15000,-2.17000,-2.40000,-2.22000,10084.00000
0.14000,0.13000,0.74000,-2.51000,-2.54000,-2.39000,-2.22000,1864.00000
0.14000,0.12000,0.74000,-2.54000,-2.34000,-2.39000,-2.22000,-6232.00000
0.13000,0.12000,0.73000,-2.56000,-2.42000,-2.40000,-2.23000,-14432.00000
0.13000,0.12000,0.74000,-2.51000,-2.70000,-2.41000,-2.24000,-22640.00000
0.12000,0.11000,0.73000,-2.84000,-2.56000,-2.40000,-2.22000,-30812.00000
0.12000,0.11000,0.73000,-2.51000,-2.28000,-2.41000,-2.24000,26532.00000
0.12000,0.10000,0.72000,-2.70000,-2.56000,-2.24000,-2.41000,18308.00000
0.11000,0.10000,0.72000,-2.68000,-2.56000,-2.23000,-2.40000,10128.00000
0.11000,0.10000,0.72000,-2.31000,-2.26000,-2.22000,-2.39000,1984.00000
0.10000,0.09000,0.72000,-1.92000,-2.06000,-2.21000,-2.39000,-6180.00000
0.10000,0.09000,0.73000,-2.06000,-2.17000,-2.22000,-2.40000,-14296.00000
0.10000,0.09000,0.73000,-1.78000,-1.78000,-2.23000,-2.40000,-22432.00000
0.09000,0.08000,0.73000,-2.23000,-2.26000,-2.23000,-2.40000,-30556.00000
0.09000,0.08000,0.73000,-2.01000,-2.12000,-2.23000,-2.40000,26820.00000
0.08000,0.08000,0.73000,-2.56000,-2.54000,-2.24000,-2.41000,18648.00000
0.08000,0.07000,0.73000,-2.56000,-2.54000,-2.23000,-2.40000,10496.00000
0.08000,0.07000,0.73000,-2.34000,-2.42000,-2.23000,-2.40000,2308.00000
0.07000,0.06000,0.73000,-2.56000,-2.51000,-2.24000,-2.41000,-5844.00000
0.07000,0.06000,0.73000,-2.62000,-2.56000,-2.23000,-2.40000,-13972.00000
0.06000,0.06000,0.73000,-2.31000,-2.31000,-2.23000,-2.40000,-22112.00000
0.06000,0.05000,0.73000,-2.34000,-2.34000,-2.23000,-2.40000,-30296.00000
0.05000,0.05000,0.73000,-2.56000,-2.62000,-2.22000,-2.40000,27112.00000
0.05000,0.04000,0.73000,-2.23000,-2.37000,-2.23000,-2.40000,18968.00000
0.04000,0.04000,0.73000,-2.34000,-2.43000,-2.23000,-2.40000,10780.00000
0.04000,0.04000,0.74000,-2.43000,-2.59000,-2.24000,-2.41000,2612.00000
0.04000,0.03000,0.74000,-1.89000,-2.03000,-2.41000,-2.25000,-5448.00000
0.03000,0.03000,0.74000,-2.15000,-2.17000,-2.41000,-2.24000,-13616.00000
