,Wd,We,"theta(Wd,We)","x(Wd,We)","y(Wd,We)",Wd_true,We_true
0.0,2.2262696659232803,2.2410897102796663,0.0030430185989968597,-0.0363433484426467,1.5001213653938297,0.09877633235575194,-0.7532133910679331
0.07,2.2269599436865324,2.2416227818172896,0.0032696192581752404,-0.030675482350916446,1.4998189764487713,0.1715227012199283,-0.5901820139801099
0.14,2.2276502214497853,2.242155853354913,0.0034927599672937076,-0.025007616259186193,1.4995165875037126,0.2442690700841046,-0.4271506368922869
0.21,2.2283404992130373,2.242688924892536,0.003712451068113588,-0.01933975016745594,1.4992141985586542,0.31701543894828094,-0.264119259804464
0.28,2.2290307769762894,2.243221996430159,0.003928702902396205,-0.013671884075725685,1.4989118096135958,0.3897618078124573,-0.10108788271664082
0.35,2.2297210547395423,2.2437550679677822,0.004141525811902887,-0.008004017983995432,1.4986094206685374,0.4625081766766337,0.061943494371182184
0.42,2.2304113325027943,2.2442881395054055,0.004350930138394959,-0.00233615189226518,1.4983070317234788,0.5352545455408099,0.22497487145900502
0.49,2.231101610266047,2.2448212110430292,0.004556926223633746,0.003331714199465062,1.4980046427784204,0.6080009144049863,0.38800624854682814
0.56,2.2317918880292997,2.2453542825806525,0.004759524409380573,0.008999580291195325,1.497702253833362,0.6807472832691627,0.5510376256346514
0.63,2.2324821657925518,2.245887354118276,0.004958735037396766,0.014667446382925574,1.4973998648883036,0.753493652133339,0.7140690027224742
0.7,2.2331724435558042,2.246420425655899,0.00515456844944365,0.02033531247465583,1.4970974759432452,0.8262400209975154,0.8771003798102972
0.77,2.2338627213190567,2.2469534971935223,0.0053470349872825505,0.026003178566386072,1.4967950869981865,0.8989863898616917,1.0401317568981203
0.84,2.234552999082309,2.247486568731145,0.005536144992674794,0.03167104465811633,1.4964926980531281,0.9717327587258678,1.2031631339859432
0.91,2.2352432768455617,2.2480196402687684,0.005721908807381706,0.037338910749846584,1.49619030910807,1.0444791275900445,1.3661945110737665
0.98,2.2359335546088137,2.248552711806392,0.005904336773164611,0.043006776841576826,1.4958879201630113,1.1172254964542205,1.5292258881615894
1.05,2.236623832372066,2.249085783344015,0.006083439231784837,0.048674642933307095,1.495585531217953,1.189971865318397,1.6922572652494128
1.12,2.2373141101353187,2.2496188548816383,0.006259226525003706,0.05434250902503735,1.4952831422728945,1.2627182341825733,1.855288642337236
1.19,2.238004387898571,2.2501519264192615,0.006431708994582548,0.06001037511676758,1.4949807533278359,1.3354646030467496,2.0183200194250586
1.26,2.238694665661823,2.250684997956885,0.006600896982282684,0.06567824120849786,1.4946783643827775,1.408210971910926,2.0404737820515257
1.33,2.239384943425076,2.2512180694945085,0.0067668008298654445,0.0713461073002281,1.4943759754377188,1.4809573407751024,2.062627544677993
1.4,2.240075221188328,2.2517511410321314,0.006929430879092151,0.07701397339195835,1.4940735864926604,1.5537037096392787,2.08478130730446
1.47,2.2407654989515806,2.2522842125697546,0.00708879747172413,0.0826818394836886,1.4937711975476022,1.626450078503455,2.1069350699309273
1.54,2.241455776714833,2.2528172841073784,0.0072449109495227055,0.08834970557541885,1.4934688086025436,1.6991964473676315,2.129088832557395
1.61,2.2421460544780856,2.253350355645001,0.007397781654249208,0.09401757166714912,1.4931664196574852,1.771942816231808,2.151242595183862
1.68,2.2428363322413376,2.2538834271826245,0.007547419927664956,0.09968543775887936,1.4928640307124266,1.844689185095984,2.1733963578103292
1.75,2.24352661000459,2.2544164987202477,0.0076938361115312815,0.10535330385060963,1.4925616417673682,1.9174355539601606,2.1955501204367964
1.82,2.2442168877678426,2.254949570257871,0.007837040547609508,0.11102116994233988,1.4922592528223098,1.990181922824337,2.2177038830632636
1.89,2.2449071655310946,2.2554826417954943,0.007977043577660959,0.1166890360340701,1.4919568638772511,2.0629282916885128,2.239857645689731
1.96,2.245597443294347,2.2560157133331176,0.008113855543446962,0.12235690212580036,1.4916544749321927,2.1356746605526893,2.262011408316198
2.03,2.2462877210575996,2.256548784870741,0.008247486786728842,0.12802476821753062,1.491352085987134,2.2084210294168654,2.284165170942665
2.1,2.246977998820852,2.257081856408364,0.008377947649267926,0.1336926343092609,1.4910496970420757,2.2811673982810423,2.3063189335691328
2.17,2.2476682765841045,2.257614927945987,0.008505248472825537,0.1393605004009911,1.4907473080970173,2.3539137671452184,2.3284726961955995
2.24,2.248358554347357,2.2581479994836107,0.008629399599163005,0.1450283664927214,1.4904449191519589,2.426660136009395,2.350626458822067
2.31,2.24904883211061,2.2586810710212344,0.008750411370041655,0.15069623258445164,1.4901425302069002,2.499406504873571,2.3727802214485343
2.38,2.249739109873862,2.259214142558857,0.008868294127222806,0.15636409867618184,1.4898401412618416,2.5721528737377475,2.3949339840750015
2.45,2.2504293876371144,2.259747214096481,0.008983058212467789,0.16203196476791212,1.4895377523167834,2.562837085090825,2.3847543094501793
2.52,2.251119665400367,2.2602802856341038,0.009094713967537924,0.16769983085964238,1.489235363371725,2.5535212964439027,2.3745746348253576
2.59,2.251809943163619,2.260813357171727,0.009203271734194548,0.17336769695137264,1.4889329744266666,2.5442055077969807,2.364394960200536
2.66,2.2525002209268714,2.2613464287093503,0.00930874185419897,0.1790355630431029,1.4886305854816082,2.5348897191500583,2.3542152855757137
2.73,2.253190498690124,2.2618795002469736,0.009411134669312532,0.18470342913483315,1.4883281965365498,2.5255739305031355,2.344035610950892
2.8,2.253880776453376,2.262412571784597,0.009510460521296551,0.1903712952265634,1.4880258075914914,2.516258141856213,2.3338559363260702
2.87,2.2545710542166284,2.26294564332222,0.00960672975191235,0.1960391613182937,1.4877234186464328,2.5069423532092907,2.323676261701248
2.94,2.255261331979881,2.2634787148598434,0.00969995270292127,0.2017070274100239,1.4874210297013741,2.4976265645623688,2.3134965870764264
3.01,2.2559516097431334,2.2640117863974663,0.009790139716084617,0.20737489350175414,1.4871186407563157,2.4883107759154464,2.3033169124516046
3.08,2.256641887506386,2.26454485793509,0.009877301133163725,0.2130427595934844,1.4868162518112573,2.478994987268524,2.2931372378267825
3.15,2.2573321652696383,2.2650779294727132,0.009961447295919919,0.21871062568521468,1.486513862866199,2.4696791986216016,2.2829575632019607
3.22,2.2580224430328903,2.265611001010336,0.010042588546114527,0.22437849177694494,1.4862114739211403,2.460363409974679,2.272777888577139
3.29,2.258712720796143,2.26614407254796,0.010120735225508869,0.23004635786867517,1.4859090849760817,2.451047621327757,2.262598213952317
3.36,2.2594029985593953,2.266677144085583,0.010195897675864277,0.23571422396040542,1.4856066960310232,2.441731832680835,2.252418539327495
3.43,2.260093276322648,2.2672102156232063,0.010268086238942075,0.24138209005213568,1.485304307085965,2.4324160440339124,2.242238864702673
3.5,2.2607835540859003,2.2677432871608296,0.010337311256503586,0.24704995614386596,1.4850019181409067,2.42310025538699,2.2320591900778513
3.57,2.2614738318491527,2.268276358698453,0.010403583070310135,0.2527178222355962,1.484699529195848,2.4137844667400676,2.2218795154530295
3.64,2.2621641096124048,2.2688094302360757,0.01046691202212305,0.25838568832732645,1.4843971402507896,2.4044686780931457,2.2286885176402285
3.71,2.2628543873756573,2.2693425017736994,0.010527308453703655,0.26405355441905665,1.484094751305731,2.395152889446223,2.2354975198274265
3.78,2.2635446651389097,2.2698755733113227,0.01058478270681328,0.2697214205107869,1.4837923623606726,2.385837100799301,2.2423065220146254
3.85,2.264234942902162,2.270408644848946,0.010639345123213245,0.2753892866025172,1.4834899734156142,2.3765213121523785,2.249115524201824
3.92,2.2649252206654147,2.2709417163865693,0.010691006044664875,0.2810571526942474,1.4831875844705555,2.367205523505456,2.2559245263890224
3.99,2.265615498428667,2.2714747879241926,0.0107397758129295,0.28672501878597767,1.4828851955254971,2.3578897348585337,2.262733528576221
4.06,2.266305776191919,2.272007859461816,0.010785664769768446,0.2923928848777079,1.4825828065804385,2.3485739462116118,2.2695425307634194
4.13,2.2669960539551717,2.272540930999439,0.010828683256943035,0.2980607509694382,1.48228041763538,2.3392581575646894,2.276351532950618
4.2,2.267686331718424,2.2730740025370624,0.010868841616214594,0.3037286170611685,1.481978028690322,2.329942368917767,2.283160535137817
4.27,2.2683766094816766,2.273607074074685,0.010906150189344445,0.30939648315289864,1.4816756397452635,2.3206265802708446,2.2899695373250153
4.34,2.269066887244929,2.2741401456123085,0.010940619318093921,0.3150643492446289,1.4813732508002047,2.311310791623922,2.2967785395122142
4.41,2.2697571650081816,2.2746732171499318,0.010972259344224343,0.3207322153363592,1.4810708618551467,2.3019950029769998,2.3035875416994127
4.48,2.2704474427714336,2.275206288687555,0.011001080609497038,0.3264000814280895,1.4807684729100878,2.2926792143300774,2.310396543886611
4.55,2.271137720534686,2.2757393602251783,0.011027093455673324,0.3320679475198197,1.4804660839650297,2.283363425683155,2.3172055460738097
4.62,2.2718279982979386,2.2762724317628016,0.011050308224514539,0.33773581361155,1.4801636950199712,2.2740476370362326,2.324014548261008
4.69,2.2725182760611906,2.276805503300425,0.011070735257782004,0.34340367970328023,1.4798613060749126,2.2647318483893106,2.330823550448207
4.76,2.2732085538244435,2.277338574838048,0.011088384897237045,0.34907154579501043,1.4795589171298542,2.2554160597423882,2.3376325526354056
4.83,2.2738988315876956,2.2778716463756714,0.01110326748464098,0.3547394118867407,1.4792565281847956,2.2563349295383097,2.337276784934062
4.9,2.274589109350948,2.2784047179132947,0.011115393361755144,0.36040727797847094,1.4789541392397372,2.257253799334231,2.3369210172327173
4.97,2.2752793871142005,2.2789377894509184,0.01112477287034086,0.3660751440702012,1.4786517502946788,2.2581726691301527,2.3365652495313736
5.04,2.275969664877453,2.2794708609885417,0.011131416352159447,0.37174301016193145,1.4783493613496204,2.259091538926074,2.33620948183003
5.11,2.2766599426407055,2.2800039325261645,0.011135334148972241,0.37741087625366176,1.4780469724045617,2.260010408721996,2.3358537141286857
5.18,2.277350220403958,2.2805370040637882,0.011136536602540562,0.38307874234539196,1.4777445834595033,2.2609292785179176,2.3354979464273415
5.25,2.2780404981672104,2.281070075601411,0.011135034054625736,0.3887466084371222,1.477442194514445,2.2618481483138386,2.335142178725998
5.32,2.278730775930463,2.2816031471390343,0.011130836846989092,0.3944144745288525,1.4771398055693865,2.26276701810976,2.3347864110246537
5.39,2.279421053693715,2.2821362186766576,0.011123955321391944,0.40008234062058273,1.476837416624328,2.2636858879056816,2.3344306433233095
5.46,2.280111331456967,2.2826692902142804,0.011114399819595633,0.405750206712313,1.4765350276792695,2.264604757701603,2.334074875621966
5.53,2.2808016092202195,2.2832023617519037,0.011102180683361475,0.41141807280404324,1.4762326387342108,2.2655236274975246,2.333719107920622
5.6,2.2814918869834724,2.2837354332895274,0.0110873082544508,0.4170859388957735,1.4759302497891524,2.2664424972934465,2.333363340219278
5.67,2.2821821647467244,2.2842685048271507,0.011069792874624933,0.4227538049875038,1.475627860844094,2.2673613670893675,2.333007572517934
5.74,2.282872442509977,2.284801576364774,0.011049644885645192,0.42842167107923407,1.4753254718990356,2.2682802368852895,2.33265180481659
5.81,2.2835627202732294,2.2853346479023973,0.011026874629272918,0.4340895371709642,1.4750230829539772,2.269199106681211,2.3322960371152464
5.88,2.284252998036482,2.2858677194400205,0.011001492447269423,0.43975740326269447,1.4747206940089186,2.2701179764771324,2.331940269413902
5.95,2.2849432757997343,2.286400790977644,0.010973508681396037,0.4454252693544247,1.4744183050638602,2.271036846273054,2.331584501712558
6.02,2.2856335535629864,2.286933862515267,0.010942933673414082,0.451093135446155,1.4741159161188016,2.2719557160689754,2.3312287340112143
6.09,2.286323831326239,2.2874669340528904,0.01090977776508489,0.45676100153788524,1.4738135271737431,2.272874585864897,2.33087296630987
6.16,2.2870141090894913,2.288000005590513,0.010874051298169783,0.4624288676296155,1.4735111382286847,2.2737934556608184,2.3305171986085265
6.23,2.287704386852744,2.288533077128137,0.01083576461443009,0.46809673372134575,1.4732087492836263,2.27471232545674,2.3301614309071823
6.3,2.2883946646159963,2.28906614866576,0.010794928055627132,0.47376459981307606,1.472906360338568,2.2756311952526613,2.329805663205838
6.37,2.2890849423792483,2.2895992202033835,0.010751551963522236,0.4794324659048063,1.4726039713935093,2.276550065048583,2.3294498955044944
6.44,2.2897752201425012,2.2901322917410067,0.01070564667987673,0.48510033199653657,1.4723015824484509,2.2774689348445047,2.3290941278031503
6.51,2.2904654979057533,2.29066536327863,0.01065722254645194,0.4907681980882667,1.4719991935033927,2.278387804640426,2.328738360101806
6.58,2.291155775669006,2.2911984348162533,0.010606289905009185,0.496436064179997,1.471696804558334,2.2793066744363473,2.3283825924004624
6.65,2.2918460534322582,2.2917315063538766,0.01055285909730979,0.5021039302717273,1.4713944156132757,2.2802255442322688,2.3280268246991187
6.72,2.2925363311955103,2.2922645778914994,0.01049694046511509,0.5077717963634576,1.471092026668217,2.2811444140281902,2.3276710569977745
6.79,2.2932266089587627,2.2927976494291227,0.010438544350186409,0.5134396624551878,1.4707896377231586,2.2820632838241117,2.327315289296431
6.86,2.293916886722015,2.2933307209667464,0.010377681094285062,0.5191075285469181,1.4704872487781002,2.2829821536200336,2.3269595215950867
6.93,2.2946071644852677,2.2938637925043697,0.010314361039172385,0.5247753946386483,1.4701848598330416,2.283901023415955,2.3266037538937425
7.0,2.29529744224852,2.2943968640419925,0.010248594526609705,0.5304432607303786,1.4698824708879832,2.2848198932118766,2.3262479861923984
7.07,2.295987720011772,2.294929935579616,0.010180391898358338,0.5361111268221089,1.4695800819429246,2.2857387630077977,2.3258922184910547
7.14,2.2966779977750247,2.295463007117239,0.010109763496179612,0.541778992913839,1.4692776929978661,2.2866576328037196,2.325536450789711
7.21,2.297368275538277,2.2959960786548623,0.010036719661834866,0.5474468590055693,1.4689753040528077,2.287576502599641,2.325180683088367
7.28,2.2980585533015296,2.2965291501924856,0.009961270737085404,0.5531147250972996,1.4686729151077493,2.2884953723955626,2.3248249153870226
7.35,2.298748831064782,2.297062221730109,0.00988342706369257,0.5587825911890297,1.468370526162691,2.289414242191484,2.324469147685679
7.42,2.2994391088280346,2.297595293267732,0.009803198983417676,0.56445045728076,1.4680681372176323,2.2903331119874055,2.324113379984335
7.49,2.300129386591287,2.298128364805356,0.009720596838022056,0.5701183233724902,1.467765748272574,2.291251981783327,2.323757612282991
7.56,2.3008196643545396,2.298661436342979,0.009635630969267039,0.5757861894642206,1.4674633593275155,2.2921708515792485,2.323401844581647
7.63,2.301509942117792,2.2991945078806024,0.009548311718913934,0.5814540555559509,1.467160970382457,2.2930897213751704,2.3230460768803027
7.7,2.3022002198810445,2.2997275794182257,0.00945864942872408,0.5871219216476811,1.4668585814373987,2.2940085911710915,2.322690309178959
7.77,2.3028904976442965,2.300260650955849,0.009366654440458807,0.5927897877394113,1.46655619249234,2.294927460967013,2.3223345414776153
7.84,2.303580775407549,2.300793722493472,0.009272337095879423,0.5984576538311415,1.4662538035472816,2.2958463307629344,2.321978773776271
7.91,2.304271053170801,2.3013267940310955,0.009175707736747273,0.6041255199228718,1.4659514146022232,2.2967652005588564,2.321623006074927
7.98,2.304961330934054,2.3018598655687184,0.009076776704823665,0.6097933860146021,1.4656490256571648,2.297684070354778,2.3212672383735833
8.05,2.305651608697306,2.302392937106341,0.008975554341869935,0.6154612521063323,1.4653466367121064,2.2986029401506993,2.320911470672239
8.12,2.3063418864605585,2.302926008643965,0.008872050989647412,0.6211291181980626,1.465044247767048,2.299521809946621,2.3205557029708954
8.19,2.307032164223811,2.303459080181588,0.008766276989917408,0.6267969842897928,1.4647418588219896,2.3004406797425423,2.3201999352695513
8.26,2.3077224419870634,2.3039921517192115,0.008658242684441268,0.6324648503815231,1.464439469876931,2.3013595495384638,2.319844167568207
8.33,2.308412719750316,2.3045252232568347,0.008547958414980296,0.6381327164732534,1.4641370809318723,2.3022784193343853,2.3194883998668634
8.4,2.309102997513568,2.305058294794458,0.00843543452329583,0.6438005825649836,1.463834691986814,2.3031972891303063,2.3191326321655192
8.47,2.3097932752768204,2.3055913663320813,0.008320681351149196,0.6494684486567139,1.4635323030417555,2.3041161589262282,2.3187768644641755
8.54,2.310483553040073,2.3061244378697046,0.008203709240301716,0.655136314748444,1.4632299140966971,2.3050350287221497,2.3184210967628314
8.61,2.3111738308033254,2.306657509407328,0.008084528532514719,0.6608041808401742,1.4629275251516385,2.305953898518071,2.3180653290614877
8.68,2.311864108566578,2.307190580944951,0.007963149569549521,0.6664720469319045,1.4626251362065799,2.3068727683139927,2.3177095613601435
8.75,2.31255438632983,2.3077236524825744,0.00783958269316746,0.6721399130236347,1.4623227472615214,2.307791638109914,2.3173537936588
8.82,2.3132446640930824,2.3082567240201977,0.007713838245129854,0.677807779115365,1.462020358316463,2.3087105079058357,2.3169980259574556
8.89,2.313934941856335,2.308789795557821,0.007585926567198033,0.6834756452070955,1.4617179693714046,2.3096293777017576,2.316642258256112
8.96,2.3146252196195873,2.309322867095444,0.007455858001133316,0.6891435112988257,1.4614155804263462,2.3105482474976786,2.3162864905547678
9.03,2.31531549738284,2.3098559386330675,0.007323642888697039,0.6948113773905559,1.4611131914812878,2.3114671172936,2.315930722853424
9.1,2.3160057751460923,2.3103890101706908,0.007189291571650517,0.7004792434822861,1.4608108025362292,2.312385987089522,2.31557495515208
9.17,2.3166960529093448,2.310922081708314,0.007052814391755083,0.7061471095740164,1.4605084135911708,2.3133048568854435,2.3152191874507357
9.24,2.317386330672597,2.3114551532459373,0.006914221690772054,0.7118149756657467,1.4602060246461124,2.314223726681365,2.314863419749392
9.31,2.318076608435849,2.31198822478356,0.0067735238104627655,0.7174828417574769,1.4599036357010537,2.315142596477286,2.314507652048048
9.38,2.3187668861991018,2.312521296321184,0.00663073109258854,0.7231507078492072,1.4596012467559953,2.316061466273208,2.314151884346704
9.45,2.319457163962354,2.313054367858807,0.006485853878910704,0.7288185739409373,1.459298857810937,2.3169803360691295,2.31379611664536
9.52,2.3201474417256067,2.3135874393964304,0.006338902511190578,0.7344864400326675,1.4589964688658783,2.316785989456957,2.313419343866242
9.59,2.3208377194888588,2.3141205109340532,0.006189887331189489,0.7401543061243978,1.4586940799208201,2.316591642844784,2.313042571087123
9.66,2.321527997252111,2.314653582471677,0.006038818680668763,0.745822172216128,1.4583916909757615,2.316397296232611,2.3126657983080046
9.73,2.3222182750153637,2.3151866540093,0.005885706901389726,0.7514900383078583,1.4580893020307033,2.316202949620439,2.3122890255288864
9.8,2.3229085527786157,2.3157197255469235,0.0057305623351137066,0.7571579043995886,1.4577869130856445,2.316008603008266,2.3119122527497677
9.87,2.3235988305418687,2.316252797084547,0.005573395323602032,0.7628257704913188,1.457484524140586,2.3158142563960937,2.3115354799706496
9.94,2.324289108305121,2.31678586862217,0.005414216208616016,0.7684936365830491,1.4571821351955276,2.315619909783921,2.311158707191531
10.01,2.3249793860683736,2.3173189401597933,0.005253035331916997,0.7741615026747793,1.4568797462504695,2.315425563171748,2.3107819344124128
10.08,2.3256696638316257,2.3178520116974166,0.005089863035266295,0.7798293687665097,1.4565773573054108,2.315231216559576,2.3104051616332946
10.15,2.326359941594878,2.3183850832350394,0.004924709660425231,0.78549723485824,1.4562749683603524,2.315036869947403,2.3100283888541764
10.22,2.3270502193581306,2.318918154772663,0.0047575855491551414,0.7911651009499702,1.4559725794152938,2.3148425233352308,2.309651616075058
10.29,2.3277404971213826,2.319451226310286,0.004588501043217345,0.7968329670417004,1.4556701904702354,2.3146481767230576,2.3092748432959396
10.36,2.328430774884635,2.3199842978479097,0.0044174664843731675,0.8025008331334307,1.455367801525177,2.3144538301108852,2.308898070516821
10.43,2.3291210526478876,2.320517369385533,0.004244492214383932,0.8081686992251609,1.4550654125801186,2.314259483498713,2.3085212977377028
10.5,2.32981133041114,2.321050440923156,0.004069588575010969,0.8138365653168912,1.45476302363506,2.3140651368865397,2.308144524958584
10.57,2.3305016081743926,2.321583512460779,0.0038927659080156022,0.8195044314086214,1.4544606346900013,2.3138707902743674,2.307767752179466
10.64,2.331191885937645,2.3221165839984024,0.003714034555159158,0.8251722975003517,1.454158245744943,2.313676443662195,2.3073909794003473
10.71,2.3318821637008975,2.3226496555360256,0.0035334048582029622,0.830840163592082,1.4538558567998847,2.313482097050022,2.307014206621229
10.78,2.3325724414641495,2.3231827270736494,0.00335088715890834,0.8365080296838121,1.453553467854826,2.3132877504378495,2.3066374338421105
10.85,2.333262719227402,2.323715798611272,0.003166491799036616,0.8421758957755424,1.4532510789097675,2.3130934038256767,2.3062606610629923
10.92,2.3339529969906545,2.3242488701488955,0.0029802291203491135,0.8478437618672726,1.452948689964709,2.312899057213504,2.3058838882838737
10.99,2.3346432747539065,2.3247819416865187,0.002792109464607161,0.8535116279590029,1.4526463010196506,2.3127047106013316,2.3055071155047555
11.06,2.335333552517159,2.325315013224142,0.002602143173572086,0.8591794940507332,1.4523439120745922,2.312510363989159,2.3051303427256373
11.13,2.3360238302804115,2.3258480847617653,0.0024103405890052096,0.8648473601424634,1.4520415231295338,2.312316017376986,2.304753569946519
11.2,2.3367141080436644,2.3263811562993886,0.0022167120526678675,0.8705152262341938,1.4517391341844754,2.3121216707648133,2.3043767971674005
11.27,2.3374043858069165,2.326914227837012,0.002021267906321369,0.8761830923259241,1.4514367452394168,2.311927324152641,2.304000024388282
11.34,2.338094663570169,2.3274472993746356,0.001824018491727049,0.8818509584176543,1.4511343562943584,2.3117329775404682,2.3036232516091637
11.41,2.3387849413334214,2.3279803709122584,0.0016249741506462355,0.8875188245093846,1.4508319673492998,2.3115386309282955,2.303246478830045
11.48,2.3394752190966734,2.328513442449882,0.0014241452248402488,0.8931866906011148,1.4505295784042413,2.311344284316123,2.302869706050927
11.55,2.3401654968599264,2.329046513987505,0.0012215420560704147,0.8988545566928451,1.450227189459183,2.3111499377039504,2.3024929332718083
11.62,2.3408557746231784,2.3295795855251282,0.0010171749860980678,0.9045224227845752,1.4499248005141245,2.310955591091778,2.30211616049269
11.69,2.341546052386431,2.3301126570627515,0.000811054356684519,0.9101902888763054,1.4496224115690661,2.3107612444796053,2.301739387713572
11.76,2.3422363301496834,2.3306457286003748,0.0006031905095911028,0.9158581549680357,1.4493200226240077,2.3105668978674325,2.3013626149344537
11.83,2.3429266079129354,2.331178800137998,0.00039359378657914147,0.9215260210597659,1.4490176336789493,2.3103725512552598,2.300985842155335
11.9,2.343616885676188,2.3317118716756213,0.00018227452940996428,0.9271938871514962,1.4487152447338907,2.310178204643087,2.3006090693762165
11.97,2.3443071634394403,2.3322449432132446,-3.075692015510646e-05,0.9328617532432265,1.4484128557888323,2.3099838580309147,2.3002322965970983
12.04,2.344997441202693,2.332778014750868,-0.0002454902203547398,0.9385296193349566,1.4481104668437739,2.3097895114187423,2.29985552381798
12.11,2.3456877189659453,2.333311086288491,-0.0004619150294276203,0.9441974854266869,1.4478080778987152,2.309595164806569,2.2994787510388615
12.18,2.3463779967291973,2.333844157826114,-0.0006800210056124127,0.9498653515184172,1.4475056889536568,2.309400818194397,2.2991019782597433
12.25,2.34706827449245,2.3343772293637377,-0.0008997978071477973,0.9555332176101474,1.4472033000085982,2.309206471582224,2.2987252054806246
12.32,2.3477585522557023,2.3349103009013605,-0.0011212350922724492,0.9612010837018777,1.4469009110635398,2.3090121249700513,2.2983484327015065
12.39,2.3484488300189548,2.3354433724389843,-0.0013443225192250321,0.9668689497936079,1.4465985221184814,2.308817778357879,2.297971659922388
12.46,2.3491391077822072,2.3359764439766075,-0.0015690497462442369,0.9725368158853382,1.4462961331734228,2.308623431745706,2.2975948871432696
12.53,2.3498293855454597,2.336509515514231,-0.0017954064315687168,0.9782046819770686,1.4459937442283644,2.3084290851335334,2.297218114364151
12.6,2.350519663308712,2.337042587051854,-0.0020233822334371704,0.9838725480687988,1.445691355283306,2.308234738521361,2.296841341585033
12.67,2.3512099410719647,2.3375756585894774,-0.00225296681008826,0.9895404141605291,1.4453889663382475,2.3080403919091883,2.2964645688059147
12.74,2.351900218835217,2.3381087301271006,-0.002484149819760656,0.9952082802522593,1.4450865773931891,2.3078460452970155,2.296087796026796
12.81,2.352590496598469,2.338641801664724,-0.0027169209206930403,1.0008761463439897,1.4447841884481305,2.307651698684843,2.295711023247678
12.88,2.353280774361722,2.339174873202347,-0.002951269771124086,1.00654401243572,1.444481799503072,2.3074573520726704,2.295334250468559
12.95,2.353971052124974,2.3397079447399705,-0.003187186029292459,1.0122118785274499,1.4441794105580135,2.3072630054604977,2.294957477689441
13.02,2.354661329888226,2.3402410162775933,-0.0034246593534368467,1.01787974461918,1.443877021612955,2.307068658848325,2.2945807049103224
13.09,2.355351607651479,2.340774087815217,-0.003663679401795919,1.0235476107109105,1.4435746326678967,2.306874312236152,2.294203932131204
13.16,2.356041885414731,2.3413071593528403,-0.0039042358326083467,1.0292154768026407,1.4432722437228382,2.30667996562398,2.2938271593520856
13.23,2.3567321631779836,2.341840230890463,-0.004146318304112807,1.034883342894371,1.4429698547777798,2.3064856190118075,2.2934503865729674
13.3,2.357422440941236,2.3423733024280864,-0.004389916474547978,1.0405512089861013,1.4426674658327212,2.3062912723996347,2.293073613793849
13.37,2.358112718704488,2.3429063739657097,-0.004635020002152515,1.0462190750778313,1.442365076887663,2.306096925787462,2.2926968410147306
13.44,2.3588029964677406,2.343439445503333,-0.0048816185451651195,1.0518869411695617,1.4420626879426046,2.305902579175289,2.2923200682356124
13.51,2.359493274230993,2.343972517040956,-0.005129701761824454,1.0575548072612921,1.441760298997546,2.3057082325631164,2.291943295456494
13.58,2.360183551994245,2.3445055885785795,-0.005379259310369191,1.0632226733530223,1.4414579100524876,2.305513885950944,2.2915665226773756
13.65,2.360873829757498,2.3450386601162028,-0.005630280849038011,1.0688905394447525,1.441155521107429,2.3053195393387713,2.2911897498982574
13.72,2.36156410752075,2.345571731653826,-0.005882756036069577,1.074558405536483,1.4408531321623705,2.3051251927265985,2.290812977119139
13.79,2.362254385284003,2.3461048031914498,-0.006136674529702573,1.0802262716282132,1.4405507432173121,2.3049308461144262,2.29043620434002
13.86,2.3629446630472555,2.3466378747290726,-0.006392025988175668,1.0858941377199434,1.4402483542722535,2.3047364995022535,2.290059431560902
13.93,2.363634940810508,2.3471709462666963,-0.006648800069727548,1.0915620038116736,1.439945965327195,2.3045421528900807,2.289682658781784
14.0,2.36432521857376,2.347704017804319,-0.006906986432596873,1.097229869903404,1.4396435763821367,2.3043478062779084,2.2893058860026656
14.07,2.3650154963370125,2.348237089341943,-0.007166574735022328,1.1028977359951342,1.4393411874370783,2.304153459665735,2.288929113223547
14.14,2.365705774100265,2.3487701608795657,-0.00742755463524258,1.1085656020868644,1.4390387984920197,2.303959113053563,2.2885523404444283
14.21,2.3663960518635174,2.349303232417189,-0.0076899157914963046,1.1142334681785948,1.4387364095469612,2.3037647664413905,2.28817556766531
14.28,2.36708632962677,2.3498363039548122,-0.007953647862022174,1.1199013342703248,1.4384340206019028,2.3035704198292177,2.287798794886192
14.35,2.367776607390022,2.3503693754924355,-0.008218740505058872,1.125569200362055,1.4381316316568442,2.303376073217045,2.2874220221070733
14.42,2.3684668851532744,2.350902447030059,-0.008485183378845067,1.1312370664537854,1.4378292427117858,2.3031817266048726,2.2870452493279547
14.49,2.369157162916527,2.351435518567682,-0.00875296614161943,1.1369049325455156,1.4375268537667274,2.3029873799926994,2.2866684765488365
14.56,2.3698474406797794,2.3519685901053053,-0.009022078451620646,1.1425727986372458,1.4372244648216688,2.302793033380527,2.2862917037697184
14.63,2.370537718443032,2.3525016616429286,-0.009292509967087382,1.1482406647289762,1.4369220758766104,2.3025986867683548,2.2859149309905997
14.7,2.371227996206284,2.353034733180552,-0.009564250346258305,1.1539085308207062,1.436619686931552,2.302404340156182,2.2855381582114815
14.77,2.3719182739695364,2.353567804718175,-0.009837289247372106,1.1595763969124364,1.4363172979864935,2.3022099935440092,2.285161385432363
14.84,2.372608551732789,2.3541008762557984,-0.01011161632866745,1.1652442630041666,1.4360149090414351,2.302015646931837,2.2847846126532447
14.91,2.3732988294960413,2.3546339477934217,-0.01038722124838301,1.170912129095897,1.4357125200963765,2.301821300319664,2.284407839874126
14.98,2.373989107259294,2.355167019331045,-0.010664093664757467,1.1765799951876272,1.4354101311513183,2.3016269537074914,2.284031067095008
15.05,2.374679385022546,2.3557000908686683,-0.01094222323602949,1.1822478612793574,1.4351077422062597,2.3014326070953186,2.2836542943158893
15.12,2.3753696627857983,2.3562331624062915,-0.011221599620437749,1.1879157273710879,1.4348053532612013,2.301238260483146,2.283277521536771
15.19,2.376059940549051,2.356766233943915,-0.011502212476220929,1.193583593462818,1.4345029643161429,2.3010439138709735,2.282900748757653
15.26,2.3767502183123033,2.357299305481538,-0.0117840514616177,1.1992514595545483,1.4342005753710843,2.300849567258801,2.2825239759785343
15.33,2.3774404960755557,2.3578323770191614,-0.012067106234866742,1.2049193256462787,1.4338981864260258,2.300655220646628,2.282147203199416
15.4,2.378130773838808,2.3583654485567846,-0.012351366454206716,1.2105871917380089,1.4335957974809674,2.3004608740344556,2.2817704304202975
15.47,2.3788210516020603,2.358898520094408,-0.012636821777876303,1.216255057829739,1.433293408535909,2.300266527422283,2.2813936576411793
15.54,2.3795113293653127,2.359431591632031,-0.012923461864114177,1.2219229239214693,1.4329910195908506,2.30007218081011,2.281016884862061
15.61,2.380201607128565,2.359964663169654,-0.013211276371159018,1.2275907900131995,1.4326886306457918,2.299877834197938,2.2806401120829425
15.68,2.3808918848918172,2.3604977347072778,-0.013500254957249496,1.2332586561049297,1.4323862417007334,2.299683487585765,2.2802633393038243
15.75,2.38158216265507,2.361030806244901,-0.013790387280624285,1.2389265221966599,1.432083852755675,2.2994891409735927,2.2798865665247057
15.82,2.382272440418322,2.3615638777825243,-0.014081662999522064,1.2445943882883903,1.4317814638106166,2.29929479436142,2.2795097937455875
15.89,2.382962718181575,2.3620969493201476,-0.014374071772181501,1.2502622543801205,1.4314790748655581,2.299100447749247,2.279133020966469
15.96,2.383652995944827,2.362630020857771,-0.014667603256841275,1.2559301204718507,1.4311766859204995,2.298906101137075,2.2787562481873507
16.03,2.3843432737080796,2.3631630923953937,-0.014962247111740058,1.2615979865635811,1.430874296975441,2.298711754524902,2.278379475408232
16.1,2.385033551471332,2.363696163933017,-0.015257992995116525,1.2672658526553113,1.4305719080303827,2.2985174079127293,2.278002702629114
16.17,2.385723829234584,2.3642292354706407,-0.01555483056520935,1.2729337187470415,1.4302695190853243,2.2983230613005565,2.2776259298499952
16.24,2.3864141069978366,2.364762307008264,-0.01585274948025719,1.278601584838772,1.4299671301402657,2.298128714688384,2.277249157070877
16.31,2.387104384761089,2.3652953785458872,-0.01615173939849876,1.2842694509305022,1.4296647411952073,2.2979343680762114,2.276872384291759
16.38,2.3877946625243416,2.3658284500835105,-0.016451789978172704,1.2899373170222324,1.4293623522501488,2.2977400214640387,2.2764956115126402
16.45,2.388484940287594,2.3663615216211333,-0.016752890877517707,1.2956051831139628,1.4290599633050904,2.297545674851866,2.276118838733522
16.52,2.3891752180508465,2.366894593158757,-0.01705503175477244,1.301273049205693,1.428757574360032,2.297351328239693,2.2757420659544034
16.59,2.3898654958140986,2.36742766469638,-0.01735820226817558,1.3069409152974232,1.4284551854149734,2.297156981627521,2.2753652931752852
16.66,2.3905557735773515,2.367960736234003,-0.017662392075965795,1.3126087813891534,1.4281527964699148,2.296962635015348,2.2749885203961666
16.73,2.3912460513406035,2.368493807771627,-0.017967590836381768,1.3182766474808838,1.4278504075248564,2.2967682884031753,2.2746117476170484
16.8,2.391936329103856,2.3690268793092497,-0.018273788207662164,1.323944513572614,1.427548018579798,2.296573941791003,2.2742349748379302
16.87,2.3926266068671085,2.369559950846873,-0.01858097384804567,1.3296123796643442,1.4272456296347396,2.2963795951788306,2.2738582020588116
16.94,2.3933168846303605,2.3700930223844967,-0.018889137415770946,1.3352802457560746,1.4269432406896811,2.296185248566658,2.2734814292796934
17.01,2.3940071623936134,2.3706260939221195,-0.019198268569076676,1.3409481118478048,1.4266408517446225,2.295990901954485,2.273104656500575
17.08,2.3946974401568655,2.371159165459743,-0.019508356966201516,1.3466159779395346,1.4263384627995643,2.2957965553423123,2.2727278837214566
17.15,2.395387717920118,2.371692236997366,-0.019819392265384178,1.352283844031265,1.4260360738545057,2.29560220873014,2.2723511109423384
17.22,2.3960779956833704,2.3722253085349894,-0.02013136412486331,1.3579517101229952,1.4257336849094473,2.295407862117967,2.27197433816322
17.29,2.3967682734466225,2.3727583800726126,-0.020444262202877587,1.3636195762147254,1.4254312959643887,2.2952135155057944,2.2715975653841016
17.36,2.3974585512098754,2.373291451610236,-0.02075807615766569,1.3692874423064558,1.4251289070193303,2.2950191688936217,2.271220792604983
17.43,2.3981488289731274,2.373824523147859,-0.021072795647466294,1.374955308398186,1.4248265180742719,2.2948248222814494,2.270844019825865
17.5,2.39883910673638,2.3743575946854825,-0.02138841033051807,1.3806231744899162,1.4245241291292134,2.2946304756692766,2.270467247046746
17.57,2.3995293844996324,2.3748906662231057,-0.021704909865059695,1.3862910405816464,1.424221740184155,2.294436129057104,2.270090474267628
17.64,2.4002196622628844,2.375423737760729,-0.02202228390932984,1.3919589066733769,1.4239193512390966,2.294241782444931,2.2697137014885094
17.71,2.4009099400261373,2.3759568092983527,-0.02234052212156718,1.3976267727651073,1.4236169622940378,2.2940474358327587,2.269336928709391
17.78,2.40160021778939,2.3764898808359756,-0.0226596141600104,1.4032946388568375,1.4233145733489796,2.293853089220586,2.268960155930273
17.85,2.4022904955526423,2.377022952373599,-0.02297954968289815,1.408962504948568,1.423012184403921,2.293658742608413,2.2685833831511544
17.92,2.4029807733158943,2.3775560239112226,-0.023300318348469126,1.414630371040298,1.4227097954588626,2.293464395996241,2.268206610372036
17.99,2.403671051079147,2.3780890954488454,-0.023621909814961973,1.420298237132028,1.4224074065138042,2.2932700493840685,2.2678298375929176
18.06,2.4043613288423993,2.3786221669864687,-0.023944313740615418,1.4259661032237585,1.4221050175687457,2.2930757027718953,2.2674530648137994
18.13,2.4050516066056513,2.379155238524092,-0.02426751978366809,1.4316339693154887,1.4218026286236873,2.292881356159723,2.2670762920346808
18.2,2.4057418843689042,2.379688310061715,-0.024591517602358687,1.437301835407219,1.421500239678629,2.29268700954755,2.2666995192555626
18.27,2.4064321621321563,2.3802213815993385,-0.024916296854925874,1.4429697014989493,1.4211978507335705,2.2924926629353775,2.266322746476444
18.34,2.4071224398954087,2.3807544531369618,-0.02524184719960833,1.4486375675906795,1.4208954617885117,2.292298316323205,2.265945973697326
18.41,2.4078127176586612,2.381287524674585,-0.025568158294644726,1.4543054336824097,1.4205930728434533,2.2921039697110324,2.2655692009182076
18.48,2.4085029954219137,2.3818205962122083,-0.02589521979827373,1.45997329977414,1.4202906838983949,2.29190962309886,2.2651924281390894
18.55,2.4091932731851657,2.382353667749831,-0.02622302136873403,1.4656411658658703,1.4199882949533364,2.2917152764866873,2.2648156553599708
18.62,2.409883550948418,2.382886739287455,-0.02655155266426429,1.4713090319576005,1.419685906008278,2.2915209298745145,2.2644388825808526
18.69,2.4105738287116707,2.383419810825078,-0.026880803343103186,1.4769768980493307,1.4193835170632194,2.2913265832623417,2.264062109801734
18.76,2.411264106474923,2.383952882362701,-0.027210763063489404,1.4826447641410612,1.419081128118161,2.291132236650169,2.2636853370226158
18.83,2.4119543842381757,2.3844859539003247,-0.02754142148366158,1.4883126302327911,1.4187787391731028,2.2909378900379966,2.263308564243497
18.9,2.400455266178197,2.3816181193886017,-0.027872639746464787,1.4910384311274576,1.418476350228044,2.2907855193411684,2.2661144880786104
18.97,2.3889561481182184,2.3787502848768782,-0.02820376493316938,1.4937642320221243,1.4181739612829856,2.290633148644339,2.268920411913723
19.04,2.3774570300582396,2.375882450365155,-0.028534015609652102,1.496490032916791,1.4178715723379272,2.290480777947511,2.2717263357488364
19.11,2.3659579119982617,2.3730146158534318,-0.028862610341789684,1.4992158338114576,1.4175691833928687,2.2903284072506818,2.2745322595839492
19.18,2.354458793938283,2.3701467813417088,-0.029188767695458858,1.5019416347061243,1.4172667944478103,2.2901760365538535,2.2773381834190625
19.25,2.342959675878304,2.3672789468299853,-0.029511706236536345,1.5046674356007907,1.4169644055027517,2.2900236658570248,2.2801441072541757
19.32,2.3314605578183256,2.3644111123182623,-0.029830644530898905,1.5073932364954574,1.4166620165576933,2.289871295160196,2.282950031089289
19.39,2.319961439758347,2.361543277806539,-0.030144801144423247,1.510119037390124,1.4163596276126347,2.2897189244633673,2.285755954924402
19.46,2.3084623216983684,2.358675443294816,-0.030453394642986114,1.5128448382847908,1.4160572386675763,2.289566553766539,2.2885618787595154
19.53,2.2969632036383896,2.3558076087830924,-0.030755643592464226,1.5155706391794572,1.4157548497225179,2.28941418306971,2.2913678025946282
19.6,2.285464085578411,2.352939774271369,-0.031050766558734334,1.518296440074124,1.4154524607774595,2.289261812372881,2.2941737264297415
19.67,2.2739649675184324,2.350071939759646,-0.03133798210767314,1.5210222409687904,1.415150071832401,2.2891094416760525,2.2969796502648547
19.74,2.2624658494584544,2.347204105247923,-0.03161650880515741,1.5237480418634568,1.4148476828873424,2.288957070979224,2.2997855740999675
19.81,2.250966731398476,2.3443362707362,-0.03188556521706386,1.5264738427581235,1.414545293942284,2.2888047002823955,2.3025914979350808
19.88,2.2394676133384976,2.3414684362244764,-0.032144369909269235,1.5291996436527904,1.4142429049972256,2.2886523295855667,2.305397421770194
19.95,2.227968495278519,2.3386006017127534,-0.03239214144765024,1.531925444547457,1.413940516052167,2.288499958888738,2.3082033456053073
20.02,2.21646937721854,2.33573276720103,-0.03262809839808365,1.5346512454421235,1.4136381271071086,2.2883475881919093,2.31100926944042
20.09,2.204970259158562,2.332864932689307,-0.032851459326446175,1.5373770463367902,1.4133357381620502,2.2881952174950806,2.3138151932755333
20.16,2.1934711410985828,2.329997098177584,-0.033061442798614525,1.5401028472314566,1.4130333492169918,2.288042846798252,2.3166211171106466
20.23,2.181972023038605,2.3271292636658605,-0.03325726738046547,1.5428286481261233,1.4127309602719333,2.287890476101423,2.31942704094576
20.3,2.170472904978626,2.324261429154137,-0.03343815163787572,1.54555444902079,1.4124285713268747,2.2877381054045944,2.3222329647808726
20.37,2.158973786918647,2.321393594642414,-0.03360331413672201,1.5482802499154567,1.4121261823818165,2.2875857347077657,2.325038888615986
20.44,2.147474668858669,2.318525760130691,-0.033751973442881084,1.5510060508101233,1.4118237934367577,2.2874333640109374,2.327844812451099
20.51,2.13597555079869,2.315657925618968,-0.03388334812222965,1.55373185170479,1.4115214044916993,2.2872809933141087,2.3306507362862123
20.58,2.1244764327387125,2.3127900911072445,-0.03399665674064446,1.5564576525994565,1.411219015546641,2.28712862261728,2.333456660121325
20.65,2.112977314678733,2.309922256595521,-0.034091117864002256,1.559183453494123,1.4109166266015825,2.2869762519204513,2.3362625839564384
20.72,2.1014781966187552,2.307054422083798,-0.03416595005817976,1.5619092543887896,1.410614237656524,2.2868238812236226,2.339068507791551
20.79,2.0899790785587764,2.304186587572075,-0.0342203718890537,1.5646350552834563,1.4103118487114654,2.286671510526794,2.341874431626665
20.86,2.078479960498798,2.3013187530603516,-0.034253601922500806,1.567360856178123,1.410009459766407,2.2865191398299656,2.3446803554617777
20.93,2.066980842438819,2.2984509185486286,-0.034264858724397815,1.5700866570727894,1.4097070708213488,2.286366769133137,2.347486279296891
21.0,2.0554817243788412,2.295583084036905,-0.03425336086062147,1.5728124579674563,1.40940468187629,2.286214398436308,2.350292203132004
21.07,2.043982606318862,2.292715249525182,-0.03421832689704848,1.5755382588621227,1.4091022929312316,2.2860620277394794,2.353098126967117
21.14,2.0324834882588836,2.2898474150134587,-0.03415897539955559,1.5782640597567892,1.4087999039861732,2.2859096570426507,2.3559040508022298
21.21,2.020984370198905,2.2869795805017357,-0.03407452493401955,1.580989860651456,1.4084975150411148,2.285757286345822,2.3587099746373434
21.28,2.0094852521389264,2.284111745990012,-0.033964194066317045,1.5837156615461228,1.4081951260960563,2.288253550341805,2.3615158984724562
21.35,1.9979861340789478,2.281243911478289,-0.03382720136232487,1.5864414624407892,1.407892737150998,2.2907498143377887,2.36432182230757
21.42,1.9864870160189692,2.278376076966566,-0.03366276538791973,1.5891672633354557,1.4075903482059393,2.2932460783337723,2.3671277461426827
21.49,1.9749878979589917,2.275508242454843,-0.033470104708978335,1.5918930642301223,1.4072879592608807,2.2957423423297554,2.3699336699777955
21.56,1.9634887798990124,2.2726404079431197,-0.033248437891377436,1.5946188651247888,1.4069855703158223,2.2982386063257385,2.3727395938129088
21.63,1.9519896618390342,2.2697725734313963,-0.03299698350099377,1.5973446660194555,1.4066831813707639,2.300734870321722,2.375545517648022
21.7,1.9404905437790556,2.2669047389196733,-0.03271496010370406,1.6000704669141221,1.4063807924257055,2.3032311343177057,2.3783514414831353
21.77,1.928991425719077,2.2640369044079502,-0.03240158626538505,1.602796267808789,1.406078403480647,2.3057273983136892,2.3811573653182485
21.84,1.9174923076590984,2.2611690698962272,-0.03205608055191346,1.6055220687034555,1.4057760145355884,2.3082236623096724,2.3839632891533613
21.91,1.9059931895991196,2.258301235384504,-0.031677661529166026,1.608247869598122,1.4054736255905302,2.310719926305656,2.3867692129884746
21.98,1.894494071539141,2.2554334008727808,-0.03126554776301949,1.6109736704927886,1.4051712366454714,2.313216190301639,2.389575136823588
22.05,1.8829949534791623,2.2525655663610573,-0.030818957819350568,1.6136994713874553,1.4048688477004132,2.3157124542976226,2.392381060658701
22.12,1.871495835419184,2.249697731849334,-0.030337110264036002,1.616425272282122,1.4045664587553548,2.318208718293606,2.395186984493814
22.19,1.8599967173592054,2.2468298973376104,-0.02981922366295253,1.6191510731767884,1.4042640698102962,2.3207049822895893,2.397992908328927
22.26,1.848497599299227,2.2439620628258874,-0.02926451658197688,1.621876874071455,1.4039616808652378,2.323201246285573,2.4007988321640403
22.33,1.8369984812392488,2.2410942283141644,-0.028672207586985805,1.6246026749661215,1.4036592919201794,2.3256975102815556,2.403604755999153
22.4,1.8254993631792702,2.2382263938024414,-0.02804151524385599,1.6273284758607882,1.403356902975121,2.3281937742775396,2.4064106798342664
22.47,1.8140002451192918,2.235358559290718,-0.027371658118464204,1.630054276755455,1.4030545140300625,2.3306900382735227,2.4092166036693796
22.54,1.8025011270593132,2.232490724778995,-0.02666185477668715,1.6327800776501216,1.4027521250850037,2.3331863022695067,2.4120225275044924
22.61,1.7910020089993344,2.2296228902672715,-0.025911323784401592,1.6355058785447882,1.4024497361399453,2.33568256626549,2.4148284513396057
22.68,1.7795028909393558,2.2267550557555484,-0.025119283707484254,1.6382316794394547,1.402147347194887,2.3381788302614734,2.417634375174719
22.75,1.7680037728793774,2.223887221243825,-0.024284953111811846,1.6409574803341214,1.4018449582498285,2.3406750942574566,2.420440299009832
22.82,1.7565046548193988,2.221019386732102,-0.023407550563261135,1.6436832812287878,1.40154256930477,2.34317135825344,2.423246222844945
22.89,1.7450055367594204,2.2181515522203785,-0.02248629462770882,1.6464090821234545,1.4012401803597117,2.3456676222494233,2.426052146680058
22.96,1.7335064186994418,2.2152837177086555,-0.021520403871031664,1.6491348830181214,1.400937791414653,2.348163886245407,2.4288580705151714
23.03,1.7220073006394632,2.2124158831969325,-0.02050909685910638,1.651860683912788,1.4006354024695946,2.3506601502413904,2.4316639943502847
23.1,1.7105081825794843,2.209548048685209,-0.019451592157809724,1.6545864848074543,1.400333013524536,2.3531564142373735,2.434469918185398
23.17,1.699009064519506,2.206680214173486,-0.01834710833301838,1.6573122857021212,1.4000306245794776,2.355652678233357,2.437275842020511
23.24,1.687509946459528,2.203812379661763,-0.017194863950609172,1.6600380865967876,1.3997282356344192,2.3581489422293402,2.4400817658556235
23.31,1.6760108283995492,2.2009445451500396,-0.015994077576458744,1.662763887491454,1.3994258466893608,2.360645206225324,2.4428876896907368
23.38,1.6645117103395708,2.1980767106383166,-0.014743967776443836,1.6654896883861208,1.3991234577443024,2.3631414702213074,2.44569361352585
23.45,1.6530125922795922,2.1952088761265935,-0.013443753116441207,1.6682154892807874,1.398821068799244,2.3656377342172905,2.4484995373609633
23.52,1.6415134742196138,2.19234104161487,-0.012092652162327577,1.6709412901754543,1.3985186798541855,2.368133998213274,2.4513054611960765
23.59,1.630014356159635,2.150330600846533,-0.010689883479979692,1.6736670910701208,1.398216290909127,2.354894418179419,2.4239885338894243
23.66,1.6185152380996566,2.1083201600781947,-0.009234665635274274,1.6763928919647872,1.3979139019640683,2.3416548381455637,2.396671606582772
23.73,1.6070161200396778,2.066309719309857,-0.007726217194088052,1.6791186928594537,1.3976115130190099,2.328415258111709,2.3693546792761198
23.8,1.5955170019796994,2.0242992785415197,-0.00616375672229777,1.6818444937541206,1.3973091240739515,2.3151756780778534,2.342037751969467
23.87,1.5840178839197208,1.9822888377731818,-0.004546502785780164,1.6845702946487873,1.397006735128893,2.3019360980439982,2.3147208246628153
23.94,1.5725187658597422,1.9402783970048443,-0.002873673950411944,1.687296095543454,1.3967043461838347,2.288696518010143,2.287403897356163
24.01,1.5610196477997635,1.8982679562365066,-0.0011444887820698663,1.6900218964381204,1.3964019572387762,2.2754569379762883,2.2600869700495108
24.08,1.5495205297397854,1.8562575154681713,0.0006418341533692556,1.6927476973327868,1.3960995682937178,2.2622173579424336,2.23277004274286
24.15,1.538021411679807,1.8142470746998334,0.0024860762900288727,1.6954734982274537,1.3957971793486592,2.2489777779085784,2.2054531154362076
24.22,1.5265222936198284,1.7722366339314957,0.004389019062032165,1.6981992991221202,1.3954947904036006,2.2357381978747233,2.1781361881295553
24.29,1.51502317555985,1.7302261931631582,0.006351443903502396,1.7009251000167867,1.3951924014585422,2.222498617840868,2.150819260822903
24.36,1.5035240574998712,1.6882157523948205,0.008374132248562795,1.7036509009114535,1.3948900125134838,2.209259037807013,2.123502333516251
24.43,1.4920249394398928,1.646205311626483,0.010457865531336707,1.70637670180612,1.3945876235684254,2.196019457773158,2.0961854062095986
24.5,1.480525821379914,1.6041948708581453,0.012603425185947335,1.7091025027007867,1.394285234623367,2.182779877739303,2.0688684789029463
24.57,1.4690267033199356,1.5621844300898078,0.014811592646517997,1.7118283035954533,1.3939828456783085,2.169540297705448,2.041551551596294
24.64,1.457527585259957,1.5201739893214703,0.0170831493471719,1.7145541044901198,1.39368045673325,2.1563007176715927,2.0142346242896414
24.71,1.4460284671999784,1.4781635485531326,0.019418876722032394,1.7172799053847865,1.3933780677881915,2.1430611376377375,1.9869176969829894
24.78,1.43452934914,1.4361531077847949,0.02181955620522267,1.7200057062794532,1.3930756788431329,2.129821557603883,1.9596007696763373
24.85,1.423030231080021,1.3941426670164572,0.024285969230866025,1.7227315071741196,1.3927732898980745,2.1165819775700276,1.9322838423696849
24.92,1.4115311130200425,1.3521322262481197,0.026818897233085726,1.7254573080687865,1.392470900953016,2.1033423975361725,1.9049669150630328
24.99,1.4000319949600646,1.310121785479784,0.029419121646004895,1.728183108963453,1.3921685120079577,2.0901028175023177,1.877649987756382
25.06,1.388532876900086,1.2681113447114467,0.032087423903747074,1.7309089098581194,1.3918661230628993,2.0768632374684626,1.8503330604497297
25.13,1.3770337588401074,1.226100903943109,0.03482458544043541,1.7336347107527863,1.3915637341178406,2.0636236574346074,1.8230161331430774
25.2,1.3655346407801288,1.1840904631747715,0.03763138769019317,1.7363605116474528,1.3912613451727822,2.0503840774007522,1.795699205836425
25.27,1.3540355227201504,1.1420800224064336,0.040508612087143604,1.7390863125421192,1.3909589562277238,2.0371444973668975,1.7683822785297727
25.34,1.3425364046601715,1.1000695816380959,0.04345704006540999,1.741812113436786,1.3906565672826652,2.0239049173330423,1.7410653512231202
25.41,1.3310372866001932,1.0580591408697584,0.04647745305911559,1.7445379143314526,1.3903541783376068,2.010665337299187,1.7137484239164684
25.48,1.3195381685402143,1.016048700101421,0.0495706325023837,1.7472637152261192,1.3900517893925484,1.997425757265332,1.686431496609816
25.55,1.308039050480236,0.9740382593330832,0.05273735982933752,1.749989516120786,1.3897494004474897,1.9841861772314768,1.6591145693031637
25.62,1.2965399324202573,0.9320278185647455,0.05597841647410037,1.7527153170154526,1.3894470115024316,1.9709465971976217,1.6317976419965112
25.69,1.285040814360279,0.890017377796408,0.05929458387079554,1.7554411179101193,1.389144622557373,1.9577070171637667,1.6044807146898592
25.76,1.2735416963003001,0.8480069370280703,0.06268664345354624,1.7581669188047857,1.3888422336123145,1.9444674371299113,1.577163787383207
25.83,1.262042578240322,0.8059964962597347,0.06615537665647558,1.7608927196994522,1.3885398446672559,1.931227857096057,1.549846860076556
25.9,1.2505434601803436,0.7639860554913971,0.06970156491370719,1.763618520594119,1.3882374557221975,1.9179882770622019,1.5225299327699038
25.97,1.239044342120365,0.7219756147230595,0.07332598965936418,1.7663443214887855,1.387935066777139,1.795118670470817,1.4675183456833703
26.04,1.2275452240603866,0.6799651739547219,0.07702943232756979,1.7690701223834522,1.3876326778320807,1.6722490638794323,1.4125067585968367
26.11,1.216046106000408,0.6379547331863842,0.08081267435244727,1.7717959232781186,1.3873302888870223,1.5493794572880475,1.3574951715103034
26.18,1.2045469879404294,0.5959442924180465,0.0846764971681199,1.7745217241727853,1.3870278999419636,1.4265098506966625,1.30248358442377
26.25,1.1930478698804505,0.553933851649709,0.08862168220871099,1.777247525067452,1.3867255109969052,1.303640244105278,1.2474719973372366
26.32,1.1815487518204721,0.5119234108813713,0.09264901090834375,1.7799733259621187,1.3864231220518468,1.1807706375138929,1.192460410250703
26.39,1.1700496337604935,0.46991297011303373,0.09675926470114149,1.782699126856785,1.3861207331067882,1.0579010309225083,1.1374488231641697
26.46,1.1585505157005151,0.42790252934469614,0.10095322502122744,1.785424927751452,1.3858183441617298,0.9350314243311234,1.0824372360776364
26.53,1.1470513976405363,0.3858920885763584,0.10523167330272493,1.7881507286461185,1.3855159552166714,0.8121618177397386,1.0274256489911031
26.6,1.135552279580558,0.34388164780802083,0.10959539097975718,1.7908765295407851,1.385213566271613,0.6892922111483539,0.9724140619045697
26.67,1.124053161520579,0.30187120703968323,0.11404515948644743,1.7936023304354516,1.3849111773265543,0.5664226045569691,0.9174024748180363
26.74,1.1125540434606012,0.2598607662713477,0.11858176025691877,1.7963281313301183,1.384608788381496,0.4435529979655905,0.8623908877315056
26.81,1.1010549254006228,0.2178503255030101,0.1232059747252949,1.7990539322247847,1.3843063994364375,0.32068339137420576,0.8073793006449722
26.88,1.089555807340644,0.17583988473467255,0.12791858432569886,1.8017797331194516,1.3840040104913789,0.19781378478282094,0.7523677135584387
26.95,1.0780566892806656,0.13382944396633495,0.13272037049225388,1.804505534014118,1.3837016215463205,0.07494417819143612,0.6973561264719053
27.02,1.066557571220687,0.09181900319799724,0.13761211465908332,1.8072313349087845,1.383399232601262,-0.047925428399948705,0.6423445393853718
27.09,1.0550584531607086,0.049808562429659586,0.1425945982603104,1.8099571358034514,1.3830968436562037,-0.1707950349913335,0.5873329522988384
27.16,1.0435593351007297,0.007798121661321988,0.14766860273005844,1.8126829366981179,1.3827944547111453,-0.12089422091247151,0.5323213652123051
27.23,1.0320602170407511,-0.034212319107015665,0.1528349095024506,1.8154087375927845,1.3824920657660866,-0.07099340683360955,0.4773097781257716
27.3,1.0205610989807727,-0.07622275987535326,0.15809430001161015,1.8181345384874512,1.3821896768210282,-0.021092592754747577,0.42229819103923816
27.37,1.009061980920794,-0.11823320064369086,0.1634475556916605,1.8208603393821177,1.3818872878759696,0.028808221324114397,0.36728660395270485
27.44,0.9975628628608155,-0.16024364141202846,0.16889545797672473,1.8235861402767843,1.3815848989309112,0.07870903540297636,0.31227501686617143
27.51,0.9860637448008367,-0.2022540821803661,0.17443878830092624,1.8263119411714508,1.3812825099858528,0.1286098494818383,0.257263429779638
27.58,0.974564626740859,-0.2442645229487017,0.180078328098388,1.8290377420661175,1.3809801210407944,0.17851066356069778,0.20225184269310736
27.65,0.9630655086808801,-0.2862749637170393,0.18581485880323387,1.8317635429607841,1.380677732095736,0.22841147763955974,0.14724025560657392
27.72,0.9515663906209018,-0.3282854044853769,0.1916491618495867,1.8344893438554508,1.3803753431506776,0.27831229171842164,0.09222866852004055
27.79,0.9400672725609232,-0.3702958452537145,0.19758201867156983,1.8372151447501173,1.380072954205619,0.3282131057972837,0.03721708143350713
27.86,0.9285681545009445,-0.4123062860220521,0.2036142107033066,1.8399409456447837,1.3797705652605605,0.3781139198761456,-0.017794505653026288
27.93,0.917069036440966,-0.45431672679038976,0.20974651937892022,1.8426667465394506,1.3794681763155021,0.42801473395500755,-0.07280609273955968
28.0,0.9055699183809872,-0.49632716755872736,0.2159797261325339,1.845392547434117,1.3791657873704435,0.47791554803386954,-0.12781767982609307
28.07,0.8940708003210087,-0.538337608327065,0.22231461239827102,1.848118348328784,1.378863398425385,0.5278163621127315,-0.1828292669126265
28.14,0.8825716822610301,-0.5803480490954027,0.22875195961025482,1.8508441492234504,1.3785610094803267,0.5777171761915935,-0.23784085399915988
28.21,0.8710725642010517,-0.6223584898637403,0.2352925492026084,1.8535699501181173,1.3782586205352683,0.6276179902704555,-0.29285244108569336
28.28,0.8595734461410731,-0.6163664945643212,0.24193649310457588,1.8562957510127838,1.3779562315902096,0.6234648501950902,-0.2860940271865411
28.35,0.8480743280810946,-0.6103744992649023,0.2486812252258835,1.8590215519074504,1.3776538426451512,0.6193117101197249,-0.2793356132873888
28.42,0.8365752100211158,-0.6043825039654833,0.25552350997137835,1.861747352802117,1.3773514537000926,0.6151585700443596,-0.27257719938823655
28.49,0.825076091961138,-0.5983905086660646,0.2624601117459071,1.8644731536967836,1.3770490647550344,0.6110054299689944,-0.2658187854890847
28.56,0.8135769739011592,-0.5923985133666456,0.26948779495431724,1.8671989545914502,1.3767466758099758,0.6068522898936292,-0.25906037158993245
28.63,0.8020778558411809,-0.5864065180672267,0.27660332400145565,1.8699247554861165,1.3764442868649174,0.6026991498182637,-0.2523019576907802
28.7,0.7905787377812021,-0.5804145227678076,0.28380346329216916,1.8726505563807834,1.376141897919859,0.5985460097428984,-0.24554354379162793
28.77,0.7790796197212235,-0.5744225274683886,0.29108497723130494,1.8753763572754498,1.3758395089748003,0.594392869667533,-0.2387851298924757
28.84,0.7675805016612451,-0.5684305321689695,0.2984446302237098,1.8781021581701167,1.375537120029742,0.5902397295921678,-0.23202671599332345
28.91,0.7560813836012663,-0.5624385368695506,0.3058791866742309,1.880827959064783,1.3752347310846837,0.5860865895168024,-0.22526830209417115
28.98,0.7445822655412878,-0.5564465415701315,0.31338541098771516,1.8835537599594498,1.3749323421396251,0.5819334494414371,-0.21850988819501893
29.05,0.7330831474813092,-0.5504545462707126,0.32096006756900963,1.8862795608541165,1.3746299531945665,0.5777803093660717,-0.21175147429586666
29.12,0.7215840294213305,-0.5444625509712935,0.3285999208229612,1.889005361748783,1.374327564249508,0.5736271692907065,-0.20499306039671442
29.19,0.7100849113613521,-0.5384705556718745,0.3363017351544169,1.8917311626434499,1.3740251753044497,0.5694740292153411,-0.19823464649756217
29.26,0.6985857933013735,-0.5324785603724556,0.34406227496822384,1.8944569635381163,1.3737227863593913,0.5653208891399757,-0.1914762325984099
29.33,0.6870866752413956,-0.5264865650730368,0.3518783046692286,1.8971827644327828,1.3734203974143329,0.5611677490646106,-0.18471781869925802
29.4,0.6755875571814169,-0.5204945697736179,0.3597465886622788,1.8999085653274492,1.3731180084692742,0.5570146089892454,-0.17795940480010575
29.47,0.6640884391214383,-0.5145025744741989,0.3676638913522213,1.9026343662221161,1.3728156195242158,0.55286146891388,-0.1712009909009535
29.54,0.6525893210614597,-0.5085105791747798,0.37562697714390264,1.9053601671167826,1.3725132305791572,0.5487083288385146,-0.16444257700180123
29.61,0.6410902030014811,-0.5025185838753607,0.3836326104421705,1.9080859680114493,1.372210841634099,0.5445551887631493,-0.157684163102649
29.68,0.6295910849415025,-0.49652658857594184,0.3916775556518714,1.9108117689061161,1.3719084526890404,0.540402048687784,-0.15092574920349675
29.75,0.6180919668815239,-0.49053459327652277,0.3997585771778524,1.9135375698007824,1.371606063743982,0.5362489086124187,-0.1441673353043445
29.82,0.6065928488215454,-0.48454259797710386,0.40787243942496065,1.9162633706954493,1.3713036747989233,0.5320957685370533,-0.13740892140519223
29.89,0.5950937307615669,-0.4785506026776848,0.41601590679804296,1.9189891715901157,1.3710012858538652,0.527942628461688,-0.13065050750604
29.96,0.5835946127015883,-0.4725586073782658,0.42418574370194645,1.9217149724847826,1.3706988969088065,0.5237894883863226,-0.12389209360688774
30.03,0.5720954946416097,-0.4665666120788468,0.432378714541518,1.9244407733794489,1.3703965079637481,0.5196363483109573,-0.1171336797077355
30.1,0.5605963765816311,-0.46057461677942785,0.44059158372160484,1.9271665742741158,1.3700941190186895,0.515483208235592,-0.11037526580858324
30.17,0.5490972585216526,-0.45458262148000883,0.44882111564705374,1.9298923751687824,1.369791730073631,0.5113300681602266,-0.10361685190943097
30.24,0.5375981404616745,-0.4485906261805901,0.4570640747227115,1.9326181760634489,1.3694893411285727,0.5071769280848615,-0.09685843801027907
30.31,0.5260990224016959,-0.44259863088117113,0.4653172253534257,1.9353439769581156,1.3691869521835143,0.5030237880094962,-0.09010002411112683
30.38,0.5145999043417174,-0.4366066355817521,0.473577331944043,1.9380697778527818,1.3688845632384559,0.4988706479341309,-0.08334161021197455
30.45,0.5031007862817387,-0.4306146402823331,0.48184115889941065,1.9407955787474487,1.3685821742933972,0.49471750785876556,-0.0765831963128223
30.52,0.49160166822176027,-0.42462264498291413,0.4901054706243753,1.9435213796421151,1.3682797853483388,0.49056436778340023,-0.06982478241367006
30.59,0.48010255016178166,-0.4186306496834951,0.49836703152378403,1.946247180536782,1.3679773964032802,0.4864112277080349,-0.06306636851451781
30.66,0.4686034321018031,-0.4126386543840761,0.5066226060024839,1.9489729814314485,1.367675007458222,0.4705785333682558,-0.056307954615365544
30.73,0.4571043140418245,-0.40664665908465714,0.5148689584653219,1.9516987823261152,1.3673726185131634,0.4547458390284767,-0.0495495407162133
30.8,0.445605195981846,-0.4006546637852381,0.5231028533171453,1.9544245832207818,1.367070229568105,0.43891314468869763,-0.04279112681706104
30.87,0.43410607792186734,-0.39466266848581916,0.5313210549628006,1.9571503841154483,1.3667678406230466,0.4230804503489186,-0.0360327129179088
30.94,0.42260695986188884,-0.38867067318640014,0.5395203278071351,1.959876185010115,1.3664654516779882,0.4072477560091395,-0.02927429901875654
31.01,0.4111078418019103,-0.3826786778869811,0.5476974362549956,1.9626019859047816,1.3661630627329295,0.3914150616693604,-0.022515885119604312
31.08,0.3996087237419322,-0.3766866825875624,0.5558491447112289,1.965327786799448,1.3658606737878711,0.3755823673295821,-0.015757471220452374
31.15,0.3881096056819536,-0.37069468728814337,0.5639722175806828,1.9680535876941145,1.3655582848428127,0.3597496729898031,-0.008999057321300144
31.22,0.376610487621975,-0.3647026919887244,0.5720634192682037,1.9707793885887814,1.365255895897754,0.34391697865002396,-0.0022406434221478866
31.29,0.3651113695619965,-0.3587106966893054,0.5801195141786388,1.9735051894834479,1.3649535069526957,0.32808428431024494,0.004517770477004357
31.36,0.35361225150201786,-0.3527187013898864,0.588137266716835,1.9762309903781148,1.3646511180076373,0.3122515899704658,0.011276184376156628
31.43,0.34211313344203936,-0.3467267060904674,0.5961134412876393,1.9789567912727812,1.3643487290625786,0.2964188956306868,0.018034598275308872
31.5,0.33061401538206076,-0.34073471079104845,0.604044802295899,1.981682592167448,1.3640463401175205,0.28058620129090767,0.024793012174461115
31.57,0.3191148973220822,-0.33474271549162943,0.6119281141464604,1.9844083930621146,1.3637439511724616,0.2647535069511286,0.03155142607361337
31.64,0.3076157792621035,-0.3287507201922103,0.6197601412441711,1.987134193956781,1.3634415622274034,0.2489208126113495,0.03830983997276563
31.71,0.2961166612021249,-0.32275872489279134,0.6275376479938778,1.9898599948514475,1.3631391732823448,0.23308811827157047,0.04506825387191789
31.78,0.2846175431421463,-0.3167667295933723,0.6352573988004278,1.9925857957461142,1.3628367843372864,0.21725542393179134,0.05182666777107013
31.85,0.27311842508216777,-0.3107747342939533,0.6429161580686678,1.995311596640781,1.362534395392228,0.20142272959201227,0.05858508167022239
31.92,0.26161930702218916,-0.30478273899453434,0.650510690203445,1.9980373975354477,1.3622320064471696,0.1855900352522332,0.06534349556937462
31.99,0.2501201889622113,-0.2987907436951157,0.6580377596096056,2.000763198430114,1.3619296175021112,0.1697573409124549,0.07210190946852654
32.06,0.2386210709022321,-0.29279874839569636,0.6654941306919986,2.003488999324781,1.3616272285570525,0.15392464657267504,0.07886032336767915
32.13,0.2271219528422534,-0.28680675309627734,0.672876567855469,2.0062148002194475,1.361324839611994,0.13809195223289594,0.0856187372668314
32.2,0.2156228347822749,-0.2808147577968584,0.6801818355048643,2.008940601114114,1.3610224506669357,0.12225925789311687,0.09237715116598366
32.27,0.20412371672229634,-0.27482276249743937,0.6874066980450323,2.011666402008781,1.360720061721877,0.10642656355333778,0.0991355650651359
32.34,0.19262459866231774,-0.26883076719802035,0.694547919880819,2.0143922029034473,1.3604176727768187,0.09059386921355872,0.10589397896428815
32.41,0.18112548060234035,-0.26283877189860194,0.7016022654170713,2.017118003798114,1.3601152838317603,0.07476117487378124,0.11265239286343971
32.48,0.1696263625423618,-0.256846776599183,0.7085664990586373,2.0198438046927802,1.3598128948867019,0.05892848053400217,0.11941080676259198
32.55,0.1581272444823833,-0.25085478129976396,0.7154373852103632,2.0225696055874467,1.3595105059416432,0.043095786194223086,0.12616922066174424
32.62,0.14662812642240453,-0.24486278600034492,0.7222116882770965,2.0252954064821136,1.3592081169965848,0.027263091854444005,0.13292763456089648
32.69,0.13512900836242603,-0.23887079070092593,0.7288861726636837,2.02802120737678,1.3589057280515262,0.01143039751466493,0.13968604846004873
32.76,0.12362989030244731,-0.2328787954015069,0.7354576027749721,2.0307470082714465,1.358603339106468,-0.004402296825114151,0.14644446235920097
32.83,0.11213077224246881,-0.22688680010208792,0.7419227430158084,2.0334728091661134,1.3583009501614094,-0.020234991164893232,0.15320287625835324
32.9,0.10063165418249032,-0.22089480480266893,0.7482783577910399,2.03619861006078,1.357998561216351,-0.036067685504672306,0.1599612901575055
32.97,0.0891325361225116,-0.21490280950324994,0.7545218741680785,2.0389244109554467,1.3576961722712926,-0.03528443545539524,-0.10948965972086572
33.04,0.0776334180625331,-0.20891081420383095,0.7606533698645959,2.041650211850113,1.3573937833262342,-0.03450118540611816,-0.3789406095992369
33.11,0.06613430000255449,-0.20291881890441194,0.766673585260829,2.04437601274478,1.3570913943811755,-0.03371793535684108,-0.6483915594776081
33.18,0.05463518194257588,-0.1969268236049929,0.7725832607370138,2.0471018136394465,1.3567890054361171,-0.03293468530756401,-0.9178425093559793
33.25,0.043136063882597386,-0.1909348283055739,0.7783831366733878,2.049827614534113,1.3564866164910585,-0.03215143525828693,-1.1872934592343505
33.32,0.03163694582261878,-0.18494283300615488,0.7840739534501875,2.05255341542878,1.356184227546,-0.03136818520900986,-1.671196968136285
33.39,0.02013782776264017,-0.17895083770673592,0.7896564514476495,2.0552792163234463,1.355881838600942,-0.030584935159732783,-2.1551004770382196
33.46,0.008638709702661673,-0.1729588424073169,0.7951313710460103,2.058005017218113,1.355579449655883,-0.029801685110455705,-2.6390039859401546
33.53,-0.002860408357317046,-0.16696684710789791,0.800499452625507,2.0607308181127797,1.3552770607108249,-0.02901843506117863,-3.122907494842089
33.6,-0.014359526417295543,-0.16097485180847887,0.8057614365663761,2.063456619007446,1.3549746717657665,-0.02823518501190156,-2.926473183571875
33.67,-0.02585864447727415,-0.15498285650905988,0.8109180632488545,2.066182419902113,1.3546722828207078,-0.02745193496262448,-2.7300388723016606
33.74,-0.03735776253725265,-0.1489908612096409,0.8159700730531785,2.0689082207967795,1.3543698938756494,-0.026668684913347406,-2.5336045610314466
33.81,-0.04885688059723131,-0.14299886591022187,0.820918206359585,2.0716340216914464,1.3540675049305908,-0.02588543486407033,-2.3371702497612326
33.88,-0.060355998657209864,-0.1370068706108029,0.8257632035483111,2.0743598225861124,1.3537651159855324,-0.025102184814793257,-1.8282309812278688
33.95,-0.07185511671718842,-0.1310148753113839,0.8305058049995927,2.0770856234807793,1.3534627270404742,-0.02431893476551618,-1.3192917126945047
34.02,-0.08335423477716691,-0.1250228800119649,0.8351467510936672,2.0798114243754457,1.3531603380954154,-0.023535684716239104,-0.8103524441611409
34.09,-0.09485335283714563,-0.11903088471254589,0.839686782210771,2.0825372252701126,1.3528579491503572,-0.02275243466696203,-0.301413175627777
34.16,-0.10635247089712302,-0.11303888941312748,0.8441266387311408,2.085263026164779,1.3525555602052988,-0.021969184617685038,-0.2777706551541917
34.23,-0.11785158895710168,-0.10704689411370849,0.8484670610350133,2.0879888270594456,1.3522531712602401,-0.02118593456840796,-0.254128134680604
34.3,-0.12935070701708018,-0.10105489881428949,0.8527087895026256,2.090714627954112,1.3519507823151817,-0.020402684519130885,-0.23048561420701638
34.37,-0.14084982507705873,-0.0950629035148705,0.856852564514214,2.093440428848779,1.3516483933701233,-0.01961943446985381,-0.20684309373342874
34.44,-0.15234894313703728,-0.08907090821545151,0.8608991264500153,2.0961662297434454,1.3513460044250647,-0.018836184420576736,-0.18320057325984107
34.51,-0.163848061197016,-0.08307891291603246,0.8648492156902664,2.0988920306381122,1.3510436154800063,-0.018052934371299657,-0.1595580527862534
34.58,-0.1753471792569945,-0.07708691761661346,0.8687035726152034,2.1016178315327787,1.3507412265349477,-0.017269684322022583,-0.13591553231266576
34.65,-0.18684629731697305,-0.07109492231719447,0.8724629376050638,2.104343632427445,1.3504388375898895,-0.016486434272745508,-0.11227301183907809
34.72,-0.1983454153769516,-0.06510292701777548,0.8761280510400834,2.107069433322112,1.3501364486448308,-0.015703184223468433,-0.08863049136549045
34.79,-0.20984453343693027,-0.05911093171835649,0.8796996533004999,2.1097952342167785,1.3498340596997724,-0.014919934174191359,-0.06498797089190281
34.86,-0.22134365149690877,-0.053118936418937474,0.8831784847665493,2.112521035111445,1.349531670754714,-0.01413668412491428,-0.04134545041831515
34.93,-0.23284276955688743,-0.047126941119518484,0.8865652858184687,2.115246836006112,1.3492292818096554,-0.01335343407563721,-0.017702929944727497
35.0,-0.24434188761686598,-0.04113494582009947,0.8898607968364944,2.1179726369007783,1.348926892864597,-0.012570184026360131,0.005939590528860159
35.07,-0.2558410056768445,-0.03514295052068048,0.8930657582008633,2.120698437795445,1.3486245039195386,-0.011786933977083056,0.02958211100244782
35.14,-0.2673401237368232,-0.02915095522126146,0.8961809102918125,2.1234242386901117,1.34832211497448,-0.01100368392780598,0.053224631476035476
35.21,-0.27883924179680175,-0.02315895992184247,0.8992069934895782,2.126150039584778,1.3480197260294215,-0.010220433878528907,0.07686715194962312
35.28,-0.2903383598567804,-0.017166964622423453,0.9021447481743973,2.128875840479445,1.3477173370843634,-0.009437183829251829,0.10050967242321078
35.35,-0.3018374779167588,-0.011174969323004463,0.9049949147265063,2.1316016413741115,1.3474149481393047,-0.008653933779974752,0.09398388825136621
35.42,-0.31333659597673746,-0.005182974023585418,0.907758233526142,2.1343274422687784,1.3471125591942463,-0.00787068373069768,0.08745810407952163
35.49,-0.324835714036716,0.0008090212758335713,0.9104354449535413,2.137053243163445,1.3468101702491877,-0.007087433681420603,0.08093231990767706
35.56,-0.3363348320966947,0.006801016575252561,0.9130272893889407,2.1397790440581117,1.3465077813041293,-0.006304183632143526,0.07440653573583247
35.63,-0.34783395015667323,0.012793011874671578,0.9155345072125772,2.1425048449527777,1.3462053923590709,-0.005520933582866452,0.0678807515639879
35.7,-0.3593330682166518,0.018785007174090568,0.9179578388046868,2.1452306458474446,1.3459030034140123,-0.004737683533589377,0.06135496739214332
35.77,-0.3708321862766303,0.024777002473509557,0.9202980245455071,2.147956446742111,1.3456006144689538,-0.003954433484312301,0.05482918322029875
35.84,-0.382331304336609,0.03076899777292859,0.9225558048152744,2.150682247636778,1.3452982255238954,-0.003171183435035226,0.048303399048454175
35.91,-0.3938304223965864,0.03676099307234697,0.9247319199942251,2.1534080485314444,1.3449958365788368,-0.0023879333857582327,0.04177761487661026
35.98,-0.4053295404565649,0.04275298837176597,0.9268271104625965,2.156133849426111,1.3446934476337786,-0.0016046833364811545,0.03525183070476569
36.05,-0.4168286585165436,0.04874498367118496,0.9288421166006247,2.1588596503207778,1.3443910586887202,-0.0008214332872040798,0.028726046532921108
36.12,-0.4283277765765221,0.054736978970603964,0.9307776787885468,2.161585451215444,1.3440886697436616,-3.818323792700515e-05,0.02220026236107654
36.19,-0.43982689463650065,0.06072897427002295,0.9326345374065995,2.1643112521101107,1.3437862807986032,0.0007450668113500696,0.015674478189231962
36.26,-0.4513260126964793,0.06672096956944198,0.9344134328350194,2.1670370530047776,1.3434838918535446,0.001528316860627146,0.009148694017387386
36.33,-0.46282513075645787,0.07271296486886099,0.9361151054540433,2.169762853899444,1.3431815029084861,0.0023115669099042207,0.0026229098455428125
36.4,-0.4743242488164364,0.07870496016828,0.937740295643908,2.172488654794111,1.342879113963428,0.0030948169591812954,-0.0039028743263017614
36.47,-0.4858233668764149,0.08469695546769901,0.9392897437848499,2.1752144556887774,1.342576725018369,0.003878067008458372,-0.010428658498146337
36.54,-0.49732248493639364,0.090688950767118,0.9407641902571058,2.1779402565834443,1.342274336073311,0.0046613170577354465,-0.013245616129110911
36.61,-0.5088216029963721,0.096680946066537,0.9421643754409121,2.1806660574781103,1.341971947128252,0.005444567107012521,-0.016062573760075485
36.68,-0.5203207210563507,0.10267294136595599,0.9434910397165064,2.183391858372777,1.3416695581831939,0.006227817156289596,-0.01887953139104006
36.75,-0.5318198391163294,0.108664936665375,0.9447449234641245,2.1861176592674436,1.3413671692381355,0.007011067205566672,-0.021696489022004634
36.82,-0.5433189571763078,0.11465693196479398,0.9459267670640037,2.1888434601621105,1.3410647802930769,0.007794317254843748,-0.02451344665296921
36.89,-0.5548180752362865,0.120648927264213,0.9470373108963802,2.191569261056777,1.3407623913480184,0.008577567304120823,-0.027330404283933785
36.96,-0.5663171932962651,0.12664092256363202,0.9480772953414912,2.194295061951444,1.3404600024029598,0.009360817353397898,-0.03014736191489836
37.03,-0.5778163113562437,0.132632917863051,0.9490474607795732,2.19702086284611,1.3401576134579014,0.010144067402674973,-0.03296431954586293
37.1,-0.5893154294162223,0.13862491316247,0.9499485475908629,2.1997466637407768,1.339855224512843,0.010927317451952048,-0.03578127717682751
37.17,-0.6008145474762007,0.144616908461889,0.9507812961555969,2.202472464635443,1.3395528355677846,0.011710567501229122,-0.038598234807792085
37.24,-0.6123136655361794,0.150608903761308,0.9515464468540118,2.20519826553011,1.3392504466227262,0.0124938175505062,-0.04141519243875666
37.31,-0.623812783596158,0.15660089906072702,0.9522447400663447,2.207924066424777,1.3389480576776678,0.013277067599783275,-0.044232150069721234
37.38,-0.6353119016561366,0.162592894360146,0.9528769161728321,2.2106498673194435,1.3386456687326092,0.014060317649060352,-0.04704910770068581
37.45,-0.6468110197161151,0.16858488965956503,0.9534437155537107,2.21337566821411,1.3383432797875507,0.014843567698337425,-0.04986606533165038
37.52,-0.6583101377760937,0.17457688495898405,0.953945878589217,2.2161014691087764,1.3380408908424921,0.0156268177476145,-0.052683022962614956
37.59,-0.6698092558360723,0.18056888025840304,0.9543841456595882,2.2188272700034433,1.3377385018974337,0.016410067796891577,-0.05549998059357953
37.66,-0.6675206277608227,0.16889369661086312,0.9547592587908049,2.215293536181558,1.3355615227679714,-0.0316421427807593,-0.05252473232998328
37.73,-0.665231999685573,0.15721851296332198,0.9550719665918241,2.2117598023596727,1.3333845436385088,-0.07969435335841507,-0.04954948406638673
37.8,-0.6629433716103232,0.14554332931578087,0.9553230193173482,2.2082260685377872,1.3312075645090462,-0.1277465639360708,-0.04657423580279017
37.87,-0.6606547435350736,0.13386814566823976,0.9555131672220782,2.2046923347159018,1.3290305853795836,-0.17579877451372658,-0.04359898753919362
37.94,-0.6583661154598237,0.12219296202069865,0.9556431605607157,2.2011586008940167,1.3268536062501213,-0.22385098509138235,-0.04062373927559706
38.01,-0.6560774873845739,0.11051777837315752,0.9557137495879625,2.1976248670721312,1.3246766271206585,-0.27190319566903814,-0.037648491012000504
38.08,-0.6537888593093242,0.0988425947256164,0.9557256845585202,2.1940911332502453,1.3224996479911961,-0.3199554062466939,-0.03467324274840396
38.15,-0.6515002312340744,0.0871674110780753,0.9556797157270904,2.19055739942836,1.3203226688617336,-0.3680076168243496,-0.031697994484807396
38.22,-0.6492116031588248,0.07549222743053419,0.9555765933483741,2.1870236656064748,1.318145689732271,-0.41605982740200537,-0.02872274622121085
38.29,-0.6469229750835749,0.06381704378299308,0.955417067677073,2.1834899317845893,1.3159687106028084,-0.4641120379796611,-0.025747497957614288
38.36,-0.6446343470083251,0.05214186013545194,0.9552018889678897,2.179956197962704,1.3137917314733458,-0.5121642485573169,-0.022772249694017734
38.43,-0.6423457189330755,0.04046667648791083,0.9549318074755248,2.1764224641408183,1.3116147523438833,-0.5602164591349725,-0.01979700143042118
38.5,-0.6400570908578256,0.028791492840369692,0.9546075734546798,2.172888730318933,1.3094377732144205,-0.6082686697126284,-0.016821753166824632
38.57,-0.6377684627825758,0.017116309192828583,0.9542299371600572,2.1693549964970478,1.307260794084958,-0.6563208802902841,-0.013846504903228071
38.64,-0.635479834707326,0.005441125545287473,0.9537996488463576,2.1658212626751623,1.3050838149554957,-0.70437309086794,-0.010871256639631517
38.71,-0.6331912066320764,-0.0062340581022536645,0.9533174587682828,2.162287528853277,1.302906835826033,-0.7524253014455956,-0.007896008376034963
38.78,-0.6309025785568266,-0.017909241749794746,0.9527841171805349,2.1587537950313913,1.3007298566965706,-0.8004775120232515,-0.004920760112438416
38.85,-0.6286139504815769,-0.029584425397335884,0.9522003743378149,2.1552200612095063,1.298552877567108,-0.8157542441922642,-0.001945511848841855
38.92,-0.626325322406327,-0.041259609044876966,0.9515669804948247,2.151686327387621,1.2963758984376454,-0.8310309763612769,0.0010297364147546992
38.99,-0.6240366943310773,-0.05293479269241813,0.9508846859062656,2.1481525935657353,1.2941989193081829,-0.8463077085302896,0.004004984678351253
39.06,-0.6217480662558276,-0.06460997633995924,0.9501542408268392,2.14461885974385,1.2920219401787203,-0.8615844406993023,0.006980232941947807
39.13,-0.6194594381805778,-0.07628515998750035,0.9493763955112474,2.1410851259219643,1.2898449610492577,-0.876861172868315,0.009955481205544355
39.2,-0.6171708101053279,-0.08796034363504146,0.9485519002141916,2.1375513921000793,1.2876679819197951,-0.8921379050373277,0.012930729469140922
39.27,-0.6148821820300783,-0.09963552728258257,0.9476815051903733,2.134017658278194,1.2854910027903328,-0.9074146372063405,0.015905977732737463
39.34,-0.6125935539548285,-0.11131071093012371,0.9467659606944941,2.1304839244563083,1.2833140236608702,-0.9226913693753531,0.018881225996334017
39.41,-0.610304925879579,-0.1229858945776636,0.9458060169812559,2.126950190634423,1.2811370445314079,-0.9379681015443644,0.02185647425993028
39.48,-0.6080162978043292,-0.13466107822520468,0.9448024243053594,2.1234164568125378,1.2789600654019453,-0.9532448337133772,0.024831722523526827
39.55,-0.6057276697290794,-0.14633626187274584,0.9437559329215072,2.1198827229906523,1.2767830862724827,-0.9685215658823898,0.027806970787123388
39.62,-0.6034390416538298,-0.15801144552028698,0.9426672930844003,2.116348989168767,1.2746061071430201,-0.9837982980514025,0.030782219050719935
39.69,-0.6011504135785799,-0.1696866291678281,0.9415372550487403,2.1128152553468813,1.2724291280135576,-0.9990750302204152,0.03375746731431649
39.76,-0.5988617855033301,-0.18136181281536923,0.940366569069229,2.109281521524996,1.270252148884095,-1.014351762389428,0.03673271557791305
39.83,-0.5965731574280804,-0.19303699646291037,0.9391559854005679,2.1057477877031108,1.2680751697546322,-1.0296284945584409,0.03970796384150961
39.9,-0.5942845293528307,-0.20471218011045145,0.9379062542974587,2.1022140538812253,1.2658981906251698,-1.0449052267274535,0.04268321210510616
39.97,-0.5919959012775808,-0.21638736375799253,0.9366181260146024,2.09868032005934,1.2637212114957075,-1.0601819588964663,0.045658460368702705
40.04,-0.5897072732023312,-0.2280625474055336,0.9352923508067011,2.0951465862374543,1.2615442323662447,-1.020431505825508,0.04863370863229925
40.11,-0.5874186451270813,-0.23973773105307483,0.9339296789284562,2.091612852415569,1.2593672532367823,-0.9806810527545498,0.05160895689589583
40.18,-0.5851300170518317,-0.25141291470061594,0.9325308606345695,2.088079118593684,1.2571902741073198,-0.9409305996835916,0.054584205159492374
40.25,-0.5828413889765819,-0.26308809834815705,0.9310966461797423,2.0845453847717983,1.2550132949778572,-0.9011801466126335,0.05755945342308892
40.32,-0.5805527609013321,-0.2747632819956981,0.9296277858186762,2.081011650949913,1.2528363158483946,-0.8614296935416753,0.06053470168668547
40.39,-0.5782641328260824,-0.28643846564323927,0.9281250298060729,2.0774779171280273,1.250659336718932,-0.8216792404707172,0.06350994995028203
40.46,-0.5759755047508326,-0.2981136492907804,0.9265891283966343,2.0739441833061423,1.2484823575894697,-0.7819287873997589,0.06648519821387859
40.53,-0.5736868766755828,-0.3097888329383215,0.925020831845061,2.0704104494842563,1.2463053784600069,-0.7421783343288008,0.06946044647747514
40.6,-0.5713982486003331,-0.32146401658586254,0.9234208904060558,2.066876715662371,1.2441283993305443,-0.7024278812578426,0.0724356947410717
40.67,-0.5691096205250832,-0.3331392002334037,0.9217900543343193,2.0633429818404854,1.241951420201082,-0.6626774281868845,0.07541094300466825
40.74,-0.5668209924498335,-0.3448143838809449,0.9201290738845536,2.0598092480186,1.2397744410716192,-0.6229269751159262,0.07838619126826481
40.81,-0.5645323643745838,-0.35648956752848593,0.9184386993114597,2.056275514196715,1.2375974619421568,-0.5831765220449681,0.08136143953186137
40.88,-0.562243736299334,-0.3681647511760271,0.9167196808697398,2.0527417803748294,1.2354204828126942,-0.5434260689740099,0.08433668779545792
40.95,-0.5599551082240842,-0.37983993482356815,0.9149727688140954,2.049208046552944,1.2332435036832317,-0.5036756159030518,0.08731193605905446
41.02,-0.5576664801488345,-0.3915151184711093,0.9131987133992276,2.0456743127310584,1.2310665245537689,-0.46392516283209356,0.09028718432265102
41.09,-0.5553778520735847,-0.4031903021186505,0.9113982648798389,2.0421405789091733,1.2288895454243065,-0.4241747097611352,0.09326243258624757
41.16,-0.5530892239983352,-0.41486548576619037,0.90957217351063,2.0386068450872883,1.2267125662948442,-0.3844242566901812,0.09623768084984383
41.23,-0.5508005959230855,-0.4265406694137315,0.9077211895463029,2.035073111265403,1.2245355871653816,-0.34467380361922295,0.09921292911344039
41.3,-0.5485119678478356,-0.43821585306127264,0.9058460632415586,2.0315393774435173,1.2223586080359192,-0.3049233505482647,0.10218817737703693
41.37,-0.5462233397725859,-0.4498910367088137,0.9039475448510993,2.028005643621632,1.2201816289064564,-0.26517289747730655,0.10516342564063348
41.44,-0.5439347116973362,-0.46156622035635486,0.9020263846296263,2.0244719097997463,1.218004649776994,-0.22542244440634843,0.10813867390423003
41.51,-0.5416460836220863,-0.47324140400389586,0.9000833328318415,2.0209381759778613,1.2158276706475315,-0.18567199133539022,0.11111392216782659
41.58,-0.5393574555468367,-0.4849165876514371,0.8981191397124461,2.017404442155976,1.213650691518069,-0.14592153826443202,0.11408917043142315
41.65,-0.5370688274715868,-0.49659177129897814,0.8961345555261419,2.0138707083340903,1.2114737123886063,-0.10617108519347382,0.1170644186950197
41.72,-0.534780199396337,-0.5082669549465193,0.8941303305276305,2.010336974512205,1.2092967332591438,-0.06642063212251567,0.12003966695861625
41.79,-0.5324915713210874,-0.5199421385940604,0.8921072149716129,2.0068032406903193,1.2071197541296814,-0.02667017905155747,0.1230149152222128
41.86,-0.5302029432458376,-0.5316173222416016,0.8900659591127916,2.0032695068684343,1.2049427750002186,0.013080274019400678,0.12599016348580938
41.93,-0.5279143151705878,-0.5432925058891426,0.8880073132058676,1.9997357730465486,1.202765795870756,0.05283072709035888,0.12896541174940593
42.0,-0.5256256870953381,-0.5549676895366837,0.8859320275055423,1.996202039224663,1.2005888167412937,0.09258118016131706,0.13194066001300248
42.07,-0.5233370590200883,-0.5666428731842249,0.8838408522665177,1.9926683054027778,1.1984118376118311,0.13233163323227523,0.13491590827659902
42.14,-0.5210484309448385,-0.578318056831766,0.8817345377434955,1.9891345715808924,1.1962348584823685,0.1720820863032334,0.13789115654019557
42.21,-0.5187598028695888,-0.5899932404793071,0.8796138341911767,1.985600837759007,1.194057879352906,0.2118325393741916,0.14086640480379214
42.28,-0.516471174794339,-0.6016684241268482,0.8774794918642634,1.9820671039371216,1.1918809002234434,0.2515829924451498,0.1438416530673887
42.35,-0.5291679809317982,-0.6133436077743893,0.875332261017457,1.9785333701152361,1.1897039210939806,0.24354560636881464,0.060481119392595276
42.42,-0.5418647870692573,-0.6250187914219304,0.8731728919054588,1.9749996362933508,1.1875269419645182,0.23550822029247953,-0.022879414282198113
42.49,-0.5545615932067165,-0.6366939750694716,0.8710021347829705,1.9714659024714654,1.185349962835056,0.22747083421614436,-0.10623994795699152
42.56,-0.5672583993441757,-0.6483691587170126,0.868820739904694,1.9679321686495799,1.183172983705593,0.21943344813980922,-0.18960048163178495
42.63,-0.5799552054816348,-0.6600443423645537,0.8666294575253308,1.9643984348276944,1.1809960045761307,0.21139606206347406,-0.27296101530657835
42.7,-0.592652011619094,-0.671719526012095,0.8644290378995824,1.9608647010058091,1.1788190254466682,0.20335867598713894,-0.35632154898137175
42.77,-0.6053488177565531,-0.6833947096596361,0.86222023128215,1.9573309671839236,1.1766420463172056,0.19532128991080377,-0.4396820826561652
42.84,-0.6180456238940123,-0.6950698933071772,0.8600037879277356,1.9537972333620381,1.174465067187743,0.18728390383446858,-0.5230426163309586
42.91,-0.6307424300314702,-0.706745076954717,0.8577804580910409,1.9502634995401533,1.1722880880582807,0.1792465177581343,-0.6064031500057434
42.98,-0.6434392361689293,-0.7184202606022582,0.8555509920267672,1.9467297657182678,1.170111108928818,0.1712091316817991,-0.6897636836805369
43.05,-0.6561360423063886,-0.7300954442497992,0.8533161399896156,1.9431960318963821,1.1679341297993555,0.163171745605464,-0.7731242173553302
43.12,-0.6688328484438477,-0.7417706278973404,0.8510766522342885,1.939662298074497,1.1657571506698932,0.15513435952912882,-0.8564847510301237
43.19,-0.6815296545813069,-0.7534458115448817,0.8488332790154874,1.9361285642526116,1.1635801715404304,0.14709697345279368,-0.939845284704917
43.26,-0.694226460718766,-0.7651209951924227,0.8465867705879134,1.932594830430726,1.1614031924109678,0.13905958737645852,-1.0232058183797106
43.33,-0.7069232668562252,-0.7767961788399638,0.8443378772062684,1.9290610966088406,1.1592262132815054,0.1310222013001234,-1.1065663520545042
43.4,-0.7196200729936844,-0.7884713624875049,0.842087349125254,1.9255273627869554,1.1570492341520429,0.12298481522378824,-1.1899268857292975
43.47,-0.7323168791311435,-0.800146546135046,0.8398359365995712,1.92199362896507,1.1548722550225803,0.11494742914745311,-1.2732874194040908
43.54,-0.7450136852686027,-0.8118217297825872,0.8375843898839224,1.9184598951431846,1.1526952758931177,0.10691004307111796,-1.2523571948088128
43.61,-0.7577104914060618,-0.8234969134301282,0.8353334592330087,1.9149261613212991,1.1505182967636551,0.09887265699478281,-1.231426970213535
43.68,-0.770407297543521,-0.8351720970776693,0.8330838949015319,1.9113924274994134,1.1483413176341923,0.09083527091844767,-1.210496745618257
43.75,-0.7831041036809802,-0.8468472807252104,0.8308364471441935,1.9078586936775281,1.14616433850473,0.08279788484211249,-1.1895665210229787
43.82,-0.7958009098184393,-0.8585224643727517,0.8285918662156951,1.9043249598556429,1.1439873593752676,0.07476049876577735,-1.1686362964277008
43.89,-0.8084977159558985,-0.8701976480202928,0.8263509023707379,1.9007912260337574,1.1418103802458048,0.0667231126894422,-1.1477060718324228
43.96,-0.8211945220933576,-0.8818728316678339,0.8241143058640242,1.897257492211872,1.1396334011163425,0.05868572661310706,-1.1267758472371447
44.03,-0.8338913282308169,-0.8935480153153749,0.8218828269502547,1.8937237583899866,1.13745642198688,0.05064834053677191,-1.105845622641867
44.1,-0.846588134368276,-0.905223198962916,0.8196572158841318,1.8901900245681014,1.1352794428574173,0.04261095446043678,-1.084915398046589
44.17,-0.8592849405057352,-0.9168983826104572,0.8174382229203566,1.8866562907462159,1.1331024637279548,0.034573568384101624,-1.0639851734513108
44.24,-0.8719817466431943,-0.9285735662579983,0.8152265983136308,1.8831225569243304,1.1309254845984922,0.026536182307766477,-1.043054948856033
44.31,-0.8846785527806535,-0.9402487499055394,0.8130230923186561,1.8795888231024451,1.1287485054690298,0.01849879623143133,-1.022124724260755
44.38,-0.8973753589181126,-0.9519239335530804,0.8108284551901337,1.8760550892805594,1.126571526339567,0.010461410155096176,-1.001194499665477
44.45,-0.9100721650555718,-0.9635991172006216,0.8086434371827655,1.8725213554586742,1.1243945472101045,0.002424024078761026,-0.9802642750701991
44.52,-0.9227689711930309,-0.9752743008481627,0.8064687885512531,1.8689876216367887,1.122217568080642,-0.0056133619975741195,-0.959334050474921
44.59,-0.9354657773304901,-0.986949484495704,0.8043052595502981,1.8654538878149032,1.1200405889511793,-0.013650748073909268,-0.9384038258796431
44.66,-0.9481625834679479,-0.9986246681432438,0.8021536004346018,1.8619201539930181,1.117863609821717,-0.0216881341502436,-0.9174736012843673
44.73,-0.9608593896054072,-1.010299851790785,0.800014561458866,1.858386420171133,1.1156866306922546,-0.07008816474027744,-0.8284257657459089
44.8,-0.9735561957428664,-1.0219750354383261,0.7978888928777921,1.8548526863492474,1.113509651562792,-0.1184881953303113,-0.7393779302074505
44.87,-0.9862530018803255,-1.033650219085867,0.7957773449460818,1.851318952527362,1.1113326724333294,-0.16688822592034516,-0.650330094668992
44.94,-0.9989498080177847,-1.045325402733408,0.7936806679184364,1.8477852187054764,1.1091556933038669,-0.215288256510379,-0.5612822591305336
45.01,-1.0116466141552438,-1.0570005863809493,0.791599612049558,1.8442514848835911,1.1069787141744043,-0.26368828710041287,-0.47223442359207524
45.08,-1.024343420292703,-1.0686757700284906,0.7895349275941478,1.8407177510617059,1.1048017350449417,-0.3120883176904467,-0.38318658805361694
45.15,-1.0370402264301621,-1.0803509536760316,0.7874873648069076,1.8371840172398204,1.1026247559154794,-0.3604883482804806,-0.29413875251515853
45.22,-1.0497370325676214,-1.0920261373235727,0.7854576739425387,1.833650283417935,1.1004477767860166,-0.4088883788705144,-0.20509091697670018
45.29,-1.0624338387050805,-1.103701320971114,0.7834466052557428,1.8301165495960494,1.098270797656554,-0.4572884094605483,-0.11604308143824177
45.36,-1.0751306448425395,-1.115376504618655,0.7814549090012217,1.8265828157741644,1.0960938185270916,-0.5056884400505821,-0.02699524589978336
45.43,-1.087827450979999,-1.127051688266196,0.7794833354336766,1.8230490819522789,1.093916839397629,-0.554088470640616,0.06205258963867505
45.5,-1.100524257117458,-1.1387268719137373,0.7775326348078093,1.8195153481303932,1.0917398602681665,-0.6024885012306499,0.15110042517713335
45.57,-1.113221063254917,-1.1504020555612784,0.7756035573783213,1.8159816143085077,1.089562881138704,-0.6508885318206837,0.24014826071559173
45.64,-1.1259178693923761,-1.1620772392088194,0.7736968533999142,1.8124478804866224,1.0873859020092416,-0.6992885624107176,0.3291960962540502
45.71,-1.1386146755298356,-1.1737524228563605,0.7718132731272895,1.8089141466647372,1.0852089228797788,-0.7476885930007514,0.41824393179250857
45.78,-1.1513114816672947,-1.1854276065039016,0.7699535668151489,1.8053804128428517,1.0830319437503162,-0.7960886235907851,0.5072917673309669
45.85,-1.164008287804754,-1.1971027901514428,0.7681184847181941,1.8018466790209662,1.0808549646208538,-0.8444886541808191,0.5963396028694253
45.92,-1.176705093942213,-1.2087779737989839,0.7663087770911262,1.798312945199081,1.0786779854913913,-0.8928886847708529,0.44685153712184345
45.99,-1.189401900079672,-1.220453157446525,0.7645251941886473,1.7947792113771954,1.0765010063619287,-0.9412887153608868,0.29736347137426156
46.06,-1.2020987062171313,-1.2321283410940662,0.7627684862654587,1.79124547755531,1.0743240272324661,-0.9896887459509206,0.14787540562667978
46.13,-1.2147955123545906,-1.2438035247416073,0.7610394035762622,1.7877117437334245,1.0721470481030035,-1.0380887765409543,-0.0016126601209020541
46.2,-1.2274923184920496,-1.2554787083891483,0.7593386963757589,1.784178009911539,1.0699700689735407,-1.0864888071309884,-0.1511007258684839
46.27,-1.240189124629509,-1.2671538920366896,0.7576671149186508,1.7806442760896537,1.0677930898440784,-1.1348888377210224,-0.3005887916160657
46.34,-1.252885930766968,-1.2788290756842304,0.7560254094596394,1.7771105422677682,1.065616110714616,-1.183288868311056,-0.4500768573636476
46.41,-1.265582736904426,-1.2905042593317706,0.7544143302534263,1.7735768084458834,1.0634391315851535,-1.231688898901085,-0.5995649231112142
46.48,-1.278279543041885,-1.3021794429793117,0.7528346275547129,1.770043074623998,1.061262152455691,-1.2800889294911189,-0.749052988858796
46.55,-1.2909763491793442,-1.313854626626853,0.7512870516182009,1.7665093408021124,1.0590851733262283,-1.3284889600811527,-0.898541054606378
46.62,-1.3036731553168033,-1.3255298102743938,0.7497723526985918,1.7629756069802272,1.056908194196766,-1.3768889906711865,-1.0480291203539598
46.69,-1.3163699614542625,-1.3372049939219348,0.7482912810505871,1.7594418731583417,1.0547312150673034,-1.4252890212612206,-1.1975171861015417
46.76,-1.3290667675917218,-1.348880177569476,0.7468445869288888,1.7559081393364562,1.0525542359378408,-1.4736890518512542,-1.3470052518491236
46.83,-1.3417635737291806,-1.3605553612170171,0.7454330205881979,1.7523744055145707,1.0503772568083782,-1.522089082441288,-1.4964933175967052
46.9,-1.35446037986664,-1.3722305448645584,0.7440573322832165,1.7488406716926852,1.0482002776789157,-1.5704891130313219,-1.6459813833442871
46.97,-1.3671571860040992,-1.3839057285120995,0.7427182722686457,1.7453069378708002,1.0460232985494533,-1.618889143621356,-1.795469449091869
47.04,-1.3753272087153814,-1.3908921900939142,0.7414163950024522,1.7417732040489147,1.0438463194199905,-1.6290965760690623,-1.7992326347931984
47.11,-1.3834972314266631,-1.3978786516757284,0.7401514717556598,1.7382394702270292,1.041669340290528,-1.6393040085167687,-1.802995820494528
47.18,-1.3916672541379451,-1.404865113257543,0.7389230780025577,1.7347057364051437,1.0394923611610656,-1.649511440964475,-1.8067590061958572
47.25,-1.399837276849227,-1.4118515748393574,0.7377307892174354,1.7311720025832582,1.037315382031603,-1.6597188734121813,-1.8105221918971868
47.32,-1.4080072995605093,-1.4188380364211721,0.7365741808745814,1.727638268761373,1.0351384029021404,-1.6699263058598879,-1.8142853775985162
47.39,-1.4161773222717913,-1.4258244980029868,0.735452828448285,1.7241045349394875,1.0329614237726779,-1.6801337383075943,-1.8180485632998455
47.46,-1.4243473449830732,-1.432810959584801,0.734366307412835,1.720570801117602,1.0307844446432153,-1.6903411707553007,-1.8218117490011752
47.53,-1.4325173676943552,-1.4397974211666158,0.7333141932425207,1.7170370672957165,1.0286074655137527,-1.700548603203007,-1.8255749347025045
47.6,-1.4406873904056374,-1.4467838827484303,0.7322960614116307,1.7135033334738314,1.0264304863842901,-1.7107560356507134,-1.829338120403834
47.67,-1.4488574131169192,-1.4537703443302448,0.7313114873944544,1.709969599651946,1.0242535072548276,-1.7209634680984198,-1.8331013061051635
47.74,-1.4570274358282014,-1.4607568059120595,0.7303600466652804,1.7064358658300605,1.022076528125365,-1.7311709005461262,-1.836864491806493
47.81,-1.4651974585394836,-1.467743267493874,0.7294413146983983,1.702902132008175,1.0198995489959024,-1.7413783329938322,-1.8406276775078225
47.88,-1.4733674812507656,-1.4747297290756884,0.7285548669680967,1.6993683981862895,1.01772256986644,-1.751585765441539,-1.8443908632091517
47.95,-1.4815375039620475,-1.481716190657503,0.7277002789486646,1.6958346643644042,1.0155455907369775,-1.7617931978892454,-1.848154048910481
48.02,-1.4897075266733295,-1.4887026522393176,0.7268771261143913,1.6923009305425187,1.013368611607515,-1.7720006303369515,-1.8519172346118107
48.09,-1.4978775493846117,-1.4956891138211323,0.7260849839395653,1.6887671967206332,1.0111916324780523,-1.782208062784658,-1.85568042031314
48.16,-1.5060475720958926,-1.5026755754029457,0.7253234278984763,1.6852334628987482,1.00901465334859,-1.7924154952323632,-1.8594436060144692
48.23,-1.5142175948071745,-1.5096620369847604,0.7245920334654127,1.681699729076863,1.0068376742191274,-1.8026229276800696,-1.8632067917157986
48.3,-1.5223876175184567,-1.5166484985665751,0.7238903761146639,1.6781659952549774,1.0046606950896648,-1.812830360127776,-1.866969977417128
48.37,-1.530557640229739,-1.5236349601483894,0.7232180313205188,1.674632261433092,1.0024837159602022,-1.8230377925754826,-1.8707331631184576
48.44,-1.5387276629410207,-1.530621421730204,0.7225745745572665,1.6710985276112065,1.0003067368307397,-1.8332452250231888,-1.8744963488197868
48.51,-1.546897685652303,-1.5376078833120186,0.7219595812991958,1.667564793789321,0.9981297577012772,-1.8434526574708952,-1.8782595345211162
48.58,-1.5550677083635849,-1.5445943448938333,0.7213726270205957,1.664031059967436,0.9959527785718147,-1.8536600899186015,-1.8820227202224458
48.65,-1.5632377310748669,-1.5515808064756476,0.7208132871957558,1.6604973261455505,0.9937757994423521,-1.863867522366308,-1.8857859059237752
48.72,-1.5714077537861488,-1.5585672680574623,0.7202811372989641,1.656963592323665,0.9915988203128896,-1.8740749548140143,-1.8895490916251045
48.79,-1.579577776497431,-1.565553729639277,0.7197757528045107,1.6534298585017795,0.989421841183427,-1.8842823872617207,-1.8933122773264341
48.86,-1.5877477992087132,-1.5725401912210915,0.7192967091866838,1.6498961246798944,0.9872448620539646,-1.894489819709427,-1.8970754630277638
48.93,-1.595917821919995,-1.579526652802906,0.7188435819197728,1.646362390858009,0.985067882924502,-1.9046972521571335,-1.9008386487290931
49.0,-1.6040878446312772,-1.5865131143847204,0.7184159464780666,1.6428286570361232,0.9828909037950393,-1.9149046846048399,-1.9046018344304225
49.07,-1.6122578673425592,-1.5934995759665354,0.7180133783358541,1.6392949232142378,0.9807139246655767,-1.9251121170525463,-1.9083650201317521
49.14,-1.6204278900538411,-1.6004860375483496,0.7176354529674248,1.6357611893923523,0.9785369455361143,-1.9353195495002524,-1.9121282058330815
49.21,-1.6285979127651231,-1.6074724991301643,0.7172817458470673,1.6322274555704672,0.9763599664066518,-1.9455269819479588,-1.915891391534411
49.28,-1.636767935476405,-1.6144589607119788,0.7169518324490705,1.6286937217485817,0.9741829872771892,-1.9557344143956654,-1.9196545772357405
49.35,-1.644937958187687,-1.6214454222937933,0.7166452882477234,1.6251599879266962,0.9720060081477265,-1.9659418468433716,-1.9234177629370697
49.42,-1.653107980898969,-1.6284318838756076,0.7163616887173158,1.6216262541048108,0.969829029018264,-1.9704728475070947,-1.927180948638399
49.49,-1.6612780036102512,-1.6354183454574223,0.7161006093321358,1.6180925202829255,0.9676520498888015,-1.975003848170818,-1.9309441343397287
49.56,-1.6694480263215332,-1.6424048070392367,0.7158616255664728,1.6145587864610402,0.965475070759339,-1.9795348488345414,-1.934707320041058
49.63,-1.6776180490328152,-1.6493912686210512,0.7156443128946158,1.6110250526391545,0.9632980916298765,-1.9840658494982648,-1.9384705057423877
49.7,-1.6857880717440974,-1.656377730202866,0.7154482467908538,1.607491318817269,0.9611211125004138,-1.988596850161988,-1.942233691443717
49.77,-1.6939580944553794,-1.6633641917846806,0.7152730027294757,1.6039575849953838,0.9589441333709513,-1.993127850825711,-1.9459968771450464
49.84,-1.7021281171666613,-1.6703506533664951,0.7151181561847707,1.6004238511734983,0.9567671542414887,-1.9976588514894345,-1.949760062846376
49.91,-1.7102981398779427,-1.677337114948309,0.7149832826310277,1.5968901173516135,0.9545901751120265,-2.0021898521531574,-1.9535232485477052
49.98,-1.7184681625892246,-1.6843235765301237,0.714867957542536,1.593356383529728,0.9524131959825638,-2.0067208528168807,-1.9572864342490346
50.05,-1.7266381853005068,-1.6913100381119381,0.7147717563935839,1.5898226497078425,0.9502362168531013,-2.011251853480604,-1.961049619950364
50.12,-1.7348082080117888,-1.6982964996937526,0.7146942546584611,1.5862889158859568,0.9480592377236388,-2.0157828541443275,-1.9648128056516936
50.19,-1.7429782307230708,-1.705282961275567,0.7146350278114566,1.5827551820640717,0.9458822585941763,-2.0203138548080504,-1.9685759913530227
50.26,-1.7511482534343528,-1.7122694228573816,0.7145936513268588,1.5792214482421862,0.9437052794647137,-2.024844855471774,-1.9723391770543524
50.33,-1.7593182761456347,-1.719255884439196,0.7145697006789573,1.5756877144203008,0.941528300335251,-2.0293758561354975,-1.976102362755682
50.4,-1.7674882988569167,-1.7262423460210106,0.714562751342041,1.5721539805984153,0.9393513212057885,-2.0339068567992205,-1.9798655484570111
50.47,-1.7756583215681987,-1.733228807602825,0.7145723787903986,1.5686202467765302,0.9371743420763261,-2.0384378574629443,-1.9836287341583405
50.54,-1.7838283442794807,-1.7402152691846398,0.7145981584983196,1.5650865129546447,0.9349973629468635,-2.042968858126667,-1.9873919198596701
50.61,-1.7919983669907629,-1.7472017307664545,0.7146396659400928,1.5615527791327592,0.932820383817401,-2.0474998587903905,-1.9911551055609995
50.68,-1.8001683897020448,-1.754188192348269,0.7146964765900073,1.5580190453108738,0.9306434046879383,-2.052030859454114,-1.9949182912623287
50.75,-1.8083384124133268,-1.7611746539300834,0.7147681659223518,1.554485311488988,0.9284664255584757,-2.056561860117837,-1.9986814769636583
50.82,-1.8165084351246088,-1.768161115511898,0.7148543094114156,1.550951577667103,0.9262894464290132,-2.06109286078156,-2.0024446626649874
50.89,-1.824678457835891,-1.7751475770937124,0.7149544825314875,1.5474178438452175,0.9241124672995508,-2.0656238614452835,-2.006207848366317
50.96,-1.832848480547173,-1.7821340386755269,0.7150682607568568,1.543884110023332,0.9219354881700882,-2.070154862109007,-2.0099710340676467
51.03,-1.841018503258455,-1.7891205002573414,0.7151952195618123,1.5403503762014465,0.9197585090406255,-2.0746858627727303,-2.013734219768976
51.1,-1.8491885259697372,-1.7961069618391563,0.7153349344206434,1.5368166423795615,0.917581529911163,-2.0792168634364536,-2.017497405470306
51.17,-1.857358548681019,-1.8030934234209708,0.7154869808076384,1.533282908557676,0.9154045507817005,-2.083747864100177,-2.021260591171635
51.24,-1.865528571392301,-1.8100798850027853,0.715650934197087,1.5297491747357905,0.9132275716522379,-2.0882788647639003,-2.0250237768729646
51.31,-1.873698594103583,-1.8170663465845998,0.7158263700632777,1.526215440913905,0.9110505925227754,-2.0928098654276237,-2.0287869625742943
51.38,-1.8818686168148653,-1.8240528081664142,0.7160128638804998,1.5226817070920196,0.908873613393313,-2.0973408660913466,-2.0325501482756234
51.45,-1.8900386395261473,-1.831039269748229,0.7162099911230424,1.5191479732701343,0.9066966342638503,-2.1018718667550704,-2.036313333976953
51.52,-1.8982086622374292,-1.8380257313300432,0.7164173272651942,1.5156142394482488,0.9045196551343877,-2.1064028674187933,-2.0400765196782826
51.59,-1.906378684948711,-1.8450121929118577,0.7166344477812444,1.5120805056263633,0.9023426760049251,-2.1109338680825167,-2.043839705379612
51.66,-1.9145487076599923,-1.8519986544936717,0.7168609281454822,1.5085467718044783,0.9001656968754628,-2.115464868746239,-2.047602891080941
51.73,-1.9227187303712743,-1.8589851160754862,0.7170963438321962,1.505013037982593,0.8979887177460002,-2.1187802943595133,-2.05136607678227
51.8,-1.9308887530825565,-1.8659715776573012,0.7173402703156759,1.5014793041607077,0.8958117386165378,-2.122095719972787,-2.0551292624835997
51.87,-1.9390587757938387,-1.8729580392391154,0.7175922830702098,1.497945570338822,0.8936347594870753,-2.1254111455860607,-2.0588924481849293
51.94,-1.9472287985051207,-1.8799445008209301,0.7178519575700875,1.4944118365169365,0.8914577803576127,-2.128726571199334,-2.0626556338862585
52.01,-1.9553988212164026,-1.8869309624027446,0.7181188692895975,1.490878102695051,0.88928080122815,-2.132041996812608,-2.066418819587588
52.08,-1.9635688439276846,-1.893917423984559,0.7183925937030289,1.4873443688731658,0.8871038220986874,-2.135357422425882,-2.0701820052889177
52.15,-1.9717388666389666,-1.9009038855663736,0.7186727062846707,1.4838106350512805,0.884926842969225,-2.1386728480391555,-2.073945190990247
52.22,-1.9799088893502486,-1.907890347148188,0.7189587825088124,1.480276901229395,0.8827498638397625,-2.141988273652429,-2.0777083766915765
52.29,-1.9880789120615305,-1.9148768087300025,0.7192503978497423,1.4767431674075095,0.8805728847102999,-2.1453036992657024,-2.0814715623929056
52.36,-1.9962489347728125,-1.921863270311817,0.71954712778175,1.473209433585624,0.8783959055808372,-2.148619124878976,-2.0852347480942353
52.43,-2.004418957484095,-1.9288497318936315,0.7198485477791243,1.469675699763739,0.8762189264513748,-2.15193455049225,-2.0889979337955644
52.5,-2.0125889801953765,-1.9358361934754462,0.7201542333161541,1.4661419659418535,0.8740419473219122,-2.1552499761055235,-2.092761119496894
52.57,-2.020759002906659,-1.942822655057261,0.7204637598671286,1.4626082321199678,0.8718649681924496,-2.1585654017187976,-2.0965243051982236
52.64,-2.0289290256179404,-1.9498091166390754,0.7207767029063366,1.4590744982980823,0.8696879890629872,-2.1618808273320713,-2.100287490899553
52.71,-2.037099048329223,-1.95679557822089,0.7210926379080672,1.4555407644761973,0.8675110099335247,-2.1651962529453446,-2.1040506766008824
52.78,-2.045269071040505,-1.9637820398027044,0.7214111403466097,1.4520070306543118,0.865334030804062,-2.1685116785586187,-2.107813862302212
52.85,-2.053439093751787,-1.9707685013845189,0.7217317856962525,1.4484732968324263,0.8631570516745994,-2.171827104171892,-2.111577048003541
52.92,-2.0616091164630688,-1.9777549629663334,0.7220541494312853,1.4449395630105408,0.8609800725451369,-2.1751425297851656,-2.115340233704871
52.99,-2.069779139174351,-1.9847414245481483,0.7223778070259967,1.4414058291886553,0.8588030934156743,-2.1784579553984393,-2.1191034194062004
53.06,-2.077949161885633,-1.9917278861299628,0.7227023339546758,1.4378720953667703,0.8566261142862119,-2.181773381011713,-2.12286660510753
53.13,-2.086119184596915,-1.9987143477117773,0.7230273056916116,1.4343383615448846,0.8544491351567493,-2.1850888066249867,-2.126629790808859
53.2,-2.094289207308197,-2.0057008092935917,0.7233522977110933,1.430804627722999,0.8522721560272867,-2.188404232238261,-2.1303929765101888
53.27,-2.102459230019479,-2.012687270875406,0.7236768854874095,1.4272708939011136,0.8500951768978241,-2.191719657851534,-2.134156162211518
53.34,-2.110629252730761,-2.019673732457221,0.7240006444948497,1.4237371600792286,0.8479181977683616,-2.1950350834648082,-2.1379193479128475
53.41,-2.118799275442042,-2.0266601940390347,0.7243231502077025,1.4202034262573435,0.8457412186388993,-2.1983505090780815,-2.1416825336141763
53.48,-2.126969298153324,-2.0336466556208492,0.7246439781002572,1.416669692435458,0.8435642395094367,-2.201665934691355,-2.1454457193155063
53.55,-2.135139320864606,-2.0406331172026637,0.7249627036468026,1.4131359586135726,0.8413872603799741,-2.204981360304629,-2.1492089050168355
53.62,-2.143309343575888,-2.047619578784478,0.7252789023216281,1.409602224791687,0.8392102812505117,-2.208296785917902,-2.1529720907181646
53.69,-2.1514793662871705,-2.0546060403662927,0.7255921495990223,1.4060684909698016,0.837033302121049,-2.2116122115311763,-2.1567352764194947
53.76,-2.159649388998452,-2.061592501948107,0.7259020209532744,1.4025347571479163,0.8348563229915865,-2.21492763714445,-2.160498462120824
53.83,-2.1678194117097345,-2.0685789635299217,0.7262080918586733,1.3990010233260308,0.8326793438621239,-2.2182430627577236,-2.164261647822153
53.9,-2.175989434421016,-2.075565425111736,0.7265099377895082,1.3954672895041453,0.8305023647326615,-2.2215584883709973,-2.1680248335234826
53.97,-2.1841594571322984,-2.0825518866935506,0.7268071342200679,1.39193355568226,0.8283253856031989,-2.224873913984271,-2.1717880192248122
54.04,-2.1923294798435804,-2.0895383482753656,0.7270992566246417,1.3883998218603748,0.8261484064737364,-2.2281893395975447,-2.1755512049261414
54.11,-2.2004995025548624,-2.09652480985718,0.7273858804775185,1.3848660880384893,0.8239714273442738,-2.2315047652108184,-2.1793143906274715
54.18,-2.2086695252661444,-2.1035112714389945,0.7276665812529871,1.3813323542166038,0.8217944482148112,-2.234820190824092,-2.1830775763288006
54.25,-2.2168395479774268,-2.1104977330208095,0.7279409344253367,1.3777986203947181,0.8196174690853486,-2.238135616437366,-2.18684076203013
54.32,-2.2250095706887083,-2.117484194602624,0.7282085154688562,1.374264886572833,0.8174404899558863,-2.241451042050639,-2.1906039477314594
54.39,-2.2331795933999907,-2.1244706561844384,0.7284688998578347,1.3707311527509476,0.8152635108264237,-2.244766467663913,-2.194367133432789
54.46,-2.2413496161112727,-2.131457117766253,0.7287216630665613,1.367197418929062,0.813086531696961,-2.248081893277187,-2.198130319134118
54.53,-2.2495196388225547,-2.1384435793480674,0.728966380569325,1.3636636851071766,0.8109095525674984,-2.2513973188904606,-2.2018935048354478
54.6,-2.2576896615338367,-2.145430040929882,0.7292026278404147,1.3601299512852911,0.8087325734380358,-2.2547127445037343,-2.2056566905367774
54.67,-2.2658596842451186,-2.1524165025116964,0.7294299803541193,1.356596217463406,0.8065555943085734,-2.258028170117008,-2.2094198762381065
54.74,-2.2740297069564006,-2.159402964093511,0.7296480135847282,1.3530624836415206,0.8043786151791108,-2.261343595730281,-2.213183061939436
54.81,-2.2821997296676826,-2.1663894256753253,0.7298563030065303,1.349528749819635,0.8022016360496482,-2.2646590213435553,-2.2169462476407658
54.88,-2.2903697523789646,-2.17337588725714,0.7300544240938143,1.3459950159977496,0.8000246569201857,-2.2679744469568286,-2.220709433342095
54.95,-2.2985397750902465,-2.1803623488389547,0.7302419523208693,1.3424612821758644,0.7978476777907232,-2.2712898725701027,-2.224472619043424
55.02,-2.306709797801529,-2.1873488104207692,0.7304184631619847,1.3389275483539789,0.7956706986612606,-2.2746052981833764,-2.2282358047447537
55.09,-2.314879820512811,-2.1943352720025837,0.7305835320914489,1.3353938145320934,0.793493719531798,-2.27792072379665,-2.2319989904460833
55.16,-2.323049843224092,-2.2013217335843978,0.7307367345835516,1.3318600807102083,0.7913167404023357,-2.2812361494099234,-2.2357621761474125
55.23,-2.3312198659353744,-2.2083081951662122,0.7308776461125815,1.328326346888323,0.7891397612728732,-2.2845515750231966,-2.239525361848742
55.3,-2.3393898886466564,-2.2152946567480267,0.7310058421528275,1.3247926130664376,0.7869627821434106,-2.2878670006364707,-2.2432885475500717
55.37,-2.347559911357938,-2.222281118329841,0.7311208981785787,1.321258879244552,0.7847858030139482,-2.2911824262497444,-2.247051733251401
55.44,-2.35572993406922,-2.2292675799116557,0.7312223896641243,1.3177251454226666,0.7826088238844855,-2.294497851863018,-2.2508149189527304
55.51,-2.3638999567805024,-2.23625404149347,0.7313098920837529,1.3141914116007811,0.7804318447550229,-2.297813277476292,-2.25457810465406
55.58,-2.3720699794917843,-2.2432405030752847,0.7313829809117539,1.3106576777788959,0.7782548656255603,-2.301128703089565,-2.258341290355389
55.65,-2.3802400022030663,-2.2502269646570996,0.7314412316224161,1.3071239439570106,0.776077886496098,-2.3044441287028388,-2.2621044760567184
55.72,-2.388410024914348,-2.257213426238914,0.7314842196900286,1.303590210135125,0.7739009073666354,-2.3077595543161125,-2.265867661758048
55.79,-2.39658004762563,-2.264199887820728,0.7315115205888805,1.3000564763132396,0.7717239282371727,-2.311074979929386,-2.269630847459377
55.86,-2.4047500703369122,-2.271186349402543,0.7315227097932608,1.2965227424913541,0.7695469491077102,-2.3143904055426603,-2.2733940331607068
55.93,-2.412920093048194,-2.2781728109843575,0.731517362777458,1.292989008669469,0.7673699699782477,-2.317705831155934,-2.277157218862036
56.0,-2.421090115759476,-2.285159272566172,0.731495055015762,1.2894552748475836,0.7651929908487851,-2.3210212567692077,-2.2809204045633655
56.07,-2.429260138470758,-2.2921457341479865,0.7314553619824613,1.2859215410256981,0.7630160117193227,-2.3243366823824814,-2.284683590264695
56.14,-2.43743016118204,-2.2991321957298014,0.7313978591518449,1.2823878072038124,0.76083903258986,-2.327652107995755,-2.2884467759660243
56.21,-2.4456001838933226,-2.3061186573116155,0.7313221219982021,1.2788540733819271,0.7586620534603974,-2.3309675336090288,-2.2922099616673544
56.28,-2.4537702066046045,-2.3131051188934304,0.7312277259958214,1.2753203395600419,0.7564850743309349,-2.334282959222302,-2.2959731473686835
56.35,-2.4619402293158865,-2.320091580475245,0.7311142466189922,1.2717866057381564,0.7543080952014724,-2.337598384835576,-2.299736333070013
56.42,-2.4604887016822934,-2.3196219503484743,0.7309813460344332,1.268252871916271,0.7521311160720099,-2.33687742507607,-2.2988092231996635
56.49,-2.4590371740487007,-2.3191523202217037,0.7308290331785812,1.2647191380943856,0.7499541369425473,-2.336156465316564,-2.2978821133293144
56.56,-2.4575856464151076,-2.3186826900949327,0.7306574036803026,1.2611854042725001,0.7477771578130847,-2.3354355055570575,-2.2969550034589643
56.63,-2.456134118781515,-2.318213059968162,0.7304665531684645,1.2576516704506147,0.7456001786836222,-2.3347145457975516,-2.2960278935886147
56.7,-2.4546825911479218,-2.3177434298413915,0.730256577271933,1.2541179366287292,0.7434231995541596,-2.333993586038045,-2.295100783718265
56.77,-2.4532310635143286,-2.317273799714621,0.730027571619575,1.2505842028068437,0.741246220424697,-2.3332726262785393,-2.2941736738479155
56.84,-2.4517795358807355,-2.3168041695878503,0.7297796318402567,1.2470504689849584,0.7390692412952344,-2.332551666519033,-2.2932465639775663
56.91,-2.450328008247143,-2.3163345394610797,0.7295128535628452,1.2435167351630734,0.7368922621657722,-2.331830706759527,-2.2923194541072167
56.98,-2.4488764806135497,-2.3158649093343087,0.7292273324162067,1.239983001341188,0.7347152830363095,-2.3311097470000206,-2.2913923442368676
57.05,-2.447424952979957,-2.315395279207538,0.7289231640292082,1.2364492675193026,0.7325383039068472,-2.3303887872405147,-2.290465234366518
57.12,-2.445973425346364,-2.3149256490807675,0.7286004440307157,1.2329155336974174,0.7303613247773845,-2.3296678274810083,-2.2895381244961683
57.19,-2.4445218977127707,-2.314456018953997,0.7282592680495963,1.2293817998755316,0.728184345647922,-2.3289468677215024,-2.288611014625819
57.26,-2.4430703700791776,-2.3139863888272263,0.7278997317147161,1.2258480660536462,0.7260073665184594,-2.3282259079619956,-2.2876839047554696
57.33,-2.441618842445585,-2.3135167587004557,0.7275219306549421,1.222314332231761,0.7238303873889969,-2.3275049482024897,-2.2867567948851195
57.4,-2.4401673148119913,-2.3130471285736847,0.7271259604991407,1.2187805984098754,0.7216534082595344,-2.3267839884429837,-2.2858296850147704
57.47,-2.438715787178398,-2.312577498446914,0.7267119168761783,1.2152468645879901,0.7194764291300717,-2.3260630286834774,-2.2849025751444207
57.54,-2.4372642595448055,-2.3121078683201435,0.7262798954149219,1.2117131307661047,0.7172994500006092,-2.325342068923971,-2.283975465274071
57.61,-2.4358127319112124,-2.311638238193373,0.725829991744238,1.2081793969442192,0.7151224708711467,-2.324621109164465,-2.2830483554037215
57.68,-2.4343612042776197,-2.3111686080666023,0.7253623014929931,1.204645663122334,0.7129454917416841,-2.3239001494049587,-2.282121245533372
57.75,-2.4329096766440266,-2.3106989779398313,0.7248769202900535,1.2011119293004484,0.7107685126122216,-2.323179189645453,-2.2811941356630223
57.82,-2.431458149010434,-2.310229347813061,0.7243739437642862,1.197578195478563,0.708591533482759,-2.3224582298859464,-2.280267025792673
57.89,-2.4300066213768408,-2.30975971768629,0.7238534675445576,1.1940444616566774,0.7064145543532965,-2.32173727012644,-2.2793399159223235
57.96,-2.4285550937432476,-2.3092900875595195,0.7233155872597347,1.1905107278347922,0.7042375752238339,-2.321016310366934,-2.278412806051974
58.03,-2.4271035661096545,-2.308820457432749,0.7227603985386831,1.1869769940129067,0.7020605960943713,-2.320295350607428,-2.2774856961816243
58.1,-2.425652038476062,-2.3083508273059783,0.7221879970102705,1.1834432601910214,0.6998836169649088,-2.319574390847922,-2.2765585863112747
58.17,-2.4242005108424687,-2.3078811971792077,0.7215984783033625,1.179909526369136,0.6977066378354462,-2.318853431088416,-2.2756314764409256
58.24,-2.422748983208876,-2.307411567052437,0.7209919380468267,1.1763757925472507,0.6955296587059838,-2.3181324713289095,-2.274704366570576
58.31,-2.421297455575283,-2.306941936925666,0.7203684718695287,1.1728420587253652,0.6933526795765211,-2.3174115115694036,-2.2737772567002263
58.38,-2.4198459279416897,-2.306472306798896,0.7197281754003355,1.1693083249034797,0.6911757004470586,-2.3166905518098972,-2.2728501468298767
58.45,-2.418394400308097,-2.306002676672125,0.719071144268114,1.1657745910815942,0.688998721317596,-2.3159695920503913,-2.271923036959527
58.52,-2.416942872674504,-2.3055330465453547,0.7183974741017303,1.1622408572597087,0.6868217421881334,-2.315248632290885,-2.270995927089178
58.59,-2.415491345040911,-2.3050634164185837,0.7177072605300513,1.1587071234378234,0.684644763058671,-2.314527672531379,-2.2700688172188284
58.66,-2.414039817407318,-2.3045937862918136,0.7170005991819436,1.1551733896159384,0.6824677839292086,-2.313806712771872,-2.2691417073484788
58.73,-2.412588289773725,-2.3041241561650425,0.7162775856862733,1.151639655794053,0.6802908047997461,-2.3130857530123663,-2.268214597478129
58.8,-2.4111367621401323,-2.303654526038272,0.7155383156719077,1.1481059219721677,0.6781138256702836,-2.3123647932528604,-2.2672874876077795
58.87,-2.409685234506539,-2.3031848959115013,0.7147828847677127,1.1445721881502822,0.675936846540821,-2.311643833493354,-2.26636037773743
58.94,-2.408233706872946,-2.3027152657847307,0.7140113886025556,1.141038454328397,0.6737598674113584,-2.310922873733848,-2.2654332678670808
59.01,-2.406782179239353,-2.30224563565796,0.7132239228053022,1.1375047205065114,0.6715828882818958,-2.3102019139743417,-2.264506157996731
59.08,-2.4053306516057598,-2.301776005531189,0.7124205830048196,1.133970986684626,0.6694059091524334,-2.309480954214836,-2.2635790481263816
59.15,-2.4038791239721666,-2.3013063754044185,0.7116014648299742,1.1304372528627407,0.6672289300229708,-2.3087599944553294,-2.262651938256032
59.22,-2.4024275963385735,-2.300836745277648,0.7107666639096331,1.1269035190408552,0.6650519508935082,-2.308039034695823,-2.261724828385683
59.29,-2.400976068704981,-2.3003671151508773,0.7099162758726619,1.1233697852189697,0.6628749717640456,-2.307318074936317,-2.260797718515333
59.36,-2.3995245410713877,-2.2998974850241067,0.7090503963479279,1.1198360513970842,0.6606979926345831,-2.306597115176811,-2.2598706086449836
59.43,-2.398073013437795,-2.299427854897336,0.7081691209642977,1.116302317575199,0.6585210135051205,-2.305876155417305,-2.258943498774634
59.5,-2.396621485804202,-2.298958224770565,0.7072725453506375,1.1127685837533134,0.6563440343756579,-2.3051551956577985,-2.258016388904285
59.57,-2.395169958170609,-2.2984885946437945,0.7063607651358141,1.1092348499314282,0.6541670552461956,-2.3044342358982925,-2.257089279033935
59.64,-2.393718430537016,-2.298018964517024,0.7054338759486942,1.1057011161095427,0.6519900761167329,-2.303713276138786,-2.2561621691635856
59.71,-2.392266902903423,-2.2975493343902533,0.704491973418144,1.1021673822876572,0.6498130969872704,-2.3029923163792803,-2.255235059293236
59.78,-2.39081537526983,-2.2970797042634827,0.7035351531730305,1.098633648465772,0.6476361178578077,-2.302271356619774,-2.254307949422886
59.85,-2.3893638476362367,-2.2966100741367117,0.70256351084222,1.0950999146438862,0.6454591387283451,-2.3015503968602675,-2.2533808395525368
59.92,-2.387912320002644,-2.296140444009941,0.7015771420545793,1.091566180822001,0.6432821595988827,-2.3008294371007616,-2.2524537296821876
59.99,-2.386460792369051,-2.2956708138831705,0.7005761424389749,1.0880324470001155,0.6411051804694201,-2.3001084773412552,-2.2515266198118375
60.06,-2.385009264735458,-2.2952011837564,0.6995606076242733,1.0844987131782302,0.6389282013399576,-2.2993875175817493,-2.2505995099414884
60.13,-2.383557737101865,-2.2947315536296293,0.6985306332393412,1.0809649793563447,0.636751222210495,-2.2986665578222434,-2.249672400071139
60.2,-2.382106209468272,-2.2942619235028587,0.697486314913045,1.0774312455344592,0.6345742430810325,-2.297945598062737,-2.248745290200789
60.27,-2.380654681834679,-2.293792293376088,0.6964277482742517,1.0738975117125737,0.6323972639515699,-2.2972246383032306,-2.2478181803304396
60.34,-2.379203154201086,-2.2933226632493176,0.6953550289518274,1.0703637778906885,0.6302202848221075,-2.2965036785437247,-2.24689107046009
60.41,-2.3777516265674934,-2.292853033122547,0.6942682525746391,1.0668300440688034,0.628043305692645,-2.295782718784219,-2.245963960589741
60.48,-2.3763000989339003,-2.2923834029957764,0.693167514771553,1.063296310246918,0.6258663265631825,-2.2950617590247124,-2.245036850719391
60.55,-2.374848571300307,-2.2919137728690053,0.6920529111714361,1.0597625764250327,0.62368934743372,-2.294340799265206,-2.2441097408490416
60.62,-2.3733970436667144,-2.2914441427422347,0.6909245374031546,1.0562288426031472,0.6215123683042574,-2.2936198395057,-2.243182630978692
60.69,-2.3719455160331213,-2.290974512615464,0.6897824890955753,1.0526951087812617,0.6193353891747948,-2.2928988797461938,-2.2422555211083424
60.76,-2.370493988399528,-2.2905048824886935,0.6886268618775645,1.0491613749593764,0.6171584100453322,-2.2921779199866874,-2.241328411237993
60.83,-2.369042460765935,-2.290035252361923,0.6874577513779891,1.045627641137491,0.6149814309158697,-2.2914569602271815,-2.240401301367643
60.9,-2.3675909331323424,-2.2895656222351524,0.6862752532257158,1.0420939073156057,0.6128044517864073,-2.290736000467675,-2.239474191497294
60.97,-2.3661394054987492,-2.2890959921083813,0.685079463049611,1.0385601734937202,0.6106274726569446,-2.2900150407081687,-2.238547081626945
61.04,-2.364687877865156,-2.288626361981611,0.683870476478541,1.0350264396718347,0.6084504935274822,-2.289294080948663,-2.2376199717565948
61.11,-2.363236350231563,-2.28815673185484,0.6826483891413728,1.0314927058499492,0.6062735143980196,-2.288573121189157,-2.236692861886245
61.18,-2.3617848225979703,-2.2876871017280695,0.6814132966669727,1.027958972028064,0.604096535268557,-2.287852161429651,-2.235765752015896
61.25,-2.360333294964377,-2.287217471601299,0.6801652946842077,1.0244252382061785,0.6019195561390944,-2.2871312016701446,-2.2348386421455464
61.32,-2.358881767330784,-2.2867478414745284,0.6789044788219438,1.020891504384293,0.5997425770096318,-2.2864102419106382,-2.233911532275197
61.39,-2.3574302396971913,-2.2862782113477578,0.677630944709048,1.0173577705624077,0.5975655978801693,-2.2856892821511323,-2.232984422404847
61.46,-2.355978712063598,-2.285808581220987,0.6763447879743869,1.0138240367405222,0.5953886187507067,-2.2849683223916264,-2.232057312534498
61.53,-2.3545271844300055,-2.285338951094216,0.6750461042468269,1.010290302918637,0.5932116396212442,-2.2842473626321196,-2.231130202664148
61.6,-2.3530756567964124,-2.2848693209674455,0.6737349891552344,1.0067565690967515,0.5910346604917817,-2.2835264028726137,-2.230203092793799
61.67,-2.3516241291628193,-2.284399690840675,0.6724115383284766,1.003222835274866,0.5888576813623192,-2.2828054431131077,-2.229275982923449
61.74,-2.350172601529226,-2.2839300607139044,0.6710758473954195,0.9996891014529805,0.5866807022328565,-2.2820844833536014,-2.2283488730530996
61.81,-2.3487210738956334,-2.2834604305871338,0.6697280119849299,0.9961553676310952,0.584503723103394,-2.281363523594095,-2.22742176318275
61.88,-2.34726954626204,-2.2829908004603627,0.6683681277258745,0.9926216338092098,0.5823267439739315,-2.280642563834589,-2.2264946533124004
61.95,-2.3458180186284476,-2.2825211703335926,0.6669962902471197,0.9890878999873244,0.5801497648444689,-2.2799216040750827,-2.225567543442051
62.02,-2.3443664909948545,-2.2820515402068215,0.6656125951775322,0.985554166165439,0.5779727857150063,-2.2792006443155763,-2.2246404335717016
62.09,-2.3429149633612614,-2.281581910080051,0.6642171381459785,0.9820204323435535,0.5757958065855439,-2.2784796845560704,-2.223713323701352
62.16,-2.3414634357276682,-2.2811122799532804,0.6628100147813253,0.9784866985216685,0.5736188274560814,-2.2777587247965645,-2.222786213831003
62.23,-2.3400119080940756,-2.2806426498265098,0.6613913207124391,0.9749529646997831,0.5714418483266189,-2.277037765037058,-2.2218591039606532
62.3,-2.338560380460482,-2.280173019699739,0.6599611515681866,0.9714192308778977,0.5692648691971564,-2.276316805277552,-2.2209319940903036
62.37,-2.3371088528268897,-2.2797033895729686,0.6585196029774342,0.9678854970560122,0.5670878900676938,-2.275595845518046,-2.220004884219954
62.44,-2.3356573251932966,-2.279233759446198,0.6570667705690484,0.9643517632341267,0.5649109109382313,-2.27487488575854,-2.2190777743496044
62.51,-2.3342057975597035,-2.278764129319427,0.655602749971896,0.9608180294122415,0.5627339318087687,-2.2741539259990335,-2.2181506644792552
62.58,-2.3327542699261103,-2.2782944991926564,0.6541276368148438,0.957284295590356,0.5605569526793062,-2.273432966239527,-2.2172235546089056
62.65,-2.3313027422925177,-2.2778248690658858,0.6526415267267578,0.9537505617684706,0.5583799735498437,-2.2727120064800213,-2.216296444738556
62.72,-2.3298512146589245,-2.277355238939115,0.651144515336505,0.9502168279465851,0.556202994420381,-2.271991046720515,-2.2153693348682064
62.79,-2.3283996870253314,-2.2768856088123446,0.649636698272952,0.9466830941246999,0.5540260152909185,-2.271270086961009,-2.214442224997857
62.86,-2.3269481593917383,-2.276415978685574,0.6481181711649653,0.9431493603028144,0.551849036161456,-2.2705491272015026,-2.213515115127507
62.93,-2.3254966317581456,-2.275946348558803,0.6465890296414112,0.9396156264809288,0.5496720570319934,-2.2698281674419967,-2.2125880052571576
63.0,-2.3240451041245525,-2.2754767184320324,0.6450493693311568,0.9360818926590435,0.5474950779025309,-2.2691072076824903,-2.2116608953868084
63.07,-2.3225935764909593,-2.2750070883052618,0.6434992858630684,0.932548158837158,0.5453180987730682,-2.268386247922984,-2.210733785516459
63.14,-2.3211420488573666,-2.274537458178491,0.6419388748660128,0.9290144250152728,0.5431411196436058,-2.267665288163478,-2.209806675646109
63.21,-2.3196905212237735,-2.2740678280517206,0.640368231968856,0.9254806911933873,0.5409641405141432,-2.266944328403972,-2.2088795657757596
63.28,-2.3182389935901804,-2.27359819792495,0.6387874528004652,0.9219469573715019,0.5387871613846806,-2.2662233686444653,-2.20795245590541
63.35,-2.3167874659565872,-2.2731285677981794,0.6371966329897067,0.9184132235496164,0.5366101822552181,-2.2655024088849594,-2.2070253460350604
63.42,-2.3153359383229946,-2.272658937671409,0.6355958681654473,0.914879489727731,0.5344332031257556,-2.2647814491254534,-2.2060982361647112
63.49,-2.3138844106894014,-2.2721893075446378,0.6339852539565531,0.9113457559058457,0.532256223996293,-2.2640604893659475,-2.2051711262943616
63.56,-2.3124328830558083,-2.271719677417867,0.6323648859918916,0.9078120220839602,0.5300792448668304,-2.263339529606441,-2.2042440164240125
63.63,-2.310981355422215,-2.2712500472910966,0.6307348599003284,0.9042782882620748,0.5279022657373679,-2.2626185698469348,-2.2033169065536624
63.7,-2.3095298277886225,-2.270780417164326,0.6290952713107307,0.9007445544401893,0.5257252866079053,-2.261897610087429,-2.2023897966833133
63.77,-2.30807830015503,-2.2703107870375554,0.6274462158519648,0.897210820618304,0.5235483074784428,-2.2611766503279225,-2.2014626868129636
63.84,-2.3066267725214367,-2.2698411569107844,0.6257877891528973,0.8936770867964186,0.5213713283489803,-2.260455690568416,-2.200535576942614
63.91,-2.3051752448878435,-2.269371526784014,0.6241200868423951,0.8901433529745335,0.5191943492195179,-2.25973473080891,-2.1996084670722644
63.98,-2.3037237172542504,-2.268901896657243,0.6224432045493244,0.886609619152648,0.5170173700900554,-2.2590137710494043,-2.198681357201915
64.05,-2.3022721896206577,-2.2684322665304726,0.620757237902552,0.8830758853307626,0.5148403909605928,-2.258292811289898,-2.1977542473315657
64.12,-2.3008206619870646,-2.267962636403702,0.619062282530944,0.8795421515088769,0.5126634118311301,-2.2575718515303915,-2.1968271374612156
64.19,-2.2993691343534715,-2.2674930062769314,0.617358434063368,0.8760084176869918,0.5104864327016677,-2.2568508917708856,-2.1959000275908664
64.26,-2.2979176067198783,-2.267023376150161,0.6156457881286895,0.872474683865106,0.5083094535722049,-2.2561299320113792,-2.194972917720517
64.33,-2.2964660790862856,-2.2665537460233898,0.6139244403557758,0.868940950043221,0.5061324744427427,-2.255408972251873,-2.1940458078501672
64.4,-2.2950145514526925,-2.2660841158966196,0.6121944863734933,0.8654072162213352,0.5039554953132799,-2.254688012492367,-2.1931186979798176
64.47,-2.2935630238191,-2.265614485769849,0.6104560218107085,0.8618734823994502,0.5017785161838175,-2.253967052732861,-2.1921915881094685
64.54,-2.2921114961855067,-2.265144855643078,0.6087091422962879,0.8583397485775643,0.4996015370543547,-2.2532460929733547,-2.1912644782391184
64.61,-2.290659968551914,-2.2646752255163074,0.6069539434590985,0.8548060147556793,0.4974245579248924,-2.2525251332138487,-2.1903373683687692
64.68,-2.289208440918321,-2.264205595389537,0.6051905209280062,0.8512722809337936,0.4952475787954297,-2.2518041734543424,-2.1894102584984196
64.75,-2.2877569132847277,-2.263735965262766,0.6034189703318784,0.8477385471119085,0.49307059966596734,-2.2510832136948364,-2.18848314862807
64.82,-2.286305385651135,-2.2632663351359956,0.601639387299581,0.8442048132900235,0.49089362053650504,-2.2503622539353305,-2.187556038757721
64.89,-2.284853858017542,-2.262796705009225,0.5998518674599809,0.8406710794681378,0.48871664140704224,-2.2496412941758237,-2.1866289288873713
64.96,-2.2834023303839492,-2.262327074882454,0.5980565064419447,0.8371373456462528,0.48653966227757994,-2.248920334416318,-2.1857018190170217
65.03,-2.2819508027503557,-2.261857444755684,0.5962533998743387,0.833603611824367,0.48436268314811715,-2.2481993746568114,-2.184774709146672
65.1,-2.280499275116763,-2.261387814628913,0.5944426433860299,0.8300698780024818,0.4821857040186548,-2.247478414897305,-2.1838475992763224
65.17,-2.27904774748317,-2.260918184502142,0.5926243326058844,0.8265361441805961,0.48000872488919205,-2.246757455137799,-2.182920489405973
65.24,-2.2775962198495767,-2.2604485543753716,0.5907985631627697,0.8230024103587109,0.47783174575972964,-2.246036495378293,-2.1819933795356237
65.31,-2.2761446922159836,-2.2599789242486006,0.5889654306855512,0.8194686765368251,0.47565476663026685,-2.245315535618787,-2.1810662696652736
65.38,-2.274693164582391,-2.2595092941218304,0.5871250308030964,0.8159349427149402,0.4734777875008045,-2.2445945758592813,-2.1801391597949245
65.45,-2.2732416369487973,-2.2590396639950594,0.585277459144271,0.8124012088930543,0.4713008083713418,-2.2438736160997745,-2.179212049924575
65.52,-2.271790109315205,-2.2585700338682893,0.5834228113379426,0.8088674750711693,0.46912382924187945,-2.243152656340268,-2.1782849400542257
65.59,-2.270338581681612,-2.258100403741518,0.5815611830129772,0.8053337412492836,0.46694685011241666,-2.2424316965807622,-2.1773578301838756
65.66,-2.268887054048019,-2.2576307736147476,0.5796926697982415,0.8018000074273985,0.46476987098295436,-2.241710736821256,-2.1764307203135265
65.73,-2.2674355264144257,-2.257161143487977,0.5778173673226019,0.7982662736055127,0.46259289185349156,-2.24098977706175,-2.175503610443177
65.8,-2.265983998780833,-2.256691513361206,0.5759353712149256,0.7947325397836278,0.46041591272402926,-2.2423180826611757,-2.177116003941293
65.87,-2.26453247114724,-2.256221883234436,0.574046777104078,0.791198805961742,0.45823893359456647,-2.243646388260602,-2.1787283974394085
65.94,-2.263080943513647,-2.255752253107665,0.5721516806189271,0.7876650721398568,0.4560619544651041,-2.2449746938600277,-2.1803407909375245
66.01,-2.261629415880054,-2.2552826229808947,0.5702501773883384,0.7841313383179711,0.4538849753356414,-2.246302999459454,-2.1819531844356406
66.08,-2.260177888246461,-2.2548129928541236,0.5683423630411794,0.7805976044960861,0.4517079962061791,-2.2476313050588796,-2.183565577933756
66.15,-2.258726360612868,-2.254343362727353,0.5664283332063156,0.7770638706742002,0.4495310170767163,-2.248959610658306,-2.185177971431872
66.22,-2.2572748329792747,-2.2538737326005824,0.5645081835126147,0.7735301368523152,0.4473540379472539,-2.2502879162577316,-2.1867903649299882
66.29,-2.255823305345682,-2.253404102473812,0.562582009588942,0.7699964030304294,0.4451770588177912,-2.251616221857158,-2.1884027584281047
66.36,-2.254371777712089,-2.2529344723470413,0.5606499070641654,0.7664626692085443,0.4430000796883289,-2.2529445274565836,-2.1900151519262203
66.43,-2.252920250078496,-2.25246484222027,0.5587119715671508,0.7629289353866586,0.4408231005588661,-2.25427283305601,-2.1916275454243364
66.5,-2.251468722444903,-2.2519952120934996,0.5567682987267651,0.7593952015647735,0.43864612142940373,-2.2556011386554355,-2.193239938922452
66.57,-2.25001719481131,-2.251525581966729,0.5548189841718746,0.7558614677428885,0.43646914229994144,-2.2569294442548613,-2.194852332420568
66.64,-2.2485656671777168,-2.2510559518399584,0.5528641235313458,0.7523277339210027,0.43429216317047864,-2.2582577498542875,-2.196464725918684
66.71,-2.247114139544124,-2.250586321713188,0.5509038124340457,0.7487940000991177,0.43211518404101634,-2.2595860554537133,-2.1980771194168
66.78,-2.245662611910531,-2.250116691586417,0.5489381465088403,0.7452602662772319,0.42993820491155355,-2.2609143610531395,-2.1996895129149157
66.85,-2.2442110842769383,-2.2496470614596467,0.546967221384597,0.7417265324553469,0.4277612257820912,-2.2622426666525652,-2.2013019064130317
66.92,-2.242759556643345,-2.2491774313328756,0.5449911326901813,0.7381927986334611,0.4255842466526285,-2.2635709722519914,-2.2029142999111477
66.99,-2.241308029009752,-2.2487078012061055,0.5430099760544612,0.734659064811576,0.4234072675231661,-2.264899277851417,-2.2045266934092638
67.06,-2.239856501376159,-2.2482381710793344,0.5410238471063019,0.7311253309896903,0.42123028839370336,-2.2662275834508434,-2.20613908690738
67.13,-2.238404973742566,-2.247768540952564,0.539032841474571,0.7275915971678052,0.419053309264241,-2.267555889050269,-2.2077514804054954
67.2,-2.236953446108973,-2.2472989108257933,0.5370370547881341,0.7240578633459194,0.4168763301347782,-2.268884194649695,-2.2093638739036114
67.27,-2.2355019184753804,-2.2468292806990227,0.5350365826758589,0.7205241295240343,0.41469935100531585,-2.270212500249121,-2.2109762674017275
67.34,-2.2340503908417872,-2.246359650572252,0.5330315207666109,0.7169903957021486,0.41252237187585317,-2.271540805848547,-2.2125886608998435
67.41,-2.232598863208194,-2.245890020445481,0.5310219646892578,0.7134566618802636,0.4103453927463908,-2.272869111447973,-2.2142010543979596
67.48,-2.231147335574601,-2.245420390318711,0.5290080100726651,0.7099229280583778,0.408168413616928,-2.2741974170473993,-2.2158134478960756
67.55,-2.2296958079410083,-2.24495076019194,0.5269897525457001,0.7063891942364927,0.40599143448746566,-2.275525722646825,-2.217425841394191
67.62,-2.228244280307415,-2.2444811300651692,0.524967287737229,0.7028554604146069,0.4038144553580029,-2.2768540282462513,-2.2190382348923072
67.69,-2.2267927526738225,-2.2440114999383987,0.5229407112761189,0.6993217265927218,0.4016374762285406,-2.2781823338456766,-2.220650628390423
67.76,-2.225341225040229,-2.243541869811628,0.5209101187912355,0.6957879927708361,0.3994604970990778,-2.279510639445103,-2.2222630218885393
67.83,-2.2238896974066362,-2.2430722396848575,0.5188756059114464,0.6922542589489511,0.3972835179696155,-2.280838945044529,-2.223875415386655
67.9,-2.222438169773043,-2.2426026095580864,0.5168372682656176,0.6887205251270654,0.39510653884015273,-2.2821672506439548,-2.225487808884771
67.97,-2.22098664213945,-2.242132979431316,0.5147952014826159,0.6851867913051801,0.3929295597106904,-2.283495556243381,-2.227100202382887
68.04,-2.219535114505857,-2.2416633493045452,0.5127495011913075,0.6816530574832944,0.39075258058122764,-2.2848238618428067,-2.228712595881003
68.11,-2.218083586872264,-2.2411937191777747,0.5107002630205596,0.6781193236614094,0.3885756014517653,-2.286152167442233,-2.2303249893791186
68.18,-2.216632059238671,-2.240724089051004,0.508647582599238,0.6745855898395237,0.3863986223223025,-2.2874804730416587,-2.231937382877235
68.25,-2.2151805316050783,-2.2402544589242335,0.5065915555562103,0.6710518560176386,0.3842216431928402,-2.288808778641085,-2.2335497763753507
68.32,-2.213729003971485,-2.239784828797463,0.5045322775203425,0.6675181221957536,0.3820446640633779,-2.29013708424051,-2.2351621698734663
68.39,-2.212277476337892,-2.239315198670692,0.5024698441205007,0.6639843883738678,0.3798676849339151,-2.291465389839937,-2.2367745633715823
68.46,-2.2108259487042994,-2.2388455685439212,0.5004043509855524,0.6604506545519827,0.3776907058044528,-2.2927936954393626,-2.2383869568696984
68.53,-2.2093744210707063,-2.2383759384171507,0.49833589374436343,0.6569169207300969,0.37551372667498994,-2.2941220010387884,-2.2399993503678144
68.6,-2.2079228934371136,-2.23790630829038,0.49626456802580093,0.6533831869082118,0.37333674754552765,-2.2954503066382146,-2.2416117438659304
68.67,-2.2064713658035204,-2.2374366781636095,0.4941904694587312,0.6498494530863261,0.3711597684160649,-2.2967786122376403,-2.243224137364046
68.74,-2.2050198381699273,-2.236967048036839,0.4921136936720211,0.6463157192644411,0.36898278928660255,-2.2981069178370666,-2.244836530862162
68.81,-2.203568310536334,-2.2364974179100683,0.4900343362945367,0.6427819854425552,0.36680581015713976,-2.2994352234364923,-2.246448924360278
68.88,-2.2021167829027415,-2.2360277877832977,0.48795249295514526,0.6392482516206701,0.3646288310276774,-2.300763529035918,-2.2480613178583937
68.95,-2.2006652552691484,-2.235558157656527,0.48586825928271254,0.6357145177987844,0.3624518518982147,-2.3020918346353443,-2.24967371135651
69.02,-2.1992137276355557,-2.235088527529756,0.48378173090610616,0.6321807839768994,0.36027487276875236,-2.30342014023477,-2.2512861048546258
69.09,-2.1977622000019625,-2.2346188974029855,0.48169300345419164,0.6286470501550137,0.35809789363928957,-2.3047484458341962,-2.252898498352742
69.16,-2.1963106723683694,-2.234149267276215,0.47960217255583654,0.6251133163331286,0.3559209145098272,-2.306076751433622,-2.254510891850858
69.23,-2.1948591447347763,-2.2336796371494443,0.47750933383990646,0.6215795825112429,0.35374393538036447,-2.307405057033048,-2.256123285348974
69.3,-2.1934076171011836,-2.2332100070226737,0.475414582935269,0.6180458486893577,0.3515669562509022,-2.3087333626324744,-2.25773567884709
69.37,-2.1919560894675905,-2.232740376895903,0.4733180154707898,0.6145121148674719,0.3493899771214394,-2.3100616682319,-2.259348072345206
69.44,-2.1905045618339973,-2.232270746769132,0.4712197270753362,0.6109783810455869,0.347212997991977,-2.311389973831326,-2.2609604658433216
69.51,-2.189053034200404,-2.2318011166423615,0.4691198133777741,0.6074446472237012,0.3450360188625142,-2.312718279430752,-2.2625728593414376
69.58,-2.1876015065668115,-2.231331486515591,0.467018370006971,0.6039109134018161,0.34285903973305193,-2.314046585030178,-2.264185252839553
69.65,-2.1861499789332184,-2.2308618563888203,0.4649154925917923,0.6003771795799303,0.34068206060358913,-2.315374890629604,-2.2657976463376697
69.72,-2.1846984512996253,-2.2303922262620497,0.46281127676110584,0.5968434457580452,0.33850508147412683,-2.31670319622903,-2.2674100398357853
69.79,-2.183246923666032,-2.229922596135279,0.4607058181437771,0.5933097119361594,0.33632810234466404,-2.318031501828456,-2.2690224333339017
69.86,-2.1817953960324394,-2.229452966008508,0.45859921236867357,0.5897759781142744,0.3341511232152017,-2.3193598074278823,-2.2706348268320173
69.93,-2.1803438683988463,-2.2289833358817375,0.45649155506466105,0.5862422442923887,0.331974144085739,-2.320688113027308,-2.2722472203301334
70.0,-2.1788923407652536,-2.228513705754967,0.4543829418606068,0.5827085104705036,0.32979716495627664,-2.322016418626734,-2.2738596138282494
70.07,-2.177440813131661,-2.2280440756281963,0.4522734683853772,0.5791747766486185,0.3276201858268143,-2.3233447242261596,-2.275472007326365
70.14,-2.1759892854980674,-2.2275744455014257,0.4501632302678383,0.5756410428267328,0.32544320669735155,-2.3246730298255853,-2.277084400824481
70.21,-2.1745377578644747,-2.227104815374655,0.44805232313685756,0.5721073090048476,0.3232662275678892,-2.3260013354250115,-2.278696794322597
70.28,-2.1730862302308815,-2.2266351852478845,0.4459408426213006,0.5685735751829619,0.32108924843842646,-2.3273296410244377,-2.2803091878207127
70.35,-2.171634702597289,-2.226165555121114,0.44382888435003515,0.5650398413610769,0.3189122693089641,-2.3286579466238635,-2.2819215813188287
70.42,-2.1701831749636957,-2.2256959249943433,0.44171654395192655,0.5615061075391912,0.3167352901795013,-2.3299862522232897,-2.2835339748169448
70.49,-2.1687316473301026,-2.2252262948675723,0.43960391705584245,0.557972373717306,0.31455831105003895,-2.331314557822715,-2.2851463683150604
70.56,-2.1672801196965095,-2.224756664740802,0.4374910992906488,0.5544386398954202,0.3123813319205762,-2.3326428634221417,-2.286758761813177
70.63,-2.1658285920629163,-2.224287034614031,0.4353781862852126,0.5509049060735353,0.3102043527911139,-2.3339711690215674,-2.2883711553112924
70.7,-2.1643770644293236,-2.2238174044872605,0.4332652736683998,0.5473711722516494,0.3080273736616511,-2.335299474620993,-2.289983548809409
70.77,-2.1629255367957305,-2.22334777436049,0.43115245706907784,0.5438374384297644,0.30585039453218876,-2.33662778022042,-2.2915959423075245
70.84,-2.161474009162138,-2.222878144233719,0.4290398321161125,0.5403037046078787,0.30367341540272597,-2.3379560858198456,-2.293208335805641
70.91,-2.1600224815285447,-2.2224085141069487,0.4269274944383711,0.5367699707859936,0.3014964362732637,-2.3392843914192714,-2.2948207293037566
70.98,-2.1585709538949516,-2.2219388839801777,0.4248155396647195,0.5332362369641077,0.2993194571438009,-2.340612697018697,-2.2964331228018726
71.05,-2.157119426261359,-2.221469253853407,0.422704063424025,0.5297025031422227,0.2971424780143386,-2.3419410026181233,-2.298045516299988
71.12,-2.1556678986277653,-2.2209996237266365,0.4205931613451534,0.526168769320337,0.2949654988848758,-2.3432693082175495,-2.2996579097981042
71.19,-2.1542163709941726,-2.220529993599866,0.4184829290569722,0.5226350354984519,0.2927885197554134,-2.3445976138169753,-2.3012703032962203
71.26,-2.1527648433605795,-2.220060363473095,0.416373462188347,0.5191013016765662,0.2906115406259507,-2.345925919416401,-2.3028826967943363
71.33,-2.151313315726987,-2.2195907333463243,0.4142648563681455,0.5155675678546812,0.2884345614964884,-2.3472542250158273,-2.304495090292452
71.4,-2.1498617880933932,-2.2191211032195537,0.4121572072252331,0.5120338340327953,0.2862575823670256,-2.348582530615253,-2.3061074837905684
71.47,-2.1484102604598005,-2.218651473092783,0.4100506103884773,0.5085001002109102,0.28408060323756323,-2.349910836214679,-2.307719877288684
71.54,-2.1469587328262074,-2.2181818429660125,0.407945161486744,0.5049663663890246,0.2819036241081005,-2.3512391418141054,-2.3093322707868005
71.61,-2.1455072051926143,-2.217712212839242,0.4058409561489005,0.5014326325671394,0.2797266449786382,-2.352567447413531,-2.310944664284916
71.68,-2.1440556775590216,-2.217242582712471,0.40373809000381267,0.4978988987452536,0.2775496658491754,-2.3538957530129574,-2.312557057783032
71.75,-2.142604149925429,-2.2167729525857007,0.4016366586803479,0.4943651649233686,0.27537268671971304,-2.355224058612383,-2.3141694512811477
71.82,-2.141152622291836,-2.21630332245893,0.39953675780737213,0.49083143110148353,0.2731957075902507,-2.356552364211809,-2.3157818447792637
71.89,-2.1397010946582427,-2.215833692332159,0.3974384830137518,0.4872976972795978,0.27101872846078795,-2.3578806698112347,-2.31739423827738
71.96,-2.13824956702465,-2.215364062205389,0.3953419299283542,0.4837639634577128,0.26884174933132565,-2.359208975410661,-2.319006631775496
72.03,-2.136798039391057,-2.214894432078618,0.3932471941800452,0.48023022963582696,0.26666477020186286,-2.360537281010087,-2.3206190252736114
72.1,-2.135346511757464,-2.2144248019518473,0.3911543713976921,0.4766964958139419,0.2644877910724005,-2.361865586609513,-2.3222314187717275
72.17,-2.133894984123871,-2.2139551718250767,0.38906355721016067,0.47316276199205615,0.26231081194293776,-2.3631938922089386,-2.3238438122698435
72.24,-2.132443456490278,-2.213485541698306,0.38697484724631837,0.4696290281701711,0.26013383281347546,-2.3645221978083644,-2.325456205767959
72.31,-2.1309919288566848,-2.213015911571535,0.384888337135031,0.4660952943482853,0.25795685368401267,-2.365850503407791,-2.3270685992660756
72.38,-2.129540401223092,-2.2125462814447645,0.38280412250516577,0.4625615605264003,0.2557798745545503,-2.3671788090072163,-2.328680992764191
72.45,-2.128088873589499,-2.212076651317994,0.3807222989855887,0.4590278267045145,0.25360289542508757,-2.3685071146066425,-2.330293386262307
72.52,-2.126637345955906,-2.2116070211912233,0.3786429622051669,0.45549409288262943,0.2514259162956252,-2.3698354202060687,-2.3319057797604232
72.59,-2.1251858183223127,-2.2111373910644527,0.3765662077927665,0.4519603590607436,0.24924893716616245,-2.371163725805495,-2.3335181732585397
72.66,-2.12373429068872,-2.2106677609376817,0.37449213137725457,0.44842662523885857,0.2470719580367001,-2.3724920314049207,-2.335130566756655
72.73,-2.122282763055127,-2.210198130810911,0.37242082858749714,0.44489289141697286,0.24489497890723735,-2.3738203370043465,-2.336742960254771
72.8,-2.1208312354215337,-2.2097285006841405,0.3703523950523614,0.44135915759508776,0.24271799977777503,-2.3751486426037722,-2.338355353752887
72.87,-2.1193797077879406,-2.20925887055737,0.36828692640071325,0.437825423773202,0.24054102064831223,-2.3764769482031984,-2.339967747251003
72.94,-2.117928180154348,-2.2087892404305993,0.36622451826142,0.43429168995131695,0.23836404151884993,-2.3778052538026246,-2.3415801407491186
73.01,-2.116476652520755,-2.2083196103038287,0.3641652662633475,0.4307579561294312,0.23618706238938714,-2.3791335594020504,-2.343192534247235
73.08,-2.115025124887162,-2.207849980177058,0.36210926603536314,0.4272242223075461,0.2340100832599248,-2.380461865001476,-2.3448049277453507
73.15,-2.1135735972535685,-2.207380350050287,0.3600566132063327,0.4236904884856604,0.23183310413046204,-2.3817901706009024,-2.3464173212434667
73.22,-2.1121220696199763,-2.206910719923517,0.35800740340512344,0.42015675466377533,0.22965612500099974,-2.3831184762003286,-2.3480297147415827
73.29,-2.1106705419863827,-2.206441089796746,0.35596173226060135,0.4166230208418895,0.22747914587153695,-2.3844467817997543,-2.3496421082396988
73.36,-2.10921901435279,-2.2059714596699758,0.3539196954016337,0.41308928702000447,0.22530216674207462,-2.3857750873991805,-2.3512545017378144
73.43,-2.107767486719197,-2.2055018295432047,0.3518813884570862,0.4095555531981187,0.22312518761261185,-2.3871033929986063,-2.352866895235931
73.5,-2.106315959085604,-2.2050321994164346,0.34984690705582633,0.40602181937623366,0.2209482084831495,-2.3884316985980325,-2.3544792887340464
73.57,-2.104864431452011,-2.2045625692896635,0.3478163468267204,0.40248808555434856,0.21877122935368717,-2.3897600041974583,-2.356091682232162
73.64,-2.103412903818418,-2.204092939162893,0.3457898033986344,0.39895435173246285,0.2165942502242244,-2.391088309796884,-2.357704075730278
73.71,-2.1019613761848253,-2.2036233090361224,0.34376737240043564,0.39542061791057775,0.21441727109476208,-2.39241661539631,-2.359316469228394
73.78,-2.100509848551232,-2.2031536789093518,0.3417491494609902,0.391886884088692,0.2122402919652993,-2.3937449209957364,-2.36092886272651
73.85,-2.0990583209176394,-2.202684048782581,0.33973523020916535,0.38835315026680695,0.21006331283583696,-2.395073226595162,-2.3625412562246257
73.92,-2.097606793284046,-2.2022144186558106,0.3377257102738267,0.3848194164449211,0.2078863337063742,-2.396401532194588,-2.3641536497227422
73.99,-2.096155265650453,-2.20174478852904,0.3357206852838419,0.3812856826230361,0.20570935457691186,-2.397729837794014,-2.365766043220858
74.06,-2.09470373801686,-2.201275158402269,0.3337202508680765,0.3777519488011504,0.20353237544744912,-2.39905814339344,-2.3673784367189743
74.13,-2.093252210383267,-2.2008055282754984,0.331724502655398,0.3742182149792653,0.20135539631798677,-2.4003864489928657,-2.36899083021709
74.2,-2.091800682749674,-2.2003358981487278,0.3297335362746722,0.3706844811573795,0.199178417188524,-2.401714754592292,-2.370603223715206
74.27,-2.090349155116081,-2.199866268021957,0.3277474473547666,0.36715074733549447,0.19700143805906165,-2.403043060191718,-2.372215617213322
74.34,-2.088897627482488,-2.199396637895186,0.3257663315245466,0.3636170135136087,0.19482445892959888,-2.404371365791144,-2.3738280107114376
74.41,-2.087446099848895,-2.198927007768416,0.32379028441287994,0.3600832796917236,0.19264747980013655,-2.40569967139057,-2.3754404042095536
74.48,-2.085994572215302,-2.1984573776416445,0.3218194016486324,0.3565495458698379,0.19047050067067378,-2.407027976989996,-2.3770527977076696
74.55,-2.084543044581709,-2.1979877475148744,0.3198537788606711,0.35301581204795285,0.18829352154121148,-2.4083562825894216,-2.3786651912057852
74.62,-2.083091516948116,-2.1975181173881033,0.31789351167786206,0.34948207822606703,0.1861165424117487,-2.409684588188848,-2.3802775847039017
74.69,-2.081639989314523,-2.197048487261333,0.3159386957290725,0.34594834440418193,0.18393956328228636,-2.4110128937882735,-2.3818899782020173
74.76,-2.08018846168093,-2.196578857134562,0.3139894266431684,0.3424146105822962,0.1817625841528236,-2.4123411993876998,-2.3835023717001333
74.83,-2.0787369340473374,-2.196109227007792,0.3120458000490171,0.3388808767604112,0.17958560502336124,-2.4136695049871255,-2.3851147651982494
74.9,-2.0772854064137443,-2.195639596881021,0.31010791157548423,0.33534714293852536,0.17740862589389847,-2.4149978105865513,-2.3867271586963654
74.97,-2.075833878780151,-2.1951699667542504,0.3081758568514372,0.3318134091166403,0.17523164676443614,-2.4163261161859775,-2.3883395521944815
75.04,-2.0743823511465584,-2.1947003366274798,0.3062497315057421,0.3282796752947546,0.1730546676349734,-2.4176544217854037,-2.3899519456925975
75.11,-2.0729308235129653,-2.194230706500709,0.30432963116726586,0.3247459414728695,0.17087768850551105,-2.4189827273848294,-2.391564339190713
75.18,-2.047744517824299,-2.152868100703827,0.30241563413053435,0.3236725829103329,0.17046330110989774,-2.3997362250705936,-2.3637752050497687
75.25,-2.0225582121356367,-2.1115054949069534,0.3005077493527136,0.3225992243477966,0.17004891371428452,-2.3804897227563617,-2.33598607090883
75.32,-1.9973719064469753,-2.0701428891100795,0.29860596845662873,0.32152586578526016,0.16963452631867132,-2.36124322044213,-2.3081969367678914
75.39,-1.972185600758308,-2.0287802833131976,0.2967102830651042,0.32045250722272356,0.16922013892305804,-2.3419967181278945,-2.2804078026269474
75.46,-1.9469992950696466,-1.9874176775163235,0.2948206848009663,0.31937914866018724,0.16880575152744484,-2.3227502158136617,-2.252618668486009
75.53,-1.9218129893809797,-1.9460550717194414,0.2929371652870392,0.31830579009765064,0.16839136413183153,-2.3035037134994263,-2.2248295343450644
75.6,-1.896626683692318,-1.9046924659225677,0.2910597161461491,0.31723243153511427,0.1679769767362183,-2.2842572111851944,-2.1970404002041257
75.67,-1.871440378003651,-1.8633298601256854,0.2891883290011203,0.3161590729725777,0.16756258934060503,-2.2650107088709586,-2.1692512660631813
75.74,-1.8462540723149896,-1.821967254328812,0.2873229954747789,0.31508571441004135,0.1671482019449918,-2.2457642065567267,-2.141462131922243
75.81,-1.8210677666263226,-1.7806046485319298,0.28546370718994923,0.31401235584750475,0.16673381454937852,-2.2265177042424904,-2.1136729977812987
75.88,-1.7958814609376608,-1.739242042735056,0.2836104557694573,0.3129389972849684,0.1663194271537653,-2.207271201928259,-2.08588386364036
75.95,-1.770695155248994,-1.6978794369381738,0.28176323283612753,0.3118656387224319,0.165905039758152,-2.188024699614023,-2.058094729499416
76.02,-1.7455088495603324,-1.6565168311413,0.279922030012786,0.31079228015989546,0.1654906523625388,-2.1687781972997913,-2.0303055953584774
76.09,-1.7203225438716654,-1.615154225344418,0.27808683892225694,0.3097189215973589,0.16507626496692548,-2.149531694985555,-2.002516461217533
76.16,-1.695136238183004,-1.5737916195475439,0.27625765118736667,0.30864556303482255,0.1646618775713123,-2.1302851926713235,-1.9747273270765946
76.23,-1.669949932494337,-1.532429013750662,0.2744344584309392,0.30757220447228595,0.16424749017569898,-2.1110386903570877,-1.94693819293565
76.3,-1.6447636268056753,-1.491066407953788,0.27261725227580086,0.30649884590974963,0.16383310278008578,-2.091792188042856,-1.9191490587947118
76.37,-1.6195773211170086,-1.449703802156906,0.27080602434477596,0.30542548734721303,0.16341871538447247,-2.07254568572862,-1.8913599246537673
76.44,-1.594391015428347,-1.408341196360032,0.2690007662606906,0.30435212878467666,0.16300432798885928,-2.0532991834143886,-1.863570790512829
76.51,-1.56920470973968,-1.36697859056315,0.267201469646369,0.30327877022214006,0.16258994059324597,-2.0340526811001522,-1.8357816563718847
76.58,-1.544018404051018,-1.3256159847662765,0.2654081261246372,0.3022054116596037,0.16217555319763274,-2.0148061787859204,-1.8079925222309459
76.65,-1.5188320983623513,-1.2842533789693942,0.2636207273183197,0.3011320530970671,0.1617611658020195,-1.9955596764716845,-1.7802033880900017
76.72,-1.4936457926736897,-1.2428907731725205,0.2618392648502425,0.30005869453453077,0.16134677840640627,-1.9763131741574527,-1.752414253949063
76.79,-1.4684594869850227,-1.2015281673756384,0.26006373034323005,0.29898533597199417,0.16093239101079296,-1.9570666718432168,-1.724625119808119
76.86,-1.443273181296361,-1.1601655615787645,0.25829411542010816,0.2979119774094578,0.16051800361517976,-1.937820169528985,-1.6968359856671802
76.93,-1.4180868756076943,-1.1188029557818826,0.2565304117037015,0.2968386188469212,0.16010361621956645,-1.918573667214749,-1.669046851526236
77.0,-1.3929005699190327,-1.0774403499850087,0.2547726108168359,0.2957652602843849,0.15968922882395326,-1.8993271649005172,-1.6412577173852974
77.07,-1.3677142642303708,-1.0360777441881348,0.2530207043823362,0.29469190172184845,0.15927484142834003,-1.8800806625862854,-1.6134685832443587
77.14,-1.342527958541704,-0.9947151383912527,0.2512746840230273,0.2936185431593119,0.15886045403272675,-1.8608341602720497,-1.5856794491034147
77.21,-1.3173416528530422,-0.953352532594379,0.24953454136173508,0.29254518459677553,0.15844606663711353,-1.8415876579578179,-1.557890314962476
77.28,-1.2921553471643754,-0.9119899267974969,0.24780026802128408,0.291471826034239,0.15803167924150024,-1.822341155643582,-1.530101180821532
77.35,-1.266969041475714,-0.8706273210006232,0.2460718556245002,0.2903984674717026,0.15761729184588702,-1.80309465332935,-1.5023120466805933
77.42,-1.241782735787047,-0.8292647152037409,0.24434929579420797,0.289325108909166,0.1572029044502737,-1.7838481510151143,-1.474522912539649
77.49,-1.2165964300983854,-0.7879021094068672,0.2426325801532332,0.28825175034662964,0.15678851705466051,-1.7646016487008824,-1.4467337783987104
77.56,-1.1914101244097184,-0.7465395036099851,0.24092170032440058,0.2871783917840931,0.1563741296590472,-1.6585340264313757,-1.3872362273117722
77.63,-1.166223818721057,-0.7051768978131113,0.23921664793053576,0.2861050332215567,0.155959742263434,-1.5524664041618903,-1.3277386762248458
77.7,-1.14103751303239,-0.6638142920162291,0.23751741459446357,0.2850316746590202,0.1555453548678207,-1.4463987818923834,-1.2682411251379078
77.77,-1.1158512073437281,-0.6224516862193554,0.23582399193900966,0.28395831609648375,0.1551309674722075,-1.3403311596228982,-1.2087435740509815
77.84,-1.0906649016550611,-0.5810890804224733,0.23413637158699868,0.2828849575339472,0.1547165800765942,-1.2342635373533914,-1.1492460229640433
77.91,-1.0654785959663997,-0.5397264746255995,0.23245454516125644,0.28181159897141084,0.15430219268098097,-1.128195915083906,-1.089748471877117
77.98,-1.040292290277733,-0.49836386882871747,0.23077850428460753,0.28073824040887424,0.15388780528536772,-1.022128292814399,-1.0302509207901789
78.05,-1.0151059845890713,-0.45700126303184363,0.22910824057987786,0.2796648818463379,0.1534734178897545,-0.9160606705449137,-0.9707533697032528
78.12,-0.9899196789004044,-0.41563865723496146,0.2274437456698919,0.2785915232838013,0.15305903049414118,-0.809993048275407,-0.9112558186163146
78.19,-0.9647333732117427,-0.37427605143808784,0.22578501117747557,0.27751816472126495,0.152644643098528,-0.7039254260059217,-0.8517582675293887
78.26,-0.9395470675230759,-0.33291344564120556,0.22413202872545337,0.27644480615872835,0.15223025570291468,-0.5978578037364148,-0.7922607164424503
78.33,-0.9143607618344141,-0.29155083984433183,0.22248478993665124,0.275371447596192,0.15181586830730145,-0.49179018146692943,-0.7327631653555242
78.4,-0.8891744561457472,-0.2501882340474496,0.22084328643389356,0.2742980890336554,0.15140148091168817,-0.3857225591974226,-0.673265614268586
78.47,-0.8639881504570854,-0.20882562825057593,0.21920750984000656,0.27322473047111906,0.15098709351607498,-0.27965493692793725,-0.6137680631816598
78.54,-0.8388018447684187,-0.1674630224536937,0.21757745177781443,0.27215137190858246,0.15057270612046167,-0.17358731465843044,-0.5542705120947217
78.61,-0.813615539079757,-0.12610041665681992,0.2159531038701431,0.2710780133460461,0.15015831872484847,-0.0675196923889451,-0.4947729610077954
78.68,-0.7884292333910903,-0.08473781085993781,0.21433445773981724,0.27000465478350955,0.14974393132923516,0.03854792988056174,-0.43527540992085717
78.75,-0.7632429277024285,-0.04337520506306414,0.21272150500966272,0.26893129622097317,0.14932954393362194,0.018793766328911582,-0.3757778588339311
78.82,-0.7380566220137666,-0.0020125992661903513,0.21111423730250434,0.2678579376584368,0.14891515653800874,-0.0009603972227385793,-0.31628030774700494
78.89,-0.7128703163251,0.03935000653069176,0.20951264624116703,0.26678457909590025,0.14850076914239546,-0.020714560774392744,-0.25678275666006667
78.96,-0.6876840106364384,0.08071261232756549,0.20791672344847661,0.2657112205333638,0.14808638174678224,-0.04046872432604291,-0.1972852055731406
79.03,-0.6624977049477715,0.12207521812444766,0.20632646054725767,0.2646378619708273,0.14767199435116893,-0.060222887877697084,-0.13778765448620234
79.1,-0.6373113992591096,0.1634378239213214,0.20474184916033608,0.26356450340829096,0.14725760695555573,-0.07997705142934723,-0.07829010339927611
79.17,-0.6121250935704428,0.20480042971820367,0.20316288091053633,0.2624911448457543,0.14684321955994242,-0.09973121498100142,-0.01879255231233795
79.24,-0.5869387878817813,0.2461630355150773,0.20158954742068438,0.261417786283218,0.1464288321643292,-0.11948537853265159,0.040704998774588164
79.31,-0.5617524821931145,0.28752564131195957,0.20002184031360476,0.2603444277206814,0.14601444476871595,-0.13923954208430572,0.10020254986152644
79.38,-0.5365661765044526,0.32888824710883324,0.19845975121212323,0.259271069158145,0.14560005737310272,-0.1589937056359559,0.1597001009484525
79.45,-0.5113798708157858,0.37025085290571536,0.19690327173906444,0.2581977105956085,0.1451856699774894,-0.17874786918761007,0.21919765203539074
79.52,-0.4861935651271241,0.41161345870258914,0.19535239351725425,0.25712435203307205,0.1447712825818762,-0.19850203273926023,0.2786952031223169
79.59,-0.4610072594384572,0.45297606449947125,0.19380710816951727,0.2560509934705355,0.1443568951862629,-0.21825619629091442,0.3381927542092551
79.66,-0.43582095374979546,0.494338670296345,0.19226740731867925,0.25497763490799913,0.14394250779064968,-0.23801035984256458,0.39769030529618127
79.73,-0.4106346480611286,0.5357012760932272,0.1907332825875649,0.25390427634546253,0.1435281203950364,-0.25776452339421874,0.45718785638311943
79.8,-0.38544834237246706,0.5770638818901009,0.1892047255989998,0.2528309177829262,0.1431137329994232,-0.2775186869458689,0.5166854074700457
79.87,-0.3602620366838002,0.5833134292693324,0.1876817279758088,0.2517575592203896,0.1426993456038099,-0.27368869194421763,0.4642748342385664
79.94,-0.33507573099513843,0.5895629766485624,0.18616428134081758,0.25068420065785324,0.1422849582081967,-0.2698586969425671,0.41186426100709783
80.01,-0.3098894253064717,0.5958125240277939,0.1846523773168508,0.2496108420953167,0.1418705708125834,-0.2660287019409159,0.3594536877756186
80.08,-0.28470311961781003,0.6020620714070241,0.18314600752673432,0.24853748353278032,0.14145618341697017,-0.26219870693926534,0.30704311454414995
80.15,-0.25951681392914316,0.6083116187862555,0.1816451635932926,0.24746412497024373,0.1410417960213569,-0.25836871193761407,0.25463254131267077
80.22,-0.2343305082404814,0.6145611661654857,0.18014983713935168,0.24639076640770738,0.1406274086257437,-0.2545387169359636,0.20222196808120216
80.29,-0.20914420255181465,0.6208107135447171,0.17866001978773588,0.2453174078451708,0.14021302123013038,-0.2507087219343123,0.14981139484972297
80.36,-0.1839578968631529,0.6270602609239472,0.17717570316127124,0.2442440492826344,0.13979863383451716,-0.2468787269326618,0.09740082161825436
80.43,-0.15877159117448603,0.6333098083031786,0.1756968788827823,0.24317069072009784,0.13938424643890387,-0.24304873193101054,0.04499024838677512
80.5,-0.1335852854858245,0.6395593556824087,0.17422353857509484,0.24209733215756146,0.13896985904329065,-0.23921873692936005,-0.00742032484469346
80.57,-0.10839897979716273,0.645808903061639,0.17275567386103377,0.2410239735950251,0.13855547164767743,-0.23538874192770953,-0.059830898076162015
80.64,-0.08321267410849587,0.6520584504408704,0.17129327636342404,0.23995061503248852,0.13814108425206417,-0.2315587469260583,-0.11224147130764123
80.71,-0.05802636841983411,0.6583079978201005,0.16983633770509146,0.2388772564699522,0.13772669685645095,-0.2277287519244078,-0.16465204453910984
80.78,-0.03284006273116735,0.664557545199332,0.16838484950886057,0.23780389790741557,0.13731230946083764,-0.22389875692275651,-0.2170626177705891
80.85,-0.007653757042505482,0.6708070925785621,0.1669388033975572,0.23673053934487923,0.13689792206522441,-0.22006876192110603,-0.2694731910020577
80.92,0.017532548646161272,0.6770566399577934,0.1654981909940061,0.23565718078234266,0.13648353466961113,-0.21623876691945473,-0.3218837642335369
80.99,0.04271885433482292,0.6833061873370236,0.16406300392103287,0.23458382221980628,0.1360691472739979,-0.21240877191780425,-0.3742943374650055
81.06,0.06790516002348979,0.6895557347162551,0.16263323380146222,0.23351046365726968,0.13565475987838463,-0.208578776916153,-0.28465819922670155
81.13,0.09309146571215154,0.6958052820954852,0.16120887225812003,0.2324371050947333,0.13524037248277143,-0.20474878191450246,-0.19502206098841565
81.2,0.11827777140081841,0.7020548294747166,0.1597899109138308,0.23136374653219674,0.13482598508715812,-0.2009187869128512,-0.1053859227501116
81.27,0.14346407708947984,0.7083043768539468,0.15837634139142034,0.2302903879696604,0.13441159769154493,-0.19708879191120074,-0.015749784511825793
81.34,0.1686503827781467,0.7145539242331782,0.1569681553137133,0.2292170294071238,0.1339972102959316,-0.19325879690954945,0.07388635372647828
81.41,0.19383668846680857,0.7208034716124083,0.1555653443035355,0.22814367084458745,0.1335828229003184,-0.18942880190789893,0.1635224919647641
81.48,0.21902299415547533,0.7270530189916398,0.15416789998371158,0.22707031228205088,0.1331684355047051,-0.1855988069062477,0.25315863020306817
81.55,0.24420929984413708,0.7333025663708699,0.15277581397706722,0.2259969537195145,0.13275404810909192,-0.18176881190459718,0.342794768441354
81.62,0.26939560553280395,0.7395521137501013,0.1513890779064272,0.22492359515697793,0.1323396607134786,-0.1779388169029459,0.43243090667965794
81.69,0.2945819112214656,0.7458016611293316,0.1500076833946172,0.2238502365944416,0.13192527331786538,-0.17410882190129545,0.5220670449179438
81.76,0.31976821691013235,0.7520512085085629,0.14863162206446184,0.222776878031905,0.1315108859222521,-0.17027882689964416,0.6117031831562478
81.83,0.3449545225987941,0.7583007558877931,0.14726088553878702,0.22170351946936862,0.13109649852663888,-0.16644883189799364,0.7013393213945337
81.9,0.370140828287461,0.7645503032670244,0.1458954654404173,0.22063016090683202,0.1306821111310256,-0.16261883689634235,0.7909754596328377
81.97,0.39532713397612274,0.7707998506462546,0.14453535339217835,0.21955680234429567,0.1302677237354124,-0.1587888418946919,0.8806115978711235
82.04,0.4205134396647895,0.777049398025486,0.1431805410168951,0.2184834437817591,0.1298533363397991,-0.1549588468930406,0.9702477361094276
82.11,0.44569974535345136,0.7832989454047161,0.141831019937393,0.21741008521922273,0.12943894894418587,-0.15112885189139008,1.0598838743477135
82.18,0.4708860510421181,0.7895484927839476,0.1404867817764969,0.21633672665668613,0.12902456154857256,-0.14729885688973884,1.1495200125860174
82.25,0.4960723567307797,0.7957980401631777,0.13914781815703262,0.21526336809414978,0.12861017415295936,-0.14346886188808836,1.101071369161978
82.32,0.5212586624194415,0.802047587542408,0.1378141207018249,0.2141900095316134,0.12819578675734614,-0.13963886688643784,1.0526227257379381
82.39,0.546444968108108,0.8082971349216395,0.13648568103369876,0.21311665096907684,0.12778139936173286,-0.13580887188478658,1.0041740823138887
82.46,0.5716312737967699,0.8145466823008696,0.13516249077547995,0.21204329240654046,0.12736701196611966,-0.1319788768831361,0.955725438889849
82.53,0.5968175794854367,0.820796229680101,0.13384454154999315,0.21096993384400387,0.12695262457050635,-0.1281488818814848,0.9072767954657996
82.6,0.6220038851740985,0.8270457770593311,0.13253182498006416,0.20989657528146755,0.12653823717489315,-0.12431888687983432,0.8588281520417599
82.67,0.6471901908627655,0.8332953244385625,0.1312243326885176,0.20882321671893095,0.12612384977927982,-0.12048889187818304,0.8103795086177105
82.74,0.6723764965514271,0.8395448718177927,0.12992205629817918,0.20774985815639457,0.12570946238366662,-0.11665889687653254,0.7619308651936708
82.81,0.697562802240094,0.8457944191970241,0.12862498743187356,0.206676499593858,0.12529507498805334,-0.11282890187488127,0.7134822217696215
82.88,0.7227491079287556,0.8520439665762543,0.12733311771242664,0.20560314103132166,0.12488068759244014,-0.10899890687323077,0.6650335783455819
82.95,0.7479354136174223,0.8582935139554856,0.12604643876266294,0.20452978246878506,0.12446630019682683,-0.10516891187157949,0.6165849349215322
83.02,0.7731217193060842,0.8645430613347158,0.12476494220540825,0.20345642390624868,0.12405191280121361,-0.101338916869929,0.5681362914974928
83.09,0.798308024994751,0.8707926087139473,0.12348861966348723,0.20238306534371212,0.12363752540560034,-0.09750892186827773,0.5196876480734434
83.16,0.8234943306834127,0.8770421560931774,0.1222174627597257,0.20130970678117577,0.12322313800998712,-0.09367892686662724,0.4712390046494037
83.23,0.8486806363720797,0.8832917034724088,0.12095146311694821,0.20023634821863917,0.12280875061437382,-0.08984893186497596,0.4227903612253542
83.3,0.8738669420607412,0.8895412508516389,0.1196906123579806,0.19916298965610282,0.12239436321876063,-0.08601893686332546,0.37434171780131453
83.37,0.899053247749408,0.8957907982308704,0.11843490210564753,0.19808963109356625,0.12197997582314732,-0.08218894186167419,0.325893074377265
83.44,0.9242395534380697,0.9020403456101005,0.11718432398277473,0.19701627253102988,0.12156558842753412,-0.0783589468600237,0.27744443095322546
83.51,0.9494258591267365,0.9082898929893319,0.11593886961218686,0.19594291396849328,0.1211512010319208,-0.07452895185837242,0.22899578752917593
83.58,0.9746121648153984,0.9145394403685622,0.11469853061670968,0.1948695554059569,0.1207368136363076,-0.07069895685672194,0.18054714410513634
83.65,0.9997984705040651,0.9207889877477935,0.11346329861916789,0.19379619684342034,0.12032242624069431,-0.06686896185507066,0.13209850068108686
83.72,1.0249847761927267,0.9270385351270236,0.11223316524238719,0.19272283828088396,0.11990803884508108,-0.06303896685342017,0.08364985725704721
83.79,1.0501710818813936,0.9332880825062551,0.11100812210919228,0.1916494797183474,0.1194936514494678,-0.05920897185176889,0.035201213832997735
83.86,1.0753573875700555,0.9395376298854853,0.10978816084240892,0.19057612115581102,0.11907926405385458,-0.055378976850118396,-0.01324742959104186
83.93,1.1005436932587223,0.9457871772647166,0.10857327306486174,0.18950276259327445,0.11866487665824128,-0.051548981848467124,-0.06169607301509128
84.0,1.125729998947384,0.9520367246439467,0.10736345039937649,0.18842940403073807,0.11825048926262806,-0.04771898684681662,-0.11014471643913093
84.07,1.1509163046360456,0.958286272023177,0.1061586844687781,0.18735604546820173,0.11783610186701486,-0.043888991845166134,-0.15859335986317055
84.14,1.1761026103247123,0.9645358194024083,0.10495896689589163,0.18628268690566513,0.11742171447140157,-0.040058996843514855,-0.20704200328722003
84.21,1.2012889160133742,0.9707853667816385,0.10376428930354269,0.18520932834312875,0.11700732707578837,-0.03622900184186437,-0.25549064671125965
84.28,1.226475221702041,0.97703491416087,0.10257464331455604,0.18413596978059218,0.11659293968017506,-0.032399006840213095,-0.3039392901353091
84.35,1.2516615273907026,0.9832844615401,0.10139002055175735,0.18306261121805584,0.11617855228456184,-0.028569011838562593,-0.3523879335593487
84.42,1.2768478330793696,0.9895340089193314,0.10021041263797133,0.18198925265551927,0.11576416488894857,-0.024739016836911324,-0.40083657698339825
84.49,1.302034138768031,0.9957835562985615,0.0990358111960237,0.18091589409298287,0.11534977749333535,-0.02090902183526083,-0.44928522040743785
84.56,1.3109430206740227,1.0068648701658978,0.09786620784873924,0.18467163181649654,0.11493539009772205,0.07297383999029557,-0.3764480115010687
84.63,1.319851902580012,1.0179461840332316,0.09670159421894356,0.1884273695400094,0.11452100270210883,0.1668567018158329,-0.30361080259471435
84.7,1.3287607844860034,1.0290274979005678,0.09554196192946139,0.19218310726352306,0.11410661530649555,0.2607395636413893,-0.23077359368834519
84.77,1.337669666391993,1.0401088117679014,0.0943873026031185,0.19593884498703593,0.11369222791088232,0.3546224254669266,-0.15793638478199087
84.84,1.3465785482979842,1.0511901256352376,0.09323760786273953,0.1996945827105496,0.11327784051526903,0.448505287292483,-0.08509917587562171
84.91,1.3554874302039737,1.0622714395025714,0.09209286933115021,0.20345032043406247,0.11286345311965583,0.5423881491180204,-0.012261966969267402
84.98,1.3643963121099651,1.0733527533699077,0.09095307863117529,0.20720605815757615,0.11244906572404254,0.6362710109435767,0.06057524193710179
85.05,1.3733051940159544,1.0844340672372415,0.08981822738564042,0.210961795881089,0.11203467832842931,0.730153872769114,0.1334124508434561
85.12,1.382214075921946,1.0955153811045777,0.08868830721737034,0.21471753360460266,0.11162029093281603,0.8240367345946704,0.2062496597498253
85.19,1.3911229578279354,1.1065966949719115,0.08756330974919073,0.2184732713281155,0.1112059035372028,0.9179195964202077,0.2790868686561796
85.26,1.4000318397339269,1.1176780088392477,0.08644322660392638,0.2222290090516292,0.11079151614158951,1.011802458245764,0.3519240775625487
85.33,1.4089407216399163,1.1287593227065815,0.08532804940440289,0.22598474677514208,0.1103771287459763,1.1056853200713017,0.424761286468903
85.4,1.4178496035459078,1.1398406365739175,0.08421776977344506,0.22974048449865572,0.109962741350363,1.1995681818968578,0.4975984953752721
85.47,1.426758485451897,1.1509219504412513,0.08311237933387854,0.2334962222221686,0.1095483539547498,1.2934510437223952,0.5704357042816266
85.54,1.4356673673578886,1.1620032643085876,0.08201186970852808,0.23725195994568227,0.10913396655913649,1.3873339055479517,0.6432729131879957
85.61,1.444576249263878,1.1730845781759214,0.08091623252021934,0.2410076976691951,0.10871957916352328,1.4812167673734888,0.71611012209435
85.68,1.4534851311698693,1.1841658920432576,0.0798254593917771,0.24476343539270878,0.10830519176791,1.5750996291990453,0.7889473310007191
85.75,1.4623940130758588,1.1952472059105914,0.07873954194602702,0.24851917311622163,0.10789080437229678,1.5985544397305196,0.8617845399070734
85.82,1.4713028949818483,1.2063285197779252,0.07765847180579404,0.2522749108397345,0.10747641697668357,1.6220092502619938,0.9346217488134277
85.89,1.4802117768878396,1.2174098336452612,0.07658224059390319,0.2560306485632482,0.10706202958107028,1.645464060793473,1.007458957719797
85.96,1.4891206587938293,1.2284911475125952,0.07551083993318011,0.2597863862867611,0.10664764218545707,1.6689188713249472,1.0802961666261512
86.03,1.4980295406998203,1.2395724613799313,0.07444426144644957,0.2635421240102747,0.10623325478984377,1.6923736818564263,1.1531333755325206
86.1,1.50693842260581,1.2506537752472653,0.07338249675653723,0.2672978617337876,0.10581886739423056,1.7158284923879008,1.2259705844388749
86.17,1.5158473045118015,1.2617350891146013,0.07232553748626784,0.27105359945730123,0.10540447999861725,1.7392833029193797,1.2988077933452438
86.24,1.524756186417791,1.272816402981935,0.07127337525846707,0.27480933718081413,0.10499009260300404,1.7627381134508542,1.3716450022515982
86.31,1.5336650683237822,1.2838977168492713,0.07022600169595965,0.2785650749043278,0.10457570520739076,1.786192923982333,1.4444822111579674
86.38,1.5425739502297717,1.2949790307166051,0.06918340842157131,0.2823208126278407,0.10416131781177755,1.8096477345138076,1.5173194200643216
86.45,1.551482832135763,1.3060603445839414,0.06814558705812676,0.2860765503513543,0.10374693041616424,1.8331025450452865,1.590156628970691
86.52,1.5603917140417527,1.3171416584512752,0.0671125292284516,0.28983228807486716,0.10333254302055103,1.856557355576761,1.6629938378770452
86.59,1.569300595947744,1.3282229723186112,0.06608422655537069,0.29358802579838084,0.10291815562493775,1.8800121661082398,1.7358310467834144
86.66,1.5782094778537337,1.339304286185945,0.06506067066170963,0.29734376352189373,0.10250376822932453,1.9034669766397143,1.8086682556897686
86.73,1.587118359759725,1.3503856000532812,0.06404185317029328,0.3010995012454074,0.10208938083371125,1.9269217871711934,1.8815054645961378
86.8,1.5960272416657144,1.361466913920615,0.06302776570394715,0.30485523896892025,0.10167499343809802,1.9503765977026677,1.9543426735024922
86.87,1.6049361235717057,1.372548227787951,0.062018399885496074,0.30861097669243387,0.10126060604248471,1.9738314082341468,2.0271798824088614
86.94,1.6138450054776952,1.383629541655285,0.06101374733776572,0.31236671441594677,0.1008462186468715,1.9832995952300594,2.037172865519546
87.01,1.6227538873836864,1.394710855522621,0.060013799683580844,0.31612245213946044,0.10043183125125822,1.9927677822259735,2.047165848630232
87.08,1.6316627692896761,1.405792169389955,0.05901854854576709,0.31987818986297334,0.10001744385564501,2.0022359692218865,2.0571588317409164
87.15,1.6405716511956674,1.416873483257291,0.05802798554714925,0.32363392758648696,0.0996030564600317,2.0117041562178004,2.0671518148516026
87.22,1.649480533101657,1.4279547971246251,0.0570421023105529,0.32738966530999986,0.0991886690644185,2.0211723432137134,2.077144797962287
87.29,1.6583894150076484,1.4390361109919612,0.05606089045880293,0.3311454030335135,0.09877428166880521,2.0306405302096278,2.0871377810729737
87.36,1.6672982969136378,1.450117424859295,0.05508434161472487,0.33490114075702637,0.098359894273192,2.0401087172055403,2.097130764183658
87.43,1.676207178819629,1.461198738726631,0.05411244740114356,0.33865687848054005,0.09794550687757869,2.0495769042014547,2.1071237472943443
87.5,1.6851160607256186,1.472280052593965,0.05314519944088462,0.34241261620405294,0.09753111948196548,2.0590450911973672,2.1171167304050287
87.57,1.6940249426316083,1.4833613664612988,0.05218258935677307,0.34616835392756584,0.09711673208635227,2.06851327819328,2.127109713515713
87.64,1.7029338245375998,1.494442680328635,0.051224608771633894,0.34992409165107946,0.09670234469073899,2.077981465189194,2.1371026966263993
87.71,1.711842706443589,1.5055239941959688,0.050271249308292715,0.35367982937459236,0.09628795729512578,2.0874496521851067,2.1470956797370837
87.78,1.7207515883495805,1.5166053080633048,0.04932250258957431,0.35743556709810603,0.09587356989951247,2.096917839181021,2.15708866284777
87.85,1.72966047025557,1.5276866219306386,0.04837836023830433,0.3611913048216189,0.09545918250389926,2.106386026176934,2.1670816459584543
87.92,1.7385693521615613,1.5387679357979749,0.047438813877307584,0.36494704254513255,0.09504479510828598,2.115854213172848,2.177074629069141
87.99,1.7474782340675508,1.549849249665309,0.04650385512940964,0.3687027802686454,0.09463040771267277,2.125322400168761,2.187067612179825
88.06,1.756387115973542,1.560930563532645,0.04557347561743534,0.37245851799215907,0.09421602031705946,2.1347905871646753,2.1970605952905116
88.13,1.7652959978795315,1.5720118773999787,0.044647666964210325,0.3762142557156719,0.09380163292144625,2.144258774160588,2.207053578401196
88.2,1.774204879785523,1.5830931912673147,0.04372642079255931,0.3799699934391856,0.09338724552583295,2.153726961156502,2.2170465615118826
88.27,1.7831137616915123,1.5941745051346485,0.04280972872530802,0.3837257311626985,0.09297285813021973,2.1631951481524148,2.227039544622567
88.34,1.792022643597504,1.605255819001985,0.04189758238528118,0.3874814688862121,0.09255847073460645,2.1726633351483295,2.2370325277332532
88.41,1.8009315255034934,1.6163371328693186,0.04098997339530445,0.391237206609725,0.09214408333899324,2.1821315221442417,2.2470255108439376
88.48,1.8098404074094847,1.6274184467366548,0.040086893378202614,0.39499294433323867,0.09172969594337993,2.1915997091401564,2.257018493954624
88.55,1.8187492893154742,1.6384997606039886,0.039188333956801276,0.3987486820567515,0.09131530854776673,2.2010678961360686,2.2670114770653083
88.62,1.8276581712214655,1.6495810744713246,0.03829428675392522,0.4025044197802652,0.09090092115215344,2.2105360831319834,2.277004460175995
88.69,1.836567053127455,1.6606623883386586,0.037404743392400144,0.40626015750377803,0.09048653375654023,2.220004270127896,2.286997443286679
88.76,1.8454759350334464,1.6717437022059949,0.03651969549505078,0.4100158952272917,0.09007214636092692,2.2294724571238103,2.2969904263973655
88.83,1.8543848169394361,1.6828250160733287,0.035639134684702756,0.4137716329508046,0.08965775896531371,2.238940644119723,2.3069834095080495
88.9,1.8632936988454274,1.6939063299406647,0.03476305258418091,0.4175273706743182,0.08924337156970041,2.248408831115637,2.316976392618736
88.97,1.8722025807514169,1.7049876438079985,0.0338914408163108,0.4212831083978311,0.08882898417408722,2.2578770181115497,2.3269693757294205
89.04,1.8811114626574081,1.7160689576753345,0.03302429100391728,0.4250388461213448,0.08841459677847391,2.267345205107464,2.336962358840107
89.11,1.8900203445633976,1.7271502715426685,0.032161594769825934,0.42879458384485764,0.0880002093828607,2.2768133921033766,2.346955341950791
89.18,1.8989292264693893,1.7382315854100048,0.0313033437368616,0.43255032156837137,0.08758582198724742,2.2862815790992914,2.356948325061478
89.25,1.9078381083753786,1.7493128992773386,0.030449529527849857,0.4363060592918842,0.0871714345916342,2.2867473994123126,2.3561198006008266
89.32,1.9167469902813683,1.7603942131446724,0.029600143765615705,0.4400617970153971,0.086757047196021,2.2872132197253343,2.3552912761401763
89.39,1.9256558721873593,1.7714755270120084,0.028755178072984198,0.4438175347389107,0.08634265980040769,2.287679040038356,2.3544627516795256
89.46,1.934564754093349,1.7825568408793424,0.02791462407278092,0.4475732724624236,0.08592827240479448,2.288144860351377,2.3536342272188744
89.53,1.9434736359993403,1.7936381547466786,0.027078473387830683,0.4513290101859373,0.08551388500918118,2.288610680664399,2.352805702758223
89.6,1.9523825179053298,1.8047194686140122,0.02624671764095912,0.45508474790945014,0.08509949761356796,2.2890765009774205,2.351977178297573
89.67,1.961291399811321,1.8158007824813485,0.02541934845499101,0.4588404856329638,0.08468511021795468,2.2895423212904418,2.3511486538369217
89.74,1.9702002817173105,1.8268820963486823,0.02459635745275195,0.46259622335647665,0.08427072282234147,2.2900081416034634,2.350320129376271
89.81,1.9791091636233018,1.8379634102160183,0.0237777362570668,0.46635196107999033,0.08385633542672816,2.290473961916485,2.3494916049156203
89.88,1.9880180455292915,1.8490447240833523,0.02296347649076108,0.4701076988035032,0.08344194803111496,2.2909397822295063,2.3486630804549695
89.95,1.996926927435283,1.8601260379506885,0.022153569776659728,0.47386343652701685,0.08302756063550167,2.291405602542528,2.3478345559943183
90.02,2.0058358093412725,1.8712073518180223,0.021348007737588225,0.47761917425052974,0.08261317323988845,2.2918714228555497,2.3470060315336676
90.09,2.0147446912472637,1.8822886656853584,0.020546781996371506,0.4813749119740434,0.08219878584427515,2.2923372431685713,2.346177507073017
90.16,2.0236535731532532,1.8933699795526922,0.019749884175835057,0.48513064969755626,0.08178439844866194,2.2928030634815926,2.345348982612366
90.23,2.0325624550592445,1.9044512934200282,0.01895730589880381,0.48888638742106993,0.08137001105304864,2.2932688837946142,2.344520458151715
90.3,2.041471336965234,1.9155326072873622,0.018169038788103248,0.49264212514458283,0.08095562365743544,2.293734704107636,2.343691933691064
90.37,2.0503802188712257,1.9266139211546984,0.017385074466558285,0.49639786286809645,0.08054123626182214,2.294200524420657,2.3428634092304135
90.44,2.0592891007772147,1.9376952350220322,0.016605404556994448,0.5001536005916094,0.08012684886620892,2.294666344733679,2.3420348847697623
90.51,2.0681979826832064,1.9487765488893682,0.015830020682236642,0.503909338315123,0.07971246147059564,2.2951321650467,2.341206360309111
90.58,2.077106864589196,1.9598578627567023,0.015058914465110368,0.5076650760386359,0.07929807407498243,2.2955979853597217,2.340377835848461
90.65,2.086015746495187,1.9709391766240385,0.014292077528440524,0.5114208137621495,0.07888368667936912,2.2960638056727434,2.3395493113878096
90.72,2.0949246284011767,1.982020490491372,0.013529501495052668,0.5151765514856624,0.07846929928375591,2.2965296259857646,2.338720786927159
90.79,2.103833510307168,1.9931018043587083,0.012771177987771656,0.5189322892091761,0.07805491188814262,2.2969954462987863,2.337892262466508
90.86,2.1127423922131574,2.004183118226042,0.012017098629423035,0.522688026932689,0.07764052449252941,2.297461266611808,2.3370637380058574
90.93,2.1216512741191487,2.015264432093378,0.011267255042831674,0.5264437646562026,0.07722613709691611,2.2979270869248296,2.3362352135452067
91.0,2.130560156025138,2.026345745960712,0.010521638850823129,0.5301995023797155,0.0768117497013029,2.298392907237851,2.3354066890845555
91.07,2.1394690379311276,2.0374270598280457,0.009780241676222406,0.5339552401032284,0.07639736230568969,2.2988587275508725,2.3345781646239048
91.14,2.1483779198371193,2.048508373695382,0.009043055141854639,0.537710977826742,0.07598297491007641,2.299324547863894,2.333749640163254
91.21,2.157286801743109,2.059589687562716,0.008310070870545265,0.5414667155502548,0.07556858751446319,2.2997903681769154,2.332921115702603
91.28,2.1661956836491,2.070671001430052,0.007581280485119246,0.5452224532737685,0.07515420011884988,2.3002561884899375,2.3320925912419526
91.35,2.1751045655550896,2.081752315297386,0.006856675608402059,0.5489781909972814,0.07473981272323667,2.3007220088029587,2.3312640667813014
91.42,2.184013447461081,2.092833629164722,0.006136247863218609,0.5527339287207951,0.07432542532762337,2.30118782911598,2.33043554232065
91.49,2.1929223293670703,2.1039149430320556,0.005419988872394432,0.556489666444308,0.07391103793201016,2.3016536494290016,2.32960701786
91.56,2.2018312112730616,2.114996256899392,0.004707890258754444,0.5602454041678215,0.07349665053639687,2.3021194697420233,2.3287784933993487
91.63,2.2107400931790515,2.126077570766726,0.003999943645124092,0.5640011418913344,0.07308226314078367,2.3025852900550445,2.3279499689386975
91.7,2.2196489750850428,2.137158884634062,0.0032961406543283653,0.5677568796148481,0.07266787574517036,2.303051110368066,2.3271214444780473
91.77,2.2285578569910323,2.1482401985013957,0.0025964729091927322,0.571512617338361,0.07225348834955715,2.303516930681088,2.326292920017396
91.84,2.2374667388970235,2.1593215123687317,0.0019009320325421054,0.5752683550618747,0.07183910095394387,2.303982750994109,2.3254643955567453
91.91,2.246375620803013,2.170402826236066,0.0012095096472019978,0.5790240927853875,0.07142471355833066,2.3044485713071308,2.3246358710960946
91.98,2.2552845027090043,2.181484140103402,0.000522197375997329,0.5827798305089011,0.07101032616271735,2.3049143916201524,2.323807346635444
92.05,2.2641933846149938,2.1925654539707358,-0.0001610131582464088,0.5865355682324142,0.07059593876710414,2.3053802119331737,2.3229788221747927
92.12,2.2731022665209855,2.203646767838072,-0.0008401303327042909,0.5902913059559276,0.07018155137149085,2.3058460322461953,2.322150297714142
92.19,2.282011148426975,2.2147280817054056,-0.001515162524550832,0.5940470436794406,0.06976716397587765,2.306311852559217,2.321321773253491
92.26,2.290920030332966,2.225809395572742,-0.0021861181109610883,0.5978027814029543,0.06935277658026434,2.3067776728722382,2.32049324879284
92.33,2.2998289122389557,2.2368907094400754,-0.0028530054691095885,0.6015585191264672,0.06893838918465113,2.30724349318526,2.3196647243321893
92.4,2.308737794144947,2.247972023307412,-0.003515832976171373,0.6053142568499809,0.06852400178903785,2.3077093134982816,2.3188361998715386
92.47,2.3176466760509364,2.2590533371747457,-0.004174609009320984,0.6090699945734936,0.06810961439342464,2.308175133811303,2.3180076754108874
92.54,2.3265555579569277,2.2701346510420817,-0.00482934194573348,0.6128257322970073,0.06769522699781132,2.3086409541243245,2.3171791509502366
92.61,2.335464439862917,2.2812159649094155,-0.005480040162583374,0.6165814700205201,0.0672808396021981,2.309106774437346,2.316350626489586
92.68,2.3443733217689084,2.292297278776752,-0.006126712037045717,0.6203372077440339,0.06686645220658483,2.309572594750368,2.315522102028935
92.75,2.353282203674898,2.3033785926440853,-0.006769365946295049,0.6240929454675467,0.06645206481097161,2.310038415063389,2.314693577568284
92.82,2.3621910855808874,2.3144599065114195,-0.007408010267506289,0.6278486831910597,0.06603767741535839,2.3105042353764107,2.3138650531076332
92.89,2.3710999674868787,2.3255412203787555,-0.008042653377854349,0.6316044209145733,0.0656232900197451,2.3109700556894324,2.3130365286469825
92.96,2.380008849392869,2.3366225342460893,-0.008673303654513775,0.6353601586380861,0.0652089026241319,2.3114358760024536,2.3122080041863318
93.03,2.3889177312988594,2.3477038481134254,-0.009299969474659607,0.6391158963615998,0.06479451522851859,2.3119016963154753,2.3113794797256806
93.1,2.39782661320485,2.3587851619807596,-0.009922659215466376,0.6428716340851126,0.06438012783290538,2.3123675166284965,2.31055095526503
93.17,2.4067354951108406,2.3698664758480956,-0.010541381254109108,0.6466273718086264,0.0639657404372921,2.312833336941518,2.309722430804379
93.24,2.4156443770168305,2.3809477897154294,-0.011156143967762386,0.6503831095321393,0.06355135304167889,2.31329915725454,2.3088939063437284
93.31,2.424553258922822,2.3920291035827654,-0.011766955733601222,0.6541388472556529,0.06313696564606558,2.3137649775675615,2.308065381883077
93.38,2.4334621408288113,2.4031104174500992,-0.01237382492880017,0.6578945849791658,0.06272257825045237,2.3142307978805827,2.307236857422427
93.45,2.4423710227348026,2.4141917313174353,-0.012976759930534243,0.6616503227026794,0.062308190854839074,2.3146966181936044,2.3064083329617757
93.52,2.451279904640792,2.4252730451847695,-0.013575769115978019,0.6654060604261923,0.06189380345922587,2.3151624385066256,2.305579808501125
93.59,2.4601887865467833,2.4363543590521055,-0.01417086086230651,0.6691617981497059,0.06147941606361257,2.3156282588196473,2.304751284040474
93.66,2.469097668452773,2.4474356729194393,-0.014762043546694267,0.6729175358732188,0.06106502866799936,2.316094079132669,2.3039227595798235
93.73,2.478006550358764,2.4585169867867753,-0.015349325546316323,0.6766732735967325,0.06065064127238608,2.3165598994456906,2.303094235119172
93.8,2.486915432264754,2.469598300654109,-0.01593271523834723,0.6804290113202454,0.060236253876772866,2.317025719758712,2.3022657106585216
93.87,2.4958243141707452,2.4806796145214456,-0.016512220999962017,0.684184749043759,0.059821866481159544,2.3174915400717335,2.3014371861978704
93.94,2.496386259881149,2.48186736788911,-0.01708785843933162,0.6891688295065875,0.05940747908554633,2.3173083091932765,2.301436291310238
94.01,2.4969482055915533,2.4830551212567746,-0.017659672088612972,0.6941529099694171,0.05899309168993305,2.317125078314819,2.3014353964226055
94.08,2.497510151301957,2.4842428746244387,-0.018227713710958916,0.6991369904322455,0.05857870429431984,2.3169418474363614,2.3014345015349726
94.15,2.4980720970123604,2.4854306279921032,-0.018792035069522737,0.7041210708950751,0.05816431689870654,2.3167586165579044,2.30143360664734
94.22,2.4986340427227645,2.4866183813597678,-0.019352687927457323,0.7091051513579036,0.05774992950309333,2.316575385679447,2.3014327117597078
94.29,2.4991959884331685,2.487806134727432,-0.019909724047915946,0.7140892318207333,0.057335542107480035,2.31639215480099,2.3014318168720753
94.36,2.499757934143572,2.4889938880950964,-0.020463195194051452,0.7190733122835616,0.056921154711866824,2.3162089239225327,2.301430921984443
94.43,2.500319879853976,2.490181641462761,-0.02101315312901718,0.7240573927463911,0.05650676731625352,2.3160256930440757,2.3014300270968104
94.5,2.50088182556438,2.4913693948304254,-0.021559649615965938,0.7290414732092196,0.05609237992064031,2.3158424621656186,2.301429132209178
94.57,2.5014437712747837,2.4925571481980895,-0.022102736418050918,0.7340255536720482,0.0556779925250271,2.315659231287161,2.301428237321545
94.64,2.5020057169851873,2.493744901565754,-0.02264246529842536,0.7390096341348777,0.05526360512941382,2.3154760004087036,2.3014273424339127
94.71,2.5025676626955917,2.494932654933418,-0.023178888020242056,0.7439937145977064,0.05484921773380061,2.3152927695302465,2.3014264475462802
94.78,2.5031296084059953,2.496120408301083,-0.023712056346654332,0.7489777950605359,0.0544348303381873,2.315109538651789,2.301425552658648
94.85,2.503691554116399,2.497308161668747,-0.02424202204081505,0.7539618755233644,0.0540204429425741,2.314926307773332,2.3014246577710153
94.92,2.5042534998268033,2.4984959150364117,-0.024768836865877487,0.7589459559861939,0.053606055546960796,2.3147430768948745,2.301423762883383
94.99,2.504815445537207,2.499683668404076,-0.025292552584994504,0.7639300364490225,0.053191668151347585,2.3145598460164174,2.3014228679957505
95.06,2.505377391247611,2.5008714217717407,-0.025813220961319404,0.768914116911852,0.052777280755734304,2.31437661513796,2.301421973108118
95.13,2.505939336958015,2.502059175139405,-0.026330893758005045,0.7738981973746806,0.05236289336012108,2.314193384259503,2.3014210782204856
95.2,2.506501282668419,2.5032469285070698,-0.026845622738204712,0.77888227783751,0.05194850596450777,2.3140101533810458,2.301420183332853
95.27,2.507063228378822,2.5044346818747334,-0.027357459665071276,0.7838663583003385,0.05153411856889456,2.3138269225025883,2.3014192884452207
95.34,2.5076251740892266,2.5056224352423984,-0.02786645630175803,0.7888504387631681,0.051119731173281266,2.313643691624131,2.301418393557588
95.41,2.50818711979963,2.5068101886100624,-0.028372664411417805,0.7938345192259966,0.05070534377766807,2.3134604607456737,2.3014174986699554
95.48,2.508749065510034,2.507997941977727,-0.02887613575720393,0.798818599688826,0.05029095638205477,2.3132772298672166,2.301416603782323
95.55,2.509311011220438,2.5091856953453915,-0.02937692210226926,0.8038026801516547,0.049876568986441557,2.3130939989887596,2.3014157088946905
95.62,2.5098729569308422,2.510373448713056,-0.02987507520976707,0.8087867606144841,0.04946218159082826,2.312910768110302,2.301414814007058
95.69,2.510434902641246,2.5115612020807205,-0.030370646842850225,0.8137708410773127,0.04904779419521505,2.312727537231845,2.301413919119426
95.76,2.51099684835165,2.512748955448385,-0.030863688764672003,0.8187549215401422,0.04863340679960175,2.312544306353388,2.301413024231793
95.83,2.5115587940620534,2.513936708816049,-0.0313542527383853,0.8237390020029708,0.04821901940398854,2.3123610754749304,2.3014121293441607
95.9,2.512120739772457,2.5151244621837137,-0.03184239052714338,0.8287230824658003,0.04780463200837526,2.312177844596473,2.301411234456528
95.97,2.5126826854828614,2.516312215551378,-0.03232815389409914,0.8337071629286287,0.04739024461276205,2.311994613718016,2.3014103395688954
96.04,2.513244631193265,2.5174999689190427,-0.03281159460240581,0.8386912433914583,0.04697585721714874,2.3118113828395583,2.301409444681263
96.11,2.513806576903669,2.518687722286707,-0.03329276441521633,0.8436753238542868,0.04656146982153553,2.3116281519611013,2.3014085497936305
96.18,2.514368522614073,2.5198754756543713,-0.0337717150956839,0.8486594043171163,0.046147082425922234,2.3114449210826438,2.301407654905998
96.25,2.5149304683244766,2.521063229022036,-0.034248498406961446,0.8536434847799448,0.04573269503030902,2.311261690204187,2.3014067600183656
96.32,2.5154924140348807,2.5222509823897,-0.03472316611220214,0.8586275652427735,0.04531830763469581,2.3110784593257296,2.301405865130733
96.39,2.5160543597452847,2.523438735757365,-0.03519576997455914,0.8636116457056029,0.04490392023908253,2.3108952284472726,2.301404970243101
96.46,2.5166163054556883,2.524626489125029,-0.03566636175718535,0.8685957261684315,0.04448953284346932,2.310711997568815,2.3014040753554683
96.53,2.517178251166092,2.525814242492693,-0.036134993223234026,0.873579806631261,0.04407514544785602,2.3105287666903576,2.301403180467836
96.6,2.5177401968764963,2.527001995860358,-0.03660171613585804,0.8785638870940895,0.04366075805224279,2.3103455358119005,2.3014022855802034
96.67,2.5183021425869,2.528189749228022,-0.03706658225821069,0.8835479675569189,0.04324637065662949,2.310162304933443,2.301401390692571
96.74,2.518864088297304,2.5293775025956866,-0.03752964335344482,0.8885320480197475,0.04283198326101628,2.309979074054986,2.3014004958049386
96.81,2.519426034007708,2.530565255963351,-0.03799095118471374,0.893516128482577,0.042417595865402995,2.309795843176529,2.301399600917306
96.88,2.5199879797181115,2.531753009331015,-0.03845055751517031,0.8985002089454056,0.04200320846978979,2.309612612298072,2.3013987060296737
96.95,2.5205499254285155,2.5329407626986797,-0.038908514107967807,0.903484289408235,0.04158882107417649,2.3094293814196143,2.3013978111420412
97.02,2.521111871138919,2.5341285160663443,-0.0393648727262591,0.9084683698710636,0.04117443367856328,2.3092461505411572,2.3013969162544083
97.09,2.521673816849323,2.5353162694340083,-0.03981968513319747,0.9134524503338931,0.04076004628294998,2.3090629196626997,2.301396021366776
97.16,2.522235762559727,2.536504022801673,-0.040273003091935815,0.9184365307967217,0.040345658887336766,2.308879688784242,2.301395126479143
97.23,2.522797708270131,2.5376917761693374,-0.040724878365627375,0.9234206112595511,0.039931271491723486,2.308696457905785,2.3013942315915106
97.3,2.5233596539805347,2.538879529537002,-0.04117536271742505,0.9284046917223798,0.039516884096110275,2.308513227027328,2.3013933367038786
97.37,2.5239215996909388,2.5400672829046664,-0.0416245079104821,0.9333887721852092,0.039102496700496966,2.3083299961488706,2.301392441816246
97.44,2.524483545401343,2.5412550362723305,-0.04207236570795141,0.9383728526480377,0.038688109304883755,2.3081467652704135,2.3013915469286137
97.51,2.5250454911117464,2.5424427896399955,-0.042518987872986275,0.9433569331108673,0.03827372190927046,2.307963534391956,2.3013906520409813
97.58,2.52560743682215,2.5436305430076596,-0.04296442616873956,0.9483410135736958,0.03785933451365725,2.307780303513499,2.3013897571533484
97.65,2.5261693825325544,2.5448182963753245,-0.0434087323583645,0.9533250940365254,0.037444947118043956,2.307597072635042,2.3013888622657164
97.72,2.526731328242958,2.5460060497429886,-0.043851958205014016,0.9583091744993538,0.037030559722430745,2.3074138417565844,2.3013879673780835
97.79,2.5272932739533616,2.5471938031106527,-0.04429415547184138,0.9632932549621834,0.03661617232681746,2.3072306108781273,2.301387072490451
97.86,2.527855219663766,2.5483815564783177,-0.04473537592199947,0.9682773354250119,0.036201784931204246,2.30704737999967,2.3013861776028186
97.93,2.5284171653741696,2.5495693098459817,-0.045175671318641544,0.9732614158878414,0.035787397535590945,2.3068641491212127,2.301385282715186
98.0,2.528979111084573,2.550757063213646,-0.04561509342492048,0.9782454963506699,0.035373010139977734,2.3066809182427557,2.3013843878275537
98.07,2.5295410567949776,2.551944816581311,-0.04605369400398948,0.9832295768134984,0.03495862274436451,2.306497687364298,2.3013834929399213
98.14,2.5301030025053812,2.553132569948975,-0.046491524819001685,0.988213657276328,0.03454423534875123,2.3063144564858407,2.301382598052289
98.21,2.530664948215785,2.554320323316639,-0.04692863763311002,0.9931977377391565,0.03412984795313801,2.3061312256073836,2.3013817031646564
98.28,2.531226893926189,2.555508076684304,-0.0473650842094677,0.9981818182019859,0.03371546055752472,2.3059479947289265,2.3013808082770235
98.35,2.531788839636593,2.556695830051968,-0.04780091631122764,1.0031658986648146,0.033301073161911506,2.305764763850469,2.301379913389391
98.42,2.5323507853469964,2.557883583419633,-0.048236185701543095,1.008149979127644,0.032886685766298204,2.3055815329720115,2.3013790185017586
98.49,2.532912731057401,2.559071336787297,-0.04867094414356697,1.0131340595904725,0.03247229837068499,2.305398302093555,2.301378123614126
98.56,2.5334746767678045,2.5602590901549616,-0.049105243400452504,1.0181181400533021,0.0320579109750717,2.3052150712150974,2.3013772287264938
98.63,2.534036622478208,2.561446843522626,-0.049539135235352624,1.0231022205161309,0.03164352357945849,2.30503184033664,2.301376333838861
98.7,2.534598568188612,2.56263459689029,-0.04997267141142055,1.02808630097896,0.0312291361838452,2.304848609458183,2.3013754389512284
98.77,2.535160513899016,2.5638223502579542,-0.0504059036918092,1.0330703814417888,0.03081474878823199,2.3046653785797258,2.301374544063596
98.84,2.5357224596094197,2.565010103625619,-0.05083888383967182,1.0380544619046184,0.03040036139261869,2.3044821477012682,2.3013736491759635
98.91,2.536284405319824,2.5661978569932837,-0.051271663618161316,1.0430385423674466,0.029985973997005484,2.304298916822811,2.301372754288331
98.98,2.5368463510302277,2.5673856103609483,-0.05170429479043094,1.0480226228302763,0.029571586601392183,2.304115685944354,2.301371859400699
99.05,2.5374082967406313,2.5685733637286123,-0.05213682911963358,1.0530067032931048,0.029157199205778972,2.3039324550658966,2.301370964513066
99.12,2.5379702424510358,2.5697611170962773,-0.05256931836892249,1.0579907837559344,0.028742811810165678,2.303749224187439,2.301370069625434
99.19,2.5385321881614393,2.5709488704639414,-0.05300181430145059,1.0629748642187629,0.028328424414552467,2.303565993308982,2.3013691747378013
99.26,2.539094133871843,2.5721366238316055,-0.05343436868037112,1.0679589446815925,0.027914037018939172,2.303382762430525,2.301368279850169
99.33,2.5396560795822465,2.57332437719927,-0.05386703326883697,1.072943025144421,0.02749964962332596,2.3031995315520675,2.3013673849625365
99.4,2.540218025292651,2.5745121305669345,-0.054299859830001414,1.0779271056072504,0.027085262227712667,2.30301630067361,2.301366490074904
99.47,2.540779971003055,2.575699883934599,-0.054732900127017335,1.082911186070079,0.026670874832099456,2.3028330697951533,2.3013655951872716
99.54,2.5413419167134585,2.5768876373022636,-0.05516620592303797,1.0878952665329085,0.02625648743648616,2.302649838916696,2.301364700299639
99.61,2.5419038624238626,2.5780753906699276,-0.05559982898121627,1.092879346995737,0.02584210004087295,2.3024666080382383,2.3013638054120067
99.68,2.542465808134266,2.5792631440375926,-0.05603382106470545,1.0978634274585666,0.025427712645259656,2.3022833771597813,2.3013629105243743
99.75,2.54302775384467,2.5804508974052567,-0.056468233936658396,1.102847507921395,0.02501332524964643,2.302100146281324,2.3013620156367414
99.82,2.5435896995550737,2.5816386507729208,-0.056903119360228314,1.1078315883842236,0.02459893785403322,2.3019169154028667,2.301361120749109
99.89,2.5441516452654778,2.5828264041405853,-0.05733852909856835,1.1128156688470532,0.024184550458419933,2.3017336845244096,2.301360225861476
99.96,2.544713590975882,2.58401415750825,-0.057774514914831376,1.1177997493098817,0.023770163062806722,2.301550453645952,2.3013593309738436
100.03,2.545275536686286,2.585201910875914,-0.0582111285721707,1.122783829772711,0.02335577566719342,2.301367222767495,2.301358436086211
100.1,2.5458374823966894,2.5863896642435784,-0.05864842183373918,1.1277679102355398,0.02294138827158021,2.301183991889038,2.301357541198579
100.17,2.5463994281070934,2.587577417611243,-0.059086446462690075,1.1327519906983694,0.022527000875966915,2.3010007610105805,2.3013566463109463
100.24,2.5469613738174974,2.5887651709789075,-0.059525254222176284,1.1377360711611977,0.02211261348035371,2.3008175301321234,2.301355751423314
100.31,2.547523319527901,2.589952924346572,-0.059964896875351066,1.1427201516240273,0.021698226084740403,2.300634299253666,2.3013548565356814
100.38,2.5480852652383046,2.591140677714236,-0.060405426185367324,1.1477042320868558,0.021283838689127206,2.3004510683752084,2.301353961648049
100.45,2.548647210948709,2.592328431081901,-0.060846893915378314,1.1526883125496854,0.020869451293513905,2.300267837496752,2.3013530667604165
100.52,2.5492091566591126,2.593516184449565,-0.061289351828536925,1.157672393012514,0.020455063897900694,2.3000846066182943,2.301352171872784
100.59,2.5497711023695167,2.5947039378172296,-0.06173285168799641,1.1626564734753433,0.0200406765022874,2.2999013757398368,2.3013512769851516
100.66,2.5503330480799207,2.595891691184894,-0.062177445256909665,1.167640553938172,0.01962628910667419,2.2997181448613797,2.301350382097519
100.73,2.5508949937903247,2.5970794445525587,-0.06262318429842995,1.1726246344010014,0.019211901711060894,2.2995349139829226,2.3013494872098867
100.8,2.5514569395007283,2.598267197920223,-0.06307012057571018,1.17760871486383,0.018797514315447683,2.299351683104465,2.3013485923222543
100.87,2.5520188852111323,2.5994549512878873,-0.06351830585190357,1.1825927953266595,0.01838312691983439,2.299168452226008,2.301347697434622
100.94,2.552580830921536,2.6006427046555514,-0.06396779189016306,1.187576875789488,0.017968739524221178,2.2989852213475506,2.301346802546989
101.01,2.55314277663194,2.6018304580232163,-0.06441863045364188,1.1925609562523176,0.017554352128607884,2.2988019904690935,2.301345907659357
101.08,2.5537047223423435,2.6030182113908804,-0.06487087330549295,1.1975450367151461,0.017139964732994672,2.298618759590636,2.301345012771724
101.15,2.5542666680527475,2.604205964758545,-0.06532457220886947,1.2025291171779755,0.016725577337381378,2.298435528712179,2.3013441178840917
101.22,2.5548286137631515,2.605393718126209,-0.0657797789269244,1.207513197640804,0.01631118994176816,2.2982522978337214,2.3013432229964588
101.29,2.5553905594735555,2.6065814714938735,-0.06623654522281096,1.2124972781036336,0.015896802546154866,2.2980690669552644,2.3013423281088263
101.36,2.5559525051839596,2.6077692248615385,-0.06669492285968207,1.2174813585664621,0.015482415150541648,2.2978858360768073,2.3013414332211943
101.43,2.556514450894363,2.608956978229203,-0.06715496360069097,1.2224654390292917,0.015068027754928354,2.29770260519835,2.301340538333562
101.5,2.5570763966047667,2.610144731596867,-0.06761671920899054,1.2274495194921202,0.014653640359315143,2.2975193743198927,2.301339643445929
101.57,2.5576383423151707,2.611332484964531,-0.06808024144773397,1.2324335999549487,0.014239252963701939,2.297336143441435,2.3013387485582966
101.64,2.5582002880255748,2.6125202383321957,-0.06854558208007443,1.237417680417778,0.01382486556808863,2.297152912562978,2.301337853670664
101.71,2.5587622337359783,2.61370799169986,-0.0690127928691648,1.2424017608806066,0.013410478172475426,2.2969696816845206,2.3013369587830317
101.78,2.5593241794463824,2.6148957450675248,-0.06948192557815835,1.2473858413434362,0.012996090776862132,2.2967864508060636,2.3013360638953992
101.85,2.5598861251567864,2.6160834984351893,-0.06995303197020798,1.252369921806265,0.012581703381248921,2.2966032199276065,2.301335169007767
101.92,2.5604480708671904,2.617271251802854,-0.07042616380846693,1.2573540022690943,0.01216731598563562,2.296419989049149,2.3013342741201344
101.99,2.561010016577594,2.618459005170518,-0.0709013728560881,1.2623380827319228,0.011752928590022409,2.296236758170692,2.301333379232502
102.06,2.561571962287998,2.6196467585381824,-0.07137871087622476,1.2673221631947524,0.011338541194409121,2.296053527292235,2.3013324843448695
102.13,2.5621339079984016,2.6208345119058465,-0.07185822963202976,1.272306243657581,0.01092415379879591,2.2958702964137774,2.301331589457237
102.2,2.5626958537088056,2.622022265273511,-0.07233998088665641,1.2772903241204105,0.010509766403182616,2.2956870655353203,2.3013306945696046
102.27,2.563257799419209,2.623210018641175,-0.0728240164032576,1.2822744045832388,0.010095379007569405,2.295503834656863,2.301329799681972
102.34,2.5638197451296136,2.62439777200884,-0.07331038794498657,1.2872584850460684,0.00968099161195611,2.2953206037784057,2.3013289047943397
102.41,2.5643816908400177,2.6255855253765046,-0.0737991472749962,1.2922425655088972,0.0092666042163429,2.2951373728999482,2.301328009906707
102.48,2.564943636550421,2.626773278744169,-0.0742903461564398,1.2972266459717265,0.008852216820729605,2.294954142021491,2.301327115019074
102.55,2.565505582260825,2.627961032111833,-0.07478403635247019,1.302210726434555,0.008437829425116394,2.2947709111430337,2.301326220131442
102.62,2.566067527971229,2.6291487854794977,-0.0752802696262407,1.3071948068973847,0.008023442029503093,2.2945876802645766,2.3013253252438095
102.69,2.5666294736816324,2.6303365388471622,-0.07577909774090417,1.3121788873602132,0.007609054633889889,2.294404449386119,2.301324430356177
102.76,2.567191419392037,2.6315242922148263,-0.07628057245961391,1.3171629678230425,0.007194667238276588,2.294221218507662,2.3013235354685446
102.83,2.5677533651024405,2.6327120455824913,-0.07678474554552275,1.322147048285871,0.00678027984266337,2.2940379876292045,2.301322640580912
102.9,2.568315310812844,2.6338997989501554,-0.077291668761784,1.3271311287487007,0.006365892447050069,2.2938547567507475,2.3013217456932797
102.97,2.568877256523248,2.63508755231782,-0.07780139387155055,1.3321152092115291,0.0059515050514368575,2.29367152587229,2.301320850805647
103.04,2.569439202233652,2.6362753056854844,-0.07831397263797565,1.3370992896743585,0.00553711765582357,2.293488294993833,2.3013199559180144
103.11,2.570001147944056,2.6374630590531485,-0.07882945682421216,1.3420833701371873,0.005122730260210359,2.293305064115376,2.301319061030382
103.18,2.57056309365446,2.6386508124208135,-0.0793478981934134,1.3470674506000169,0.004708342864597058,2.2931218332369188,2.3013181661427495
103.25,2.5711250393648637,2.6398385657884775,-0.07986934850873222,1.3520515310628454,0.004293955468983847,2.2929386023584613,2.301317271255117
103.32,2.5526567915708793,2.623488147200155,-0.08039385953332179,1.3570356115256739,0.003879568073370636,2.294163228400634,2.301955817122075
103.39,2.5341885437768905,2.6071377286118294,-0.0809214830303353,1.3620196919885035,0.0034651806777573485,2.2953878544428075,2.3025943629890326
103.46,2.5157202959829057,2.5907873100235066,-0.0814522707629256,1.3670037724513318,0.0030507932821441375,2.296612480484981,2.3032329088559904
103.53,2.497252048188917,2.574436891435181,-0.08198627449424604,1.3719878529141614,0.0026364058865308362,2.2978371065271546,2.303871454722948
103.6,2.478783800394932,2.558086472846859,-0.0825235459874494,1.3769719333769899,0.002222018490917625,2.299061732569328,2.3045100005899055
103.67,2.4603155526009437,2.5417360542585334,-0.08306413700568901,1.3819560138398193,0.0018076310953043379,2.300286358611501,2.3051485464568633
103.74,2.4418473048069593,2.5253856356702107,-0.08360809931211775,1.3869400943026478,0.0013932436996911268,2.3015109846536745,2.305787092323821
103.81,2.4233790570129705,2.5090352170818853,-0.0841554846698889,1.3919241747654776,0.0009788563040778325,2.302735610695848,2.306425638190779
103.88,2.4049108092189857,2.4926847984935625,-0.08470634484215528,1.396908255228306,0.0005644689084646146,2.303960236738021,2.3070641840577366
103.95,2.3864425614249973,2.476334379905237,-0.08526073159207023,1.4018923356911355,0.00015008151285131333,2.3051848627801945,2.3077027299246944
104.02,2.367974313631012,2.4599839613169143,-0.08581869668278658,1.4068764161539642,-0.0002643058827618838,2.306409488822368,2.3083412757916517
104.09,2.349506065837024,2.443633542728589,-0.08638029187745765,1.4118604966167938,-0.000678693278375192,2.307634114864541,2.3089798216586095
104.16,2.3310378180430393,2.427283124140266,-0.08694556893923626,1.416844577079622,-0.001093080673988396,2.3088587409067145,2.3096183675255673
104.23,2.3125695702490505,2.4109327055519403,-0.08751457963127576,1.4218286575424517,-0.0015074680696016904,2.310083366948888,2.310256913392525
104.3,2.2941013224550657,2.3945822869636184,-0.08808737571672898,1.4268127380052802,-0.0019218554652149084,2.311307992991061,2.310895459259483
104.37,2.2756330746610773,2.378231868375292,-0.0886640089587492,1.4317968184681098,-0.0023362428608282026,2.3125326190332345,2.3115340051264406
104.44,2.257164826867093,2.3618814497869702,-0.08924453112048927,1.4367808989309383,-0.0027506302564414137,2.313757245075408,2.3121725509933984
104.51,2.2386965790731037,2.345531031198645,-0.08982899396510252,1.4417649793937677,-0.003165017652054708,2.314981871117581,2.312811096860356
104.58,2.2202283312791193,2.329180612610322,-0.0904174492557418,1.4467490598565964,-0.003579405047667919,2.3162064971597545,2.3134496427273135
104.65,2.201760083485131,2.3128301940219966,-0.09100994875556039,1.4517331403194258,-0.003993792443281213,2.317431123201928,2.3140881885942712
104.72,2.1832918356911457,2.296479775433674,-0.09160654422771114,1.456717220782254,-0.004408179838894424,2.318655749244101,2.314726734461229
104.79,2.1648235878971573,2.280129356845348,-0.09220728743534738,1.461701301245084,-0.0048225672345077256,2.3198803752862744,2.315365280328187
104.86,2.146355340103173,2.2637789382570257,-0.09281223014162195,1.4666853817079124,-0.005236954630120937,2.3211050013284478,2.3160038261951446
104.93,2.127887092309184,2.2474285196687,-0.09342142410968814,1.4716694621707418,-0.005651342025734224,2.3223296273706215,2.3166423720621023
105.0,2.1094188445151993,2.2310781010803775,-0.09403492110269879,1.4766535426335703,-0.006065729421347435,2.3235542534127944,2.31728091792906
105.07,2.090950596721215,2.2147276824920556,-0.09465277288380713,1.481637623096399,-0.006480116816960646,2.3247788794549673,2.3179194637960174
105.14,2.072482348927226,2.19837726390373,-0.09527503121616629,1.4866217035592286,-0.006894504212573947,2.326003505497141,2.3185580096629756
105.21,2.0540141011332413,2.182026845315407,-0.09590174786292917,1.4916057840220571,-0.007308891608187158,2.3272281315393144,2.319196555529933
105.28,2.035545853339253,2.165676426727081,-0.09653297458724906,1.4965898644848865,-0.007723279003800453,2.3284527575814877,2.3198351013968908
105.35,2.017077605545268,2.149326008138759,-0.0971687631522788,1.501573944947715,-0.008137666399413664,2.329677383623661,2.3204736472638485
105.42,1.9986093577512793,2.1329755895504334,-0.0978091653211717,1.5065580254105446,-0.008552053795026958,2.3309020096658344,2.3211121931308063
105.49,1.9801411099572948,2.1166251709621107,-0.0984542328570806,1.5115421058733731,-0.008966441190640169,2.3321266357080077,2.321750738997764
105.56,1.9616728621633062,2.1002747523737852,-0.09910401752315881,1.5165261863362025,-0.00938082858625347,2.333351261750181,2.3223892848647214
105.63,1.9432046143693216,2.083924333785463,-0.0997585710825592,1.5215102667990312,-0.009795215981866681,2.3345758877923544,2.3230278307316796
105.7,1.924736366575333,2.067573915197137,-0.10041794529843505,1.5264943472618606,-0.010209603377479975,2.3358005138345277,2.323666376598637
105.77,1.9062681187813484,2.0512234966088148,-0.10108219193393919,1.5314784277246891,-0.010623990773093187,2.337025139876701,2.3243049224655947
105.84,1.8877998709873598,2.034873078020489,-0.10175136275222499,1.5364625081875187,-0.011038378168706477,2.3382497659188743,2.3249434683325525
105.91,1.869331623193375,2.0185226594321666,-0.10242550951644522,1.5414465886503472,-0.011452765564319695,2.3394743919610477,2.3255820141995103
105.98,1.8508633753993862,2.0021722408438407,-0.10310468398975321,1.5464306691131766,-0.011867152959932986,2.340699018003221,2.326220560066468
106.05,1.8323951276054018,1.9858218222555184,-0.10378893793530183,1.5514147495760053,-0.012281540355546197,2.3419236440453943,2.326859105933426
106.12,1.813926879811413,1.9694714036671925,-0.10447832311624437,1.5563988300388347,-0.012695927751159495,2.3431482700875677,2.3274976518003836
106.19,1.7954586320174284,1.9531209850788702,-0.10517289129573369,1.5613829105016632,-0.01311031514677271,2.344372896129741,2.328136197667341
106.26,1.7769903842234398,1.9367705664905446,-0.1058726942369231,1.5663669909644928,-0.013524702542385993,2.3455975221719143,2.3287747435342987
106.33,1.7585221364294552,1.920420147902222,-0.10657778370296538,1.5713510714273216,-0.013939089937999211,2.3468221482140876,2.3294132894012565
106.4,1.7400538886354666,1.9040697293138964,-0.10728821145701395,1.576335151890151,-0.014353477333612509,2.348046774256261,2.3300518352682142
106.47,1.7215856408414818,1.8877193107255739,-0.10800402926222152,1.5813192323529794,-0.01476786472922572,2.3492714002984343,2.330690381135172
106.54,1.703117393047493,1.8713688921372482,-0.10872528888174153,1.586303312815809,-0.015182252124839018,2.3504960263406076,2.33132892700213
106.61,1.6846491452535086,1.8550184735489257,-0.10945204207872675,1.5912873932786373,-0.015596639520452225,2.351720652382781,2.331967472869087
106.68,1.6661808974595198,1.8386680549606,-0.1101843406163305,1.5962714737414672,-0.016011026916065523,2.3529452784249543,2.332606018736045
106.75,1.6477126496655352,1.822317636372278,-0.11092223625770559,1.6012555542042954,-0.016425414311678734,2.3541699044671276,2.333244564603003
106.82,1.6292444018715504,1.8059672177839554,-0.11166578076600525,1.606239634667124,-0.01683980170729194,2.355394530509301,2.3338831104699604
106.89,1.610776154077562,1.7896167991956298,-0.11241502590438274,1.6112237151299535,-0.017254189102905236,2.3566191565514742,2.334521656336918
106.96,1.592307906283577,1.7732663806073072,-0.11317002343599077,1.616207795592782,-0.01766857649851845,2.3578437825936476,2.335160202203876
107.03,1.5738396584895888,1.7569159620189816,-0.11393082512398277,1.6211918760556117,-0.01808296389413175,2.359068408635821,2.3357987480708338
107.1,1.5553714106956038,1.740565543430659,-0.11469748273151148,1.6261759565184402,-0.01849735128974496,2.3602930346779942,2.336437293937791
107.17,1.5369031629016152,1.7242151248423334,-0.1154700480217303,1.6311600369812695,-0.01891173868535825,2.3615176607201676,2.337075839804749
107.24,1.5184349151076306,1.7078647062540109,-0.11624857275779198,1.6361441174440983,-0.01932612608097146,2.362742286762341,2.3377143856717066
107.31,1.499966667313642,1.6915142876656852,-0.11703310870284991,1.6411281979069277,-0.01974051347658476,2.363966912804514,2.3383529315386644
107.38,1.4814984195196572,1.6751638690773631,-0.11782370762005687,1.6461122783697562,-0.02015490087219797,2.3651915388466875,2.338991477405622
107.45,1.4630301717256688,1.658813450489037,-0.11862042127256625,1.6510963588325858,-0.020569288267811268,2.366416164888861,2.33963002327258
107.52,1.444561923931684,1.642463031900715,-0.11942330142353082,1.6560804392954145,-0.02098367566342448,2.367640790931034,2.3402685691395377
107.59,1.4260936761376957,1.6261126133123893,-0.12023239983610393,1.6610645197582439,-0.02139806305903777,2.3688654169732075,2.340907115006495
107.66,1.4076254283437106,1.6097621947240666,-0.12104776827343836,1.6660486002210724,-0.02181245045465098,2.370090043015381,2.341545660873453
107.73,1.389157180549722,1.5934117761357407,-0.12186945849868752,1.671032680683902,-0.02222683785026428,2.3713146690575546,2.3421842067404106
107.8,1.3706889327557374,1.5770613575474186,-0.12269752227500413,1.6760167611467303,-0.022641225245877493,2.372539295099727,2.3428227526073684
107.87,1.3522206849617486,1.5607109389590927,-0.12353201136554165,1.68100084160956,-0.02305561264149079,2.373763921141901,2.343461298474326
107.94,1.333752437167764,1.5443605203707704,-0.12437297753345278,1.6859849220723884,-0.023470000037103995,2.374988547184074,2.344099844341284
108.01,1.3152841893737757,1.5280101017824448,-0.12522047254189095,1.690969002535218,-0.023884387432717296,2.3662261314011435,2.340451604339597
108.08,1.2968159415797906,1.5116596831941223,-0.12607454815400887,1.6959530829980465,-0.02429877482833051,2.357463715618215,2.336803364337911
108.15,1.2783476937858025,1.4953092646057966,-0.12693525613296,1.700937163460876,-0.0247131622239438,2.3487012998352848,2.3331551243362245
108.22,1.2598794459918174,1.4789588460174743,-0.12780264824189702,1.7059212439237044,-0.02512754961955701,2.339938884052356,2.3295068843345383
108.29,1.241411198197829,1.4626084274291484,-0.12867677624397342,1.710905324386534,-0.025541937015170307,2.3311764682694256,2.3258586443328513
108.36,1.2229429504038445,1.4462580088408261,-0.12955769190234187,1.7158894048493625,-0.02595632441078352,2.322414052486497,2.3222104043311655
108.43,1.2044747026098557,1.4299075902525005,-0.13044544698015578,1.7208734853121919,-0.02637071180639681,2.3136516367035664,2.3185621643294785
108.5,1.1860064548158709,1.413557171664178,-0.13134009324056795,1.7258575657750206,-0.026785099202010023,2.3048892209206375,2.3149139243277923
108.57,1.167538207021886,1.3972067530758556,-0.13224168244673162,1.730841646237849,-0.027199486597623234,2.296126805137709,2.3112656843261066
108.64,1.1490699592278977,1.38085633448753,-0.13315026636179997,1.7358257267006785,-0.027613873993236532,2.2873643893547784,2.3076174443244195
108.71,1.1306017114339129,1.3645059158992072,-0.1340658967489258,1.7408098071635074,-0.028028261388849743,2.27860197357185,2.3039692043227333
108.78,1.1121334636399243,1.3481554973108816,-0.1349886253712625,1.7457938876263368,-0.028442648784463034,2.2698395577889197,2.3003209643210467
108.85,1.0936652158459397,1.3318050787225595,-0.1359185039919628,1.7507779680891653,-0.02885703618007625,2.2610771420059907,2.296672724319361
108.92,1.075196968051951,1.3154546601342334,-0.13685558437418013,1.755762048551995,-0.029271423575689542,2.2523147262230605,2.293024484317674
108.99,1.0567287202579663,1.299104241545911,-0.13779991828106722,1.7607461290148234,-0.029685810971302757,2.243552310440132,2.289376244315988
109.06,1.0382604724639777,1.2827538229575854,-0.13875155747577747,1.765730209477653,-0.03010019836691605,2.2347898946572013,2.285728004314301
109.13,1.019792224669993,1.2664034043692631,-0.13971055372146368,1.7707142899404813,-0.030514585762529266,2.226027478874273,2.2820797643126154
109.2,1.0013239768760045,1.2500529857809373,-0.1406769587812792,1.775698370403311,-0.03092897315814256,2.217265063091342,2.2784315243109283
109.27,0.9828557290820197,1.233702567192615,-0.1416508244183767,1.7806824508661394,-0.031343360553755764,2.2085026473084137,2.274783284309242
109.34,0.9643874812880312,1.217352148604289,-0.1426322023959098,1.785666531328969,-0.03175774794936907,2.1997402315254835,2.2711350443075555
109.41,0.9459192334940465,1.2010017300159668,-0.14362114447703103,1.7906506117917973,-0.03217213534498228,2.1909778157425546,2.2674868043058694
109.48,0.9274509857000579,1.1846513114276411,-0.14461770242489397,1.7956346922546271,-0.03258652274059557,2.1822153999596243,2.2638385643041827
109.55,0.9089827379060731,1.1683008928393186,-0.14562192800265122,1.8006187727174554,-0.03300091013620879,2.1734529841766954,2.2601903243024966
109.62,0.8905144901120847,1.151950474250993,-0.14663387297345631,1.805602853180285,-0.03341529753182208,2.164690568393765,2.2565420843008095
109.69,0.8720462423180999,1.1356000556626706,-0.14765358910046184,1.8105869336431135,-0.033829684927435294,2.1559281526108363,2.2528938442991238
109.76,0.8535779945241113,1.1192496370743448,-0.14868112814682138,1.815571014105943,-0.03424407232304858,2.147165736827906,2.249245604297437
109.83,0.8351097467301267,1.1028992184860225,-0.14971654187568756,1.8205550945687714,-0.0346584597186618,2.1384033210449775,2.245597364295751
109.9,0.8166414989361381,1.0865487998976968,-0.1507598820502139,1.825539175031601,-0.035072847114275094,2.129640905262047,2.241949124294064
109.97,0.7981732511421533,1.0701983813093743,-0.151811200433553,1.8305232554944297,-0.035487234509888305,2.1208784894791184,2.2383008842923777
110.04,0.7797050033481647,1.0538479627210484,-0.15287054878885836,1.8355073359572591,-0.0359016219055016,2.1121160736961877,2.234652644290691
110.11,0.7612367555541801,1.0374975441327263,-0.15393797887928268,1.8404914164200878,-0.03631600930111481,2.1033536579132592,2.2310044042890054
110.18,0.7427685077601915,1.0211471255444005,-0.15501354246797944,1.8454754968829172,-0.036730396696728104,2.0945912421303285,2.2273561642873183
110.25,0.7243002599662066,1.0047967069560781,-0.1560972913181013,1.8504595773457457,-0.037144784092341315,2.0858288263474,2.2237079242856326
110.32,0.7058320121722219,0.9884462883677556,-0.1571892771928015,1.8554436578085745,-0.037559171487954526,2.0770664105644716,2.2200596842839464
110.39,0.6873637643782335,0.97209586977943,-0.1582895518552334,1.8604277382714038,-0.03797355888356783,1.9398790436483253,2.0658476405522586
110.46,0.6688955165842486,0.9557454511911074,-0.1593981670685496,1.8654118187342321,-0.03838794627918104,1.8026916767322065,1.9116355968206016
110.53,0.6504272687902601,0.9393950326027818,-0.1605151745959036,1.870395899197062,-0.03880233367479433,1.66550430981606,1.7574235530889135
110.6,0.6319590209962753,0.9230446140144595,-0.1616406262004481,1.8753799796598902,-0.03921672107040754,1.5283169428999415,1.6032115093572568
110.67,0.613490773202287,0.9066941954261337,-0.1627745736453366,1.8803640601227198,-0.039631108466020845,1.3911295759837952,1.448999465625569
110.74,0.5950225254083021,0.8903437768378114,-0.1639170686937217,1.8853481405855483,-0.04004549586163405,1.2539422090676764,1.2947874218939122
110.81,0.5765542776143135,0.8739933582494855,-0.16506816310875688,1.890332221048378,-0.040459883257247344,1.1167548421515299,1.140575378162224
110.88,0.5580860298203288,0.8576429396611632,-0.16622790865359482,1.8953163015112062,-0.04087427065286056,0.9795674752354112,0.9863633344305673
110.95,0.5396177820263403,0.8412925210728375,-0.16739635709138914,1.900300381974036,-0.041288658048473856,0.8423801083192649,0.8321512906988793
111.02,0.5211495342323555,0.824942102484515,-0.1685735601852923,1.9052844624368643,-0.04170304544408707,0.7051927414031464,0.6779392469672225
111.09,0.502681286438367,0.8085916838961893,-0.16975956969845796,1.9102685428996937,-0.042117432839700354,0.5680053744869998,0.5237272032355346
111.16,0.48421303864438225,0.792241265307867,-0.17095443739403865,1.9152526233625227,-0.042531820235313565,0.4308180075708812,0.3695151595038778
111.23,0.46574479085039366,0.7758908467195411,-0.1721582150351879,1.920236703825352,-0.042946207630926866,0.29363064065473476,0.2153031157721898
111.3,0.44727654305640896,0.7595404281312188,-0.17337095438505845,1.9252207842881806,-0.04336059502654008,0.15644327373861616,0.061091072040533045
111.37,0.42880829526242037,0.7431900095428932,-0.1745927072068037,1.9302048647510102,-0.04377498242215337,0.019255906822469693,-0.09312097169115502
111.44,0.41034004746843555,0.7268395909545706,-0.1758235252635763,1.9351889452138387,-0.04418936981776658,-0.11793146009364894,-0.24733301542281177
111.51,0.3918717996744471,0.710489172366245,-0.17706346031852985,1.9401730256766683,-0.04460375721337988,-0.2551188270097954,-0.4015450591544998
111.58,0.37340355188046237,0.6941387537779227,-0.17831256413481691,1.9451571061394968,-0.04501814460899309,-0.22282385391658216,-0.3467143239239774
111.65,0.3549353040864738,0.6777883351895968,-0.179570888475591,1.9501411866023262,-0.04543253200460638,-0.19052888082336236,-0.2918835886934439
111.72,0.3364670562924891,0.6614379166012745,-0.18083848510400474,1.9551252670651549,-0.0458469194002196,-0.15823390773014911,-0.2370528534629215
111.79,0.3179988084985005,0.6450874980129487,-0.18211540578321175,1.9601093475279843,-0.046261306795832895,-0.1259389346369293,-0.182222118232388
111.86,0.2995305607045158,0.6287370794246263,-0.1834017022763645,1.9650934279908128,-0.046675694191446106,-0.09364396154371608,-0.1273913830018656
111.93,0.28106231291052725,0.6123866608363007,-0.1846974263466167,1.9700775084536424,-0.0470900815870594,-0.061348988450496314,-0.07256064777133206
112.0,0.2625940651165425,0.5960362422479782,-0.18600262975712084,1.9750615889164709,-0.04750446898267262,-0.029054015357283053,-0.01772991254080969
112.07,0.24412581732255767,0.5796858236596558,-0.18731736427103024,1.9800456693792992,-0.04791885637828582,0.0032409577359301667,0.03710082268971271
112.14,0.2256575695285692,0.5633354050713301,-0.18864168165149825,1.985029749842129,-0.048333243773899116,0.03553593082914995,0.09193155792024621
112.21,0.20718932173458443,0.5469849864830078,-0.18997563366167747,1.9900138303049575,-0.04874763116951233,0.06783090392236317,0.1467622931507686
112.28,0.1887210739405959,0.530634567894682,-0.19131927206472144,1.9949979107677869,-0.04916201856512563,0.10012587701558297,0.2015930283813021
112.35,0.1702528261466111,0.5142841493063596,-0.19267264862378272,1.9999819912306156,-0.04957640596073884,0.1324208501087962,0.25642376361182445
112.42,0.1517845783526226,0.4979337307180338,-0.19403581510201498,2.004966071693445,-0.04999079335635213,0.16471582320201603,0.31125449884235806
112.49,0.13331633055863784,0.48158331212971145,-0.19540882326257064,2.0099501521562737,-0.05040518075196534,0.19701079629522925,0.3660852340728804
112.56,0.1148480827646493,0.46523289354138575,-0.19679172486860344,2.0149342326191033,-0.05081956814757864,0.22930576938844904,0.4209159693034139
112.63,0.09637983497066455,0.44888247495306327,-0.19818457168326584,2.0199183130819316,-0.05123395554319185,0.26160074248166226,0.4757467045339363
112.7,0.08125329744482358,0.4280753147457444,-0.19958739136929068,2.0164580089086614,-0.04914761404789834,0.226579328273917,0.4672588975610074
112.77,0.06612675991898569,0.4072681545384296,-0.2010001151877265,2.012997704735393,-0.04706127255260524,0.19155791406617884,0.4587710905880802
112.84,0.05100022239314473,0.3864609943311107,-0.2024226502992023,2.0095374005621234,-0.044974931057311734,0.1565364998584336,0.45028328361515135
112.91,0.03587368486730683,0.365653834123796,-0.20385490386434565,2.006077096388854,-0.042888589562018645,0.12151508565069546,0.44179547664222407
112.98,0.020747147341465877,0.34484667391647705,-0.20529678304378549,2.0026167922155844,-0.040802248066725125,0.08649367144295023,0.4333076696692952
113.05,0.005620609815627994,0.32403951370916234,-0.20674819499814953,1.9991564880423154,-0.038715906571432035,0.051472257235212066,0.424819862696368
113.12,-0.009505927710212983,0.3032323535018434,-0.20820904688806677,1.995696183869046,-0.03662956507613852,0.0164508430274668,0.4163320557234391
113.19,-0.024632465236050866,0.28242519329452864,-0.20967924587416478,1.9922358796957769,-0.03454322358084543,-0.018570571180271334,0.4078442487505119
113.26,-0.03975900276189184,0.26161803308720977,-0.21115869911707258,1.988775575522507,-0.03245688208555191,-0.0535919853880166,0.399356441777583
113.33,-0.054885540287729725,0.240810872879895,-0.21264731377741788,1.985315271349238,-0.030370540590258822,-0.08861339959575476,0.39086863480465583
113.4,-0.07001207781357069,0.2200037126725761,-0.2141449970158295,1.9818549671759684,-0.028284199094965313,-0.12363481380349992,0.38238082783172694
113.47,-0.08513861533940859,0.19919655246526133,-0.2156516559929352,1.9783946630026992,-0.026197857599672216,-0.15865622801123808,0.37389302085879966
113.54,-0.10026515286524953,0.17838939225794245,-0.21716719786936392,1.9749343588294297,-0.024111516104378707,-0.19367764221898331,0.36540521388587077
113.61,-0.11539169039108742,0.15758223205062769,-0.21869152980574344,1.9714740546561607,-0.02202517460908562,-0.2286990564267215,0.3569174069129436
113.68,-0.13051822791692838,0.13677507184330878,-0.22022455896270246,1.9680137504828907,-0.0199388331137921,-0.26372047063446674,0.3484295999400147
113.75,-0.14564476544276628,0.11596791163599407,-0.22176619250086888,1.9645534463096217,-0.017852491618499014,-0.2987418848422049,0.3399417929670875
113.82,-0.16077130296860415,0.0951607514286793,-0.22331633758087122,1.9610931421363529,-0.015766150123205917,-0.33376329904994306,0.33145398599416037
113.89,-0.17589784049444515,0.07435359122136037,-0.22487490136333807,1.9576328379630832,-0.013679808627912411,-0.36878471325768825,0.3229661790212315
113.96,-0.19102437802028305,0.05354643101404566,-0.22644179100889725,1.9541725337898144,-0.011593467132619321,-0.4038061274654264,0.31447837204830426
114.03,-0.20615091554612403,0.03273927080672673,-0.22801691367817759,1.9507122296165444,-0.009507125637325801,-0.43882754167317173,0.3059905650753753
114.1,-0.2212774530719619,0.011932110599412016,-0.22960017653180678,1.9472519254432754,-0.007420784142032712,-0.47384895588090986,0.29750275810244814
114.17,-0.23640399059780287,-0.008875049607906915,-0.23119148673041376,1.943791621270006,-0.005334442646739206,-0.5088703700886551,0.28901495112951925
114.24,-0.25153052812364074,-0.029682209815221627,-0.2327907514346263,1.940331317096737,-0.003248101151446116,-0.5438917842963932,0.280527144156592
114.31,-0.2666570656494817,-0.050489370022540614,-0.23439787780507326,1.9368710129234672,-0.0011617596561525959,-0.5789131985041385,0.2720393371836632
114.38,-0.2817836031753196,-0.07129653022985527,-0.23601277300238227,1.9334107087501982,0.000924581839140487,-0.6139346127118765,0.26355153021073596
114.45,-0.29691014070116056,-0.09210369043717426,-0.2376353441871824,1.9299504045769287,0.003010923334434007,-0.6489560269196218,0.25506372323780707
114.52,-0.31203667822699843,-0.11291085064448897,-0.23926549852010126,1.9264901004036594,0.005097264829727104,-0.6839774411273599,0.24657591626487987
114.59,-0.3271632157528394,-0.1337180108518079,-0.24090314316176778,1.9230297962303897,0.00718360632502061,-0.7189988553351052,0.23808810929195098
114.66,-0.34228975327867733,-0.15452517105912256,-0.24254818527280966,1.9195694920571207,0.009269947820313706,-0.7540202695428434,0.22960030231902373
114.73,-0.35741629080451826,-0.1753323312664416,-0.2442005320138558,1.9161091878838512,0.01135628931560722,-0.7890416837505886,0.22111249534609484
114.8,-0.3725428283303561,-0.19613949147375626,-0.24586009054553395,1.9126488837105822,0.01344263081090031,-0.8240630979583268,0.21262468837316767
114.87,-0.3876693658561971,-0.2169466516810752,-0.2475267680284731,1.9091885795373122,0.015528972306193815,-0.8590845121660721,0.20413688140023878
114.94,-0.40279590338203497,-0.23775381188838984,-0.24920047162330072,1.9057282753640432,0.017615313801486905,-0.8941059263738103,0.19564907442731158
115.01,-0.417922440907876,-0.2585609720957088,-0.25088110849064593,1.9022679711907737,0.019701655296780425,-0.9291273405815554,0.18716126745438266
115.08,-0.4330489784337138,-0.27936813230302354,-0.2525685857911364,1.8988076670175047,0.0217879967920735,-0.8950356785474608,0.1786734604814555
115.15,-0.44817551595955485,-0.3001752925103425,-0.25426281068540096,1.895347362844235,0.023874338287367028,-0.8609440165133591,0.17018565350852657
115.22,-0.4633020534853928,-0.3209824527176573,-0.25596369033406746,1.891887058670966,0.02596067978266013,-0.8268523544792644,0.16169784653559938
115.29,-0.4784285910112336,-0.34178961292497606,-0.2576711318977647,1.8884267544976963,0.028047021277953624,-0.7927606924451629,0.15321003956267049
115.36,-0.4935551285370715,-0.3625967731322909,-0.2593850425371203,1.8849664503244272,0.030133362773246727,-0.7586690304110681,0.1447222325897433
115.43,-0.5086816660629125,-0.3834039333396098,-0.2611053294127635,1.8815061461511575,0.03221970426854024,-0.7245773683769665,0.13623442561681437
115.5,-0.5238082035887504,-0.4042110935469246,-0.26283189968532167,1.8780458419778885,0.03430604576383333,-0.6904857063428718,0.1277466186438872
115.57,-0.5389347411145883,-0.42501825375423924,-0.2645646605154236,1.8745855378046197,0.03639238725912642,-0.6563940443087771,0.11925881167096002
115.64,-0.5540612786404293,-0.44582541396155817,-0.2663035190636978,1.8711252336313497,0.03847872875441993,-0.6223023822746755,0.11077100469803108
115.71,-0.5691878161662671,-0.4666325741688728,-0.26804838249077206,1.8676649294580807,0.04056507024971302,-0.5882107202405809,0.10228319772510391
115.78,-0.584314353692108,-0.48743973437619187,-0.2697991579572753,1.864204625284811,0.04265141174500655,-0.5541190582064792,0.093795390752175
115.85,-0.5994408912179461,-0.5082468945835066,-0.27155575262383524,1.8607443211115422,0.04473775324029962,-0.5200273961723846,0.08530758377924781
115.92,-0.614567428743787,-0.5290540547908255,-0.27331807365108063,1.8572840169382723,0.04682409473559315,-0.48593573413828295,0.07681977680631888
115.99,-0.6296939662696249,-0.5498612149981401,-0.2750860281996394,1.8538237127650035,0.04891043623088623,-0.4518440721041883,0.06833196983339171
116.06,-0.6448205037954657,-0.5706683752054592,-0.27685952343014036,1.8503634085917338,0.05099677772617975,-0.41775241007008657,0.059844162860462805
116.13,-0.6599470413213038,-0.5914755354127739,-0.27863846650321106,1.8469031044184647,0.053083119221472824,-0.3836607480359919,0.05135635588753561
116.2,-0.6750735788471447,-0.6122826956200929,-0.2804227645794808,1.843442800245195,0.05516946071676635,-0.3495690860018903,0.0428685489146067
116.27,-0.6902001163729826,-0.6330898558274074,-0.28221232481957687,1.839982496071926,0.057255802212059455,-0.31547742396779566,0.03438074194167953
116.34,-0.7053266538988235,-0.6538970160347265,-0.28400705438412843,1.8365221918986565,0.05934214370735295,-0.28138576193369397,0.025892934968750614
116.41,-0.7204531914246615,-0.6747041762420412,-0.2858068604337632,1.8330618877253875,0.06142848520264605,-0.24729409989959927,0.017405127995823416
116.48,-0.7355797289505024,-0.6955113364493601,-0.28761165012911005,1.8296015835521178,0.06351482669793956,-0.2132024378654977,0.008917321022894512
116.55,-0.7507062664763403,-0.7163184966566747,-0.28942133063079656,1.8261412793788485,0.06560116819323265,-0.179110775831403,0.0004295140499673278
116.62,-0.7658328040021812,-0.7371256568639938,-0.2912358090994518,1.822680975205579,0.06768750968852616,-0.1450191137973014,-0.008058292922961577
116.69,-0.7809593415280193,-0.7579328170713084,-0.29305499269570334,1.81922067103231,0.06977385118381925,-0.1109274517632067,-0.016546099895888775
116.76,-0.7960858790538601,-0.7787399772786275,-0.2948787885801803,1.8157603668590403,0.07186019267911276,-0.0768357897291051,-0.025033906868817672
116.83,-0.811212416579698,-0.7995471374859422,-0.2967071039135102,1.8123000626857713,0.07394653417440586,-0.04274412769501043,-0.033521713841744856
116.9,-0.826338954105539,-0.8203542976932611,-0.2985398458563221,1.8088397585125018,0.07603287566969937,-0.008652465660908826,-0.042009520814673774
116.97,-0.8414654916313768,-0.8411614579005757,-0.30037692156924345,1.8053794543392325,0.07811921716499247,0.025439196373185896,-0.05049732778760095
117.04,-0.8565920291572179,-0.8619686181078947,-0.3022182382129035,1.8019191501659628,0.080205558660286,0.05953085840728746,-0.05898513476052987
117.11,-0.8717185666830557,-0.8827757783152094,-0.3040637029479297,1.7984588459926938,0.08229190015557908,0.09362252044138217,-0.06747294173345707
117.18,-0.8868451042088967,-0.9035829385225282,-0.3059132229349512,1.7949985418194243,0.08437824165087257,0.12771418247548377,-0.07596074870638596
117.25,-0.9019716417347345,-0.924390098729843,-0.30776670533459555,1.7915382376461553,0.08646458314616565,0.16180584450957847,-0.08444855567931314
117.32,-0.9170981792605725,-0.9451972589371579,-0.30962405730749126,1.7880779334728865,0.08855092464145875,0.19589750654367316,-0.09293636265224034
117.39,-0.9343972207551999,-0.9660044191444768,-0.31148518601426717,1.7846176292996163,0.09063726613675227,0.168011838880364,-0.14909641843814583
117.46,-0.9516962622498238,-0.9868115793517915,-0.31334999861555085,1.7811573251263475,0.09272360763204537,0.14012617121706047,-0.20525647422403992
117.53,-0.9689953037444513,-1.0076187395591103,-0.31521840227197123,1.7776970209530778,0.09480994912733885,0.11224050355375126,-0.2614165300099454
117.6,-0.9862943452390752,-1.028425899766425,-0.317090304144156,1.7742367167798088,0.096896290622632,0.08435483589044772,-0.3175765857958395
117.67,-1.0035933867337026,-1.0492330599737443,-0.31896561139273427,1.770776412606539,0.09898263211792549,0.056469168227138544,-0.373736641581745
117.74,-1.0208924282283265,-1.0700402201810588,-0.32084423117833355,1.76731610843327,0.10106897361321857,0.028583500563835018,-0.42989669736763914
117.81,-1.038191469722954,-1.0908473803883778,-0.32272607066158276,1.76385580426,0.10315531510851211,0.0006978329005258299,-0.4860567531535446
117.88,-1.0554905112175779,-1.1116545405956926,-0.32461103700310956,1.7603955000867313,0.10524165660380519,-0.02718783476277771,-0.5422168089394387
117.95,-1.0727895527122053,-1.1324617008030113,-0.326499037363543,1.7569351959134616,0.1073279980990987,-0.05507350242608687,-0.5983768647253441
118.02,-1.0900885942068292,-1.153268861010326,-0.32838997890351074,1.7534748917401928,0.10941433959439177,-0.08295917008939041,-0.6545369205112382
118.09,-1.1073876357014567,-1.174076021217645,-0.33028376878364174,1.750014587566923,0.1115006810896853,-0.11084483775269961,-0.7106969762971437
118.16,-1.1246866771960804,-1.1948831814249596,-0.33218031416456356,1.7465542833936538,0.11358702258497838,-0.13873050541600315,-0.7668570320830379
118.23,-1.1419857186907079,-1.2156903416322788,-0.3340795222069053,1.7430939792203843,0.1156733640802719,-0.16661617307931229,-0.8230170878689433
118.3,-1.159284760185332,-1.2364975018395936,-0.33598130007129445,1.7396336750471153,0.11775970557556498,-0.19450184074261584,-0.8791771436548373
118.37,-1.1765838016799592,-1.2573046620469124,-0.33788555491836014,1.7361733708738456,0.11984604707085852,-0.22238750840592503,-0.9353371994407429
118.44,-1.1938828431745832,-1.2781118222542271,-0.3397921939087299,1.7327130667005766,0.1219323885661516,-0.25027317606922855,-0.991497255226637
118.51,-1.2111818846692106,-1.2989189824615461,-0.341701124203033,1.729252762527307,0.12401873006144509,-0.27815884373253774,-1.0476573110125424
118.58,-1.2284809261638343,-1.3197261426688607,-0.3436122529618965,1.7257924583540378,0.12610507155673817,-0.3892308309322975,-1.1445011911276177
118.65,-1.245779967658462,-1.3405333028761797,-0.34552548734594996,1.7223321541807681,0.12819141305203172,-0.5003028181320798,-1.241345071242713
118.72,-1.263079009153086,-1.3613404630834944,-0.3474407345158207,1.718871850007499,0.13027775454732482,-0.6113748053318395,-1.3381889513577883
118.79,-1.2803780506477134,-1.3821476232908134,-0.34935790163213787,1.7154115458342296,0.13236409604261828,-0.7224467925316218,-1.4350328314728835
118.86,-1.2976770921423373,-1.4029547834981282,-0.3512768958555289,1.7119512416609606,0.13445043753791142,-0.8335187797313818,-1.531876711587959
118.93,-1.3149761336369648,-1.423761943705447,-0.35319762434662294,1.7084909374876909,0.13653677903320494,-0.944590766931164,-1.628720591703054
119.0,-1.3322751751315884,-1.4445691039127617,-0.3551199942660477,1.7050306333144216,0.138623120528498,-1.0556627541309238,-1.7255644718181298
119.07,-1.3495742166262126,-1.4653762641200765,-0.35704391277443154,1.7015703291411528,0.1407094620237911,-1.1667347413306834,-1.822408351933205
119.14,-1.3668732581208398,-1.4861834243273953,-0.3589692870324034,1.698110024967883,0.14279580351908464,-1.2778067285304657,-1.9192522320482999
119.21,-1.384172299615464,-1.50699058453471,-0.36089602420059075,1.6946497207946143,0.1448821450143777,-1.3888787157302258,-2.0160961121633756
119.28,-1.4014713411100912,-1.527797744742029,-0.36282403143962266,1.6911894166213444,0.1469684865096712,-1.4999507029300079,-2.1129399922784704
119.35,-1.4187703826047153,-1.5486049049493436,-0.36475321591012677,1.6877291124480756,0.14905482800496428,-1.6110226901297677,-2.209783872393546
119.42,-1.4360694240993426,-1.5694120651566625,-0.366683484772732,1.6842688082748056,0.15114116950025783,-1.72209467732955,-2.306627752508641
119.49,-1.4533684655939663,-1.5902192253639773,-0.368614745188066,1.6808085041015368,0.1532275109955509,-1.8331666645293099,-2.403471632623717
119.56,-1.470667507088594,-1.6110263855712963,-0.37054690431675774,1.677348199928267,0.15531385249084442,-1.9442386517290922,-2.500315512738812
119.63,-1.4879665485832179,-1.631833545778611,-0.37247986931943483,1.673887895754998,0.1574001939861375,-2.0553106389288516,-2.5971593928538876
119.7,-1.5052655900778453,-1.65264070598593,-0.37441354735672655,1.6704275915817284,0.15948653548143105,-2.1663826261286343,-2.6940032729689825
119.77,-1.522564631572469,-1.6734478661932446,-0.37634784558926015,1.6669672874084591,0.16157287697672415,-2.1696086727722523,-2.6255570672182755
119.84,-1.5398636730670965,-1.6942550264005636,-0.3782826711776648,1.6635069832351894,0.16365921847201761,-2.1728347194158717,-2.557110861467555
119.91,-1.5571627145617206,-1.7150621866078781,-0.380217931282568,1.6600466790619206,0.16574555996731075,-2.1760607660594906,-2.488664655716848
119.98,-1.5744617560563479,-1.7358693468151971,-0.3821535330645989,1.6565863748886507,0.16783190146260427,-2.1792868127031095,-2.420218449966127
120.05,-1.5917607975509718,-1.7566765070225119,-0.38408938368438506,1.6531260707153819,0.16991824295789734,-2.182512859346728,-2.35177224421542
120.12,-1.6090598390455995,-1.777483667229831,-0.38602539030255545,1.6496657665421124,0.17200458445319083,-2.1857389059903474,-2.2833260384646987
120.19,-1.6263588805402232,-1.7982908274371456,-0.3879614600797379,1.6462054623688431,0.17409092594848397,-2.188964952633966,-2.2148798327139922
120.26,-1.6436579220348506,-1.8190979876444646,-0.3898975001765611,1.6427451581955734,0.17617726744377746,-2.1921909992775848,-2.146433626963271
120.33,-1.6609569635294748,-1.8399051478517792,-0.39183341775365277,1.6392848540223044,0.17826360893907053,-2.1954170459212037,-2.0779874212125646
120.4,-1.678256005024102,-1.8607123080590982,-0.3937691199716419,1.635824549849035,0.18034995043436405,-2.1986430925648226,-2.0095412154618435
120.47,-1.695555046518726,-1.881519468266413,-0.39570451399115625,1.6323642456757659,0.18243629192965716,-2.2018691392084415,-1.9410950097111366
120.54,-1.7128540880133536,-1.9023266284737317,-0.3976395069728247,1.6289039415024962,0.18452263342495068,-2.2050951858520604,-1.8726488039604159
120.61,-1.7301531295079773,-1.9231337886810465,-0.39957400607727495,1.625443637329227,0.18660897492024375,-2.2083212324956785,-1.804202598209709
120.68,-1.7474521710026045,-1.9439409488883654,-0.40150791846513606,1.6219833331559574,0.18869531641553725,-2.2115472791392983,-1.735756392458988
120.75,-1.7647512124972284,-1.96474810909568,-0.40344115129703534,1.6185230289826884,0.19078165791083035,-2.2147733257829163,-1.6673101867082811
120.82,-1.7820502539918526,-1.9855552693029952,-0.40537361173360176,1.6150627248094196,0.19286799940612345,-2.2179993724265348,-1.5988639809575744
120.89,-1.7993492954864798,-2.0063624295103137,-0.40730520693546385,1.6116024206361497,0.19495434090141697,-2.221225419070154,-1.5304177752068535
120.96,-1.8166483369811037,-2.0271695897176287,-0.40923584406324914,1.6081421164628809,0.19704068239671008,-2.2244514657137726,-1.5779530631666285
121.03,-1.8339473784757314,-2.0479767499249477,-0.41116543027758684,1.604681812289611,0.1991270238920036,-2.227677512357392,-1.625488351126413
121.1,-1.851246419970355,-2.0687839101322623,-0.41309387273910436,1.6012215081163421,0.20121336538729667,-2.2309035590010104,-1.6730236390861877
121.17,-1.8685454614649826,-2.0895910703395812,-0.41502107860843107,1.5977612039430722,0.20329970688259016,-2.23412960564463,-1.7205589270459725
121.24,-1.8858445029596067,-2.110398230546896,-0.41694695504619406,1.5943008997698034,0.20538604837788327,-2.2373556522882483,-1.7680942150057475
121.31,-1.903143544454234,-2.131205390754215,-0.4188714092130228,1.5908405955965337,0.2074723898731768,-2.2405816989318676,-1.8156295029655318
121.38,-1.9204425859488579,-2.1520125509615298,-0.4207943482695445,1.5873802914232649,0.20955873136846986,-2.243807745575486,-1.8631647909253068
121.45,-1.9377416274434855,-2.1728197111688483,-0.4227156793763885,1.5839199872499947,0.21164507286376338,-2.247033792219105,-1.9107000788850916
121.52,-1.9550406689381095,-2.1936268713761633,-0.4246353096941822,1.580459683076726,0.21373141435905646,-2.2502598388627235,-1.9582353668448664
121.59,-1.9723397104327365,-2.2144340315834823,-0.42655314638355474,1.5769993789034562,0.21581775585434998,-2.253485885506343,-2.005770654804651
121.66,-1.9896387519273604,-2.2352411917907973,-0.42846909660513377,1.5735390747301874,0.21790409734964306,-2.256711932149961,-2.053305942764426
121.73,-2.006937793421988,-2.256048351998116,-0.43038306751954813,1.5700787705569175,0.2199904388449366,-2.2599379787935803,-2.1008412307242104
121.8,-2.024236834916612,-2.276855512205431,-0.4322949662874256,1.5666184663836487,0.22207678034022968,-2.263164025437199,-2.1483765186839854
121.87,-2.0415358764112392,-2.2976626724127494,-0.43420470006939504,1.5631581622103787,0.22416312183552317,-2.266390072080818,-2.19591180664377
121.94,-2.0588349179058634,-2.3184698326200643,-0.43611217602608415,1.5596978580371097,0.2262494633308163,-2.2696161187244366,-2.2434470946035447
122.01,-2.0761339594004906,-2.3392769928273833,-0.4380173013181219,1.55623755386384,0.22833580482610977,-2.272842165368056,-2.2909823825633295
122.08,-2.0779356678743888,-2.337955994358828,-0.43991998310613595,1.5527772496905712,0.23042214632140284,-2.272682858225577,-2.2901198113840984
122.15,-2.079737376348287,-2.3366349958902726,-0.44182012855075536,1.5493169455173015,0.2325084878166964,-2.2725235510830974,-2.2892572402048676
122.22,-2.081539084822185,-2.3353139974217165,-0.44371764481260756,1.5458566413440322,0.23459482931198947,-2.2723642439406175,-2.2883946690256365
122.29,-2.0833407932960832,-2.333992998953161,-0.4456124390523217,1.5423963371707627,0.23668117080728301,-2.2722049367981385,-2.2875320978464053
122.36,-2.0851425017699814,-2.3326720004846058,-0.44750441843052535,1.5389360329974937,0.2387675123025761,-2.2720456296556586,-2.2866695266671746
122.43,-2.0869442102438795,-2.33135100201605,-0.44939349010784757,1.535475728824224,0.24085385379786955,-2.2718863225131796,-2.2858069554879434
122.5,-2.0887459187177777,-2.3300300035474946,-0.4512795612449158,1.532015424650955,0.24294019529316274,-2.2717270153707,-2.2849443843087127
122.57,-2.0905476271916754,-2.3287090050789394,-0.453162539002359,1.528555120477686,0.24502653678845582,-2.2715677082282206,-2.2840818131294816
122.64,-2.0923493356655736,-2.3273880066103834,-0.45504233054080556,1.5250948163044162,0.2471128782837493,-2.271408401085741,-2.2832192419502504
122.71,-2.0941510441394717,-2.326067008141828,-0.4569188430208832,1.5216345121311472,0.24919921977904244,-2.271249093943262,-2.2823566707710197
122.78,-2.0959527526133703,-2.3247460096732726,-0.45879198360322093,1.5181742079578775,0.25128556127433593,-2.271089786800782,-2.2814940995917885
122.85,-2.097754461087268,-2.323425011204717,-0.46066165944844645,1.5147139037846085,0.253371902769629,-2.2709304796583023,-2.2806315284125573
122.92,-2.099556169561166,-2.3221040127361614,-0.46252777771718856,1.511253599611339,0.25545824426492253,-2.2707711725158233,-2.279768957233326
122.99,-2.1013578780350644,-2.3207830142676062,-0.46439024557007497,1.5077932954380702,0.2575445857602156,-2.270611865373344,-2.2789063860540955
123.06,-2.1031595865089625,-2.31946201579905,-0.46624897016773476,1.5043329912648,0.2596309272555091,-2.270452558230865,-2.2780438148748643
123.13,-2.1049612949828607,-2.318141017330495,-0.4681038586707954,1.5008726870915312,0.2617172687508022,-2.270293251088385,-2.277181243695633
123.2,-2.106763003456759,-2.3168200188619394,-0.4699548182398863,1.4974123829182615,0.2638036102460957,-2.2701339439459054,-2.276318672516402
123.27,-2.108564711930657,-2.315499020393384,-0.47180175603563435,1.4939520787449927,0.26588995174138885,-2.2699746368034264,-2.2754561013371712
123.34,-2.110366420404555,-2.3141780219248282,-0.47364457921866915,1.4904917745717228,0.2679762932366823,-2.269815329660947,-2.27459353015794
123.41,-2.1121681288784533,-2.3128570234562726,-0.4754831949496181,1.487031470398454,0.2700626347319754,-2.2696560225184674,-2.2737309589787094
123.48,-2.113969837352352,-2.311536024987717,-0.4773175103891103,1.483571166225184,0.2721489762272689,-2.269496715375988,-2.272868387799478
123.55,-2.1157715458262496,-2.3102150265191614,-0.4791474326977733,1.4801108620519152,0.274235317722562,-2.2693374082335085,-2.272005816620247
123.62,-2.1175732543001478,-2.308894028050606,-0.48097286903623604,1.4766505578786453,0.27632165921785556,-2.269178101091029,-2.271143245441016
123.69,-2.119374962774046,-2.3075730295820507,-0.4827937265651262,1.4731902537053765,0.27840800071314864,-2.2690187939485496,-2.270280674261785
123.76,-2.121176671247944,-2.3062520311134946,-0.4846099124450728,1.4697299495321068,0.28049434220844216,-2.26885948680607,-2.269418103082554
123.83,-2.1229783797218422,-2.3049310326449395,-0.4864213338367036,1.466269645358838,0.28258068370373524,-2.2687001796635906,-2.268555531903323
123.9,-2.1247800881957404,-2.303610034176384,-0.4882278979006473,1.4628093411855678,0.2846670251990287,-2.268540872521111,-2.2676929607240917
123.97,-2.1265817966696385,-2.3022890357078283,-0.49002951179753185,1.459349037012299,0.2867533666943218,-2.2683815653786317,-2.266830389544861
124.04,-2.1283835051435367,-2.3009680372392727,-0.49182608268798583,1.4558887328390295,0.28883970818961535,-2.268222258236152,-2.2659678183656298
124.11,-2.1301852136174344,-2.299647038770717,-0.49361751773263723,1.4524284286657605,0.2909260496849084,-2.2680629510936727,-2.2651052471863986
124.18,-2.1319869220913326,-2.2983260403021615,-0.49540372409211497,1.4489681244924908,0.29301239118020195,-2.2679036439511933,-2.2642426760071674
124.25,-2.1337886305652307,-2.2970050418336063,-0.4971846089270465,1.4455078203192218,0.295098732675495,-2.267744336808714,-2.2633801048279367
124.32,-2.135590339039129,-2.2956840433650507,-0.4989600793980607,1.4420475161459525,0.2971850741707881,-2.2675850296662348,-2.262517533648706
124.39,-2.1373920475130275,-2.294363044896495,-0.5007300426657861,1.4385872119726828,0.2992714156660816,-2.2674257225237553,-2.261654962469475
124.46,-2.139193755986925,-2.2930420464279395,-0.5024944058908501,1.4351269077994138,0.30135775716137475,-2.267266415381276,-2.2607923912902437
124.53,-2.1409954644608233,-2.291721047959384,-0.5042530762338824,1.4316666036261443,0.3034440986566682,-2.267107108238796,-2.2599298201110125
124.6,-2.1427971729347215,-2.2904000494908288,-0.5060059608555099,1.4282062994528752,0.3055304401519614,-2.266947801096317,-2.259067248931782
124.67,-2.14459888140862,-2.2890790510222727,-0.507752966916362,1.4247459952796053,0.30761678164725487,-2.2667884939538374,-2.2582046777525506
124.74,-2.146400589882518,-2.287758052553717,-0.509494001577066,1.4212856911063363,0.30970312314254794,-2.266629186811358,-2.2573421065733195
124.81,-2.148202298356416,-2.2864370540851615,-0.5112289719982512,1.4178253869330668,0.31178946463784146,-2.2664698796688785,-2.2564795353940887
124.88,-2.150004006830314,-2.2851160556166064,-0.5129577853405453,1.414365082759798,0.31387580613313454,-2.2663105725263994,-2.2556169642148576
124.95,-2.1518057153042123,-2.2837950571480508,-0.5146803487645768,1.410904778586528,0.3159621476284281,-2.2661512653839195,-2.2547543930356264
125.02,-2.1536074237781104,-2.2824740586794956,-0.5163965694309738,1.4074444744132593,0.3180484891237212,-2.26599195824144,-2.2538918218563957
125.09,-2.1554091322520086,-2.2811530602109396,-0.518106354500365,1.4039841702399893,0.3201348306190147,-2.2658326510989606,-2.253029250677164
125.16,-2.1572108407259067,-2.279832061742384,-0.5198096111333784,1.4005238660667205,0.3222211721143078,-2.2656733439564816,-2.2521666794979334
125.23,-2.159012549199805,-2.278511063273829,-0.5215062464906426,1.3970635618934506,0.32430751360960125,-2.265514036814002,-2.2513041083187026
125.3,-2.160814257673703,-2.277190064805273,-0.5231961677327855,1.3936032577201818,0.3263938551048943,-2.2653547296715226,-2.2504415371394715
125.37,-2.162615966147601,-2.2758690663367176,-0.5248792820204359,1.390142953546912,0.3284801966001879,-2.265195422529043,-2.2495789659602403
125.44,-2.1644176746214994,-2.274548067868162,-0.5265554965142214,1.3866826493736433,0.330566538095481,-2.2650361153865637,-2.248716394781009
125.51,-2.1662193830953975,-2.2732270693996064,-0.5282247183747711,1.3832223452003731,0.3326528795907745,-2.264876808244084,-2.247853823601778
125.58,-2.1680210915692957,-2.271906070931051,-0.5298868547627129,1.3797620410271043,0.3347392210860676,-2.2647175011016047,-2.2469912524225473
125.65,-2.169822800043194,-2.270585072462495,-0.5315418128386752,1.3763017368538346,0.3368255625813611,-2.2645581939591253,-2.246128681243316
125.72,-2.1716245085170915,-2.2692640739939396,-0.5331894997632861,1.3728414326805658,0.33891190407665417,-2.264398886816646,-2.245266110064085
125.79,-2.1734262169909897,-2.267943075525384,-0.5348298226971745,1.3693811285072959,0.3409982455719477,-2.2642395796741663,-2.244403538884854
125.86,-2.175227925464888,-2.266622077056829,-0.5364626888009679,1.365920824334027,0.3430845870672408,-2.264080272531687,-2.243540967705623
125.93,-2.1770296339387865,-2.265301078588273,-0.5380880052352953,1.3624605201607571,0.3451709285625343,-2.263920965389208,-2.242678396526392
126.0,-2.178831342412684,-2.2639800801197176,-0.5397056791607844,1.3590002159874883,0.34725727005782736,-2.263761658246728,-2.241815825347161
126.07,-2.1806330508865823,-2.262659081651162,-0.5413156177380639,1.3555399118142193,0.34934361155312044,-2.2636023511042485,-2.2409532541679305
126.14,-2.182434759360481,-2.2613380831826064,-0.5429177281277624,1.3520796076409496,0.35142995304841396,-2.263443043961769,-2.240090682988699
126.21,-2.1842364678343786,-2.2600170847140513,-0.5445119174905075,1.3486193034676806,0.35351629454370703,-2.2632837368192895,-2.239228111809468
126.28,-2.1860381763082772,-2.2586960862454957,-0.5460980929869284,1.345158999294411,0.3556026360390006,-2.2631244296768105,-2.2383655406302374
126.35,-2.187839884782175,-2.25737508777694,-0.5476761617776523,1.3416986951211416,0.3576889775342937,-2.2629651225343306,-2.237502969451006
126.42,-2.189641593256073,-2.2560540893083845,-0.5492460310233085,1.3382383909478721,0.3597753190295872,-2.262805815391851,-2.236640398271775
126.49,-2.1914433017299713,-2.254733090839829,-0.5508076078845247,1.334778086774603,0.3618616605248803,-2.2626465082493725,-2.2357778270925444
126.56,-2.1932450102038694,-2.2534120923712733,-0.5523607995219295,1.3313177826013334,0.36394800202017374,-2.2624872011068926,-2.2349152559133127
126.63,-2.1950467186777676,-2.2520910939027177,-0.5539055130961509,1.3278574784280643,0.3660343435154668,-2.2623278939644127,-2.234052684734082
126.7,-2.1968484271516657,-2.250770095434162,-0.5554416557678178,1.3243971742547946,0.3681206850107604,-2.262168586821934,-2.2331901135548513
126.77,-2.198650135625564,-2.2494490969656065,-0.5569691346975579,1.3209368700815258,0.3702070265060535,-2.2620092796794546,-2.2323275423756197
126.84,-2.2004518440994616,-2.248128098497051,-0.558487857046,1.317476565908256,0.372293368001347,-2.2618499725369747,-2.2314649711963885
126.91,-2.20225355257336,-2.2468071000284957,-0.5599977299737718,1.314016261734987,0.3743797094966401,-2.2616906653944957,-2.2306024000171583
126.98,-2.2040552610472584,-2.24548610155994,-0.5614986606415023,1.3105559575617174,0.37646605099193364,-2.2615313582520162,-2.2297398288379267
127.05,-2.2058569695211565,-2.2441651030913845,-0.5629905562098193,1.3070956533884486,0.3785523924872267,-2.2613720511095368,-2.228877257658696
127.12,-2.2076586779950547,-2.242844104622829,-0.5644733238393517,1.3036353492151784,0.38063873398252024,-2.2612127439670573,-2.2280146864794643
127.19,-2.209460386468953,-2.2415231061542737,-0.5659468706907269,1.3001750450419096,0.38272507547781337,-2.261053436824578,-2.2271521153002336
127.26,-2.211262094942851,-2.240202107685718,-0.5674111039245742,1.29671474086864,0.38481141697310683,-2.2608941296820984,-2.226289544121003
127.33,-2.213063803416749,-2.2388811092171625,-0.5688659307015209,1.293254436695371,0.3868977584683999,-2.260734822539619,-2.2254269729417717
127.4,-2.2148655118906473,-2.237560110748607,-0.5703112581821964,1.2897941325221012,0.38898409996369343,-2.2605755153971394,-2.2245644017625406
127.47,-2.2166672203645454,-2.236239112280052,-0.571746993527228,1.2863338283488324,0.3910704414589865,-2.26041620825466,-2.22370183058331
127.54,-2.2184689288384436,-2.2349181138114957,-0.5731730438972449,1.2828735241755624,0.3931567829542801,-2.2602569011121805,-2.2228392594040782
127.61,-2.2202706373123413,-2.23359711534294,-0.5745893164528746,1.2794132200022936,0.39524312444957316,-2.260097593969701,-2.2219766882248475
127.68,-2.2220723457862395,-2.2322761168743845,-0.575995718354746,1.2759529158290237,0.3973294659448666,-2.2599382868272215,-2.2211141170456163
127.75,-2.2238740542601376,-2.230955118405829,-0.5773921567634872,1.272492611655755,0.39941580744015975,-2.259778979684742,-2.220251545866385
127.82,-2.225675762734036,-2.229634119937274,-0.5787785388397262,1.2690323074824859,0.40150214893545283,-2.2596196725422626,-2.2193889746871545
127.89,-2.227477471207934,-2.228313121468718,-0.5801547717440919,1.2655720033092164,0.4035884904307463,-2.259460365399783,-2.2185264035079233
127.96,-2.229279179681832,-2.2269921230001626,-0.5815207626372124,1.2621116991359471,0.40567483192603937,-2.2593010582573037,-2.217663832328692
128.03,-2.2310808881557302,-2.225671124531607,-0.582876418679716,1.2586513949626774,0.40776117342133295,-2.259141751114824,-2.2168012611494614
128.1,-2.2328825966296284,-2.224350126063052,-0.5842216470322306,1.2551910907894084,0.409847514916626,-2.258982443972345,-2.2159386899702307
128.17,-2.234684305103526,-2.2230291275944962,-0.585556354855385,1.2517307866161396,0.4119338564119191,-2.2588231368298657,-2.2150761187909995
128.24,-2.236486013577425,-2.2217081291259406,-0.5868804493098081,1.2482704824428692,0.414020197907213,-2.258663829687386,-2.2142135476117684
128.31,-2.238287722051323,-2.2203871306573846,-0.5881938375561266,1.2448101782696002,0.41610653940250614,-2.2585045225449067,-2.213350976432537
128.38,-2.240089430525221,-2.2190661321888294,-0.5894964267549699,1.241349874096331,0.4181928808977992,-2.258345215402427,-2.212488405253306
128.45,-2.2418911389991187,-2.217745133720274,-0.590788124066966,1.237889569923062,0.4202792223930923,-2.258185908259948,-2.2116258340740753
128.52,-2.243692847473018,-2.216424135251718,-0.5920688366527439,1.2344292657497917,0.42236556388838625,-2.2580266011174683,-2.210763262894844
128.59,-2.2454945559469155,-2.2151031367831626,-0.5933384716729309,1.2309689615765227,0.42445190538367933,-2.257867293974989,-2.209900691715613
128.66,-2.2472962644208136,-2.213782138314607,-0.5945969362881557,1.2275086574032537,0.4265382468789724,-2.2577079868325094,-2.2090381205363823
128.73,-2.2490979728947114,-2.212461139846052,-0.5958441376590468,1.2240483532299848,0.4286245883742656,-2.2575486796900304,-2.2081755493571515
128.8,-2.25089968136861,-2.211140141377496,-0.5970799829462325,1.2205880490567143,0.4307109298695595,-2.2573893725475505,-2.20731297817792
128.87,-2.252701389842508,-2.2098191429089407,-0.5983043793103406,1.2171277448834452,0.4327972713648526,-2.2572300654050714,-2.206450406998689
128.94,-2.254503098316406,-2.2084981444403846,-0.599517233912,1.2136674407101764,0.4348836128601457,-2.2570707582625915,-2.205587835819458
129.01,-2.256304806790304,-2.2071771459718295,-0.6007184539118385,1.2102071365369074,0.4369699543554388,-2.2569114511201125,-2.204725264640227
129.08,-2.2581065152642026,-2.2058561475032734,-0.6019079464704855,1.206746832363637,0.43905629585073264,-2.2567521439776326,-2.2038626934609957
129.15,-2.2599082237381007,-2.2045351490347183,-0.6030856187485678,1.2032865281903677,0.44114263734602577,-2.2565928368351535,-2.203000122281765
129.22,-2.2617099322119985,-2.2032141505661627,-0.6042513779067147,1.199826224017099,0.44322897884131884,-2.256433529692674,-2.202137551102534
129.29,-2.2635116406858966,-2.2018931520976075,-0.605405131105554,1.19636591984383,0.445315320336612,-2.2562742225501946,-2.201274979923303
129.36,-2.265313349159795,-2.2005721536290515,-0.6065467855057147,1.1929056156705595,0.44740166183190594,-2.256114915407715,-2.2004124087440715
129.43,-2.2671150576336934,-2.1992511551604963,-0.6076762482678244,1.1894453114972905,0.449488003327199,-2.2559556082652357,-2.199549837564841
129.5,-2.268916766107591,-2.1979301566919407,-0.6087934265525117,1.1859850073240217,0.4515743448224921,-2.255796301122756,-2.19868726638561
129.57,-2.2707184745814892,-2.196609158223385,-0.6098982275204046,1.1825247031507524,0.45366068631778517,-2.2556369939802767,-2.197824695206379
129.64,-2.272520183055387,-2.19528815975483,-0.610990558332132,1.1790643989774834,0.45574702781307824,-2.2554776868377973,-2.1969621240271477
129.71,-2.2743218915292855,-2.193967161286274,-0.612070326148322,1.1756040948042132,0.4578333693083722,-2.255318379695318,-2.1960995528479166
129.78,-2.2761236000031837,-2.1926461628177183,-0.6131374381296028,1.1721437906309442,0.4599197108036653,-2.2551590725528383,-2.1952369816686854
129.85,-2.2779253084770814,-2.191325164349163,-0.6141918014366025,1.1686834864576752,0.4620060522989584,-2.254999765410359,-2.1943744104894547
129.92,-2.27972701695098,-2.190004165880608,-0.6152333232299496,1.1652231822844064,0.4640923937942515,-2.25484045826788,-2.193511839310224
129.99,-2.281528725424878,-2.1886831674120515,-0.6162619106702729,1.1617628781111358,0.4661787352895454,-2.2546811511254,-2.1926492681309924
130.06,-2.2833304338987763,-2.1873621689434963,-0.6172774709182,1.1583025739378667,0.4682650767848385,-2.254521843982921,-2.1917866969517616
130.13,-2.2851321423726745,-2.1860411704749407,-0.6182799111343593,1.1548422697645977,0.47035141828013155,-2.2543625368404414,-2.1909241257725305
130.2,-2.286933850846572,-2.1847201720063856,-0.6192691384793794,1.1513819655913289,0.4724377597754246,-2.2542032296979615,-2.1900615545932998
130.27,-2.288735559320471,-2.1833991735378295,-0.6202450601138888,1.1479216614180585,0.4745241012707186,-2.2540439225554825,-2.189198983414068
130.34,-2.290537267794369,-2.1820781750692744,-0.6212075831985152,1.1444613572447895,0.4766104427660117,-2.253884615413003,-2.188336412234838
130.41,-2.2923389762682667,-2.1807571766007188,-0.6221566148938871,1.1410010530715202,0.47869678426130474,-2.2537253082705235,-2.1874738410556067
130.48,-2.2941406847421644,-2.179436178132163,-0.6230920623606331,1.1375407488982512,0.4807831257565979,-2.253566001128044,-2.1866112698763756
130.55,-2.2959423932160634,-2.178115179663607,-0.6240138327593816,1.134080444724981,0.48286946725189184,-2.2534066939855646,-2.1857486986971444
130.62,-2.2977441016899616,-2.176794181195052,-0.6249218332507602,1.130620140551712,0.48495580874718486,-2.253247386843085,-2.1848861275179132
130.69,-2.2995458101638593,-2.175473182726497,-0.6258159709953978,1.1271598363784427,0.487042150242478,-2.253088079700606,-2.1840235563386825
130.76,-2.301347518637757,-2.174152184257941,-0.6266961531539226,1.123699532205174,0.4891284917377711,-2.252928772558126,-2.1831609851594513
130.83,-2.3031492271116565,-2.172831185789385,-0.6275622868869631,1.1202392280319036,0.49121483323306503,-2.2527694654156467,-2.18229841398022
130.9,-2.304950935585554,-2.1715101873208296,-0.6284142793551472,1.1167789238586343,0.49330117472835805,-2.2526101582731677,-2.1814358428009895
130.97,-2.306752644059452,-2.1701891888522744,-0.6292520377191032,1.1133186196853655,0.4953875162236512,-2.2524508511306878,-2.1805732716217583
131.04,-2.30855435253335,-2.168868190383719,-0.6300754691394597,1.1098583155120965,0.4974738577189443,-2.2522915439882087,-2.1797107004425276
131.11,-2.3103560610072487,-2.167547191915163,-0.6308844807768452,1.106398011338826,0.49956019921423817,-2.2521322368457293,-2.178848129263296
131.18,-2.3121577694811464,-2.1662261934466076,-0.6316789797918876,1.1029377071655568,0.5016465407095313,-2.2519729297032494,-2.1779855580840652
131.25,-2.313959477955044,-2.164905194978052,-0.6324588733452152,1.099477402992288,0.5037328822048244,-2.2518136225607703,-2.177122986904834
131.32,-2.3157611864289427,-2.163584196509497,-0.6332240685974565,1.096017098819019,0.5058192237001176,-2.251654315418291,-2.1762604157256034
131.39,-2.31756289490284,-2.162263198040941,-0.6339744727092397,1.09255679464575,0.5079055651954105,-2.2514950082758114,-2.1753978445463718
131.46,-2.3172932874125487,-2.16276722565393,-0.6347100395455071,1.0890964904724796,0.5099919066907045,-2.2515504672085926,-2.1757338855975177
131.53,-2.3170236799222574,-2.1632712532669185,-0.6354309097884527,1.0856361862992108,0.5120782481859976,-2.251605926141374,-2.1760699266486627
131.6,-2.3167540724319657,-2.1637752808799076,-0.6361372708245854,1.0821758821259417,0.5141645896812906,-2.2516613850741556,-2.1764059676998087
131.67,-2.316484464941674,-2.1642793084928957,-0.636829310040414,1.0787155779526727,0.5162509311765837,-2.2517168440069364,-2.1767420087509537
131.74,-2.3162148574513823,-2.164783336105885,-0.6375072148224468,1.0752552737794023,0.5183372726718778,-2.2517723029397176,-2.177078049802099
131.81,-2.315945249961091,-2.165287363718874,-0.6381711725571919,1.0717949696061333,0.5204236141671708,-2.251827761872499,-2.1774140908532447
131.88,-2.3156756424707994,-2.165791391331862,-0.6388213706311583,1.0683346654328643,0.5225099556624639,-2.2518832208052806,-2.17775013190439
131.95,-2.3154060349805077,-2.1662954189448507,-0.6394579964308539,1.0648743612595952,0.524596297157757,-2.2519386797380614,-2.178086172955535
132.02,-2.3151364274902164,-2.1667994465578397,-0.6400812373427875,1.0614140570863249,0.5266826386530509,-2.251994138670843,-2.1784222140066807
132.09,-2.314866819999925,-2.1673034741708284,-0.6406912807534675,1.0579537529130558,0.528768980148344,-2.252049597603624,-2.1787582550578266
132.16,-2.3145972125096335,-2.1678075017838165,-0.641288314049402,1.0544934487397868,0.5308553216436372,-2.252105056536405,-2.179094296108971
132.23,-2.3143276050193418,-2.1683115293968056,-0.6418725246171003,1.051033144566518,0.5329416631389302,-2.2521605154691864,-2.1794303371601167
132.3,-2.31405799752905,-2.1688155570097947,-0.6424440998430703,1.0475728403932474,0.5350280046342241,-2.2522159744019676,-2.179766378211262
132.37,-2.3137883900387584,-2.1693195846227833,-0.6430032271138203,1.0441125362199786,0.5371143461295174,-2.252271433334749,-2.180102419262408
132.44,-2.3135187825484667,-2.1698236122357715,-0.643550093815859,1.0406522320467095,0.5392006876248103,-2.25232689226753,-2.180438460313553
132.51,-2.3132491750581754,-2.1703276398487605,-0.6440848873356947,1.0371919278734405,0.5412870291201035,-2.2523823512003114,-2.180774501364698
132.58,-2.312979567567884,-2.1708316674617496,-0.6446077950598363,1.0337316237001701,0.5433733706153975,-2.2524378101330926,-2.1811105424158437
132.65,-2.3127099600775924,-2.171335695074738,-0.6451190043747917,1.030271319526901,0.5454597121106904,-2.252493269065874,-2.1814465834669896
132.72,-2.3124403525873007,-2.171839722687727,-0.6456187026670694,1.026811015353632,0.5475460536059836,-2.252548727998655,-2.1817826245181347
132.79,-2.312170745097009,-2.1723437503007155,-0.6461070773231782,1.023350711180363,0.5496323951012767,-2.2526041869314364,-2.1821186655692797
132.86,-2.311901137606718,-2.172847777913704,-0.6465843157296266,1.0198904070070927,0.5517187365965707,-2.2526596458642176,-2.182454706620425
132.93,-2.311631530116426,-2.1733518055266927,-0.6470506052729225,1.0164301028338236,0.5538050780918636,-2.252715104796999,-2.182790747671571
133.0,-2.3113619226261344,-2.1738558331396813,-0.6475061333395749,1.0129697986605548,0.5558914195871568,-2.25277056372978,-2.183126788722716
133.07,-2.311092315135843,-2.17435986075267,-0.647951087316092,1.0095094944872858,0.5579777610824498,-2.2528260226625614,-2.1834628297738616
133.14,-2.3108227076455514,-2.1748638883656586,-0.6483856545889822,1.0060491903140167,0.560064102577743,-2.2528814815953426,-2.1837988708250067
133.21,-2.31055310015526,-2.1753679159786476,-0.6488100225447545,1.0025888861407464,0.5621504440730369,-2.252936940528124,-2.1841349118761526
133.28,-2.3102834926649685,-2.1758719435916363,-0.6492243785699162,0.9991285819674773,0.56423678556833,-2.252992399460905,-2.1844709529272976
133.35,-2.3100138851746768,-2.176375971204625,-0.6496289100509769,0.9956682777942083,0.5663231270636231,-2.2530478583936864,-2.184806993978443
133.42,-2.309744277684385,-2.1768799988176135,-0.6500238043744445,0.9922079736209394,0.5684094685589162,-2.2531033173264676,-2.1851430350295886
133.49,-2.309474670194094,-2.1773840264306026,-0.6504092489268279,0.988747669447669,0.5704958100542101,-2.253158776259249,-2.185479076080734
133.56,-2.309205062703802,-2.177888054043591,-0.6507854310946349,0.9852873652744,0.5725821515495032,-2.25321423519203,-2.185815117131879
133.63,-2.3089354552135104,-2.17839208165658,-0.6511525382643742,0.9818270611011309,0.5746684930447963,-2.2532696941248114,-2.1861511581830246
133.7,-2.308665847723219,-2.1788961092695684,-0.6515107578225547,0.9783667569278619,0.5767548345400894,-2.2533251530575926,-2.18648719923417
133.77,-2.308396240232928,-2.1794001368825575,-0.6518602771556845,0.9749064527545915,0.5788411760353832,-2.253380611990374,-2.186823240285316
133.84,-2.308126632742636,-2.1799041644955457,-0.6522012836502717,0.9714461485813226,0.5809275175306764,-2.253436070923155,-2.187159281336461
133.91,-2.3078570252523445,-2.1804081921085343,-0.6525339646928254,0.9679858444080536,0.5830138590259695,-2.2534915298559364,-2.187495322387606
133.98,-2.307587417762053,-2.1809122197215234,-0.6528585076698536,0.9645255402347844,0.5851002005212625,-2.2535469887887176,-2.1878313634387516
134.05,-2.3073178102717615,-2.1814162473345124,-0.6531750999678652,0.9610652360615142,0.5871865420165565,-2.253602447721499,-2.1881674044898975
134.12,-2.30704820278147,-2.1819202749475006,-0.6534839289733683,0.9576049318882451,0.5892728835118496,-2.25365790665428,-2.1885034455410426
134.19,-2.306778595291178,-2.1824243025604892,-0.6537851820728713,0.9541446277149761,0.5913592250071427,-2.2537133655870614,-2.188839486592188
134.26,-2.306508987800887,-2.1829283301734783,-0.6540790466528826,0.9506843235417071,0.5934455665024357,-2.2537688245198426,-2.189175527643333
134.33,-2.306239380310595,-2.183432357786467,-0.6543657100999113,0.9472240193684367,0.5955319079977297,-2.253824283452624,-2.1895115686944786
134.4,-2.3059697728203035,-2.1839363853994556,-0.654645359800465,0.9437637151951677,0.5976182494930229,-2.253879742385405,-2.189847609745624
134.47,-2.3057001653300118,-2.184440413012444,-0.6549181831410527,0.9403034110218987,0.5997045909883159,-2.2539352013181864,-2.1901836507967696
134.54,-2.3054305578397205,-2.184944440625433,-0.6551843675081829,0.9368431068486298,0.601790932483609,-2.2539906602509676,-2.190519691847915
134.61,-2.305160950349429,-2.1854484682384214,-0.6554441002883638,0.9333828026753593,0.6038772739789029,-2.254046119183749,-2.1908557328990605
134.68,-2.3048913428591375,-2.1859524958514105,-0.6556975688681038,0.9299224985020903,0.605963615474196,-2.25410157811653,-2.1911917739502056
134.75,-2.304621735368846,-2.186456523464399,-0.6559449606339115,0.9264621943288214,0.608049956969489,-2.2541570370493114,-2.191527815001351
134.82,-2.3043521278785546,-2.1869605510773877,-0.6561864629722953,0.9230018901555523,0.6101362984647821,-2.2542124959820926,-2.1918638560524966
134.89,-2.304082520388263,-2.1874645786903764,-0.6564222632697638,0.9195415859822834,0.6122226399600752,-2.254267954914874,-2.192199897103642
134.96,-2.303812912897971,-2.187968606303365,-0.6566525489128254,0.9160812818090129,0.6143089814553692,-2.254323413847655,-2.192535938154787
135.03,-2.3035433054076795,-2.188472633916354,-0.6568775072879884,0.9126209776357439,0.6163953229506623,-2.2543788727804364,-2.1928719792059326
135.1,-2.3032736979173882,-2.1889766615293427,-0.6570973257817613,0.909160673462475,0.6184816644459553,-2.2544343317132176,-2.193208020257078
135.17,-2.3030040904270965,-2.1894806891423313,-0.6573121917806526,0.905700369289206,0.6205680059412485,-2.254489790645999,-2.1935440613082235
135.24,-2.302734482936805,-2.18998471675532,-0.657522292671171,0.9022400651159356,0.6226543474365425,-2.25454524957878,-2.193880102359369
135.31,-2.3024648754465136,-2.1904887443683085,-0.6577278158398248,0.8987797609426667,0.6247406889318354,-2.2546007085115614,-2.1942161434105145
135.38,-2.302195267956222,-2.1909927719812976,-0.6579289486731219,0.8953194567693975,0.6268270304271286,-2.2546561674443426,-2.1945521844616596
135.45,-2.3019256604659306,-2.191496799594286,-0.6581258785575715,0.8918591525961286,0.6289133719224217,-2.254711626377124,-2.194888225512805
135.52,-2.301656052975639,-2.192000827207275,-0.6583187928796816,0.8883988484228582,0.6309997134177157,-2.254767085309905,-2.1952242665639505
135.59,-2.301386445485347,-2.1925048548202635,-0.6585078790259612,0.8849385442495892,0.6330860549130086,-2.2548225442426864,-2.195560307615096
135.66,-2.301116837995056,-2.193008882433252,-0.658693324382918,0.8814782400763201,0.6351723964083018,-2.2548780031754676,-2.1958963486662415
135.73,-2.3008472305047643,-2.1935129100462407,-0.6588753163370611,0.8780179359030511,0.6372587379035948,-2.254933462108249,-2.1962323897173865
135.8,-2.3005776230144726,-2.19401693765923,-0.6590540422748987,0.8745576317297807,0.6393450793988887,-2.25498892104103,-2.196568430768532
135.87,-2.3003080155241813,-2.1945209652722184,-0.6592296895829391,0.8710973275565118,0.6414314208941819,-2.2550443799738114,-2.1969044718196775
135.94,-2.3000384080338896,-2.195024992885207,-0.6594024456476912,0.8676370233832427,0.643517762389475,-2.2550998389065926,-2.197240512870823
136.01,-2.299768800543598,-2.1955290204981956,-0.6595724978556631,0.8641767192099736,0.6456041038847681,-2.255155297839374,-2.1975765539219685
136.08,-2.299499193053306,-2.1960330481111843,-0.6597400335933632,0.8607164150367034,0.647690445380062,-2.255210756772155,-2.197912594973114
136.15,-2.2992295855630145,-2.1965370757241733,-0.6599052402473002,0.8572561108634343,0.6497767868753551,-2.2552662157049364,-2.198248636024259
136.22,-2.2989599780727232,-2.197041103337162,-0.6600683052039822,0.8537958066901653,0.6518631283706482,-2.2553216746377176,-2.1985846770754045
136.29,-2.298690370582432,-2.1975451309501506,-0.6602294158499182,0.8503355025168964,0.6539494698659414,-2.255377133570499,-2.19892071812655
136.36,-2.29842076309214,-2.198049158563139,-0.6603887595716164,0.846875198343626,0.6560358113612352,-2.25543259250328,-2.1992567591776955
136.43,-2.2981511556018486,-2.1985531861761283,-0.660546523755585,0.8434148941703569,0.6581221528565282,-2.2554880514360613,-2.1995928002288405
136.5,-2.2978815481115573,-2.199057213789117,-0.6607028957883326,0.8399545899970879,0.6602084943518215,-2.2555435103688426,-2.199928841279986
136.57,-2.2976119406212656,-2.1995612414021055,-0.660858063056368,0.836494285823819,0.6622948358471146,-2.255598969301624,-2.2002648823311315
136.64,-2.297342333130974,-2.200065269015094,-0.661012212946199,0.8330339816505499,0.6643811773424076,-2.255654428234405,-2.200600923382277
136.71,-2.2970727256406827,-2.2005692966280828,-0.6611655328443345,0.8295736774772795,0.6664675188377016,-2.2557098871671863,-2.2009369644334225
136.78,-2.296803118150391,-2.201073324241072,-0.6613182101372833,0.8261133733040106,0.6685538603329947,-2.2557653460999676,-2.201273005484568
136.85,-2.2965335106600997,-2.20157735185406,-0.6614704322115531,0.8226530691307415,0.6706402018282878,-2.255820805032749,-2.2016090465357134
136.92,-2.296263903169808,-2.202081379467049,-0.6616223864536526,0.8191927649574726,0.6727265433235808,-2.25587626396553,-2.2019450875868585
136.99,-2.295994295679516,-2.2025854070800377,-0.6617742602500906,0.8157324607842021,0.6748128848188748,-2.2559317228983113,-2.202281128638004
137.06,-2.2957246881892246,-2.2030894346930263,-0.6619262409873751,0.8122721566109331,0.676899226314168,-2.2559871818310926,-2.2026171696891494
137.13,-2.2954550806989333,-2.2035934623060154,-0.6620785160520148,0.8088118524376642,0.678985567809461,-2.256042640763874,-2.2029532107402945
137.2,-2.2951854732086416,-2.204097489919004,-0.6622312728305183,0.8053515482643953,0.6810719093047541,-2.256098099696655,-2.20328925179144
137.27,-2.29491586571835,-2.2046015175319926,-0.6623846987093936,0.8018912440911248,0.683158250800048,-2.2561535586294363,-2.2036252928425855
137.34,-2.2946462582280587,-2.2051055451449812,-0.6625389810751497,0.7984309399178559,0.6852445922953411,-2.2562090175622176,-2.203961333893731
137.41,-2.294376650737767,-2.20560957275797,-0.6626943073142946,0.7949706357445868,0.6873309337906341,-2.256264476494999,-2.2042973749448764
137.48,-2.2941070432474753,-2.2061136003709585,-0.662850864813337,0.7915103315713178,0.6894172752859273,-2.25631993542778,-2.204633415996022
137.55,-2.293837435757184,-2.206617627983947,-0.6630088409587853,0.7880500273980474,0.6915036167812213,-2.2563753943605613,-2.2049694570471674
137.62,-2.2935678282668923,-2.207121655596936,-0.663168423137148,0.7845897232247784,0.6935899582765143,-2.2564308532933426,-2.205305498098313
137.69,-2.293298220776601,-2.207625683209925,-0.6633297987349335,0.7811294190515095,0.6956762997718074,-2.256486312226124,-2.205641539149458
137.76,-2.2930286132863094,-2.2081297108229134,-0.6634931551386501,0.7776691148782404,0.6977626412671004,-2.256541771158905,-2.205977580200603
137.83,-2.2927590057960177,-2.208633738435902,-0.6636586797348065,0.7742088107049699,0.6998489827623944,-2.2565972300916863,-2.2063136212517485
137.9,-2.2924893983057264,-2.209137766048891,-0.6638265599099111,0.770748506531701,0.7019353242576876,-2.2566526890244676,-2.206649662302894
137.97,-2.2922197908154347,-2.2096417936618797,-0.6639969830504724,0.7672882023584321,0.7040216657529805,-2.256708147957249,-2.2069857033540394
138.04,-2.2919501833251434,-2.2101458212748684,-0.6641701365429986,0.7638278981851628,0.7061080072482737,-2.25676360689003,-2.207321744405185
138.11,-2.2916805758348513,-2.210649848887857,-0.6643462077739983,0.7603675940118926,0.7081943487435676,-2.2568190658228113,-2.2076577854563304
138.18,-2.29141096834456,-2.2111538765008456,-0.6645253841299802,0.7569072898386237,0.7102806902388608,-2.2568745247555926,-2.207993826507476
138.25,-2.2911413608542683,-2.2116579041138342,-0.6647078529974524,0.7534469856653545,0.7123670317341537,-2.256929983688374,-2.2083298675586214
138.32,-2.2908717533639766,-2.212161931726823,-0.6648938017629236,0.7499866814920856,0.7144533732294469,-2.256985442621155,-2.2086659086097664
138.39,-2.2906021458736854,-2.212665959339812,-0.6650834178129019,0.7465263773188165,0.7165397147247399,-2.2570409015539363,-2.209001949660912
138.46,-2.2903325383833937,-2.2131699869528005,-0.6652768885338963,0.7430660731455461,0.7186260562200338,-2.2570963604867176,-2.2093379907120574
138.53,-2.2900629308931024,-2.2136740145657896,-0.665474401312415,0.7396057689722771,0.720712397715327,-2.257151819419499,-2.2096740317632024
138.6,-2.2897933234028107,-2.214178042178778,-0.6656761435349663,0.7361454647990082,0.7227987392106201,-2.25720727835228,-2.210010072814348
138.67,-2.2895237159125195,-2.214682069791767,-0.6658823025880587,0.7326851606257392,0.7248850807059132,-2.2572627372850613,-2.2103461138654934
138.74,-2.2892541084222278,-2.2151860974047555,-0.6660930658582008,0.7292248564524688,0.7269714222012071,-2.2573181962178426,-2.210682154916639
138.81,-2.288984500931936,-2.215690125017744,-0.666308620731901,0.7257645522791998,0.7290577636965002,-2.257373655150624,-2.2110181959677844
138.88,-2.288714893441645,-2.2161941526307327,-0.6665291545956677,0.7223042481059307,0.7311441051917933,-2.257429114083405,-2.2113542370189294
138.95,-2.288445285951353,-2.2166981802437213,-0.6667548548360095,0.7188439439326618,0.7332304466870864,-2.2574845730161863,-2.211690278070075
139.02,-2.2881756784610614,-2.2172022078567104,-0.6669859088394349,0.7153836397593915,0.7353167881823803,-2.2575400319489676,-2.212026319121221
139.09,-2.28790607097077,-2.217706235469699,-0.6672225039924518,0.7119233355861223,0.7374031296776734,-2.257595490881749,-2.212362360172366
139.16,-2.2876364634804784,-2.2182102630826876,-0.6674648276815692,0.7084630314128534,0.7394894711729665,-2.25765094981453,-2.2126984012235114
139.23,-2.2873668559901867,-2.2187142906956763,-0.6677130672932955,0.7050027272395845,0.7415758126682596,-2.2577064087473113,-2.213034442274657
139.3,-2.287097248499895,-2.2192183183086653,-0.6679674102141391,0.701542423066314,0.7436621541635535,-2.2577618676800926,-2.213370483325802
139.37,-2.286827641009604,-2.219722345921654,-0.6682280438306084,0.6980821188930451,0.7457484956588466,-2.257817326612874,-2.2137065243769474
139.44,-2.286558033519312,-2.2202263735346426,-0.6684951555292118,0.694621814719776,0.7478348371541397,-2.257872785545655,-2.214042565428093
139.51,-2.286288426029021,-2.220730401147631,-0.668768932696458,0.691161510546507,0.7499211786494328,-2.2579282444784363,-2.2143786064792383
139.58,-2.286018818538729,-2.22123442876062,-0.6690495627188553,0.6877012063732366,0.7520075201447267,-2.2579837034112176,-2.214714647530384
139.65,-2.2857492110484374,-2.2217384563736085,-0.669337232982912,0.6842409021999676,0.7540938616400198,-2.258039162343999,-2.215050688581529
139.72,-2.285479603558146,-2.222242483986597,-0.6696321308751368,0.6807805980266985,0.756180203135313,-2.2580946212767805,-2.2153867296326744
139.79,-2.2852099960678545,-2.2227465115995857,-0.6699344437820379,0.6773202938534296,0.7582665446306059,-2.2581500802095613,-2.21572277068382
139.86,-2.2849403885775628,-2.2232505392125748,-0.6702443590901243,0.6738599896801591,0.7603528861258999,-2.2582055391423426,-2.2160588117349653
139.93,-2.2846707810872715,-2.2237545668255634,-0.6705620641859039,0.6703996855068902,0.762439227621193,-2.258260998075124,-2.216394852786111
140.0,-2.28440117359698,-2.224258594438552,-0.6708877464558851,0.6669393813336213,0.7645255691164861,-2.258316457007905,-2.216730893837256
140.07,-2.284131566106688,-2.224762622051541,-0.6712215932865767,0.6634790771603521,0.7666119106117791,-2.2583719159406863,-2.2170669348884013
140.14,-2.283861958616397,-2.2252666496645297,-0.671563792064487,0.6600187729870831,0.7686982521070723,-2.258427374873468,-2.217402975939547
140.21,-2.2835923511261047,-2.2257706772775183,-0.6719145301761247,0.6565584688138129,0.7707845936023663,-2.258482833806249,-2.2177390169906923
140.28,-2.2833227436358134,-2.226274704890507,-0.6722739950079978,0.6530981646405438,0.7728709350976593,-2.25853829273903,-2.218075058041838
140.35,-2.283053136145522,-2.2267787325034956,-0.6726423739466152,0.6496378604672748,0.7749572765929524,-2.2585937516718113,-2.2184110990929833
140.42,-2.2827835286552305,-2.227282760116484,-0.6730198543784851,0.6461775562940058,0.7770436180882455,-2.2586492106045926,-2.2187471401441283
140.49,-2.282513921164939,-2.227786787729473,-0.6734066236901161,0.6427172521207354,0.7791299595835394,-2.258704669537374,-2.219083181195274
140.56,-2.2822443136746475,-2.228290815342462,-0.6738028692680162,0.6392569479474663,0.7812163010788326,-2.2587601284701555,-2.2194192222464193
140.63,-2.281974706184356,-2.22879484295545,-0.6742087784986945,0.6357966437741974,0.7833026425741255,-2.2588155874029363,-2.2197552632975643
140.7,-2.281705098694064,-2.229298870568439,-0.6746245387686594,0.6323363396009284,0.7853889840694188,-2.2588710463357176,-2.22009130434871
140.77,-2.281435491203773,-2.229802898181428,-0.675050337464419,0.6288760354276579,0.7874753255647126,-2.258926505268499,-2.2204273453998553
140.84,-2.2811658837134816,-2.230306925794417,-0.6754863619724817,0.625415731254389,0.7895616670600057,-2.259192789039224,-2.220763386451001
140.91,-2.2808962762231895,-2.2308109534074054,-0.6759327996793563,0.6219554270811201,0.7916480085552988,-2.259459072809949,-2.2210994275021463
140.98,-2.280626668732898,-2.231314981020394,-0.6763898379715511,0.618495122907851,0.793734350050592,-2.2597253565806734,-2.2214354685532918
141.05,-2.280357061242607,-2.2318190086333827,-0.6768576642355746,0.6150348187345807,0.7958206915458859,-2.2599916403513984,-2.2217715096044373
141.12,-2.2800874537523153,-2.2323230362463713,-0.677336465857935,0.6115745145613116,0.7979070330411789,-2.2602579241221235,-2.2221075506555827
141.19,-2.2798178462620236,-2.23282706385936,-0.6778264302251409,0.6081142103880426,0.7999933745364721,-2.2605242078928485,-2.222443591706728
141.26,-2.279548238771732,-2.2333310914723485,-0.6783277447237012,0.6046539062147736,0.8020797160317652,-2.260790491663573,-2.2227796327578733
141.33,-2.27927863128144,-2.233835119085338,-0.6788405967401239,0.6011936020415032,0.8041660575270592,-2.261056775434298,-2.2231156738090188
141.4,-2.279009023791149,-2.2343391466983262,-0.6793651736609174,0.5977332978682343,0.8062523990223522,-2.2613230592050235,-2.2234517148601642
141.47,-2.2787394163008576,-2.2348431743113153,-0.6799016628725901,0.5942729936949652,0.8083387405176453,-2.261589342975748,-2.2237877559113093
141.54,-2.2784698088105655,-2.2353472019243035,-0.6804502517616509,0.5908126895216963,0.8104250820129384,-2.2618556267464727,-2.2241237969624548
141.61,-2.2782002013202742,-2.2358512295372925,-0.681011127714608,0.5873523853484258,0.8125114235082322,-2.262121910517198,-2.2244598380136003
141.68,-2.277930593829983,-2.236355257150281,-0.6815844781179698,0.5838920811751568,0.8145977650035254,-2.2623881942879227,-2.2247958790647457
141.75,-2.277660986339691,-2.23685928476327,-0.6821704903582448,0.5804317770018879,0.8166841064988185,-2.262654478058648,-2.2251319201158912
141.82,-2.2773913788493996,-2.2373633123762584,-0.6827693518219415,0.5769714728286188,0.8187704479941116,-2.2629207618293727,-2.2254679611670363
141.89,-2.277121771359108,-2.237867339989247,-0.6833812498955681,0.5735111686553498,0.8208567894894047,-2.2631870456000973,-2.2258040022181818
141.96,-2.2768521638688166,-2.238371367602236,-0.6840063719656339,0.5700508644820794,0.8229431309846986,-2.2634533293708223,-2.2261400432693272
142.03,-2.276582556378525,-2.2388753952152243,-0.6846449054186462,0.5665905603088104,0.8250294724799917,-2.263719613141548,-2.2264760843204727
142.1,-2.276312948888233,-2.2393794228282133,-0.6852970376411142,0.5631302561355414,0.8271158139752848,-2.2639858969122724,-2.2268121253716178
142.17,-2.2760433413979415,-2.239883450441202,-0.6859629560195459,0.5596699519622724,0.8292021554705779,-2.2642521806829974,-2.2271481664227633
142.24,-2.2757737339076503,-2.2403874780541906,-0.6866428479404503,0.5562096477890021,0.8312884969658719,-2.2645184644537224,-2.2274842074739087
142.31,-2.275504126417359,-2.2408915056671797,-0.6873369007903354,0.552749343615733,0.8333748384611649,-2.264784748224447,-2.2278202485250542
142.38,-2.275234518927067,-2.2413955332801683,-0.6880453019557097,0.549289039442464,0.8354611799564581,-2.265051031995172,-2.2281562895761997
142.45,-2.2749649114367756,-2.241899560893157,-0.6887682388230819,0.5458287352691951,0.837547521451751,-2.265317315765897,-2.2284923306273448
142.52,-2.274695303946484,-2.2424035885061455,-0.6895058987789604,0.5423684310959247,0.839633862947045,-2.265583599536622,-2.2288283716784907
142.59,-2.2744256964561926,-2.242907616119134,-0.6902584692098535,0.5389081269226557,0.8417202044423381,-2.265849883307347,-2.2291644127296357
142.66,-2.274156088965901,-2.2434116437321228,-0.6910261375022697,0.5354478227493866,0.8438065459376312,-2.2661161670780716,-2.229500453780781
142.73,-2.2738864814756092,-2.2439156713451114,-0.6918090910427174,0.5319875185761176,0.8458928874329242,-2.2663824508487966,-2.2298364948319263
142.8,-2.273616873985318,-2.2444196989581005,-0.6926075172177054,0.5285272144028472,0.8479792289282182,-2.2666487346195217,-2.230172535883072
142.87,-2.2733472664950263,-2.244923726571089,-0.6934216034137417,0.5250669102295782,0.8500655704235114,-2.2669150183902467,-2.2305085769342172
142.94,-2.2730776590047346,-2.2454277541840777,-0.694251537017335,0.5216066060563092,0.8521519119188044,-2.2671813021609717,-2.2308446179853627
143.01,-2.2728080515144433,-2.2459317817970668,-0.6950975054149935,0.5181463018830402,0.8542382534140975,-2.2674475859316967,-2.231180659036508
143.08,-2.2725384440241516,-2.2464358094100554,-0.6959596959932263,0.5146859977097699,0.8563245949093915,-2.2677138697024213,-2.2315167000876537
143.15,-2.2722688365338604,-2.246939837023044,-0.6968382961385411,0.5112256935365008,0.8584109364046845,-2.2679801534731463,-2.2318527411387987
143.22,-2.271999229043568,-2.2474438646360326,-0.6977334932374468,0.5077653893632318,0.8604972778999777,-2.2682464372438713,-2.232188782189944
143.29,-2.271729621553277,-2.2479478922490213,-0.6986454746764514,0.5043050851899629,0.8625836193952706,-2.268512721014596,-2.2325248232410897
143.36,-2.2714600140629857,-2.2484519198620103,-0.6995744278420644,0.5008447810166925,0.8646699608905647,-2.2687790047853214,-2.232860864292235
143.43,-2.271190406572694,-2.2489559474749985,-0.7005205401207929,0.49738447684342346,0.8667563023858577,-2.269045288556046,-2.2331969053433807
143.5,-2.2709207990824023,-2.2494599750879876,-0.7014839988991461,0.4939241726701544,0.8688426438811508,-2.269311572326771,-2.2335329463945257
143.57,-2.270651191592111,-2.2499640027009757,-0.7024649915636323,0.4904638684968855,0.8709289853764438,-2.269577856097496,-2.233868987445671
143.64,-2.2703815841018193,-2.250468030313965,-0.7034637055007601,0.48700356432361647,0.873015326871737,-2.2698441398682205,-2.2342050284968167
143.71,-2.2701119766115276,-2.2509720579269534,-0.7044803280970382,0.483543260150346,0.875101668367031,-2.270110423638946,-2.234541069547962
143.78,-2.269842369121236,-2.2514760855399425,-0.7055150467389744,0.48008295597707706,0.8771880098623239,-2.270376707409671,-2.2348771105991077
143.85,-2.2695727616309447,-2.251980113152931,-0.7065680488130772,0.47662265180380803,0.8792743513576171,-2.2706429911803956,-2.235213151650253
143.92,-2.269303154140653,-2.2524841407659197,-0.7076395217058555,0.473162347630539,0.8813606928529102,-2.27090927495112,-2.2355491927013986
143.99,-2.2690335466503617,-2.2529881683789084,-0.7087296528038182,0.4697020434572686,0.8834470343482042,-2.271175558721845,-2.2358852337525437
144.06,-2.26876393916007,-2.253492195991897,-0.7098386294934725,0.4662417392839997,0.8855333758434972,-2.27144184249257,-2.236221274803689
144.13,-2.2684943316697783,-2.2539962236048856,-0.7109666391613274,0.4627814351107306,0.8876197173387903,-2.271708126263295,-2.236557315854834
144.2,-2.268224724179487,-2.2545002512178742,-0.7121138691938915,0.45932113093746163,0.8897060588340834,-2.2719744100340202,-2.2368933569059797
144.27,-2.2679551166891954,-2.2550042788308633,-0.7132805069776739,0.45586082676419126,0.8917924003293772,-2.2722406938047452,-2.237229397957125
144.34,-2.2676855091989037,-2.255508306443852,-0.7144667398991817,0.4524005225909222,0.8938787418246704,-2.2725069775754703,-2.2375654390082707
144.41,-2.2674159017086124,-2.2560123340568405,-0.715672755344924,0.4489402184176532,0.8959650833199635,-2.272773261346195,-2.237901480059416
144.48,-2.2671462942183207,-2.256516361669829,-0.7168987407014092,0.44547991424438427,0.8980514248152566,-2.27303954511692,-2.2382375211105616
144.55,-2.266876686728029,-2.2570203892828182,-0.7181448833551465,0.4420196100711138,0.9001377663105505,-2.273305828887645,-2.238573562161707
144.62,-2.2666070792377377,-2.257524416895807,-0.719411370692643,0.4385593058978448,0.9022241078058436,-2.2735721126583694,-2.2389096032128526
144.69,-2.266337471747446,-2.2580284445087955,-0.7206983901004079,0.43509900172457583,0.9043104493011367,-2.273838396429095,-2.2392456442639976
144.76,-2.2660678642571543,-2.258532472121784,-0.7220061289649498,0.43163869755130685,0.9063967907964298,-2.2741046801998195,-2.239581685315143
144.83,-2.265798256766863,-2.2590364997347727,-0.7233347746727771,0.4281783933780364,0.9084831322917237,-2.2743709639705445,-2.2399177263662886
144.9,-2.2655286492765714,-2.2595405273477613,-0.7246845146103977,0.4247180892047674,0.9105694737870168,-2.2746372477412695,-2.2402537674174337
144.97,-2.2652590417862797,-2.2600445549607504,-0.7260555361643206,0.42125778503149847,0.9126558152823099,-2.2749035315119945,-2.240589808468579
145.04,-2.2649894342959884,-2.2605485825737386,-0.7274480267210541,0.41779748085822943,0.9147421567776032,-2.275169815282719,-2.2409258495197246
145.11,-2.2647198268056967,-2.2610526101867277,-0.728862173667107,0.41433717668495906,0.9168284982728969,-2.2754360990534446,-2.24126189057087
145.18,-2.264450219315405,-2.2615566377997167,-0.730298164388987,0.4108768725116901,0.91891483976819,-2.275702382824169,-2.2415979316220156
145.25,-2.2641806118251138,-2.262060665412705,-0.731756186273203,0.407416568338421,0.9210011812634832,-2.275968666594894,-2.241933972673161
145.32,-2.263911004334822,-2.262564693025694,-0.7332364267062634,0.40395626416515207,0.9230875227587763,-2.276234950365619,-2.242270013724306
145.39,-2.2636413968445304,-2.263068720638682,-0.7347390730746766,0.4004959599918831,0.9251738642540693,-2.2765012341363438,-2.2426060547754516
145.46,-2.263371789354239,-2.263572748251671,-0.7362643127649517,0.39703565581861266,0.9272602057493633,-2.2767675179070688,-2.242942095826597
145.53,-2.2631021818639474,-2.26407677586466,-0.7378123331635962,0.39357535164534363,0.9293465472446565,-2.277033801677794,-2.2432781368777426
145.6,-2.2628325743736557,-2.2645808034776485,-0.739383321657119,0.39011504747207465,0.9314328887399494,-2.277300085448519,-2.2436141779288876
145.67,-2.2625629668833644,-2.265084831090637,-0.7409774656320283,0.38665474329880567,0.9335192302352426,-2.277566369219244,-2.243950218980033
145.74,-2.2622933593930727,-2.265588858703626,-0.7425949524748336,0.38319443912553525,0.9356055717305366,-2.277832652989969,-2.2442862600311786
145.81,-2.262023751902781,-2.2660928863166148,-0.7442359695720416,0.37973413495226627,0.9376919132258296,-2.278098936760694,-2.244622301082324
145.88,-2.26175414441249,-2.2665969139296034,-0.745900704310162,0.37627383077899723,0.9397782547211228,-2.2783652205314184,-2.2449583421334696
145.95,-2.261484536922198,-2.267100941542592,-0.7475893440757027,0.3728135266057283,0.9418645962164158,-2.2786315043021435,-2.2452943831846146
146.02,-2.2612149294319064,-2.267604969155581,-0.749302076255173,0.3693532224324579,0.9439509377117098,-2.2788977880728685,-2.2456304242357605
146.09,-2.260945321941615,-2.2681089967685697,-0.7510390882350803,0.3658929182591889,0.9460372792070028,-2.2791640718435935,-2.2459664652869056
146.16,-2.2606757144513234,-2.2686130243815583,-0.7528005674019331,0.36243261408591987,0.9481236207022959,-2.279430355614318,-2.246302506338051
146.23,-2.2604061069610317,-2.269117051994547,-0.7545867011422407,0.35897230991265083,0.9502099621975889,-2.279696639385043,-2.246638547389196
146.3,-2.2601364994707405,-2.2696210796075356,-0.7563976768425116,0.35551200573938047,0.9522963036928829,-2.279962923155768,-2.246974588440342
146.37,-2.2598668919804488,-2.270125107220524,-0.7582336818892532,0.35205170156611143,0.9543826451881761,-2.280229206926493,-2.247310629491487
146.44,-2.259597284490157,-2.270629134833513,-0.7600949036689744,0.34859139739284245,0.956468986683469,-2.280495490697218,-2.2476466705426326
146.51,-2.259327676999866,-2.271133162446502,-0.7619815295681835,0.34513109321957347,0.9585553281787622,-2.2807617744679427,-2.247982711593778
146.58,-2.259058069509574,-2.2716371900594905,-0.7638937469733904,0.3416707890463031,0.9606416696740562,-2.281028058238668,-2.2483187526449235
146.65,-2.2587884620192824,-2.272141217672479,-0.7658317432711015,0.33821048487303407,0.9627280111693493,-2.2812943420093927,-2.248654793696069
146.72,-2.258518854528991,-2.2726452452854677,-0.7677957058478262,0.33475018069976503,0.9648143526646423,-2.2815606257801173,-2.248990834747214
146.79,-2.2582492470386994,-2.2731492728984564,-0.7697858220900726,0.3312898765264961,0.9669006941599354,-2.2818269095508428,-2.2493268757983595
146.86,-2.2579796395484077,-2.2736533005114454,-0.7718022793843506,0.3278295723532257,0.9689870356552294,-2.2820931933215673,-2.249662916849505
146.93,-2.2577100320581165,-2.274157328124434,-0.7738452651171663,0.3243692681799567,0.9710733771505223,-2.2823594770922924,-2.2499989579006505
147.0,-2.257440424567825,-2.2746613557374227,-0.7759149666750298,0.32090896400668767,0.9731597186458155,-2.2826257608630174,-2.2503349989517956
147.07,-2.257170817077533,-2.2751653833504113,-0.7780115714444489,0.3174486598334187,0.9752460601411086,-2.2828920446337424,-2.250671040002941
147.14,-2.256901209587242,-2.2756694109634,-0.7801352668119323,0.3139883556601497,0.9773324016364017,-2.283158328404467,-2.2510070810540865
147.21,-2.25663160209695,-2.2761734385763885,-0.7822862401639892,0.3105280514868793,0.9794187431316956,-2.2834246121751924,-2.251343122105232
147.28,-2.2563619946066584,-2.2766774661893776,-0.7844646788871265,0.30706774731361025,0.9815050846269887,-2.283690895945917,-2.2516791631563775
147.35,-2.256092387116367,-2.2771814938023662,-0.7866707703678533,0.30360744314034127,0.9835914261222818,-2.283957179716642,-2.2520152042075225
147.42,-2.2558227796260755,-2.277685521415355,-0.7889047019926784,0.30014713896707224,0.9856777676175749,-2.2842234634873666,-2.252351245258668
147.49,-2.2555531721357838,-2.278189549028344,-0.7911666611481109,0.29668683479380187,0.9877641091128688,-2.2844897472580916,-2.2526872863098135
147.56,-2.2552835646454925,-2.278693576641332,-0.7934568352206575,0.2932265306205329,0.989850450608162,-2.284756031028817,-2.253023327360959
147.63,-2.255013957155201,-2.279197604254321,-0.7957754115968274,0.2897662264472639,0.991936792103455,-2.2850223147995417,-2.253359368412104
147.7,-2.2547443496649096,-2.2797016318673093,-0.7981225776631293,0.2863059222739949,0.9940231335987482,-2.2852885985702667,-2.2536954094632495
147.77,-2.254474742174618,-2.280205659480299,-0.8004985208060726,0.2828456181007245,0.996109475094042,-2.2855548823409917,-2.254031450514395
147.84,-2.254205134684326,-2.280709687093287,-0.8029034284121636,0.27938531392745547,0.9981958165893351,-2.2858211661117167,-2.2543674915655405
147.91,-2.253935527194035,-2.2812137147062757,-0.805337487867912,0.2759250097541865,1.0002821580846282,-2.2860874498824413,-2.254703532616686
147.98,-2.253665919703743,-2.2817177423192643,-0.807800886559826,0.2724647055809175,1.0023684995799214,-2.2863537336531663,-2.255039573667831
148.05,-2.2533963122134515,-2.2822217699322533,-0.8102938118744154,0.26900440140764703,1.0044548410752152,-2.2866200174238913,-2.2553756147189765
148.12,-2.25312670472316,-2.282725797545242,-0.8128164511981864,0.26554409723437805,1.0065411825705084,-2.286886301194616,-2.2557116557701224
148.19,-2.2528570972328685,-2.2832298251582306,-0.8153689919176482,0.26208379306110907,1.0086275240658014,-2.2871525849653414,-2.2560476968212675
148.26,-2.252587489742577,-2.2837338527712197,-0.8179516214193098,0.2586234888878401,1.0107138655610945,-2.287418868736066,-2.2563837378724125
148.33,-2.2523178822522856,-2.2842378803842083,-0.8205645270896805,0.25516318471456967,1.0128002070563886,-2.287685152506791,-2.256719778923558
148.4,-2.252048274761994,-2.284741907997197,-0.8232078963152665,0.2517028805413007,1.0148865485516816,-2.287951436277516,-2.257055819974704
148.47,-2.251778667271702,-2.285245935610185,-0.8258819164825775,0.24824257636803168,1.0169728900469746,-2.288217720048241,-2.257391861025849
148.54,-2.2515090597814105,-2.285749963223174,-0.8285867749781217,0.24478227219476267,1.0190592315422675,-2.2884840038189656,-2.2577279020769945
148.61,-2.251239452291119,-2.2862539908361628,-0.8313226591884091,0.2413219680214923,1.0211455730375616,-2.2887502875896906,-2.25806394312814
148.68,-2.2509698448008275,-2.2867580184491514,-0.8340897564999455,0.2378616638482233,1.0232319145328548,-2.2890165713604156,-2.2583999841792854
148.75,-2.2507002373105363,-2.2872620460621405,-0.8368882542992407,0.2344013596749543,1.0253182560281477,-2.2892828551311406,-2.2587360252304305
148.82,-2.2504306298202446,-2.287766073675129,-0.8397183399728032,0.2309410555016853,1.0274045975234407,-2.2895491389018656,-2.259072066281576
148.89,-2.2501610223299533,-2.2882701012881177,-0.8425802009071413,0.22748075132841628,1.0294909390187341,-2.28981542267259,-2.2594081073327215
148.96,-2.2498914148396616,-2.2887741289011063,-0.8454740244887645,0.2240204471551459,1.031577280514028,-2.290081706443315,-2.259744148383867
149.03,-2.24962180734937,-2.2892781565140954,-0.8483999981041791,0.2205601429818769,1.033663622009321,-2.2903479902140402,-2.260080189435012
149.1,-2.249352199859078,-2.2897821841270836,-0.8513583091398947,0.2170998388086079,1.0357499635046141,-2.290614273984765,-2.2604162304861575
149.17,-2.249082592368787,-2.2902862117400726,-0.85434914498242,0.2136395346353389,1.0378363049999073,-2.2908805577554903,-2.260752271537303
149.24,-2.2488129848784952,-2.2907902393530613,-0.8573726930182644,0.2101792304620685,1.0399226464952012,-2.2911468415262153,-2.2610883125884484
149.31,-2.2485433773882035,-2.29129426696605,-0.8604291406339338,0.20671892628879948,1.0420089879904944,-2.29141312529694,-2.261424353639594
149.38,-2.2482737698979123,-2.2917982945790385,-0.8635186752159382,0.2032586221155305,1.0440953294857875,-2.291679409067665,-2.261760394690739
149.45,-2.2480041624076206,-2.2923023221920276,-0.8666414841507859,0.1997983179422615,1.0461816709810805,-2.2919456928383894,-2.2620964357418845
149.52,-2.2477345549173293,-2.292806349805016,-0.8697977548249864,0.1963380137689911,1.0482680124763741,-2.292211976609115,-2.26243247679303
149.59,-2.247464947427037,-2.293310377418005,-0.872987674625046,0.19287770959572212,1.0503543539716675,-2.29247826037984,-2.2627685178441754
149.66,-2.2471953399367464,-2.293814405030994,-0.8762114309374742,0.1894174054224531,1.0524406954669607,-2.2927445441505645,-2.263104558895321
149.73,-2.2469257324464547,-2.294318432643982,-0.8794692111487796,0.18595710124918413,1.0545270369622537,-2.2930108279212895,-2.2634405999464664
149.8,-2.246656124956163,-2.294822460256971,-0.8827612026454719,0.1824967970759137,1.0566133784575478,-2.2932771116920145,-2.2637766409976114
149.87,-2.2463865174658713,-2.2953264878699593,-0.8860875928140567,0.1790364929026447,1.0586997199528407,-2.293543395462739,-2.264112682048757
149.94,-2.24611690997558,-2.2958305154829484,-0.8894485690410443,0.1755761887293757,1.0607860614481337,-2.2938096792334646,-2.2644487230999024
150.01,-2.2458473024852883,-2.296334543095937,-0.8928443187129425,0.1721158845561067,1.0628724029434269,-2.294075963004189,-2.264784764151048
150.08,-2.245577694994997,-2.2968385707089256,-0.8962750292162617,0.16865558038283632,1.064958744438721,-2.2943422467749146,-2.2651208052021934
150.15,-2.245308087504705,-2.2973425983219142,-0.8997408879375072,0.1651952762095673,1.067045085934014,-2.294608530545639,-2.2654568462533384
