X,Y,Theta,Setpoint VD,Setpoint VE,VD,VE,tempo
0.00000,0.00000,0.00000,0.00000,0.00000,2.33000,2.33000,4504.00000
0.00000,0.00000,0.00000,0.00000,0.00000,2.33000,2.33000,-3188.00000
0.00000,0.00000,0.00000,0.00000,0.00000,2.33000,2.33000,-10864.00000
0.00000,0.00000,0.00000,0.00000,0.00000,2.33000,2.33000,-18608.00000
0.00000,0.00000,0.00000,0.00000,0.00000,2.33000,2.33000,-26344.00000
0.00000,0.00000,0.00000,0.00000,0.00000,2.33000,2.33000,31472.00000
0.00000,0.00000,0.00000,0.00000,0.00000,2.33000,2.33000,23728.00000
0.00000,0.00000,0.00000,0.00000,0.00000,2.33000,2.33000,16012.00000
0.00000,0.00000,0.00000,0.00000,0.00000,2.33000,2.33000,8284.00000
0.00000,0.00000,0.00000,0.00000,0.00000,2.33000,2.33000,616.00000
0.00000,0.00000,0.00000,0.01000,0.00000,2.33000,2.33000,-7032.00000
0.00000,0.00000,0.00000,0.00000,0.00000,2.33000,2.33000,-14820.00000
0.00000,0.00000,0.00000,0.00000,0.00000,2.33000,2.33000,-22624.00000
0.00000,0.00000,0.00000,0.00000,0.00000,2.33000,2.33000,-30420.00000
0.00000,0.00000,0.00000,0.00000,0.00000,2.33000,2.33000,27328.00000
0.00000,0.00000,0.00000,0.00000,0.00000,2.33000,2.33000,19532.00000
0.00000,0.00000,0.00000,0.00000,0.00000,2.33000,2.33000,11748.00000
0.00000,0.00000,0.00000,0.01000,0.00000,2.33000,2.33000,3964.00000
0.00000,0.00000,0.00000,0.00000,0.00000,2.33000,2.33000,-3928.00000
0.00000,0.00000,0.00000,0.00000,0.00000,2.33000,2.33000,-11672.00000
0.00000,0.00000,0.00000,0.06000,0.00000,2.33000,2.33000,-19480.00000
0.00000,0.00000,0.00000,0.00000,0.00000,2.32000,2.33000,-27416.00000
0.00000,0.00000,0.00000,0.00000,0.00000,2.32000,2.33000,30336.00000
0.00000,0.00000,0.00000,0.00000,0.00000,2.32000,2.33000,22556.00000
0.00000,0.00000,0.00000,0.00000,0.00000,2.32000,2.33000,14776.00000
0.00000,0.00000,0.00000,0.00000,0.00000,2.32000,2.33000,6996.00000
0.00000,0.00000,0.00000,0.00000,0.00000,2.32000,2.33000,-744.00000
0.00000,0.00000,0.00000,0.00000,0.00000,2.32000,2.33000,-8436.00000
0.00000,0.00000,0.00000,0.00000,0.00000,2.32000,2.33000,-16184.00000
0.00000,0.00000,0.00000,0.00000,0.00000,2.32000,2.33000,-23964.00000
0.00000,0.00000,0.00000,0.00000,0.00000,2.32000,2.33000,-31760.00000
0.00000,0.00000,0.00000,0.00000,0.00000,2.32000,2.33000,25992.00000
0.00000,0.00000,0.00000,0.00000,0.00000,2.32000,2.33000,18220.00000
0.00000,0.00000,0.00000,0.00000,0.00000,2.32000,2.33000,10432.00000
0.00000,0.00000,0.00000,0.00000,0.00000,2.32000,2.33000,2652.00000
0.00000,0.00000,0.00000,0.00000,0.00000,2.32000,2.33000,-5080.00000
0.00000,0.00000,0.00000,0.00000,0.00000,2.32000,2.33000,-12824.00000
0.00000,0.00000,0.00000,0.00000,0.00000,2.32000,2.33000,-20600.00000
0.00000,0.00000,0.00000,0.00000,0.00000,2.32000,2.33000,-28388.00000
0.00000,0.00000,0.00000,0.00000,0.00000,2.32000,2.33000,29368.00000
0.00000,0.00000,0.00000,0.00000,0.00000,2.32000,2.33000,21584.00000
0.00000,0.00000,0.00000,0.00000,0.00000,2.32000,2.33000,13804.00000
0.00000,0.00000,0.00000,0.00000,0.00000,2.32000,2.33000,6028.00000
0.00000,0.00000,0.00000,0.00000,0.00000,2.32000,2.33000,-1712.00000
0.00000,0.00000,0.00000,0.00000,0.00000,2.32000,2.33000,-9448.00000
0.00000,0.00000,0.00000,0.00000,0.00000,2.32000,2.33000,-17196.00000
0.00000,0.00000,0.00000,0.00000,0.00000,2.32000,2.33000,-24984.00000
0.00000,0.00000,0.00000,0.00000,0.00000,2.32000,2.33000,-32764.00000
0.00000,0.00000,0.00000,0.00000,0.00000,2.32000,2.33000,24988.00000
0.00000,0.00000,0.00000,0.00000,0.00000,2.32000,2.33000,17208.00000
0.00000,0.00000,0.00000,0.00000,0.00000,2.32000,2.33000,9424.00000
0.00000,0.00000,0.00000,0.00000,0.00000,2.32000,2.33000,1704.00000
0.00000,0.00000,0.00000,0.00000,0.00000,2.32000,2.33000,-6048.00000
0.00000,0.00000,0.00000,0.00000,0.00000,2.32000,2.33000,-13788.00000
0.00000,0.00000,0.00000,0.00000,0.00000,2.32000,2.33000,-21572.00000
0.00000,0.00000,0.00000,0.00000,0.00000,2.32000,2.33000,-29356.00000
0.00000,0.00000,0.00000,0.00000,0.00000,2.32000,2.33000,28400.00000
0.00000,0.00000,0.00000,0.00000,0.00000,2.32000,2.33000,20612.00000
0.00000,0.00000,0.00000,0.00000,0.00000,2.32000,2.33000,12836.00000
0.00000,0.00000,0.00000,0.00000,0.00000,2.32000,2.33000,5060.00000
0.00000,0.00000,0.00000,0.00000,0.00000,2.32000,2.33000,-2680.00000
0.00000,0.00000,0.00000,0.00000,0.00000,2.32000,2.33000,-10420.00000
0.00000,0.00000,0.00000,0.00000,0.00000,2.32000,2.33000,-18208.00000
0.00000,0.00000,0.00000,0.00000,0.00000,2.32000,2.33000,-25988.00000
0.00000,0.00000,0.00000,0.00000,0.00000,2.32000,2.33000,31756.00000
0.00000,0.00000,0.00000,0.00000,0.00000,2.32000,2.33000,23976.00000
0.00000,0.00000,0.00000,0.00000,0.00000,2.32000,2.33000,16204.00000
0.00000,0.00000,0.00000,0.00000,0.00000,2.32000,2.33000,8420.00000
0.00000,0.00000,0.00000,0.00000,0.00000,2.32000,2.33000,688.00000
0.00000,0.00000,0.00000,0.00000,0.00000,2.32000,2.33000,-7000.00000
0.00000,0.00000,0.00000,0.00000,0.00000,2.32000,2.33000,-14740.00000
0.00000,0.00000,0.00000,0.00000,0.00000,2.32000,2.33000,-22528.00000
0.00000,0.00000,0.00000,0.00000,0.00000,2.32000,2.33000,-30304.00000
0.00000,0.00000,0.00000,0.00000,0.00000,2.32000,2.33000,27448.00000
0.00000,0.00000,0.00000,0.00000,0.00000,2.32000,2.33000,19660.00000
0.00000,0.00000,0.00000,0.00000,0.00000,2.32000,2.33000,11892.00000
0.00000,0.00000,0.00000,0.00000,0.00000,2.32000,2.33000,4108.00000
0.00000,0.00000,0.00000,0.00000,0.00000,2.32000,2.33000,-3628.00000
0.00000,0.00000,0.00000,0.00000,0.00000,2.32000,2.33000,-11368.00000
0.00000,0.00000,0.00000,0.00000,0.00000,2.32000,2.33000,-19156.00000
0.00000,0.00000,0.00000,0.00000,0.00000,2.32000,2.33000,-26940.00000
0.00000,0.00000,0.00000,0.00000,0.00000,2.32000,2.33000,30812.00000
0.00000,0.00000,0.00000,0.00000,0.00000,2.32000,2.33000,23032.00000
0.00000,0.00000,0.00000,0.00000,0.00000,2.32000,2.33000,15260.00000
0.00000,0.00000,0.00000,0.00000,0.00000,2.32000,2.33000,7472.00000
0.00000,0.00000,0.00000,0.00000,0.00000,2.32000,2.33000,-252.00000
0.00000,0.00000,0.00000,0.00000,0.00000,2.32000,2.33000,-7952.00000
0.00000,0.00000,0.00000,0.00000,0.00000,2.32000,2.33000,-15688.00000
0.00000,0.00000,0.00000,0.00000,0.00000,2.32000,2.33000,-23480.00000
0.00000,0.00000,0.00000,0.00000,0.00000,2.32000,2.33000,-31264.00000
0.00000,0.00000,0.00000,0.00000,0.00000,2.32000,2.33000,26488.00000
0.00000,0.00000,0.00000,0.00000,0.00000,2.32000,2.33000,18704.00000
0.00000,0.00000,0.00000,0.00000,0.00000,2.32000,2.33000,10924.00000
0.00000,0.00000,0.00000,0.00000,0.00000,2.32000,2.33000,3144.00000
0.00000,0.00000,0.00000,0.00000,0.00000,2.32000,2.33000,-4588.00000
0.00000,0.00000,0.00000,0.00000,0.00000,2.32000,2.33000,-12324.00000
0.00000,0.00000,0.00000,0.00000,0.00000,2.32000,2.33000,-20108.00000
0.00000,0.00000,0.00000,0.00000,0.00000,2.32000,2.33000,-27888.00000
0.00000,0.00000,0.00000,0.00000,0.00000,2.32000,2.33000,29856.00000
0.00000,0.00000,0.00000,0.00000,0.00000,2.32000,2.33000,22080.00000
0.00000,0.00000,0.00000,0.00000,0.00000,2.32000,2.33000,14288.00000
0.00000,0.00000,0.00000,0.00000,0.00000,2.32000,2.33000,6508.00000
0.00000,0.00000,0.00000,0.00000,0.00000,2.32000,2.33000,-1224.00000
0.00000,0.00000,0.00000,0.00000,0.00000,2.32000,2.33000,-8972.00000
0.00000,0.00000,0.00000,0.00000,0.00000,2.32000,2.33000,-16704.00000
0.00000,0.00000,0.00000,0.00000,0.00000,2.32000,2.33000,-24488.00000
0.00000,0.00000,0.00000,0.00000,0.00000,2.32000,2.33000,-32276.00000
0.00000,0.00000,0.00000,0.00000,0.00000,2.32000,2.33000,25480.00000
0.00000,0.00000,0.00000,0.00000,0.00000,2.32000,2.33000,17696.00000
0.00000,0.00000,0.00000,0.00000,0.00000,2.32000,2.33000,9924.00000
0.00000,0.00000,0.00000,0.00000,0.00000,2.32000,2.33000,2180.00000
0.00000,0.00000,0.00000,0.00000,0.00000,2.32000,2.33000,-5552.00000
0.00000,0.00000,0.00000,0.00000,0.00000,2.32000,2.33000,-13300.00000
0.00000,0.00000,0.00000,0.00000,0.00000,2.32000,2.33000,-21084.00000
0.00000,0.00000,0.00000,0.00000,0.00000,2.32000,2.33000,-28872.00000
0.00000,0.00000,0.00000,0.00000,0.00000,2.32000,2.33000,28880.00000
0.00000,0.00000,0.00000,0.00000,0.00000,2.32000,2.33000,21104.00000
0.00000,0.00000,0.00000,0.00000,0.00000,2.32000,2.33000,13324.00000
0.00000,0.00000,0.00000,0.00000,0.00000,2.32000,2.33000,5544.00000
0.00000,0.00000,0.00000,0.00000,0.00000,2.32000,2.33000,-2192.00000
0.00000,0.00000,0.00000,0.00000,0.00000,2.32000,2.33000,-9932.00000
0.00000,0.00000,0.00000,0.00000,0.00000,2.32000,2.33000,-17668.00000
0.00000,0.00000,0.00000,0.00000,0.00000,2.32000,2.33000,-25464.00000
0.00000,0.00000,0.00000,0.00000,0.00000,2.32000,2.33000,32288.00000
0.00000,0.00000,0.00000,0.00000,0.00000,2.32000,2.33000,24516.00000
0.00000,0.00000,0.00000,0.00000,0.00000,2.32000,2.33000,16728.00000
0.00000,0.00000,0.00000,0.00000,0.00000,2.32000,2.33000,8960.00000
0.00000,0.00000,0.00000,0.00000,0.00000,2.32000,2.33000,1216.00000
0.00000,0.00000,0.00000,0.00000,0.00000,2.32000,2.33000,-6512.00000
0.00000,0.00000,0.00000,0.00000,0.00000,2.32000,2.33000,-14252.00000
0.00000,0.00000,0.00000,0.00000,0.00000,2.32000,2.33000,-22036.00000
0.00000,0.00000,0.00000,0.00000,0.00000,2.32000,2.33000,-29820.00000
0.00000,0.00000,0.00000,0.00000,0.00000,2.32000,2.33000,27924.00000
0.00000,0.00000,0.00000,0.00000,0.00000,2.32000,2.33000,20152.00000
0.00000,0.00000,0.00000,0.00000,0.00000,2.32000,2.33000,12360.00000
0.00000,0.00000,0.00000,0.00000,0.00000,2.32000,2.33000,4588.00000
0.00000,0.00000,0.00000,0.00000,0.00000,2.32000,2.33000,-3144.00000
0.00000,0.00000,0.00000,0.68000,0.71000,2.32000,2.33000,-10644.00000
0.01000,0.00000,0.01000,3.29000,2.79000,2.33000,2.33000,-19224.00000
0.02000,0.00000,0.03000,3.84000,3.11000,2.28000,2.31000,-27528.00000
0.03000,0.00000,0.06000,4.49000,2.87000,2.21000,2.27000,29660.00000
0.03000,0.00000,0.08000,3.68000,2.58000,2.00000,2.14000,21428.00000
0.04000,0.00000,0.08000,2.98000,3.12000,1.80000,2.00000,13160.00000
0.05000,0.00000,0.08000,3.05000,2.84000,1.82000,2.01000,4920.00000
0.05000,0.00000,0.08000,2.98000,2.84000,1.78000,1.98000,-3276.00000
0.06000,0.00000,0.08000,2.86000,2.72000,1.75000,1.95000,-11472.00000
0.07000,0.00000,0.09000,2.88000,2.74000,1.72000,1.93000,-19736.00000
0.07000,0.00000,0.09000,2.94000,2.80000,1.68000,1.90000,-27972.00000
0.08000,0.00000,0.09000,2.91000,2.81000,1.64000,1.88000,29296.00000
0.09000,0.01000,0.09000,2.77000,2.67000,1.62000,1.86000,21028.00000
0.09000,0.01000,0.09000,2.55000,2.63000,1.59000,1.83000,12788.00000
0.10000,0.01000,0.10000,2.73000,2.49000,1.60000,1.84000,4544.00000
0.11000,0.01000,0.11000,3.11000,2.52000,1.54000,1.80000,-3672.00000
0.12000,0.01000,0.11000,3.47000,3.36000,1.39000,1.69000,-11940.00000
0.12000,0.01000,0.11000,3.75000,3.86000,1.35000,1.66000,-20316.00000
0.13000,0.01000,0.11000,3.82000,3.94000,1.36000,1.67000,-28648.00000
0.14000,0.01000,0.10000,3.87000,3.97000,1.38000,1.68000,28576.00000
0.15000,0.01000,0.10000,3.52000,3.73000,1.39000,1.68000,20288.00000
0.16000,0.01000,0.10000,3.58000,3.75000,1.42000,1.71000,11976.00000
0.17000,0.01000,0.09000,3.37000,3.55000,1.45000,1.73000,3700.00000
0.18000,0.01000,0.09000,3.25000,3.48000,1.48000,1.75000,-4548.00000
0.18000,0.01000,0.09000,3.22000,3.36000,1.52000,1.79000,-12760.00000
0.19000,0.02000,0.09000,3.18000,3.11000,1.55000,1.80000,-21096.00000
0.20000,0.02000,0.08000,3.04000,3.23000,1.52000,1.78000,-29368.00000
0.21000,0.02000,0.08000,2.87000,2.97000,1.55000,1.81000,27876.00000
0.21000,0.02000,0.07000,2.60000,2.97000,1.56000,1.82000,19648.00000
0.22000,0.02000,0.07000,2.69000,2.88000,1.64000,1.87000,11344.00000
0.23000,0.02000,0.06000,2.48000,2.81000,1.67000,1.89000,3112.00000
0.23000,0.02000,0.06000,2.42000,2.76000,1.73000,1.94000,-5112.00000
0.24000,0.02000,0.05000,2.40000,2.69000,1.79000,1.98000,-13344.00000
0.24000,0.02000,0.05000,2.34000,2.58000,1.83000,2.02000,-21588.00000
0.25000,0.02000,0.04000,2.30000,2.56000,1.87000,2.05000,-29840.00000
0.25000,0.02000,0.04000,2.19000,2.51000,1.91000,2.08000,27424.00000
0.26000,0.02000,0.03000,2.23000,2.47000,1.96000,2.11000,19200.00000
0.27000,0.02000,0.03000,2.19000,2.42000,2.00000,2.14000,10952.00000
0.27000,0.02000,0.02000,2.08000,2.38000,2.03000,2.16000,2708.00000
0.28000,0.02000,0.02000,2.19000,2.42000,2.07000,2.19000,-5484.00000
0.28000,0.02000,0.01000,2.17000,2.31000,2.10000,2.21000,-13656.00000
0.29000,0.02000,0.01000,2.20000,2.20000,2.12000,2.22000,-21892.00000
0.29000,0.02000,0.01000,2.21000,2.24000,2.11000,2.22000,-30068.00000
0.30000,0.02000,0.01000,2.20000,2.26000,2.12000,2.22000,27212.00000
0.30000,0.02000,0.01000,2.19000,2.33000,2.12000,2.22000,18988.00000
0.31000,0.02000,0.01000,2.12000,2.27000,2.14000,2.23000,10736.00000
0.31000,0.02000,0.00000,2.15000,2.34000,2.15000,2.24000,2512.00000
0.32000,0.02000,-0.00000,2.06000,2.38000,2.17000,2.26000,-5688.00000
0.32000,0.02000,-0.01000,2.12000,2.37000,2.21000,2.27000,-13888.00000
0.33000,0.02000,-0.01000,2.08000,2.30000,2.23000,2.29000,-22152.00000
0.33000,0.02000,-0.02000,2.05000,2.21000,2.26000,2.30000,-30396.00000
0.34000,0.02000,-0.02000,2.09000,2.23000,2.27000,2.31000,26892.00000
0.35000,0.02000,-0.02000,2.12000,2.24000,2.28000,2.31000,18652.00000
0.35000,0.02000,-0.02000,2.17000,2.33000,2.30000,2.32000,10396.00000
0.36000,0.02000,-0.03000,2.27000,2.44000,2.31000,2.32000,2160.00000
0.36000,0.02000,-0.03000,2.21000,2.47000,2.32000,2.33000,-6044.00000
0.37000,0.02000,-0.04000,2.19000,2.41000,2.33000,2.32000,-14268.00000
0.37000,0.02000,-0.04000,2.24000,2.45000,2.32000,2.30000,-22540.00000
0.38000,0.02000,-0.04000,2.26000,2.44000,2.31000,2.28000,-30788.00000
0.38000,0.02000,-0.05000,2.26000,2.31000,2.30000,2.26000,26460.00000
0.39000,0.02000,-0.04000,2.28000,2.26000,2.30000,2.25000,18224.00000
0.39000,0.02000,-0.04000,2.30000,2.26000,2.30000,2.26000,9976.00000
0.40000,0.02000,-0.04000,2.34000,2.30000,2.30000,2.26000,1772.00000
0.41000,0.02000,-0.04000,2.35000,2.34000,2.30000,2.26000,-6448.00000
0.41000,0.02000,-0.04000,2.30000,2.38000,2.30000,2.26000,-14636.00000
0.42000,0.02000,-0.05000,2.27000,2.40000,2.30000,2.26000,-22920.00000
0.42000,0.02000,-0.05000,2.33000,2.45000,2.29000,2.24000,-31156.00000
0.43000,0.02000,-0.05000,2.19000,2.44000,2.28000,2.23000,26116.00000
0.43000,0.02000,-0.06000,2.24000,2.30000,2.27000,2.20000,17848.00000
0.44000,0.02000,-0.06000,2.23000,2.23000,2.27000,2.19000,9600.00000
0.44000,0.02000,-0.06000,2.19000,2.21000,2.26000,2.19000,1436.00000
0.45000,0.02000,-0.06000,2.26000,2.21000,2.26000,2.19000,-6776.00000
0.45000,0.02000,-0.05000,2.27000,2.24000,2.26000,2.19000,-14992.00000
0.46000,0.02000,-0.05000,2.26000,2.26000,2.26000,2.19000,-23256.00000
0.47000,0.02000,-0.06000,2.23000,2.34000,2.26000,2.19000,-31484.00000
0.47000,0.01000,-0.06000,2.17000,2.26000,2.26000,2.18000,25780.00000
0.48000,0.01000,-0.06000,2.24000,2.28000,2.25000,2.17000,17516.00000
0.48000,0.01000,-0.06000,2.24000,2.22000,2.25000,2.16000,9236.00000
0.49000,0.01000,-0.06000,2.20000,2.09000,2.25000,2.16000,1064.00000
0.49000,0.01000,-0.05000,2.15000,2.03000,2.25000,2.17000,-7152.00000
0.50000,0.01000,-0.05000,2.20000,2.08000,2.26000,2.18000,-15332.00000
0.50000,0.01000,-0.05000,2.23000,2.10000,2.27000,2.19000,-23596.00000
0.51000,0.01000,-0.05000,2.24000,2.13000,2.27000,2.21000,-31832.00000
0.51000,0.01000,-0.05000,2.24000,2.22000,2.28000,2.22000,25424.00000
0.52000,0.01000,-0.05000,2.26000,2.27000,2.28000,2.22000,17196.00000
0.52000,0.01000,-0.05000,2.27000,2.27000,2.28000,2.22000,8908.00000
0.53000,0.01000,-0.05000,2.21000,2.26000,2.28000,2.21000,748.00000
0.53000,0.01000,-0.05000,2.21000,2.23000,2.27000,2.21000,-7432.00000
0.54000,0.01000,-0.05000,2.16000,2.12000,2.27000,2.21000,-15648.00000
0.54000,0.01000,-0.05000,2.19000,2.09000,2.27000,2.21000,-23928.00000
0.55000,0.01000,-0.04000,2.20000,2.10000,2.28000,2.22000,-32172.00000
0.55000,0.01000,-0.04000,2.26000,2.15000,2.28000,2.23000,25116.00000
0.56000,0.01000,-0.04000,2.30000,2.21000,2.29000,2.24000,16876.00000
0.57000,0.01000,-0.04000,2.28000,2.27000,2.29000,2.25000,8600.00000
0.57000,0.01000,-0.04000,2.19000,2.30000,2.29000,2.25000,404.00000
0.58000,0.01000,-0.04000,2.20000,2.21000,2.29000,2.23000,-7780.00000
0.58000,0.01000,-0.04000,2.21000,2.27000,2.29000,2.23000,-15992.00000
0.59000,0.01000,-0.04000,2.24000,2.23000,2.28000,2.22000,-24256.00000
0.59000,0.01000,-0.04000,2.21000,2.15000,2.28000,2.22000,-32504.00000
0.60000,0.01000,-0.04000,2.21000,2.08000,2.29000,2.23000,24760.00000
0.60000,0.01000,-0.04000,2.27000,2.12000,2.29000,2.24000,16516.00000
0.61000,0.01000,-0.03000,2.34000,2.19000,2.30000,2.26000,8284.00000
0.61000,0.01000,-0.03000,2.30000,2.19000,2.31000,2.27000,80.00000
0.62000,0.01000,-0.03000,2.35000,2.26000,2.31000,2.28000,-8044.00000
0.62000,0.01000,-0.03000,2.37000,2.33000,2.31000,2.29000,-16252.00000
0.63000,0.01000,-0.03000,2.37000,2.35000,2.32000,2.29000,-24564.00000
0.63000,0.01000,-0.03000,2.31000,2.31000,2.32000,2.29000,32736.00000
0.64000,0.01000,-0.03000,2.34000,2.27000,2.32000,2.29000,24500.00000
0.65000,0.01000,-0.02000,2.27000,2.17000,2.32000,2.30000,16252.00000
0.65000,0.01000,-0.02000,2.24000,2.15000,2.32000,2.31000,7980.00000
0.66000,0.01000,-0.02000,2.28000,2.19000,2.32000,2.31000,-208.00000
0.66000,0.01000,-0.02000,2.40000,2.27000,2.33000,2.32000,-8388.00000
0.67000,0.01000,-0.02000,2.42000,2.37000,2.33000,2.33000,-16560.00000
0.67000,0.01000,-0.02000,2.27000,2.37000,2.32000,2.33000,-24852.00000
0.68000,0.01000,-0.02000,2.30000,2.40000,2.33000,2.33000,32432.00000
0.68000,0.01000,-0.02000,2.33000,2.45000,2.33000,2.32000,24212.00000
0.69000,0.01000,-0.02000,2.40000,2.40000,2.32000,2.31000,15944.00000
0.70000,0.01000,-0.02000,2.30000,2.26000,2.32000,2.31000,7724.00000
0.70000,0.01000,-0.02000,2.23000,2.13000,2.32000,2.31000,-456.00000
0.71000,0.01000,-0.02000,2.28000,2.22000,2.33000,2.32000,-8636.00000
0.71000,0.01000,-0.02000,2.35000,2.28000,2.33000,2.33000,-16856.00000
0.72000,0.01000,-0.02000,2.38000,2.35000,2.33000,2.33000,-25096.00000
0.72000,0.01000,-0.02000,2.35000,2.40000,2.33000,2.33000,32176.00000
0.73000,0.01000,-0.02000,2.38000,2.44000,2.33000,2.33000,23896.00000
0.73000,0.01000,-0.02000,2.30000,2.42000,2.33000,2.33000,15636.00000
0.74000,0.01000,-0.02000,2.35000,2.41000,2.33000,2.32000,7380.00000
0.75000,0.01000,-0.02000,2.23000,2.26000,2.32000,2.31000,-852.00000
0.75000,0.01000,-0.02000,2.22000,2.13000,2.32000,2.31000,-9004.00000
0.76000,0.01000,-0.02000,2.15000,2.08000,2.32000,2.31000,-17200.00000
0.76000,0.01000,-0.02000,2.28000,2.16000,2.33000,2.32000,-25460.00000
0.77000,0.01000,-0.02000,2.41000,2.31000,2.33000,2.33000,31828.00000
0.77000,0.00000,-0.02000,2.40000,2.35000,2.32000,2.33000,23532.00000
0.78000,0.00000,-0.02000,2.24000,2.37000,2.32000,2.33000,15300.00000
0.78000,0.00000,-0.02000,2.34000,2.42000,2.33000,2.33000,7032.00000
0.79000,0.00000,-0.02000,2.35000,2.45000,2.33000,2.33000,-1144.00000
0.79000,0.00000,-0.02000,2.37000,2.40000,2.33000,2.32000,-9408.00000
0.80000,0.00000,-0.02000,2.41000,2.35000,2.32000,2.31000,-17572.00000
0.81000,0.00000,-0.02000,2.40000,2.24000,2.33000,2.32000,-25856.00000
0.81000,0.00000,-0.01000,2.41000,2.26000,2.33000,2.33000,31424.00000
0.82000,0.00000,-0.01000,2.41000,2.33000,2.32000,2.33000,23172.00000
0.82000,0.00000,-0.01000,2.40000,2.34000,2.31000,2.32000,14924.00000
0.83000,0.00000,-0.01000,2.30000,2.34000,2.30000,2.32000,6672.00000
0.83000,0.00000,-0.01000,2.37000,2.37000,2.31000,2.32000,-1516.00000
0.84000,0.00000,-0.02000,2.26000,2.41000,2.31000,2.32000,-9700.00000
0.85000,0.00000,-0.02000,2.30000,2.41000,2.32000,2.33000,-17908.00000
0.85000,0.00000,-0.02000,2.30000,2.34000,2.33000,2.33000,-26164.00000
0.86000,0.00000,-0.02000,2.28000,2.27000,2.33000,2.33000,31128.00000
0.86000,0.00000,-0.02000,2.30000,2.23000,2.33000,2.33000,22868.00000
0.87000,0.00000,-0.02000,2.35000,2.26000,2.32000,2.33000,14616.00000
0.87000,0.00000,-0.01000,2.40000,2.33000,2.32000,2.33000,6372.00000
0.88000,0.00000,-0.01000,2.28000,2.34000,2.31000,2.32000,-1824.00000
0.88000,0.00000,-0.02000,2.27000,2.35000,2.31000,2.32000,-10052.00000
0.89000,0.00000,-0.02000,2.31000,2.40000,2.32000,2.33000,-18316.00000
0.89000,0.00000,-0.02000,2.33000,2.44000,2.33000,2.33000,-26576.00000
0.90000,0.00000,-0.02000,2.38000,2.38000,2.33000,2.32000,30700.00000
0.91000,0.00000,-0.02000,2.40000,2.30000,2.33000,2.32000,22472.00000
0.91000,0.00000,-0.02000,2.42000,2.28000,2.33000,2.33000,14292.00000
0.92000,0.00000,-0.01000,2.42000,2.30000,2.32000,2.33000,6024.00000
0.92000,0.00000,-0.01000,2.37000,2.31000,2.31000,2.32000,-2152.00000
0.93000,0.00000,-0.01000,2.33000,2.38000,2.30000,2.32000,-10384.00000
0.93000,0.00000,-0.02000,2.31000,2.41000,2.30000,2.32000,-18604.00000
0.94000,0.00000,-0.02000,2.28000,2.42000,2.31000,2.32000,-26888.00000
0.95000,0.00000,-0.02000,2.26000,2.42000,2.32000,2.33000,30416.00000
0.95000,0.00000,-0.02000,2.27000,2.38000,2.33000,2.33000,22140.00000
0.96000,0.00000,-0.02000,2.33000,2.35000,2.33000,2.32000,13916.00000
0.96000,0.00000,-0.02000,2.33000,2.28000,2.32000,2.31000,5676.00000
0.97000,0.00000,-0.02000,2.35000,2.26000,2.33000,2.32000,-2512.00000
0.97000,0.00000,-0.02000,2.41000,2.35000,2.33000,2.32000,-10728.00000
0.98000,0.00000,-0.02000,2.44000,2.41000,2.33000,2.33000,-18976.00000
0.98000,0.00000,-0.02000,2.30000,2.45000,2.33000,2.33000,-27256.00000
0.99000,0.00000,-0.02000,2.30000,2.41000,2.33000,2.32000,30044.00000
1.00000,0.00000,-0.03000,2.35000,2.47000,2.32000,2.31000,21784.00000
1.00000,0.00000,-0.03000,2.35000,2.37000,2.32000,2.30000,13520.00000
1.01000,0.00000,-0.03000,2.35000,2.30000,2.31000,2.29000,5284.00000
1.01000,0.00000,-0.02000,2.27000,2.20000,-0.46000,0.46000,-2904.00000
1.02000,0.00000,-0.02000,2.34000,2.24000,-0.46000,0.46000,-11132.00000
1.02000,0.00000,-0.03000,1.69000,1.92000,-0.47000,0.47000,-19348.00000
1.03000,0.00000,-0.04000,1.35000,1.81000,-0.47000,0.47000,-27548.00000
1.03000,0.00000,-0.04000,1.17000,1.55000,-0.47000,0.47000,29784.00000
1.03000,0.00000,-0.05000,0.98000,1.12000,-0.48000,0.48000,21576.00000
1.03000,-0.00000,-0.05000,0.57000,0.89000,-0.48000,0.48000,13444.00000
1.03000,-0.00000,-0.05000,0.46000,0.56000,-0.49000,0.49000,5364.00000
1.04000,-0.00000,-0.06000,0.40000,0.57000,-0.49000,0.49000,-2700.00000
1.04000,-0.00000,-0.06000,0.24000,0.60000,-0.49000,0.49000,-10748.00000
1.04000,-0.00000,-0.07000,0.01000,0.32000,-0.49000,0.49000,-18824.00000
1.04000,-0.00000,-0.07000,0.07000,0.07000,-0.50000,0.50000,-26860.00000
1.04000,-0.00000,-0.07000,0.01000,0.00000,-0.50000,0.50000,30692.00000
1.04000,-0.00000,-0.07000,0.00000,0.00000,-0.50000,0.50000,22732.00000
1.04000,-0.00000,-0.07000,0.00000,0.00000,-0.50000,0.50000,14940.00000
1.04000,-0.00000,-0.07000,0.00000,0.00000,-0.50000,0.50000,7132.00000
1.04000,-0.00000,-0.07000,0.00000,0.00000,-0.50000,0.50000,-628.00000
1.04000,-0.00000,-0.07000,0.00000,0.00000,-0.50000,0.50000,-8356.00000
1.04000,-0.00000,-0.07000,0.00000,0.00000,-0.50000,0.50000,-16124.00000
1.04000,-0.00000,-0.07000,0.00000,0.00000,-0.50000,0.50000,-23916.00000
1.04000,-0.00000,-0.07000,0.00000,0.00000,-0.50000,0.50000,-31740.00000
1.04000,-0.00000,-0.07000,0.00000,0.00000,-0.50000,0.50000,25988.00000
1.04000,-0.00000,-0.07000,0.00000,0.00000,-0.50000,0.50000,18192.00000
1.04000,-0.00000,-0.07000,0.00000,0.00000,-0.50000,0.50000,10384.00000
1.04000,-0.00000,-0.07000,0.00000,0.00000,-0.50000,0.50000,2592.00000
1.04000,-0.00000,-0.07000,0.00000,0.00000,-0.50000,0.50000,-5172.00000
1.04000,-0.00000,-0.07000,0.00000,0.00000,-0.50000,0.50000,-12932.00000
1.04000,-0.00000,-0.07000,0.00000,0.00000,-0.50000,0.50000,-20744.00000
1.04000,-0.00000,-0.07000,0.00000,0.00000,-0.50000,0.50000,-28560.00000
1.04000,-0.00000,-0.07000,0.00000,0.00000,-0.50000,0.50000,29168.00000
1.04000,-0.00000,-0.07000,0.00000,0.00000,-0.50000,0.50000,21368.00000
1.04000,-0.00000,-0.07000,0.00000,0.01000,-0.50000,0.50000,13564.00000
1.04000,-0.00000,-0.07000,0.00000,0.00000,-0.50000,0.50000,5624.00000
1.04000,-0.00000,-0.07000,0.00000,0.01000,-0.50000,0.50000,-2136.00000
1.04000,-0.00000,-0.08000,0.00000,0.36000,-0.50000,0.50000,-10032.00000
1.04000,-0.00000,-0.10000,0.00000,0.92000,-0.50000,0.50000,-18016.00000
1.04000,-0.00000,-0.12000,0.00000,1.21000,-0.51000,0.51000,-26052.00000
1.04000,-0.00000,-0.15000,0.00000,1.44000,-0.52000,0.52000,31428.00000
1.04000,-0.00000,-0.17000,0.00000,1.38000,-0.53000,0.53000,23364.00000
1.05000,-0.00000,-0.20000,0.00000,1.16000,-0.54000,0.54000,15304.00000
1.05000,-0.00000,-0.22000,0.00000,1.02000,-0.56000,0.56000,7268.00000
1.05000,-0.00000,-0.23000,0.00000,0.93000,-0.57000,0.57000,-680.00000
1.05000,-0.00000,-0.25000,0.00000,1.03000,-0.57000,0.57000,-8608.00000
1.05000,-0.00000,-0.27000,0.00000,1.03000,-0.58000,0.58000,-16564.00000
1.05000,-0.00000,-0.29000,0.00000,0.99000,-0.59000,0.59000,-24588.00000
1.05000,-0.00000,-0.31000,0.00000,1.02000,-0.60000,0.60000,-32616.00000
1.05000,-0.00000,-0.33000,0.00000,0.95000,-0.60000,0.60000,24912.00000
1.05000,-0.00000,-0.35000,0.00000,1.03000,-0.61000,0.60000,16920.00000
1.06000,-0.00000,-0.37000,0.00000,0.88000,-0.61000,0.60000,8904.00000
1.06000,-0.00000,-0.39000,0.00000,0.95000,-0.61000,0.60000,928.00000
1.06000,-0.00000,-0.40000,0.00000,0.79000,-0.62000,0.59000,-6984.00000
1.06000,-0.01000,-0.42000,0.00000,0.93000,-0.62000,0.58000,-14968.00000
1.06000,-0.01000,-0.44000,0.00000,0.82000,-0.63000,0.55000,-22996.00000
1.06000,-0.01000,-0.45000,0.00000,0.86000,-0.65000,0.51000,-31020.00000
1.06000,-0.01000,-0.47000,0.00000,0.73000,-0.68000,0.45000,26468.00000
1.06000,-0.01000,-0.48000,0.00000,0.81000,-0.72000,0.37000,18480.00000
1.06000,-0.01000,-0.50000,0.00000,0.79000,-0.78000,0.24000,10460.00000
1.06000,-0.01000,-0.51000,0.00000,0.75000,-0.86000,0.08000,2456.00000
1.06000,-0.01000,-0.53000,-0.01000,0.81000,-0.95000,-0.10000,-5512.00000
1.06000,-0.01000,-0.54000,0.00000,0.50000,-1.07000,-0.33000,-13568.00000
1.07000,-0.01000,-0.55000,0.00000,0.40000,-1.15000,-0.48000,-21560.00000
1.07000,-0.01000,-0.55000,0.00000,0.21000,-1.23000,-0.61000,-29592.00000
1.07000,-0.01000,-0.55000,0.00000,0.03000,-1.26000,-0.67000,27912.00000
1.07000,-0.01000,-0.55000,0.00000,0.04000,-1.27000,-0.68000,19940.00000
1.07000,-0.01000,-0.55000,0.00000,0.01000,-1.28000,-0.70000,11952.00000
1.07000,-0.01000,-0.55000,0.00000,0.00000,-1.28000,-0.70000,3960.00000
1.07000,-0.01000,-0.55000,-0.01000,0.00000,-1.28000,-0.70000,-3820.00000
1.07000,-0.01000,-0.55000,0.00000,0.00000,-1.28000,-0.70000,-11756.00000
1.07000,-0.01000,-0.55000,0.00000,0.00000,-1.28000,-0.70000,-19584.00000
1.07000,-0.01000,-0.55000,0.00000,0.00000,-1.28000,-0.70000,-27420.00000
1.07000,-0.01000,-0.55000,0.00000,0.00000,-1.28000,-0.70000,30292.00000
1.07000,-0.01000,-0.55000,0.00000,0.00000,-1.28000,-0.70000,22468.00000
1.07000,-0.01000,-0.55000,0.00000,0.00000,-1.28000,-0.70000,14640.00000
1.07000,-0.01000,-0.55000,-0.01000,0.00000,-1.28000,-0.70000,6816.00000
1.07000,-0.01000,-0.56000,-0.22000,0.00000,-1.28000,-0.71000,-1084.00000
1.06000,-0.01000,-0.56000,-0.21000,0.00000,-1.32000,-0.77000,-9120.00000
1.06000,-0.01000,-0.56000,0.00000,0.00000,-1.36000,-0.83000,-17092.00000
1.06000,-0.01000,-0.56000,-0.01000,0.00000,-1.36000,-0.83000,-24928.00000
1.06000,-0.01000,-0.56000,-0.14000,0.00000,-1.36000,-0.83000,32628.00000
1.06000,-0.01000,-0.56000,-0.01000,0.00000,-1.38000,-0.87000,24600.00000
1.06000,-0.01000,-0.57000,-0.13000,0.00000,-1.38000,-0.88000,16608.00000
1.06000,-0.01000,-0.57000,-0.01000,0.00000,-1.41000,-0.91000,8608.00000
1.06000,-0.01000,-0.57000,-0.15000,0.00000,-1.41000,-0.91000,680.00000
1.06000,-0.01000,-0.58000,-0.39000,0.00000,-1.44000,-0.96000,-7216.00000
1.06000,-0.01000,-0.59000,-0.93000,0.00000,-1.50000,-1.06000,-15188.00000
1.06000,-0.01000,-0.62000,-1.32000,0.00000,-1.67000,-1.30000,-23264.00000
1.06000,-0.01000,-0.65000,-1.59000,0.00000,-1.90000,-1.59000,-31352.00000
1.06000,-0.00000,-0.68000,-1.66000,0.00000,-2.13000,-1.88000,26088.00000
1.06000,-0.00000,-0.72000,-1.66000,0.00000,-2.30000,-2.09000,18016.00000
1.06000,-0.00000,-0.75000,-1.74000,0.00000,-2.41000,-2.24000,9960.00000
1.05000,-0.00000,-0.78000,-1.83000,0.00000,-2.11000,-2.32000,1924.00000
1.05000,0.00000,-0.82000,-1.98000,0.00000,-1.87000,-2.12000,-6128.00000
1.05000,0.00000,-0.86000,-2.02000,0.00000,-1.48000,-1.81000,-14184.00000
1.05000,0.01000,-0.90000,-2.10000,0.00000,-0.92000,-1.41000,-22276.00000
1.05000,0.01000,-0.94000,-2.05000,0.00000,-0.27000,-1.04000,-30392.00000
1.05000,0.01000,-0.98000,-1.81000,0.00000,0.22000,-0.79000,27032.00000
1.05000,0.01000,-1.01000,-1.45000,0.00000,0.46000,-0.68000,18964.00000
1.04000,0.01000,-1.03000,-1.25000,0.00000,0.55000,-0.64000,10884.00000
1.04000,0.01000,-1.05000,-0.82000,0.00000,0.58000,-0.62000,2832.00000
1.04000,0.01000,-1.05000,-0.36000,0.00000,0.60000,-0.61000,-5180.00000
1.04000,0.01000,-1.05000,-0.01000,-0.01000,0.60000,-0.61000,-13116.00000
1.04000,0.01000,-1.05000,0.00000,0.00000,0.60000,-0.61000,-21120.00000
1.04000,0.01000,-1.05000,-0.03000,0.00000,0.60000,-0.61000,-28920.00000
1.04000,0.01000,-1.05000,-0.01000,0.00000,0.60000,-0.61000,28620.00000
1.04000,0.01000,-1.05000,0.00000,0.00000,0.60000,-0.61000,20644.00000
1.04000,0.01000,-1.05000,-0.01000,0.00000,0.60000,-0.61000,12836.00000
1.04000,0.01000,-1.05000,0.00000,0.00000,0.60000,-0.61000,4876.00000
1.04000,0.01000,-1.05000,-0.01000,0.00000,0.60000,-0.61000,-2908.00000
1.04000,0.01000,-1.05000,-0.01000,0.00000,0.60000,-0.61000,-10824.00000
1.04000,0.01000,-1.05000,-0.01000,0.00000,0.60000,-0.61000,-18792.00000
1.04000,0.01000,-1.05000,0.00000,0.00000,0.60000,-0.61000,-26776.00000
1.04000,0.01000,-1.05000,0.00000,0.00000,0.60000,-0.61000,30936.00000
1.04000,0.01000,-1.05000,0.00000,0.00000,0.60000,-0.61000,23136.00000
1.04000,0.01000,-1.05000,0.00000,0.00000,0.60000,-0.61000,15320.00000
1.04000,0.01000,-1.05000,0.00000,0.00000,0.60000,-0.61000,7500.00000
1.04000,0.01000,-1.05000,0.00000,0.00000,0.60000,-0.61000,-252.00000
1.04000,0.01000,-1.05000,0.00000,0.00000,0.60000,-0.61000,-7992.00000
1.04000,0.01000,-1.05000,0.00000,0.00000,0.60000,-0.61000,-15756.00000
1.04000,0.01000,-1.05000,0.00000,0.00000,0.60000,-0.61000,-23580.00000
1.04000,0.01000,-1.05000,0.00000,0.00000,0.60000,-0.61000,-31400.00000
1.04000,0.01000,-1.05000,0.00000,0.00000,0.60000,-0.61000,26324.00000
1.04000,0.01000,-1.05000,0.00000,0.00000,0.60000,-0.61000,18504.00000
1.04000,0.01000,-1.05000,0.00000,0.00000,0.60000,-0.61000,10704.00000
1.04000,0.01000,-1.05000,0.00000,0.00000,0.60000,-0.61000,2888.00000
1.04000,0.01000,-1.05000,0.00000,0.00000,0.60000,-0.61000,-4884.00000
1.04000,0.01000,-1.05000,0.00000,0.00000,0.60000,-0.61000,-12644.00000
1.04000,0.01000,-1.05000,0.00000,0.00000,0.60000,-0.61000,-20468.00000
1.04000,0.01000,-1.05000,0.00000,0.00000,0.60000,-0.61000,-28292.00000
1.04000,0.01000,-1.05000,0.00000,0.00000,0.60000,-0.61000,29444.00000
1.04000,0.01000,-1.05000,0.00000,0.00000,0.60000,-0.61000,21616.00000
1.04000,0.01000,-1.05000,0.00000,0.00000,0.60000,-0.61000,13816.00000
1.04000,0.01000,-1.05000,0.00000,0.00000,0.60000,-0.61000,6000.00000
1.04000,0.01000,-1.05000,0.00000,-0.01000,0.60000,-0.61000,-1768.00000
1.04000,0.01000,-1.05000,0.00000,0.00000,0.60000,-0.61000,-9692.00000
1.04000,0.01000,-1.05000,0.00000,0.00000,0.60000,-0.61000,-17456.00000
1.04000,0.01000,-1.05000,0.00000,0.00000,0.60000,-0.61000,-25272.00000
1.04000,0.01000,-1.05000,0.00000,0.00000,0.60000,-0.61000,32460.00000
1.04000,0.01000,-1.05000,0.00000,0.00000,0.60000,-0.61000,24640.00000
1.04000,0.01000,-1.05000,0.00000,0.00000,0.60000,-0.61000,16832.00000
1.04000,0.01000,-1.05000,0.00000,0.00000,0.60000,-0.61000,9020.00000
1.04000,0.01000,-1.05000,0.00000,0.00000,0.60000,-0.61000,1252.00000
1.04000,0.01000,-1.05000,0.00000,0.00000,0.60000,-0.61000,-6500.00000
1.04000,0.01000,-1.05000,0.00000,0.00000,0.60000,-0.61000,-14280.00000
1.04000,0.01000,-1.05000,0.00000,0.00000,0.60000,-0.61000,-22092.00000
1.04000,0.01000,-1.05000,0.00000,0.00000,0.60000,-0.61000,-29904.00000
1.04000,0.01000,-1.05000,0.00000,0.00000,0.60000,-0.61000,27812.00000
1.04000,0.01000,-1.05000,0.00000,0.00000,0.60000,-0.61000,20012.00000
1.04000,0.01000,-1.05000,0.00000,-0.01000,0.60000,-0.61000,12192.00000
1.04000,0.01000,-1.05000,0.00000,0.00000,0.60000,-0.61000,4224.00000
1.04000,0.01000,-1.05000,0.00000,-0.01000,0.60000,-0.61000,-3532.00000
1.04000,0.01000,-1.04000,0.00000,-0.88000,0.60000,-0.61000,-11436.00000
1.04000,0.01000,-1.02000,0.00000,-0.96000,0.59000,-0.62000,-19452.00000
1.04000,0.02000,-1.00000,0.00000,-0.99000,0.58000,-0.62000,-27500.00000
1.04000,0.02000,-0.98000,0.00000,-1.20000,0.56000,-0.63000,30008.00000
1.04000,0.02000,-0.95000,0.00000,-1.17000,0.52000,-0.65000,21960.00000
1.04000,0.02000,-0.93000,0.00000,-1.25000,0.46000,-0.68000,13896.00000
1.04000,0.02000,-0.91000,0.00000,-1.20000,0.35000,-0.73000,5876.00000
1.04000,0.02000,-0.89000,0.00000,-1.06000,0.19000,-0.81000,-2148.00000
1.04000,0.02000,-0.86000,0.00000,-1.12000,-0.01000,-0.90000,-10144.00000
1.04000,0.02000,-0.84000,0.00000,-0.98000,-0.26000,-1.03000,-18196.00000
1.04000,0.02000,-0.82000,0.00000,-1.09000,-0.51000,-1.17000,-26240.00000
1.03000,0.03000,-0.80000,0.00000,-1.13000,-0.81000,-1.34000,31248.00000
1.03000,0.03000,-0.78000,0.00000,-1.16000,-1.11000,-1.54000,23168.00000
1.03000,0.03000,-0.76000,0.00000,-1.25000,-1.39000,-1.74000,15096.00000
1.03000,0.03000,-0.73000,0.00000,-1.37000,-1.65000,-1.95000,7040.00000
1.03000,0.03000,-0.70000,0.00000,-1.44000,-1.88000,-2.13000,-1000.00000
1.03000,0.03000,-0.67000,0.00000,-1.59000,-2.07000,-2.29000,-9044.00000
1.03000,0.03000,-0.64000,0.00000,-1.74000,-2.22000,-2.39000,-17080.00000
1.03000,0.03000,-0.60000,-0.01000,-1.83000,-2.34000,-2.14000,-25180.00000
1.02000,0.03000,-0.56000,0.00000,-1.95000,-2.16000,-1.91000,32184.00000
1.02000,0.04000,-0.53000,0.00000,-1.94000,-1.86000,-1.54000,24096.00000
1.02000,0.04000,-0.49000,0.00000,-1.97000,-1.48000,-1.02000,15984.00000
1.02000,0.04000,-0.45000,0.00000,-1.78000,-1.11000,-0.40000,7908.00000
1.02000,0.04000,-0.42000,0.00000,-1.66000,-0.85000,0.09000,-152.00000
1.01000,0.04000,-0.39000,0.00000,-1.41000,-0.71000,0.38000,-8132.00000
1.01000,0.04000,-0.37000,0.00000,-1.16000,-0.65000,0.51000,-16136.00000
1.01000,0.04000,-0.36000,0.00000,-0.74000,-0.63000,0.57000,-24200.00000
1.01000,0.04000,-0.34000,0.00000,-0.66000,-0.62000,0.58000,-32232.00000
1.01000,0.04000,-0.34000,0.00000,-0.22000,-0.62000,0.59000,25260.00000
1.01000,0.04000,-0.34000,0.00000,0.00000,-0.61000,0.60000,17280.00000
1.01000,0.04000,-0.34000,0.00000,0.00000,-0.61000,0.60000,9480.00000
1.01000,0.04000,-0.34000,0.00000,0.00000,-0.61000,0.60000,1724.00000
1.01000,0.04000,-0.34000,0.00000,0.00000,-0.61000,0.60000,-6032.00000
1.01000,0.04000,-0.34000,0.00000,0.00000,-0.61000,0.60000,-13796.00000
1.01000,0.04000,-0.34000,0.00000,0.00000,-0.61000,0.60000,-21604.00000
1.01000,0.04000,-0.34000,0.00000,0.00000,-0.61000,0.60000,-29424.00000
1.01000,0.04000,-0.34000,-0.01000,0.00000,-0.61000,0.60000,28308.00000
1.01000,0.04000,-0.34000,0.00000,0.00000,-0.61000,0.60000,20340.00000
1.01000,0.04000,-0.34000,0.00000,0.00000,-0.61000,0.60000,12532.00000
1.01000,0.04000,-0.34000,0.00000,0.00000,-0.61000,0.60000,4736.00000
1.01000,0.04000,-0.34000,0.00000,0.00000,-0.61000,0.60000,-3024.00000
1.01000,0.04000,-0.34000,0.00000,0.00000,-0.61000,0.60000,-10784.00000
1.01000,0.04000,-0.34000,0.00000,0.00000,-0.61000,0.60000,-18592.00000
1.01000,0.04000,-0.34000,0.00000,0.00000,-0.61000,0.60000,-26412.00000
1.01000,0.04000,-0.34000,-0.01000,0.00000,-0.61000,0.60000,31320.00000
1.01000,0.04000,-0.34000,0.00000,-0.01000,-0.61000,0.60000,23356.00000
1.01000,0.04000,-0.34000,-0.14000,0.00000,-0.61000,0.60000,15400.00000
1.01000,0.04000,-0.34000,-0.03000,-0.01000,-0.61000,0.60000,7424.00000
1.01000,0.04000,-0.35000,-0.11000,0.00000,-0.61000,0.60000,-556.00000
1.01000,0.04000,-0.35000,0.00000,0.00000,-0.61000,0.60000,-8440.00000
1.01000,0.04000,-0.35000,-0.01000,0.00000,-0.61000,0.60000,-16212.00000
1.01000,0.04000,-0.35000,-0.11000,0.00000,-0.61000,0.59000,-24176.00000
1.01000,0.04000,-0.36000,-0.45000,0.00000,-0.62000,0.59000,-32172.00000
1.01000,0.04000,-0.37000,-0.82000,0.00000,-0.62000,0.59000,25352.00000
1.01000,0.04000,-0.39000,-0.86000,0.00000,-0.62000,0.58000,17324.00000
1.01000,0.04000,-0.41000,-1.07000,0.00000,-0.63000,0.56000,9308.00000
1.01000,0.04000,-0.43000,-1.02000,0.00000,-0.64000,0.53000,1312.00000
1.00000,0.04000,-0.45000,-1.00000,0.00000,-0.66000,0.49000,-6688.00000
1.00000,0.04000,-0.47000,-0.82000,0.00000,-0.70000,0.42000,-14640.00000
1.00000,0.04000,-0.48000,-0.92000,0.00000,-0.73000,0.35000,-22672.00000
1.00000,0.04000,-0.50000,-0.85000,0.00000,-0.78000,0.24000,-30676.00000
1.00000,0.05000,-0.52000,-0.93000,0.00000,-0.85000,0.11000,26816.00000
1.00000,0.05000,-0.53000,-0.89000,0.00000,-0.93000,-0.07000,18812.00000
1.00000,0.05000,-0.55000,-0.99000,0.00000,-1.04000,-0.27000,10776.00000
1.00000,0.05000,-0.57000,-0.93000,0.00000,-1.17000,-0.51000,2748.00000
1.00000,0.05000,-0.59000,-1.12000,0.00000,-1.31000,-0.75000,-5268.00000
1.00000,0.05000,-0.62000,-1.23000,0.00000,-1.49000,-1.04000,-13276.00000
0.99000,0.05000,-0.64000,-1.25000,0.00000,-1.70000,-1.33000,-21348.00000
0.99000,0.05000,-0.67000,-1.35000,0.00000,-1.90000,-1.60000,-29420.00000
0.99000,0.05000,-0.70000,-1.41000,0.00000,-2.09000,-1.83000,28040.00000
0.99000,0.05000,-0.72000,-1.45000,0.00000,-2.25000,-2.03000,19996.00000
0.99000,0.05000,-0.75000,-1.42000,0.00000,-2.36000,-2.18000,11904.00000
0.99000,0.05000,-0.78000,-1.52000,0.00000,-2.21000,-2.39000,3820.00000
0.99000,0.06000,-0.81000,-1.55000,0.00000,-2.07000,-2.28000,-4224.00000
0.99000,0.06000,-0.84000,-1.66000,-0.24000,-1.84000,-2.10000,-12236.00000
0.98000,0.06000,-0.85000,-1.64000,-0.88000,-1.55000,-1.87000,-20464.00000
0.98000,0.06000,-0.86000,-1.46000,-1.14000,-1.32000,-1.69000,-28676.00000
0.98000,0.07000,-0.86000,-1.66000,-1.48000,-1.16000,-1.57000,28668.00000
0.98000,0.07000,-0.87000,-1.66000,-1.36000,-0.99000,-1.46000,20448.00000
0.97000,0.07000,-0.87000,-1.66000,-1.45000,-0.77000,-1.32000,12192.00000
0.97000,0.07000,-0.88000,-1.62000,-1.31000,-0.54000,-1.19000,3964.00000
0.97000,0.08000,-0.89000,-1.69000,-1.20000,-0.28000,-1.04000,-4184.00000
0.97000,0.08000,-0.89000,-1.25000,-0.89000,-0.02000,-0.91000,-12340.00000
0.97000,0.08000,-0.90000,-1.23000,-0.99000,0.09000,-0.85000,-20544.00000
0.97000,0.08000,-0.90000,-0.86000,-0.75000,0.17000,-0.82000,-28644.00000
0.96000,0.08000,-0.90000,-0.96000,-0.88000,0.21000,-0.80000,28736.00000
0.96000,0.08000,-0.90000,-0.68000,-0.67000,0.25000,-0.78000,20624.00000
0.96000,0.09000,-0.90000,-0.72000,-0.68000,0.26000,-0.77000,12492.00000
0.96000,0.09000,-0.90000,-0.38000,-0.63000,0.29000,-0.76000,4348.00000
0.96000,0.09000,-0.89000,0.00000,-0.40000,0.26000,-0.77000,-3680.00000
0.96000,0.09000,-0.89000,0.00000,-0.22000,0.20000,-0.80000,-11612.00000
0.96000,0.09000,-0.89000,0.00000,0.00000,0.16000,-0.82000,-19588.00000
0.96000,0.09000,-0.89000,0.00000,0.00000,0.16000,-0.82000,-27412.00000
0.96000,0.09000,-0.89000,0.00000,0.00000,0.16000,-0.82000,30316.00000
0.96000,0.09000,-0.89000,0.00000,0.00000,0.16000,-0.82000,22508.00000
0.96000,0.09000,-0.89000,0.00000,-0.06000,0.16000,-0.82000,14708.00000
0.96000,0.09000,-0.88000,0.00000,-0.47000,0.15000,-0.82000,6712.00000
0.96000,0.09000,-0.86000,0.00000,-0.73000,0.07000,-0.87000,-1260.00000
0.96000,0.09000,-0.85000,0.00000,-0.81000,-0.09000,-0.94000,-9216.00000
0.96000,0.09000,-0.83000,0.00000,-0.93000,-0.28000,-1.04000,-17212.00000
0.96000,0.09000,-0.81000,0.00000,-0.99000,-0.53000,-1.18000,-25248.00000
0.96000,0.09000,-0.79000,0.00000,-1.13000,-0.81000,-1.34000,32224.00000
0.96000,0.09000,-0.77000,0.00000,-1.17000,-1.11000,-1.54000,24168.00000
0.95000,0.09000,-0.74000,-0.01000,-1.20000,-1.40000,-1.75000,16084.00000
0.95000,0.10000,-0.72000,-0.36000,-1.35000,-1.65000,-1.95000,7976.00000
0.95000,0.10000,-0.71000,-0.60000,-1.31000,-1.82000,-2.08000,-156.00000
0.95000,0.10000,-0.70000,-1.05000,-1.49000,-1.93000,-2.17000,-8220.00000
0.95000,0.10000,-0.69000,-1.24000,-1.73000,-1.98000,-2.22000,-16384.00000
0.94000,0.10000,-0.68000,-1.45000,-1.89000,-2.04000,-2.26000,-24624.00000
0.94000,0.11000,-0.67000,-1.45000,-1.99000,-2.09000,-2.30000,32672.00000
0.94000,0.11000,-0.66000,-1.57000,-2.13000,-2.14000,-2.34000,24432.00000
0.93000,0.11000,-0.65000,-1.60000,-2.20000,-2.18000,-2.37000,16140.00000
0.93000,0.11000,-0.64000,-1.74000,-2.26000,-2.23000,-2.40000,7928.00000
0.93000,0.12000,-0.63000,-1.81000,-2.35000,-2.40000,-2.23000,-308.00000
0.92000,0.12000,-0.62000,-1.98000,-2.48000,-2.37000,-2.19000,-8472.00000
0.92000,0.12000,-0.61000,-2.13000,-2.48000,-2.34000,-2.14000,-16760.00000
0.91000,0.13000,-0.61000,-2.19000,-2.45000,-2.31000,-2.10000,-25032.00000
0.91000,0.13000,-0.60000,-2.21000,-2.52000,-2.28000,-2.06000,32180.00000
0.90000,0.13000,-0.60000,-2.19000,-2.28000,-2.23000,-2.01000,23884.00000
0.90000,0.14000,-0.60000,-2.16000,-2.16000,-2.21000,-1.98000,15616.00000
0.89000,0.14000,-0.60000,-2.15000,-2.12000,-2.20000,-1.96000,7388.00000
0.89000,0.14000,-0.60000,-2.02000,-2.01000,-2.18000,-1.94000,-848.00000
0.89000,0.14000,-0.60000,-2.13000,-2.06000,-2.16000,-1.92000,-9032.00000
0.88000,0.15000,-0.60000,-2.12000,-2.03000,-2.15000,-1.91000,-17244.00000
0.88000,0.15000,-0.61000,-2.19000,-2.06000,-2.14000,-1.89000,-25528.00000
0.87000,0.15000,-0.61000,-2.16000,-2.08000,-2.13000,-1.87000,31712.00000
0.87000,0.16000,-0.61000,-2.13000,-2.01000,-2.11000,-1.85000,23440.00000
0.87000,0.16000,-0.61000,-2.20000,-2.08000,-2.09000,-1.83000,15152.00000
0.86000,0.16000,-0.62000,-2.12000,-1.96000,-2.06000,-1.80000,6916.00000
0.86000,0.16000,-0.62000,-2.03000,-2.02000,-2.04000,-1.77000,-1328.00000
0.85000,0.17000,-0.62000,-2.14000,-1.92000,-1.99000,-1.71000,-9556.00000
0.85000,0.17000,-0.62000,-1.89000,-2.03000,-1.96000,-1.66000,-17808.00000
0.85000,0.17000,-0.62000,-2.06000,-1.73000,-2.32000,-2.12000,-26100.00000
0.84000,0.18000,-0.62000,-1.98000,-2.02000,-2.34000,-2.15000,31152.00000
0.84000,0.18000,-0.62000,-2.03000,-1.94000,-2.34000,-2.14000,22916.00000
0.83000,0.18000,-0.63000,-2.19000,-2.02000,-2.34000,-2.15000,14668.00000
0.83000,0.18000,-0.63000,-2.19000,-2.09000,-2.35000,-2.16000,6412.00000
0.83000,0.19000,-0.63000,-2.27000,-2.16000,-2.36000,-2.16000,-1848.00000
0.82000,0.19000,-0.63000,-2.24000,-2.17000,-2.36000,-2.17000,-10076.00000
0.82000,0.19000,-0.64000,-2.15000,-2.06000,-2.36000,-2.18000,-18380.00000
0.81000,0.20000,-0.64000,-2.15000,-1.95000,-2.37000,-2.18000,-26644.00000
0.81000,0.20000,-0.64000,-2.13000,-1.98000,-2.38000,-2.19000,30592.00000
0.81000,0.20000,-0.64000,-2.08000,-1.94000,-2.38000,-2.20000,22328.00000
0.80000,0.21000,-0.65000,-2.17000,-1.98000,-2.39000,-2.21000,14096.00000
0.80000,0.21000,-0.65000,-2.17000,-1.99000,-2.40000,-2.23000,5812.00000
0.79000,0.21000,-0.66000,-2.31000,-2.05000,-2.41000,-2.24000,-2408.00000
0.79000,0.21000,-0.66000,-2.34000,-2.08000,-2.24000,-2.41000,-10616.00000
0.79000,0.22000,-0.67000,-2.48000,-2.13000,-2.22000,-2.39000,-18952.00000
0.78000,0.22000,-0.67000,-2.44000,-2.14000,-2.19000,-2.37000,-27240.00000
0.78000,0.22000,-0.68000,-2.35000,-2.24000,-2.16000,-2.35000,29976.00000
0.77000,0.23000,-0.68000,-2.30000,-2.30000,-2.14000,-2.34000,21688.00000
0.77000,0.23000,-0.68000,-2.30000,-2.33000,-2.14000,-2.34000,13460.00000
0.76000,0.23000,-0.68000,-2.24000,-2.28000,-2.13000,-2.33000,5128.00000
0.76000,0.24000,-0.68000,-2.33000,-2.33000,-2.13000,-2.33000,-3100.00000
0.76000,0.24000,-0.68000,-2.31000,-2.33000,-2.11000,-2.32000,-11344.00000
0.75000,0.25000,-0.67000,-2.33000,-2.37000,-2.10000,-2.31000,-19652.00000
0.75000,0.25000,-0.67000,-2.30000,-2.38000,-2.09000,-2.30000,-27956.00000
0.74000,0.25000,-0.67000,-2.28000,-2.40000,-2.08000,-2.29000,29284.00000
0.74000,0.26000,-0.67000,-2.19000,-2.37000,-2.07000,-2.29000,21020.00000
0.73000,0.26000,-0.66000,-2.17000,-2.31000,-2.07000,-2.28000,12712.00000
0.73000,0.26000,-0.66000,-2.08000,-2.12000,-1.75000,-2.03000,4452.00000
0.73000,0.27000,-0.66000,-2.12000,-2.15000,-1.74000,-2.02000,-3800.00000
0.72000,0.27000,-0.66000,-2.08000,-2.12000,-1.72000,-2.00000,-12032.00000
0.72000,0.27000,-0.66000,-2.08000,-2.15000,-1.71000,-1.99000,-20324.00000
0.71000,0.27000,-0.66000,-2.06000,-2.20000,-1.69000,-1.98000,-28580.00000
0.71000,0.28000,-0.66000,-2.05000,-2.20000,-1.69000,-1.98000,28664.00000
0.71000,0.28000,-0.65000,-2.03000,-2.14000,-1.69000,-1.98000,20420.00000
0.70000,0.28000,-0.65000,-2.12000,-2.10000,-1.69000,-1.97000,12116.00000
0.70000,0.29000,-0.65000,-1.89000,-2.03000,-1.65000,-1.95000,3856.00000
0.69000,0.29000,-0.65000,-1.84000,-2.09000,-1.65000,-1.94000,-4368.00000
0.69000,0.29000,-0.64000,-1.82000,-2.08000,-1.66000,-1.96000,-12596.00000
0.69000,0.29000,-0.63000,-1.70000,-2.08000,-1.68000,-1.97000,-20880.00000
0.68000,0.30000,-0.63000,-1.74000,-2.05000,-1.72000,-2.00000,-29132.00000
0.68000,0.30000,-0.62000,-1.71000,-2.10000,-1.75000,-2.02000,28132.00000
0.68000,0.30000,-0.61000,-1.77000,-2.14000,-1.79000,-2.05000,19884.00000
0.67000,0.31000,-0.61000,-1.87000,-2.12000,-1.82000,-2.08000,11592.00000
0.67000,0.31000,-0.60000,-1.83000,-2.26000,-1.84000,-2.10000,3296.00000
0.66000,0.31000,-0.59000,-1.95000,-2.20000,-1.88000,-2.13000,-4912.00000
0.66000,0.31000,-0.59000,-1.88000,-2.24000,-1.89000,-2.14000,-13160.00000
0.66000,0.32000,-0.58000,-1.89000,-2.20000,-1.92000,-2.16000,-21464.00000
0.65000,0.32000,-0.58000,-1.96000,-2.13000,-1.94000,-2.18000,-29736.00000
0.65000,0.32000,-0.58000,-1.92000,-2.09000,-1.93000,-2.18000,27524.00000
0.64000,0.32000,-0.57000,-1.91000,-2.08000,-1.93000,-2.17000,19264.00000
0.64000,0.33000,-0.57000,-1.84000,-1.92000,-1.92000,-2.17000,10968.00000
0.64000,0.33000,-0.57000,-1.88000,-2.06000,-1.90000,-2.15000,2744.00000
0.63000,0.33000,-0.56000,-1.77000,-1.88000,-1.89000,-2.14000,-5460.00000
0.63000,0.33000,-0.56000,-1.94000,-2.06000,-1.87000,-2.12000,-13688.00000
0.62000,0.34000,-0.56000,-1.95000,-2.01000,-1.84000,-2.10000,-21972.00000
0.62000,0.34000,-0.56000,-1.87000,-1.94000,-1.79000,-2.06000,-30216.00000
0.62000,0.34000,-0.56000,-1.92000,-1.99000,-2.02000,-2.24000,27004.00000
0.61000,0.34000,-0.56000,-2.02000,-2.02000,-2.02000,-2.24000,18784.00000
0.61000,0.35000,-0.56000,-2.02000,-2.12000,-2.01000,-2.24000,10564.00000
0.60000,0.35000,-0.55000,-1.89000,-2.10000,-2.01000,-2.24000,2288.00000
0.60000,0.35000,-0.55000,-1.89000,-2.15000,-2.03000,-2.25000,-5924.00000
0.60000,0.35000,-0.54000,-1.82000,-2.19000,-2.05000,-2.27000,-14120.00000
0.59000,0.36000,-0.53000,-1.95000,-2.27000,-2.08000,-2.30000,-22432.00000
0.59000,0.36000,-0.53000,-1.98000,-2.30000,-2.11000,-2.32000,-30720.00000
0.58000,0.36000,-0.52000,-2.01000,-2.30000,-2.14000,-2.34000,26532.00000
0.58000,0.36000,-0.52000,-2.10000,-2.37000,-2.16000,-2.35000,18272.00000
0.57000,0.37000,-0.51000,-2.20000,-2.41000,-2.18000,-2.37000,9928.00000
0.57000,0.37000,-0.51000,-2.09000,-2.27000,-2.19000,-2.38000,1680.00000
0.56000,0.37000,-0.51000,-2.12000,-2.26000,-2.21000,-2.39000,-6540.00000
0.56000,0.38000,-0.50000,-2.03000,-2.14000,-2.22000,-2.39000,-14752.00000
0.56000,0.38000,-0.50000,-2.10000,-2.16000,-2.22000,-2.40000,-23092.00000
0.55000,0.38000,-0.50000,-2.05000,-2.12000,-2.23000,-2.40000,-31364.00000
0.55000,0.38000,-0.50000,-2.02000,-2.10000,-2.23000,-2.40000,25908.00000
0.54000,0.38000,-0.50000,-2.05000,-2.16000,-2.23000,-2.40000,17692.00000
0.54000,0.39000,-0.50000,-2.15000,-2.17000,-2.24000,-2.41000,9396.00000
0.53000,0.39000,-0.50000,-2.17000,-2.24000,-2.24000,-2.41000,1156.00000
0.53000,0.39000,-0.49000,-2.24000,-2.34000,-2.25000,-2.41000,-7096.00000
0.52000,0.39000,-0.49000,-2.05000,-2.15000,-2.41000,-2.24000,-15332.00000
0.52000,0.40000,-0.49000,-2.28000,-2.41000,-2.40000,-2.24000,-23628.00000
0.51000,0.40000,-0.49000,-2.28000,-2.41000,-2.40000,-2.23000,-31896.00000
0.51000,0.40000,-0.48000,-2.19000,-2.35000,-2.39000,-2.21000,25356.00000
0.51000,0.41000,-0.48000,-2.27000,-2.49000,-2.38000,-2.20000,17076.00000
0.50000,0.41000,-0.48000,-2.23000,-2.49000,-2.41000,-2.24000,8760.00000
0.49000,0.41000,-0.47000,-2.28000,-2.51000,-2.39000,-2.22000,496.00000
0.49000,0.41000,-0.47000,-2.23000,-2.40000,-2.38000,-2.20000,-7684.00000
0.48000,0.42000,-0.46000,-2.41000,-2.56000,-2.37000,-2.18000,-15940.00000
0.48000,0.42000,-0.46000,-2.31000,-2.33000,-2.36000,-2.17000,-24232.00000
0.47000,0.42000,-0.46000,-2.30000,-2.28000,-2.35000,-2.16000,-32532.00000
0.47000,0.42000,-0.47000,-2.30000,-2.26000,-2.35000,-2.16000,24700.00000
0.47000,0.43000,-0.47000,-2.27000,-2.21000,-2.35000,-2.16000,16396.00000
0.46000,0.43000,-0.47000,-2.19000,-2.16000,-2.35000,-2.16000,8100.00000
0.46000,0.43000,-0.47000,-2.20000,-2.21000,-2.35000,-2.16000,-116.00000
0.45000,0.43000,-0.47000,-2.17000,-2.08000,-2.35000,-2.15000,-8304.00000
0.45000,0.43000,-0.47000,-2.33000,-2.17000,-2.35000,-2.16000,-16568.00000
0.44000,0.44000,-0.48000,-2.30000,-2.13000,-2.36000,-2.17000,-24892.00000
0.44000,0.44000,-0.48000,-2.33000,-2.12000,-2.37000,-2.18000,32384.00000
0.43000,0.44000,-0.48000,-2.31000,-2.31000,-2.38000,-2.19000,24128.00000
0.43000,0.44000,-0.48000,-2.48000,-2.26000,-2.37000,-2.19000,15856.00000
0.42000,0.45000,-0.49000,-2.48000,-2.38000,-2.38000,-2.20000,7536.00000
0.42000,0.45000,-0.49000,-2.23000,-2.23000,-2.39000,-2.21000,-700.00000
0.41000,0.45000,-0.48000,-2.35000,-2.48000,-2.38000,-2.20000,-8860.00000
0.41000,0.46000,-0.48000,-2.31000,-2.33000,-2.37000,-2.19000,-17096.00000
0.40000,0.46000,-0.48000,-2.40000,-2.40000,-2.37000,-2.18000,-25404.00000
0.40000,0.46000,-0.48000,-2.40000,-2.35000,-2.36000,-2.17000,31880.00000
0.39000,0.46000,-0.49000,-2.55000,-2.40000,-2.36000,-2.17000,23580.00000
0.39000,0.47000,-0.49000,-2.44000,-2.21000,-2.36000,-2.17000,15284.00000
0.38000,0.47000,-0.50000,-2.44000,-2.20000,-2.07000,-2.28000,6972.00000
0.38000,0.47000,-0.50000,-2.30000,-2.20000,-2.03000,-2.25000,-1196.00000
0.37000,0.47000,-0.50000,-2.16000,-2.09000,-2.01000,-2.23000,-9424.00000
0.37000,0.48000,-0.50000,-2.14000,-2.08000,-1.99000,-2.22000,-17656.00000
0.36000,0.48000,-0.50000,-2.12000,-2.05000,-1.97000,-2.20000,-25952.00000
0.36000,0.48000,-0.50000,-2.12000,-2.02000,-1.94000,-2.18000,31344.00000
0.36000,0.48000,-0.51000,-2.15000,-2.05000,-1.91000,-2.16000,23064.00000
0.35000,0.49000,-0.51000,-2.08000,-1.95000,-1.88000,-2.13000,14788.00000
0.35000,0.49000,-0.51000,-2.15000,-2.06000,-1.84000,-2.10000,6488.00000
0.34000,0.49000,-0.51000,-1.96000,-1.98000,-1.80000,-2.06000,-1700.00000
0.34000,0.49000,-0.51000,-2.09000,-2.20000,-1.77000,-2.04000,-9972.00000
0.33000,0.49000,-0.51000,-2.17000,-2.03000,-1.76000,-2.04000,-18208.00000
0.33000,0.50000,-0.51000,-2.05000,-2.17000,-1.70000,-1.99000,-26520.00000
0.33000,0.50000,-0.50000,-1.85000,-2.13000,-1.69000,-1.97000,30792.00000
0.32000,0.50000,-0.49000,-1.84000,-2.19000,-1.70000,-1.99000,22496.00000
0.32000,0.50000,-0.49000,-1.81000,-2.24000,-1.73000,-2.01000,14252.00000
0.31000,0.51000,-0.48000,-1.80000,-2.21000,-1.76000,-2.04000,5992.00000
0.31000,0.51000,-0.47000,-1.74000,-2.10000,-1.80000,-2.06000,-2216.00000
0.30000,0.51000,-0.46000,-1.87000,-2.22000,-1.82000,-2.08000,-10436.00000
0.30000,0.51000,-0.46000,-1.89000,-2.21000,-1.84000,-2.10000,-18672.00000
0.30000,0.52000,-0.45000,-1.95000,-2.13000,-1.86000,-2.11000,-26932.00000
0.29000,0.52000,-0.45000,-1.89000,-2.16000,-1.84000,-2.10000,30336.00000
0.29000,0.52000,-0.45000,-1.91000,-2.10000,-1.84000,-2.10000,22060.00000
0.28000,0.52000,-0.44000,-2.01000,-2.13000,-1.82000,-2.08000,13840.00000
0.28000,0.52000,-0.44000,-1.94000,-1.99000,-1.79000,-2.05000,5556.00000
0.27000,0.53000,-0.44000,-1.92000,-2.01000,-1.73000,-2.01000,-2656.00000
0.27000,0.53000,-0.44000,-1.88000,-1.94000,-1.93000,-2.17000,-10884.00000
0.27000,0.53000,-0.44000,-1.81000,-1.89000,-1.93000,-2.17000,-19148.00000
0.26000,0.53000,-0.44000,-1.91000,-1.99000,-1.93000,-2.17000,-27416.00000
0.26000,0.53000,-0.43000,-1.92000,-2.02000,-1.93000,-2.17000,29840.00000
0.25000,0.54000,-0.43000,-1.99000,-2.13000,-1.93000,-2.17000,21540.00000
0.25000,0.54000,-0.43000,-1.96000,-2.17000,-1.93000,-2.17000,13264.00000
0.24000,0.54000,-0.42000,-2.01000,-2.24000,-1.95000,-2.19000,5016.00000
0.24000,0.54000,-0.42000,-2.05000,-2.19000,-1.97000,-2.20000,-3184.00000
0.24000,0.54000,-0.42000,-1.98000,-2.16000,-1.97000,-2.20000,-11444.00000
0.23000,0.55000,-0.41000,-1.96000,-2.24000,-1.98000,-2.21000,-19732.00000
0.23000,0.55000,-0.41000,-1.91000,-2.26000,-2.00000,-2.23000,-27992.00000
0.22000,0.55000,-0.39000,-1.81000,-2.35000,-2.03000,-2.26000,29268.00000
0.22000,0.55000,-0.39000,-1.95000,-2.40000,-2.08000,-2.30000,20988.00000
0.21000,0.55000,-0.38000,-1.87000,-2.37000,-2.12000,-2.32000,12720.00000
0.21000,0.56000,-0.37000,-1.94000,-2.27000,-2.16000,-2.36000,4440.00000
0.20000,0.56000,-0.37000,-2.06000,-2.19000,-2.19000,-2.37000,-3796.00000
0.20000,0.56000,-0.37000,-2.08000,-2.15000,-2.20000,-2.38000,-12060.00000
0.19000,0.56000,-0.37000,-2.10000,-2.12000,-2.20000,-2.38000,-20336.00000
0.19000,0.56000,-0.36000,-2.03000,-2.13000,-2.20000,-2.38000,-28620.00000
0.18000,0.56000,-0.36000,-2.02000,-2.12000,-2.20000,-2.38000,28656.00000
0.18000,0.57000,-0.36000,-2.03000,-2.17000,-2.20000,-2.38000,20392.00000
0.17000,0.57000,-0.36000,-2.03000,-2.13000,-2.21000,-2.39000,12160.00000
0.17000,0.57000,-0.36000,-2.15000,-2.17000,-2.22000,-2.39000,3856.00000
0.17000,0.57000,-0.36000,-2.05000,-2.09000,-2.21000,-2.39000,-4380.00000
0.16000,0.57000,-0.35000,-2.12000,-2.20000,-2.21000,-2.39000,-12632.00000
0.16000,0.58000,-0.35000,-2.21000,-2.30000,-2.22000,-2.39000,-20896.00000
0.15000,0.58000,-0.35000,-2.21000,-2.37000,-2.25000,-2.41000,-29200.00000
0.14000,0.58000,-0.35000,-2.24000,-2.38000,-2.41000,-2.24000,28044.00000
0.14000,0.58000,-0.34000,-2.30000,-2.49000,-2.40000,-2.23000,19756.00000
0.13000,0.58000,-0.34000,-2.40000,-2.55000,-2.39000,-2.21000,11456.00000
0.13000,0.58000,-0.34000,-2.26000,-2.51000,-2.38000,-2.20000,3168.00000
0.12000,0.59000,-0.33000,-2.34000,-2.58000,-2.36000,-2.18000,-5052.00000
0.12000,0.59000,-0.32000,-2.08000,-2.44000,-2.35000,-2.15000,-13328.00000
0.11000,0.59000,-0.32000,-2.15000,-2.40000,-2.32000,-2.11000,-21608.00000
0.11000,0.59000,-0.32000,-2.19000,-2.28000,-2.29000,-2.07000,-29916.00000
0.10000,0.59000,-0.32000,-2.16000,-2.19000,-2.27000,-2.05000,27376.00000
0.10000,0.59000,-0.32000,-2.28000,-2.16000,-2.26000,-2.04000,19096.00000
0.09000,0.60000,-0.32000,-2.28000,-2.21000,-2.26000,-2.04000,10840.00000
0.09000,0.60000,-0.32000,-2.23000,-2.20000,-2.25000,-2.03000,2584.00000
0.08000,0.60000,-0.32000,-2.19000,-2.16000,-2.24000,-2.02000,-5640.00000
0.08000,0.60000,-0.32000,-2.17000,-2.06000,-2.23000,-2.01000,-13852.00000
0.07000,0.60000,-0.33000,-2.10000,-2.02000,-2.23000,-2.00000,-22116.00000
0.07000,0.60000,-0.33000,-2.06000,-1.99000,-2.22000,-1.99000,-30360.00000
0.06000,0.61000,-0.33000,-2.15000,-2.10000,-2.21000,-1.98000,26940.00000
0.06000,0.61000,-0.33000,-2.20000,-2.05000,-2.19000,-1.95000,18676.00000
0.05000,0.61000,-0.33000,-2.30000,-2.26000,-2.18000,-1.94000,10420.00000
0.05000,0.61000,-0.34000,-2.34000,-2.12000,-2.15000,-1.91000,2132.00000
0.04000,0.61000,-0.34000,-2.37000,-2.24000,-2.14000,-1.89000,-6100.00000
0.04000,0.62000,-0.34000,-2.37000,-2.15000,-2.11000,-1.85000,-14312.00000
0.03000,0.62000,-0.35000,-2.31000,-2.16000,0.57000,-0.55000,-22620.00000
0.03000,0.62000,-0.34000,-2.20000,-2.22000,0.57000,-0.56000,-30876.00000
0.02000,0.62000,-0.34000,-1.57000,-1.87000,0.57000,-0.55000,26404.00000
0.02000,0.62000,-0.33000,-1.24000,-1.70000,0.57000,-0.55000,18188.00000
0.02000,0.62000,-0.32000,-0.99000,-1.56000,0.56000,-0.54000,10004.00000
0.02000,0.62000,-0.31000,-0.78000,-1.14000,0.56000,-0.53000,1836.00000
0.02000,0.62000,-0.30000,-0.35000,-0.84000,0.56000,-0.51000,-6272.00000
0.01000,0.62000,-0.30000,-0.04000,-0.42000,0.56000,-0.50000,-14320.00000
0.01000,0.62000,-0.29000,-0.08000,-0.17000,0.57000,-0.48000,-22412.00000
0.01000,0.62000,-0.29000,-0.01000,0.00000,0.57000,-0.48000,-30460.00000
0.01000,0.62000,-0.29000,0.00000,0.00000,0.57000,-0.48000,27108.00000
0.01000,0.62000,-0.29000,0.00000,0.00000,0.57000,-0.48000,19308.00000
0.01000,0.62000,-0.29000,0.00000,0.00000,0.57000,-0.48000,11500.00000
0.01000,0.62000,-0.29000,0.00000,0.00000,0.57000,-0.48000,3696.00000
0.01000,0.62000,-0.29000,0.00000,0.00000,0.57000,-0.48000,-4060.00000
0.01000,0.62000,-0.29000,0.00000,0.00000,0.57000,-0.48000,-11824.00000
0.01000,0.62000,-0.29000,0.00000,0.00000,0.57000,-0.48000,-19632.00000
0.01000,0.62000,-0.29000,0.00000,0.00000,0.57000,-0.48000,-27452.00000
0.01000,0.62000,-0.29000,0.00000,0.00000,0.57000,-0.48000,30280.00000
0.01000,0.62000,-0.29000,0.00000,-0.17000,0.57000,-0.48000,22496.00000
0.01000,0.62000,-0.28000,0.00000,-0.59000,0.57000,-0.47000,14488.00000
0.01000,0.62000,-0.26000,0.00000,-0.91000,0.58000,-0.44000,6456.00000
0.01000,0.62000,-0.24000,0.00000,-1.03000,0.61000,-0.38000,-1500.00000
0.01000,0.62000,-0.22000,0.00000,-0.95000,0.66000,-0.28000,-9520.00000
0.01000,0.62000,-0.21000,0.00000,-0.93000,0.75000,-0.15000,-17500.00000
0.01000,0.63000,-0.19000,0.00000,-0.75000,0.86000,0.02000,-25516.00000
0.01000,0.63000,-0.18000,0.00000,-0.68000,0.97000,0.19000,31988.00000
0.01000,0.63000,-0.17000,0.00000,-0.61000,1.06000,0.38000,23980.00000
0.01000,0.63000,-0.16000,0.00000,-0.22000,1.16000,0.56000,15948.00000
0.01000,0.63000,-0.16000,0.00000,0.00000,1.20000,0.62000,7980.00000
0.01000,0.63000,-0.16000,0.00000,0.00000,1.20000,0.62000,212.00000
0.01000,0.63000,-0.16000,0.00000,0.00000,1.20000,0.62000,-7500.00000
0.01000,0.63000,-0.16000,0.00000,0.00000,1.20000,0.62000,-15260.00000
0.01000,0.63000,-0.16000,0.00000,0.00000,1.20000,0.62000,-23060.00000
0.01000,0.63000,-0.16000,0.00000,0.00000,1.20000,0.62000,-30864.00000
0.01000,0.63000,-0.16000,0.00000,0.00000,1.20000,0.62000,26860.00000
0.01000,0.63000,-0.16000,0.00000,0.00000,1.20000,0.62000,19064.00000
0.01000,0.63000,-0.16000,0.00000,0.00000,1.20000,0.62000,11252.00000
0.01000,0.63000,-0.16000,0.01000,0.00000,1.20000,0.62000,3456.00000
0.01000,0.63000,-0.16000,0.00000,0.00000,1.20000,0.63000,-4460.00000
0.01000,0.63000,-0.16000,0.00000,0.00000,1.20000,0.63000,-12224.00000
0.01000,0.63000,-0.16000,0.00000,0.00000,1.20000,0.63000,-20032.00000
0.01000,0.63000,-0.16000,0.00000,0.00000,1.20000,0.63000,-27840.00000
0.01000,0.63000,-0.16000,0.00000,0.00000,1.20000,0.63000,29880.00000
0.01000,0.63000,-0.16000,0.00000,0.00000,1.20000,0.63000,22088.00000
0.01000,0.63000,-0.16000,0.00000,0.00000,1.20000,0.63000,14280.00000
0.01000,0.63000,-0.16000,0.01000,0.00000,1.20000,0.63000,6472.00000
0.01000,0.63000,-0.16000,0.00000,0.00000,1.20000,0.63000,-1432.00000
0.01000,0.63000,-0.16000,0.00000,0.00000,1.20000,0.63000,-9188.00000
0.01000,0.63000,-0.16000,0.00000,0.00000,1.20000,0.63000,-16952.00000
0.01000,0.63000,-0.16000,0.00000,0.00000,1.20000,0.63000,-24764.00000
0.01000,0.63000,-0.16000,0.00000,0.00000,1.20000,0.63000,-32572.00000
0.01000,0.63000,-0.16000,0.00000,0.00000,1.20000,0.63000,25168.00000
0.01000,0.63000,-0.16000,0.00000,0.00000,1.20000,0.63000,17348.00000
0.01000,0.63000,-0.16000,0.00000,0.00000,1.20000,0.63000,9540.00000
0.01000,0.63000,-0.16000,0.00000,0.00000,1.20000,0.63000,1792.00000
0.01000,0.63000,-0.16000,0.01000,0.00000,1.20000,0.63000,-5972.00000
0.01000,0.63000,-0.16000,0.00000,0.00000,1.21000,0.63000,-13876.00000
0.01000,0.63000,-0.16000,0.25000,0.00000,1.21000,0.63000,-21660.00000
0.01000,0.63000,-0.15000,0.49000,0.00000,1.25000,0.71000,-29724.00000
0.01000,0.63000,-0.14000,0.26000,0.00000,1.33000,0.85000,27848.00000
0.01000,0.63000,-0.14000,0.18000,0.00000,1.38000,0.93000,19812.00000
0.01000,0.63000,-0.14000,0.00000,0.00000,1.41000,0.98000,11840.00000
0.01000,0.63000,-0.14000,0.00000,0.00000,1.41000,0.98000,4016.00000
0.01000,0.63000,-0.14000,0.01000,0.00000,1.41000,0.98000,-3756.00000
0.01000,0.63000,-0.13000,0.17000,0.00000,1.41000,0.99000,-11676.00000
0.01000,0.63000,-0.13000,0.42000,0.00000,1.44000,1.04000,-19644.00000
0.01000,0.62000,-0.11000,0.85000,0.00000,1.52000,1.15000,-27680.00000
0.01000,0.62000,-0.09000,1.18000,0.00000,1.68000,1.38000,29804.00000
0.01000,0.62000,-0.06000,1.49000,0.00000,1.88000,1.65000,21752.00000
0.01000,0.62000,-0.02000,1.70000,0.00000,2.09000,1.93000,13708.00000
0.02000,0.62000,0.01000,1.78000,0.00000,2.25000,2.17000,5644.00000
0.02000,0.62000,0.04000,1.83000,0.04000,2.32000,2.33000,-2364.00000
0.02000,0.62000,0.08000,1.81000,0.00000,2.14000,2.23000,-10472.00000
0.02000,0.62000,0.11000,1.80000,0.00000,1.86000,2.04000,-18548.00000
0.03000,0.63000,0.15000,1.87000,0.00000,1.49000,1.76000,-26612.00000
0.03000,0.63000,0.19000,1.90000,0.00000,1.00000,1.42000,30840.00000
0.03000,0.63000,0.22000,1.85000,0.00000,0.43000,1.09000,22772.00000
0.03000,0.63000,0.25000,1.58000,0.00000,-0.03000,0.83000,14732.00000
0.03000,0.63000,0.28000,1.31000,0.00000,-0.27000,0.67000,6676.00000
0.03000,0.63000,0.30000,0.91000,0.00000,-0.40000,0.60000,-1336.00000
0.04000,0.63000,0.31000,0.60000,0.00000,-0.45000,0.58000,-9292.00000
0.04000,0.63000,0.32000,0.50000,0.00000,-0.48000,0.57000,-17244.00000
0.04000,0.63000,0.32000,0.10000,0.00000,-0.50000,0.56000,-25248.00000
0.04000,0.63000,0.32000,0.00000,0.00000,-0.50000,0.56000,32332.00000
0.04000,0.63000,0.32000,0.00000,0.00000,-0.50000,0.56000,24528.00000
0.04000,0.63000,0.32000,0.01000,0.00000,-0.50000,0.56000,16724.00000
0.04000,0.63000,0.32000,0.00000,0.00000,-0.51000,0.56000,8776.00000
0.04000,0.63000,0.32000,0.00000,0.00000,-0.51000,0.56000,1020.00000
0.04000,0.63000,0.32000,0.00000,0.00000,-0.51000,0.56000,-6740.00000
0.04000,0.63000,0.32000,0.00000,0.00000,-0.51000,0.56000,-14508.00000
0.04000,0.63000,0.32000,0.00000,0.00000,-0.51000,0.56000,-22324.00000
0.04000,0.63000,0.32000,0.00000,0.00000,-0.51000,0.56000,-30132.00000
0.04000,0.63000,0.32000,0.00000,0.00000,-0.51000,0.56000,27584.00000
0.04000,0.63000,0.32000,0.00000,0.00000,-0.51000,0.56000,19772.00000
0.04000,0.63000,0.32000,0.00000,0.00000,-0.51000,0.56000,11968.00000
0.04000,0.63000,0.32000,0.00000,0.00000,-0.51000,0.56000,4164.00000
0.04000,0.63000,0.32000,0.00000,0.00000,-0.51000,0.56000,-3600.00000
0.04000,0.63000,0.32000,0.00000,0.00000,-0.51000,0.56000,-11364.00000
0.04000,0.63000,0.32000,0.00000,0.00000,-0.51000,0.56000,-19176.00000
0.04000,0.63000,0.32000,0.00000,0.01000,-0.51000,0.56000,-26984.00000
0.04000,0.63000,0.32000,0.00000,0.00000,-0.50000,0.56000,30576.00000
0.04000,0.63000,0.32000,0.00000,0.00000,-0.50000,0.56000,22772.00000
0.04000,0.63000,0.32000,0.00000,0.00000,-0.50000,0.56000,14976.00000
0.04000,0.63000,0.32000,0.00000,0.00000,-0.50000,0.56000,7180.00000
0.04000,0.63000,0.32000,0.00000,0.00000,-0.50000,0.56000,-572.00000
0.04000,0.63000,0.32000,0.00000,0.00000,-0.50000,0.56000,-8284.00000
0.04000,0.63000,0.32000,0.00000,0.00000,-0.50000,0.56000,-16048.00000
0.04000,0.63000,0.32000,0.00000,0.01000,-0.50000,0.56000,-23844.00000
0.04000,0.63000,0.31000,0.00000,0.35000,-0.50000,0.56000,-31776.00000
0.04000,0.63000,0.30000,0.00000,0.60000,-0.49000,0.56000,25708.00000
0.04000,0.63000,0.30000,0.00000,0.22000,-0.47000,0.57000,17712.00000
0.04000,0.63000,0.30000,0.00000,0.00000,-0.46000,0.57000,9756.00000
0.04000,0.63000,0.30000,0.00000,0.00000,-0.46000,0.57000,1996.00000
0.04000,0.63000,0.30000,0.00000,0.00000,-0.46000,0.57000,-5764.00000
0.04000,0.63000,0.30000,0.00000,0.00000,-0.46000,0.57000,-13516.00000
0.04000,0.63000,0.30000,0.00000,0.00000,-0.46000,0.57000,-21324.00000
0.04000,0.63000,0.30000,0.00000,0.00000,-0.46000,0.57000,-29124.00000
0.04000,0.63000,0.30000,0.00000,0.00000,-0.46000,0.57000,28612.00000
0.04000,0.63000,0.30000,0.00000,0.00000,-0.46000,0.57000,20808.00000
0.04000,0.63000,0.30000,0.00000,0.00000,-0.46000,0.57000,13020.00000
0.04000,0.63000,0.30000,0.00000,0.00000,-0.46000,0.57000,5204.00000
0.04000,0.63000,0.30000,0.00000,0.00000,-0.46000,0.57000,-2536.00000
0.04000,0.63000,0.30000,0.00000,0.00000,-0.46000,0.57000,-10304.00000
0.04000,0.63000,0.30000,0.00000,0.00000,-0.46000,0.57000,-18112.00000
0.04000,0.63000,0.30000,0.00000,0.00000,-0.46000,0.57000,-25912.00000
0.04000,0.63000,0.30000,0.00000,0.00000,-0.46000,0.57000,31808.00000
0.04000,0.63000,0.30000,0.00000,0.01000,-0.46000,0.57000,24012.00000
0.04000,0.63000,0.30000,0.00000,0.00000,-0.46000,0.57000,16072.00000
0.04000,0.63000,0.30000,0.00000,0.00000,-0.46000,0.57000,8264.00000
0.04000,0.63000,0.29000,0.00000,0.14000,-0.46000,0.57000,512.00000
0.04000,0.63000,0.29000,0.00000,0.15000,-0.45000,0.58000,-7352.00000
0.04000,0.63000,0.29000,0.00000,0.00000,-0.44000,0.58000,-15280.00000
0.04000,0.63000,0.29000,0.00000,0.11000,-0.44000,0.58000,-23068.00000
0.04000,0.63000,0.28000,0.00000,0.49000,-0.43000,0.58000,-31052.00000
0.04000,0.63000,0.26000,0.00000,1.02000,-0.40000,0.60000,26484.00000
0.04000,0.63000,0.24000,0.00000,1.20000,-0.32000,0.64000,18492.00000
0.04000,0.63000,0.21000,0.00000,1.48000,-0.17000,0.73000,10420.00000
0.04000,0.63000,0.18000,0.00000,1.64000,0.10000,0.92000,2376.00000
0.05000,0.63000,0.14000,0.00000,1.71000,0.54000,1.15000,-5636.00000
0.05000,0.63000,0.11000,0.00000,1.80000,1.04000,1.45000,-13632.00000
0.05000,0.63000,0.07000,0.00000,1.87000,1.51000,1.77000,-21704.00000
0.05000,0.63000,0.04000,0.00000,1.87000,1.88000,2.06000,-29784.00000
0.06000,0.63000,-0.00000,0.00000,1.85000,2.16000,2.24000,27672.00000
0.06000,0.63000,-0.04000,0.00000,1.90000,2.33000,2.32000,19612.00000
0.06000,0.63000,-0.08000,0.00000,1.95000,2.23000,2.13000,11528.00000
0.06000,0.63000,-0.11000,0.00000,2.02000,2.01000,1.82000,3448.00000
0.06000,0.63000,-0.15000,0.01000,2.01000,1.68000,1.39000,-4592.00000
0.07000,0.63000,-0.19000,0.04000,1.98000,1.31000,0.83000,-12684.00000
0.07000,0.63000,-0.22000,0.50000,1.90000,1.00000,0.25000,-20848.00000
0.07000,0.63000,-0.24000,0.67000,1.64000,0.81000,-0.06000,-29012.00000
0.08000,0.63000,-0.25000,0.71000,1.46000,0.70000,-0.22000,28392.00000
0.08000,0.63000,-0.26000,0.67000,1.21000,0.64000,-0.31000,20224.00000
0.08000,0.63000,-0.27000,0.56000,0.96000,0.61000,-0.37000,12104.00000
0.08000,0.63000,-0.27000,0.49000,0.64000,0.60000,-0.40000,3968.00000
0.08000,0.63000,-0.27000,0.08000,0.00000,0.59000,-0.41000,-4064.00000
0.08000,0.63000,-0.27000,0.00000,0.00000,0.59000,-0.41000,-11988.00000
0.08000,0.63000,-0.27000,0.00000,0.01000,0.59000,-0.41000,-19804.00000
0.08000,0.63000,-0.27000,0.00000,0.00000,0.59000,-0.41000,-27776.00000
0.08000,0.63000,-0.27000,0.00000,0.00000,0.59000,-0.41000,29936.00000
0.08000,0.63000,-0.27000,0.00000,0.00000,0.59000,-0.41000,22140.00000
0.08000,0.63000,-0.27000,0.00000,0.00000,0.59000,-0.41000,14312.00000
0.08000,0.63000,-0.27000,0.00000,0.00000,0.59000,-0.41000,6500.00000
0.08000,0.63000,-0.27000,0.00000,0.00000,0.59000,-0.41000,-1256.00000
0.08000,0.63000,-0.27000,0.00000,0.00000,0.59000,-0.41000,-9036.00000
0.08000,0.63000,-0.27000,0.00000,0.00000,0.59000,-0.41000,-16808.00000
0.08000,0.63000,-0.27000,0.00000,0.00000,0.59000,-0.41000,-24624.00000
0.08000,0.63000,-0.27000,0.00000,0.00000,0.59000,-0.41000,-32440.00000
0.08000,0.63000,-0.27000,0.00000,0.00000,0.59000,-0.41000,25288.00000
0.08000,0.63000,-0.27000,0.00000,0.00000,0.59000,-0.41000,17460.00000
0.08000,0.63000,-0.27000,0.00000,0.00000,0.59000,-0.41000,9652.00000
0.08000,0.63000,-0.27000,0.00000,0.00000,0.59000,-0.41000,1892.00000
0.08000,0.63000,-0.27000,0.00000,0.00000,0.59000,-0.41000,-5880.00000
0.08000,0.63000,-0.27000,0.00000,0.00000,0.59000,-0.41000,-13644.00000
0.08000,0.63000,-0.27000,0.00000,0.00000,0.59000,-0.41000,-21460.00000
0.08000,0.63000,-0.27000,0.00000,0.00000,0.59000,-0.41000,-29280.00000
0.08000,0.63000,-0.27000,0.00000,0.00000,0.59000,-0.41000,28452.00000
0.08000,0.63000,-0.27000,0.00000,0.00000,0.59000,-0.41000,20636.00000
0.08000,0.63000,-0.27000,0.00000,0.00000,0.59000,-0.41000,12836.00000
0.08000,0.63000,-0.27000,0.00000,0.00000,0.59000,-0.41000,5008.00000
0.08000,0.63000,-0.27000,0.00000,0.00000,0.59000,-0.41000,-2756.00000
0.08000,0.63000,-0.27000,0.00000,0.00000,0.59000,-0.41000,-10524.00000
0.08000,0.63000,-0.27000,0.00000,0.00000,0.59000,-0.41000,-18348.00000
0.08000,0.63000,-0.27000,0.00000,0.00000,0.59000,-0.41000,-26164.00000
0.08000,0.63000,-0.27000,0.00000,0.00000,0.59000,-0.41000,31556.00000
0.08000,0.63000,-0.27000,0.00000,0.00000,0.59000,-0.41000,23740.00000
0.08000,0.63000,-0.27000,0.00000,0.00000,0.59000,-0.41000,15932.00000
0.08000,0.63000,-0.27000,0.00000,0.00000,0.59000,-0.41000,8112.00000
0.08000,0.63000,-0.27000,0.00000,0.00000,0.59000,-0.41000,340.00000
0.08000,0.63000,-0.27000,0.00000,0.00000,0.59000,-0.41000,-7384.00000
0.08000,0.63000,-0.27000,0.00000,0.00000,0.59000,-0.41000,-15156.00000
0.08000,0.63000,-0.27000,0.00000,0.00000,0.59000,-0.41000,-22972.00000
0.08000,0.63000,-0.27000,0.00000,0.00000,0.59000,-0.41000,-30788.00000
0.08000,0.63000,-0.27000,0.00000,0.00000,0.59000,-0.41000,26928.00000
0.08000,0.63000,-0.27000,0.00000,0.00000,0.59000,-0.41000,19128.00000
0.08000,0.63000,-0.27000,0.00000,0.00000,0.59000,-0.41000,11304.00000
0.08000,0.63000,-0.27000,0.00000,0.00000,0.59000,-0.41000,3492.00000
0.08000,0.63000,-0.27000,0.00000,0.00000,0.59000,-0.41000,-4268.00000
0.08000,0.63000,-0.27000,0.00000,0.00000,0.59000,-0.41000,-12044.00000
0.08000,0.63000,-0.27000,0.00000,0.00000,0.59000,-0.41000,-19860.00000
0.08000,0.63000,-0.27000,0.00000,0.00000,0.59000,-0.41000,-27676.00000
0.08000,0.63000,-0.27000,0.00000,0.00000,0.59000,-0.41000,30040.00000
0.08000,0.63000,-0.27000,0.00000,0.00000,0.59000,-0.41000,22240.00000
0.08000,0.63000,-0.27000,0.00000,0.00000,0.59000,-0.41000,14412.00000
0.08000,0.63000,-0.27000,0.00000,0.00000,0.59000,-0.41000,6604.00000
0.08000,0.63000,-0.27000,0.00000,0.00000,0.59000,-0.41000,-1152.00000
0.08000,0.63000,-0.27000,0.00000,0.00000,0.59000,-0.41000,-8928.00000
0.08000,0.63000,-0.27000,0.00000,0.00000,0.59000,-0.41000,-16700.00000
0.08000,0.63000,-0.27000,0.00000,0.00000,0.59000,-0.41000,-24512.00000
0.08000,0.63000,-0.27000,0.00000,0.00000,0.59000,-0.41000,-32328.00000
0.08000,0.63000,-0.27000,0.00000,0.00000,0.59000,-0.41000,25392.00000
0.08000,0.63000,-0.27000,0.00000,0.00000,0.59000,-0.41000,17580.00000
0.08000,0.63000,-0.27000,0.00000,0.00000,0.59000,-0.41000,9776.00000
0.08000,0.63000,-0.27000,0.00000,0.00000,0.59000,-0.41000,2004.00000
0.08000,0.63000,-0.25000,1.09000,0.00000,0.59000,-0.41000,-5712.00000
0.08000,0.63000,-0.21000,2.01000,0.01000,0.64000,-0.31000,-13732.00000
0.09000,0.63000,-0.16000,2.51000,0.00000,0.82000,-0.03000,-21876.00000
0.09000,0.62000,-0.11000,2.76000,0.00000,1.18000,0.59000,-29984.00000
0.09000,0.62000,-0.06000,2.77000,0.00000,1.67000,1.37000,27424.00000
0.10000,0.62000,-0.00000,2.83000,0.00000,2.10000,1.94000,19308.00000
0.10000,0.62000,0.05000,2.83000,0.00000,2.32000,2.29000,11208.00000
0.10000,0.62000,0.11000,2.80000,0.00000,2.08000,2.19000,3056.00000
0.11000,0.62000,0.16000,2.81000,0.00000,1.58000,1.83000,-5004.00000
0.11000,0.63000,0.22000,2.87000,0.00000,0.82000,1.31000,-13092.00000
0.11000,0.63000,0.27000,2.54000,0.00000,0.03000,0.87000,-21228.00000
0.12000,0.63000,0.31000,2.24000,0.00000,-0.34000,0.63000,-29332.00000
0.12000,0.63000,0.35000,1.81000,0.00000,-0.49000,0.57000,28116.00000
0.12000,0.63000,0.37000,1.46000,0.00000,-0.54000,0.56000,20020.00000
0.12000,0.63000,0.40000,1.18000,0.00000,-0.56000,0.57000,11972.00000
0.12000,0.63000,0.41000,0.79000,0.00000,-0.57000,0.58000,3932.00000
0.12000,0.63000,0.43000,0.64000,0.00000,-0.58000,0.58000,-4044.00000
0.12000,0.63000,0.43000,0.24000,0.00000,-0.58000,0.58000,-12044.00000
0.12000,0.63000,0.43000,0.00000,0.00000,-0.58000,0.58000,-20020.00000
0.12000,0.63000,0.43000,0.01000,0.00000,-0.58000,0.58000,-27840.00000
0.12000,0.63000,0.43000,0.00000,0.01000,-0.58000,0.58000,29728.00000
0.12000,0.63000,0.43000,0.00000,0.00000,-0.58000,0.58000,21756.00000
0.12000,0.63000,0.43000,0.00000,0.00000,-0.58000,0.58000,13944.00000
0.12000,0.63000,0.43000,0.00000,0.00000,-0.58000,0.58000,6140.00000
0.12000,0.63000,0.43000,0.00000,0.00000,-0.58000,0.58000,-1628.00000
0.12000,0.63000,0.43000,0.00000,0.00000,-0.58000,0.58000,-9400.00000
0.12000,0.63000,0.43000,0.00000,0.00000,-0.58000,0.58000,-17168.00000
0.12000,0.63000,0.43000,0.00000,0.00000,-0.58000,0.58000,-24976.00000
0.12000,0.63000,0.43000,0.00000,0.00000,-0.58000,0.58000,32744.00000
0.12000,0.63000,0.43000,0.00000,0.00000,-0.58000,0.58000,24928.00000
0.12000,0.63000,0.43000,0.00000,0.00000,-0.58000,0.58000,17128.00000
0.12000,0.63000,0.43000,0.00000,0.00000,-0.58000,0.58000,9304.00000
0.12000,0.63000,0.43000,0.00000,0.00000,-0.58000,0.58000,1536.00000
0.12000,0.63000,0.43000,0.00000,0.01000,-0.58000,0.58000,-6228.00000
0.12000,0.63000,0.43000,0.00000,0.00000,-0.58000,0.58000,-14148.00000
0.12000,0.63000,0.43000,0.00000,0.01000,-0.58000,0.58000,-21964.00000
0.12000,0.63000,0.42000,0.00000,0.59000,-0.58000,0.58000,-29928.00000
0.12000,0.63000,0.41000,0.00000,0.67000,-0.58000,0.58000,27620.00000
0.12000,0.63000,0.40000,0.01000,0.40000,-0.57000,0.58000,19624.00000
0.12000,0.63000,0.40000,0.04000,0.13000,-0.57000,0.58000,11584.00000
0.12000,0.63000,0.39000,0.00000,0.14000,-0.57000,0.58000,3572.00000
0.12000,0.63000,0.39000,0.00000,0.00000,-0.57000,0.57000,-4364.00000
0.12000,0.63000,0.39000,0.00000,0.13000,-0.57000,0.57000,-12136.00000
0.12000,0.63000,0.39000,0.00000,0.00000,-0.57000,0.57000,-20128.00000
0.12000,0.63000,0.39000,0.00000,0.00000,-0.57000,0.57000,-27936.00000
0.12000,0.63000,0.39000,0.00000,0.00000,-0.57000,0.57000,29772.00000
0.12000,0.63000,0.39000,0.00000,0.00000,-0.57000,0.57000,21960.00000
0.12000,0.63000,0.39000,0.00000,0.00000,-0.57000,0.57000,14144.00000
0.12000,0.63000,0.39000,0.00000,0.00000,-0.57000,0.57000,6332.00000
0.12000,0.63000,0.39000,0.00000,0.00000,-0.57000,0.57000,-1436.00000
0.12000,0.63000,0.39000,0.00000,0.00000,-0.57000,0.57000,-9208.00000
0.12000,0.63000,0.39000,0.00000,0.00000,-0.57000,0.57000,-16980.00000
0.12000,0.63000,0.39000,0.00000,0.00000,-0.57000,0.57000,-24788.00000
0.12000,0.63000,0.39000,0.00000,0.01000,-0.57000,0.57000,-32620.00000
0.12000,0.63000,0.39000,0.00000,0.00000,-0.57000,0.57000,24936.00000
0.12000,0.63000,0.39000,0.00000,0.00000,-0.57000,0.57000,17116.00000
0.13000,0.63000,0.39000,0.00000,0.20000,-0.57000,0.57000,9320.00000
0.13000,0.63000,0.37000,0.00000,0.79000,-0.57000,0.57000,1392.00000
0.13000,0.63000,0.35000,0.00000,1.16000,-0.56000,0.57000,-6600.00000
0.13000,0.63000,0.32000,0.00000,1.44000,-0.55000,0.56000,-14608.00000
0.13000,0.63000,0.29000,0.00000,1.49000,-0.51000,0.56000,-22680.00000
0.13000,0.63000,0.26000,0.00000,1.44000,-0.46000,0.57000,-30748.00000
0.13000,0.63000,0.24000,0.00000,1.38000,-0.36000,0.62000,26712.00000
0.14000,0.63000,0.21000,0.00000,1.32000,-0.21000,0.71000,18652.00000
0.14000,0.63000,0.19000,0.00000,1.27000,0.01000,0.85000,10600.00000
0.14000,0.63000,0.17000,0.00000,1.13000,0.30000,1.03000,2576.00000
0.14000,0.63000,0.14000,0.00000,1.21000,0.62000,1.20000,-5432.00000
0.14000,0.63000,0.12000,0.00000,1.23000,0.98000,1.41000,-13444.00000
0.14000,0.63000,0.09000,0.00000,1.30000,1.32000,1.63000,-21476.00000
0.14000,0.63000,0.07000,0.00000,1.45000,1.62000,1.86000,-29532.00000
0.15000,0.63000,0.03000,0.00000,1.62000,1.90000,2.07000,27932.00000
0.15000,0.64000,0.00000,0.00000,1.66000,2.14000,2.23000,19880.00000
0.15000,0.64000,-0.03000,0.01000,1.66000,2.31000,2.32000,11816.00000
0.15000,0.63000,-0.06000,0.00000,1.69000,2.27000,2.20000,3656.00000
0.15000,0.63000,-0.10000,0.00000,1.74000,2.12000,1.97000,-4380.00000
0.16000,0.63000,-0.13000,0.00000,1.78000,1.88000,1.65000,-12436.00000
0.16000,0.63000,-0.16000,0.01000,1.77000,1.57000,1.22000,-20524.00000
0.16000,0.63000,-0.19000,0.52000,1.76000,1.25000,0.71000,-28676.00000
0.16000,0.63000,-0.21000,0.65000,1.57000,1.04000,0.34000,28712.00000
0.17000,0.63000,-0.22000,0.88000,1.49000,0.91000,0.09000,20532.00000
0.17000,0.63000,-0.23000,0.89000,1.37000,0.82000,-0.04000,12404.00000
0.17000,0.63000,-0.23000,0.99000,1.21000,0.76000,-0.12000,4228.00000
0.17000,0.63000,-0.24000,0.84000,1.10000,0.74000,-0.16000,-3884.00000
0.18000,0.63000,-0.24000,0.89000,0.98000,0.71000,-0.21000,-11988.00000
0.18000,0.63000,-0.24000,0.74000,0.92000,0.70000,-0.22000,-20124.00000
0.18000,0.63000,-0.24000,0.85000,0.74000,0.68000,-0.25000,-28272.00000
0.18000,0.63000,-0.24000,0.57000,0.70000,0.69000,-0.24000,29136.00000
0.18000,0.63000,-0.24000,0.74000,0.57000,0.68000,-0.26000,20996.00000
0.18000,0.63000,-0.24000,0.50000,0.39000,0.69000,-0.24000,12896.00000
0.18000,0.63000,-0.24000,0.29000,0.22000,0.70000,-0.23000,4836.00000
0.18000,0.63000,-0.24000,0.04000,0.20000,0.70000,-0.22000,-3220.00000
0.18000,0.63000,-0.24000,0.13000,0.00000,0.69000,-0.24000,-11208.00000
0.19000,0.63000,-0.23000,0.38000,0.00000,0.70000,-0.22000,-19184.00000
0.19000,0.63000,-0.22000,0.52000,0.00000,0.73000,-0.17000,-27176.00000
0.19000,0.63000,-0.22000,0.18000,0.00000,0.79000,-0.09000,30344.00000
0.19000,0.63000,-0.22000,0.01000,0.00000,0.81000,-0.06000,22340.00000
0.19000,0.63000,-0.22000,0.01000,0.00000,0.81000,-0.06000,14372.00000
0.19000,0.63000,-0.21000,0.06000,0.00000,0.81000,-0.05000,6404.00000
0.19000,0.63000,-0.21000,0.01000,0.00000,0.82000,-0.04000,-1496.00000
0.19000,0.63000,-0.21000,0.00000,0.00000,0.82000,-0.04000,-9420.00000
0.19000,0.63000,-0.21000,0.00000,0.00000,0.82000,-0.04000,-17188.00000
0.19000,0.63000,-0.21000,0.00000,0.00000,0.82000,-0.04000,-25004.00000
0.19000,0.63000,-0.21000,0.00000,0.00000,0.82000,-0.04000,32728.00000
0.19000,0.63000,-0.21000,0.00000,0.00000,0.82000,-0.04000,24920.00000
0.19000,0.63000,-0.21000,0.00000,0.00000,0.82000,-0.04000,17120.00000
0.19000,0.63000,-0.21000,0.00000,0.00000,0.82000,-0.04000,9304.00000
0.19000,0.63000,-0.21000,0.01000,0.00000,0.82000,-0.04000,1556.00000
0.19000,0.63000,-0.21000,0.00000,0.00000,0.82000,-0.04000,-6356.00000
0.19000,0.63000,-0.21000,0.15000,0.00000,0.82000,-0.04000,-14128.00000
0.19000,0.63000,-0.20000,0.56000,0.00000,0.84000,-0.01000,-22092.00000
0.19000,0.63000,-0.18000,1.05000,0.00000,0.92000,0.10000,-30080.00000
0.19000,0.63000,-0.15000,1.31000,0.00000,1.06000,0.37000,27400.00000
0.19000,0.63000,-0.12000,1.58000,0.00000,1.27000,0.75000,19340.00000
0.19000,0.63000,-0.09000,1.66000,0.00000,1.55000,1.20000,11276.00000
0.20000,0.63000,-0.06000,1.73000,0.00000,1.85000,1.61000,3220.00000
0.20000,0.63000,-0.02000,1.80000,0.00000,2.09000,1.93000,-4820.00000
0.20000,0.63000,0.01000,1.88000,0.00000,2.26000,2.18000,-12820.00000
0.20000,0.63000,0.05000,1.98000,0.00000,2.30000,2.32000,-20928.00000
0.21000,0.63000,0.08000,2.03000,0.78000,2.08000,2.20000,-28956.00000
0.21000,0.63000,0.10000,1.96000,0.72000,1.89000,2.06000,28388.00000
0.21000,0.63000,0.12000,1.99000,1.11000,1.65000,1.88000,20176.00000
0.22000,0.63000,0.13000,2.22000,1.49000,1.44000,1.73000,11940.00000
0.22000,0.63000,0.14000,2.13000,1.76000,1.25000,1.59000,3736.00000
0.23000,0.63000,0.14000,2.06000,1.80000,1.14000,1.51000,-4480.00000
0.23000,0.63000,0.15000,1.89000,1.81000,1.05000,1.45000,-12652.00000
0.24000,0.63000,0.15000,1.96000,1.84000,1.02000,1.43000,-20904.00000
0.24000,0.63000,0.15000,1.78000,1.78000,0.97000,1.40000,-29108.00000
0.24000,0.63000,0.15000,1.70000,1.76000,0.96000,1.39000,28248.00000
0.25000,0.63000,0.15000,1.67000,1.66000,0.96000,1.40000,20040.00000
0.25000,0.63000,0.15000,1.59000,1.63000,0.95000,1.39000,11808.00000
0.25000,0.63000,0.15000,1.60000,1.64000,0.95000,1.39000,3608.00000
0.26000,0.63000,0.15000,1.62000,1.60000,0.95000,1.39000,-4556.00000
0.26000,0.63000,0.15000,1.55000,1.55000,0.94000,1.38000,-12716.00000
0.27000,0.63000,0.14000,1.42000,1.46000,0.93000,1.38000,-20892.00000
0.27000,0.64000,0.14000,1.30000,1.41000,0.93000,1.38000,-29072.00000
0.27000,0.64000,0.14000,1.23000,1.34000,0.95000,1.39000,28276.00000
0.27000,0.64000,0.14000,1.09000,1.31000,0.98000,1.41000,20108.00000
0.28000,0.64000,0.13000,1.14000,1.32000,1.03000,1.44000,11912.00000
0.28000,0.64000,0.13000,1.17000,1.37000,1.08000,1.47000,3760.00000
0.28000,0.64000,0.12000,1.17000,1.41000,1.12000,1.50000,-4396.00000
0.29000,0.64000,0.12000,1.20000,1.52000,1.18000,1.54000,-12516.00000
0.29000,0.64000,0.11000,1.18000,1.48000,1.26000,1.59000,-20700.00000
0.29000,0.64000,0.11000,1.18000,1.55000,1.33000,1.64000,-28892.00000
0.30000,0.64000,0.10000,1.24000,1.56000,1.42000,1.71000,28436.00000
0.30000,0.64000,0.09000,1.25000,1.56000,1.49000,1.76000,20268.00000
0.30000,0.64000,0.09000,1.18000,1.52000,1.55000,1.81000,12064.00000
0.31000,0.64000,0.09000,0.89000,0.84000,1.62000,1.86000,3932.00000
0.31000,0.64000,0.10000,0.61000,0.08000,1.61000,1.85000,-4132.00000
0.31000,0.64000,0.11000,1.03000,0.38000,1.48000,1.76000,-12120.00000
0.31000,0.64000,0.11000,1.16000,1.14000,1.32000,1.63000,-20268.00000
0.31000,0.64000,0.12000,0.88000,0.54000,1.31000,1.63000,-28520.00000
0.31000,0.64000,0.12000,0.04000,0.00000,1.22000,1.56000,28944.00000
0.31000,0.64000,0.12000,0.00000,0.00000,1.20000,1.55000,20968.00000
0.31000,0.64000,0.12000,0.00000,0.01000,1.20000,1.55000,13156.00000
0.31000,0.64000,0.12000,0.00000,0.00000,1.21000,1.56000,5188.00000
0.31000,0.64000,0.12000,0.00000,0.00000,1.21000,1.56000,-2580.00000
0.31000,0.64000,0.12000,0.00000,0.00000,1.21000,1.56000,-10360.00000
0.31000,0.64000,0.12000,0.00000,0.00000,1.21000,1.56000,-18192.00000
0.31000,0.64000,0.12000,0.00000,0.01000,1.21000,1.56000,-26016.00000
0.31000,0.64000,0.12000,0.00000,0.06000,1.21000,1.56000,31556.00000
0.31000,0.64000,0.11000,0.04000,0.32000,1.23000,1.57000,23564.00000
0.31000,0.64000,0.11000,0.26000,0.36000,1.30000,1.62000,15496.00000
0.31000,0.64000,0.12000,0.78000,0.39000,1.32000,1.64000,7460.00000
0.32000,0.64000,0.14000,1.57000,0.45000,1.22000,1.56000,-636.00000
0.32000,0.64000,0.16000,1.62000,0.42000,0.89000,1.35000,-8716.00000
0.32000,0.64000,0.17000,1.16000,0.50000,0.52000,1.14000,-16836.00000
0.32000,0.64000,0.17000,0.21000,0.59000,0.33000,1.04000,-24960.00000
0.32000,0.64000,0.16000,0.00000,0.50000,0.43000,1.09000,32500.00000
0.32000,0.64000,0.15000,0.01000,0.46000,0.58000,1.17000,24524.00000
0.32000,0.64000,0.14000,0.26000,0.49000,0.71000,1.25000,16504.00000
0.33000,0.64000,0.14000,0.63000,0.70000,0.77000,1.28000,8424.00000
0.33000,0.64000,0.15000,1.17000,0.85000,0.79000,1.29000,328.00000
0.33000,0.64000,0.16000,1.46000,0.78000,0.68000,1.23000,-7708.00000
0.33000,0.64000,0.18000,1.46000,0.71000,0.47000,1.12000,-15816.00000
0.34000,0.64000,0.19000,1.21000,0.71000,0.25000,1.00000,-23980.00000
0.34000,0.64000,0.19000,0.98000,0.59000,0.12000,0.93000,-32116.00000
0.34000,0.64000,0.19000,0.47000,0.63000,0.03000,0.87000,25316.00000
0.34000,0.64000,0.19000,0.42000,0.63000,0.06000,0.88000,17228.00000
0.34000,0.65000,0.19000,0.71000,0.78000,0.10000,0.91000,9192.00000
0.34000,0.65000,0.17000,0.29000,1.26000,0.10000,0.92000,1016.00000
0.34000,0.65000,0.16000,0.00000,0.20000,0.35000,1.05000,-6996.00000
0.34000,0.65000,0.16000,0.00000,0.00000,0.40000,1.08000,-14916.00000
0.34000,0.65000,0.16000,0.00000,0.04000,0.40000,1.08000,-22696.00000
0.35000,0.65000,0.13000,1.53000,3.01000,0.41000,1.08000,-30612.00000
0.36000,0.65000,0.10000,2.67000,4.42000,0.83000,1.32000,26564.00000
0.36000,0.65000,0.07000,2.23000,3.75000,1.30000,1.62000,18232.00000
0.37000,0.65000,0.04000,1.94000,3.62000,1.64000,1.87000,10028.00000
0.38000,0.65000,0.00000,2.17000,3.90000,1.95000,2.10000,1708.00000
0.39000,0.65000,-0.03000,2.44000,4.01000,2.18000,2.26000,-6508.00000
0.39000,0.65000,-0.05000,2.62000,3.98000,2.33000,2.33000,-14816.00000
0.40000,0.65000,-0.08000,2.65000,3.87000,2.27000,2.20000,-23116.00000
0.41000,0.65000,-0.10000,2.65000,3.85000,2.17000,2.04000,-31420.00000
0.42000,0.65000,-0.12000,2.61000,3.73000,2.02000,1.84000,25816.00000
0.42000,0.65000,-0.14000,2.54000,3.62000,1.85000,1.61000,17496.00000
0.43000,0.65000,-0.16000,2.33000,3.44000,1.65000,1.34000,9204.00000
0.44000,0.64000,-0.18000,2.19000,3.25000,1.43000,1.01000,960.00000
0.44000,0.64000,-0.20000,2.09000,2.97000,1.23000,0.67000,-7220.00000
0.45000,0.64000,-0.22000,1.98000,2.80000,1.07000,0.39000,-15440.00000
0.45000,0.64000,-0.23000,1.82000,2.54000,0.95000,0.15000,-23676.00000
0.46000,0.64000,-0.24000,1.67000,2.27000,0.83000,-0.02000,-31916.00000
0.46000,0.64000,-0.25000,1.50000,1.89000,0.75000,-0.14000,25400.00000
0.47000,0.64000,-0.25000,1.37000,1.59000,0.71000,-0.21000,17184.00000
0.47000,0.64000,-0.26000,1.25000,1.35000,0.68000,-0.25000,8992.00000
0.47000,0.64000,-0.25000,1.18000,1.11000,0.67000,-0.27000,856.00000
0.47000,0.64000,-0.25000,1.14000,0.96000,0.67000,-0.27000,-7228.00000
0.48000,0.64000,-0.25000,1.10000,0.79000,0.68000,-0.25000,-15352.00000
0.48000,0.63000,-0.24000,1.02000,0.64000,0.70000,-0.22000,-23500.00000
0.48000,0.63000,-0.23000,0.98000,0.52000,0.73000,-0.17000,-31644.00000
0.48000,0.63000,-0.22000,0.98000,0.46000,0.78000,-0.10000,25760.00000
0.48000,0.63000,-0.21000,0.99000,0.42000,0.83000,-0.02000,17680.00000
0.49000,0.63000,-0.20000,0.96000,0.42000,0.91000,0.09000,9572.00000
0.49000,0.63000,-0.19000,0.98000,0.35000,0.98000,0.21000,1544.00000
0.49000,0.63000,-0.17000,1.02000,0.36000,1.07000,0.38000,-6536.00000
0.49000,0.63000,-0.16000,1.05000,0.40000,1.16000,0.56000,-14600.00000
0.49000,0.63000,-0.15000,1.10000,0.56000,1.27000,0.74000,-22708.00000
0.49000,0.63000,-0.14000,1.14000,0.66000,1.36000,0.90000,-30848.00000
0.50000,0.63000,-0.13000,1.18000,0.81000,1.44000,1.03000,26544.00000
0.50000,0.63000,-0.13000,1.24000,0.88000,1.50000,1.13000,18376.00000
0.50000,0.63000,-0.12000,1.32000,0.98000,1.57000,1.22000,10216.00000
0.50000,0.63000,-0.11000,1.39000,1.02000,1.62000,1.30000,2040.00000
0.51000,0.63000,-0.11000,1.44000,1.09000,1.69000,1.39000,-6076.00000
0.51000,0.63000,-0.10000,1.48000,1.13000,1.74000,1.47000,-14240.00000
0.51000,0.63000,-0.09000,1.53000,1.18000,1.80000,1.54000,-22424.00000
0.52000,0.63000,-0.09000,1.57000,1.27000,1.85000,1.61000,-30612.00000
0.52000,0.63000,-0.08000,1.60000,1.35000,1.90000,1.67000,26704.00000
0.52000,0.63000,-0.08000,1.64000,1.39000,1.93000,1.72000,18516.00000
0.53000,0.63000,-0.07000,1.71000,1.46000,1.96000,1.76000,10316.00000
0.53000,0.63000,-0.07000,1.77000,1.53000,1.99000,1.80000,2104.00000
0.54000,0.63000,-0.06000,1.81000,1.55000,2.02000,1.84000,-6060.00000
0.54000,0.63000,-0.06000,1.87000,1.57000,2.05000,1.88000,-14244.00000
0.54000,0.63000,-0.05000,1.89000,1.63000,2.09000,1.93000,-22468.00000
0.55000,0.63000,-0.05000,1.92000,1.67000,2.11000,1.96000,-30692.00000
0.55000,0.63000,-0.04000,1.94000,1.71000,2.14000,2.00000,26608.00000
0.56000,0.63000,-0.04000,1.95000,1.76000,2.16000,2.03000,18384.00000
0.56000,0.63000,-0.04000,1.96000,1.84000,2.18000,2.05000,10160.00000
0.57000,0.63000,-0.03000,1.98000,1.87000,2.19000,2.07000,1900.00000
0.57000,0.63000,-0.03000,2.03000,1.91000,2.20000,2.08000,-6280.00000
0.58000,0.63000,-0.03000,2.08000,1.94000,2.20000,2.09000,-14484.00000
0.58000,0.63000,-0.03000,2.08000,1.94000,2.21000,2.11000,-22696.00000
0.59000,0.63000,-0.02000,2.08000,1.95000,2.22000,2.12000,-30956.00000
0.59000,0.63000,-0.02000,2.10000,1.98000,2.23000,2.14000,26320.00000
0.60000,0.63000,-0.02000,2.09000,2.02000,2.24000,2.15000,18056.00000
0.60000,0.63000,-0.02000,2.13000,2.01000,2.24000,2.16000,9840.00000
0.61000,0.63000,-0.01000,2.15000,2.01000,2.25000,2.17000,1616.00000
0.61000,0.63000,-0.01000,2.14000,2.02000,2.26000,2.18000,-6560.00000
0.62000,0.63000,-0.01000,2.16000,2.06000,2.27000,2.19000,-14800.00000
0.62000,0.63000,-0.01000,2.19000,2.08000,2.27000,2.20000,-23060.00000
0.63000,0.62000,-0.01000,2.19000,2.08000,2.28000,2.21000,-31324.00000
0.63000,0.62000,-0.00000,2.20000,2.10000,2.28000,2.22000,25964.00000
0.64000,0.62000,-0.00000,2.19000,2.13000,2.29000,2.23000,17712.00000
0.64000,0.62000,0.00000,2.24000,2.12000,2.29000,2.24000,9472.00000
0.65000,0.62000,0.00000,2.26000,2.13000,2.30000,2.25000,1256.00000
0.65000,0.62000,0.00000,2.26000,2.16000,2.30000,2.26000,-6928.00000
0.66000,0.62000,0.01000,2.26000,2.15000,2.31000,2.27000,-15144.00000
0.66000,0.62000,0.01000,2.27000,2.16000,2.31000,2.28000,-23408.00000
0.67000,0.63000,0.01000,2.27000,2.17000,2.31000,2.29000,-31672.00000
0.67000,0.63000,0.01000,2.27000,2.19000,2.32000,2.30000,25580.00000
0.68000,0.63000,0.01000,2.27000,2.19000,2.32000,2.30000,17308.00000
0.68000,0.63000,0.02000,2.28000,2.21000,2.32000,2.31000,9080.00000
0.69000,0.63000,0.02000,2.28000,2.21000,2.32000,2.31000,836.00000
0.69000,0.63000,0.02000,2.30000,2.23000,2.33000,2.32000,-7316.00000
0.70000,0.63000,0.02000,2.30000,2.24000,2.33000,2.33000,-15572.00000
0.70000,0.63000,0.02000,2.30000,2.27000,2.33000,2.33000,-23796.00000
0.71000,0.63000,0.02000,2.28000,2.24000,2.33000,2.33000,-32076.00000
0.72000,0.63000,0.02000,2.28000,2.22000,2.32000,2.33000,25200.00000
0.72000,0.63000,0.02000,2.28000,2.24000,2.32000,2.33000,16944.00000
0.73000,0.63000,0.02000,2.30000,2.27000,2.31000,2.32000,8700.00000
0.73000,0.63000,0.02000,2.28000,2.28000,2.31000,2.32000,468.00000
0.74000,0.63000,0.02000,2.27000,2.27000,2.31000,2.32000,-7660.00000
0.74000,0.63000,0.02000,2.30000,2.30000,2.31000,2.32000,-15840.00000
0.75000,0.63000,0.02000,2.31000,2.31000,2.31000,2.32000,-24048.00000
0.75000,0.63000,0.02000,2.34000,2.30000,2.31000,2.32000,-32304.00000
0.76000,0.63000,0.02000,2.34000,2.28000,2.31000,2.32000,24972.00000
0.76000,0.63000,0.02000,2.28000,2.28000,2.30000,2.32000,16680.00000
0.77000,0.63000,0.03000,2.31000,2.30000,2.30000,2.32000,8496.00000
0.78000,0.63000,0.03000,2.30000,2.30000,2.30000,2.32000,260.00000
0.78000,0.63000,0.02000,2.30000,2.33000,2.30000,2.32000,-7840.00000
0.79000,0.63000,0.02000,2.28000,2.33000,2.30000,2.32000,-16084.00000
0.79000,0.63000,0.02000,2.30000,2.34000,2.30000,2.32000,-24344.00000
0.80000,0.63000,0.02000,2.30000,2.35000,2.31000,2.32000,-32608.00000
0.80000,0.63000,0.02000,2.28000,2.35000,2.31000,2.32000,24668.00000
0.81000,0.63000,0.02000,2.28000,2.34000,2.32000,2.33000,16420.00000
0.81000,0.63000,0.02000,2.28000,2.31000,2.32000,2.33000,8168.00000
0.82000,0.63000,0.02000,2.28000,2.34000,2.32000,2.33000,-64.00000
0.83000,0.63000,0.02000,2.31000,2.34000,2.33000,2.33000,-8164.00000
0.83000,0.63000,0.02000,2.31000,2.37000,2.33000,2.33000,-16412.00000
0.84000,0.63000,0.02000,2.33000,2.34000,2.33000,2.33000,-24676.00000
0.84000,0.63000,0.02000,2.33000,2.35000,2.33000,2.33000,32560.00000
0.85000,0.63000,0.02000,2.35000,2.33000,2.33000,2.32000,24304.00000
0.85000,0.63000,0.02000,2.35000,2.30000,2.33000,2.33000,16040.00000
0.86000,0.63000,0.02000,2.34000,2.31000,2.33000,2.33000,7816.00000
0.86000,0.63000,0.02000,2.33000,2.30000,2.33000,2.33000,-420.00000
0.87000,0.63000,0.02000,2.31000,2.27000,2.33000,2.33000,-8584.00000
0.88000,0.63000,0.02000,2.33000,2.28000,2.32000,2.33000,-16800.00000
0.88000,0.63000,0.02000,2.31000,2.31000,2.32000,2.33000,-25052.00000
0.89000,0.63000,0.02000,2.31000,2.31000,2.32000,2.33000,32236.00000
0.89000,0.63000,0.02000,2.33000,2.33000,2.32000,2.33000,24012.00000
0.90000,0.63000,0.02000,2.30000,2.31000,2.32000,2.33000,15796.00000
0.90000,0.63000,0.02000,2.28000,2.34000,2.32000,2.33000,7548.00000
0.91000,0.63000,0.02000,2.29000,2.33000,2.32000,2.33000,-696.00000
0.91000,0.63000,0.02000,2.31000,2.34000,2.33000,2.33000,-8848.00000
0.92000,0.63000,0.02000,2.31000,2.33000,2.33000,2.33000,-17092.00000
0.92000,0.63000,0.02000,2.33000,2.35000,2.33000,2.33000,-25348.00000
0.93000,0.63000,0.02000,2.33000,2.35000,2.33000,2.33000,31884.00000
0.94000,0.63000,0.02000,2.33000,2.35000,2.33000,2.33000,23620.00000
0.94000,0.63000,0.01000,2.31000,2.34000,2.33000,2.32000,15348.00000
0.95000,0.63000,0.01000,2.33000,2.35000,2.33000,2.32000,7092.00000
0.95000,0.63000,0.01000,2.34000,2.34000,2.33000,2.32000,-1124.00000
0.96000,0.63000,0.01000,2.35000,2.35000,2.33000,2.32000,-9300.00000
0.96000,0.63000,0.01000,2.35000,2.35000,2.33000,2.32000,-17500.00000
0.97000,0.63000,0.01000,2.33000,2.35000,2.33000,2.32000,-25712.00000
0.98000,0.63000,0.01000,2.30000,2.35000,2.32000,2.31000,31532.00000
0.98000,0.63000,0.01000,2.30000,2.35000,2.32000,2.31000,23284.00000
0.99000,0.63000,0.01000,2.30000,2.31000,2.32000,2.30000,15020.00000
0.99000,0.63000,0.01000,2.33000,2.31000,2.32000,2.30000,6792.00000
1.00000,0.63000,0.01000,2.31000,2.30000,2.32000,2.30000,-1444.00000
1.00000,0.63000,0.01000,2.33000,2.28000,2.32000,2.29000,-9640.00000
1.01000,0.63000,0.01000,2.30000,2.28000,2.32000,2.29000,-17864.00000
1.01000,0.63000,0.01000,2.31000,2.26000,0.58000,-0.58000,-26108.00000
1.02000,0.63000,0.01000,2.30000,2.26000,0.59000,-0.59000,31156.00000
1.02000,0.63000,0.02000,1.87000,1.64000,0.60000,-0.60000,22900.00000
1.03000,0.63000,0.03000,1.44000,0.93000,0.60000,-0.60000,14692.00000
1.03000,0.63000,0.04000,1.20000,0.43000,0.60000,-0.61000,6560.00000
1.03000,0.63000,0.06000,1.02000,0.11000,0.60000,-0.61000,-1504.00000
1.03000,0.63000,0.08000,1.03000,0.00000,0.60000,-0.61000,-9548.00000
1.03000,0.63000,0.10000,1.06000,0.00000,0.59000,-0.62000,-17536.00000
1.03000,0.63000,0.12000,1.03000,0.00000,0.56000,-0.63000,-25568.00000
1.03000,0.63000,0.14000,0.98000,0.00000,0.51000,-0.65000,31920.00000
1.04000,0.63000,0.16000,0.89000,0.00000,0.43000,-0.69000,23876.00000
1.04000,0.63000,0.17000,0.85000,0.00000,0.31000,-0.75000,15852.00000
1.04000,0.63000,0.19000,0.71000,0.00000,0.15000,-0.83000,7824.00000
1.04000,0.63000,0.20000,0.60000,0.00000,-0.02000,-0.91000,-136.00000
1.04000,0.63000,0.21000,0.47000,0.00000,-0.18000,-0.99000,-8032.00000
1.04000,0.63000,0.22000,0.36000,0.00000,-0.32000,-1.07000,-16020.00000
1.04000,0.63000,0.22000,0.13000,0.00000,-0.44000,-1.13000,-24024.00000
1.04000,0.63000,0.22000,0.00000,0.00000,-0.48000,-1.15000,-32008.00000
1.04000,0.63000,0.22000,0.00000,0.00000,-0.48000,-1.15000,25696.00000
1.04000,0.63000,0.22000,0.00000,0.00000,-0.48000,-1.15000,17880.00000
1.04000,0.63000,0.22000,0.00000,0.00000,-0.48000,-1.15000,10064.00000
1.04000,0.63000,0.22000,0.00000,0.00000,-0.48000,-1.15000,2240.00000
1.04000,0.63000,0.22000,0.00000,0.00000,-0.48000,-1.15000,-5528.00000
1.04000,0.63000,0.22000,0.00000,0.00000,-0.48000,-1.15000,-13320.00000
1.04000,0.63000,0.22000,0.00000,0.00000,-0.48000,-1.15000,-21144.00000
1.04000,0.63000,0.22000,0.00000,0.00000,-0.48000,-1.15000,-28964.00000
1.04000,0.63000,0.22000,0.00000,0.00000,-0.48000,-1.15000,28740.00000
1.04000,0.63000,0.22000,0.00000,0.00000,-0.48000,-1.15000,20924.00000
1.04000,0.63000,0.22000,0.00000,0.00000,-0.48000,-1.15000,13104.00000
1.04000,0.63000,0.22000,0.00000,0.00000,-0.48000,-1.15000,5284.00000
1.04000,0.63000,0.22000,0.00000,-0.01000,-0.48000,-1.15000,-2484.00000
1.04000,0.63000,0.22000,0.00000,0.00000,-0.48000,-1.15000,-10420.00000
1.04000,0.63000,0.22000,0.00000,0.00000,-0.48000,-1.15000,-18248.00000
1.04000,0.63000,0.22000,0.00000,0.00000,-0.48000,-1.15000,-26076.00000
1.04000,0.63000,0.22000,0.00000,0.00000,-0.48000,-1.15000,31640.00000
1.04000,0.63000,0.22000,0.00000,0.00000,-0.48000,-1.15000,23824.00000
1.04000,0.63000,0.22000,0.00000,0.00000,-0.48000,-1.15000,16012.00000
1.04000,0.63000,0.22000,0.00000,0.00000,-0.48000,-1.15000,8188.00000
1.04000,0.63000,0.22000,0.00000,0.00000,-0.48000,-1.15000,416.00000
1.04000,0.63000,0.22000,0.00000,0.00000,-0.48000,-1.15000,-7312.00000
1.04000,0.63000,0.22000,0.00000,0.00000,-0.48000,-1.15000,-15096.00000
1.04000,0.63000,0.22000,0.00000,0.00000,-0.48000,-1.15000,-22924.00000
1.04000,0.63000,0.22000,0.00000,0.00000,-0.48000,-1.15000,-30744.00000
1.04000,0.63000,0.22000,0.00000,0.00000,-0.48000,-1.15000,26968.00000
1.04000,0.63000,0.22000,0.00000,0.00000,-0.48000,-1.15000,19156.00000
1.04000,0.63000,0.22000,0.00000,0.00000,-0.48000,-1.15000,11332.00000
1.04000,0.63000,0.22000,0.00000,0.00000,-0.48000,-1.15000,3516.00000
1.04000,0.63000,0.22000,0.00000,0.00000,-0.48000,-1.15000,-4256.00000
1.04000,0.63000,0.22000,0.00000,-0.01000,-0.48000,-1.15000,-12044.00000
1.04000,0.63000,0.22000,0.00000,0.00000,-0.48000,-1.15000,-20020.00000
1.04000,0.63000,0.22000,0.00000,0.00000,-0.48000,-1.15000,-27844.00000
1.04000,0.63000,0.22000,0.00000,0.00000,-0.48000,-1.15000,29860.00000
1.04000,0.63000,0.22000,0.00000,0.00000,-0.48000,-1.15000,22052.00000
1.04000,0.63000,0.22000,0.00000,0.00000,-0.48000,-1.15000,14224.00000
1.04000,0.63000,0.22000,0.00000,0.00000,-0.48000,-1.15000,6404.00000
1.04000,0.63000,0.22000,0.00000,0.00000,-0.48000,-1.15000,-1372.00000
1.04000,0.63000,0.22000,0.00000,0.00000,-0.48000,-1.15000,-9144.00000
1.04000,0.63000,0.22000,0.00000,0.00000,-0.48000,-1.15000,-16924.00000
1.04000,0.63000,0.22000,0.00000,-0.01000,-0.48000,-1.15000,-24760.00000
1.04000,0.63000,0.22000,0.00000,0.00000,-0.49000,-1.16000,-32748.00000
1.04000,0.63000,0.22000,0.00000,0.00000,-0.49000,-1.16000,24956.00000
1.04000,0.63000,0.22000,0.00000,0.00000,-0.49000,-1.16000,17144.00000
1.04000,0.63000,0.22000,0.00000,0.00000,-0.49000,-1.16000,9316.00000
1.04000,0.63000,0.22000,0.00000,0.00000,-0.49000,-1.16000,1536.00000
1.04000,0.63000,0.23000,0.00000,-0.60000,-0.49000,-1.16000,-6188.00000
1.04000,0.63000,0.27000,0.00000,-1.80000,-0.65000,-1.25000,-14224.00000
1.03000,0.63000,0.31000,-0.04000,-2.30000,-1.12000,-1.54000,-22320.00000
1.03000,0.63000,0.36000,0.00000,-2.48000,-1.62000,-1.92000,-30536.00000
1.03000,0.63000,0.40000,0.00000,-2.42000,-2.01000,-2.24000,26860.00000
1.03000,0.63000,0.45000,0.00000,-2.30000,-2.24000,-2.41000,18736.00000
1.02000,0.63000,0.49000,0.00000,-2.29000,-2.26000,-2.04000,10624.00000
1.02000,0.63000,0.54000,0.00000,-2.30000,-1.96000,-1.67000,2496.00000
1.02000,0.62000,0.58000,0.00000,-2.16000,-1.52000,-1.09000,-5568.00000
1.02000,0.62000,0.62000,0.00000,-2.06000,-1.11000,-0.40000,-13628.00000
1.01000,0.62000,0.65000,0.00000,-1.70000,-0.82000,0.16000,-21720.00000
1.01000,0.62000,0.68000,0.00000,-1.37000,-0.69000,0.43000,-29800.00000
1.01000,0.62000,0.70000,0.00000,-0.92000,-0.64000,0.54000,27664.00000
1.01000,0.62000,0.71000,0.00000,-0.54000,-0.63000,0.57000,19624.00000
1.01000,0.62000,0.71000,0.00000,-0.18000,-0.62000,0.58000,11584.00000
1.01000,0.62000,0.71000,0.00000,0.00000,-0.62000,0.59000,3600.00000
1.01000,0.62000,0.71000,-0.01000,0.00000,-0.62000,0.59000,-4180.00000
1.01000,0.62000,0.71000,0.00000,0.00000,-0.62000,0.59000,-12112.00000
1.01000,0.62000,0.71000,0.00000,0.00000,-0.62000,0.59000,-19936.00000
1.01000,0.62000,0.71000,0.00000,0.00000,-0.62000,0.59000,-27764.00000
1.01000,0.62000,0.71000,0.00000,0.00000,-0.62000,0.59000,29936.00000
1.01000,0.62000,0.71000,0.00000,0.00000,-0.62000,0.59000,22120.00000
1.01000,0.62000,0.71000,0.00000,0.00000,-0.62000,0.59000,14300.00000
1.01000,0.62000,0.71000,-0.03000,0.00000,-0.62000,0.59000,6484.00000
1.01000,0.62000,0.70000,-0.70000,0.00000,-0.62000,0.59000,-1440.00000
1.01000,0.62000,0.68000,-0.98000,0.00000,-0.62000,0.58000,-9432.00000
1.01000,0.62000,0.66000,-0.99000,0.00000,-0.63000,0.56000,-17432.00000
1.01000,0.62000,0.64000,-0.92000,0.00000,-0.64000,0.53000,-25464.00000
1.01000,0.62000,0.62000,-0.81000,0.00000,-0.66000,0.49000,32040.00000
1.01000,0.62000,0.61000,-0.71000,0.00000,-0.68000,0.45000,24016.00000
1.01000,0.62000,0.60000,-0.71000,0.00000,-0.71000,0.39000,15980.00000
1.01000,0.62000,0.58000,-0.74000,0.00000,-0.74000,0.32000,7968.00000
1.00000,0.61000,0.57000,-0.77000,-0.01000,-0.78000,0.24000,-28.00000
1.00000,0.61000,0.55000,-0.82000,0.00000,-0.84000,0.13000,-7968.00000
1.00000,0.61000,0.54000,-0.78000,0.00000,-0.91000,-0.02000,-15960.00000
1.00000,0.61000,0.52000,-0.75000,0.00000,-0.99000,-0.17000,-24004.00000
1.00000,0.61000,0.51000,-0.85000,0.00000,-1.08000,-0.34000,-32028.00000
1.00000,0.61000,0.49000,-0.96000,0.00000,-1.19000,-0.55000,25460.00000
1.00000,0.61000,0.47000,-1.12000,0.00000,-1.33000,-0.79000,17436.00000
1.00000,0.61000,0.44000,-1.17000,0.00000,-1.51000,-1.07000,9364.00000
1.00000,0.61000,0.42000,-1.25000,0.00000,-1.70000,-1.34000,1360.00000
1.00000,0.61000,0.39000,-1.28000,0.00000,-1.90000,-1.60000,-6648.00000
0.99000,0.61000,0.37000,-1.48000,0.00000,-2.08000,-1.82000,-14656.00000
0.99000,0.61000,0.33000,-1.62000,0.00000,-2.25000,-2.02000,-22752.00000
0.99000,0.61000,0.30000,-1.73000,-0.01000,-2.37000,-2.19000,-30844.00000
0.99000,0.61000,0.27000,-1.80000,0.00000,-2.18000,-2.37000,26532.00000
0.99000,0.61000,0.23000,-1.88000,0.00000,-1.98000,-2.21000,18432.00000
0.98000,0.61000,0.21000,-1.88000,-0.63000,-1.65000,-1.94000,10372.00000
0.98000,0.60000,0.21000,-1.73000,-1.89000,-1.30000,-1.67000,2148.00000
0.97000,0.60000,0.22000,-1.62000,-2.37000,-1.20000,-1.60000,-6064.00000
0.97000,0.60000,0.24000,-1.45000,-2.26000,-0.74000,-1.30000,-14256.00000
0.97000,0.60000,0.25000,-1.31000,-2.02000,-0.92000,-1.41000,-22500.00000
0.96000,0.60000,0.26000,-1.18000,-1.74000,-1.06000,-1.51000,-30716.00000
0.96000,0.60000,0.27000,-1.10000,-1.55000,-1.18000,-1.58000,26596.00000
0.96000,0.60000,0.28000,-1.14000,-1.55000,-1.26000,-1.64000,18432.00000
0.95000,0.60000,0.29000,-1.20000,-1.60000,-1.33000,-1.69000,10208.00000
0.95000,0.60000,0.29000,-1.30000,-1.66000,-1.39000,-1.74000,2028.00000
0.95000,0.60000,0.30000,-1.37000,-1.73000,-1.44000,-1.78000,-6156.00000
0.94000,0.60000,0.31000,-1.41000,-1.77000,-1.49000,-1.82000,-14320.00000
0.94000,0.59000,0.31000,-1.42000,-1.73000,-1.54000,-1.86000,-22576.00000
0.94000,0.59000,0.32000,-1.45000,-1.73000,-1.58000,-1.89000,-30796.00000
0.93000,0.59000,0.33000,-1.44000,-1.73000,-1.60000,-1.91000,26512.00000
0.93000,0.59000,0.33000,-1.48000,-1.77000,-1.63000,-1.93000,18308.00000
0.92000,0.59000,0.34000,-1.50000,-1.78000,-1.66000,-1.95000,10072.00000
0.92000,0.59000,0.34000,-1.56000,-1.84000,-1.69000,-1.97000,1872.00000
0.92000,0.59000,0.35000,-1.59000,-1.85000,-1.71000,-1.99000,-6336.00000
0.91000,0.58000,0.35000,-1.63000,-1.89000,-1.73000,-2.01000,-14512.00000
0.91000,0.58000,0.36000,-1.66000,-1.91000,-1.75000,-2.02000,-22768.00000
0.90000,0.58000,0.36000,-1.67000,-1.94000,-1.76000,-2.03000,-31016.00000
0.90000,0.58000,0.37000,-1.71000,-1.99000,-1.78000,-2.05000,26272.00000
0.90000,0.58000,0.37000,-1.70000,-1.98000,-1.79000,-2.06000,18040.00000
0.89000,0.58000,0.38000,-1.74000,-1.99000,-1.81000,-2.07000,9804.00000
0.89000,0.58000,0.38000,-1.77000,-2.01000,-1.82000,-2.08000,1612.00000
0.88000,0.57000,0.39000,-1.78000,-1.98000,-1.82000,-2.08000,-6600.00000
0.88000,0.57000,0.39000,-1.82000,-1.98000,-1.82000,-2.08000,-14788.00000
0.88000,0.57000,0.39000,-1.78000,-1.99000,-1.80000,-2.07000,-23072.00000
0.87000,0.57000,0.40000,-1.74000,-2.01000,-1.79000,-2.06000,-31324.00000
0.87000,0.57000,0.40000,-1.71000,-2.01000,-1.79000,-2.06000,25960.00000
0.86000,0.57000,0.41000,-1.74000,-2.01000,-1.79000,-2.05000,17732.00000
0.86000,0.56000,0.41000,-1.76000,-2.01000,-1.77000,-2.04000,9460.00000
0.86000,0.56000,0.42000,-1.70000,-2.01000,-1.75000,-2.03000,1268.00000
0.85000,0.56000,0.43000,-1.71000,-1.99000,-2.11000,-2.32000,-6944.00000
0.85000,0.56000,0.43000,-1.81000,-2.08000,-2.14000,-2.34000,-15132.00000
0.84000,0.56000,0.44000,-1.88000,-2.13000,-2.16000,-2.35000,-23424.00000
0.84000,0.55000,0.44000,-1.98000,-2.17000,-2.18000,-2.37000,-31692.00000
0.83000,0.55000,0.44000,-2.03000,-2.20000,-2.19000,-2.38000,25568.00000
0.83000,0.55000,0.45000,-2.02000,-2.23000,-2.21000,-2.38000,17320.00000
0.82000,0.55000,0.45000,-2.01000,-2.26000,-2.22000,-2.39000,9040.00000
0.82000,0.55000,0.46000,-2.05000,-2.26000,-2.24000,-2.41000,816.00000
0.82000,0.54000,0.46000,-2.09000,-2.28000,-2.41000,-2.24000,-7388.00000
0.81000,0.54000,0.46000,-2.17000,-2.28000,-2.40000,-2.23000,-15600.00000
0.81000,0.54000,0.46000,-2.24000,-2.26000,-2.40000,-2.22000,-23904.00000
0.80000,0.54000,0.46000,-2.27000,-2.23000,-2.39000,-2.22000,-32164.00000
0.80000,0.53000,0.46000,-2.27000,-2.21000,-2.40000,-2.22000,25088.00000
0.79000,0.53000,0.46000,-2.31000,-2.21000,-2.40000,-2.22000,16824.00000
0.79000,0.53000,0.46000,-2.33000,-2.19000,-2.40000,-2.23000,8528.00000
0.78000,0.53000,0.45000,-2.31000,-2.22000,-2.41000,-2.24000,288.00000
0.78000,0.52000,0.45000,-2.30000,-2.24000,-2.41000,-2.25000,-7904.00000
0.77000,0.52000,0.45000,-2.30000,-2.24000,-2.25000,-2.41000,-16120.00000
0.77000,0.52000,0.45000,-2.30000,-2.26000,-2.24000,-2.41000,-24424.00000
0.76000,0.52000,0.45000,-2.27000,-2.28000,-2.24000,-2.41000,-32696.00000
0.76000,0.51000,0.45000,-2.20000,-2.31000,-2.24000,-2.41000,24544.00000
0.75000,0.51000,0.46000,-2.21000,-2.33000,-2.25000,-2.41000,16296.00000
0.75000,0.51000,0.46000,-2.20000,-2.33000,-2.41000,-2.24000,7984.00000
0.74000,0.51000,0.46000,-2.28000,-2.31000,-2.40000,-2.23000,-224.00000
0.74000,0.50000,0.46000,-2.34000,-2.27000,-2.40000,-2.23000,-8448.00000
0.73000,0.50000,0.45000,-2.37000,-2.26000,-2.19000,-2.38000,-16664.00000
0.73000,0.50000,0.45000,-2.37000,-2.24000,-2.18000,-2.37000,-24956.00000
0.72000,0.50000,0.45000,-2.31000,-2.28000,-2.17000,-2.36000,32292.00000
0.72000,0.50000,0.45000,-2.28000,-2.31000,-2.16000,-2.35000,24012.00000
0.71000,0.49000,0.45000,-2.24000,-2.33000,-2.16000,-2.35000,15736.00000
0.71000,0.49000,0.46000,-2.24000,-2.34000,-2.16000,-2.35000,7452.00000
0.70000,0.49000,0.46000,-2.24000,-2.33000,-2.17000,-2.36000,-792.00000
0.70000,0.49000,0.46000,-2.27000,-2.35000,-2.17000,-2.36000,-8996.00000
0.69000,0.48000,0.46000,-2.24000,-2.35000,-2.18000,-2.36000,-17232.00000
0.69000,0.48000,0.46000,-2.26000,-2.37000,-2.18000,-2.37000,-25536.00000
0.68000,0.48000,0.47000,-2.24000,-2.35000,-2.19000,-2.37000,31716.00000
0.68000,0.48000,0.47000,-2.23000,-2.35000,-2.19000,-2.38000,23424.00000
0.67000,0.47000,0.47000,-2.19000,-2.37000,-2.20000,-2.38000,15136.00000
0.67000,0.47000,0.47000,-2.17000,-2.35000,-2.21000,-2.39000,6844.00000
0.66000,0.47000,0.48000,-2.16000,-2.34000,-2.22000,-2.40000,-1360.00000
0.66000,0.47000,0.48000,-2.15000,-2.34000,-2.24000,-2.41000,-9616.00000
0.65000,0.46000,0.49000,-2.19000,-2.35000,-2.41000,-2.25000,-17848.00000
0.65000,0.46000,0.49000,-2.23000,-2.37000,-2.40000,-2.24000,-26144.00000
0.64000,0.46000,0.49000,-2.27000,-2.33000,-2.40000,-2.22000,31108.00000
0.64000,0.46000,0.49000,-2.31000,-2.33000,-2.39000,-2.22000,22804.00000
0.63000,0.45000,0.49000,-2.34000,-2.30000,-2.39000,-2.21000,14528.00000
0.63000,0.45000,0.49000,-2.35000,-2.27000,-2.39000,-2.21000,6236.00000
0.63000,0.45000,0.49000,-2.34000,-2.26000,-2.39000,-2.22000,-1984.00000
0.62000,0.45000,0.48000,-2.34000,-2.23000,-2.39000,-2.22000,-10260.00000
0.62000,0.44000,0.48000,-2.40000,-2.24000,-2.12000,-2.32000,-18524.00000
0.61000,0.44000,0.48000,-2.41000,-2.24000,-2.10000,-2.31000,-26852.00000
0.61000,0.44000,0.48000,-2.34000,-2.26000,-2.07000,-2.29000,30424.00000
0.60000,0.44000,0.48000,-2.27000,-2.28000,-2.06000,-2.27000,22128.00000
0.60000,0.43000,0.48000,-2.20000,-2.27000,-2.05000,-2.27000,13864.00000
0.59000,0.43000,0.48000,-2.15000,-2.30000,-2.05000,-2.27000,5596.00000
0.59000,0.43000,0.48000,-2.12000,-2.31000,-2.06000,-2.27000,-2620.00000
0.58000,0.43000,0.49000,-2.12000,-2.28000,-2.07000,-2.28000,-10872.00000
0.58000,0.42000,0.49000,-2.12000,-2.31000,-2.08000,-2.29000,-19136.00000
0.57000,0.42000,0.49000,-2.13000,-2.28000,-2.09000,-2.30000,-27432.00000
0.57000,0.42000,0.50000,-2.12000,-2.27000,-2.10000,-2.31000,29844.00000
0.56000,0.42000,0.50000,-2.10000,-2.26000,-2.11000,-2.31000,21544.00000
0.56000,0.41000,0.50000,-2.10000,-2.26000,-2.12000,-2.32000,13284.00000
0.55000,0.41000,0.51000,-2.10000,-2.24000,-2.13000,-2.33000,5008.00000
0.55000,0.41000,0.51000,-2.12000,-2.23000,-2.13000,-2.33000,-3216.00000
0.55000,0.41000,0.51000,-2.15000,-2.26000,-2.14000,-2.33000,-11476.00000
0.54000,0.40000,0.51000,-2.16000,-2.28000,-2.14000,-2.34000,-19772.00000
0.54000,0.40000,0.51000,-2.16000,-2.28000,-2.14000,-2.34000,-28088.00000
0.53000,0.40000,0.52000,-2.16000,-2.30000,-2.15000,-2.34000,29160.00000
0.53000,0.40000,0.52000,-2.15000,-2.33000,-2.15000,-2.35000,20868.00000
0.52000,0.39000,0.52000,-2.16000,-2.34000,-2.16000,-2.35000,12572.00000
0.52000,0.39000,0.53000,-2.16000,-2.34000,-2.17000,-2.36000,4272.00000
0.51000,0.39000,0.53000,-2.20000,-2.37000,-2.18000,-2.36000,-3956.00000
0.51000,0.38000,0.53000,-2.19000,-2.37000,-2.18000,-2.37000,-12224.00000
0.50000,0.38000,0.54000,-2.17000,-2.41000,-2.19000,-2.37000,-20512.00000
0.50000,0.38000,0.54000,-2.17000,-2.42000,-2.12000,-2.33000,-28824.00000
0.49000,0.38000,0.55000,-2.16000,-2.41000,-2.14000,-2.34000,28432.00000
0.49000,0.37000,0.55000,-2.17000,-2.40000,-2.16000,-2.36000,20120.00000
0.48000,0.37000,0.56000,-2.17000,-2.38000,-2.18000,-2.37000,11848.00000
0.48000,0.37000,0.56000,-2.15000,-2.35000,-2.20000,-2.38000,3548.00000
0.48000,0.36000,0.57000,-2.10000,-2.38000,-2.21000,-2.39000,-4680.00000
0.47000,0.36000,0.57000,-2.09000,-2.37000,-2.23000,-2.40000,-12952.00000
0.47000,0.36000,0.58000,-2.13000,-2.38000,-2.41000,-2.25000,-21216.00000
0.46000,0.36000,0.58000,-2.16000,-2.37000,-2.40000,-2.23000,-29532.00000
0.46000,0.35000,0.58000,-2.23000,-2.38000,-2.39000,-2.21000,27728.00000
0.45000,0.35000,0.59000,-2.27000,-2.33000,-2.38000,-2.20000,19436.00000
0.45000,0.35000,0.58000,-2.28000,-2.27000,-2.38000,-2.19000,11148.00000
0.44000,0.34000,0.58000,-2.31000,-2.26000,-2.37000,-2.19000,2856.00000
0.44000,0.34000,0.58000,-2.34000,-2.26000,-2.37000,-2.19000,-5368.00000
0.43000,0.34000,0.58000,-2.35000,-2.24000,-2.38000,-2.19000,-13632.00000
0.43000,0.33000,0.58000,-2.38000,-2.23000,-2.38000,-2.20000,-21892.00000
0.43000,0.33000,0.57000,-2.37000,-2.21000,-2.39000,-2.21000,-30176.00000
0.42000,0.33000,0.57000,-2.35000,-2.22000,-2.39000,-2.22000,27056.00000
0.42000,0.33000,0.57000,-2.35000,-2.20000,-2.40000,-2.23000,18764.00000
0.41000,0.32000,0.57000,-2.35000,-2.22000,-2.41000,-2.24000,10504.00000
0.41000,0.32000,0.56000,-2.38000,-2.20000,-2.41000,-2.25000,2208.00000
0.40000,0.32000,0.56000,-2.37000,-2.20000,-2.24000,-2.41000,-6020.00000
0.40000,0.31000,0.56000,-2.35000,-2.19000,-2.22000,-2.40000,-14276.00000
0.39000,0.31000,0.55000,-2.30000,-2.24000,-2.21000,-2.39000,-22544.00000
0.39000,0.31000,0.55000,-2.26000,-2.27000,-2.20000,-2.38000,-30836.00000
0.38000,0.31000,0.56000,-2.24000,-2.30000,-2.20000,-2.38000,26428.00000
0.38000,0.30000,0.56000,-2.21000,-2.33000,-1.95000,-2.19000,18124.00000
0.38000,0.30000,0.56000,-2.17000,-2.30000,-1.95000,-2.19000,9860.00000
0.37000,0.30000,0.56000,-2.10000,-2.26000,-1.95000,-2.19000,1624.00000
0.37000,0.29000,0.57000,-2.06000,-2.24000,-1.96000,-2.20000,-6600.00000
0.36000,0.29000,0.57000,-2.05000,-2.26000,-1.98000,-2.21000,-14824.00000
0.36000,0.29000,0.57000,-2.06000,-2.26000,-1.99000,-2.22000,-23104.00000
0.35000,0.29000,0.58000,-2.10000,-2.26000,-2.01000,-2.23000,-31392.00000
0.35000,0.28000,0.58000,-2.10000,-2.27000,-2.02000,-2.24000,25876.00000
0.34000,0.28000,0.58000,-2.10000,-2.27000,-2.03000,-2.25000,17600.00000
0.34000,0.28000,0.59000,-2.13000,-2.26000,-2.04000,-2.26000,9356.00000
0.34000,0.27000,0.59000,-2.10000,-2.24000,-2.04000,-2.26000,1112.00000
0.33000,0.27000,0.59000,-2.09000,-2.26000,-2.05000,-2.27000,-7088.00000
0.33000,0.27000,0.60000,-2.09000,-2.27000,-2.06000,-2.27000,-15332.00000
0.32000,0.27000,0.60000,-2.10000,-2.27000,-2.07000,-2.28000,-23600.00000
0.32000,0.26000,0.60000,-2.10000,-2.27000,-2.07000,-2.29000,-31896.00000
0.31000,0.26000,0.61000,-2.09000,-2.27000,-2.08000,-2.29000,25384.00000
0.31000,0.26000,0.61000,-2.08000,-2.24000,-2.09000,-2.30000,17100.00000
0.31000,0.25000,0.61000,-2.08000,-2.23000,-2.10000,-2.31000,8860.00000
0.30000,0.25000,0.62000,-2.02000,-2.23000,-2.11000,-2.31000,588.00000
0.30000,0.25000,0.62000,-2.03000,-2.24000,-2.12000,-2.32000,-7568.00000
0.29000,0.25000,0.62000,-2.05000,-2.26000,-2.13000,-2.33000,-15808.00000
0.29000,0.24000,0.63000,-2.05000,-2.28000,-2.14000,-2.34000,-24084.00000
0.29000,0.24000,0.63000,-2.09000,-2.33000,-2.15000,-2.35000,-32372.00000
0.28000,0.24000,0.64000,-2.12000,-2.33000,-2.17000,-2.36000,24860.00000
0.28000,0.23000,0.64000,-2.15000,-2.34000,-2.18000,-2.36000,16568.00000
0.27000,0.23000,0.65000,-2.12000,-2.34000,-2.19000,-2.37000,8280.00000
0.27000,0.23000,0.65000,-2.10000,-2.35000,-2.20000,-2.38000,24.00000
0.26000,0.22000,0.65000,-2.16000,-2.34000,-2.15000,-2.34000,-8100.00000
0.26000,0.22000,0.66000,-2.17000,-2.35000,-2.16000,-2.35000,-16364.00000
0.26000,0.22000,0.66000,-2.15000,-2.35000,-2.17000,-2.36000,-24640.00000
0.25000,0.21000,0.67000,-2.16000,-2.35000,-2.19000,-2.37000,32584.00000
0.25000,0.21000,0.67000,-2.19000,-2.34000,-2.20000,-2.38000,24308.00000
0.24000,0.21000,0.67000,-2.19000,-2.34000,-2.21000,-2.39000,15996.00000
0.24000,0.20000,0.67000,-2.22000,-2.33000,-2.23000,-2.40000,7716.00000
0.23000,0.20000,0.68000,-2.20000,-2.34000,-2.23000,-2.40000,-512.00000
0.23000,0.20000,0.68000,-2.20000,-2.34000,-2.24000,-2.41000,-8672.00000
0.23000,0.19000,0.68000,-2.20000,-2.37000,-2.41000,-2.25000,-16912.00000
0.22000,0.19000,0.68000,-2.23000,-2.34000,-2.40000,-2.23000,-25196.00000
0.22000,0.19000,0.69000,-2.27000,-2.30000,-2.40000,-2.22000,32052.00000
0.21000,0.18000,0.69000,-2.27000,-2.30000,-2.40000,-2.22000,23780.00000
0.21000,0.18000,0.69000,-2.28000,-2.31000,-2.39000,-2.22000,15508.00000
0.20000,0.18000,0.69000,-2.30000,-2.31000,-2.39000,-2.21000,7220.00000
0.20000,0.17000,0.69000,-2.31000,-2.30000,-2.39000,-2.21000,-1016.00000
0.20000,0.17000,0.69000,-2.31000,-2.28000,-2.39000,-2.21000,-9232.00000
0.19000,0.17000,0.69000,-2.31000,-2.30000,-2.39000,-2.21000,-17504.00000
0.19000,0.16000,0.68000,-2.34000,-2.28000,-2.39000,-2.21000,-25792.00000
0.18000,0.16000,0.68000,-2.37000,-2.28000,-2.39000,-2.21000,31444.00000
0.18000,0.15000,0.68000,-2.38000,-2.28000,-2.39000,-2.22000,23176.00000
0.17000,0.15000,0.68000,-2.38000,-2.27000,-2.40000,-2.22000,14876.00000
0.17000,0.15000,0.68000,-2.38000,-2.27000,-2.40000,-2.23000,6604.00000
0.17000,0.14000,0.68000,-2.38000,-2.31000,-2.40000,-2.23000,-1632.00000
0.16000,0.14000,0.67000,-2.40000,-2.28000,-2.41000,-2.24000,-9872.00000
0.16000,0.14000,0.67000,-2.40000,-2.30000,-2.41000,-2.24000,-18120.00000
0.15000,0.13000,0.67000,-2.40000,-2.26000,-2.25000,-2.41000,-26400.00000
0.15000,0.13000,0.67000,-2.40000,-2.24000,-2.24000,-2.41000,30824.00000
0.14000,0.13000,0.66000,-2.33000,-2.28000,-1.96000,-2.19000,22556.00000
0.14000,0.12000,0.67000,-2.27000,-2.31000,-1.94000,-2.18000,14268.00000
0.14000,0.12000,0.67000,-2.17000,-2.28000,-1.93000,-2.17000,5964.00000
0.13000,0.12000,0.67000,-2.06000,-2.24000,-1.93000,-2.18000,-2264.00000
0.13000,0.11000,0.67000,-2.06000,-2.20000,-1.95000,-2.19000,-10500.00000
0.12000,0.11000,0.68000,-2.09000,-2.21000,-1.96000,-2.19000,-18776.00000
0.12000,0.11000,0.68000,-2.08000,-2.20000,-1.96000,-2.20000,-27040.00000
0.12000,0.10000,0.68000,-2.06000,-2.23000,-1.97000,-2.20000,30224.00000
0.11000,0.10000,0.68000,-2.06000,-2.21000,-1.98000,-2.21000,21960.00000
0.11000,0.10000,0.69000,-2.06000,-2.24000,-1.99000,-2.22000,13688.00000
0.10000,0.09000,0.69000,-2.06000,-2.24000,-2.00000,-2.23000,5440.00000
0.10000,0.09000,0.70000,-2.06000,-2.23000,-2.01000,-2.24000,-2772.00000
0.10000,0.09000,0.70000,-2.06000,-2.23000,-2.02000,-2.24000,-10968.00000
0.09000,0.09000,0.70000,-2.08000,-2.21000,-2.03000,-2.25000,-19236.00000
0.09000,0.08000,0.70000,-2.08000,-2.23000,-2.03000,-2.26000,-27484.00000
0.08000,0.08000,0.71000,-2.10000,-2.23000,-2.04000,-2.26000,29792.00000
0.08000,0.08000,0.71000,-2.09000,-2.26000,-2.04000,-2.26000,21552.00000
0.08000,0.07000,0.71000,-2.08000,-2.24000,-2.05000,-2.27000,13276.00000
0.07000,0.07000,0.72000,-2.09000,-2.24000,-2.06000,-2.27000,5036.00000
0.07000,0.06000,0.72000,-2.08000,-2.23000,-2.06000,-2.28000,-3176.00000
0.06000,0.06000,0.72000,-2.06000,-2.21000,-2.07000,-2.28000,-11392.00000
0.06000,0.06000,0.73000,-2.05000,-2.21000,-2.07000,-2.29000,-19652.00000
0.06000,0.05000,0.73000,-2.03000,-2.20000,-2.08000,-2.29000,-27924.00000
0.05000,0.05000,0.73000,-2.02000,-2.24000,-2.08000,-2.29000,29356.00000
0.05000,0.05000,0.74000,-2.01000,-2.27000,-2.09000,-2.30000,21128.00000
0.05000,0.04000,0.74000,-2.05000,-2.28000,-2.11000,-2.31000,12848.00000
0.04000,0.04000,0.75000,-2.09000,-2.30000,-2.12000,-2.32000,4604.00000
0.04000,0.04000,0.75000,-2.08000,-2.31000,-2.13000,-2.33000,-3620.00000
0.03000,0.03000,0.76000,-2.09000,-2.33000,-2.13000,-2.33000,-11832.00000
0.03000,0.03000,0.76000,-2.08000,-2.31000,-2.14000,-2.34000,-20112.00000
