,Wd,We,"theta(Wd,We)","x(Wd,We)","y(Wd,We)"
0.0,2.0189301110893307,2.0757157397542985,-0.011699780386322947,-0.05720575131610583,0.7339475742607078
0.07,2.0214745361181703,2.0778967370204366,-0.008941077895416339,-0.051780600220717184,0.733739447305512
0.14,2.02401896114701,2.080077734286575,-0.006272270145811121,-0.04635544912532853,0.7335313203503161
0.21,2.0265633861758494,2.082258731552713,-0.0036923593881976356,-0.04093029802993989,0.7333231933951202
0.28,2.0291078112046894,2.0844397288188516,-0.001200347873266209,-0.03550514693455124,0.7331150664399242
0.35,2.0316522362335285,2.0866207260849894,0.0012047621482928392,-0.030079995839162595,0.7329069394847285
0.42,2.034196661262368,2.088801723351128,0.0035239684257891775,-0.024654844743773944,0.7326988125295326
0.49,2.0367410862912076,2.090982720617266,0.005758268708532472,-0.019229693648385296,0.7324906855743367
0.56,2.0392855113200468,2.0931637178834044,0.007908660745832397,-0.013804542552996645,0.7322825586191409
0.63,2.0418299363488868,2.0953447151495426,0.009976142286998628,-0.008379391457607993,0.732074431663945
0.7,2.0443743613777263,2.097525712415681,0.01196171108134082,-0.0029542403622193625,0.7318663047087491
0.77,2.046918786406566,2.0997067096818194,0.013866364878168662,0.002470910733169289,0.7316581777535534
0.84,2.0494632114354054,2.1018877069479576,0.015691101426791823,0.00789606182855794,0.7314500507983573
0.91,2.052007636464245,2.1040687042140958,0.017436918476519965,0.013321212923946599,0.7312419238431616
0.98,2.054552061493084,2.1062497014802335,0.019104813776662767,0.018746364019335243,0.7310337968879657
1.05,2.0570964865219237,2.1084306987463717,0.0206957850765299,0.024171515114723888,0.7308256699327698
1.12,2.0596409115507637,2.1106116960125103,0.02221083012543103,0.029596666210112525,0.7306175429775739
1.19,2.062185336579603,2.1127926932786485,0.023650946672675838,0.03502181730550118,0.7304094160223781
1.26,2.064729761608443,2.1149736905447867,0.02501713246757398,0.04044696840088983,0.7302012890671822
1.33,2.067274186637282,2.117154687810925,0.026310385259435146,0.04587211949627848,0.7299931621119862
1.4,2.069818611666121,2.119335685077063,0.027531702797569,0.05129727059166712,0.7297850351567905
1.47,2.072363036694961,2.1215166823432012,0.02868208283128521,0.056722421687055775,0.7295769082015946
1.54,2.0749074617238006,2.1236976796093394,0.029762523109893437,0.06214757278244442,0.7293687812463987
1.61,2.07745188675264,2.125878676875478,0.030774021382703364,0.06757272387783307,0.7291606542912029
1.68,2.0799963117814797,2.1280596741416162,0.03171757539902468,0.07299787497322172,0.728952527336007
1.75,2.0825407368103193,2.1302406714077544,0.03259418290816702,0.07842302606861035,0.7287444003808111
1.82,2.085085161839159,2.1324216686738926,0.03340484165944009,0.08384817716399902,0.7285362734256153
1.89,2.0876295868679984,2.134602665940031,0.034150549402153514,0.08927332825938764,0.7283281464704193
1.96,2.090174011896838,2.1367836632061694,0.03483230388561703,0.09469847935477631,0.7281200195152234
2.03,2.0927184369256775,2.138964660472307,0.035451102859140264,0.10012363045016492,0.7279118925600276
2.1,2.095262861954517,2.141145657738446,0.03600794407203289,0.1055487815455536,0.7277037656048317
2.17,2.0978072869833566,2.1433266550045835,0.036503825273604594,0.11097393264094224,0.7274956386496358
2.24,2.100351712012196,2.145507652270722,0.036939744213165045,0.1163990837363309,0.7272875116944401
2.31,2.1028961370410353,2.1476886495368603,0.03731669864002388,0.12182423483171953,0.7270793847392443
2.38,2.105440562069875,2.1498696468029985,0.037635686303490824,0.1272493859271082,0.7268712577840483
2.45,2.1079849870987144,2.1520506440691367,0.037897704952875505,0.13267453702249687,0.7266631308288525
2.52,2.1105294121275544,2.154231641335275,0.03810375233748764,0.1380996881178855,0.7264550038736566
2.59,2.113073837156394,2.156412638601413,0.03825482620663685,0.1435248392132741,0.7262468769184607
2.66,2.115618262185233,2.1585936358675513,0.038351924309632836,0.1489499903086628,0.7260387499632649
2.73,2.1181626872140726,2.1607746331336894,0.03839604439578526,0.15437514140405145,0.7258306230080689
2.8,2.120707112242912,2.162955630399828,0.03838818421440381,0.15980029249944006,0.725622496052873
2.87,2.1232515372717518,2.1651366276659663,0.038329341514798124,0.1652254435948287,0.7254143690976773
2.94,2.1257959623005913,2.1673176249321044,0.038220514046277916,0.17065059469021737,0.7252062421424813
3.01,2.1283403873294304,2.169498622198242,0.038062699558152814,0.17607574578560597,0.7249981151872853
3.08,2.1308848123582704,2.1716796194643804,0.03785689579973252,0.18150089688099466,0.7247899882320895
3.15,2.13342923738711,2.1738606167305186,0.037604100520326686,0.1869260479763833,0.7245818612768938
3.22,2.1359736624159495,2.176041613996657,0.03730531146924499,0.19235119907177198,0.7243737343216978
3.29,2.1385180874447887,2.178222611262795,0.03696152639579712,0.1977763501671606,0.724165607366502
3.36,2.1410625124736287,2.1804036085289336,0.03657374304929274,0.20320150126254927,0.7239574804113063
3.43,2.143606937502468,2.1825846057950717,0.03614295917904147,0.20862665235793793,0.7237493534561102
3.5,2.146151362531308,2.18476560306121,0.035670172534353076,0.21405180345332653,0.7235412265009145
3.57,2.148695787560147,2.186946600327348,0.035156380864537144,0.21947695454871524,0.7233330995457184
3.64,2.1512402125889865,2.1891275975934867,0.034602581918903384,0.22490210564410387,0.7231249725905227
3.71,2.153784637617826,2.191308594859625,0.034009773446761475,0.23032725673949245,0.7229168456353268
3.78,2.156329062646666,2.193489592125763,0.03337895319742108,0.2357524078348811,0.7227087186801309
3.85,2.158873487675505,2.1956705893919013,0.03271111892019185,0.24117755893026982,0.722500591724935
3.92,2.1614179127043447,2.1978515866580395,0.032007268364383494,0.24660271002565845,0.7222924647697392
3.99,2.1639623377331842,2.2000325839241777,0.03126839927930565,0.2520278611210471,0.7220843378145434
4.06,2.166506762762024,2.202213581190316,0.030495509414268006,0.2574530122164357,0.7218762108593475
4.13,2.1690511877908634,2.204394578456454,0.029689596518580205,0.2628781633118244,0.7216680839041516
4.2,2.171595612819703,2.206575575722592,0.02885165834155198,0.26830331440721306,0.7214599569489558
4.27,2.1741400378485425,2.208756572988731,0.027982692632492957,0.2737284655026016,0.7212518299937598
4.34,2.176684462877382,2.210937570254869,0.0270836971407128,0.2791536165979903,0.721043703038564
4.41,2.1792288879062216,2.213118567521007,0.026155669615521206,0.284578767693379,0.720835576083368
4.48,2.181773312935061,2.2152995647871454,0.02519960780622781,0.29000391878876763,0.7206274491281722
4.55,2.1843177379639007,2.2174805620532836,0.02421650946214233,0.29542906988415624,0.7204193221729764
4.62,2.18686216299274,2.2196615593194218,0.023207372332574427,0.3008542209795449,0.7202111952177804
4.69,2.18940658802158,2.2218425565855604,0.022173194166833738,0.3062793720749336,0.7200030682625845
4.76,2.191951013050419,2.2240235538516986,0.021114972714229994,0.3117045231703222,0.7197949413073887
4.83,2.194495438079259,2.2262045511178363,0.02003370572407279,0.3171296742657108,0.7195868143521928
4.9,2.197039863108098,2.228385548383975,0.018930390945671866,0.32255482536109953,0.719378687396997
4.97,2.199584288136938,2.230566545650113,0.017806026128336847,0.32797997645648813,0.7191705604418012
5.04,2.2021287131657776,2.2327475429162513,0.016661609021377415,0.33340512755187685,0.7189624334866054
5.11,2.2046731381946167,2.2349285401823895,0.015498137374103271,0.33883027864726545,0.7187543065314095
5.18,2.2072175632234563,2.2371095374485277,0.014316608935824038,0.34425542974265405,0.7185461795762136
5.25,2.2097619882522963,2.239290534714666,0.01311802145584944,0.34968058083804276,0.7183380526210177
5.32,2.2123064132811354,2.241471531980804,0.011903372683489104,0.3551057319334314,0.7181299256658218
5.39,2.214850838309975,2.2436525292469423,0.010673660368052734,0.3605308830288201,0.717921798710626
5.46,2.2173952633388145,2.2458335265130804,0.009429882258849972,0.3659560341242087,0.71771367175543
5.53,2.219939688367654,2.2480145237792186,0.008173036105190485,0.37138118521959734,0.7175055448002341
5.6,2.2224841133964937,2.250195521045357,0.006904119656384001,0.37680633631498595,0.7172974178450384
5.67,2.2250285384253337,2.2523765183114954,0.005624130661740147,0.3822314874103746,0.7170892908898425
5.74,2.2275729634541728,2.254557515577633,0.004334066870568578,0.38765663850576326,0.7168811639346466
5.81,2.230117388483012,2.2567385128437714,0.0030349260321790097,0.39308178960115187,0.7166730369794507
5.88,2.232661813511852,2.2589195101099095,0.0017277058958810824,0.3985069406965406,0.7164649100242549
5.95,2.2352062385406914,2.261100507376048,0.0004134042109844409,0.40393209179192924,0.7162567830690589
6.02,2.237750663569531,2.2632815046421864,-0.0009069812732011434,0.4093572428873178,0.716048656113863
6.09,2.24029508859837,2.2654625019083245,-0.002232452807366097,0.4147823939827065,0.7158405291586674
6.16,2.2428395136272097,2.2676434991744627,-0.00356201264220073,0.42020754507809516,0.7156324022034714
6.23,2.2453839386560497,2.2698244964406014,-0.004894663028395349,0.42563269617348387,0.7154242752482755
6.3,2.2479283636848892,2.2720054937067395,-0.006229406216640275,0.4310578472688724,0.7152161482930797
6.37,2.2504727887137284,2.2741864909728773,-0.00756524445762587,0.4364829983642611,0.7150080213378837
6.44,2.253017213742568,2.276367488239016,-0.008901180002042436,0.4419081494596498,0.7147998943826879
6.51,2.2555616387714075,2.278548485505154,-0.010236215100580289,0.44733330055503845,0.714591767427492
6.58,2.258106063800247,2.2807294827712923,-0.011569352003929802,0.452758451650427,0.7143836404722961
6.65,2.2606504888290866,2.2829104800374305,-0.012899592962781283,0.4581836027458157,0.7141755135171003
6.72,2.263194913857926,2.2850914773035687,-0.01422594022782504,0.46360875384120437,0.7139673865619045
6.79,2.2657393388867657,2.287272474569707,-0.015547396049751423,0.46903390493659297,0.7137592596067086
6.86,2.2682837639156053,2.289453471835845,-0.01686296267925079,0.4744590560319817,0.7135511326515127
6.93,2.270828188944445,2.2916344691019837,-0.018171642367013414,0.4798842071273703,0.7133430056963169
7.0,2.2733726139732844,2.2938154663681214,-0.019472437363729656,0.4853093582227589,0.7131348787411209
7.07,2.275917039002124,2.29599646363426,-0.020764349920089818,0.4907345093181476,0.712926751785925
7.14,2.2784614640309635,2.298177460900398,-0.02204638228678425,0.49615966041353626,0.7127186248307292
7.21,2.281005889059803,2.3003584581665364,-0.02331753671450329,0.5015848115089249,0.7125104978755332
7.28,2.2835503140886426,2.3025394554326746,-0.024576815453937258,0.5070099626043136,0.7123023709203374
7.35,2.286094739117482,2.3047204526988128,-0.02582322075577645,0.5124351136997022,0.7120942439651416
7.42,2.2886391641463213,2.306901449964951,-0.027055754870711247,0.5178602647950907,0.7118861170099458
7.49,2.2911835891751613,2.3090824472310896,-0.028273420049431973,0.5232854158904795,0.7116779900547499
7.56,2.2937280142040004,2.3112634444972273,-0.029475218542628877,0.528710566985868,0.711469863099554
7.63,2.29627243923284,2.3134444417633655,-0.030660152600992398,0.5341357180812567,0.7112617361443582
7.7,2.2988168642616795,2.315625439029504,-0.031827224475212836,0.5395608691766455,0.7110536091891623
7.77,2.301361289290519,2.3178064362956423,-0.03297543641598043,0.5449860202720339,0.7108454822339664
7.84,2.3039057143193586,2.3199874335617805,-0.03410379067398561,0.5504111713674228,0.7106373552787706
7.91,2.3064501393481986,2.3221684308279187,-0.035211289499918696,0.5558363224628114,0.7104292283235747
7.98,2.3089945643770378,2.324349428094057,-0.03629693514446998,0.5612614735582,0.7102211013683788
8.05,2.3115389894058773,2.326530425360195,-0.03735972985832979,0.5666866246535888,0.710012974413183
8.12,2.314083414434717,2.3287114226263332,-0.03839867589218845,0.5721117757489772,0.709804847457987
8.19,2.3166278394635564,2.3308924198924714,-0.039412775496736344,0.5775369268443659,0.7095967205027912
8.26,2.319172264492396,2.3330734171586096,-0.040401030922663755,0.5829620779397546,0.7093885935475953
8.33,2.321716689521235,2.335254414424748,-0.041362444420661,0.5883872290351432,0.7091804665923994
8.4,2.324261114550075,2.337435411690886,-0.04229601824141843,0.593812380130532,0.7089723396372036
8.47,2.3268055395789147,2.3396164089570246,-0.043200754635626414,0.5992375312259206,0.7087642126820077
8.54,2.3293499646077542,2.3417974062231623,-0.0440756558539752,0.604662682321309,0.7085560857268118
8.61,2.3318943896365933,2.343978403489301,-0.04491972414715514,0.6100878334166978,0.7083479587716159
8.68,2.3344388146654333,2.346159400755439,-0.04573196176585664,0.6155129845120865,0.7081398318164202
8.75,2.3369832396942725,2.3483403980215773,-0.046511370960769925,0.620938135607475,0.7079317048612243
8.82,2.3395276647231125,2.350521395287716,-0.047256953982585385,0.6263632867028638,0.7077235779060284
8.89,2.3420720897519516,2.352702392553854,-0.0479677130819933,0.6317884377982524,0.7075154509508326
8.96,2.3446165147807916,2.354883389819992,-0.04864265050968407,0.6372135888936411,0.7073073239956367
9.03,2.3471609398096307,2.35706438708613,-0.049280768516347925,0.6426387399890297,0.7070991970404408
9.1,2.3497053648384703,2.3592453843522683,-0.049881069352675264,0.6480638910844183,0.7068910700852449
9.17,2.35224978986731,2.361426381618407,-0.050442555269356426,0.653489042179807,0.706682943130049
9.24,2.3547942148961494,2.363607378884545,-0.050964228517081725,0.6589141932751956,0.7064748161748531
9.31,2.357338639924989,2.3657883761506833,-0.051445091346541454,0.6643393443705844,0.7062666892196573
9.38,2.3598830649538285,2.3679693734168215,-0.05188414600842595,0.669764495465973,0.7060585622644615
9.45,2.362427489982668,2.3701503706829596,-0.052280394753425594,0.6751896465613615,0.7058504353092656
9.52,2.3649719150115076,2.372331367949098,-0.05263283983223067,0.6806147976567503,0.7056423083540697
9.59,2.367516340040347,2.374512365215236,-0.0529404834955315,0.6860399487521388,0.7054341813988738
9.66,2.3700607650691867,2.3766933624813746,-0.05320232799401845,0.6914650998475275,0.7052260544436779
9.73,2.372605190098026,2.3788743597475124,-0.05341737557838183,0.6968902509429162,0.705017927488482
9.8,2.375149615126866,2.381055357013651,-0.053584628499311955,0.7023154020383049,0.7048098005332862
9.87,2.3776940401557054,2.383236354279789,-0.05370308900749918,0.7077405531336934,0.7046016735780903
9.94,2.380238465184545,2.3854173515459274,-0.05377175935363381,0.7131657042290821,0.7043935466228946
10.01,2.382782890213384,2.3875983488120656,-0.05378964178840618,0.7185908553244706,0.7041854196676987
10.08,2.385327315242224,2.3897793460782037,-0.05375573856250662,0.7240160064198595,0.7039772927125028
10.15,2.387871740271063,2.391960343344342,-0.05366905192662547,0.7294411575152481,0.7037691657573069
10.22,2.3904161652999028,2.39414134061048,-0.05352858413145303,0.7348663086106367,0.703561038802111
10.29,2.3929605903287423,2.3963223378766187,-0.05333333742767964,0.7402914597060253,0.7033529118469152
10.36,2.3955050153575823,2.3985033351427565,-0.053082314065995666,0.7457166108014139,0.7031447848917193
10.43,2.3980494403864214,2.400684332408895,-0.05277451629709144,0.7511417618968027,0.7029366579365234
10.5,2.400593865415261,2.4028653296750333,-0.05240894637165716,0.7565669129921914,0.7027285309813276
10.57,2.4031382904441005,2.405046326941171,-0.05198460654038331,0.7619920640875799,0.7025204040261317
10.64,2.40568271547294,2.4072273242073097,-0.05150049905396016,0.7674172151829687,0.7023122770709358
10.71,2.4082271405017797,2.409408321473448,-0.05095562616307804,0.7728423662783572,0.7021041501157399
10.78,2.410771565530619,2.411589318739586,-0.050348990118427306,0.7782675173737459,0.701896023160544
10.85,2.413315990559459,2.4137703160057242,-0.049679593170698255,0.7836926684691345,0.7016878962053481
10.92,2.4158604155882983,2.415951313271863,-0.04894643757058115,0.7891178195645232,0.7014797692501524
10.99,2.418404840617138,2.4181323105380006,-0.04814852556876642,0.7945429706599119,0.7012716422949565
11.06,2.4209492656459775,2.4203133078041392,-0.047284859415944416,0.7999681217553005,0.7010635153397606
11.13,2.4234936906748166,2.4224943050702774,-0.04635444136280535,0.8053932728506891,0.7008553883845647
11.2,2.426038115703656,2.424675302336415,-0.04535627366003965,0.8108184239460777,0.7006472614293688
11.27,2.4285825407324957,2.426856299602554,-0.0442893585583376,0.8162435750414664,0.7004391344741729
11.34,2.4311269657613357,2.429037296868692,-0.043152698308389525,0.8216687261368552,0.7002310075189772
11.41,2.433671390790175,2.43121829413483,-0.0419452951608858,0.8270938772322437,0.7000228805637813
11.48,2.4362158158190144,2.4333992914009683,-0.040666151366516676,0.8325190283276324,0.6998147536085855
11.55,2.438760240847854,2.435580288667107,-0.03931426917597257,0.8379441794230211,0.6996066266533896
11.62,2.4413046658766935,2.4377612859332447,-0.03788865083994375,0.8433693305184096,0.6993984996981937
11.69,2.3956723680358487,2.3845065104839276,-0.03638838369594617,0.8448036653064377,0.6991903727429978
11.76,2.3500400701950044,2.33125173503461,-0.034812895428798535,0.8462380000944658,0.6989822457878019
11.83,2.3044077723541596,2.277996959585293,-0.033161698810144954,0.8476723348824938,0.6987741188326061
11.9,2.258775474513315,2.2247421841359754,-0.03143430661162975,0.8491066696705218,0.6985659918774101
11.97,2.21314317667247,2.171487408686658,-0.029630231604897157,0.85054100445855,0.6983578649222143
12.04,2.1675108788316266,2.118232633237342,-0.027748986561591412,0.851975339246578,0.6981497379670184
12.11,2.1218785809907814,2.0649778577880245,-0.02579008425335673,0.8534096740346061,0.6979416110118226
12.18,2.076246283149937,2.0117230823387073,-0.023753037451837353,0.8548440088226342,0.6977334840566267
12.25,2.0306139853090923,1.95846830688939,-0.02163735892867752,0.8562783436106622,0.6975253571014308
12.32,1.9849816874682475,1.9052135314400724,-0.01944256145552154,0.8577126783986903,0.6973172301462349
12.39,1.9393493896274028,1.851958755990755,-0.01716815780401356,0.8591470131867184,0.697109103191039
12.46,1.893717091786558,1.7987039805414375,-0.014813660745797907,0.8605813479747465,0.6969009762358432
12.53,1.8480847939457146,1.7454492050921218,-0.012378583052518752,0.8620156827627744,0.6966928492806475
12.6,1.8024524961048698,1.6921944296428044,-0.009862437495820386,0.8634500175508025,0.6964847223254516
12.67,1.756820198264025,1.638939654193487,-0.007264736847346985,0.8648843523388307,0.6962765953702557
12.74,1.7111879004231805,1.5856848787441695,-0.004584993878742858,0.8663186871268587,0.6960684684150598
12.81,1.6655556025823357,1.5324301032948522,-0.0018227213616522336,0.8677530219148868,0.6958603414598639
12.88,1.6199233047414912,1.4791753278455348,0.001022567932280661,0.8691873567029149,0.695652214504668
12.95,1.574291006900647,1.4259205523962188,0.003951361231411546,0.8706216914909428,0.6954440875494722
13.02,1.5286587090598025,1.3726657769469015,0.0069641457640962435,0.8720560262789709,0.6952359605942763
13.09,1.4830264112189577,1.319411001497584,0.010061408758690528,0.8734903610669991,0.6950278336390804
13.16,1.4373941133781132,1.2195943162795584,0.013243637443550092,0.8749246958550271,0.6948197066838846
13.23,1.3917618155372684,1.1197776310615328,0.016511319047030706,0.8763590306430553,0.6946115797286887
13.3,1.3461295176964236,1.0199609458435075,0.019864940797488156,0.8777933654310832,0.6944034527734928
13.37,1.3004972198555802,0.9201442606254844,0.0233049899232781,0.8792277002191113,0.6941953258182969
13.44,1.2548649220147354,0.8203275754074589,0.02683195365275646,0.8806620350071395,0.6939871988631011
13.51,1.2092326241738907,0.7205108901894335,0.030446319214278917,0.8820963697951675,0.6937790719079051
13.58,1.1636003263330459,0.6206942049714079,0.03414857383620125,0.8835307045831955,0.6935709449527093
13.65,1.1179680284922013,0.5208775197533825,0.037939204746879195,0.8849650393712236,0.6933628179975134
13.72,1.0723357306513566,0.421060834535357,0.041818699174668475,0.8863993741592516,0.6931546910423176
13.79,1.026703432810513,0.321244149317334,0.045787544347924834,0.8878337089472796,0.6929465640871217
13.86,0.9810711349696682,0.22142746409930852,0.049846227495004156,0.8892680437353079,0.6927384371319258
13.93,0.9354388371288236,0.16421750605715638,0.053995235844262086,0.8907023785233359,0.69253031017673
14.0,0.8898065392879788,0.10700754801500424,0.05823505662405451,0.8921367133113639,0.6923221832215342
14.07,0.844174241447134,0.049797589972852094,0.06256617706273708,0.893571048099392,0.6921140562663383
14.14,0.7985419436062894,-0.007412368069300013,0.06698908438866555,0.89500538288742,0.6919059293111424
14.21,0.7529096457654445,-0.06462232611145213,0.07150426583019572,0.8964397176754482,0.6916978023559466
14.28,0.7072773479246011,-0.12183228415360285,0.07611220861568319,0.8978740524634763,0.6914896754007507
14.35,0.6616450500837563,-0.17904224219575499,0.080813399973484,0.8993083872515043,0.6912815484455548
14.42,0.6160127522429116,-0.2362522002379071,0.08560832713195377,0.9007427220395323,0.6910734214903589
14.49,0.5703804544020669,-0.2934621582800592,0.09049747731944824,0.9021770568275604,0.690865294535163
14.56,0.5247481565612221,-0.3506721163222114,0.09548133776432319,0.9036113916155885,0.6906571675799671
14.63,0.5265802506375842,-0.3588605493316288,0.10056039569493438,0.9050457264036166,0.6904490406247713
14.7,0.5284123447139462,-0.36704898234104605,0.10573513833963749,0.9064800611916446,0.6902409136695755
14.77,0.5302444387903081,-0.37523741535046345,0.11100605292678843,0.9079143959796726,0.6900327867143796
14.84,0.5320765328666701,-0.3834258483598808,0.11637362668474288,0.9093487307677007,0.6898246597591837
14.91,0.5339086269430322,-0.3916142813692982,0.12183834684185663,0.9107830655557289,0.6896165328039878
14.98,0.5357407210193943,-0.3998027143787157,0.1274007006264854,0.912217400343757,0.689408405848792
15.05,0.5375728150957564,-0.4079911473881331,0.13306117526698494,0.913651735131785,0.689200278893596
15.12,0.5394049091721184,-0.4161795803975503,0.13882025799171085,0.915086069919813,0.6889921519384001
15.19,0.5412370032484803,-0.4243680134069677,0.14467843602901928,0.916520404707841,0.6887840249832043
15.26,0.5430690973248424,-0.432556446416385,0.15063619660726577,0.9179547394958691,0.6885758980280084
15.33,0.5449011914012045,-0.44074487942580254,0.15669402695480608,0.9193890742838973,0.6883677710728127
15.4,0.5467332854775666,-0.44893331243521994,0.16285241429999595,0.9208234090719254,0.6881596441176168
15.47,0.5485653795539286,-0.45712174544463735,0.16911184587119119,0.9222577438599535,0.6879515171624209
15.54,0.5503974736302906,-0.46531017845405453,0.17547280889674732,0.9236920786479814,0.687743390207225
15.61,0.5522295677066527,-0.47349861146347194,0.18193579060502052,0.9251264134360094,0.6875352632520291
15.68,0.5540616617830146,-0.4816870444728893,0.1885012782243663,0.9265607482240377,0.6873271362968333
15.75,0.5558937558593767,-0.48987547748230675,0.1951697589831405,0.9279950830120656,0.6871190093416374
15.82,0.5577258499357387,-0.49806391049172416,0.2019417201096988,0.9294294178000938,0.6869108823864416
15.89,0.5595579440121008,-0.5062523435011416,0.208817648832397,0.9308637525881218,0.6867027554312456
15.96,0.5613900380884629,-0.514440776510559,0.2157980323795909,0.9322980873761499,0.6864946284760498
16.03,0.563222132164825,-0.5226292095199764,0.2228833579796362,0.933732422164178,0.6862865015208539
16.1,0.565054226241187,-0.5308176425293939,0.2300741128608886,0.935166756952206,0.686078374565658
16.17,0.5668863203175489,-0.5390060755388112,0.237370784251704,0.9366010917402341,0.6858702476104621
16.24,0.568718414393911,-0.5471945085482282,0.24477385938043766,0.9380354265282621,0.6856621206552663
16.31,0.570550508470273,-0.5553829415576457,0.25228382547544614,0.9394697613162902,0.6854539937000705
16.38,0.5723826025466351,-0.5635713745670631,0.25990116976508487,0.9409040961043182,0.6852458667448746
16.45,0.5742146966229971,-0.5717598075764805,0.2676263794777095,0.9423384308923464,0.6850377397896787
16.52,0.5760467906993592,-0.5799482405858979,0.2754599418416759,0.9437727656803744,0.6848296128344828
16.59,0.5778788847757212,-0.5881366735953153,0.2834023440853399,0.9452071004684024,0.6846214858792871
16.66,0.5797109788520832,-0.5963251066047328,0.291454073437057,0.9466414352564305,0.684413358924091
16.73,0.5815430729284452,-0.6045135396141501,0.29961561712518303,0.9480757700444585,0.6842052319688952
16.8,0.5833751670048073,-0.6127019726235675,0.30788746237807396,0.9495101048324868,0.6839971050136994
16.87,0.5852072610811694,-0.6208904056329849,0.3162700964240854,0.9509444396205147,0.6837889780585036
16.94,0.5870393551575315,-0.6290788386424024,0.324764006491573,0.9523787744085429,0.6835808511033077
17.01,0.5888714492338935,-0.6372672716518197,0.33336967980889276,0.9538131091965709,0.6833727241481118
17.08,0.5907035433102554,-0.6454557046612368,0.3420876036043998,0.9552474439845989,0.6831645971929159
17.15,0.5925356373866174,-0.6536441376706542,0.35091826510645086,0.956681778772627,0.6829564702377201
17.22,0.5943677314629794,-0.6618325706800716,0.35986215154340123,0.9581161135606551,0.6827483432825241
17.29,0.5961998255393415,-0.670021003689489,0.3689197501436066,0.9595504483486832,0.6825402163273283
17.36,0.5980319196157036,-0.6782094366989064,0.37809154813542295,0.9609847831367112,0.6823320893721324
17.43,0.5998640136920657,-0.6863978697083238,0.38737803274720584,0.9624191179247392,0.6821239624169366
17.5,0.5621967083452409,-0.6978546779510852,0.3967786638745234,0.9638534527127673,0.6819158354617407
17.57,0.524529402998416,-0.7093114861938467,0.40628879208179314,0.9652877875007954,0.6817077085065448
17.64,0.4868620976515913,-0.7207682944366081,0.41590274060064525,0.9667221222888236,0.6814995815513489
17.71,0.4491947923047664,-0.7322251026793695,0.4256148326627095,0.9681564570768516,0.6812914545961531
17.78,0.4115274869579415,-0.7436819109221309,0.43541939149961595,0.9695907918648797,0.6810833276409572
17.85,0.37386018161111667,-0.7551387191648922,0.44531074034299434,0.9710251266529076,0.6808752006857614
17.92,0.33619287626429184,-0.7665955274076537,0.4552832024244748,0.9724594614409359,0.6806670737305655
17.99,0.298525570917469,-0.7780523356504144,0.46533110097568664,0.973893796228964,0.6804589467753696
18.06,0.2608582655706442,-0.7895091438931758,0.47544875922826096,0.9753281310169919,0.6802508198201738
18.13,0.22319096022381926,-0.8009659521359372,0.48563050041382705,0.97676246580502,0.6800426928649779
18.2,0.18552365487699451,-0.8124227603786986,0.4958706477640151,0.978196800593048,0.6798345659097821
18.27,0.14785634953016963,-0.8238795686214601,0.5061635245104548,0.979631135381076,0.6796264389545862
18.34,0.11018904418334474,-0.8353363768642215,0.5165034538847761,0.9810654701691042,0.6794183119993903
18.41,0.07252173883652002,-0.8467931851069829,0.526884759118609,0.9824998049571323,0.6792101850441945
18.48,0.034854433489695136,-0.8582499933497443,0.5373017634435834,0.9839341397451602,0.6790020580889985
18.55,-0.002812871857129695,-0.8697068015925056,0.5477487900913294,0.9853684745331883,0.6787939311338027
18.62,-0.04048017720395447,-0.8811636098352671,0.5582201622934769,0.9868028093212166,0.6785858041786067
18.69,-0.0781474825507793,-0.8926204180780284,0.5687102032816559,0.9882371441092446,0.6783776772234109
18.76,-0.11581478789760419,-0.9040772263207899,0.5792132362874959,0.9896714788972727,0.678169550268215
18.83,-0.15348209324442713,-0.9155340345635506,0.5897235845426266,0.9911058136853006,0.6779614233130191
18.9,-0.1911493985912519,-0.926990842806312,0.6002355712786795,0.9925401484733287,0.6777532963578233
18.97,-0.22881670393807668,-0.9020596611985261,0.6107435197272834,0.9939744832613568,0.6775451694026274
19.04,-0.26648400928490157,-0.87712847959074,0.6212417531200682,0.9954088180493849,0.6773370424474316
19.11,-0.30415131463172645,-0.8521972979829541,0.6317245946886642,0.9968431528374131,0.6771289154922358
19.18,-0.34181861997855123,-0.8272661163751681,0.642186367664701,0.998277487625441,0.6769207885370399
19.25,-0.37948592532537617,-0.802334934767382,0.6526213952798091,0.9997118224134691,0.676712661581844
19.32,-0.4171532306722009,-0.7774037531595961,0.6630240007656177,1.001146157201497,0.6765045346266482
19.39,-0.4548205360190257,-0.7524725715518101,0.6733885073537574,1.0025804919895251,0.6762964076714523
19.46,-0.4924878413658505,-0.727541389944024,0.6837092382758578,1.0040148267775533,0.6760882807162563
19.53,-0.5301551467126754,-0.7026102083362381,0.6939805167635491,1.0054491615655814,0.6758801537610605
19.6,-0.5678224520595002,-0.677679026728452,0.7041966660484609,1.0068834963536093,0.6756720268058647
19.67,-0.605489757406325,-0.6527478451206661,0.7143520093622231,1.0083178311416374,0.6754638998506688
19.74,-0.643157062753148,-0.6278166635128813,0.7244408699364656,1.0097521659296655,0.6752557728954729
19.81,-0.6808243680999727,-0.6028854819050953,0.7344575710028189,1.0111865007176934,0.675047645940277
19.88,-0.7184916734467977,-0.5779543002973093,0.7443964357929128,1.0126208355057216,0.6748395189850812
19.95,-0.7561589787936224,-0.5530231186895234,0.7542517875383771,1.0140551702937497,0.6746313920298852
20.02,-0.7938262841404473,-0.5280919370817373,0.7640179494708417,1.0154895050817778,0.6744232650746894
20.09,-0.8314935894872721,-0.5031607554739513,0.7736892448219364,1.016923839869806,0.6742151381194936
20.16,-0.869160894834097,-0.4782295738661654,0.7832599968232914,1.018358174657834,0.6740070111642977
20.23,-0.9068282001809218,-0.4532983922583793,0.7927245287065365,1.0197925094458622,0.6737988842091018
20.3,-0.9444955055277465,-0.4283672106505933,0.8020771637033018,1.02122684423389,0.6735907572539059
20.37,-0.9821628108745714,-0.40343602904280734,0.811312225045217,1.0226611790219182,0.67338263029871
20.44,-0.9755821846649786,-0.3817120061688137,0.8204240359639124,1.0240955138099461,0.6731745033435141
20.51,-0.9690015584553858,-0.35998798329482,0.8294069196910174,1.0255298485979742,0.6729663763883184
20.58,-0.9624209322457934,-0.3382639604208274,0.8382551994581622,1.0269641833860024,0.6727582494331226
20.65,-0.9558403060362006,-0.31653993754683374,0.846963198496977,1.0283985181740305,0.6725501224779266
20.72,-0.9492596798266079,-0.2948159146728401,0.8555252400390918,1.0298328529620584,0.6723419955227308
20.79,-0.9426790536170151,-0.27309189179884635,0.863935647316136,1.0312671877500865,0.6721338685675349
20.86,-0.9360984274074224,-0.2513678689248527,0.87218874355974,1.0327015225381146,0.671925741612339
20.93,-0.9295178011978296,-0.22964384605085902,0.8802788520015338,1.0341358573261425,0.6717176146571432
21.0,-0.9229371749882369,-0.20791982317686536,0.8882002958731466,1.0355701921141707,0.6715094877019473
21.07,-0.9163565487786441,-0.1861958003028717,0.8959473984062092,1.0370045269021988,0.6713013607467514
21.14,-0.9097759225690514,-0.16447177742887797,0.9035144828323513,1.038438861690227,0.6710932337915555
21.21,-0.9031952963594586,-0.1427477545548843,0.9108958723832027,1.039873196478255,0.6708851068363597
21.28,-0.8966146701498658,-0.12102373168089062,0.9180858902903934,1.0413075312662832,0.6706769798811638
21.35,-0.8900340439402731,-0.09929970880689695,0.9250788597855534,1.0427418660543113,0.6704688529259679
21.42,-0.8834534177306804,-0.07757568593290332,0.9318691041003125,1.0441762008423392,0.670260725970772
21.49,-0.8768727915210879,-0.05585166305891073,0.9384509464663002,1.045610535630367,0.6700525990155762
21.56,-0.8702921653114951,-0.03412764018491704,0.944818710115148,1.0470448704183954,0.6698444720603803
21.63,-0.8637115391019023,-0.012403617310923376,0.9509667182784842,1.0484792052064233,0.6696363451051845
21.7,-0.8571309128923097,0.009320405563070289,0.9568892941879397,1.0499135399944515,0.6694282181499885
21.77,-0.8505502866827168,0.03104442843706401,0.9625807610751438,1.0513478747824796,0.6692200911947928
21.84,-0.8439696604731242,0.05276845131105762,0.9680354421717268,1.0527822095705075,0.6690119642395969
21.91,-0.8373890342635314,0.07449247418505134,0.9732476607093188,1.0542165443585356,0.668803837284401
21.98,-0.8308084080539386,0.096216497059045,0.9782117399195494,1.0556508791465637,0.6685957103292051
22.05,-0.824227781844346,0.11794051993303867,0.9829220030340488,1.0570852139345919,0.6683875833740093
22.12,-0.8176471556347531,0.13966454280703233,0.987372773284447,1.0585195487226198,0.6681794564188135
22.19,-0.8110665294251604,0.16138856568102605,0.9915583739023733,1.059953883510648,0.6679713294636175
22.26,-0.8044859032155677,0.18311258855501975,0.9954731281194584,1.061388218298676,0.6677632025084217
22.33,-0.7979052770059751,0.20483661142901224,0.9991113591673317,1.062822553086704,0.6675550755532258
22.4,-0.7913246507963825,0.2265606343030059,1.0024673902776238,1.064256887874732,0.6673469485980299
22.47,-0.7847440245867896,0.24828465717699966,1.0055355446819643,1.0656912226627602,0.6671388216428341
22.54,-0.778163398377197,0.2700086800509933,1.0083101456119827,1.0671255574507883,0.6669306946876381
22.61,-0.7715827721676042,0.291732702924987,1.0107855162993094,1.0685598922388164,0.6667225677324423
22.68,-0.7650021459580114,0.31345672579898065,1.0129559799755743,1.0699942270268445,0.6665144407772464
22.75,-0.7584215197484186,0.3351807486729743,1.0148158598724077,1.0714285618148724,0.6663063138220505
22.82,-0.751840893538826,0.35690477154696804,1.016359479221439,1.0728628966029006,0.6660981868668546
22.89,-0.745260267329233,0.37862879442096165,1.017581161254298,1.0742972313909285,0.6658900599116588
22.96,-0.7386796411196404,0.4003528172949553,1.0184752292026151,1.0757315661789566,0.665681932956463
23.03,-0.7320990149100476,0.42207684016894903,1.0190360062980204,1.0771659009669847,0.665473806001267
23.1,-0.7255183887004549,0.4438008630429427,1.0192578157721435,1.0786002357550128,0.6652656790460713
23.17,-0.718937762490862,0.4655248859169364,1.019134980856614,1.080034570543041,0.6650575520908754
23.24,-0.7123571362812697,0.48724890879092897,1.0186618247830623,1.0814689053310689,0.6648494251356795
23.31,-0.7101650610285558,0.4312737211450283,1.0178355986836574,1.0780181890965272,0.6628203620519781
23.38,-0.7079729857758418,0.3752985334991278,1.0166652652927228,1.0745674728619856,0.6607912989682767
23.45,-0.7057809105231277,0.3193233458532271,1.0151627152451206,1.0711167566274444,0.6587622358845752
23.52,-0.7035888352704138,0.26334815820732654,1.0133398391757134,1.0676660403929028,0.6567331728008738
23.59,-0.7013967600176998,0.2073729705614259,1.0112085277193645,1.0642153241583612,0.6547041097171724
23.66,-0.6992046847649858,0.1513977829155253,1.0087806715109355,1.0607646079238195,0.6526750466334711
23.73,-0.6970126095122718,0.09542259526962465,1.00606816118529,1.0573138916892784,0.6506459835497695
23.8,-0.6948205342595578,0.03944740762372406,1.0030828873772897,1.0538631754547367,0.6486169204660681
23.87,-0.6926284590068439,-0.01652778002217653,0.9998367407217973,1.050412459220195,0.6465878573823668
23.94,-0.6904363837541299,-0.07250296766807718,0.9963416118536751,1.0469617429856537,0.6445587942986655
24.01,-0.6882443085014158,-0.12847815531397777,0.9926093914077863,1.0435110267511118,0.6425297312149639
24.08,-0.686052233248702,-0.18445334295987553,0.9886519700189932,1.0400603105165707,0.6405006681312626
24.15,-0.683860157995988,-0.2404285306057761,0.9844812383221576,1.0366095942820293,0.6384716050475613
24.22,-0.681668082743274,-0.2964037182516767,0.980109086952143,1.0331588780474876,0.6364425419638599
24.29,-0.67947600749056,-0.35237890589757737,0.9755474065438119,1.029708161812946,0.6344134788801583
24.36,-0.677283932237846,-0.40835409354347796,0.9708080877320263,1.0262574455784048,0.632384415796457
24.43,-0.6750918569851321,-0.46432928118937866,0.9659030211516485,1.0228067293438632,0.6303553527127557
24.5,-0.672899781732418,-0.5203044688352791,0.9608440974375416,1.0193560131093216,0.6283262896290542
24.57,-0.670707706479704,-0.5762796564811797,0.9556432072245683,1.01590529687478,0.6262972265453527
24.64,-0.66851563122699,-0.6322548441270804,0.9503122411475907,1.0124545806402385,0.6242681634616514
24.71,-0.6663235559742761,-0.688230031772981,0.9448630898414714,1.0090038644056971,0.6222391003779499
24.78,-0.6579262347232468,-0.7083979524726199,0.9393076439410732,1.0055531481711555,0.6202100372942486
24.85,-0.6495289134722178,-0.728565873172259,0.9336577940812584,1.0021024319366139,0.6181809742105472
24.92,-0.6411315922211884,-0.7487337938718979,0.9279254308968894,0.9986517157020723,0.6161519111268456
24.99,-0.6327342709701597,-0.7689017145715358,0.9221224450228294,0.9952009994675309,0.6141228480431444
25.06,-0.6243369497191306,-0.7890696352711748,0.91626072709394,0.9917502832329895,0.612093784959443
25.13,-0.6159396284681014,-0.8092375559708138,0.9103521677450844,0.988299566998448,0.6100647218757417
25.2,-0.6075423072170723,-0.8294054766704528,0.9044086576111248,0.9848488507639065,0.6080356587920401
25.27,-0.599144985966043,-0.8495733973700917,0.8984420873269237,0.981398134529365,0.6060065957083388
25.34,-0.5907476647150138,-0.8697413180697307,0.892464347527344,0.9779474182948235,0.6039775326246374
25.41,-0.5823503434639847,-0.8899092387693697,0.8864873288472478,0.9744967020602818,0.601948469540936
25.48,-0.5739530222129554,-0.9100771594690087,0.8805229219214982,0.9710459858257403,0.5999194064572345
25.55,-0.5655557009619263,-0.9302450801686475,0.8745830173849571,0.9675952695911989,0.5978903433735332
25.62,-0.5571583797108971,-0.9504130008682866,0.8686795058724874,0.9641445533566573,0.5958612802898317
25.69,-0.548761058459868,-0.9705809215679257,0.8628242780189519,0.9606938371221159,0.5938322172061303
25.76,-0.5403637372088388,-0.9907488422675645,0.857029224459212,0.9572431208875742,0.5918031541224289
25.83,-0.53196641595781,-1.0109167629672025,0.8513062358281323,0.9537924046530329,0.5897740910387276
25.9,-0.5235690947067808,-1.0310846836668415,0.8456672027605731,0.9503416884184913,0.5877450279550261
25.97,-0.5151717734557516,-1.0512526043664803,0.8401240158913983,0.9468909721839499,0.5857159648713248
26.04,-0.5067744522047224,-1.0714205250661195,0.8346885658554698,0.9434402559494084,0.5836869017876233
26.11,-0.4983771309536933,-1.0915884457657583,0.8293727432876506,0.9399895397148668,0.5816578387039218
26.18,-0.489979809702664,-1.111756366465397,0.8241884388228026,0.9365388234803252,0.5796287756202205
26.25,-0.5326955319920896,-1.1303058455206847,0.819145158583235,0.9330881072457837,0.5775997125365192
26.32,-0.5754112542815153,-1.148855324575972,0.8142428706410392,0.9296373910112422,0.5755706494528177
26.39,-0.618126976570941,-1.1674048036312596,0.8094791585557533,0.9261866747767007,0.5735415863691162
26.46,-0.6608426988603666,-1.185954282686547,0.804851605886915,0.9227359585421593,0.5715125232854149
26.53,-0.7035584211497923,-1.2045037617418344,0.8003577961940618,0.9192852423076175,0.5694834602017135
26.6,-0.7462741434392179,-1.223053240797122,0.7959953130367323,0.9158345260730761,0.5674543971180122
26.67,-0.7889898657286435,-1.2416027198524093,0.7917617399744635,0.9123838098385346,0.5654253340343106
26.74,-0.831705588018067,-1.260152198907696,0.787654660566794,0.9089330936039932,0.5633962709506094
26.81,-0.8744213103074926,-1.2787016779629834,0.783671658373261,0.9054823773694517,0.561367207866908
26.88,-0.9171370325969183,-1.297251157018271,0.7798103169534027,0.9020316611349102,0.5593381447832065
26.95,-0.9598527548863439,-1.3158006360735581,0.7760682198667564,0.8985809449003687,0.5573090816995051
27.02,-1.0025684771757695,-1.3343501151288457,0.7724429506728605,0.895130228665827,0.5552800186158037
27.09,-1.0452841994651951,-1.352899594184133,0.7689320929312525,0.8916795124312856,0.5532509555321024
27.16,-1.0879999217546208,-1.3714490732394204,0.7655332302014703,0.8882287961967441,0.5512218924484009
27.23,-1.1307156440440465,-1.389998552294708,0.7622439460430517,0.8847780799622026,0.5491928293646994
27.3,-1.1734313663334721,-1.4085480313499956,0.7590618240155348,0.881327363727661,0.547163766280998
27.37,-1.2161470886228976,-1.4270975104052828,0.7559844476784567,0.8778766474931194,0.5451347031972967
27.44,-1.2588628109123234,-1.4456469894605704,0.7530094005913561,0.8744259312585779,0.5431056401135953
27.51,-1.301578533201749,-1.464196468515858,0.7501342663137703,0.8709752150240364,0.5410765770298938
27.58,-1.3442942554911723,-1.4827459475711444,0.7473566284052373,0.8675244987894951,0.5390475139461925
27.65,-1.387009977780598,-1.5012954266264318,0.7446740704252947,0.8640737825549536,0.5370184508624911
27.72,-1.4297257000700239,-1.5198449056817194,0.7420841759334804,0.860623066320412,0.5349893877787897
27.79,-1.4724414223594495,-1.5383943847370067,0.7395845284893325,0.8571723500858704,0.5329603246950883
27.86,-1.515157144648875,-1.556943863792294,0.7371727116523884,0.853721633851329,0.5309312616113869
27.93,-1.5578728669383006,-1.5754933428475817,0.7348463089821861,0.8502709176167874,0.5289021985276855
28.0,-1.600588589227726,-1.5940428219028688,0.7326029040382636,0.846820201382246,0.5268731354439841
28.07,-1.6433043115171517,-1.6125923009581564,0.7304400803801587,0.8433694851477043,0.5248440723602826
28.14,-1.6860200338065776,-1.631141780013444,0.7283554215674088,0.8399187689131627,0.5228150092765812
28.21,-1.728735756096003,-1.6496912590687314,0.7263465111595521,0.8364680526786213,0.5207859461928799
28.28,-1.771451478385429,-1.668240738124019,0.7244109327161263,0.8330173364440797,0.5187568831091784
28.35,-1.8141672006748546,-1.6867902171793063,0.7225462697966694,0.8295666202095383,0.516727820025477
28.42,-1.85688292296428,-1.7053396962345937,0.7207501059607189,0.8261159039749967,0.5146987569417756
28.49,-1.8995986452537037,-1.7238891752898804,0.7190200247678131,0.8226651877404554,0.5126696938580743
28.56,-1.9423143675431291,-1.7424386543451678,0.7173536097774892,0.8192144715059139,0.5106406307743729
28.63,-1.9850300898325548,-1.7609881334004551,0.7157484445492854,0.8157637552713723,0.5086115676906715
28.7,-2.0277458121219802,-1.7795376124557425,0.7142021126427394,0.8123130390368308,0.5065825046069701
28.77,-2.070461534411406,-1.79808709151103,0.7127121976173889,0.8088623228022893,0.5045534415232686
28.84,-2.113177256700832,-1.8166365705663177,0.7112762830327723,0.8054116065677477,0.5025243784395672
28.91,-2.1558929789902574,-1.835186049621605,0.7098919524484266,0.8019608903332062,0.5004953153558659
28.98,-2.198608701279683,-1.8537355286768924,0.7085567894238904,0.7985101740986646,0.4984662522721644
29.05,-2.2413244235691088,-1.87228500773218,0.7072683775187011,0.7950594578641231,0.49643718918846297
29.12,-2.2419662413413413,-1.87744457611897,0.7060245197719617,0.7916087416295817,0.4944081261047616
29.19,-2.2426080591135737,-1.88260414450576,0.7048238971410363,0.78815802539504,0.4923790630210601
29.26,-2.2432498768858062,-1.8877637128925497,0.7036654100628544,0.7847073091604986,0.4903499999373588
29.33,-2.2438916946580387,-1.8929232812793393,0.7025479589743452,0.7812565929259572,0.4883209368536574
29.4,-2.2445335124302708,-1.898082849666129,0.7014704443124382,0.7778058766914158,0.4862918737699561
29.47,-2.2451753302025033,-1.903242418052919,0.7004317665140626,0.7743551604568741,0.48426281068625465
29.54,-2.245817147974736,-1.908401986439709,0.6994308260161474,0.7709044442223327,0.4822337476025532
29.61,-2.2464589657469682,-1.913561554826499,0.6984665232556223,0.7674537279877911,0.48020468451885184
29.68,-2.2471007835192007,-1.9187211232132886,0.6975377586694166,0.7640030117532495,0.47817562143515036
29.75,-2.247742601291433,-1.9238806916000786,0.6966434326944595,0.7605522955187081,0.47614655835144903
29.82,-2.2483844190636657,-1.9290402599868686,0.6957824457676804,0.7571015792841665,0.4741174952677476
29.89,-2.249026236835898,-1.9341998283736586,0.6949536983260087,0.753650863049625,0.47208843218404617
29.96,-2.2496680546081302,-1.939359396760448,0.6941560908063733,0.7502001468150834,0.47005936910034474
30.03,-2.2503098723803627,-1.944518965147238,0.6933885236457042,0.746749430580542,0.4680303060166434
30.1,-2.250951690152595,-1.949678533534028,0.6926498972809303,0.7432987143460004,0.46600124293294193
30.17,-2.2515935079248277,-1.954838101920818,0.6919391121489806,0.739847998111459,0.46397217984924055
30.24,-2.25223532569706,-1.9599976703076074,0.6912550686867852,0.7363972818769176,0.46194311676553923
30.31,-2.2528771434692927,-1.9651572386943974,0.690596667331273,0.732946565642376,0.45991405368183785
30.38,-2.2535189612415247,-1.9703168070811872,0.6899628085193733,0.7294958494078344,0.45788499059813637
30.45,-2.254160779013757,-1.9754763754679772,0.6893523926880153,0.7260451331732929,0.455855927514435
30.52,-2.2548025967859897,-1.9806359438547672,0.6887643202741286,0.7225944169387515,0.4538268644307336
30.59,-2.255444414558222,-1.9857955122415567,0.6881974917146424,0.7191437007042099,0.4517978013470322
30.66,-2.2560862323304547,-1.990955080628347,0.6876508074464861,0.7156929844696684,0.44976873826333075
30.73,-2.256728050102687,-1.9961146490151367,0.6871231679065888,0.7122422682351269,0.44773967517962937
30.8,-2.2573698678749192,-2.0012742174019262,0.6866134735318798,0.7087915520005853,0.4457106120959279
30.87,-2.258011685647152,-2.0064337857887162,0.6861206247592889,0.7053408357660438,0.44368154901222656
30.94,-2.258653503419384,-2.011593354175506,0.685643522025745,0.7018901195315023,0.44165248592852513
31.01,-2.259295321191617,-2.016752922562296,0.6851810657681776,0.6984394032969607,0.4396234228448237
31.08,-2.259937138963849,-2.0219124909490858,0.6847321564235158,0.6949886870624193,0.43759435976112243
31.15,-2.2605789567360812,-2.0270720593358753,0.6842956944286891,0.6915379708278778,0.435565296677421
31.22,-2.261220774508314,-2.0322316277226653,0.683870580220627,0.6880872545933363,0.4335362335937196
31.29,-2.261862592280546,-2.0373911961094553,0.6834557142362583,0.6846365383587948,0.43150717051001813
31.36,-2.262504410052779,-2.0425507644962453,0.6830499969125127,0.6811858221242533,0.4294781074263168
31.43,-2.263146227825011,-2.0477103328830353,0.6826523286863195,0.6777351058897119,0.4274490443426154
31.5,-2.2637880455972437,-2.0528699012698253,0.6822616099946079,0.6742843896551702,0.42541998125891395
31.57,-2.264429863369476,-2.0580294696566153,0.6818767412743074,0.6708336734206287,0.4233909181752125
31.64,-2.2650716811417086,-2.0631890380434053,0.6814966229623473,0.6673829571860872,0.42136185509151114
31.71,-2.265713498913941,-2.0683486064301944,0.6811201554956565,0.6639322409515456,0.41933279200780965
31.78,-2.266355316686173,-2.0735081748169844,0.680746239311165,0.6604815247170042,0.41730372892410833
31.85,-2.266997134458406,-2.0786677432037743,0.6803737748458016,0.6570308084824626,0.4152746658404069
31.92,-2.267638952230638,-2.0838273115905643,0.6800016625364957,0.653580092247921,0.41324560275670547
31.99,-2.268280770002871,-2.088986879977354,0.6796288028201768,0.6501293760133796,0.41121653967300414
32.06,-2.268922587775103,-2.0941464483641443,0.6792540961337742,0.6466786597788381,0.4091874765893027
32.13,-2.2695644055473356,-2.0993060167509343,0.6788764429142171,0.6432279435442965,0.4071584135056012
32.2,-2.270206223319568,-2.104465585137724,0.6784947435984349,0.6397772273097551,0.40512935042189985
32.27,-2.2708480410918,-2.109625153524514,0.6781078986233569,0.6363265110752134,0.4031002873381984
32.34,-2.271489858864033,-2.114784721911304,0.6777148084259123,0.6328757948406718,0.401071224254497
32.41,-2.272131676636265,-2.119944290298093,0.6773143734430307,0.6294250786061307,0.39904216117079583
32.48,-2.2727734944084976,-2.1251038586848825,0.6769054941116411,0.6259743623715891,0.3970130980870944
32.55,-2.27341531218073,-2.1302634270716725,0.6764870708686731,0.6225236461370477,0.394984035003393
32.62,-2.2740571299529626,-2.135422995458463,0.676058004151056,0.6190729299025062,0.3929549719196916
32.69,-2.274698947725195,-2.1405825638452525,0.6756171943957187,0.6156222136679645,0.39092590883599015
32.76,-2.275340765497427,-2.1457421322320425,0.6751635420395912,0.612171497433423,0.3888968457522888
32.83,-2.2759825832696596,-2.1509017006188325,0.6746959475196023,0.6087207811988816,0.3868677826685874
32.9,-2.276624401041892,-2.156061269005622,0.6742133112726814,0.60527006496434,0.3848387195848859
32.97,-2.2772662188141246,-2.161220837392412,0.6737145337357578,0.6018193487297986,0.38280965650118454
33.04,-2.277908036586357,-2.1663804057792015,0.6731985153457613,0.5983686324952571,0.38078059341748316
33.11,-2.278549854358589,-2.1715399741659915,0.6726641565396205,0.5949179162607153,0.3787515303337817
33.18,-2.279191672130822,-2.176699542552782,0.6721103577542652,0.5914672000261739,0.3767224672500803
33.25,-2.2798334899030546,-2.1818591109395715,0.6715360194266247,0.5880164837916324,0.3746934041663789
33.32,-2.280475307675287,-2.1870186793263615,0.670940041993628,0.5845657675570909,0.37266434108267743
33.39,-2.281117125447519,-2.1921782477131515,0.6703213258922045,0.5811150513225494,0.3706352779989761
33.46,-2.2817589432197516,-2.197337816099941,0.669678771559284,0.5776643350880079,0.3686062149152747
33.53,-2.282400760991984,-2.202497384486731,0.6690112794317955,0.5742136188534662,0.36657715183157324
33.6,-2.2830425787642166,-2.207656952873521,0.6683177499466677,0.5707629026189248,0.3645480887478718
33.67,-2.283684396536449,-2.2128165212603106,0.6675970835408311,0.5673121863843833,0.3625190256641705
33.74,-2.2843262143086815,-2.217976089647101,0.6668481806512144,0.5638614701498417,0.36048996258046895
33.81,-2.284968032080914,-2.2231356580338906,0.6660699417147466,0.5604107539153002,0.3584608994967676
33.88,-2.2856098498531465,-2.2282952264206806,0.6652612671683577,0.5569600376807586,0.3564318364130662
33.95,-2.2862516676253786,-2.2334547948074706,0.6644210574489764,0.5535093214462171,0.35440277332936476
34.02,-2.286893485397611,-2.23861436319426,0.6635482129935324,0.5500586052116756,0.35237371024566333
34.09,-2.2875353031698435,-2.24377393158105,0.662641634238955,0.5466078889771342,0.350344647161962
34.16,-2.2881771209420756,-2.248933499967839,0.6617002216221737,0.5431571727425929,0.3483155840782608
34.23,-2.288818938714308,-2.254093068354629,0.6607228755801171,0.5397064565080515,0.34628652099455937
34.3,-2.2894607564865406,-2.259252636741419,0.6597084965497153,0.5362557402735098,0.34425745791085793
34.37,-2.2901025742587735,-2.264412205128209,0.6586559849678972,0.5328050240389683,0.3422283948271565
34.44,-2.2907443920310055,-2.269571773514999,0.6575642412715922,0.5293543078044268,0.3401993317434552
34.51,-2.291386209803238,-2.274731341901789,0.6564321658977298,0.5259035915698853,0.3381702686597537
34.58,-2.2920280275754705,-2.2798909102885787,0.655258659283239,0.5224528753353438,0.3361412055760523
34.65,-2.2926698453477026,-2.2850504786753687,0.6540426218650494,0.5190021591008022,0.3341121424923509
34.72,-2.2933116631199355,-2.2902100470621582,0.6527829540800901,0.5155514428662606,0.33208307940864945
34.79,-2.2939534808921676,-2.2953696154489482,0.6514785563652906,0.5121007266317191,0.3300540163249481
34.86,-2.2945952986644,-2.3005291838357382,0.6501283291575802,0.5086500103971776,0.32802495324124664
34.93,-2.2945154250108883,-2.2994838004323546,0.6487314162616753,0.5051992941626361,0.32599589015754526
35.0,-2.2944355513573766,-2.298438417028971,0.6472879349534406,0.5017485779280946,0.32396682707384383
35.07,-2.294355677703865,-2.297393033625587,0.6457982458765276,0.49829786169355306,0.3219377639901424
35.14,-2.2942758040503533,-2.2963476502222036,0.6442627096745884,0.4948471454590116,0.319908700906441
35.21,-2.2941959303968416,-2.29530226681882,0.6426816869912746,0.49139642922447,0.3178796378227396
35.28,-2.2941160567433294,-2.294256883415436,0.6410555384702378,0.48794571298992845,0.3158505747390382
35.35,-2.294036183089818,-2.2932115000120525,0.6393846247551301,0.484494996755387,0.3138215116553368
35.42,-2.293956309436306,-2.2921661166086693,0.6376693064896031,0.48104428052084536,0.3117924485716354
35.49,-2.2938764357827948,-2.291120733205285,0.6359099443173085,0.47759356428630395,0.3097633854879339
35.56,-2.2937965621292826,-2.2900753498019015,0.6341068988818984,0.4741428480517623,0.30773432240423254
35.63,-2.293716688475771,-2.289029966398518,0.6322605308270242,0.47069213181722086,0.3057052593205311
35.7,-2.2936368148222592,-2.287984582995134,0.6303712007963376,0.4672414155826793,0.30367619623682973
35.77,-2.293556941168747,-2.2869391995917505,0.6284392694334906,0.46379069934813777,0.30164713315312836
35.84,-2.2934770675152354,-2.2858938161883664,0.626465097382135,0.46033998311359625,0.2996180700694269
35.91,-2.2933971938617237,-2.284848432784983,0.6244490452859224,0.45688926687905507,0.29758900698572577
35.98,-2.293317320208212,-2.2838030493815995,0.6223914737885047,0.45343855064451355,0.2955599439020243
36.05,-2.2932374465547003,-2.282757665978216,0.6202927435335331,0.44998783440997203,0.2935308808183229
36.12,-2.2931575729011886,-2.281712282574832,0.6181532151646603,0.4465371181754305,0.29150181773462147
36.19,-2.293077699247677,-2.2806668991714485,0.6159732493255373,0.443086401940889,0.2894727546509201
36.26,-2.292997825594165,-2.279621515768065,0.6137532066598165,0.4396356857063475,0.2874436915672186
36.33,-2.2929179519406535,-2.278576132364681,0.6114934478111491,0.4361849694718059,0.2854146284835173
36.4,-2.292838078287142,-2.2775307489612975,0.6091943334231871,0.4327342532372644,0.2833855653998158
36.47,-2.29275820463363,-2.276485365557914,0.6068562241395823,0.4292835370027228,0.2813565023161144
36.54,-2.2926783309801184,-2.27543998215453,0.6044794806039864,0.42583282076818135,0.279327439232413
36.61,-2.2925984573266067,-2.2743945987511465,0.602064463460051,0.42238210453363983,0.2772983761487116
36.68,-2.2925185836730946,-2.2733492153477632,0.5996115333514284,0.41893138829909826,0.2752693130650102
36.75,-2.292438710019583,-2.272303831944379,0.5971210509217696,0.41548067206455674,0.27324024998130875
36.82,-2.292358836366071,-2.271258448540996,0.5945933768147268,0.4120299558300152,0.27121118689760737
36.89,-2.2922789627125595,-2.270213065137612,0.5920288716739518,0.4085792395954737,0.26918212381390594
36.96,-2.292199089059048,-2.269167681734228,0.5894278961430964,0.40512852336093214,0.2671530607302045
37.03,-2.292119215405536,-2.2681222983308444,0.5867908108658121,0.4016778071263906,0.26512399764650313
37.1,-2.2920393417520244,-2.2670769149274608,0.5841179764857509,0.3982270908918491,0.2630949345628017
37.17,-2.2919594680985123,-2.266031531524077,0.5814097536465644,0.3947763746573076,0.2610658714791003
37.24,-2.2918795944450006,-2.2649861481206934,0.5786665029919044,0.39132565842276607,0.2590368083953989
37.31,-2.291799720791489,-2.2639407647173098,0.5758885851654227,0.38787494218822455,0.2570077453116975
37.38,-2.291719847137977,-2.262895381313926,0.5730763608107711,0.384424225953683,0.2549786822279961
37.45,-2.2916399734844655,-2.2618499979105424,0.5702301905716013,0.3809735097191415,0.2529496191442947
37.52,-2.2915600998309538,-2.2608046145071587,0.5673504350915649,0.37752279348459994,0.25092055606059327
37.59,-2.291480226177442,-2.259759231103775,0.5644374550143141,0.37407207725005837,0.24889149297689184
37.66,-2.2914003525239304,-2.258713847700392,0.5614916109835006,0.37062136101551724,0.24686242989319065
37.73,-2.2913204788704187,-2.2576684642970077,0.5585132636427756,0.3671706447809757,0.24483336680948925
37.8,-2.291240605216907,-2.2566230808936245,0.5555027736357914,0.3637199285464342,0.24280430372578782
37.87,-2.2911607315633953,-2.2555776974902404,0.5524605016061994,0.36026921231189263,0.24077524064208639
37.94,-2.291080857909883,-2.2545323140868567,0.5493868081976515,0.3568184960773511,0.238746177558385
38.01,-2.2910009842563714,-2.253486930683473,0.5462820540537997,0.3533677798428096,0.2367171144746836
38.08,-2.2909211106028597,-2.2524415472800894,0.5431465998182956,0.3499170636082681,0.2346880513909822
38.15,-2.290841236949348,-2.2513961638767057,0.5399808061347906,0.34646634737372656,0.23265898830728077
38.22,-2.2907613632958364,-2.250350780473322,0.5367850336469371,0.34301563113918504,0.2306299252235794
38.29,-2.290681489642324,-2.2493053970699384,0.5335596429983864,0.3395649149046435,0.22860086213987796
38.36,-2.2906016159888125,-2.2482600136665543,0.5303049948327905,0.33611419867010195,0.22657179905617653
38.43,-2.2905217423353013,-2.247214630263171,0.5270214497938012,0.33266348243556043,0.22454273597247515
38.5,-2.290441868681789,-2.246169246859788,0.5237093685250699,0.3292127662010189,0.22251367288877372
38.57,-2.2903619950282774,-2.2451238634564037,0.5203691116702488,0.32576204996647734,0.2204846098050723
38.64,-2.2902821213747657,-2.24407848005302,0.5170010398729893,0.3223113337319359,0.2184555467213709
38.71,-2.290202247721254,-2.2430330966496363,0.5136055137769434,0.31886061749739436,0.2164264836376695
38.78,-2.2901223740677423,-2.2419877132462527,0.510182894025763,0.3154099012628528,0.21439742055396807
38.85,-2.2900425004142306,-2.240942329842869,0.5067335412630993,0.3119591850283113,0.2123683574702667
38.92,-2.289962626760719,-2.2398969464394853,0.5032578161326046,0.3085084687937698,0.21033929438656526
38.99,-2.2898827531072072,-2.2388515630361017,0.49975607927793053,0.3050577525592282,0.20831023130286383
39.06,-2.2898028794536955,-2.237806179632718,0.4962286913427287,0.3016070363246867,0.20628116821916245
39.13,-2.289723005800184,-2.2367607962293343,0.49267601297065106,0.29815632009014514,0.20425210513546102
39.2,-2.2896431321466717,-2.2357154128259507,0.4890984048053491,0.2947056038556036,0.2022230420517596
39.27,-2.28956325849316,-2.234670029422567,0.48549622749047494,0.29125488762106216,0.2001939789680582
39.34,-2.2894833848396483,-2.2336246460191833,0.4818698416696801,0.2878041713865206,0.19816491588435678
39.41,-2.2894035111861366,-2.2325792626157996,0.4782196079866168,0.2843534551519794,0.1961358528006556
39.48,-2.289323637532625,-2.231533879212416,0.474545887084936,0.2809027389174379,0.19410678971695416
39.55,-2.2892437638791128,-2.2304884958090323,0.47084903960829,0.2774520226828963,0.19207772663325276
39.62,-2.289163890225601,-2.2294431124056486,0.4671294262003303,0.27400130644835485,0.19004866354955138
39.69,-2.2890840165720894,-2.228397729002265,0.4633874075047088,0.27055059021381334,0.18801960046584995
39.76,-2.2890041429185777,-2.2273523455988813,0.45962334416507733,0.2670998739792717,0.18599053738214855
39.83,-2.288924269265066,-2.2263069621954976,0.45583759682508757,0.26364915774473024,0.18396147429844714
39.9,-2.2888443956115543,-2.225261578792114,0.45203052612839134,0.2601984415101887,0.18193241121474574
39.97,-2.2887645219580426,-2.2242161953887303,0.44820249271864027,0.25674772527564715,0.1799033481310443
40.04,-2.2886846483045313,-2.223170811985347,0.4443538572394863,0.2532970090411057,0.17787428504734293
40.11,-2.288604774651019,-2.2221254285819634,0.4404849803345811,0.24984629280656412,0.1758452219636415
40.18,-2.2885249009975075,-2.2210800451785793,0.43659622264757625,0.2463955765720226,0.17381615887994006
40.25,-2.288445027343996,-2.2200346617751956,0.4326879448221239,0.24294486033748114,0.1717870957962387
40.32,-2.288365153690484,-2.218989278371812,0.4287605075018755,0.23949414410293954,0.16975803271253725
40.39,-2.2882852800369724,-2.2179438949684283,0.4248142713304829,0.23604342786839802,0.16772896962883582
40.46,-2.2882054063834607,-2.2168985115650446,0.42084959695159796,0.23259271163385656,0.16569990654513445
40.53,-2.2881255327299486,-2.215853128161661,0.4168668450088724,0.22914199539931496,0.163670843461433
40.6,-2.2880456590764373,-2.2148077447582772,0.4128663761459578,0.22569127916477344,0.1616417803777316
40.67,-2.287965785422925,-2.2137623613548936,0.4088485510065063,0.22224056293023192,0.1596127172940302
40.74,-2.2484741519433515,-2.156786551148048,0.40481373023416917,0.2187898466956904,0.1575836542103288
40.81,-2.2089825184637784,-2.099810740941203,0.40076227447259855,0.2153391304611489,0.15555459112662737
40.88,-2.1694908849842043,-2.0428349307343576,0.3966945443654461,0.21188841422660737,0.15352552804292596
40.95,-2.129999251504631,-1.9858591205275122,0.3926109005563635,0.20843769799206582,0.15149646495922456
41.02,-2.090507618025058,-1.9288833103206668,0.3885117036890026,0.2049869817575243,0.14946740187552313
41.09,-2.0510159845454843,-1.8719075001138215,0.3843973144070151,0.20153626552298276,0.14743833879182172
41.16,-2.0115243510659147,-1.8149316899069818,0.3802680933540533,0.19808554928844158,0.14540927570812057
41.23,-1.972032717586341,-1.7579558797001367,0.37612440117376805,0.19463483305390006,0.14338021262441913
41.3,-1.9325410841067676,-1.700980069493291,0.37196659850981156,0.19118411681935854,0.14135114954071773
41.37,-1.8930494506271944,-1.6440042592864461,0.36779504600583546,0.18773340058481702,0.13932208645701633
41.44,-1.853557817147621,-1.5870284490796007,0.36361010430549157,0.18428268435027545,0.1372930233733149
41.51,-1.8140661836680474,-1.5300526388727553,0.3594121340524319,0.18083196811573396,0.1352639602896135
41.58,-1.774574550188474,-1.47307682866591,0.3552014958903078,0.17738125188119241,0.13323489720591206
41.65,-1.7350829167089004,-1.4161010184590646,0.3509785504627713,0.1739305356466509,0.13120583412221065
41.72,-1.695591283229327,-1.3591252082522192,0.34674365841347415,0.17047981941210935,0.12917677103850925
41.79,-1.6560996497497533,-1.302149398045374,0.342497180386068,0.16702910317756783,0.12714770795480784
41.86,-1.61660801627018,-1.2451735878385286,0.3382394770242047,0.16357838694302632,0.12511864487110644
41.93,-1.5771163827906065,-1.1881977776316832,0.33397090897153603,0.16012767070848477,0.12308958178740503
42.0,-1.5376247493110329,-1.131221967424838,0.3296918368717135,0.15667695447394325,0.1210605187037036
42.07,-1.4981331158314597,-1.0742461572179927,0.3254026213683894,0.15322623823940174,0.1190314556200022
42.14,-1.458641482351886,-1.017270347011147,0.321103623105215,0.14977552200486022,0.11700239253630079
42.21,-1.4191498488723127,-0.9350437577412336,0.3167952027258421,0.14632480577031867,0.11497332945259936
42.28,-1.379658215392739,-0.8528171684713199,0.3124777208739228,0.14287408953577715,0.11294426636889796
42.35,-1.3401665819131656,-0.7705905792014061,0.3081515381931086,0.13942337330123564,0.11091520328519656
42.42,-1.3006749484335924,-0.6883639899314924,0.3038170153270513,0.1359726570666941,0.10888614020149515
42.49,-1.2611833149540186,-0.6061374006615787,0.2994745129194027,0.13252194083215257,0.10685707711779374
42.56,-1.2216916814744452,-0.5239108113916651,0.2951243916138146,0.129071224597611,0.10482801403409232
42.63,-1.1822000479948716,-0.4416842221217513,0.29076701205393857,0.12562050836306948,0.10279895095039092
42.7,-1.1427084145152984,-0.3594576328518377,0.28640273488342666,0.122169792128528,0.10076988786668951
42.77,-1.1032167810357247,-0.277231043581924,0.28203192074593036,0.11871907589398645,0.09874082478298808
42.84,-1.0637251475561513,-0.1950044543120103,0.2776549302851016,0.11526835965944493,0.09671176169928668
42.91,-1.024233514076582,-0.11277786504210485,0.27327212414459245,0.11181764342490375,0.09468269861558548
42.98,-0.9847418805970081,-0.030551275772191244,0.26888386296805405,0.1083669271903622,0.09265363553188405
43.05,-0.9452502471174349,0.05167531349772242,0.26449050739913826,0.10491621095582071,0.09062457244818266
43.12,-0.9057586136378616,0.13390190276763614,0.2600924180814971,0.10146549472127918,0.08859550936448125
43.19,-0.8662669801582878,0.2161284920375498,0.25568995565878216,0.09801477848673762,0.08656644628077984
43.26,-0.8267753466787146,0.2983550813074635,0.25128348077464546,0.0945640622521961,0.08453738319707843
43.33,-0.7872837131991408,0.38058167057737724,0.24687335407273842,0.09111334601765461,0.08250832011337703
43.4,-0.7477920797195676,0.4628082598472909,0.24245993619671294,0.08766262978311305,0.0804792570296756
43.47,-0.7083004462399938,0.5450348491172047,0.23804358779022095,0.08421191354857153,0.07845019394597419
43.54,-0.6688088127604206,0.6272614383871183,0.23362466949691396,0.08076119731403,0.07642113086227278
43.61,-0.6293171792808471,0.6455837067214029,0.22920354196044387,0.07731048107948849,0.07439206777857137
43.68,-0.5898255458012736,0.6639059750556874,0.2247805658244625,0.07385976484494697,0.07236300469486996
43.75,-0.5503339123217,0.6822282433899719,0.2203561017326215,0.07040904861040542,0.07033394161116854
43.82,-0.5108422788421265,0.7005505117242565,0.21593051032857263,0.0669583323758639,0.06830487852746714
43.89,-0.471350645362553,0.7188727800585409,0.21150415225596764,0.06350761614132237,0.06627581544376573
43.96,-0.4318590118829796,0.7371950483928256,0.2070773881584584,0.06005689990678085,0.06424675236006433
44.03,-0.3923673784034063,0.7555173167271101,0.2026505786796966,0.05660618367223931,0.06221768927636291
44.1,-0.3528757449238328,0.7738395850613946,0.19822408446333392,0.05315546743769779,0.06018862619266149
44.17,-0.31338411144425926,0.7921618533956791,0.19379826615302229,0.04970475120315626,0.05815956310896009
44.24,-0.27389247796468574,0.8104841217299638,0.18937348439241342,0.04625403496861474,0.05613050002525868
44.31,-0.23440084448511223,0.8288063900642484,0.184950099825159,0.042803318734073205,0.054101436941557265
44.38,-0.1949092110055387,0.8471286583985328,0.18052847309491082,0.039352602499531694,0.05207237385785586
44.45,-0.1554175775259652,0.8654509267328174,0.1761089648453207,0.035901886264990156,0.05004331077415444
44.52,-0.11592594404639178,0.883773195067102,0.17169193572004032,0.03245117003044863,0.04801424769045304
44.59,-0.07643431056681826,0.9020954634013865,0.16727774636272155,0.029000453795907093,0.045985184606751627
44.66,-0.036942677087248854,0.9204177317356692,0.16286675741701653,0.025549737561365922,0.04395612152305042
44.73,0.002548956392324553,0.9387400000699537,0.15845932952657601,0.022099021326824397,0.041927058439349005
44.8,0.04204058987189818,0.9570622684042381,0.1540558233350524,0.01864830509228286,0.0398979953556476
44.87,0.08153222335147159,0.9753845367385228,0.14965659948609739,0.015197588857741348,0.037868932271946196
44.94,0.12102385683104522,0.9937068050728073,0.14526201862336274,0.01174687262319981,0.03583986918824478
45.01,0.1605154903106185,1.0120290734070918,0.14087244139050023,0.008296156388658285,0.033810806104543366
45.08,0.20000712379019192,1.0303513417413763,0.1364882284311615,0.0048454401541167605,0.031781743020841954
45.15,0.23949875726976555,1.0486736100756608,0.13210974038899848,0.001394723919575229,0.029752679937140546
45.22,0.27899039074933885,1.0669958784099454,0.1277373379076629,-0.0020559923149662956,0.02772361685343914
45.29,0.3184820242289125,1.08531814674423,0.12337138163080642,-0.00550670854950782,0.025694553769737727
45.36,0.3579736577084859,1.1036404150785146,0.11901223220208092,-0.008957424784049352,0.023665490686036315
45.43,0.3974652911880595,1.1219626834127991,0.11466025026513801,-0.012408141018590876,0.021636427602334904
45.5,0.43695692466763286,1.1402849517470837,0.11031579646362961,-0.015858857253132408,0.019607364518633496
45.57,0.4764485581472063,1.1586072200813682,0.10597923144120745,-0.019309573487673933,0.017578301434932084
45.64,0.5159401916267798,1.1769294884156527,0.10165091584152328,-0.022760289722215457,0.015549238351230678
45.71,0.5554318251063532,1.1952517567499372,0.09733121030822876,-0.02621100595675698,0.013520175267529265
45.78,0.5949234585859269,1.2135740250842217,0.0930204754849758,-0.029661722191298517,0.011491112183827853
45.85,0.6344150920655002,1.2318962934185063,0.08871907201541607,-0.03311243842584004,0.00946204910012644
45.92,0.6739067255450737,1.250218561752791,0.08442736054320137,-0.03656315466038157,0.007432986016425033
45.99,0.7133983590246472,1.2685408300870755,0.08014570171198349,-0.0400138708949231,0.0054039229327236225
46.06,0.7528899925042207,1.28686309842136,0.07587445616541406,-0.04346458712946462,0.003374859849022211
46.13,0.7923816259837941,1.3051853667556448,0.07161398454714503,-0.04691530336400615,0.0013457967653208013
46.2,0.8318732594633677,1.3235076350899289,0.06736464750082803,-0.05036601959854768,-0.000683266318380611
46.27,0.8713648929429412,1.3418299034242136,0.06312680567011493,-0.053816735833089206,-0.0027123294020820208
46.34,0.9108565264225146,1.3601521717584981,0.05890081969865736,-0.057267452067630724,-0.00474139248578343
46.41,0.9503481599020841,1.3784744400927809,0.05468705023010759,-0.06071816830217191,-0.0067704555694846355
46.48,0.9432022080254439,1.3298805807785998,0.050485992926313464,-0.057835086298442494,-0.006872576383647415
46.55,0.9360562561488033,1.2812867214644186,0.046298683521912076,-0.05495200429471307,-0.006974697197810194
46.62,0.928910304272163,1.2326928621502378,0.04212629276973694,-0.052068922290983664,-0.007076818011972973
46.69,0.9217643523955227,1.1840990028360567,0.03796999142262169,-0.04918584028725425,-0.007178938826135753
46.76,0.9146184005188822,1.1355051435218755,0.033830950233399874,-0.046302758283524835,-0.007281059640298531
46.83,0.9074724486422419,1.0869112842076945,0.029710339954905105,-0.04341967627979541,-0.007383180454461311
46.9,0.9003264967656016,1.0383174248935134,0.02560933133997091,-0.040536594276066,-0.007485301268624091
46.97,0.8931805448889611,0.9897235655793325,0.02152909514143097,-0.037653512272336584,-0.007587422082786869
47.04,0.8860345930123208,0.9411297062651516,0.017470802112118752,-0.03477043026860716,-0.007689542896949649
47.11,0.8788886411356804,0.8925358469509703,0.013435623004867928,-0.03188734826487775,-0.007791663711112428
47.18,0.8717426892590401,0.8439419876367893,0.009424728572512043,-0.02900426626114833,-0.007893784525275206
47.25,0.8645967373823997,0.7953481283226085,0.005439289567884659,-0.026121184257418925,-0.007995905339437986
47.32,0.8574507855057594,0.7467542690084272,0.001480476743819417,-0.023238102253689503,-0.008098026153600765
47.39,0.850304833629119,0.6981604096942462,-0.002450539146850152,-0.02035502024996009,-0.008200146967763545
47.46,0.8431588817524787,0.6495665503800653,-0.006352587351290475,-0.017471938246230667,-0.008302267781926324
47.53,0.8360129298758382,0.6009726910658841,-0.010224497116667909,-0.01458885624250126,-0.008404388596089104
47.6,0.8288669779991978,0.5523788317517032,-0.014065097690148907,-0.011705774238771838,-0.008506509410251882
47.67,0.8217210261225575,0.5037849724375221,-0.017873218318899885,-0.008822692235042423,-0.008608630224414661
47.74,0.8145750742459172,0.4551911131233411,-0.021647688250087296,-0.005939610231313008,-0.00871075103857744
47.81,0.8074291223692768,0.40659725380916,-0.0253873367308775,-0.0030565282275835937,-0.00881287185274022
47.88,0.8002831704926364,0.358003394494979,-0.029090993008436948,-0.00017344622385417896,-0.008914992666902998
47.95,0.793137218615996,0.30940953518079795,-0.03275748632993204,0.0027096357798752357,-0.009017113481065778
48.02,0.7859912667393556,0.26081567586661697,-0.0363856459425292,0.0055927177836046504,-0.009119234295228557
48.09,0.7788453148627154,0.21222181655243583,-0.039974301093394865,0.008475799787334065,-0.009221355109391337
48.16,0.7716993629860757,0.1636279572382598,-0.04352228102969506,0.011358881791063188,-0.009323475923554106
48.23,0.7645534111094353,0.11503409792407882,-0.047028414998596946,0.014241963794792617,-0.009425596737716885
48.3,0.757407459232795,0.06644023860989767,-0.050491532247266574,0.01712504579852203,-0.009527717551879665
48.37,0.7502615073561546,0.017846379295716697,-0.053910462022870344,0.020008127802251446,-0.009629838366042443
48.44,0.7431155554795141,-0.03074748001846439,-0.05728403357257471,0.02289120980598086,-0.009731959180205224
48.51,0.7359696036028739,-0.07934133933264542,-0.06061107614354609,0.02577429180971027,-0.009834079994368002
48.58,0.7288236517262335,-0.1279351986468265,-0.06389041898295082,0.028657373813439697,-0.009936200808530781
48.65,0.7216776998495931,-0.17652905796100754,-0.06712089133795546,0.031540455817169105,-0.010038321622693561
48.72,0.7145317479729528,-0.22512291727518846,-0.0703013224557263,0.03442353782089852,-0.010140442436856339
48.79,0.7073857960963125,-0.27371677658936955,-0.07343054158342979,0.03730661982462794,-0.010242563251019118
48.86,0.700239844219672,-0.32231063590355064,-0.0765073779682324,0.04018970182835737,-0.010344684065181898
48.93,0.6930938923430316,-0.3709044952177316,-0.07953066085730048,0.04307278383208677,-0.010446804879344677
49.0,0.6859479404663913,-0.41949835453191275,-0.0824992194978005,0.045955865835816186,-0.010548925693507457
49.07,0.6788019885897509,-0.4680922138460938,-0.08541188313689883,0.04883894783954561,-0.010651046507670237
49.14,0.6716560367131106,-0.5166860731602747,-0.08826748102176196,0.05172202984327502,-0.010753167321833014
49.21,0.6645100848364702,-0.5652799324744557,-0.09106484239955617,0.05460511184700443,-0.010855288135995794
49.28,0.65736413295983,-0.613873791788637,-0.09380279651744806,0.05748819385073386,-0.010957408950158573
49.35,0.6502181810831895,-0.6624676511028179,-0.09648017262260392,0.060371275854463266,-0.011059529764321351
49.42,0.6540944384250773,-0.6212623523446378,-0.0990957999621902,0.06325435785819267,-0.01116165057848413
49.49,0.6579706957669651,-0.5800570535864575,-0.10164850778337332,0.06613743986192208,-0.01126377139264691
49.56,0.6618469531088529,-0.5388517548282774,-0.10413712533331973,0.06902052186565151,-0.01136589220680969
49.63,0.6657232104507408,-0.4976464560700972,-0.1065604818591958,0.07190360386938092,-0.01146801302097247
49.7,0.6695994677926285,-0.45644115731191703,-0.10891740660816797,0.07478668587311033,-0.011570133835135249
49.77,0.6734757251345164,-0.4152358585537369,-0.11120672882740261,0.07766976787683977,-0.011672254649298029
49.84,0.6773519824764043,-0.3740305597955568,-0.11342727776406622,0.08055284988056917,-0.011774375463460808
49.91,0.6812282398182915,-0.33282526103738075,-0.11557788266532495,0.08343593188429829,-0.011876496277623577
49.98,0.6851044971601794,-0.2916199622792006,-0.11765737277834572,0.08631901388802772,-0.011978617091786353
50.05,0.6889807545020672,-0.25041466352102043,-0.11966457735029462,0.08920209589175714,-0.012080737905949135
50.12,0.692857011843955,-0.20920936476284024,-0.12159832562833812,0.09208517789548656,-0.012182858720111914
50.19,0.6967332691858428,-0.16800406600466006,-0.12345744685964263,0.09496825989921595,-0.012284979534274692
50.26,0.7006095265277306,-0.12679876724648004,-0.1252407702913746,0.0978513419029454,-0.012387100348437471
50.33,0.7044857838696185,-0.0855934684882998,-0.12694712517070042,0.10073442390667481,-0.012489221162600251
50.4,0.7083620412115063,-0.04438816973011961,-0.1285753407447865,0.10361750591040421,-0.01259134197676303
50.47,0.7122382985533942,-0.003182870971939422,-0.13012424626079927,0.10650058791413364,-0.01269346279092581
50.54,0.7161145558952818,0.038022427786240764,-0.13159267096590516,0.10938366991786305,-0.01279558360508859
50.61,0.7199908132371696,0.0792277265444209,-0.13297944410727058,0.11226675192159244,-0.01289770441925137
50.68,0.7238670705790575,0.12043302530260108,-0.13428339493206193,0.11514983392532188,-0.012999825233414149
50.75,0.7277433279209453,0.1616383240607812,-0.13550335268744562,0.1180329159290513,-0.013101946047576928
50.82,0.7316195852628331,0.2028436228189613,-0.13663814662058815,0.1209159979327807,-0.013204066861739704
50.89,0.7354958426047209,0.24404892157714153,-0.13768660597865584,0.12379907993651013,-0.013306187675902486
50.96,0.7393720999466087,0.28525422033532166,-0.13864756000881512,0.12668216194023954,-0.013408308490065265
51.03,0.7432483572884966,0.32645951909350185,-0.13951983795823247,0.12956524394396896,-0.013510429304228043
51.1,0.7471246146303843,0.367664817851682,-0.14030226907407425,0.13244832594769837,-0.013612550118390822
51.17,0.7510008719722722,0.4088701166098623,-0.14099368260350692,0.13533140795142778,-0.013714670932553602
51.24,0.7548771293141601,0.4500754153680424,-0.14159290779369685,0.13821448995515717,-0.013816791746716382
51.31,0.7587533866560477,0.49128071412622265,-0.14209877389181053,0.14109757195888664,-0.013918912560879161
51.38,0.7626296439979355,0.5324860128844027,-0.1425101101450142,0.14398065396261603,-0.01402103337504194
51.45,0.7665059013398233,0.5736913116425828,-0.14282574580047452,0.14686373596634547,-0.014123154189204717
51.52,0.7703821586817112,0.6148966104007629,-0.14304451010535776,0.14974681797007489,-0.0142252750033675
51.59,0.774258416023599,0.6561019091589431,-0.14316523230683037,0.15262989997380427,-0.014327395817530278
51.66,0.7781346733654865,0.6973072079171192,-0.14318674165205883,0.15551298197753344,-0.014429516631693047
51.73,0.7820109307073743,0.7385125066752993,-0.1431078673882094,0.15839606398126282,-0.014531637445855825
51.8,0.7858871880492619,0.7797178054334793,-0.14292743876244873,0.16127914598499224,-0.014633758260018604
51.87,0.7897634453911497,0.8209231041916596,-0.14264428502194293,0.16416222798872165,-0.014735879074181384
51.94,0.7936397027330376,0.8621284029498397,-0.14225723541385873,0.16704530999245107,-0.014837999888344163
52.01,0.7975159600749255,0.90333370170802,-0.14176511918536236,0.16992839199618048,-0.014940120702506943
52.08,0.8013922174168132,0.9445390004662001,-0.1411667655836203,0.17281147399990993,-0.015042241516669722
52.15,0.8052684747587011,0.9857442992243802,-0.14046100385579893,0.1756945560036393,-0.015144362330832502
52.22,0.8091447321005889,1.0269495979825605,-0.13964666324906472,0.17857763800736873,-0.01524648314499528
52.29,0.8087549232877734,1.0448146075527496,-0.1387231826094521,0.18146072001109814,-0.01534860395915806
52.36,0.8083651144749582,1.0626796171229387,-0.1376924391784678,0.18434380201482756,-0.015450724773320837
52.43,0.8079753056621428,1.0805446266931278,-0.13655691979648665,0.187226884018557,-0.015552845587483616
52.5,0.8075854968493275,1.0984096362633167,-0.1353191113038834,0.19010996602228641,-0.015654966401646396
52.57,0.8071956880365121,1.1162746458335058,-0.13398150054103278,0.19299304802601583,-0.015757087215809176
52.64,0.8068058792236965,1.1341396554036949,-0.13254657434830971,0.19587613002974522,-0.015859208029971955
52.71,0.8064160704108813,1.152004664973884,-0.13101681956608874,0.19875921203347463,-0.015961328844134735
52.78,0.8060262615980658,1.1698696745440729,-0.12939472303474495,0.20164229403720405,-0.016063449658297514
52.85,0.8056364527852505,1.187734684114262,-0.12768277159465288,0.2045253760409335,-0.01616557047246029
52.92,0.8052466439724351,1.205599693684451,-0.1258834520861874,0.2074084580446629,-0.016267691286623073
52.99,0.8048568351596197,1.2234647032546402,-0.1239992513497233,0.21029154004839232,-0.01636981210078585
53.06,0.8044670263468043,1.2413297128248293,-0.12203265622563537,0.2131746220521217,-0.016471932914948632
53.13,0.804077217533989,1.2591947223950184,-0.11998615355429837,0.21605770405585115,-0.01657405372911141
53.2,0.8036874087211736,1.2770597319652075,-0.11786223017608707,0.21894078605958053,-0.016676174543274188
53.27,0.8032975999083581,1.2949247415353964,-0.1156633729313763,0.22182386806330998,-0.016778295357436968
53.34,0.8029077910955429,1.3127897511055855,-0.11339206866054077,0.22470695006703936,-0.01688041617159975
53.41,0.8025179822827275,1.3306547606757726,-0.11105080420395558,0.2275900320707685,-0.016982536985762516
53.48,0.802128173469912,1.3485197702459617,-0.108642066401995,0.23047311407449791,-0.017084657799925296
53.55,0.8017383646570968,1.3663847798161508,-0.10616834209503405,0.23335619607822733,-0.017186778614088075
53.62,0.8013485558442812,1.38424978938634,-0.10363211812344751,0.23623927808195677,-0.017288899428250855
53.69,0.800958747031466,1.402114798956529,-0.10103588132761016,0.2391223600856862,-0.017391020242413634
53.76,0.8646878800517475,1.4199798085267181,-0.09838211854789677,0.2420054420894156,-0.017493141056576414
53.83,0.9284170130720292,1.4378448180969072,-0.09567331662468218,0.24488852409314504,-0.01759526187073919
53.9,0.9921461460923106,1.4557098276670963,-0.0929119623983411,0.2477716060968744,-0.017697382684901973
53.97,1.0558752791125923,1.4735748372372852,-0.09010054270924833,0.2506546881006038,-0.01779950349906475
54.04,1.1196044121328739,1.4914398468074745,-0.0872415443977787,0.25353777010433326,-0.017901624313227532
54.11,1.1833335451531553,1.5093048563776634,-0.08433745430430695,0.2564208521080627,-0.018003745127390308
54.18,1.2470626781734366,1.5271698659478525,-0.08139075926920779,0.25930393411179203,-0.018105865941553088
54.25,1.3107918111937185,1.5450348755180414,-0.07840394613285614,0.26218701611552153,-0.018207986755715867
54.32,1.3745209442139998,1.5628998850882305,-0.07537950173562678,0.2650700981192509,-0.018310107569878647
54.39,1.4382500772342814,1.5807648946584196,-0.0723199129178944,0.2679531801229803,-0.018412228384041426
54.46,1.501979210254563,1.5986299042286087,-0.06922766652003381,0.27083626212670975,-0.018514349198204202
54.53,1.5657083432748444,1.6164949137987978,-0.06610524938241977,0.2737193441304392,-0.018616470012366985
54.6,1.6294374762951263,1.6343599233689867,-0.0629551483454271,0.2766024261341685,-0.01871859082652976
54.67,1.6931666093154076,1.652224932939176,-0.0597798502494306,0.279485508137898,-0.018820711640692545
54.74,1.756895742335689,1.6700899425093652,-0.056581841934805026,0.2823685901416274,-0.01892283245485532
54.81,1.8206248753559708,1.687954952079554,-0.053363610241925125,0.2852516721453568,-0.0190249532690181
54.88,1.8843540083762522,1.7058199616497431,-0.05012764201116574,0.2881347541490863,-0.01912707408318088
54.95,1.9480831413965338,1.723684971219932,-0.046876424082901644,0.2910178361528157,-0.019229194897343663
55.02,2.011812274416815,1.7415499807901214,-0.043612443297507575,0.29390091815654507,-0.01933131571150644
55.09,2.075541407437097,1.7594149903603102,-0.04033818649535837,0.2967840001602745,-0.01943343652566922
55.16,2.139270540457372,1.7772799999304976,-0.03705614051682909,0.2996670821640036,-0.019535557339831984
55.23,2.1458156483393775,1.7951450095006865,-0.03376879220229385,0.30255016416773306,-0.019637678153994767
55.3,2.1523607562213827,1.8130100190708758,-0.0304786283921279,0.30543324617146245,-0.019739798968157543
55.37,2.158905864103388,1.8308750286410647,-0.027188135926705815,0.3083163281751919,-0.019841919782320326
55.44,2.1654509719853934,1.8487400382112538,-0.023899801646402527,0.3111994101789213,-0.019944040596483106
55.51,2.171996079867399,1.8666050477814427,-0.02061611239159276,0.31408249218265066,-0.02004616141064588
55.58,2.1785411877494036,1.884470057351632,-0.01733955500265129,0.3169655741863801,-0.02014828222480866
55.65,2.185086295631409,1.9023350669218209,-0.014072616319952918,0.31984865619010955,-0.02025040303897144
55.72,2.191631403513415,1.92020007649201,-0.010817783183872477,0.3227317381938389,-0.02035252385313422
55.79,2.19817651139542,1.9380650860621993,-0.007577542434784631,0.3256148201975684,-0.020454644667296996
55.86,2.204721619277425,1.9559300956323882,-0.004354380913064211,0.32849790220129776,-0.02055676548145978
55.93,2.2112667271594306,1.9737951052025775,-0.0011507854590861021,0.33138098420502715,-0.020658886295622556
56.0,2.217811835041436,1.9916601147727664,0.0020307570867751125,0.3342640662087566,-0.02076100710978534
56.07,2.2243569429234413,2.0095251243429555,0.00518775988414444,0.33714714821248604,-0.020863127923948118
56.14,2.2309020508054465,2.0273901339131446,0.008317736092647266,0.34003023021621537,-0.020965248738110894
56.21,2.237447158687452,2.0452551434833337,0.011418198871908704,0.34291331221994487,-0.021067369552273674
56.28,2.2439922665694576,2.0631201530535224,0.01448666138155401,0.3457963942236743,-0.021169490366436457
56.35,2.2505373744514623,2.080985162623712,0.017520636781208382,0.3486794762274037,-0.021271611180599233
56.42,2.257082482333468,2.0988501721939006,0.02051763823049712,0.35156255823113314,-0.021373731994762012
56.49,2.2636275902154734,2.1167151817640897,0.02347517888904532,0.3544456402348625,-0.021475852808924792
56.56,2.270172698097478,2.134580191334279,0.026390771916478296,0.35732872223859197,-0.021577973623087568
56.63,2.2767178059794837,2.152445200904468,0.02926193047242118,0.36021180424232135,-0.02168009443725035
56.7,2.2832629138614893,2.170310210474657,0.032086167716499234,0.3630948862460508,-0.02178221525141313
56.77,2.2898080217434944,2.188175220044846,0.0348609968083377,0.3659779682497802,-0.021884336065575907
56.84,2.2963531296255,2.206040229615035,0.03758393090756178,0.3688610502535096,-0.02198645687973869
56.91,2.3028982375075047,2.223905239185222,0.04025248317379642,0.37174413225723874,-0.022088577693901455
56.98,2.30944334538951,2.241770248755411,0.04286416676666738,0.3746272142609681,-0.02219069850806424
57.05,2.315988453271515,2.2596352583256003,0.04541649484579959,0.37751029626469756,-0.022292819322227014
57.12,2.3225335611535205,2.2775002678957894,0.04790698057081829,0.38039337826842695,-0.02239494013638979
57.19,2.3290786690355256,2.2953652774659785,0.05033313710134865,0.3832764602721564,-0.022497060950552573
57.26,2.335623776917531,2.313230287036168,0.052692477597015966,0.3861595422758858,-0.022599181764715353
57.33,2.3421688847995363,2.331095296606357,0.05498251521744538,0.3890426242796152,-0.022701302578878133
57.4,2.3487139926815415,2.348960306176546,0.05720076312226219,0.3919257062833446,-0.022803423393040912
57.47,2.355259100563547,2.366825315746735,0.05934473447109154,0.39480878828707405,-0.02290554420720369
57.54,2.3618042084455526,2.384690325316924,0.06141194242355866,0.39769187029080344,-0.02300766502136647
57.61,2.3683493163275573,2.402555334887113,0.06339990013928883,0.4005749522945329,-0.02310978583552925
57.68,2.374894424209563,2.420420344457302,0.0653061207779072,0.4034580342982623,-0.023211906649692027
57.75,2.3814395320915684,2.438285354027491,0.06712811749903899,0.4063411163019917,-0.02331402746385481
57.82,2.3879846399735736,2.4561503635976805,0.06886340346230947,0.40922419830572115,-0.023416148278017586
57.89,2.3945297478555787,2.4740153731678696,0.0705094918273438,0.41210728030945054,-0.023518269092180365
57.96,2.4010748557375843,2.4918803827380582,0.07206389575376723,0.41499036231318,-0.023620389906343145
58.03,2.4076199636195894,2.5097453923082473,0.07352412840120498,0.41787344431690937,-0.023722510720505924
58.1,2.40511798455908,2.5063209059047376,0.0748882380365906,0.42205024729272217,-0.0238246315346687
58.17,2.4026160054985715,2.5028964195012287,0.07615641335609134,0.4262270502685351,-0.023926752348831487
58.24,2.4001140264380623,2.499471933097719,0.07732937816318264,0.4304038532443479,-0.024028873162994263
58.31,2.397612047377553,2.496047446694209,0.07840785626134007,0.4345806562201607,-0.02413099397715704
58.38,2.395110068317044,2.4926229602906993,0.07939257145403919,0.43875745919597353,-0.024233114791319822
58.45,2.3926080892565347,2.4891984738871904,0.08028424754475544,0.44293426217178633,-0.0243352356054826
58.52,2.390106110196026,2.4857739874836806,0.08108360833696444,0.44711106514759913,-0.024437356419645378
58.59,2.3876041311355167,2.482349501080171,0.0817913776341417,0.451287868123412,-0.02453947723380816
58.66,2.385102152075008,2.4789250146766615,0.08240827923976263,0.4554646710992244,-0.024641598047970927
58.73,2.3826001730144992,2.475500528273152,0.08293503695730296,0.4596414740750372,-0.02474371886213371
58.8,2.38009819395399,2.472076041869643,0.08337237459023818,0.46381827705085005,-0.024845839676296486
58.87,2.3775962148934804,2.468651555466133,0.08372101594204372,0.46799508002666285,-0.024947960490459265
58.94,2.3750942358329716,2.4652270690626237,0.08398168481619521,0.4721718830024757,-0.025050081304622045
59.01,2.3725922567724624,2.461802582659114,0.0841551050161681,0.4763486859782885,-0.02515220211878482
59.08,2.3700902777119532,2.458378096255604,0.084242000345438,0.48052548895410135,-0.025254322932947604
59.15,2.367588298651444,2.4549536098520943,0.08424309460748038,0.4847022919299142,-0.025356443747110383
59.22,2.365086319590935,2.451529123448585,0.08415911160577086,0.488879094905727,-0.02545856456127316
59.29,2.362584340530426,2.4481046370450756,0.08399077514378482,0.4930558978815398,-0.02556068537543594
59.36,2.360082361469917,2.444680150641566,0.08373880902499793,0.4972327008573526,-0.025662806189598722
59.43,2.3575803824094077,2.4412556642380565,0.08340393705288561,0.5014095038331654,-0.025764927003761498
59.5,2.355078403348899,2.4378311778345467,0.0829868830309235,0.5055863068089783,-0.025867047817924278
59.57,2.3525764242883893,2.4344066914310374,0.08248837076258708,0.5097631097847911,-0.025969168632087057
59.64,2.3500744452278806,2.4309822050275276,0.08190912405135184,0.5139399127606039,-0.026071289446249837
59.71,2.3475724661673714,2.4275577186240183,0.08124986670069341,0.5181167157364168,-0.026173410260412616
59.78,2.345070487106862,2.4241332322205085,0.08051132251408723,0.5222935187122296,-0.026275531074575396
59.85,2.3425685080463534,2.420708745816999,0.07969421529500889,0.5264703216880424,-0.026377651888738172
59.92,2.340066528985844,2.4172842594134893,0.07879926884693392,0.5306471246638553,-0.02647977270290095
59.99,2.337564549925335,2.41385977300998,0.07782720697333781,0.5348239276396681,-0.026581893517063734
60.06,2.3350625708648263,2.4104352866064707,0.07677875347769614,0.5390007306154809,-0.02668401433122651
60.13,2.332560591804317,2.407010800202961,0.07565463216348439,0.5431775335912937,-0.02678613514538929
60.2,2.330058612743808,2.403586313799451,0.07445556683417806,0.5473543365671065,-0.026888255959552073
60.27,2.3275566336832987,2.4001618273959417,0.07318228129325284,0.5515311395429194,-0.02699037677371485
60.34,2.3250546546227895,2.396737340992432,0.07183549934418411,0.5557079425187322,-0.02709249758787763
60.41,2.3225526755622807,2.3933128545889226,0.07041594479044762,0.5598847454945446,-0.027194618402040398
60.48,2.3200506965017715,2.3898883681854133,0.0689243414355186,0.5640615484703575,-0.027296739216203177
60.55,2.3175487174412623,2.3864638817819035,0.0673614130828727,0.5682383514461703,-0.027398860030365957
60.62,2.3150467383807536,2.383039395378394,0.06572788353598544,0.5724151544219831,-0.027500980844528736
60.69,2.3125447593202444,2.379614908974885,0.06402447659833242,0.576591957397796,-0.027603101658691512
60.76,2.310042780259735,2.3761904225713755,0.06225191607338914,0.5807687603736087,-0.027705222472854295
60.83,2.307540801199226,2.3727659361678652,0.06041092576463109,0.5849455633494216,-0.027807343287017075
60.9,2.305038822138717,2.369341449764356,0.05850222947553384,0.5891223663252344,-0.02790946410117985
60.97,2.302536843078208,2.3659169633608466,0.05652655100957291,0.5932991693010472,-0.02801158491534263
61.04,2.300034864017699,2.362492476957337,0.054484614170223856,0.5974759722768601,-0.02811370572950541
61.11,2.2975328849571897,2.359067990553827,0.05237714276096221,0.6016527752526728,-0.02821582654366819
61.18,2.295030905896681,2.3556435041503176,0.05020486058526344,0.6058295782284857,-0.02831794735783097
61.25,2.2925289268361717,2.3522190177468083,0.04796849144660315,0.6100063812042985,-0.02842006817199375
61.32,2.2900269477756625,2.348794531343299,0.045668759148456854,0.6141831841801113,-0.028522188986156525
61.39,2.2875249687151538,2.3453700449397887,0.04330638749430002,0.6183599871559242,-0.02862430980031931
61.46,2.285022989654644,2.3419455585362794,0.04088210028760825,0.622536790131737,-0.028726430614482087
61.53,2.282521010594135,2.3385210721327696,0.038396621331857096,0.6267135931075498,-0.028828551428644864
61.6,2.280019031533626,2.3350965857292607,0.03585067443052202,0.6308903960833626,-0.028930672242807647
61.67,2.2775170524731174,2.331672099325751,0.033244983387078625,0.6350671990591754,-0.029032793056970426
61.74,2.2750150734126082,2.328247612922241,0.030580272005002372,0.6392440020349883,-0.029134913871133202
61.81,2.272513094352099,2.324823126518732,0.027857264087768837,0.6434208050108011,-0.02923703468529598
61.88,2.27001111529159,2.3213986401152225,0.02507668343885352,0.6475976079866139,-0.02933915549945876
61.95,2.2675091362310806,2.3179741537117127,0.022239253861732,0.6517744109624268,-0.029441276313621537
62.02,2.2650071571705714,2.314549667308203,0.01934569915987975,0.6559512139382396,-0.029543397127784324
62.09,2.2625051781100627,2.3111251809046935,0.016396743136772345,0.6601280169140524,-0.0296455179419471
62.16,2.2600031990495535,2.307700694501184,0.01339310959588565,0.6643048198898649,-0.029747638756109866
62.23,2.2575012199890443,2.3042762080976744,0.010335522340694507,0.6684816228656776,-0.02984975957027265
62.3,2.2549992409285355,2.300851721694165,0.007224705174674741,0.6726584258414905,-0.029951880384435428
62.37,2.2524972618680263,2.2974272352906553,0.004061381901302025,0.6768352288173034,-0.030054001198598204
62.44,2.249995282807517,2.294002748887146,0.0008462763240517368,0.6810120317931161,-0.030156122012760984
62.51,2.2474933037470084,2.290578262483636,-0.0024198877536005074,0.685188834768929,-0.030258242826923763
62.58,2.244991324686499,2.287153776080127,-0.005736386528179177,0.6893656377447418,-0.030360363641086543
62.65,2.24248934562599,2.283729289676617,-0.009102496196208763,0.6935424407205546,-0.030462484455249322
62.72,2.239987366565481,2.2803048032731077,-0.01251749295421374,0.6977192436963675,-0.0305646052694121
62.79,2.237485387504972,2.276880316869598,-0.015980652998718616,0.7018960466721803,-0.030666726083574878
62.86,2.234983408444463,2.2734558304660886,-0.019491252526247716,0.7060728496479931,-0.03076884689773766
62.93,2.2324814293839537,2.270031344062579,-0.023048567733325708,0.7102496526238059,-0.03087096771190044
63.0,2.229979450323445,2.2666068576590694,-0.026651874816476878,0.7144264555996187,-0.03097308852606322
63.07,2.2274774712629357,2.26318237125556,-0.03030044997222583,0.7186032585754315,-0.031075209340225996
63.14,2.2249754922024265,2.2597578848520503,-0.033993569397096954,0.7227800615512444,-0.03117733015438878
63.21,2.2224735131419173,2.2563333984485405,-0.03773050928761476,0.7269568645270572,-0.03127945096855156
63.28,2.2199715340814086,2.252908912045031,-0.041510545840303656,0.7311336675028701,-0.031381571782714335
63.35,2.217469555020899,2.249484425641522,-0.04533295525168817,0.7353104704786829,-0.03148369259687711
63.42,2.21496757596039,2.246059939238012,-0.04919701371829273,0.7394872734544957,-0.031585813411039894
63.49,2.212465596899881,2.2426354528345027,-0.05310199743664185,0.7436640764303086,-0.03168793422520268
63.56,2.2099636178393722,2.239210966430993,-0.05704718260325996,0.7478408794061214,-0.03179005503936545
63.63,2.2074616387788626,2.235786480027483,-0.06103184541467157,0.7520176823819342,-0.03189217585352823
63.7,2.2049596597183534,2.232361993623974,-0.06505526206740107,0.756194485357747,-0.03199429666769101
63.77,2.2024576806578446,2.2289375072204645,-0.069116708757973,0.7603712883335598,-0.03209641748185379
63.84,2.1999557015973354,2.2255130208169547,-0.07321546168291185,0.7645480913093726,-0.03219853829601657
63.91,2.1177884750579836,2.174415557531825,-0.07735079703874159,0.768724894285185,-0.03230065911017933
63.98,2.0356212485186242,2.12331809424669,-0.08152199102198754,0.7729016972609979,-0.032402779924342116
64.05,1.9534540219792644,2.072220630961555,-0.08572831982917378,0.7770785002368108,-0.0325049007385049
64.12,1.8712867954398964,2.021123167676415,-0.0899690596568252,0.7812553032126239,-0.03260702155266769
64.19,1.7891195689005448,1.9700257043912852,-0.09424348670146501,0.7854321061884364,-0.03270914236683045
64.26,1.7069523423611768,1.9189282411061452,-0.09855087715961934,0.7896089091642495,-0.03281126318099325
64.33,1.6247851158218254,1.8678307778210157,-0.10289050722781098,0.7937857121400621,-0.03291338399515601
64.4,1.5426178892824574,1.8167333145358757,-0.10726165310256613,0.7979625151158753,-0.0330155048093188
64.47,1.460450662743106,1.7656358512507457,-0.11166359098040743,0.8021393180916876,-0.03311762562348158
64.54,1.3782834362037375,1.7145383879656058,-0.11609559705786121,0.806316121067501,-0.03321974643764437
64.61,1.2961162096643861,1.663440924680476,-0.12055694753145015,0.8104929240433133,-0.03332186725180713
64.68,1.213948983125018,1.6123434613953358,-0.12504691859770045,0.8146697270191265,-0.03342398806596992
64.75,1.1317817565856667,1.561245998110206,-0.12956478645313482,0.818846529994939,-0.03352610888013269
64.82,1.0496145300463153,1.5101485348250765,-0.13410982729427864,0.8230233329707514,-0.03362822969429546
64.89,0.9674473035069469,1.4590510715399363,-0.1386813173176573,0.8272001359465646,-0.03373035050845825
64.96,0.8852800769675955,1.4079536082548065,-0.1432785327197934,0.8313769389223771,-0.033832471322621016
65.03,0.8031128504282274,1.3568561449696666,-0.14790074969721317,0.8355537418981903,-0.033934592136783806
65.1,0.7209456238888761,1.3057586816845366,-0.1525472444464394,0.8397305448740028,-0.034036712950946575
65.17,0.6387783973495077,1.2546612183993966,-0.1572172931639983,0.8439073478498159,-0.03413883376510936
65.24,0.5566111708101563,1.2035637551142668,-0.16191017204641253,0.8480841508256283,-0.034240954579272134
65.31,0.4744439442707883,1.1524662918291269,-0.16662515729020844,0.8522609538014416,-0.034343075393434924
65.38,0.3922767177314369,1.1013688285439969,-0.17136152509190855,0.856437756777254,-0.034445196207597686
65.45,0.31010949119206876,1.050271365258857,-0.1761185516480393,0.8606145597530673,-0.034547317021760476
65.52,0.22794226465271727,0.9991739019737272,-0.18089551315512314,0.8647913627288797,-0.03464943783592325
65.59,0.14577503811334902,0.948076438688587,-0.18569168580968662,0.8689681657046928,-0.034751558650086035
65.66,0.06360781157399764,0.8969789754034574,-0.1905063458082521,0.8731449686805053,-0.03485367946424881
65.73,-0.018559414965370613,0.8458815121183173,-0.19533876934734612,0.8773217716563185,-0.0349558002784116
65.8,-0.10072664150472199,0.7947840488331875,-0.20018823262349122,0.8814985746321309,-0.035057921092574364
65.87,-0.18289386804409014,0.7436865855480476,-0.20505401183321367,0.8856753776079442,-0.035160041906737154
65.94,-0.2650610945834416,0.6925891222629177,-0.2099353831730361,0.8898521805837566,-0.03526216272089993
66.01,-0.34722832112280977,0.6414916589777776,-0.21483162283948487,0.8940289835595698,-0.03536428353506271
66.08,-0.42939554766216115,0.5903941956926478,-0.21974200702908248,0.8982057865353823,-0.03546640434922548
66.15,-0.5115627742015292,0.5392967324075078,-0.22466581193835555,0.9023825895111957,-0.03556852516338828
66.22,-0.5937300007408808,0.48819926912237804,-0.2296023137638263,0.9065593924870079,-0.03567064597755104
66.29,-0.6758972272802488,0.43710180583723796,-0.2345507887020214,0.9107361954628211,-0.03577276679171383
66.36,-0.7580644538196002,0.38600434255210825,-0.23951051294946318,0.9149129984386336,-0.0358748876058766
66.43,-0.8402316803589682,0.33490687926696816,-0.2444807627026782,0.9190898014144468,-0.03597700842003938
66.5,-0.9223989068983199,0.2838094159818384,-0.24946081415818883,0.9232666043902591,-0.03607912923420216
66.57,-1.0045661334376714,0.2327119526967087,-0.25444994351252076,0.9274434073660717,-0.03618125004836492
66.64,-1.0867333599770395,0.18161448941156857,-0.25944742696219913,0.9316202103418849,-0.03628337086252771
66.71,-1.1689005865163908,0.13051702612643884,-0.26445254070374663,0.9357970133176974,-0.03638549167669049
66.78,-1.1543857311552228,0.10082398988768772,-0.26946456093368976,0.9399738162935106,-0.03648761249085328
66.85,-1.1398708757940577,0.07113095364894259,-0.2744827638485508,0.9441506192693229,-0.036589733305016046
66.92,-1.1253560204328896,0.04143791741019144,-0.2795064256448564,0.9483274222451362,-0.036691854119178836
66.99,-1.1108411650717245,0.011744881171446328,-0.28453482251912887,0.9525042252209486,-0.0367939749333416
67.06,-1.0963263097105562,-0.017948155067304836,-0.2895672306678948,0.9566810281967619,-0.03689609574750439
67.13,-1.081811454349391,-0.04764119130604995,-0.29460292628767665,0.9608578311725742,-0.036998216561667165
67.2,-1.067296598988223,-0.07733422754480107,-0.29964118557500086,0.9650346341483874,-0.037100337375829955
67.27,-1.052781743627058,-0.10702726378354618,-0.3046812847263899,0.9692114371242,-0.037202458189992724
67.34,-1.0382668882658899,-0.13672030002229732,-0.3097224999383702,0.9733882401000131,-0.037304579004155514
67.41,-1.0237520329047247,-0.1664133362610424,-0.31476410740746424,0.9775650430758256,-0.037406699818318276
67.48,-1.0092371775435565,-0.19610637249979365,-0.3198053833301986,0.9817418460516387,-0.037508820632481066
67.55,-0.9947223221823914,-0.22579940873853874,-0.3248456039030956,0.9859186490274512,-0.03761094144664384
67.62,-0.9802074668212234,-0.25549244497728985,-0.3298840453226818,0.9900954520032645,-0.03771306226080663
67.69,-0.9656926114600581,-0.285185481216035,-0.3349199837854796,0.9942722549790769,-0.037815183074969394
67.76,-0.9511777560988901,-0.31487851745478607,-0.33995269548801543,0.9984490579548901,-0.037917303889132184
67.83,-0.936662900737725,-0.3445715536935312,-0.34498145662681196,1.0026258609307024,-0.038019424703294946
67.9,-0.9221480453765569,-0.37426458993228234,-0.3500055433983955,1.0068026639065157,-0.038121545517457736
67.97,-0.9076331900153918,-0.4039576261710275,-0.35502423199928856,1.0109794668823282,-0.03822366633162051
68.04,-0.8931183346542235,-0.43365066240977856,-0.36003679862601756,1.0151562698581413,-0.0383257871457833
68.11,-0.8786034792930584,-0.46334369864852365,-0.365042519475105,1.0193330728339538,-0.03842790795994607
68.18,-0.8640886239318905,-0.49303673488727484,-0.37004067074307745,1.0235098758097672,-0.03853002877410886
68.25,-0.8495737685707253,-0.52272977112602,-0.37503052862645725,1.0276866787855794,-0.03863214958827162
68.32,-0.8350589132095602,-0.5524228073647651,-0.3800113693217698,1.0318634817613919,-0.0387342704024344
68.39,-0.820544057848392,-0.5821158436035163,-0.3849824690255408,1.0360402847372052,-0.03883639121659719
68.46,-0.8060292024872269,-0.6118088798422614,-0.3899431039342925,1.0402170877130175,-0.03893851203075996
68.53,-0.7915143471260587,-0.6415019160810125,-0.3948925502445515,1.0443938906888308,-0.03904063284492275
68.6,-0.7769994917648935,-0.6711949523197576,-0.3998300841528402,1.0485706936646433,-0.03914275365908552
68.67,-0.7624846364037254,-0.7008879885585088,-0.40475498185568515,1.0527474966404564,-0.0392448744732483
68.74,-0.7479697810425604,-0.7305810247972538,-0.40966651954960864,1.0569242996162689,-0.03934699528741108
68.81,-0.7334549256813923,-0.760274061036005,-0.4145639734311374,1.061101102592082,-0.03944911610157387
68.88,-0.7189400703202271,-0.7899670972747501,-0.4194466196967936,1.0652779055678945,-0.03955123691573663
68.95,-0.7044252149590591,-0.8196601335135013,-0.42431373454310406,1.0694547085437078,-0.03965335772989942
69.02,-0.6899103595978939,-0.8493531697522464,-0.42916459416659086,1.07363151151952,-0.039755478544062195
69.09,-0.6753955042367258,-0.8790462059909975,-0.43399847476378084,1.0778083144953334,-0.039857599358224985
69.16,-0.6608806488755606,-0.9087392422297427,-0.43881465253119617,1.081985117471146,-0.03995972017238775
69.23,-0.6463657935143925,-0.9384322784684939,-0.4436124036653635,1.086161920446959,-0.04006184098655054
69.3,-0.6318509381532273,-0.968125314707239,-0.4483910043628053,1.0903387234227715,-0.040163961800713306
69.37,-0.6173360827920593,-0.99781835094599,-0.4531497308200479,1.0945155263985846,-0.040266082614876096
69.44,-0.6028212274308942,-1.0275113871847352,-0.45788785923361375,1.098692329374397,-0.040368203429038865
69.51,-0.588306372069726,-1.057204423423486,-0.46260466580002957,1.1028691323502102,-0.040470324243201655
69.58,-0.5737915167085609,-1.0868974596622314,-0.46729942671581753,1.1070459353260227,-0.040572445057364424
69.65,-0.5495862477098904,-1.0778010532294573,-0.47197064498293145,1.1041064263710072,-0.03896312553564974
69.72,-0.5253809787112247,-1.0687046467966848,-0.4766137308250297,1.1011669174159922,-0.03735380601393538
69.79,-0.5011757097125541,-1.0596082403639107,-0.48122332127120193,1.0982274084609769,-0.035744486492220694
69.86,-0.47697044071388855,-1.0505118339311386,-0.48579405335053344,1.0952878995059618,-0.03413516697050634
69.93,-0.452765171715218,-1.0414154274983642,-0.490320564092114,1.0923483905509463,-0.03252584744879165
70.0,-0.42855990271655237,-1.032319021065592,-0.4947974905250289,1.0894088815959315,-0.030916527927077296
70.07,-0.40435463371788677,-1.0232226146328198,-0.49921946967836717,1.0864693726409165,-0.029307208405362942
70.14,-0.3801493647192163,-1.0141262082000457,-0.5035811385812169,1.083529863685901,-0.02769788888364826
70.21,-0.35594409572055064,-1.0050298017672734,-0.5078771342626638,1.0805903547308862,-0.0260885693619339
70.28,-0.3317388267218801,-0.9959333953344991,-0.5121020937517973,1.0776508457758707,-0.024479249840219215
70.35,-0.30753355772321445,-0.986836988901727,-0.5162506540777031,1.0747113368208556,-0.022869930318504858
70.42,-0.28332828872454385,-0.9777405824689527,-0.5203174522694707,1.0717718278658404,-0.021260610796790178
70.49,-0.25912301972587826,-0.9686441760361804,-0.5242971253561858,1.0688323189108253,-0.019651291275075818
70.56,-0.2349177507272078,-0.9595477696034063,-0.5281843103669377,1.0658928099558098,-0.01804197175336113
70.63,-0.21071248172854218,-0.9504513631706341,-0.5319736443308123,1.062953301000795,-0.016432652231646777
70.7,-0.18650721272987156,-0.9413549567378598,-0.5356597642768987,1.0600137920457795,-0.014823332709932094
70.77,-0.16230194373120596,-0.9322585503050875,-0.5392373072342828,1.0570742830907645,-0.013214013188217733
70.84,-0.13809667473253548,-0.9231621438723134,-0.5427009102320539,1.054134774135749,-0.01160469366650305
70.91,-0.11389140573386985,-0.9140657374395412,-0.5460452102992979,1.0511952651807341,-0.009995374144788686
70.98,-0.08968613673519929,-0.904969331006767,-0.5492648444651038,1.0482557562257186,-0.008386054623074006
71.05,-0.06548086773653367,-0.8958729245739947,-0.552354449758558,1.0453162472707038,-0.006776735101359652
71.12,-0.0412755987378631,-0.8867765181412206,-0.5553086632087489,1.0423767383156883,-0.0051674155796449656
71.19,-0.017070329739197504,-0.8776801117084483,-0.5581221218447634,1.0394372293606733,-0.0035580960579306015
71.26,0.0071349392594730054,-0.8685837052756742,-0.5607894626956897,1.0364977204056578,-0.0019487765362159251
71.33,0.0313402082581386,-0.8594872988429019,-0.5633053227906146,1.0335582114506427,-0.000339457014501561
71.4,0.055545477256809195,-0.8503908924101278,-0.5656643391586265,1.0306187024956275,0.0012698625072131292
71.47,0.07975074625547485,-0.8412944859773555,-0.567861148828812,1.0276791935406124,0.0028791820289274794
71.54,0.10395601525414533,-0.8321980795445811,-0.5698903888302597,1.0247396845855972,0.004488501550642163
71.61,0.12816128425281098,-0.8231016731118089,-0.571746696192056,1.0218001756305821,0.00609782107235652
71.68,0.15236655325148152,-0.8140052666790347,-0.5734247079432896,1.0188606666755666,0.007707140594071203
71.75,0.17657182225014711,-0.8049088602462624,-0.5749190611130471,1.0159211577205516,0.00931646011578556
71.82,0.20077709124881277,-0.7958124538134903,-0.5762243927304166,1.0129816487655368,0.010925779637499917
71.89,0.2249823602474833,-0.7867160473807162,-0.5773353398244857,1.0100421398105213,0.012535099159214594
71.96,0.2491876292461489,-0.7776196409479439,-0.5782465394243415,1.0071026308555064,0.014144418680928958
72.03,0.2733928982448195,-0.7685232345151696,-0.578952628559072,1.0041631219004907,0.015753738202643648
72.1,0.2975981672434851,-0.7594268280823973,-0.5794482442577644,1.001223612945476,0.017363057724358005
72.17,0.32180343624215557,-0.7503304216496232,-0.5797280235495069,0.9982841039904604,0.01897237724607269
72.24,0.3460087052408213,-0.7412340152168508,-0.579786603463386,0.9953445950354455,0.020581696767787046
72.31,0.37021397423949176,-0.7321376087840767,-0.57961862102849,0.9924050860804301,0.022191016289501722
72.38,0.39441924323815736,-0.7230412023513044,-0.5792187132739065,0.989465577125415,0.023800335811216086
72.45,0.41862451223682795,-0.7139447959185303,-0.5785815172287226,0.9865260681703997,0.02540965533293077
72.52,0.44282978123549355,-0.7048483894857579,-0.5777016699220263,0.9835865592153846,0.027018974854645127
72.59,0.3850957499592666,-0.6965269632364849,-0.5765762962526232,0.9806470502603692,0.028628294376359817
72.66,0.32736171868305136,-0.6882055369872138,-0.5752124725981934,0.9777075413053543,0.030237613898074167
72.73,0.2696276874068244,-0.6798841107379408,-0.5736197632061352,0.9747680323503389,0.03184693341978885
72.8,0.21189365613060915,-0.6715626844886694,-0.5718077323238475,0.9718285233953239,0.03345625294150322
72.87,0.15415962485438225,-0.6632412582393964,-0.5697859441987277,0.9688890144403085,0.035065572463217905
72.94,0.09642559357816693,-0.654919831990125,-0.5675639630781749,0.9659495054852935,0.036674891984932255
73.01,0.038691562301939986,-0.646598405740852,-0.5651513532095871,0.963009996530278,0.03828421150664694
73.08,-0.01904246897427525,-0.6382769794915808,-0.5625576788403631,0.9600704875752631,0.039893531028361295
73.15,-0.0767765002505022,-0.6299555532423078,-0.5597925042179005,0.9571309786202475,0.04150285055007598
73.22,-0.1345105315267174,-0.6216341269930364,-0.5568653935895987,0.9541914696652327,0.04311217007179034
73.29,-0.1922445628029444,-0.6133127007437635,-0.5537859112028549,0.9512519607102171,0.044721489593505026
73.36,-0.24997859407915962,-0.5735480395482127,-0.5505636213050689,0.9483124517552022,0.04633080911521938
73.43,-0.30771262535538657,-0.5337833783526537,-0.5472080881436373,0.9453729428001867,0.047940128636934067
73.5,-0.3654466566316018,-0.4940187171571027,-0.54372887596596,0.9424334338451719,0.04954944815864842
73.57,-0.42318068790781704,-0.4542540559615518,-0.5401355490194352,0.939493924890157,0.051158767680362774
73.64,-0.48091471918404405,-0.4144893947659928,-0.5364376715514598,0.9365544159351414,0.05276808720207747
73.71,-0.5386487504602593,-0.3747247335704419,-0.5326448078094342,0.9336149069801265,0.05437740672379183
73.78,-0.5963827817364862,-0.3349600723748829,-0.5287665220407547,0.930675398025111,0.0559867262455065
73.85,-0.6541168130127015,-0.295195411179332,-0.5248123784928218,0.9277358890700962,0.05759604576722086
73.92,-0.7118508442889284,-0.255430749983773,-0.520791941413032,0.9247963801150807,0.059205365288935545
73.99,-0.7695848755651437,-0.21566608878822208,-0.5167147750487849,0.9218568711600656,0.0608146848106499
74.06,-0.7843832874085996,-0.20865553253462105,-0.5125904436474781,0.9189173622050503,0.0624240043323646
74.13,-0.7991816992520525,-0.20164497628102146,-0.5084285114565111,0.9159778532500352,0.06403332385407895
74.2,-0.8139801110955085,-0.19463442002742043,-0.5042385427232805,0.9130383442950198,0.06564264337579362
74.27,-0.8287785229389614,-0.18762386377382084,-0.5000301016951865,0.9100988353400049,0.06725196289750798
74.34,-0.8435769347824174,-0.1806133075202198,-0.4958127526196257,0.9071593263849895,0.06886128241922268
74.41,-0.8583753466258702,-0.1736027512666202,-0.4915960597439983,0.9042198174299745,0.07047060194093702
74.48,-0.8731737584693261,-0.16659219501301917,-0.4873895873157009,0.9012803084749591,0.07207992146265171
74.55,-0.887972170312779,-0.15958163875941955,-0.48320289958213364,0.898340799519944,0.07368924098436608
74.62,-0.9027705821562351,-0.15257108250581852,-0.479045560790693,0.8954012905649286,0.07529856050608075
74.69,-0.9175689939996878,-0.14556052625221894,-0.47492713518877927,0.8924617816099137,0.07690788002779511
74.76,-0.9323674058431439,-0.1385499699986179,-0.47085718702378904,0.8895222726548982,0.0785171995495098
74.83,-0.9471658176865967,-0.1315394137450183,-0.4668452805431222,0.8865827636998833,0.08012651907122414
74.9,-0.9619642295300527,-0.12452885749141726,-0.46290097999417557,0.8836432547448678,0.08173583859293884
74.97,-0.9767626413735057,-0.11751830123781766,-0.4590338496243493,0.8807037457898528,0.0833451581146532
75.04,-0.9915610532169615,-0.11050774498421664,-0.4552534536810399,0.8777642368348374,0.08495447763636788
75.11,-1.0063594650604144,-0.10349718873061703,-0.4515693564116476,0.8748247278798225,0.08656379715808224
75.18,-1.0211578769038705,-0.096486632477016,-0.44799112206356884,0.871885218924807,0.08817311667979692
75.25,-1.0359562887473233,-0.0894760762234164,-0.44452831488420386,0.868945709969792,0.08978243620151127
75.32,-1.0507547005907762,-0.0824655199698168,-0.44119049912095004,0.8660062010147773,0.09139175572322564
75.39,-1.0655531124342321,-0.07545496371621577,-0.4379872390212052,0.8630666920597616,0.09300107524494032
75.46,-1.0709292798048269,-0.13659301327196557,-0.43492619562023876,0.8601271831047468,0.09461039476665467
75.53,-1.0763054471754228,-0.19773106282772782,-0.4320074171047965,0.8571876741497313,0.09621971428836937
75.6,-1.0816816145460177,-0.2588691123834776,-0.4292290484494967,0.8542481651947164,0.09782903381008372
75.67,-1.0870577819166136,-0.32000716193923984,-0.42658923462895526,0.8513086562397009,0.0994383533317984
75.74,-1.0924339492872086,-0.38114521149498964,-0.4240861206177898,0.848369147284686,0.10104767285351275
75.81,-1.0978101166578043,-0.4422832610507519,-0.4217178513906163,0.8454296383296704,0.10265699237522745
75.88,-1.1031862840283992,-0.5034213106065016,-0.41948257192205285,0.8424901293746556,0.1042663118969418
75.95,-1.1085624513989951,-0.5645593601622639,-0.4173784271867153,0.8395506204196401,0.10587563141865648
76.02,-1.1139386187695899,-0.6256974097180138,-0.4154035621592214,0.8366111114646252,0.10748495094037086
76.09,-1.119314786140186,-0.6868354592737759,-0.4135561218141874,0.8336716025096097,0.10909427046208554
76.16,-1.1246909535107807,-0.7479735088295258,-0.41183425112623084,0.8307320935545948,0.1107035899837999
76.23,-1.1300671208813766,-0.809111558385288,-0.41023609506996783,0.8277925845995792,0.11231290950551459
76.3,-1.1354432882519714,-0.8702496079410378,-0.40875979862001616,0.8248530756445643,0.11392222902722893
76.37,-1.1408194556225673,-0.9313876574968,-0.4074035067509919,0.8219135666895488,0.1155315485489436
76.44,-1.1461956229931622,-0.9925257070525497,-0.4061653644375128,0.8189740577345339,0.11714086807065797
76.51,-1.1515717903637581,-1.0536637566083122,-0.4050435166541951,0.8160345487795184,0.11875018759237266
76.58,-1.1569479577343529,-1.114801806164062,-0.40403610837565607,0.8130950398245034,0.12035950711408701
76.65,-1.162324125104949,-1.1759398557198242,-0.4031412845765124,0.810155530869488,0.12196882663580169
76.72,-1.1677002924755437,-1.237077905275574,-0.4023571902313812,0.8072160219144731,0.12357814615751606
76.79,-1.1730764598461396,-1.2982159548313361,-0.40168197031487934,0.8042765129594577,0.12518746567923072
76.86,-1.1784526272167346,-1.359354004387086,-0.4011137698016236,0.8013370040044426,0.12679678520094512
76.93,-1.1838287945873305,-1.3679789315444415,-0.400650733666231,0.7983974950494273,0.1284061047226598
77.0,-1.1892049619579252,-1.3766038587017952,-0.4002910068833184,0.7954579860944122,0.13001542424437415
77.07,-1.1945811293285202,-1.385228785859149,-0.4000327344275028,0.7925184771393974,0.13162474376608851
77.14,-1.199957296699116,-1.3938537130165045,-0.399874061273401,0.7895789681843819,0.13323406328780318
77.21,-1.2053334640697109,-1.4024786401738583,-0.39981313239563,0.786639459229367,0.13484338280951755
77.28,-1.2107096314403067,-1.4111035673312136,-0.3998480927688067,0.7836999502743515,0.13645270233123222
77.35,-1.2160857988109015,-1.4197284944885673,-0.39997708736754767,0.7807604413193366,0.13806202185294658
77.42,-1.2214619661814974,-1.428353421645923,-0.4001982611664705,0.777820932364321,0.13967134137466125
77.49,-1.2268381335520924,-1.4369783488032768,-0.4005097591401915,0.7748814234093062,0.14128066089637561
77.56,-1.2322143009226882,-1.4456032759606323,-0.400909726263328,0.7719419144542907,0.1428899804180903
77.63,-1.2375904682932832,-1.454228203117986,-0.40139630751049654,0.7690024054992758,0.14449929993980465
77.7,-1.242966635663879,-1.4628531302753416,-0.4019676478563142,0.7660628965442603,0.14610861946151937
77.77,-1.2483428030344739,-1.4714780574326953,-0.40262189227539796,0.7631233875892455,0.1477179389832337
77.84,-1.2537189704050697,-1.4801029845900504,-0.40335718574236484,0.7601838786342298,0.1493272585049484
77.91,-1.2590951377756645,-1.4887279117474044,-0.40417167323183145,0.757244369679215,0.15093657802666277
77.98,-1.2644713051462606,-1.49735283890476,-0.4050634997184148,0.7543048607241994,0.1525458975483774
78.05,-1.2698474725168554,-1.5059777660621139,-0.4060308101767318,0.7513653517691845,0.15415521707009178
78.12,-1.275223639887451,-1.5146026932194692,-0.40707174958139963,0.748425842814169,0.15576453659180647
78.19,-1.280599807258046,-1.523227620376823,-0.40818446290703475,0.7454863338591542,0.15737385611352084
78.26,-1.285975974628642,-1.5318525475341784,-0.40936709512825437,0.7425468249041386,0.1589831756352355
78.33,-1.2913521419992369,-1.5404774746915322,-0.41061779121967523,0.7396073159491237,0.16059249515694987
78.4,-1.307753331888635,-1.546208867464435,-0.41193469615591455,0.7366678069941083,0.16220181467866454
78.47,-1.3241545217780297,-1.5519402602373367,-0.41331595491158873,0.7337282980390932,0.1638111342003789
78.54,-1.3405557116674276,-1.5576716530102392,-0.4147597124613153,0.7307887890840778,0.16542045372209363
78.61,-1.3569569015568224,-1.5634030457831405,-0.41626411377971045,0.7278492801290629,0.16702977324380797
78.68,-1.3733580914462202,-1.569134438556043,-0.41782730384139183,0.7249097711740474,0.16863909276552266
78.75,-1.389759281335615,-1.5748658313289448,-0.4194474276209757,0.7219702622190325,0.170248412287237
78.82,-1.4061604712250098,-1.5805972241018464,-0.4211226300930792,0.7190307532640176,0.17185773180895136
78.89,-1.4225616611144076,-1.5863286168747492,-0.4228510562323197,0.7160912443090021,0.17346705133066603
78.96,-1.4389628510038026,-1.5920600096476505,-0.42463085101331344,0.7131517353539872,0.1750763708523804
79.03,-1.4553640408932005,-1.5977914024205533,-0.42646015941067783,0.7102122263989717,0.1766856903740951
79.1,-1.4717652307825952,-1.6035227951934548,-0.4283371263990293,0.7072727174439568,0.17829500989580943
79.17,-1.4881664206719931,-1.6092541879663576,-0.43025989695298544,0.7043332084889413,0.17990432941752413
79.24,-1.5045676105613879,-1.614985580739259,-0.4322266160471624,0.7013936995339264,0.1815136489392385
79.31,-1.5209688004507858,-1.6207169735121616,-0.43423542865617765,0.6984541905789109,0.18312296846095316
79.38,-1.5373699903401805,-1.626448366285063,-0.43628447975464757,0.6955146816238961,0.18473228798266755
79.45,-1.5537711802295786,-1.632179759057966,-0.43837191431718986,0.6925751726688805,0.18634160750438222
79.52,-1.5701723701189731,-1.6379111518308676,-0.4404958773184205,0.6896356637138656,0.1879509270260966
79.59,-1.5865735600083712,-1.6436425446037701,-0.4426545137329573,0.68669615475885,0.18956024654781123
79.66,-1.6029747498977658,-1.6493739373766716,-0.44484596853541614,0.6837566458038352,0.1911695660695256
79.73,-1.6193759397871639,-1.6551053301495742,-0.44706838670041515,0.6808171368488196,0.19277888559124026
79.8,-1.6357771296765584,-1.6608367229224756,-0.44931991320257014,0.6778776278938048,0.19438820511295465
79.87,-1.6521783195659565,-1.6665681156953784,-0.45159869301649896,0.6749381189387893,0.19599752463466932
79.94,-1.668579509455351,-1.67229950846828,-0.4539028711168175,0.6719986099837744,0.1976068441563837
80.01,-1.6849806993447494,-1.6780309012411827,-0.45623059247814374,0.6690591010287589,0.19921616367809838
80.08,-1.7013818892341441,-1.6837622940140842,-0.45858000207509364,0.6661195920737439,0.20082548319981272
80.15,-1.7177830791235418,-1.689493686786987,-0.460949244882285,0.6631800831187284,0.20243480272152745
80.22,-1.7341842690129365,-1.6952250795598882,-0.46333646587433375,0.6602405741637136,0.20404412224324178
80.29,-1.7505854589023349,-1.7009564723327912,-0.4657398100258579,0.6573010652086981,0.20565344176495648
80.36,-1.7669866487917294,-1.7066878651056925,-0.4681574223114733,0.6543615562536831,0.20726276128667082
80.43,-1.7833878386811273,-1.7124192578785953,-0.47058744770579786,0.6514220472986677,0.20887208080838549
80.5,-1.799789028570522,-1.7181506506514967,-0.4730280311834474,0.6484825383436527,0.21048140033009985
80.57,-1.8161902184599166,-1.7238820434243984,-0.47547731771903934,0.6455430293886378,0.21209071985181419
80.64,-1.8325914083493149,-1.729613436197301,-0.4779334522871913,0.6426035204336223,0.2137000393735289
80.71,-1.8489925982387094,-1.7353448289702027,-0.48039457986251904,0.6396640114786074,0.21530935889524327
80.78,-1.8653937881281073,-1.741076221743105,-0.48285884541964036,0.6367245025235919,0.21691867841695794
80.85,-1.881794978017502,-1.7468076145160067,-0.48532439393317156,0.633784993568577,0.2185279979386723
80.92,-1.8981961679069002,-1.7525390072889093,-0.48778937037772996,0.6308454846135615,0.22013731746038698
80.99,-1.914597357796295,-1.758270400061811,-0.49025191972793203,0.6279059756585467,0.22174663698210134
81.06,-1.9309985476856928,-1.7640017928347136,-0.4927101869583953,0.6249664667035311,0.22335595650381604
81.13,-1.9473997375750876,-1.769733185607615,-0.4951623170437358,0.6220269577485162,0.2249652760255304
81.2,-1.9638009274644854,-1.7754645783805176,-0.4976064549585716,0.6190874487935006,0.22657459554724504
81.27,-1.9666540518664046,-1.779009039845318,-0.5000410661646694,0.6161479398384858,0.22818391506895944
81.34,-1.9695071762683247,-1.7825535013101188,-0.5024658980724006,0.6132084308834702,0.22979323459067413
81.41,-1.9723603006702437,-1.786097962774919,-0.5048810185792867,0.6102689219284554,0.23140255411238844
81.48,-1.9752134250721638,-1.7896424242397198,-0.5072864955828496,0.6073294129734399,0.23301187363410317
81.55,-1.9780665494740828,-1.79318688570452,-0.5096823969806104,0.604389904018425,0.2346211931558175
81.62,-1.9809196738760027,-1.7967313471693207,-0.5120687906700916,0.6014503950634095,0.23623051267753217
81.69,-1.983772798277922,-1.800275808634121,-0.5144457445488141,0.5985108861083946,0.23783983219924656
81.76,-1.9866259226798415,-1.8038202700989219,-0.5168133265143006,0.595571377153379,0.23944915172096123
81.83,-1.989479047081761,-1.807364731563722,-0.5191716044640715,0.5926318681983642,0.2410584712426756
81.9,-1.9923321714836806,-1.810909193028523,-0.5215206462956498,0.5896923592433486,0.24266779076439024
81.97,-1.9951852958856,-1.8144536544933234,-0.5238605199065559,0.5867528502883338,0.24427711028610466
82.04,-1.9980384202875199,-1.8179981159581242,-0.5261912931943127,0.5838133413333183,0.2458864298078193
82.11,-2.000891544689439,-1.8215425774229244,-0.5285130340564408,0.5808738323783034,0.24749574932953372
82.18,-2.003744669091359,-1.8250870388877252,-0.530825810390463,0.5779343234232878,0.24910506885124836
82.25,-2.006597793493278,-1.8286315003525255,-0.5331296900938998,0.5749948144682728,0.2507143883729627
82.32,-2.0094509178951974,-1.8321759618173254,-0.5354247410642733,0.572055305513258,0.25232370789467706
82.39,-2.0123040422971172,-1.8357204232821265,-0.5377110311991062,0.5691157965582425,0.25393302741639173
82.46,-2.015157166699036,-1.8392648847469264,-0.5399886283959187,0.5661762876032277,0.2555423469381061
82.53,-2.018010291100956,-1.8428093462117274,-0.5422576005522335,0.5632367786482122,0.2571516664598208
82.6,-2.0208634155028755,-1.8463538076765278,-0.5445180155655717,0.5602972696931972,0.2587609859815352
82.67,-2.023716539904795,-1.8498982691413284,-0.5467699413334552,0.5573577607381817,0.2603703055032498
82.74,-2.0265696643067144,-1.8534427306061287,-0.5490134457534057,0.5544182517831668,0.26197962502496425
82.81,-2.0294227887086342,-1.8569871920709293,-0.5512485967229452,0.5514787428281513,0.26358894454667886
82.88,-2.0322759131105537,-1.8605316535357297,-0.5534754621395946,0.5485392338731364,0.2651982640683933
82.95,-2.0351290375124735,-1.8640761150005307,-0.5556941099008765,0.5455997249181209,0.2668075835901079
83.02,-2.0379821619143925,-1.8676205764653306,-0.5579046079043116,0.542660215963106,0.2684169031118223
83.09,-2.0408352863163124,-1.8711650379301317,-0.560107024047423,0.5397207070080905,0.2700262226335369
83.16,-2.043688410718232,-1.8747094993949318,-0.5623014262277305,0.5367811980530756,0.2716355421552514
83.23,-2.0465415351201517,-1.8782539608597328,-0.5644878823427575,0.5338416890980601,0.27324486167696604
83.3,-2.0493946595220707,-1.881798422324533,-0.5666664602900244,0.5309021801430451,0.2748541811986804
83.37,-2.0522477839239905,-1.8853428837893338,-0.5688372279670542,0.5279626711880298,0.2764635007203951
83.44,-2.05510090832591,-1.8888873452541342,-0.571000253271367,0.5250231622330147,0.2780728202421094
83.51,-2.05795403272783,-1.892431806718935,-0.5731556041004862,0.5220836532779992,0.2796821397638241
83.58,-2.060807157129749,-1.895976268183735,-0.5753033483519319,0.5191441443229844,0.28129145928553845
83.65,-2.0636602815316687,-1.8995207296485361,-0.5774435539232271,0.5162046353679688,0.2829007788072532
83.72,-2.0665134059335877,-1.9030651911133363,-0.5795762887118926,0.513265126412954,0.2845100983289675
83.79,-2.0693665303355075,-1.9066096525781369,-0.5817016206154505,0.5103256174579385,0.28611941785068223
83.86,-2.072219654737427,-1.9101541140429372,-0.5838196175314221,0.5073861085029235,0.2877287373723965
83.93,-2.075072779139347,-1.913698575507738,-0.58593034735733,0.504446599547908,0.2893380568941112
84.0,-2.077925903541266,-1.9172430369725382,-0.5880338779906944,0.5015070905928931,0.2909473764158256
84.07,-2.0807790279431853,-1.9207874984373385,-0.5901302773290381,0.49856758163787823,0.29255669593753986
84.14,-2.083632152345105,-1.9243319599021391,-0.5922196132698829,0.49562807268286274,0.29416601545925464
84.21,-2.086485276747024,-1.9278764213669395,-0.5943019537107497,0.49268856372784786,0.295775334980969
84.28,-2.089338401148944,-1.9314208828317403,-0.596377366549161,0.4897490547728323,0.29738465450268364
84.35,-2.092191525550863,-1.9349653442965404,-0.5984459196826377,0.4868095458178174,0.29899397402439803
84.42,-2.0950446499527833,-1.9385098057613415,-0.6005076810087021,0.48387003686280194,0.3006032935461127
84.49,-2.0978977743547023,-1.9420542672261414,-0.6025627184248753,0.480930527907787,0.30221261306782704
84.56,-2.1007508987566226,-1.9455987286909426,-0.6046110998286798,0.4779910189527715,0.30382193258954177
84.63,-2.1036040231585416,-1.9491431901557428,-0.6066528931176366,0.47505150999775664,0.3054312521112561
84.7,-2.1064571475604614,-1.9526876516205436,-0.6086881661892679,0.4721120010427411,0.3070405716329708
84.77,-2.1093102719623804,-1.9562321130853437,-0.6107169869410946,0.4691724920877262,0.30864989115468516
84.84,-2.1121633963643003,-1.9597765745501445,-0.6127394232706393,0.46623298313271067,0.31025921067639983
84.91,-2.1150165207662197,-1.963321036014945,-0.6147555430754229,0.4632934741776958,0.31186853019811417
84.98,-2.117869645168139,-1.9668654974797457,-0.6167654142529679,0.46035396522268035,0.3134778497198289
85.05,-2.1207227695700586,-1.9704099589445458,-0.6187691047007952,0.4574144562676654,0.31508716924154323
85.12,-2.1235758939719784,-1.9739544204093469,-0.6207666823164271,0.4544749473126498,0.3166964887632579
85.19,-2.1264290183738974,-1.9774988818741468,-0.6227582149973847,0.451535438357635,0.3183058082849723
85.26,-2.1292821427758177,-1.9810433433389478,-0.6247437706411904,0.44859592940261944,0.31991512780668696
85.33,-2.1321352671777367,-1.984587804803748,-0.6267234171453651,0.44565642044760456,0.3215244473284013
85.4,-2.1349883915796566,-1.9881322662685488,-0.6286972224074312,0.44271691149258907,0.323133766850116
85.47,-2.1378415159815756,-1.9916767277333491,-0.6306652543249096,0.43977740253757425,0.32474308637183036
85.54,-2.1406946403834954,-1.99522118919815,-0.6326275807953229,0.43683789358255865,0.32635240589354503
85.61,-2.143547764785415,-1.9987656506629499,-0.6345842697161921,0.4338983846275437,0.32796172541525936
85.68,-2.1464008891873347,-2.002310112127751,-0.6365353889850395,0.4309588756725283,0.3295710449369741
85.75,-2.1492540135892537,-2.0058545735925515,-0.6384810064993859,0.42801936671751334,0.33118036445868837
85.82,-2.152107137991173,-2.0093990350573514,-0.6404211901567535,0.42507985776249846,0.3327896839804028
85.89,-2.154960262393093,-2.012943496522152,-0.6423560078546644,0.42214034880748297,0.33439900350211743
85.96,-2.157813386795012,-2.0164879579869526,-0.6442855274906394,0.41920083985246803,0.3360083230238319
86.03,-2.160666511196932,-2.0200324194517534,-0.6462098169622011,0.41626133089745254,0.3376176425455465
86.1,-2.163519635598851,-2.0235768809165533,-0.6481289441668705,0.4133218219424376,0.3392269620672609
86.17,-2.1663727600007707,-2.0271213423813546,-0.6500429770021696,0.4103823129874221,0.3408362815889756
86.24,-2.1692258844026906,-2.030665803846155,-0.6519519833656199,0.40744280403240724,0.34244560111068995
86.31,-2.1720790088046096,-2.0342102653109553,-0.6538560311547437,0.40450329507739174,0.3440549206324046
86.38,-2.1749321332065294,-2.0377547267757556,-0.6557551882670615,0.4015637861223768,0.345664240154119
86.45,-2.1777852576084493,-2.041299188240557,-0.6576495226000961,0.3986242771673613,0.3472735596758337
86.52,-2.1806383820103683,-2.0448436497053564,-0.6595391020513683,0.3956847682123464,0.34888287919754796
86.59,-2.183491506412288,-2.0483881111701576,-0.6614239945184008,0.39274525925733095,0.35049219871926274
86.66,-2.186344630814207,-2.051932572634958,-0.6633042678987143,0.389805750302316,0.352101518240977
86.73,-2.189197755216127,-2.055477034099759,-0.6651799900898313,0.38686624134730047,0.35371083776269174
86.8,-2.1920508796180465,-2.0590214955645587,-0.6670512289892727,0.3839267323922856,0.3553201572844061
86.87,-2.1949040040199663,-2.0625659570293595,-0.668918052494561,0.3809872234372701,0.3569294768061208
86.94,-2.1977571284218858,-2.06611041849416,-0.6707805285032171,0.3780477144822552,0.3585387963278351
87.01,-2.2006102528238056,-2.0696548799589607,-0.6726387249127634,0.3751082055272397,0.36014811584954987
87.08,-2.2034633772257246,-2.073199341423761,-0.6744927096207209,0.3721686965722248,0.36175743537126415
87.15,-2.2063165016276445,-2.076743802888562,-0.6763425505246122,0.36922918761720924,0.3633667548929788
87.22,-2.2091696260295635,-2.080288264353362,-0.678188315521958,0.3662896786621944,0.3649760744146932
87.29,-2.2120227504314833,-2.083832725818163,-0.6800300725102806,0.3633501697071788,0.3665853939364079
87.36,-2.2148758748334028,-2.0873771872829634,-0.6818678893871013,0.360410660752164,0.3681947134581222
87.43,-2.2177289992353226,-2.0909216487477638,-0.683701834049942,0.35747115179714845,0.36980403297983694
87.5,-2.220582123637242,-2.094466110212564,-0.6855319743963243,0.35453164284213357,0.3714133525015513
87.57,-2.223435248039161,-2.0980105716773645,-0.6873583783237699,0.35159213388711863,0.37302267202326567
87.64,-2.226288372441081,-2.101555033142165,-0.689181113729801,0.34865262493210314,0.3746319915449804
87.71,-2.229141496843,-2.1050994946069657,-0.6910002485119383,0.3457131159770882,0.3762413110666947
87.78,-2.2319946212449198,-2.1086439560717665,-0.6928158505677043,0.34277360702207277,0.3778506305884094
87.85,-2.2348477456468387,-2.1121884175365664,-0.6946279877946202,0.3398340980670579,0.37945995011012373
87.92,-2.237700870048759,-2.115732879001367,-0.6964367280902084,0.33689458911204234,0.38106926963183846
87.99,-2.240553994450678,-2.1192773404661676,-0.6982421393519895,0.33395508015702746,0.3826785891535528
88.06,-2.243407118852598,-2.122821801930969,-0.7000442894774863,0.33101557120201197,0.38428790867526746
88.13,-2.2462602432545173,-2.1263662633957687,-0.7018432463642195,0.32807606224699704,0.3858972281969818
88.2,-2.249113367656437,-2.1299107248605695,-0.7036390779097114,0.32513655329198154,0.38750654771869647
88.27,-2.251966492058356,-2.13345518632537,-0.7054318520114833,0.3221970443369666,0.38911586724041086
88.34,-2.254819616460276,-2.1369996477901703,-0.7072216365670575,0.3192575353819511,0.39072518676212553
88.41,-2.257672740862195,-2.1405441092549706,-0.709008499473955,0.31631802642693624,0.3923345062838399
88.48,-2.2605258652641154,-2.144088570719772,-0.710792508629698,0.3133785174719207,0.3939438258055546
88.55,-2.2633789896660343,-2.147633032184572,-0.7125737319318075,0.31043900851690576,0.39555314532726893
88.62,-2.266232114067954,-2.1511774936493726,-0.7143522372778062,0.3074994995618903,0.3971624648489836
88.69,-2.2690852384698736,-2.154721955114173,-0.7161280925652149,0.30455999060687544,0.398771784370698
88.76,-2.271938362871793,-2.158266416578974,-0.7179013656915558,0.3016204816518599,0.40038110389241266
88.83,-2.2747914872737125,-2.161810878043774,-0.7196721245543505,0.298680972696845,0.401990423414127
88.9,-2.2776446116756324,-2.165355339508575,-0.7214404370511205,0.2957414637418295,0.4035997429358417
88.97,-2.2804977360775514,-2.168899800973375,-0.7232063710793873,0.2928019547868146,0.40520906245755606
89.04,-2.2833508604794712,-2.1724442624381757,-0.7249699945366734,0.2898624458317991,0.4068183819792707
89.11,-2.2862039848813906,-2.175988723902976,-0.7267313753204994,0.2869229368767842,0.4084277015009851
89.18,-2.2890571092833105,-2.1795331853677773,-0.728490581328388,0.28398342792176867,0.4100370210226998
89.25,-2.2919102336852295,-2.183077646832577,-0.7302476804578601,0.2810439189667538,0.4116463405444142
89.32,-2.294763358087149,-2.186622108297377,-0.7320027406064377,0.27810441001173886,0.4132556600661285
89.39,-2.297616482489069,-2.1901665697621784,-0.7337558296716429,0.27516490105672337,0.4148649795878432
89.46,-2.300469606890988,-2.1937110312269783,-0.7355070155509964,0.2722253921017085,0.4164742991095576
89.53,-2.3033227312929077,-2.197255492691779,-0.7372563661420212,0.269285883146693,0.41808361863127225
89.6,-2.306175855694827,-2.2007999541565795,-0.7390039493422376,0.26634637419167806,0.4196929381529866
89.67,-2.3090289800967465,-2.2043444156213803,-0.7407498330491684,0.26340686523666257,0.4213022576747013
89.74,-2.3118821044986664,-2.20788887708618,-0.7424940851603345,0.26046735628164763,0.4229115771964156
89.81,-2.314735228900586,-2.2114333385509815,-0.7442367735732582,0.25752784732663214,0.4245208967181303
89.88,-2.3175883533025052,-2.214977800015782,-0.7459779661854608,0.2545883383716172,0.42613021623984465
89.95,-2.320441477704425,-2.218522261480582,-0.747717730894464,0.2516488294166017,0.4277395357615594
90.02,-2.323294602106344,-2.2220667229453825,-0.7494561355977896,0.24870932046158684,0.4293488552832737
90.09,-2.326147726508264,-2.2256111844101834,-0.7511932481929597,0.24576981150657135,0.43095817480498844
90.16,-2.3290008509101834,-2.2291556458749837,-0.7529291365774948,0.2428303025515564,0.4325674943267027
90.23,-2.3318539753121033,-2.2327001073397845,-0.7546638686489181,0.23989079359654092,0.43417681384841744
90.3,-2.3347070997140222,-2.236244568804585,-0.75639751230475,0.23695128464152604,0.4357861333701318
90.37,-2.337560224115942,-2.2397890302693857,-0.758130135442513,0.23401177568651052,0.43739545289184645
90.44,-2.3404133485178615,-2.243333491734186,-0.7598618059597282,0.2310722667314956,0.4390047724135609
90.51,-2.343266472919781,-2.246877953198987,-0.7615925917539178,0.22813275777648012,0.4406140919352755
90.58,-2.3461195973217004,-2.250422414663787,-0.7633225607226031,0.2251932488214652,0.4422234114569899
90.65,-2.3489727217236203,-2.2539668761285876,-0.7650517807633064,0.2222537398664497,0.4438327309787045
90.72,-2.3518258461255392,-2.257511337593388,-0.7667803197735484,0.21931423091143482,0.44544205050041896
90.79,-2.3546789705274596,-2.261055799058189,-0.7685082456508516,0.2163747219564193,0.4470513700221336
90.86,-2.3575320949293785,-2.264600260522989,-0.7702356262927373,0.2134352130014044,0.448660689543848
90.93,-2.360385219331298,-2.26814472198779,-0.7719625295967274,0.2104957040463889,0.4502700090655627
91.0,-2.3632383437332174,-2.2716891834525903,-0.7736890234603435,0.20755619509137396,0.45187932858727703
91.07,-2.3660914681351364,-2.27523364491739,-0.7754151757811071,0.20461668613635908,0.45348864810899137
91.14,-2.3689445925370562,-2.278778106382191,-0.7771410544565402,0.2016771771813436,0.4550979676307061
91.21,-2.3717977169389757,-2.2823225678469914,-0.7788667273841645,0.19873766822632866,0.4567072871524204
91.28,-2.3746508413408955,-2.2858670293117918,-0.7805922624615014,0.19579815927131317,0.4583166066741351
91.35,-2.3775039657428145,-2.2894114907765926,-0.7823177275860725,0.19285865031629829,0.45992592619584943
91.42,-2.3803570901447344,-2.2929559522413934,-0.7840431906554002,0.18991914136128274,0.4615352457175641
91.49,-2.383210214546654,-2.2965004137061933,-0.7857687195670051,0.18697963240626786,0.4631445652392785
91.56,-2.386063338948574,-2.3000448751709945,-0.7874943822184101,0.18404012345125237,0.46475388476099316
91.63,-2.388916463350493,-2.3035893366357945,-0.7892202465071357,0.18110061449623746,0.46636320428270756
91.7,-2.391769587752413,-2.3071337981005957,-0.7909463803307049,0.17816110554122194,0.4679725238044222
91.77,-2.394622712154332,-2.3106782595653956,-0.7926728515866378,0.17522159658620703,0.4695818433261366
91.84,-2.397475836556252,-2.3142227210301964,-0.7943997281724575,0.17228208763119152,0.47119116284785123
91.91,-2.4003289609581713,-2.317767182494997,-0.7961270779856847,0.16934257867617664,0.4728004823695657
91.98,-2.4031820853600907,-2.3213116439597976,-0.7978549689238421,0.16640306972116112,0.4744098018912803
92.05,-2.4060352097620097,-2.3248561054245975,-0.79958346888445,0.16346356076614624,0.4760191214129947
92.12,-2.40888833416393,-2.328400566889399,-0.8013126457650316,0.16052405181113072,0.47762844093470935
92.19,-2.411741458565849,-2.3319450283541987,-0.8030425674631072,0.15758454285611584,0.4792377604564237
92.26,-2.414594582967769,-2.3354894898189995,-0.8047733018761998,0.15464503390110032,0.48084707997813836
92.33,-2.417447707369688,-2.3390339512838,-0.8065049169018299,0.1517055249460854,0.48245639949985275
92.4,-2.420300831771608,-2.3425784127486007,-0.80823748043752,0.14876601599106992,0.4840657190215675
92.47,-2.4231539561735276,-2.346122874213401,-0.8099710603807914,0.14582650703605501,0.4856750385432818
92.54,-2.426007080575447,-2.349667335678202,-0.8117057246291661,0.1428869980810395,0.48728435806499654
92.61,-2.4288602049773664,-2.3532117971430018,-0.8134415410801653,0.1399474891260246,0.4888936775867108
92.68,-2.4317133293792863,-2.3567562586078026,-0.8151785776313111,0.13700798017100907,0.49050299710842554
92.75,-2.4345664537812053,-2.360300720072603,-0.8169169021801248,0.1340684712159942,0.4921123166301399
