,Wd,We,"theta(Wd,We)","x(Wd,We)","y(Wd,We)"
0.0,2.1822897297771724,2.2128425056207632,0.06364902288274692,0.2193516837449908,-0.15534675298490563
0.07,2.1833732459411332,2.213715489541869,0.061554990606902116,0.22326723611579652,-0.1546389484183398
0.14,2.184456762105094,2.214588473462975,0.05949042617341496,0.22718278848660223,-0.15393114385177395
0.21,2.185540278269055,2.2154614573840807,0.05745516720412248,0.2310983408574079,-0.15322333928520812
0.28,2.186623794433016,2.216334441305187,0.05544905132086165,0.23501389322821362,-0.1525155347186423
0.35,2.187707310596976,2.217207425226292,0.05347191614546944,0.2389294455990193,-0.15180773015207646
0.42,2.188790826760937,2.2180804091473982,0.05152359929978292,0.242844997969825,-0.15109992558551064
0.49,2.1898743429248984,2.2189533930685044,0.04960393840563905,0.2467605503406307,-0.1503921210189448
0.56,2.190957859088859,2.2198263769896105,0.0477127710848748,0.2506761027114364,-0.14968431645237895
0.63,2.1920413752528196,2.2206993609107157,0.04584993495932719,0.25459165508224213,-0.14897651188581312
0.7,2.1931248914167805,2.221572344831822,0.04401526765083321,0.2585072074530478,-0.1482687073192473
0.77,2.1942084075807413,2.2224453287529276,0.042208606781229875,0.26242275982385355,-0.14756090275268144
0.84,2.195291923744702,2.2233183126740337,0.040429789972354156,0.2663383121946592,-0.1468530981861156
0.91,2.196375439908663,2.2241912965951394,0.038678654846043076,0.27025386456546496,-0.1461452936195498
0.98,2.1974589560726234,2.225064280516245,0.03695503902413359,0.27416941693627067,-0.14543748905298398
1.05,2.1985424722365847,2.2259372644373507,0.035258780128462744,0.2780849693070764,-0.14472968448641815
1.12,2.1996259884005456,2.226810248358457,0.03358971578086751,0.28200052167788203,-0.14402187991985232
1.19,2.2007095045645064,2.2276832322795626,0.031947683603184895,0.28591607404868774,-0.14331407535328647
1.26,2.2017930207284673,2.2285562162006682,0.030332521217251877,0.28983162641949345,-0.14260627078672064
1.33,2.202876536892428,2.2294292001217744,0.0287440662449055,0.29374717879029916,-0.1418984662201548
1.4,2.203960053056389,2.23030218404288,0.027182156307982697,0.2976627311611048,-0.14119066165358896
1.47,2.20504356922035,2.231175167963986,0.025646629028320475,0.3015782835319105,-0.14048285708702313
1.54,2.2061270853843102,2.232048151885092,0.024137322027755863,0.3054938359027163,-0.1397750525204573
1.61,2.207210601548271,2.2329211358061976,0.02265407292812584,0.30940938827352193,-0.13906724795389147
1.68,2.208294117712232,2.2337941197273032,0.021196719351267403,0.3133249406443277,-0.13835944338732567
1.75,2.209377633876193,2.2346671036484094,0.01976509891901756,0.3172404930151334,-0.13765163882075981
1.82,2.210461150040153,2.235540087569515,0.018359049253213286,0.3211560453859391,-0.13694383425419399
1.89,2.211544666204114,2.2364130714906207,0.016978407975691615,0.32507159775674477,-0.13623602968762816
1.96,2.212628182368075,2.2372860554117264,0.015623012708289499,0.3289871501275505,-0.1355282251210623
2.03,2.2137116985320358,2.2381590393328326,0.014292701072843965,0.3329027024983562,-0.13482042055449647
2.1,2.2147952146959966,2.2390320232539387,0.012987310691191993,0.3368182548691619,-0.13411261598793064
2.17,2.2158787308599575,2.239905007175044,0.011706679185170588,0.3407338072399676,-0.13340481142136482
2.24,2.2169622470239183,2.24077799109615,0.01045064417661675,0.34464935961077325,-0.132697006854799
2.31,2.218045763187879,2.2416509750172557,0.009219043287367444,0.348564911981579,-0.13198920228823316
2.38,2.21912927935184,2.242523958938362,0.008011714139259727,0.35248046435238467,-0.1312813977216673
2.45,2.220212795515801,2.2433969428594676,0.006828494354130546,0.35639601672319043,-0.13057359315510148
2.52,2.2212963116797617,2.2442699267805732,0.005669221553816918,0.3603115690939961,-0.12986578858853562
2.59,2.222379827843722,2.245142910701679,0.004533733360155836,0.36422712146480185,-0.12915798402196982
2.66,2.223463344007683,2.246015894622785,0.003421867394984288,0.3681426738356075,-0.12845017945540396
2.73,2.224546860171644,2.2468888785438907,0.00233346128013929,0.3720582262064132,-0.12774237488883816
2.8,2.2256303763356047,2.2477618624649964,0.0012683526374578232,0.3759737785772189,-0.12703457032227233
2.87,2.2267138924995655,2.2486348463861026,0.00022637908877687395,0.37988933094802463,-0.1263267657557065
2.94,2.227797408663526,2.2495078303072082,-0.0007926217440665132,0.38380488331883034,-0.12561896118914068
3.01,2.228880924827487,2.250380814228314,-0.0017888122392354059,0.387720435689636,-0.12491115662257482
3.08,2.2299644409914476,2.25125379814942,-0.0027623547748927744,0.39163598806044175,-0.12420335205600899
3.15,2.2310479571554085,2.2521267820705257,-0.0037134117292016186,0.3955515404312474,-0.12349554748944316
3.22,2.2321314733193693,2.2529997659916314,-0.004642145480324947,0.39946709280205317,-0.12278774292287731
3.29,2.23321498948333,2.2538727499127376,-0.005548718406425759,0.4033826451728588,-0.1220799383563115
3.36,2.234298505647291,2.2547457338338432,-0.006433292885667057,0.40729819754366453,-0.12137213378974566
3.43,2.235382021811252,2.2556187177549494,-0.007296031296211857,0.41121374991447024,-0.12066432922317981
3.5,2.2364655379752127,2.256491701676055,-0.008137096016223167,0.41512930228527595,-0.119956524656614
3.57,2.237549054139173,2.2573646855971603,-0.00895664942386397,0.4190448546560816,-0.11924872009004817
3.64,2.238632570303134,2.2582376695182664,-0.009754853897297276,0.4229604070268873,-0.11854091552348231
3.71,2.239716086467095,2.259110653439372,-0.010531871814686096,0.42687595939769296,-0.11783311095691648
3.78,2.2407996026310557,2.2599836373604782,-0.011287865554193418,0.4307915117684987,-0.11712530639035065
3.85,2.2418831187950166,2.260856621281584,-0.012022997493982267,0.4347070641393044,-0.1164175018237848
3.92,2.2429666349589774,2.2617296052026896,-0.012737430012215618,0.43862261651011014,-0.11570969725721898
3.99,2.2440501511229383,2.2626025891237957,-0.013431325487056504,0.44253816888091585,-0.11500189269065313
4.06,2.245133667286899,2.263475573044902,-0.014104846296667905,0.44645372125172156,-0.11429408812408734
4.13,2.24621718345086,2.2643485569660076,-0.014758154819212844,0.45036927362252727,-0.11358628355752148
4.2,2.2473006996148204,2.2652215408871132,-0.015391413432854306,0.454284825993333,-0.11287847899095566
4.27,2.2483842157787812,2.266094524808219,-0.016004784515755297,0.4582003783641386,-0.11217067442438983
4.34,2.249467731942742,2.2669675087293246,-0.01659843044607884,0.46211593073494434,-0.11146286985782397
4.41,2.250551248106703,2.2678404926504308,-0.017172513601987932,0.46603148310575004,-0.11075506529125814
4.48,2.251634764270664,2.2687134765715364,-0.01772719636164555,0.46994703547655575,-0.11004726072469231
4.55,2.2527182804346246,2.269586460492642,-0.018262641103214714,0.47386258784736146,-0.10933945615812647
4.62,2.253801796598585,2.2704594444137483,-0.018779010204858435,0.47777814021816717,-0.10863165159156064
4.69,2.254885312762546,2.271332428334854,-0.019276466044739718,0.4816936925889729,-0.10792384702499482
4.76,2.255968828926507,2.2722054122559596,-0.019755171001021556,0.48560924495977853,-0.107216042458429
4.83,2.2570523450904676,2.2730783961770653,-0.020215287451866966,0.4895247973305843,-0.10650823789186317
4.9,2.2581358612544284,2.2739513800981714,-0.020656977775438925,0.49344034970139,-0.10580043332529732
4.97,2.2592193774183893,2.2748243640192776,-0.021080404349900453,0.4973559020721956,-0.10509262875873149
5.04,2.26030289358235,2.2756973479403833,-0.021485729553414563,0.5012714544430014,-0.10438482419216566
5.11,2.261386409746311,2.276570331861489,-0.021873115764144236,0.5051870068138071,-0.1036770196255998
5.18,2.2624699259102714,2.2774433157825946,-0.022242725360252482,0.5091025591846128,-0.10296921505903399
5.25,2.2635534420742323,2.2783162997037008,-0.02259472071990232,0.5130181115554185,-0.10226141049246816
5.32,2.264636958238193,2.2791892836248064,-0.02292926422125675,0.5169336639262242,-0.1015536059259023
5.39,2.265720474402154,2.280062267545912,-0.023246518242478753,0.5208492162970298,-0.10084580135933649
5.46,2.266803990566115,2.280935251467018,-0.02354664516173138,0.5247647686678355,-0.10013799679277063
5.53,2.2678875067300757,2.281808235388124,-0.02382980735717757,0.5286803210386413,-0.0994301922262048
5.6,2.2689710228940365,2.2826812193092296,-0.024096167206980358,0.5325958734094469,-0.09872238765963898
5.67,2.2700545390579974,2.2835542032303353,-0.024345887089302756,0.5365114257802526,-0.09801458309307313
5.74,2.271138055221958,2.2844271871514414,-0.024579129382307753,0.5404269781510583,-0.0973067785265073
5.81,2.272221571385919,2.285300171072547,-0.024796056464158372,0.5443425305218641,-0.09659897395994149
5.88,2.27330508754988,2.2861731549936533,-0.024996830713017587,0.5482580828926698,-0.09589116939337566
5.95,2.2743886037138408,2.287046138914759,-0.02518161450704842,0.5521736352634754,-0.09518336482680984
6.02,2.275472119877801,2.2879191228358646,-0.025350570224413886,0.5560891876342812,-0.09447556026024398
6.09,2.276555636041762,2.2887921067569703,-0.025503860243276947,0.5600047400050869,-0.09376775569367815
6.16,2.277639152205723,2.289665090678076,-0.02564164694180065,0.5639202923758926,-0.09305995112711232
6.23,2.2787226683696837,2.290538074599182,-0.02576409269814798,0.5678358447466982,-0.09235214656054647
6.3,2.279806184533644,2.291411058520288,-0.02587135989048193,0.571751397117504,-0.09164434199398064
6.37,2.280889700697605,2.292284042441394,-0.025963610896965517,0.5756669494883098,-0.09093653742741482
6.44,2.281973216861566,2.293157026362499,-0.026041008095761754,0.5795825018591154,-0.09022873286084897
6.51,2.2830567330255267,2.2940300102836053,-0.026103713865033656,0.5834980542299211,-0.08952092829428318
6.58,2.2841402491894875,2.2949029942047114,-0.02615189058294417,0.5874136066007268,-0.08881312372771732
6.65,2.2852237653534484,2.2957759781258176,-0.02618570062765633,0.5913291589715326,-0.0881053191611515
6.72,2.2863072815174093,2.2966489620469233,-0.026205306377333145,0.5952447113423383,-0.08739751459458567
6.79,2.28739079768137,2.297521945968029,-0.026210870210137623,0.5991602637131439,-0.08668971002801981
6.86,2.288474313845331,2.2983949298891346,-0.02620255450423276,0.6030758160839497,-0.08598190546145398
6.93,2.289557830009292,2.2992679138102403,-0.026180521637781538,0.6069913684547553,-0.08527410089488816
7.0,2.2906413461732527,2.3001408977313464,-0.026144933988947003,0.6109069208255611,-0.08456629632832231
7.07,2.291724862337213,2.3010138816524517,-0.026095953935892133,0.6148224731963666,-0.08385849176175648
7.14,2.292808378501174,2.301886865573558,-0.026033743856779933,0.6187380255671724,-0.08315068719519064
7.21,2.2938918946651348,2.3027598494946635,-0.025958466129773396,0.622653577937978,-0.08244288262862481
7.28,2.2949754108290956,2.3036328334157696,-0.02587028313303555,0.6265691303087838,-0.08173507806205899
7.35,2.296058926993057,2.3045058173368753,-0.025769357244729375,0.6304846826795895,-0.08102727349549316
7.42,2.297142443157017,2.305378801257981,-0.025655850843017892,0.6344002350503952,-0.0803194689289273
7.49,2.2982259593209777,2.306251785179087,-0.025529926306064096,0.6383157874212009,-0.0796116643623615
7.56,2.299309475484939,2.3071247691001933,-0.025391746012031004,0.6422313397920066,-0.07890385979579566
7.63,2.3003929916489,2.307997753021299,-0.0252414723390816,0.6461468921628123,-0.07819605522922982
7.7,2.3014765078128603,2.3088707369424046,-0.025079267665378872,0.6500624445336181,-0.07748825066266399
7.77,2.302560023976821,2.3097437208635103,-0.02490529436908588,0.6539779969044237,-0.07678044609609816
7.84,2.303643540140782,2.310616704784616,-0.02471971482836556,0.6578935492752294,-0.07607264152953232
7.91,2.304727056304743,2.3114896887057217,-0.024522691421380974,0.6618091016460352,-0.0753648369629665
7.98,2.3058105724687037,2.312362672626828,-0.024314386526295088,0.6657246540168409,-0.07465703239640066
8.05,2.3068940886326645,2.3132356565479335,-0.024094962521270913,0.6696402063876465,-0.07394922782983482
8.12,2.3079776047966254,2.3141086404690396,-0.023864581784471477,0.6735557587584522,-0.073241423263269
8.19,2.3090611209605862,2.3149816243901453,-0.023623406694059743,0.677471311129258,-0.07253361869670316
8.26,2.310144637124547,2.315854608311251,-0.02337159962819874,0.6813868635000637,-0.07182581413013735
8.33,2.3112281532885075,2.3167275922323567,-0.023109322965051467,0.6853024158708694,-0.0711180095635715
8.4,2.3123116694524684,2.317600576153463,-0.02283673908278091,0.6892179682416751,-0.07041020499700566
8.47,2.3133951856164288,2.3184735600745685,-0.0225540103595501,0.6931335206124808,-0.06970240043043985
8.54,2.3144787017803896,2.3193465439956746,-0.022261299173522032,0.6970490729832864,-0.068994595863874
8.61,2.315562217944351,2.3202195279167803,-0.0219587679028597,0.7009646253540922,-0.06828679129730816
8.68,2.3166457341083113,2.321092511837886,-0.021646578925726113,0.7048801777248979,-0.06757898673074235
8.75,2.317729250272272,2.3219654957589917,-0.021324894620284262,0.7087957300957035,-0.06687118216417651
8.82,2.318812766436233,2.322838479680098,-0.02099387736469717,0.7127112824665092,-0.06616337759761066
8.89,2.319896282600194,2.323711463601203,-0.020653689537127845,0.7166268348373149,-0.06545557303104482
8.96,2.3209797987641547,2.3245844475223096,-0.020304493515739274,0.7205423872081207,-0.064747768464479
9.03,2.3220633149281156,2.3254574314434153,-0.019946451678694476,0.7244579395789263,-0.06403996389791317
9.1,2.3231468310920764,2.326330415364521,-0.019579726404156412,0.728373491949732,-0.06333215933134732
9.17,2.3242303472560373,2.3272033992856267,-0.019204480070288125,0.7322890443205378,-0.0626243547647815
9.24,2.325313863419998,2.3280763832067324,-0.018820875055252616,0.7362045966913435,-0.06191655019821565
9.31,2.326397379583959,2.3289493671278385,-0.018429073737212885,0.7401201490621492,-0.06120874563164982
9.38,2.3274808957479194,2.329822351048944,-0.018029238494331922,0.7440357014329548,-0.06050094106508399
9.45,2.3285644119118807,2.3306953349700503,-0.017621531704772774,0.7479512538037605,-0.059793136498518175
9.52,2.329647928075841,2.331568318891156,-0.017206115746698367,0.7518668061745662,-0.05908533193195233
9.59,2.330731444239802,2.3324413028122617,-0.016783152998271777,0.755782358545372,-0.058377527365386504
9.66,2.331814960403763,2.333314286733368,-0.01635280583765597,0.7596979109161777,-0.05766972279882066
9.73,2.332898476567723,2.334187270654473,-0.015915236643013943,0.7636134632869834,-0.05696191823225482
9.8,2.3339819927316845,2.3350602545755796,-0.015470607792508726,0.7675290156577892,-0.05625411366568899
9.87,2.335065508895645,2.3359332384966853,-0.015019081664303326,0.7714445680285948,-0.05554630909912318
9.94,2.3361490250596058,2.336806222417791,-0.014560820636560714,0.7753601203994005,-0.05483850453255735
10.01,2.3372325412235666,2.3376792063388967,-0.0140959870874439,0.7792756727702062,-0.05413069996599151
10.08,2.3383160573875275,2.3385521902600024,-0.013624743395115919,0.7831912251410119,-0.05342289539942567
10.15,2.3393995735514883,2.3394251741811085,-0.013147251937739744,0.7871067775118177,-0.05271509083285984
10.22,2.340483089715449,2.3402981581022146,-0.01266367509347838,0.7910223298826233,-0.052007286266294
10.29,2.34156660587941,2.34117114202332,-0.01217417524049486,0.794937882253429,-0.05129948169972817
10.36,2.3426501220433704,2.342044125944426,-0.01167891475695214,0.7988534346242347,-0.05059167713316233
10.43,2.3437336382073317,2.3429171098655317,-0.01117805602101325,0.8027689869950405,-0.0498838725665965
10.5,2.344817154371292,2.3437900937866374,-0.010671761410841196,0.8066845393658462,-0.04917606800003066
10.57,2.345900670535253,2.3446630777077435,-0.010160193304598988,0.8106000917366518,-0.04846826343346482
10.64,2.346984186699214,2.345536061628849,-0.009643514080449596,0.8145156441074576,-0.047760458866898996
10.71,2.3480677028631747,2.346409045549955,-0.009121886116556052,0.8184311964782633,-0.047052654300333153
10.78,2.3491512190271355,2.347282029471061,-0.008595471791081374,0.8223467488490689,-0.046344849733767325
10.85,2.3502347351910964,2.3481550133921667,-0.008064433482188531,0.8262623012198747,-0.0456370451672015
10.92,2.351318251355057,2.3490279973132724,-0.0075289335680405285,0.8301778535906803,-0.04492924060063566
10.99,2.3524017675190176,2.349900981234378,-0.00698913442680039,0.834093405961486,-0.04422143603406982
11.06,2.3534852836829785,2.350773965155484,-0.006445198436631114,0.8380089583322917,-0.04351363146750399
11.13,2.3545687998469393,2.3516469490765903,-0.005897287975695683,0.8419245107030974,-0.04280582690093815
11.2,2.3556523160109,2.352519932997696,-0.005345565422157152,0.845840063073903,-0.042098022334372334
11.27,2.356735832174861,2.3533929169188017,-0.00479019315417846,0.8497556154447088,-0.041390217767806506
11.34,2.357819348338822,2.3542659008399074,-0.004231333549922639,0.8536711678155144,-0.04068241320124068
11.41,2.3589028645027827,2.3551388847610135,-0.0036691489875526947,0.8575867201863202,-0.039974608634674835
11.48,2.3599863806667436,2.356011868682119,-0.00310380184523163,0.861502272557126,-0.03926680406810901
11.55,2.3610698968307045,2.356884852603225,-0.002535454501122451,0.8654178249279316,-0.038558999501543165
11.62,2.362153412994665,2.3577578365243306,-0.001964269333388161,0.8693333772987373,-0.037851194934977364
11.69,2.363236929158626,2.3586308204454367,-0.001390408720191756,0.8732489296695429,-0.03714339036841152
11.76,2.3643204453225866,2.3595038043665424,-0.0008140350396962418,0.8771644820403487,-0.03643558580184568
11.83,2.3654039614865474,2.3603767882876485,-0.0002353106700646076,0.8810800344111545,-0.03572778123527984
11.9,2.3664874776505083,2.361249772208754,0.00034560201054011346,0.8849955867819601,-0.03501997666871401
11.97,2.3675709938144687,2.36212275612986,0.0009285406239549455,0.8889111391527659,-0.03431217210214817
12.04,2.36865450997843,2.362995740050966,0.0015133427920168427,0.8928266915235715,-0.03360436753558234
12.11,2.3697380261423904,2.3638687239720717,0.0020998461365628494,0.8967422438943772,-0.03289656296901651
12.18,2.3708215423063512,2.3647417078931774,0.002687888279429948,0.9006577962651829,-0.03218875840245067
12.25,2.371905058470312,2.365614691814283,0.0032773068424551332,0.9045733486359887,-0.031480953835884826
12.32,2.372988574634273,2.3664876757353888,0.003867939447475402,0.9084889010067945,-0.030773149269318997
12.39,2.374072090798234,2.3673606596564953,0.00445962371632775,0.9124044533776,-0.030065344702753155
12.46,2.3751556069621946,2.368233643577601,0.005052197270849165,0.9163200057484058,-0.029357540136187313
12.53,2.3762391231261555,2.3691066274987067,0.00564549773287665,0.9202355581192114,-0.0286497355696215
12.6,2.377322639290116,2.3699796114198124,0.006239362724247209,0.9241511104900171,-0.027941931003055656
12.67,2.378406155454077,2.3708525953409185,0.0068336298667978366,0.9280666628608228,-0.027234126436489828
12.74,2.3794896716180376,2.3717255792620238,0.0074281367823655214,0.9319822152316286,-0.026526321869924
12.81,2.3805731877819984,2.37259856318313,0.008022721092787267,0.9358977676024343,-0.025818517303358157
12.88,2.3816567039459593,2.3734715471042356,0.008617220419900056,0.93981331997324,-0.025110712736792315
12.95,2.38274022010992,2.3743445310253417,0.00921147238554091,0.9437288723440456,-0.024402908170226514
13.02,2.383823736273881,2.3752175149464474,0.009805314611546819,0.9476444247148513,-0.023695103603660672
13.09,2.384907252437842,2.376090498867553,0.010398584719754758,0.9515599770856571,-0.02298729903709483
13.16,2.3859907686018023,2.376963482788659,0.010991120332001749,0.9554755294564627,-0.022279494470529
13.23,2.387074284765763,2.3778364667097645,0.011582759070124776,0.9593910818272685,-0.02157168990396316
13.3,2.3881578009297244,2.378709450630871,0.012173338555960842,0.9633066341980743,-0.020863885337397317
13.37,2.389241317093685,2.3795824345519767,0.01276269641134692,0.9672221865688799,-0.020156080770831517
13.44,2.3903248332576457,2.3804554184730824,0.013350670258120041,0.9711377389396856,-0.019448276204265674
13.51,2.3914083494216065,2.381328402394188,0.013937097718117204,0.9750532913104913,-0.018740471637699832
13.58,2.3924918655855674,2.3822013863152938,0.014521816413175364,0.978968843681297,-0.018032667071134004
13.65,2.393575381749528,2.3830743702364,0.015104663965131555,0.9828843960521028,-0.01732486250456816
13.72,2.394658897913489,2.383947354157506,0.01568547799582276,0.9867999484229084,-0.01661705793800232
13.79,2.3957424140774495,2.3848203380786113,0.016264096127085972,0.9907155007937141,-0.015909253371436505
13.86,2.3968259302414103,2.3856933219997174,0.01684035598075819,0.9946310531645198,-0.015201448804870663
13.93,2.3979094464053716,2.386566305920823,0.01741409517867643,0.9985466055353256,-0.01449364423830482
14.0,2.398992962569332,2.3874392898419288,0.01798515134267766,1.0024621579061312,-0.013785839671739006
14.07,2.400076478733293,2.388312273763035,0.018553362094598878,1.006377710276937,-0.013078035105173177
14.14,2.4011599948972537,2.3891852576841406,0.019118565056277105,1.0102932626477426,-0.012370230538607335
14.21,2.402243511061214,2.3900582416052463,0.019680597849549335,1.0142088150185482,-0.01166242597204152
14.28,2.4033270272251754,2.3909312255263524,0.02023929809625251,1.0181243673893539,-0.010954621405475679
14.35,2.4044105433891363,2.391804209447458,0.020794503418223715,1.0220399197601595,-0.01024681683890985
14.42,2.4054940595530967,2.3926771933685638,0.02134605143729988,1.0259554721309654,-0.009539012272344022
14.49,2.4065775757170575,2.3935501772896695,0.02189377977531803,1.029871024501771,-0.00883120770577818
14.56,2.4076610918810184,2.3944231612107756,0.022437526054115156,1.033786576872577,-0.008123403139212337
14.63,2.4087446080449793,2.3952961451318817,0.02297712789552827,1.0377021292433826,-0.007415598572646509
14.7,2.40982812420894,2.396169129052987,0.023512422921394324,1.0416176816141882,-0.0067077940060806945
14.77,2.410911640372901,2.397042112974093,0.024043248753550347,1.0455332339849939,-0.005999989439514866
14.84,2.411995156536862,2.3979150968951988,0.024569443013833354,1.0494487863557995,-0.005292184872949024
14.91,2.4130786727008227,2.3987880808163045,0.0250908433240803,1.0533643387266052,-0.004584380306383182
14.98,2.414162188864783,2.3996610647374106,0.025607287306128206,1.057279891097411,-0.0038765757398173395
15.05,2.415245705028744,2.4005340486585163,0.026118612581814065,1.0611954434682167,-0.003168771173251511
15.12,2.416329221192705,2.401407032579622,0.026624656772974858,1.0651109958390224,-0.0024609666066856967
15.19,2.4174127373566656,2.402280016500728,0.02712525750144762,1.0690265482098282,-0.0017531620401198683
15.26,2.4184962535206265,2.403153000421834,0.027620252389069313,1.0729421005806339,-0.001045357473554026
15.33,2.4195797696845873,2.4040259843429395,0.028109479057676957,1.0768576529514395,-0.00033755290698818385
15.4,2.4206632858485477,2.404898968264045,0.02859277512910752,1.0807732053222452,0.0003702516595776445
15.47,2.4217468020125086,2.4057719521851513,0.029069978225198027,1.084688757693051,0.0010780562261434867
15.54,2.42283031817647,2.4066449361062574,0.029540925967785455,1.0886043100638565,0.001785860792709315
15.61,2.4239138343404303,2.407517920027363,0.030005455978706796,1.0925198624346624,0.0024936653592751434
15.68,2.424997350504391,2.4083909039484688,0.030463405879799066,1.096435414805468,0.003201469925840972
15.75,2.426080866668352,2.409263887869575,0.030914613292899275,1.100350967176274,0.003909274492406814
15.82,2.427164382832313,2.41013687179068,0.03135891583984439,1.1042665195470796,0.004617079058972656
15.89,2.4282478989962737,2.4110098557117863,0.031796151142471404,1.1081820719178852,0.005324883625538485
15.96,2.4293314151602345,2.411882839632892,0.03222615682261734,1.112097624288691,0.006032688192104327
16.03,2.4304149313241954,2.412755823553998,0.03264877050211918,1.1160131766594965,0.006740492758670169
16.1,2.4314984474881562,2.4136288074751038,0.033063829802813915,1.1199287290303024,0.007448297325235997
16.17,2.4325819636521167,2.4145017913962095,0.033471172346538555,1.1238442814011083,0.00815610189180184
16.24,2.4336654798160775,2.4153747753173156,0.033870635755130066,1.1277598337719137,0.008863906458367626
16.31,2.4347489959800384,2.4162477592384213,0.03426205765042549,1.1316753861427191,0.009571711024933469
16.38,2.435832512143999,2.417120743159527,0.0346452756542618,1.135590938513525,0.01027951559149931
16.45,2.4369160283079596,2.4179937270806326,0.035020127388476,1.1395064908843306,0.010987320158065153
16.52,2.437999544471921,2.418866711001739,0.03538645047490509,1.1434220432551365,0.011695124724630981
16.59,2.4390830606358818,2.4197396949228445,0.035744082535386044,1.1473375956259422,0.012402929291196824
16.66,2.4401665767998426,2.4206126788439506,0.036092861191755865,1.151253147996748,0.013110733857762666
16.73,2.441250092963803,2.421485662765056,0.03643262406585158,1.1551687003675537,0.013818538424328494
16.8,2.442333609127764,2.422358646686162,0.036763208779510156,1.1590842527383596,0.014526342990894336
16.87,2.4434171252917247,2.423231630607268,0.037084452954568595,1.162999805109165,0.015234147557460165
16.94,2.4445006414556856,2.424104614528374,0.037396194212863894,1.1669153574799707,0.015941952124025993
17.01,2.4455841576196464,2.42497759844948,0.03769827017623305,1.1708309098507763,0.01664975669059182
17.08,2.446667673783607,2.425850582370585,0.03799051846651305,1.174746462221582,0.017357561257157636
17.15,2.447751189947568,2.4267235662916913,0.038272776705540926,1.1786620145923878,0.018065365823723478
17.22,2.448834706111529,2.427596550212797,0.038544882515153644,1.1825775669631935,0.018773170390289307
17.29,2.44991822227549,2.428469534133903,0.0388066735171882,1.1864931193339991,0.01948097495685515
17.36,2.4510017384394502,2.4293425180550083,0.039057987333481606,1.1904086717048048,0.020188779523420963
17.43,2.452085254603411,2.4302155019761145,0.03929866158587085,1.1943242240756105,0.020896584089986805
17.5,2.453168770767372,2.4310884858972206,0.03952853389619292,1.198239776446416,0.021604388656552648
17.57,2.454252286931333,2.4319614698183263,0.03974744188628483,1.202155328817222,0.022312193223118476
17.64,2.455335803095293,2.432834453739432,0.03995522317798356,1.2060708811880276,0.02301999778968432
17.71,2.456419319259254,2.4337074376605377,0.04015171539312613,1.2099864335588335,0.02372780235625016
17.78,2.457502835423215,2.4345804215816433,0.04033675615354953,1.2139019859296392,0.02443560692281599
17.85,2.4508426405966666,2.4289277370299116,0.040510162293312786,1.217817538300445,0.02514341148938183
17.92,2.4441824457701182,2.42327505247818,0.040671667495363266,1.2217330906712505,0.025851216055947673
17.99,2.43752225094357,2.4176223679264477,0.04082098465487035,1.225648643042056,0.02655902062251346
18.06,2.4308620561170216,2.4119696833747155,0.04095782666700342,1.2295641954128618,0.027266825189079302
18.13,2.424201861290473,2.4063169988229833,0.041081906426931894,1.2334797477836674,0.027974629755645145
18.2,2.417541666463925,2.400664314271251,0.04119293682982515,1.2373953001544733,0.028682434322210973
18.27,2.410881471637376,2.395011629719519,0.041290630770852585,1.241310852525279,0.029390238888776815
18.34,2.4042212768108273,2.3893589451677872,0.04137470114518359,1.2452264048960848,0.030098043455342657
18.41,2.3975610819842785,2.383706260616055,0.04144486084798755,1.2491419572668905,0.030805848021908486
18.48,2.39090088715773,2.378053576064323,0.04150082277443387,1.2530575096376961,0.03151365258847433
18.55,2.384240692331182,2.3724008915125907,0.04154229981969193,1.2569730620085018,0.032221457155040156
18.62,2.3775804975046335,2.3667482069608585,0.041569004878931136,1.2608886143793077,0.032929261721605985
18.69,2.370920302678085,2.3610955224091263,0.041580650847320884,1.2648041667501133,0.03363706628817181
18.76,2.364260107851536,2.355442837857394,0.04157695062003055,1.268719719120919,0.034344870854737655
18.83,2.3575999130249885,2.349790153305663,0.041557617092229535,1.2726352714917246,0.035052675421303456
18.9,2.3509397181984397,2.3441374687539303,0.041522363159087236,1.2765508238625303,0.0357604799878693
18.97,2.3442795233718914,2.3384847842021985,0.04147090171577304,1.2804663762333361,0.036468284554435126
19.04,2.3376193285453426,2.3328320996504663,0.04140294565745633,1.2843819286041416,0.03717608912100097
19.11,2.3309591337187943,2.327179415098734,0.04131820787930655,1.2882974809749475,0.0378838936875668
19.18,2.324298938892246,2.321526730547002,0.041216401276493016,1.292213033345753,0.03859169825413264
19.25,2.317638744065697,2.3158740459952702,0.04109723874418516,1.2961285857165588,0.03929950282069848
19.32,2.310978549239149,2.310221361443538,0.040960433177552394,1.3000441380873646,0.04000730738726431
19.39,2.3043183544126,2.3045686768918054,0.04080569747176407,1.3039596904581703,0.04071511195383015
19.46,2.2976581595860517,2.2989159923400737,0.04063274452198963,1.3078752428289762,0.041422916520395994
19.53,2.2909979647595033,2.2932633077883415,0.040441287223398424,1.3117907951997818,0.04213072108696182
19.6,2.2843377699329546,2.2876106232366094,0.04023103847115985,1.3157063475705875,0.042838525653527665
19.67,2.277677575106406,2.281957938684877,0.04000171116044332,1.3196218999413931,0.04354633022009351
19.74,2.271017380279858,2.2763052541331454,0.039753018186418236,1.3235374523121988,0.044254134786659294
19.81,2.2643571854533096,2.2706525695814133,0.03948467244425396,1.3274530046830044,0.044961939353225136
19.88,2.2576969906267608,2.264999885029681,0.03919638682911988,1.33136855705381,0.04566974391979098
19.95,2.2510367958002124,2.2593472004779493,0.03888787423618542,1.335284109424616,0.04637754848635681
20.02,2.2443766009736636,2.253694515926217,0.03855884756061997,1.3391996617954216,0.047085353052922635
20.09,2.2377164061471153,2.248041831374485,0.0382090196975929,1.3431152141662275,0.04779315761948848
20.16,2.231056211320567,2.242389146822753,0.03783810354227361,1.347030766537033,0.048500962186054306
20.23,2.224396016494018,2.2367364622710206,0.037445811989831504,1.3509463189078388,0.04920876675262015
20.3,2.21773582166747,2.231083777719289,0.03703185793543599,1.3548618712786444,0.04991657131918599
20.37,2.211075626840921,2.2254310931675567,0.0365959542742564,1.3587774236494503,0.05062437588575182
20.44,2.2044154320143727,2.2197784086158245,0.03613781390146219,1.362692976020256,0.05133218045231766
20.51,2.197755237187824,2.2141257240640924,0.03565714971222272,1.3666085283910618,0.0520399850188835
20.58,2.191095042361276,2.2084730395123606,0.03515367460170742,1.3705240807618673,0.05274778958544929
20.65,2.1844348475347273,2.202820354960628,0.034627101465085644,1.3744396331326727,0.05345559415201513
20.72,2.177774652708179,2.1971676704088963,0.03407714319752679,1.3783551855034786,0.054163398718580974
20.79,2.1711144578816306,2.191514985857164,0.03350351269420024,1.3822707378742842,0.0548712032851468
20.86,2.164454263055082,2.1858623013054324,0.03290592285027543,1.38618629024509,0.055579007851712645
20.93,2.157794068228534,2.1802096167537,0.03228408656092172,1.3901018426158958,0.05628681241827849
21.0,2.1511338734019847,2.174556932201968,0.0316377167213085,1.3940173949867016,0.056994616984844315
21.07,2.1444736785754364,2.168904247650236,0.030966526226605184,1.3979329473575073,0.05770242155141016
21.14,2.1378134837488876,2.1632515630985036,0.030270227971981145,1.4018484997283127,0.058410226117976
21.21,2.1311532889223392,2.1575988785467715,0.029548534852605793,1.4057640520991186,0.059118030684541814
21.28,2.124493094095791,2.1519461939950397,0.02880115976364852,1.4096796044699242,0.059825835251107656
21.35,2.117832899269242,2.146293509443307,0.028027815600278696,1.4135951568407301,0.0605336398176735
21.42,2.111172704442694,2.1406408248915754,0.027228215257665743,1.4175107092115358,0.061241444384239334
21.49,2.104512509616146,2.1349881403398436,0.02640207163097908,1.4214262615823414,0.06194924895080514
21.56,2.0978523147895975,2.1293354557881115,0.025549097615388018,1.425341813953147,0.06265705351737097
21.63,2.0911921199630488,2.1236827712363793,0.02466900610606199,1.429257366323953,0.0633648580839368
21.7,2.0845319251365004,2.118030086684647,0.023761509998170394,1.4331729186947584,0.06407266265050264
21.77,2.077871730309951,2.112377402132915,0.022826322186882617,1.437088471065564,0.06478046721706848
21.84,2.0712115354834033,2.1067247175811827,0.021863155567368068,1.4410040234363697,0.06548827178363431
21.91,2.0645513406568545,2.101072033029451,0.02087172303479612,1.4449195758071753,0.06619607635020014
21.98,2.057891145830306,2.0954193484777184,0.019851737484336166,1.4488351281779812,0.06690388091676597
22.05,2.051230951003758,2.0897666639259866,0.018802911811157615,1.4527506805487869,0.06761168548333181
22.12,2.044570756177209,2.0841139793742545,0.01772495891042984,1.4566662329195927,0.06831949004989765
22.19,2.0379105613506607,2.0784612948225223,0.016617591677322255,1.4605817852903984,0.06902729461646348
22.26,2.031250366524112,2.0728086102707906,0.015480523007004244,1.4644973376612038,0.06973509918302932
22.33,2.0245901716975636,2.0671559257190584,0.014313465794645257,1.4684128900320095,0.07044290374959511
22.4,2.0179299768710153,2.061503241167326,0.013116132935414575,1.4723284424028151,0.07115070831616095
22.47,2.011269782044467,2.055850556615594,0.011888237324481628,1.476243994773621,0.0718585128827268
22.54,2.004609587217918,2.050197872063862,0.010629491857015842,1.4801595471444267,0.07256631744929262
22.61,1.9979493923913698,2.04454518751213,0.009339609428186596,1.4840750995152325,0.07327412201585844
22.68,1.9912891975648215,2.038892502960398,0.00801830293316327,1.4879906518860382,0.07398192658242428
22.75,1.984629002738273,2.0332398184086657,0.006665285267115278,1.491906204256844,0.07468973114899011
22.82,1.9779688079117244,2.027587133856934,0.005280269325211997,1.4958217566276495,0.07539753571555595
22.89,1.971308613085176,2.021934449305202,0.003862968002622834,1.4997373089984551,0.07610534028212179
22.96,1.9646484182586272,2.0162817647534697,0.0024130941945171534,1.503652861369261,0.07681314484868762
23.03,1.9579882234320787,2.0106290802017375,0.0009303607960643792,1.5075684137400667,0.07752094941525348
23.1,1.9513280286055303,2.0049763956500053,-0.0005855192975661033,1.5114839661108725,0.0782287539818193
23.17,1.9446678337789818,1.9993237110982733,-0.0021348331912049053,1.5153995184816782,0.07893655854838513
23.24,1.9380076389524334,1.9936710265465412,-0.003717867989682551,1.5193150708524839,0.07964436311495093
23.31,1.931347444125885,1.9880183419948092,-0.005334910797829821,1.5232306232232895,0.08035216768151678
23.38,1.9246872492993365,1.9823656574430772,-0.0069862487204772235,1.527146175594095,0.08105997224808262
23.45,1.918027054472788,1.9767129728913453,-0.008672168862455375,1.5310617279649008,0.08176777681464845
23.52,1.9113668596462396,1.971060288339613,-0.010392958328594874,1.5349772803357065,0.08247558138121429
23.59,1.9047066648196909,1.9654076037878807,-0.012148904223726335,1.5388928327065123,0.08318338594778013
23.66,1.8980464699931425,1.9597549192361488,-0.013940293652680374,1.542808385077318,0.08389119051434596
23.73,1.891386275166594,1.9541022346844164,-0.015767413720287567,1.5467239374481239,0.0845989950809118
23.8,1.8847260803400456,1.9484495501326844,-0.017630551531378567,1.5506394898189295,0.08530679964747764
23.87,1.8780658855134968,1.9427968655809524,-0.01952999419078395,1.5545550421897352,0.08601460421404347
23.94,1.8714056906869483,1.9371441810292203,-0.021466028803334324,1.5584705945605408,0.08672240878060931
24.01,1.8647454958604,1.9314914964774883,-0.023438942473860296,1.5623861469313467,0.08743021334717516
24.08,1.858085301033852,1.9258388119257563,-0.025449022307192384,1.5663016993021521,0.08813801791374094
24.15,1.8514251062073033,1.9201861273740244,-0.027496555408161392,1.5702172516729578,0.08884582248030679
24.22,1.8447649113807547,1.9145334428222922,-0.029581828881597834,1.5741328040437637,0.08955362704687261
24.29,1.8381047165542062,1.90888075827056,-0.0317051298323323,1.5780483564145693,0.09026143161343846
24.36,1.8314445217276576,1.9032280737188279,-0.03386674536519539,1.5819639087853752,0.0909692361800043
24.43,1.8247843269011093,1.897575389167096,-0.036066962585017744,1.5858794611561806,0.09167704074657013
24.5,1.8181241320745607,1.8919227046153635,-0.03830606859662994,1.5897950135269865,0.09238484531313598
24.57,1.8114639372480124,1.8862700200636318,-0.040584350504862594,1.5937105658977921,0.09309264987970181
24.64,1.8048037424214636,1.8806173355118996,-0.04290209541454633,1.597626118268598,0.09380045444626764
24.71,1.7981435475949152,1.8749646509601674,-0.045259590430511726,1.6015416706394037,0.0945082590128335
24.78,1.791483352768367,1.8693119664084352,-0.047657122657589424,1.6054572230102093,0.09521606357939932
24.85,1.7848231579418181,1.863659281856703,-0.050094979200609985,1.6093727753810152,0.09592386814596515
24.92,1.7781629631152696,1.858006597304971,-0.05257344716440406,1.6132883277518206,0.096631672712531
24.99,1.7715027682887212,1.8523539127532391,-0.055092813653802086,1.6172038801226263,0.0973394772790968
25.06,1.764842573462173,1.8467012282015072,-0.05765336577363499,1.621119432493432,0.09804728184566264
25.13,1.7581823786356243,1.8410485436497748,-0.060255390628733176,1.6250349848642378,0.09875508641222847
25.2,1.751522183809076,1.835395859098043,-0.0628991753239273,1.6289505372350435,0.0994628909787943
25.27,1.7448619889825274,1.8297431745463109,-0.06558500696404795,1.6328660896058491,0.10017069554536014
25.34,1.7382017941559789,1.8240904899945787,-0.06831317265392574,1.636781641976655,0.10087850011192595
25.41,1.7315415993294303,1.8184378054428467,-0.07108395949839127,1.6406971943474606,0.10158630467849178
25.48,1.7248814045028817,1.8127851208911143,-0.07389765460227515,1.6446127467182665,0.10229410924505762
25.55,1.7182212096763334,1.8071324363393826,-0.07675454507040799,1.648528299089072,0.10300191381162346
25.62,1.7115610148497848,1.8014797517876502,-0.07965491800762042,1.6524438514598778,0.10370971837818929
25.69,1.7049008200232363,1.7958270672359182,-0.082599060518743,1.6563594038306835,0.10441752294475513
25.76,1.698240625196688,1.790174382684186,-0.08558725970860637,1.6602749562014893,0.10512532751132098
25.83,1.6915804303701398,1.7845216981324543,-0.08861980268204095,1.6641905085722948,0.10583313207788678
25.9,1.684920235543591,1.7788690135807221,-0.09169697654387769,1.6681060609431004,0.1065409366444526
25.97,1.6782600407170425,1.77321632902899,-0.09481906839894703,1.6720216133139063,0.10724874121101843
26.04,1.671599845890494,1.767563644477258,-0.09798636535207961,1.675937165684712,0.10795654577758429
26.11,1.6649396510639456,1.7619109599255258,-0.10119915450810596,1.6798527180555176,0.10866435034415012
26.18,1.658279456237397,1.7562582753737939,-0.10445772297185675,1.6837682704263233,0.10937215491071595
26.25,1.6516192614108485,1.7506055908220615,-0.10776235784816258,1.6876838227971291,0.1100799594772818
26.32,1.6449590665843,1.7449529062703293,-0.11111334624185402,1.6915993751679348,0.11078776404384763
26.39,1.6382988717577516,1.7393002217185973,-0.11451097525776177,1.6955149275387407,0.11149556861041347
26.46,1.6316386769312028,1.7336475371668654,-0.1179555320007163,1.6994304799095463,0.11220337317697932
26.53,1.6249784821046545,1.7279948526151332,-0.12144730357554832,1.703346032280352,0.11291117774354514
26.6,1.618318287278106,1.722342168063401,-0.12498657708708838,1.7072615846511576,0.11361898231011099
26.67,1.6116580924515576,1.716689483511669,-0.12857363964016713,1.7111771370219633,0.11432678687667683
26.74,1.5713279200972177,1.689548147412338,-0.1322085765609357,1.715092689392769,0.11503459144324261
26.81,1.530997747742876,1.6624068113130057,-0.1358906660608287,1.7190082417635746,0.11574239600980846
26.88,1.4906675753885341,1.6352654752136733,-0.13961898457260097,1.7229237941343805,0.11645020057637429
26.95,1.4503374030341922,1.6081241391143408,-0.14339260852900745,1.7268393465051861,0.11715800514294013
27.02,1.4100072306798503,1.5809828030150084,-0.14721061436280317,1.730754898875992,0.11786580970950597
27.09,1.3696770583255087,1.553841466915676,-0.151072078506743,1.7346704512467976,0.1185736142760718
27.16,1.3293468859711668,1.5267001308163435,-0.1549760773935821,1.738586003617603,0.11928141884263764
27.23,1.2890167136168251,1.4995587947170113,-0.1589216874560753,1.742501555988409,0.11998922340920348
27.3,1.2486865412624832,1.4724174586176786,-0.16290798512697766,1.7464171083592146,0.12069702797576931
27.37,1.2083563689081414,1.4452761225183464,-0.166934046839044,1.7503326607300205,0.12140483254233515
27.44,1.1680261965537995,1.4181347864190137,-0.17099894902502957,1.7542482131008261,0.122112637108901
27.51,1.1276960241994578,1.3909934503196817,-0.1751017681176892,1.758163765471632,0.12282044167546682
27.58,1.0873658518451181,1.3638521142203506,-0.17924158054977762,1.7620793178424374,0.12352824624203262
27.65,1.0470356794907762,1.336710778121018,-0.18341746275405035,1.7659948702132433,0.12423605080859845
27.72,1.0067055071364344,1.3095694420216857,-0.18762849116326213,1.7699104225840487,0.1249438553751643
27.79,0.9663753347820924,1.2824281059223532,-0.1918737422101678,1.7738259749548544,0.12565165994173014
27.86,0.9260451624277507,1.255286769823021,-0.19615229232752251,1.7777415273256603,0.12635946450829597
27.93,0.8857149900734088,1.2281454337236883,-0.20046321794808122,1.781657079696466,0.12706726907486182
28.0,0.8453848177190671,1.2010040976243561,-0.20480559550459884,1.7855726320672718,0.12777507364142762
28.07,0.8050546453647253,1.1738627615250237,-0.20917850142983033,1.7894881844380772,0.12848287820799345
28.14,0.7647244730103834,1.1467214254256914,-0.21358101215653078,1.793403736808883,0.1291906827745593
28.21,0.7243943006560415,1.1195800893263588,-0.21801220411745514,1.7973192891796885,0.12989848734112514
28.28,0.6840641283016998,1.0924387532270263,-0.2224711537453584,1.8012348415504942,0.13060629190769096
28.35,0.6437339559473578,1.0652974171276939,-0.2269569374729955,1.8051503939213,0.1313140964742568
28.42,0.6034037835930162,1.0381560810283617,-0.2314686317331214,1.8090659462921057,0.13202190104082262
28.49,0.5630736112386763,1.0110147449290308,-0.2360053129584909,1.8129814986629114,0.13272970560738845
28.56,0.5227434388843344,0.9838734088296981,-0.2405660575818594,1.816897051033717,0.13343751017395428
28.63,0.48241326652999267,0.9567320727303656,-0.24514994203598173,1.820812603404523,0.13414531474052008
28.7,0.4420830941756509,0.9295907366310333,-0.2497560427536128,1.8247281557753285,0.13485311930708593
28.77,0.401752921821309,0.902449400531701,-0.2543834361675076,1.8286437081461342,0.13556092387365176
28.84,0.36142274946696723,0.8753080644323685,-0.25903119871042113,1.8325592605169398,0.1362687284402176
28.91,0.3210925771126253,0.8481667283330361,-0.26369840681510837,1.8364748128877455,0.13697653300678345
28.98,0.28076240475828357,0.8210253922337039,-0.2683841369143243,1.8403903652585514,0.13768433757334927
29.05,0.24043223240394163,0.7938840561343713,-0.2730874654408239,1.844305917629357,0.1383921421399151
29.12,0.20010206004959996,0.7667427200350392,-0.2778074688273622,1.848221470000163,0.13909994670648096
29.19,0.15977188769525819,0.7396013839357065,-0.2825432235066941,1.8521370223709686,0.1398077512730468
29.26,0.11944171534091619,0.7124600478363744,-0.2872938059115746,1.8560525747417742,0.14051555583961262
29.33,0.07911154298657652,0.6853187117370433,-0.29205829247475845,1.8599681271125796,0.14122336040617842
29.4,0.038781370632234746,0.6581773756377107,-0.2968357596290011,1.8638836794833853,0.14193116497274424
29.47,-0.0015488017221071404,0.6310360395383785,-0.3016252838070573,1.8677992318541912,0.1426389695393101
29.54,-0.041878974076448916,0.6038947034390459,-0.30642594144168206,1.8717147842249968,0.14334677410587593
29.61,-0.0822091464307908,0.5767533673397137,-0.3112368089656304,1.8756303365958027,0.14405457867244176
29.68,-0.12253931878513258,0.5496120312403812,-0.3160569628116572,1.8795458889666083,0.1447623832390076
29.75,-0.1628694911394744,0.5224706951410487,-0.32088547941251744,1.8834614413374142,0.14547018780557344
29.82,-0.2031996634938163,0.4953293590417164,-0.32572143520096614,1.8873769937082199,0.1461779923721393
29.89,-0.24352983584815807,0.4681880229423838,-0.33056390660975843,1.8912925460790255,0.14688579693870513
29.96,-0.28386000820249996,0.4410466868430515,-0.335411970071649,1.8952080984498312,0.14759360150527095
30.03,-0.32419018055684184,0.41390535074371904,-0.3402647020193931,1.899123650820637,0.14830140607183678
30.1,-0.36452035291118356,0.3867640146443867,-0.34512117888574545,1.9030392031914427,0.14900921063840264
30.17,-0.4048505252655254,0.35962267854505425,-0.34998047710346125,1.9069547555622484,0.14971701520496847
30.24,-0.4451806976198652,0.33248134244572325,-0.35484167310529513,1.910870307933054,0.15042481977153427
30.31,-0.4855108699742069,0.3053400063463908,-0.3597038433240027,1.9147858603038597,0.1511326243381001
30.38,-0.5258410423285487,0.27819867024705847,-0.3645660641923385,1.9187014126746655,0.15184042890466595
30.45,-0.5661712146828907,0.25105733414772613,-0.36942741214305763,1.922616965045471,0.15254823347123178
30.52,-0.6065013870372326,0.22391599804839368,-0.374286963608915,1.9265325174162768,0.1532560380377976
30.59,-0.6468315593915743,0.19677466194906135,-0.3791437950226656,1.9304480697870825,0.15396384260436347
30.66,-0.6871617317459161,0.1696333258497289,-0.38399698281706457,1.9343636221578882,0.1546716471709293
30.73,-0.7274919041002579,0.14249198975039656,-0.3888456034248666,1.938279174528694,0.15537945173749512
30.8,-0.7678220764545998,0.11535065365106412,-0.3936887332788269,1.9421947268994997,0.15608725630406095
30.87,-0.8081522488089417,0.08820931755173156,-0.3985254488117005,1.9461102792703056,0.1567950608706268
30.94,-0.8484824211632834,0.061067981452399334,-0.40335482645624215,1.950025831641111,0.15750286543719264
31.01,-0.8888125935176252,0.033926645353066665,-0.40817594264520707,1.9539413840119169,0.15821067000375844
31.08,-0.929142765871965,0.006785309253735772,-0.4129878738113497,1.9578569363827223,0.15891847457032426
31.15,-0.9360261354104996,-0.020356026845596675,-0.41778975010372005,1.9617724887535282,0.15962627913689012
31.22,-0.9429095049490341,-0.0474973629449289,-0.42258091653654406,1.9656880411243338,0.16033408370345595
31.29,-0.9497928744875688,-0.07463869904426146,-0.42736077184034243,1.9696035934951395,0.16104188827002178
31.36,-0.9566762440261034,-0.10178003514359368,-0.4321287147456356,1.9735191458659453,0.1617496928365876
31.43,-0.963559613564638,-0.12892137124292635,-0.43688414398294395,1.977434698236751,0.16245749740315343
31.5,-0.9704429831031727,-0.15606270734225858,-0.44162645828278846,1.9813502506075567,0.16316530196971926
31.57,-0.9773263526417072,-0.18320404344159114,-0.4463550563756895,1.9852658029783623,0.16387310653628512
31.64,-0.9842097221802418,-0.21034537954092358,-0.4510693369921675,1.9891813553491682,0.16458091110285095
31.71,-0.9910930917187765,-0.23748671564025592,-0.4557686988627432,1.9930969077199738,0.16528871566941677
31.78,-0.9979764612573112,-0.26462805173958837,-0.46045254071793723,1.9970124600907797,0.16599652023598263
31.85,-1.0048598307958458,-0.2917693878389206,-0.46512026128826983,2.000928012461585,0.16670432480254846
31.92,-1.0117432003343803,-0.31891072393825304,-0.469771259304262,2.0048435648323912,0.1674121293691143
31.99,-1.0186265698729147,-0.34605206003758415,-0.47440493349643376,2.0087591172031964,0.1681199339356801
32.06,-1.0255099394114495,-0.37319339613691793,-0.4790206825953065,2.0126746695740025,0.16882773850224597
32.13,-1.0323933089499842,-0.40033473223625016,-0.48361790533140003,2.016590221944808,0.1695355430688118
32.2,-1.0392766784885188,-0.4274760683355825,-0.48819600043523526,2.020505774315614,0.17024334763537766
32.27,-1.0461600480270534,-0.45461740443491494,-0.4927543666373326,2.0244213266864195,0.17095115220194348
32.34,-1.053043417565588,-0.4817587405342475,-0.4972924026682128,2.0283368790572256,0.1716589567685093
32.41,-1.0599267871041218,-0.508900076633577,-0.5018095072583958,2.032252431428031,0.17236676133507506
32.48,-1.0668101566426564,-0.5360414127329094,-0.5063050791384033,2.0361679837988365,0.17307456590164091
32.55,-1.073693526181191,-0.5631827488322418,-0.5107785170387552,2.040083536169642,0.17378237046820674
32.62,-1.0805768957197257,-0.5903240849315743,-0.5152292196899722,2.0439990885404478,0.1744901750347726
32.69,-1.0874602652582603,-0.6174654210309065,-0.5196565858225745,2.047914640911254,0.17519797960133843
32.76,-1.094343634796795,-0.644606757130239,-0.5240600141670833,2.0518301932820595,0.17590578416790426
32.83,-1.1012270043353296,-0.6717480932295715,-0.5284389034540188,2.055745745652865,0.17661358873447008
32.9,-1.1081103738738642,-0.698889429328904,-0.5327926524139015,2.0596612980236704,0.17732139330103594
32.97,-1.1149937434123989,-0.7260307654282362,-0.5371206597772521,2.0635768503944765,0.17802919786760177
33.04,-1.1218771129509333,-0.7531721015275686,-0.5414223242745911,2.067492402765282,0.17873700243416762
33.11,-1.1287604824894681,-0.7803134376269013,-0.5456970446364393,2.0714079551360878,0.17944480700073345
33.18,-1.1356438520280026,-0.8074547737262335,-0.5499442195933169,2.0753235075068934,0.18015261156729928
33.25,-1.1425272215665372,-0.834596109825566,-0.5541632478757447,2.079239059877699,0.1808604161338651
33.32,-1.1494105911050718,-0.8617374459248982,-0.5583535282142432,2.083154612248505,0.18156822070043097
33.39,-1.1562939606436065,-0.8888787820242309,-0.5625144593393331,2.087070164619311,0.1822760252669968
33.46,-1.163177330182141,-0.9160201181235632,-0.5666454399815347,2.0909857169901165,0.18298382983356265
33.53,-1.1700606997206755,-0.9431614542228957,-0.5707458688713688,2.094901269360922,0.18369163440012848
33.6,-1.1769440692592104,-0.9703027903222279,-0.5748151447393558,2.0988168217317282,0.1843994389666943
33.67,-1.1838274387977448,-0.9974441264215606,-0.5788526663160163,2.102732374102534,0.18510724353326014
33.74,-1.1907108083362794,-1.0245854625208928,-0.5828578323318709,2.1066479264733395,0.18581504809982596
33.81,-1.197594177874814,-1.0517267986202252,-0.5868300415174406,2.110563478844145,0.1865228526663918
33.88,-1.2044775474133487,-1.0788681347195572,-0.5907686926032452,2.1144790312149504,0.18723065723295762
33.95,-1.2113609169518833,-1.1060094708188901,-0.5946731843198055,2.118394583585756,0.18793846179952348
34.02,-1.2182442864904177,-1.1331508069182226,-0.5985429153976426,2.1223101359565617,0.18864626636608928
34.09,-1.2251276560289526,-1.1602921430175548,-0.6023772845672765,2.126225688327368,0.1893540709326551
34.16,-1.2320110255674865,-1.1874334791168843,-0.6061756905592274,2.130141240698173,0.19006187549922093
34.23,-1.238894395106021,-1.214574815216217,-0.6099375321040169,2.1340567930689787,0.19076968006578676
34.3,-1.2457777646445556,-1.2417161513155492,-0.613662207932165,2.1379723454397848,0.1914774846323526
34.37,-1.2526611341830902,-1.2688574874148817,-0.6173491167741924,2.1418878978105904,0.19218528919891842
34.44,-1.2595445037216249,-1.2959988235142141,-0.6209976573606193,2.145803450181396,0.19289309376548425
34.51,-1.2664278732601595,-1.3231401596135466,-0.624607228421967,2.1497190025522017,0.19360089833205008
34.58,-1.2733112427986941,-1.350281495712879,-0.6281772286887556,2.1536345549230074,0.19430870289861593
34.65,-1.2801946123372288,-1.3774228318122113,-0.6317070568915054,2.157550107293813,0.19501650746518173
34.72,-1.2870779818757634,-1.4045641679115437,-0.6351961117607374,2.161465659664619,0.19572431203174756
34.79,-1.293961351414298,-1.4317055040108762,-0.6386437920269723,2.1653812120354248,0.19643211659831342
34.86,-1.3008447209528324,-1.4588468401102086,-0.6420494964207302,2.1692967644062304,0.19713992116487924
34.93,-1.307728090491367,-1.4859881762095408,-0.6454126236725317,2.173212316777036,0.19784772573144507
35.0,-1.3146114600299015,-1.5131295123088733,-0.6487325725128977,2.1771278691478413,0.19855553029801093
35.07,-1.3214948295684361,-1.5402708484082057,-0.6520087416723486,2.1810434215186474,0.19926333486457676
35.14,-1.328378199106971,-1.5674121845075382,-0.655240529881405,2.184958973889453,0.19997113943114259
35.21,-1.3352615686455056,-1.5945535206068704,-0.6584273358705874,2.1888745262602587,0.20067894399770844
35.28,-1.3421449381840402,-1.6216948567062028,-0.6615685583704165,2.1927900786310643,0.20138674856427427
35.35,-1.3490283077225746,-1.6488361928055355,-0.6646635961114127,2.1967056310018704,0.2020945531308401
35.42,-1.3559116772611093,-1.6759775289048677,-0.6677118478240966,2.200621183372676,0.20280235769740595
35.49,-1.362795046799644,-1.7031188650042002,-0.6707127122389891,2.2045367357434817,0.20351016226397178
35.56,-1.367152050159233,-1.7059844973931706,-0.6736657274835384,2.200097746645054,0.20552055714224893
35.63,-1.371509053518822,-1.7088501297821412,-0.6765709892729074,2.1956587575466275,0.20753095202052602
35.7,-1.3758660568784111,-1.7117157621711119,-0.6794287327191864,2.1912197684482,0.20954134689880316
35.77,-1.380223060238,-1.7145813945600823,-0.682239192934466,2.1867807793497733,0.21155174177708028
35.84,-1.3845800635975891,-1.717447026949053,-0.6850026050308368,2.1823417902513453,0.2135621366553574
35.91,-1.3889370669571777,-1.7203126593380231,-0.687719204120389,2.1779028011529187,0.21557253153363432
35.98,-1.3932940703167669,-1.7231782917269938,-0.6903892253152139,2.1734638120544916,0.21758292641191143
36.05,-1.3976510736763559,-1.7260439241159644,-0.6930129037274018,2.1690248229560645,0.21959332129018855
36.12,-1.4020080770359449,-1.7289095565049348,-0.695590474469043,2.164585833857637,0.22160371616846566
36.19,-1.4063650803955339,-1.7317751888939055,-0.6981221726522284,2.16014684475921,0.22361411104674278
36.26,-1.410722083755123,-1.734640821282876,-0.7006082333890484,2.1557078556607823,0.2256245059250199
36.33,-1.415079087114712,-1.7375064536718465,-0.7030488917915936,2.1512688665623556,0.22763490080329704
36.4,-1.419436090474301,-1.7403720860608174,-0.7054443829719547,2.146829877463928,0.22964529568157416
36.47,-1.4237930938338903,-1.743237718449788,-0.707794942042222,2.1423908883655005,0.23165569055985127
36.54,-1.428150097193479,-1.7461033508387585,-0.7101008041144864,2.1379518992670734,0.2336660854381284
36.61,-1.4325071005530683,-1.748968983227729,-0.7123622043008384,2.1335129101686463,0.2356764803164055
36.68,-1.4368641039126575,-1.7518346156166997,-0.7145793777133684,2.129073921070219,0.23768687519468265
36.75,-1.4412211072722463,-1.7547002480056701,-0.7167525594641669,2.1246349319717917,0.23969727007295977
36.82,-1.4455781106318355,-1.7575658803946408,-0.7188819846653249,2.1201959428733645,0.24170766495123688
36.89,-1.4499351139914245,-1.7604315127836112,-0.7209678884289326,2.1157569537749374,0.243718059829514
36.96,-1.4542921173510137,-1.7632971451725818,-0.7230105058670809,2.11131796467651,0.24572845470779114
37.03,-1.4586491207106027,-1.7661627775615525,-0.7250100720918597,2.1068789755780823,0.24773884958606823
37.1,-1.4630061240701917,-1.769028409950523,-0.7269668222153607,2.1024399864796557,0.24974924446434538
37.17,-1.4673631274297807,-1.7718940423394933,-0.7288809913496734,2.098000997381228,0.25175963934262247
37.24,-1.47172013078937,-1.7747596747284642,-0.730752814606889,2.0935620082828015,0.2537700342208996
37.31,-1.4760771341489587,-1.7776253071174346,-0.7325825270990977,2.089123019184374,0.25578042909917675
37.38,-1.480434137508548,-1.780490939506405,-0.7343703639383906,2.0846840300859464,0.25779082397745384
37.45,-1.484791140868137,-1.7833565718953759,-0.7361165602368577,2.0802450409875193,0.259801218855731
37.52,-1.489148144227726,-1.7862222042843463,-0.7378213511065896,2.075806051889092,0.2618116137340081
37.59,-1.4935051475873151,-1.789087836673317,-0.7394849716596774,2.071367062790665,0.2638220086122852
37.66,-1.4978621509469037,-1.7919534690622871,-0.7411076570082112,2.066928073692238,0.26583240349056214
37.73,-1.5022191543064927,-1.794819101451258,-0.7426896422642818,2.0624890845938104,0.2678427983688393
37.8,-1.5065761576660819,-1.7976847338402284,-0.7442311625399798,2.0580500954953838,0.2698531932471164
37.87,-1.5109331610256709,-1.8005503662291988,-0.7457324529473957,2.053611106396956,0.2718635881253935
37.94,-1.5152901643852599,-1.8034159986181695,-0.7471937485986199,2.049172117298529,0.2738739830036706
38.01,-1.519647167744849,-1.8062816310071401,-0.7486152846057433,2.0447331282001016,0.2758843778819477
38.08,-1.5240041711044379,-1.8091472633961105,-0.7499972960808563,2.0402941391016745,0.27789477276022484
38.15,-1.528361174464027,-1.8120128957850812,-0.7513400181360496,2.0358551500032473,0.279905167638502
38.22,-1.532718177823616,-1.8148785281740516,-0.7526436858834136,2.0314161609048202,0.2819155625167791
38.29,-1.537075181183205,-1.8177441605630222,-0.7539085344350388,2.0269771718063927,0.2839259573950562
38.36,-1.5414321845427943,-1.8206097929519929,-0.7551347989030162,2.0225381827079656,0.28593635227333336
38.43,-1.545789187902383,-1.8234754253409633,-0.7563227143994359,2.018099193609538,0.28794674715161045
38.5,-1.5501461912619723,-1.826341057729934,-0.7574725160363887,2.0136602045111114,0.2899571420298876
38.57,-1.5545031946215615,-1.8292066901189048,-0.758584438925965,2.009221215412684,0.2919675369081647
38.64,-1.5588601979811505,-1.8320723225078752,-0.7596587181802559,2.0047822263142563,0.2939779317864418
38.71,-1.5632172013407395,-1.8349379548968456,-0.7606955889113515,2.0003432372158296,0.29598832666471897
38.78,-1.5675742047003287,-1.8378035872858165,-0.7616952862313423,1.9959042481174019,0.29799872154299606
38.85,-1.5719312080599177,-1.840669219674787,-0.7626580452523192,1.9914652590189748,0.3000091164212732
38.92,-1.5762882114195067,-1.8435348520637576,-0.7635841010863725,1.9870262699205476,0.3020195112995503
38.99,-1.5806452147790957,-1.8464004844527282,-0.7644736888455934,1.9825872808221203,0.30402990617782744
39.06,-1.5850022181386847,-1.8492661168416986,-0.7653270436420714,1.978148291723693,0.3060403010561045
39.13,-1.589359221498274,-1.8521317492306693,-0.7661444005878981,1.973709302625266,0.30805069593438167
39.2,-1.593716224857863,-1.85499738161964,-0.7669259947951633,1.9692703135268386,0.31006109081265876
39.27,-1.598073228217452,-1.8578630140086103,-0.767672061375958,1.9648313244284112,0.3120714856909359
39.34,-1.6024302315770411,-1.8607286463975812,-0.7683828354423728,1.960392335329984,0.31408188056921305
39.41,-1.6067872349366297,-1.8635942787865512,-0.7690585521064982,1.9559533462315573,0.31609227544748997
39.48,-1.6111442382962187,-1.8664599111755218,-0.7696994464804248,1.95151435713313,0.31810267032576706
39.55,-1.6155012416558079,-1.8693255435644924,-0.7703057536762429,1.9470753680347028,0.32011306520404414
39.62,-1.6198582450153967,-1.8721911759534628,-0.7708777088060433,1.9426363789362755,0.3221234600823213
39.69,-1.6242152483749859,-1.8750568083424335,-0.7714155469819167,1.9381973898378482,0.32413385496059843
39.76,-1.6285722517345749,-1.877922440731404,-0.7719195033159534,1.933758400739421,0.3261442498388756
39.83,-1.6329292550941639,-1.8807880731203745,-0.7723898129202444,1.929319411640994,0.3281546447171527
39.9,-1.637286258453753,-1.8836537055093454,-0.7728267109068798,1.9248804225425664,0.33016503959542975
39.97,-1.6416432618133419,-1.8865193378983158,-0.7732304323879506,1.920441433444139,0.3321754344737069
40.04,-1.646000265172931,-1.8893849702872865,-0.7736012124755469,1.916002444345712,0.33418582935198404
40.11,-1.65035726853252,-1.892250602676257,-0.7739392862817597,1.9115634552472849,0.33619622423026113
40.18,-1.654714271892109,-1.8951162350652275,-0.7742448889186793,1.9071244661488576,0.3382066191085383
40.25,-1.6590712752516983,-1.8979818674541982,-0.7745182554983964,1.9026854770504305,0.34021701398681536
40.32,-1.6634282786112875,-1.9008474998431684,-0.7747596211330017,1.898246487952003,0.3422274088650925
40.39,-1.6677852819708763,-1.9037131322321392,-0.7749692209345852,1.8938074988535758,0.34423780374336965
40.46,-1.6721422853304655,-1.9065787646211096,-0.7751472900152386,1.8893685097551487,0.34624819862164674
40.53,-1.6764992886900545,-1.9094443970100803,-0.7752940634870514,1.8849295206567214,0.3482585934999239
40.6,-1.6808562920496435,-1.9123100293990507,-0.7754097764621145,1.880490531558294,0.350268988378201
40.67,-1.6852132954092327,-1.9151756617880213,-0.7754946640525187,1.8760515424598667,0.3522793832564781
40.74,-1.6895702987688215,-1.918041294176992,-0.7755489613703545,1.8716125533614396,0.35428977813475526
40.81,-1.6939273021284107,-1.9209069265659626,-0.775572903527712,1.8671735642630123,0.3563001730130323
40.88,-1.698284305488,-1.923772558954933,-0.7755667256366826,1.862734575164585,0.35831056789130944
40.95,-1.7026413088475891,-1.926638191343904,-0.7755306628093561,1.8582955860661579,0.3603209627695866
41.02,-1.706998312207178,-1.9295038237328743,-0.7754649501578236,1.8538565969677308,0.3623313576478637
41.09,-1.711355315566767,-1.932369456121845,-0.7753698227941755,1.8494176078693032,0.3643417525261408
41.16,-1.7157123189263555,-1.935235088510815,-0.7752455158305025,1.8449786187708765,0.3663521474044178
41.23,-1.7200693222859447,-1.9381007208997856,-0.7750922643788949,1.8405396296724492,0.36836254228269494
41.3,-1.7244263256455334,-1.940966353288756,-0.7749103035514433,1.8361006405740221,0.37037293716097197
41.37,-1.7287833290051227,-1.9438319856777269,-0.7746998684602387,1.8316616514755948,0.3723833320392491
41.44,-1.7331403323647119,-1.9466976180666973,-0.7744611942173711,1.8272226623771675,0.37439372691752626
41.51,-1.7374973357243007,-1.949563250455668,-0.7741945159349315,1.8227836732787401,0.37640412179580335
41.58,-1.7418543390838899,-1.9524288828446386,-0.7739000687250104,1.818344684180313,0.3784145166740805
41.65,-1.7462113424434789,-1.9552945152336092,-0.7735780876996982,1.813905695081886,0.3804249115523576
41.72,-1.7505683458030679,-1.9581601476225796,-0.7732288079710856,1.8094667059834586,0.3824353064306347
41.79,-1.754925349162657,-1.9610257800115503,-0.7728524646512632,1.805027716885031,0.38444570130891187
41.86,-1.759282352522246,-1.963891412400521,-0.7724492928523216,1.800588727786604,0.38645609618718896
41.93,-1.763639355881835,-1.9667570447894913,-0.772019527686351,1.7961497386881768,0.3884664910654661
42.0,-1.7679963592414243,-1.969622677178462,-0.7715634042654428,1.7917107495897495,0.3904768859437432
42.07,-1.772353362601013,-1.9724883095674326,-0.7710811577016865,1.7872717604913224,0.39248728082202033
42.14,-1.7767103659606023,-1.9753539419564032,-0.7705730231071736,1.782832771392895,0.3944976757002975
42.21,-1.7810673693201913,-1.9782195743453737,-0.7700392355939943,1.7783937822944678,0.39650807057857457
42.28,-1.7854243726797805,-1.9810852067343445,-0.7694800302742391,1.7739547931960404,0.39851846545685166
42.35,-1.7897813760393695,-1.983950839123315,-0.7688956422599986,1.7695158040976133,0.4005288603351288
42.42,-1.7941383793989587,-1.9868164715122856,-0.7682863066633638,1.765076814999186,0.40253925521340594
42.49,-1.7984953827585477,-1.9896821039012562,-0.7676522585964245,1.760637825900759,0.4045496500916831
42.56,-1.8028523861181365,-1.9925477362902266,-0.7669937331712718,1.7561988368023316,0.4065600449699601
42.63,-1.8072093894777257,-1.9954133686791973,-0.7663109654999962,1.7517598477039042,0.40857043984823727
42.7,-1.8115663928373147,-1.9982790010681677,-0.7656041906946884,1.747320858605477,0.4105808347265144
42.77,-1.8159233961969037,-2.0011446334571383,-0.7648736438674387,1.7428818695070498,0.41259122960479155
42.84,-1.8202803995564927,-2.0040102658461088,-0.764119560130338,1.7384428804086227,0.4146016244830687
42.91,-1.8246374029160815,-2.006875898235079,-0.7633421745954766,1.7340038913101956,0.4166120193613455
42.98,-1.8289944062756707,-2.0097415306240496,-0.762541722374945,1.7295649022117685,0.41862241423962265
43.05,-1.8333514096352594,-2.01260716301302,-0.7617184385808339,1.7251259131133412,0.4206328091178998
43.12,-1.8377084129948487,-2.015472795401991,-0.760872558325234,1.720686924014914,0.42264320399617694
43.19,-1.8420654163544379,-2.0183384277909613,-0.7600043167202357,1.7162479349164868,0.4246535988744541
43.26,-1.8464224197140267,-2.0212040601799317,-0.7591139488779298,1.7118089458180594,0.4266639937527312
43.33,-1.8507794230736159,-2.0240696925689026,-0.7582016899104068,1.707369956719632,0.4286743886310083
43.4,-1.8551364264332049,-2.026935324957873,-0.7572677749297569,1.702930967621205,0.4306847835092854
43.47,-1.8594934297927939,-2.0298009573468434,-0.7563124390480711,1.698491978522778,0.43269517838756255
43.54,-1.8638504331523829,-2.0326665897358143,-0.7553359173774402,1.6940529894243506,0.43470557326583964
43.61,-1.8682074365119723,-2.035532222124785,-0.7543384450299541,1.6896140003259235,0.4367159681441168
43.68,-1.872564439871561,-2.0383978545137555,-0.7533202571177038,1.685175011227496,0.4387263630223939
43.75,-1.87692144323115,-2.041263486902726,-0.7522815887527798,1.6807360221290688,0.440736757900671
43.82,-1.8812784465907393,-2.044129119291697,-0.7512226750472728,1.6762970330306415,0.44274715277894816
43.89,-1.885635449950328,-2.0469947516806672,-0.7501437511132729,1.6718580439322144,0.44475754765722525
43.96,-1.8899924533099175,-2.0498603840696377,-0.7490450520628713,1.667419054833787,0.44676794253550234
44.03,-1.8943494566695063,-2.052726016458608,-0.7479268130081582,1.66298006573536,0.4487783374137795
44.1,-1.898706460029095,-2.055591648847579,-0.7467892690612243,1.6585410766369324,0.4507887322920566
44.17,-1.9030634633886845,-2.0584572812365494,-0.7456326553341602,1.6541020875385053,0.45279912717033377
44.24,-1.9074204667482735,-2.06132291362552,-0.7444572069390564,1.649663098440078,0.4548095220486109
44.31,-1.9117774701078627,-2.06418854601449,-0.7432631589880034,1.6452241093416509,0.456819916926888
44.38,-1.9161344734674515,-2.067054178403461,-0.7420507465930921,1.6407851202432238,0.4588303118051651
44.45,-1.9204914768270405,-2.0699198107924315,-0.7408202048664126,1.6363461311447962,0.46084070668344224
44.52,-1.9248484801866297,-2.0727854431814023,-0.7395717689200557,1.6319071420463689,0.4628511015617194
44.59,-1.9292054835462187,-2.0756510755703728,-0.7383056738661122,1.6274681529479418,0.46486149643999647
44.66,-1.9335624869058075,-2.078516707959343,-0.7370221548166727,1.6230291638495151,0.46687189131827345
44.73,-1.9379194902653962,-2.0813823403483136,-0.7357214468838275,1.6185901747510878,0.4688822861965505
44.8,-1.9422764936249854,-2.0842479727372845,-0.7344037851796669,1.6141511856526605,0.4708926810748276
44.87,-1.9466334969845747,-2.087113605126255,-0.7330694048162819,1.6097121965542331,0.47290307595310477
44.94,-1.9509905003441634,-2.0899792375152253,-0.7317185409057629,1.605273207455806,0.47491347083138186
45.01,-1.9553475037037527,-2.092844869904196,-0.7303514285602009,1.6008342183573787,0.476923865709659
45.08,-1.9597045070633416,-2.0957105022931666,-0.7289683028916859,1.5963952292589516,0.47893426058793614
45.15,-1.9640615104229306,-2.098576134682137,-0.7275693990123087,1.591956240160524,0.48094465546621323
45.22,-1.9684185137825199,-2.1014417670711074,-0.72615495203416,1.587517251062097,0.4829550503444904
45.29,-1.9727755171421089,-2.1043073994600783,-0.7247251970693301,1.5830782619636699,0.4849654452227674
45.36,-1.9771325205016979,-2.1071730318490487,-0.7232803692299098,1.5786392728652425,0.48697584010104467
45.43,-1.981489523861287,-2.1100386642380196,-0.7218207036279898,1.5742002837668154,0.4889862349793217
45.5,-1.9858465272208758,-2.11290429662699,-0.7203464353756603,1.569761294668388,0.49099662985759884
45.57,-1.990203530580465,-2.1157699290159604,-0.7188577995850121,1.5653223055699608,0.493007024735876
45.64,-1.9945605339400543,-2.1186355614049313,-0.7173550313681358,1.5608833164715334,0.49501741961415313
45.71,-1.998917537299643,-2.1215011937939012,-0.7158383658371219,1.5564443273731063,0.49702781449243016
45.78,-2.0032745406592323,-2.124366826182872,-0.7143080381040611,1.552005338274679,0.49903820937070736
45.85,-2.0076315440188215,-2.127232458571843,-0.7127642832810438,1.547566349176252,0.5010486042489845
45.92,-2.0119885473784103,-2.1300980909608134,-0.7112073364801605,1.5431273600778246,0.5030589991272616
45.99,-2.0163455507379995,-2.132963723349784,-0.7096374328135021,1.5386883709793973,0.5050693940055386
46.06,-2.0207025540975883,-2.1358293557387547,-0.708054807393159,1.53424938188097,0.5070797888838158
46.13,-2.0250595574571775,-2.138694988127725,-0.7064596953312218,1.5298103927825428,0.5090901837620929
46.2,-2.0294165608167667,-2.141560620516696,-0.7048523317397812,1.5253714036841155,0.5111005786403701
46.27,-2.0337735641763555,-2.1444262529056664,-0.7032329517309274,1.5209324145856884,0.5131109735186472
46.34,-2.0381305675359447,-2.1472918852946368,-0.7016017904167513,1.5164934254872608,0.5151213683969244
46.41,-2.0424875708955335,-2.150157517683607,-0.6999590829093436,1.5120544363888342,0.5171317632752013
46.48,-2.0468445742551222,-2.1530231500725776,-0.6983050643207943,1.507615447290407,0.5191421581534783
46.55,-2.0512015776147114,-2.155888782461548,-0.6966399697631945,1.5031764581919798,0.5211525530317554
46.62,-2.0555585809743,-2.158754414850519,-0.6949640343486346,1.4987374690935527,0.5231629479100326
46.69,-2.0599155843338894,-2.1616200472394893,-0.6932774931892051,1.494298479995125,0.5251733427883097
46.76,-2.0642725876934787,-2.16448567962846,-0.6915805813969969,1.489859490896698,0.5271837376665868
46.83,-2.0686295910530674,-2.1673513120174306,-0.6898735340841001,1.4854205017982707,0.5291941325448639
46.9,-2.0729865944126566,-2.170216944406401,-0.6881565863626055,1.4809815126998436,0.5312045274231411
46.97,-2.077343597772246,-2.173082576795372,-0.6864299733446039,1.4765425236014162,0.5332149223014182
47.04,-2.0817006011318346,-2.1759482091843423,-0.6846939301421855,1.472103534502989,0.5352253171796952
47.11,-2.086057604491424,-2.1788138415733127,-0.6829486918674411,1.4676645454045616,0.5372357120579725
47.18,-2.090414607851013,-2.1816794739622836,-0.6811944936324613,1.4632255563061345,0.5392461069362495
47.25,-2.094771611210602,-2.184545106351254,-0.6794315705493364,1.4587865672077074,0.5412565018145267
47.32,-2.099128614570191,-2.1874107387402244,-0.6776601577301575,1.45434757810928,0.5432668966928038
47.39,-2.1034856179297803,-2.190276371129195,-0.6758804902870146,1.449908589010853,0.5452772915710808
47.46,-2.107842621289369,-2.1931420035181657,-0.6740928033319986,1.4454695999124254,0.547287686449358
47.53,-2.1121996246489583,-2.1960076359071365,-0.6722973319772001,1.4410306108139983,0.5492980813276351
47.6,-2.1165566280085475,-2.198873268296107,-0.6704943113347095,1.436591621715571,0.5513084762059122
47.67,-2.1209136313681363,-2.2017389006850774,-0.6686839765166173,1.4321526326171439,0.5533188710841894
47.74,-2.1252706347277255,-2.2046045330740482,-0.6668665626350144,1.4277136435187165,0.5553292659624665
47.81,-2.1296276380873143,-2.207470165463018,-0.6650423048019913,1.4232746544202894,0.5573396608407436
47.88,-2.1339846414469035,-2.210335797851989,-0.6632114381296383,1.418835665321862,0.5593500557190207
47.95,-2.1383416448064922,-2.21320143024096,-0.6613741977300462,1.4143966762234348,0.5613604505972979
48.02,-2.1426986481660815,-2.2160670626299304,-0.6595308187153057,1.4099576871250075,0.563370845475575
48.09,-2.1470556515256707,-2.218932695018901,-0.6576815361975072,1.4055186980265804,0.5653812403538522
48.16,-2.1514126548852595,-2.221798327407871,-0.6558265852887413,1.4010797089281535,0.5673916352321291
48.23,-2.1557696582448482,-2.2246639597968416,-0.6539662011010984,1.3966407198297262,0.5694020301104061
48.3,-2.1601266616044374,-2.227529592185812,-0.6521006187466694,1.392201730731299,0.5714124249886832
48.37,-2.1644836649640267,-2.2303952245747825,-0.6502300733375446,1.3877627416328717,0.5734228198669604
48.44,-2.1688406683236154,-2.2332608569637533,-0.6483547999858147,1.3833237525344446,0.5754332147452376
48.51,-2.1731976716832047,-2.236126489352724,-0.6464750338035703,1.3788847634360173,0.5774436096235146
48.58,-2.1775546750427934,-2.2389921217416946,-0.6445910099029019,1.37444577433759,0.5794540045017917
48.65,-2.181911678402382,-2.241857754130665,-0.6427029633959003,1.3700067852391626,0.5814643993800689
48.72,-2.1862686817619714,-2.2447233865196354,-0.6408111293946557,1.3655677961407355,0.5834747942583459
48.79,-2.1906256851215606,-2.2475890189086063,-0.6389157430112589,1.3611288070423082,0.5854851891366231
48.86,-2.19498268848115,-2.2504546512975763,-0.6370170393578004,1.356689817943881,0.5874955840149003
48.93,-2.1993396918407386,-2.253320283686547,-0.635115253546371,1.3522508288454536,0.5895059788931774
49.0,-2.203696695200328,-2.256185916075518,-0.633210620689061,1.3478118397470265,0.5915163737714545
49.07,-2.208053698559917,-2.2590515484644884,-0.6313033758979613,1.3433728506485993,0.5935267686497316
49.14,-2.212410701919506,-2.261917180853459,-0.629393754285162,1.338933861550172,0.5955371635280088
49.21,-2.216767705279095,-2.2647828132424292,-0.6274819909627538,1.3344948724517447,0.5975475584062858
49.28,-2.2211247086386843,-2.2676484456314,-0.6255683210428277,1.3300558833533176,0.599557953284563
49.35,-2.225481711998273,-2.270514078020371,-0.6236529796374739,1.3256168942548903,0.6015683481628401
49.42,-2.229838715357862,-2.273379710409341,-0.6217362018587831,1.321177905156463,0.6035787430411172
49.49,-2.2341957187174515,-2.276245342798312,-0.6198182228188456,1.3167389160580358,0.6055891379193943
49.56,-2.2385527220770403,-2.2791109751872822,-0.6178992776297525,1.3122999269596085,0.6075995327976715
49.63,-2.242909725436629,-2.2819766075762526,-0.615979601403594,1.3078609378611814,0.6096099276759486
49.7,-2.2472667287962182,-2.2848422399652235,-0.6140594292524607,1.303421948762754,0.6116203225542257
49.77,-2.2516237321558075,-2.2877078723541944,-0.6121389962884434,1.2989829596643268,0.6136307174325029
49.84,-2.2559807355153967,-2.290573504743165,-0.6102185376236323,1.2945439705658994,0.6156411123107799
49.91,-2.260337738874985,-2.293439137132135,-0.6082982883701185,1.2901049814674728,0.6176515071890568
49.98,-2.2646947422345742,-2.2963047695211056,-0.6063784836399921,1.2856659923690457,0.619661902067334
50.05,-2.2690517455941634,-2.299170401910076,-0.6044593585453439,1.2812270032706181,0.6216722969456111
50.12,-2.2734087489537522,-2.3020360342990465,-0.6025411481982643,1.2767880141721908,0.6236826918238881
50.19,-2.2777657523133414,-2.3049016666880173,-0.600624087710844,1.2723490250737637,0.6256930867021653
50.26,-2.28212275567293,-2.307767299076988,-0.5987084121951737,1.2679100359753366,0.6277034815804424
50.33,-2.2864797590325194,-2.3106329314659586,-0.5967943567633438,1.2634710468769093,0.6297138764587196
50.4,-2.2908367623921086,-2.313498563854929,-0.5948821565274451,1.2590320577784821,0.6317242713369967
50.47,-2.2951937657516974,-2.3163641962438994,-0.5929720465995676,1.2545930686800546,0.6337346662152739
50.54,-2.2995507691112866,-2.3192298286328703,-0.5910642620918025,1.2501540795816275,0.6357450610935509
50.61,-2.3039077724708754,-2.3220954610218407,-0.5891590381162402,1.2457150904832004,0.637755455971828
50.68,-2.3082647758304646,-2.3249610934108116,-0.5872566097849711,1.241276101384773,0.6397658508501052
50.75,-2.312621779190054,-2.3278267257997816,-0.5853572122100862,1.2368371122863457,0.6417762457283822
50.82,-2.3169787825496426,-2.3306923581887524,-0.5834610805036756,1.2323981231879184,0.6437866406066595
50.89,-2.321335785909232,-2.333557990577723,-0.58156844977783,1.2279591340894913,0.6457970354849365
50.96,-2.3256927892688206,-2.3364236229666937,-0.57967955514464,1.223520144991064,0.6478074303632135
51.03,-2.33004979262841,-2.3392892553556646,-0.5777946317161963,1.2190811558926367,0.6498178252414908
51.1,-2.334406795987999,-2.3421548877446345,-0.5759139146045893,1.2146421667942096,0.6518282201197679
51.17,-2.338763799347588,-2.345020520133605,-0.5740376389219098,1.2102031776957825,0.6538386149980451
51.24,-2.3431208027071775,-2.347886152522576,-0.572166039780248,1.205764188597355,0.6558490098763222
51.31,-2.347477806066766,-2.3507517849115467,-0.5702993522916951,1.2013251994989278,0.6578594047545993
51.38,-2.351834809426355,-2.3536174173005167,-0.5684378115683412,1.1968862104005005,0.6598697996328764
51.45,-2.3561918127859447,-2.3564830496894875,-0.5665816527222769,1.1924472213020734,0.6618801945111535
51.52,-2.360548816145533,-2.359348682078458,-0.5647311108655928,1.188008232203646,0.6638905893894307
51.59,-2.3649058195051222,-2.3622143144674284,-0.5628864211103795,1.183569243105219,0.6659009842677077
51.66,-2.369262822864711,-2.3650799468563988,-0.5610478185687278,1.1791302540067918,0.6679113791459846
51.73,-2.3736198262243002,-2.3679455792453696,-0.5592155383527279,1.1746912649083647,0.6699217740242618
51.8,-2.377976829583889,-2.37081121163434,-0.5573898155744704,1.1702522758099376,0.6719321689025389
51.87,-2.3823338329434782,-2.373676844023311,-0.5555708853460463,1.1658132867115103,0.6739425637808161
51.94,-2.3866908363030674,-2.376542476412281,-0.5537589827795459,1.1613742976130828,0.6759529586590932
52.01,-2.391047839662656,-2.3794081088012518,-0.5519543429870596,1.1569353085146556,0.6779633535373703
52.08,-2.395404843022245,-2.382273741190222,-0.5501572010806782,1.1524963194162285,0.6799737484156474
52.15,-2.3997618463818347,-2.385139373579193,-0.5483677921724924,1.1480573303178012,0.6819841432939245
52.22,-2.404118849741424,-2.3880050059681635,-0.5465863513745924,1.1436183412193741,0.6839945381722016
52.29,-2.408475853101012,-2.3908706383571343,-0.544813113799069,1.1391793521209468,0.6860049330504787
52.36,-2.412832856460602,-2.3937362707461047,-0.5430483145580128,1.1347403630225195,0.6880153279287559
52.43,-2.4171898598201906,-2.396601903135075,-0.5412921887635144,1.1303013739240924,0.6900257228070329
52.5,-2.4215468631797794,-2.3994675355240456,-0.5395449715276643,1.125862384825665,0.6920361176853101
52.57,-2.425903866539369,-2.4023331679130164,-0.537806897962553,1.1214233957272377,0.6940465125635872
52.64,-2.430260869898958,-2.4051988003019873,-0.5360782031802712,1.1169844066288106,0.6960569074418643
52.71,-2.4346178732585466,-2.4080644326909573,-0.5343591222929096,1.1125454175303833,0.6980673023201415
52.78,-2.438974876618136,-2.410930065079928,-0.5326498904125584,1.108106428431956,0.7000776971984186
52.85,-2.443331879977725,-2.4137956974688985,-0.5309507426513086,1.1036674393335286,0.7020880920766956
52.92,-2.4476888833373143,-2.416661329857869,-0.5292619141212502,1.0992284502351015,0.7040984869549729
52.99,-2.452045886696903,-2.41952696224684,-0.5275836399344745,1.0947894611366744,0.7061088818332499
53.06,-2.4564028900564923,-2.4223925946358102,-0.5259161552030718,1.090350472038247,0.7081192767115271
53.13,-2.460759893416081,-2.4252582270247807,-0.5242596950391322,1.0859114829398195,0.7101296715898042
53.2,-2.46511689677567,-2.428123859413751,-0.5226144945547468,1.0814724938413924,0.7121400664680813
53.27,-2.4630623261279343,-2.4293470471924947,-0.5209807312740286,1.0770335047429653,0.7141504613463584
53.34,-2.461007755480199,-2.4305702349712375,-0.5193583523691797,1.072594515644538,0.7161608562246355
53.41,-2.4589531848324633,-2.4317934227499802,-0.5177472474244249,1.0681555265461113,0.7181712511029126
53.48,-2.4568986141847278,-2.4330166105287234,-0.5161473060239888,1.063716537447684,0.7201816459811896
53.55,-2.454844043536992,-2.434239798307466,-0.5145584177520961,1.0592775483492567,0.7221920408594666
53.62,-2.452789472889256,-2.4354629860862094,-0.5129804721929717,1.0548385592508296,0.7242024357377438
53.69,-2.4507349022415204,-2.436686173864952,-0.5114133589308403,1.0503995701524023,0.7262128306160209
53.76,-2.4486803315937844,-2.4379093616436953,-0.5098569675499265,1.045960581053975,0.7282232254942982
53.83,-2.4466257609460493,-2.439132549422438,-0.5083111876344548,1.0415215919555476,0.7302336203725752
53.9,-2.4445711902983134,-2.4403557372011817,-0.5067759087686504,1.0370826028571205,0.7322440152508523
53.97,-2.4425166196505774,-2.441578924979924,-0.5052510205367376,1.0326436137586932,0.7342544101291295
54.04,-2.440462049002842,-2.4428021127586677,-0.5037364125229413,1.0282046246602659,0.7362648050074065
54.11,-2.438407478355106,-2.44402530053741,-0.5022319743114861,1.0237656355618387,0.7382751998856837
54.18,-2.4363529077073705,-2.4452484883161536,-0.500737595486597,1.0193266464634114,0.7402855947639608
54.25,-2.434298337059635,-2.446471676094897,-0.49925316563249833,1.0148876573649843,0.742295989642238
54.32,-2.432243766411899,-2.4476948638736395,-0.49777857433341494,1.010448668266557,0.744306384520515
54.39,-2.4301891957641635,-2.4489180516523827,-0.49631371117357165,1.0060096791681297,0.7463167793987922
54.46,-2.4281346251164275,-2.4501412394311255,-0.494858465737193,1.0015706900697026,0.7483271742770692
54.53,-2.426080054468692,-2.4513644272098687,-0.49341272760850385,0.9971317009712752,0.7503375691553464
54.6,-2.424025483820956,-2.4525876149886114,-0.4919763863717288,0.992692711872848,0.7523479640336236
54.67,-2.4219709131732206,-2.4538108027673546,-0.4905493316110926,0.9882537227744209,0.7543583589119006
54.74,-2.419916342525485,-2.455033990546098,-0.48913145291082005,0.9838147336759935,0.7563687537901778
54.81,-2.417861771877749,-2.4562571783248406,-0.48772263985513564,0.9793757445775664,0.7583791486684549
54.88,-2.4158072012300136,-2.4574803661035833,-0.4863227820282643,0.9749367554791389,0.7603895435467319
54.95,-2.413752630582278,-2.458703553882327,-0.4849317690144307,0.9704977663807117,0.7623999384250092
55.02,-2.411698059934542,-2.4599267416610697,-0.4835494903978593,0.9660587772822845,0.7644103333032862
55.09,-2.4096434892868066,-2.461149929439813,-0.48217583576277523,0.9616197881838572,0.7664207281815634
55.16,-2.407588918639071,-2.4623731172185557,-0.48081069469340304,0.9571807990854305,0.7684311230598402
55.23,-2.405534347991335,-2.4635963049972984,-0.4794539567739673,0.9527418099870032,0.7704415179381174
55.3,-2.4034797773435996,-2.4648194927760416,-0.4781055115886927,0.948302820888576,0.7724519128163946
55.37,-2.4014252066958637,-2.4660426805547844,-0.4767652487218041,0.9438638317901488,0.7744623076946716
55.44,-2.399370636048128,-2.4672658683335276,-0.4754330577575261,0.9394248426917214,0.7764727025729488
55.51,-2.3973160654003927,-2.4684890561122708,-0.47410882828008355,0.9349858535932942,0.7784830974512259
55.58,-2.3952614947526567,-2.4697122438910135,-0.472792449873701,0.9305468644948671,0.7804934923295029
55.65,-2.3932069241049208,-2.4709354316697567,-0.47148381212260343,0.9261078753964397,0.7825038872077802
55.72,-2.3911523534571852,-2.4721586194485,-0.4701828046110153,0.9216688862980126,0.7845142820860573
55.79,-2.3890977828094493,-2.4733818072272427,-0.4688893169231612,0.9172298971995851,0.7865246769643344
55.86,-2.387043212161714,-2.4746049950059854,-0.4676032386432663,0.912790908101158,0.7885350718426115
55.93,-2.3849886415139783,-2.4758281827847286,-0.4663244593555549,0.9083519190027307,0.7905454667208885
56.0,-2.3829340708662423,-2.477051370563472,-0.46505286864425177,0.9039129299043035,0.7925558615991658
56.07,-2.380879500218507,-2.4782745583422146,-0.46378835609358177,0.8994739408058762,0.794566256477443
56.14,-2.378824929570771,-2.4794977461209577,-0.46253081128776957,0.8950349517074491,0.79657665135572
56.21,-2.3767703589230353,-2.4807209338997005,-0.4612801238110398,0.8905959626090217,0.798587046233997
56.28,-2.3747157882752994,-2.4819441216784437,-0.46003618324761714,0.8861569735105945,0.8005974411122743
56.35,-2.372661217627564,-2.483167309457187,-0.45879887918172646,0.8817179844121673,0.8026078359905513
56.42,-2.3706066469798284,-2.48439049723593,-0.4575681011975924,0.87727899531374,0.8046182308688286
56.49,-2.3685520763320924,-2.485613685014673,-0.45634373887943963,0.8728400062153128,0.8066286257471056
56.56,-2.3664975056843565,-2.4868368727934156,-0.4551256818114928,0.8684010171168856,0.8086390206253827
56.63,-2.364442935036621,-2.488060060572159,-0.4539138195779769,0.8639620280184582,0.8106494155036599
56.7,-2.3623883643888854,-2.489283248350902,-0.45270804176311635,0.859523038920031,0.8126598103819369
56.77,-2.3603337937411495,-2.490506436129645,-0.4515082379511359,0.8550840498216037,0.8146702052602139
56.84,-2.358279223093414,-2.491729623908388,-0.45031429772626036,0.8506450607231765,0.8166806001384913
56.91,-2.3562246524456785,-2.492952811687131,-0.4491261106727145,0.8462060716247497,0.818690995016768
56.98,-2.3541700817979425,-2.494175999465874,-0.4479435663747228,0.8417670825263224,0.8207013898950453
57.05,-2.352115511150207,-2.495399187244617,-0.44676655441651014,0.8373280934278953,0.8227117847733223
57.12,-2.3500609405024715,-2.49662237502336,-0.4455949643823012,0.8328891043294679,0.8247221796515996
57.19,-2.3480063698547355,-2.497845562802103,-0.4444286858563207,0.8284501152310407,0.8267325745298767
57.26,-2.345951799207,-2.4990687505808458,-0.4432676084227932,0.8240111261326136,0.8287429694081537
57.33,-2.343897228559264,-2.500291938359589,-0.4421116216659436,0.8195721370341862,0.8307533642864309
57.4,-2.3418426579115286,-2.501515126138332,-0.4409606151699966,0.8151331479357591,0.8327637591647079
57.47,-2.339788087263793,-2.5027383139170745,-0.43981447851917677,0.8106941588373318,0.8347741540429849
57.54,-2.337733516616057,-2.5039615016958177,-0.438673101297709,0.8062551697389045,0.8367845489212623
57.61,-2.3356789459683216,-2.5051846894745613,-0.4375363730898179,0.8018161806404772,0.8387949437995393
57.68,-2.3336243753205856,-2.506407877253304,-0.4364041834797281,0.79737719154205,0.8408053386778164
57.75,-2.33156980467285,-2.5076310650320472,-0.43527642205166445,0.7929382024436227,0.8428157335560935
57.82,-2.329515234025114,-2.50885425281079,-0.43415297838985156,0.7884992133451956,0.8448261284343707
57.89,-2.3274606633773787,-2.5100774405895327,-0.43303374207851414,0.7840602242467681,0.8468365233126478
57.96,-2.3254060927296427,-2.511300628368276,-0.43191860270187704,0.779621235148341,0.848846918190925
58.03,-2.323351522081907,-2.512523816147019,-0.4308074498441649,0.7751822460499137,0.8508573130692021
58.1,-2.3212969514341717,-2.513747003925762,-0.42970017308960246,0.7707432569514865,0.8528677079474791
58.17,-2.3192423807864357,-2.514970191704505,-0.42859666202241425,0.7663042678530593,0.8548781028257563
58.24,-2.3171878101387002,-2.5161933794832483,-0.4274968062268251,0.7618652787546321,0.8568884977040333
58.31,-2.3151332394909643,-2.517416567261991,-0.42640049528705987,0.7574262896562047,0.8588988925823107
58.38,-2.3130786688432288,-2.5186397550407342,-0.425307618787343,0.7529873005577775,0.8609092874605877
58.45,-2.3110240981954933,-2.5198629428194774,-0.42421806631189934,0.7485483114593503,0.8629196823388647
58.52,-2.3089695275477573,-2.52108613059822,-0.4231317274449537,0.744109322360923,0.8649300772171419
58.59,-2.306914956900022,-2.5223093183769634,-0.42204849177073056,0.7396703332624958,0.866940472095419
58.66,-2.304860386252286,-2.523532506155706,-0.4209682488734549,0.7352313441640689,0.868950866973696
58.73,-2.3028058156045503,-2.524755693934449,-0.4198908883373511,0.7307923550656418,0.8709612618519731
58.8,-2.300751244956815,-2.525978881713192,-0.4188162997466442,0.7263533659672143,0.8729716567302501
58.87,-2.2986966743090793,-2.5272020694919353,-0.41774437268555864,0.7219143768687872,0.8749820516085273
58.94,-2.2966421036613434,-2.528425257270678,-0.41667499673831926,0.7174753877703599,0.8769924464868043
59.01,-2.2945875330136074,-2.529648445049421,-0.41560806148915075,0.7130363986719327,0.8790028413650817
59.08,-2.292532962365872,-2.530871632828164,-0.414543456522278,0.7085974095735055,0.8810132362433587
59.15,-2.2904783917181364,-2.5320948206069076,-0.41348107142192536,0.7041584204750783,0.8830236311216357
59.22,-2.2884238210704004,-2.53331800838565,-0.41242079577231777,0.699719431376651,0.8850340259999129
59.29,-2.2863692504226645,-2.534541196164393,-0.41136251915767996,0.6952804422782237,0.88704442087819
59.36,-2.284314679774929,-2.5357643839431363,-0.4103061311622364,0.6908414531797966,0.889054815756467
59.43,-2.2822601091271935,-2.536987571721879,-0.40925152137021215,0.6864024640813692,0.8910652106347443
59.5,-2.280205538479458,-2.5382107595006222,-0.4081985793658318,0.6819634749829421,0.8930756055130215
59.57,-2.278150967831722,-2.5394339472793654,-0.40714719473331984,0.6775244858845146,0.8950860003912985
59.64,-2.2760963971839865,-2.5406571350581086,-0.40609725705690125,0.6730854967860875,0.8970963952695756
59.71,-2.2740418265362505,-2.5418803228368514,-0.40504865592080047,0.6686465076876602,0.8991067901478527
59.78,-2.271987255888515,-2.543103510615594,-0.40400128090924264,0.664207518589233,0.9011171850261299
59.85,-2.2699326852407795,-2.544326698394338,-0.4029550216064522,0.6597685294908057,0.9031275799044071
59.92,-2.2678781145930436,-2.54554988617308,-0.40190976759665364,0.6553295403923786,0.9051379747826841
59.99,-2.265823543945308,-2.5467730739518233,-0.4008654084640721,0.6508905512939511,0.9071483696609612
60.06,-2.263768973297572,-2.5479962617305665,-0.39982183379293207,0.646451562195524,0.9091587645392383
60.13,-2.261714402649836,-2.5492194495093097,-0.3987789331674582,0.6420125730970968,0.9111691594175154
60.2,-2.2596598320021006,-2.550442637288053,-0.3977365961718753,0.6375735839986695,0.9131795542957927
60.27,-2.2576052613543647,-2.551665825066795,-0.3966947123904081,0.6331345949002423,0.9151899491740697
60.34,-2.255550690706629,-2.552889012845539,-0.39565317140728123,0.628695605801815,0.9172003440523468
60.41,-2.2534961200588937,-2.5541122006242816,-0.3946118628067195,0.6242566167033883,0.9192107389306237
60.48,-2.2514415494111577,-2.5553353884030243,-0.3935706761729476,0.6198176276049608,0.9212211338089009
60.55,-2.249386978763422,-2.5565585761817675,-0.3925295010901901,0.6153786385065337,0.9232315286871781
60.62,-2.2473324081156867,-2.5577817639605103,-0.3914882271426718,0.6109396494081064,0.9252419235654551
60.69,-2.2452778374679507,-2.559004951739253,-0.39044674391461753,0.6065006603096792,0.9272523184437321
60.76,-2.2432232668202152,-2.560228139517996,-0.38940494099025175,0.602061671211252,0.9292627133220094
60.83,-2.2411686961724793,-2.5614513272967394,-0.38836270795379935,0.5976226821128248,0.9312731082002864
60.9,-2.2391141255247438,-2.5626745150754826,-0.3873199343894851,0.5931836930143974,0.9332835030785637
60.97,-2.2370595548770082,-2.5638977028542254,-0.38627650988153356,0.5887447039159702,0.9352938979568407
61.04,-2.2350049842292723,-2.565120890632968,-0.3852323240141694,0.584305714817543,0.9373042928351178
61.11,-2.232950413581537,-2.5663440784117113,-0.3841872663716176,0.5798667257191157,0.939314687713395
61.18,-2.230895842933801,-2.567567266190454,-0.38314122653810256,0.5754277366206886,0.941325082591672
61.25,-2.2288412722860653,-2.5687904539691973,-0.3820940940978491,0.5709887475222613,0.9433354774699491
61.32,-2.22678670163833,-2.570013641747941,-0.38104575863508205,0.566549758423834,0.9453458723482264
61.39,-2.224732130990594,-2.5712368295266836,-0.37999610973402603,0.5621107693254067,0.9473562672265035
61.46,-2.222677560342858,-2.572460017305427,-0.3789450369789056,0.5576717802269795,0.9493666621047805
61.53,-2.2206229896951224,-2.5736832050841696,-0.3778924299539458,0.5532327911285522,0.9513770569830576
61.6,-2.218568419047387,-2.574906392862913,-0.37683817824337096,0.5487938020301251,0.9533874518613348
61.67,-2.2165138483996514,-2.5761295806416555,-0.3757821714314062,0.5443548129316976,0.955397846739612
61.74,-2.2144592777519154,-2.5773527684203987,-0.3747242991022759,0.5399158238332705,0.9574082416178891
61.81,-2.2124047071041795,-2.578575956199142,-0.3736644508402049,0.5354768347348432,0.9594186364961661
61.88,-2.210350136456444,-2.5797991439778847,-0.3726025162294179,0.531037845636416,0.9614290313744434
61.95,-2.2082955658087084,-2.581022331756628,-0.3715383848541394,0.5265988565379887,0.9634394262527204
62.02,-2.206240995160973,-2.5822455195353706,-0.37047194629859465,0.5221598674395616,0.9654498211309974
62.09,-2.204186424513237,-2.583468707314114,-0.36940309014700784,0.5177208783411341,0.9674602160092748
62.16,-2.200754178864533,-2.5608252806238903,-0.3683317059836039,0.5132818892427075,0.9694706108875515
62.23,-2.1973219332158282,-2.5381818539336645,-0.36725768339260756,0.5088429001442802,0.9714810057658287
62.3,-2.193889687567124,-2.515538427243439,-0.3661809119582434,0.5044039110458529,0.9734914006441058
62.37,-2.1904574419184195,-2.492895000553213,-0.36510128126473623,0.49996492194742564,0.975501795522383
62.44,-2.1870251962697145,-2.470251573862987,-0.36401868089631073,0.4955259328489984,0.9775121904006601
62.51,-2.1835929506210103,-2.4476081471727618,-0.36293300043719157,0.49108694375057127,0.9795225852789372
62.58,-2.1801607049723057,-2.424964720482536,-0.3618441294716036,0.486647954652144,0.9815329801572144
62.65,-2.176728459323601,-2.40232129379231,-0.3607519575837714,0.48220896555371673,0.9835433750354914
62.72,-2.1732962136748966,-2.3796778671020844,-0.35965637435791964,0.47776997645528946,0.9855537699137684
62.79,-2.169863968026192,-2.3570344404118586,-0.35855726937827315,0.4733309873568623,0.9875641647920458
62.86,-2.1664317223774874,-2.3343910137216333,-0.3574545322290566,0.468891998258435,0.9895745596703228
62.93,-2.162999476728783,-2.3117475870314075,-0.35634805249449464,0.4644530091600077,0.9915849545485999
63.0,-2.1595672310800786,-2.2891041603411817,-0.35523771975881213,0.46001402006158043,0.993595349426877
63.07,-2.156134985431374,-2.266460733650956,-0.35412342360623367,0.4555750309631532,0.9956057443051541
63.14,-2.1527027397826695,-2.24381730696073,-0.35300505362098394,0.451136041864726,0.9976161391834312
63.21,-2.149270494133965,-2.2211738802705048,-0.3518824993872877,0.44669705276629873,0.9996265340617084
63.28,-2.1458382484852603,-2.198530453580279,-0.35075565048936963,0.4422580636678715,1.0016369289399856
63.35,-2.1424060028365557,-2.175887026890053,-0.3496243965114546,0.43781907456944424,1.0036473238182626
63.42,-2.1389737571878515,-2.1532436001998274,-0.3484886270377671,0.433380085471017,1.0056577186965396
63.49,-2.135541511539147,-2.1306001735096016,-0.3473482316525319,0.4289410963725897,1.007668113574817
63.56,-2.132109265890442,-2.1079567468193763,-0.34620309993997384,0.4245021072741625,1.009678508453094
63.63,-2.1286770202417378,-2.08531332012915,-0.3450531214843174,0.4200631181757353,1.0116889033313712
63.7,-2.125244774593033,-2.0626698934389247,-0.3438981858697874,0.415624129077308,1.0136992982096482
63.77,-2.1218125289443286,-2.040026466748699,-0.34273818268060874,0.4111851399788808,1.0157096930879252
63.84,-2.1183802832956244,-2.017383040058473,-0.3415730015010057,0.4067461508804535,1.0177200879662025
63.91,-2.11494803764692,-1.9947396133682498,-0.34040253191520353,0.4023071617820267,1.0197304828444793
63.98,-2.1115157919982157,-1.972096186678024,-0.3392266635074266,0.3978681726835995,1.0217408777227566
64.05,-2.108083546349511,-1.9494527599877982,-0.3380452858618997,0.3934291835851722,1.0237512726010336
64.12,-2.104651300700806,-1.9268093332975704,-0.33685828856284716,0.3889901944867445,1.0257616674793109
64.19,-2.101219055052102,-1.904165906607347,-0.3356655611944944,0.3845512053883177,1.027772062357588
64.26,-2.097786809403397,-1.881522479917119,-0.3344669933410655,0.38011221628989,1.0297824572358651
64.33,-2.0943545637546928,-1.8588790532268953,-0.3332624745867858,0.3756732271914632,1.0317928521141422
64.4,-2.0909223181059877,-1.8362356265366677,-0.33205189451587935,0.37123423809303546,1.0338032469924194
64.47,-2.0874900724572836,-1.813592199846444,-0.33083514271257153,0.3667952489946087,1.0358136418706962
64.54,-2.084057826808579,-1.790948773156216,-0.32961210876108626,0.36235625989618103,1.0378240367489735
64.61,-2.0806255811598744,-1.7683053464659926,-0.32838268224564904,0.3579172707977542,1.0398344316272505
64.68,-2.07719333551117,-1.7456619197757646,-0.32714675275048394,0.35347828169932655,1.041844826505528
64.75,-2.0737610898624657,-1.7230184930855412,-0.3259042098598161,0.3490392926008997,1.0438552213838048
64.82,-2.070328844213761,-1.7003750663953177,-0.32465494315787025,0.3446003035024729,1.0458656162620816
64.89,-2.0668965985650565,-1.6777316397050899,-0.32339884222887055,0.34016131440404523,1.047876011140359
64.96,-2.0634643529163523,-1.6550882130148663,-0.32213579665704245,0.3357223253056184,1.0498864060186361
65.03,-2.0600321072676473,-1.6324447863246383,-0.32086569602660986,0.33128333620719075,1.0518968008969132
65.1,-2.056599861618943,-1.609801359634415,-0.31958842992179837,0.32684434710876387,1.0539071957751902
65.17,-2.0531676159702386,-1.587157932944187,-0.3183038879268319,0.32240535801033626,1.0559175906534677
65.24,-2.0497353703215344,-1.5645145062539636,-0.31701195962593576,0.31796636891190944,1.0579279855317443
65.31,-2.0463031246728294,-1.5418710795637356,-0.3157125346033342,0.3135273798134817,1.0599383804100218
65.38,-2.0428708790241252,-1.519227652873512,-0.3144055024432525,0.309088390715055,1.0619487752882988
65.45,-2.03943863337542,-1.496584226183284,-0.31309075272991455,0.30464940161662724,1.063959170166576
65.52,-2.036006387726716,-1.4739407994930604,-0.3117681750475459,0.30021041251820046,1.0659695650448529
65.59,-2.032574142078011,-1.4512973728028327,-0.3104376589803706,0.2957714234197727,1.0679799599231303
65.66,-2.0291418964293073,-1.428653946112609,-0.3090990941126139,0.291332434321346,1.0699903548014074
65.73,-2.025709650780602,-1.4060105194223809,-0.30775237002849987,0.28689344522291826,1.0720007496796844
65.8,-2.022277405131898,-1.3833670927321577,-0.306397376312254,0.28245445612449144,1.0740111445579614
65.87,-2.018845159483193,-1.3607236660419295,-0.30503400254810037,0.2780154670260637,1.0760215394362387
65.94,-2.0154129138344885,-1.3380802393517062,-0.30366213832026406,0.27357647792763695,1.0780319343145157
66.01,-2.011980668185784,-1.3154368126614782,-0.3022816732129694,0.26913748882920924,1.080042329192793
66.08,-2.0085484225370798,-1.2927933859712548,-0.30089249681044167,0.26469849973078247,1.08205272407107
66.15,-2.005116176888375,-1.2701499592810268,-0.2994944986969049,0.2602595106323548,1.0840631189493473
66.22,-2.0016839312396706,-1.2475065325908032,-0.29808756845658446,0.2558205215339279,1.0860735138276243
66.29,-1.998251685590966,-1.2248631059005755,-0.2966715956737045,0.25138153243550027,1.0880839087059013
66.36,-1.9948194399422619,-1.2022196792103519,-0.29524646993249026,0.24694254333707347,1.0900943035841784
66.43,-1.9913871942935568,-1.1795762525201239,-0.2938120808171659,0.2425035542386458,1.0921046984624558
66.5,-1.9879549486448527,-1.1569328258299005,-0.29236831791195667,0.23806456514021893,1.0941150933407326
66.57,-1.9429182421548208,-1.1342893991396772,-0.290915070801087,0.23362557604179218,1.0961254882190097
66.64,-1.8978815356647805,-1.1116459724494492,-0.2894522290687812,0.2291865869433645,1.098135883097287
66.71,-1.8528448291747486,-1.0890025457592256,-0.28797968229926485,0.2247475978449377,1.1001462779755637
66.78,-1.8078081226847076,-1.0663591190689976,-0.2864973200767619,0.22030860874650998,1.102156672853841
66.85,-1.762771416194676,-1.0437156923787743,-0.28500503198549765,0.2158696196480832,1.104167067732118
66.92,-1.7177347097046352,-1.0210722656885463,-0.2835027076096962,0.2114306305496555,1.1061774626103953
66.99,-1.6726980032146035,-0.9984288389983229,-0.28199023653358285,0.20699164145122867,1.1081878574886723
67.06,-1.6276612967245625,-0.9757854123080949,-0.28046750834138184,0.20255265235280098,1.1101982523669496
67.13,-1.582624590234531,-0.9531419856178716,-0.2789344126173182,0.19811366325437418,1.1122086472452266
67.2,-1.5375878837444903,-0.9304985589276433,-0.27739083894561634,0.19367467415594647,1.1142190421235036
67.27,-1.4925511772544584,-0.9078551322374199,-0.27583667691050145,0.1892356850575197,1.1162294370017807
67.34,-1.4475144707644179,-0.8852117055471919,-0.27427181609619766,0.18479669595909198,1.1182398318800582
67.41,-1.402477764274386,-0.8625682788569685,-0.27269614608693027,0.18035770686066518,1.1202502267583352
67.48,-1.357441057784345,-0.8399248521667405,-0.27110955646692325,0.17591871776223747,1.1222606216366122
67.55,-1.3124043512943135,-0.8172814254765172,-0.26951193682040214,0.17147972866381073,1.1242710165148893
67.62,-1.2673676448042728,-0.794637998786289,-0.267903176731591,0.167040739565383,1.1262814113931667
67.69,-1.222330938314241,-0.7719945720960656,-0.26628316578471506,0.16260175046695619,1.1282918062714435
67.76,-1.1772942318242001,-0.7493511454058376,-0.26465179356399837,0.15816276136852853,1.1303022011497208
67.83,-1.1322575253341687,-0.7267077187156142,-0.26300894965366645,0.1537237722701017,1.1323125960279978
67.9,-1.0872208188441277,-0.7040642920253862,-0.2613545236379433,0.149284783171674,1.134322990906275
67.97,-1.042184112354096,-0.6814208653351628,-0.2596884051010542,0.1448457940732472,1.136333385784552
68.04,-0.9971474058640553,-0.6587774386449349,-0.25801048362722323,0.1404068049748195,1.1383437806628294
68.11,-0.9521106993740236,-0.6361340119547114,-0.2563206488006758,0.1359678158763927,1.1403541755411062
68.18,-0.9070739928839826,-0.6134905852644833,-0.2546187902056359,0.13152882677796499,1.1423645704193837
68.25,-0.8620372863939512,-0.59084715857426,-0.252904797426329,0.12708983767953821,1.1443749652976605
68.32,-0.8170005799039195,-0.5682037318840365,-0.25117856004697936,0.12265084858111142,1.1463853601759373
68.39,-0.7719638734138785,-0.5455603051938084,-0.2494399676518116,0.1182118594826837,1.1483957550542145
68.46,-0.7269271669238468,-0.5229168785035851,-0.24768890982505073,0.1137728703842569,1.1504061499324916
68.53,-0.6818904604338061,-0.500273451813357,-0.24592527615092102,0.10933388128582924,1.152416544810769
68.6,-0.6368537539437744,-0.4776300251231336,-0.24414895621364782,0.10489489218740244,1.1544269396890459
68.67,-0.5918170474537334,-0.45498659843290556,-0.2423598395974552,0.10045590308897474,1.1564373345673231
68.74,-0.5467803409637018,-0.4323431717426822,-0.24055781588656852,0.09601691399054793,1.1584477294456001
68.81,-0.501743634473661,-0.4096997450524542,-0.23874277466521174,0.09157792489212024,1.1604581243238774
68.88,-0.45670692798362933,-0.38705631836223076,-0.2369146055176103,0.08713893579369344,1.1624685192021544
68.95,-0.41167022149358845,-0.36441289167200275,-0.2350731980279882,0.08269994669526573,1.1644789140804317
69.02,-0.36663351500355695,-0.3417694649817794,-0.23321844178057094,0.07826095759683893,1.1664893089587085
69.09,-0.32159680851351596,-0.3191260382915513,-0.23135022635958244,0.07382196849841124,1.168499703836986
69.16,-0.27656010202348436,-0.29648261160132794,-0.22946844134924815,0.06938297939998443,1.170510098715263
69.23,-0.2315233955334437,-0.2738391849110999,-0.22757297633379198,0.06494399030155674,1.17252049359354
69.3,-0.1864866890434118,-0.25119575822087636,-0.22566372089743955,0.060505001203129946,1.174530888471817
69.37,-0.14144998255337105,-0.22855233153064847,-0.22374056462441472,0.05606601210470225,1.1765412833500946
69.44,-0.09641327606333938,-0.20590890484042498,-0.22180339709894287,0.05162702300627545,1.1785516782283714
69.51,-0.051376569573298614,-0.18326547815019698,-0.21985210790524812,0.047188033907847746,1.1805620731066486
69.58,-0.00633986308326695,-0.16062205145997363,-0.21788658662755578,0.04274904480942095,1.1825724679849257
69.65,0.03869684340677404,-0.13797862476974554,-0.2159067228500899,0.03831005571099325,1.184582862863203
69.72,0.08373354989680559,-0.11533519807952214,-0.2139124061570759,0.03387106661256647,1.1865932577414797
69.79,0.12877025638684647,-0.09269177138929408,-0.21190352613273783,0.02943207751413876,1.1886036526197572
69.86,0.17380696287687813,-0.07004834469907073,-0.20987997236130104,0.02499308841571196,1.190614047498034
69.93,0.21884366936691885,-0.04740491800884272,-0.2078416344269895,0.020554099317284254,1.1926244423763113
70.0,0.2638803758569507,-0.02476149131861924,-0.20578840191402875,0.016115110218857462,1.1946348372545883
70.07,0.3089170823469823,-0.002118064628395866,-0.2037201644066431,0.011676121120430663,1.196645232132865
70.14,0.353953788837023,0.020525362061832142,-0.20163681148905688,0.007237132022002969,1.1986556270111424
70.21,0.3989904953270548,0.0431687887520556,-0.19953823274549548,0.0027981429235761704,1.2006660218894194
70.28,0.44402720181709565,0.0658122154422836,-0.19742431776018285,-0.0016408461748515304,1.2026764167676969
70.35,0.4890639083071273,0.08845564213250703,-0.19529495611734465,-0.006079835273278322,1.204686811645974
70.42,0.5341006147971681,0.11109906882273501,-0.19315003740120457,-0.01051882437170603,1.206697206524251
70.49,0.5791373212871997,0.13374249551295841,-0.19098945119598823,-0.014957813470132825,1.208707601402528
70.56,0.6241740277772406,0.15638592220318645,-0.18881308708591957,-0.019396802568560526,1.2107179962808052
70.63,0.6692107342672723,0.17902934889340993,-0.18662083465522408,-0.023835791666987325,1.2127283911590823
70.7,0.7142474407573132,0.20167277558363794,-0.18441258348812561,-0.028274780765415022,1.2147387860373595
70.77,0.7592841472473448,0.22431620227386134,-0.18218822316884983,-0.032713769863841814,1.2167491809156366
70.84,0.8043208537373856,0.24695962896408935,-0.17994764328162038,-0.03715275896226952,1.2187595757939138
70.91,0.8493575602274173,0.2696030556543127,-0.17769073341066308,-0.041591748060696314,1.2207699706721906
70.98,0.8449839590724846,0.2796032064912864,-0.17541748088785775,-0.03738480595238965,1.2208505303852093
71.05,0.840610357917553,0.2896033573282581,-0.17312826403571094,-0.033177863844083846,1.220931090098228
71.12,0.8362367567626204,0.2996035081652318,-0.1708235589243833,-0.028970921735777182,1.2210116498112464
71.19,0.8318631556076888,0.3096036590022035,-0.16850384162403773,-0.02476397962747138,1.2210922095242653
71.26,0.8274895544527562,0.31960380983917713,-0.16616958820483474,-0.020557037519164715,1.221172769237284
71.33,0.8231159532978245,0.32960396067614883,-0.1638212747369371,-0.01635009541085891,1.2212533289503027
71.4,0.8187423521428919,0.3396041115131225,-0.16145937729050575,-0.012143153302552247,1.2213338886633214
71.47,0.8143687509879602,0.3496042623500942,-0.15908437193570302,-0.007936211194246444,1.2214144483763398
71.54,0.8099951498330276,0.3596044131870678,-0.1566967347426899,-0.0037292690859397765,1.2214950080893585
71.61,0.805621548678096,0.36960456402403946,-0.15429694178162903,0.0004776730223660236,1.2215755678023774
71.68,0.8012479475231634,0.3796047148610132,-0.15188546912268105,0.004684615130672677,1.221656127515396
71.75,0.7968743463682317,0.3896048656979849,-0.14946279283600886,0.008891557238978491,1.2217366872284146
71.82,0.7925007452133002,0.3996050165349565,-0.14702938899177345,0.013098499347284305,1.2218172469414332
71.89,0.7881271440583675,0.40960516737193026,-0.14458573366013627,0.01730544145559096,1.221897806654452
71.96,0.7837535429034358,0.4196053182089019,-0.1421323029112598,0.021512383563896766,1.2219783663674708
72.03,0.7793799417485032,0.4296054690458756,-0.13966957281530493,0.02571932567220342,1.2220589260804893
72.1,0.7750063405935715,0.4396056198828473,-0.13719801944243426,0.029926267780509233,1.222139485793508
72.17,0.770632739438639,0.449605770719821,-0.1347181188628086,0.03413320988881589,1.2222200455065266
72.24,0.7662591382837073,0.4596059215567926,-0.13223034714659065,0.0383401519971217,1.2223006052195453
72.31,0.7618855371287748,0.4696060723937663,-0.12973518036394102,0.042547094105428354,1.222381164932564
72.38,0.7575119359738431,0.479606223230738,-0.1272330945850226,0.04675403621373417,1.2224617246455827
72.45,0.7531383348189106,0.4896063740677117,-0.12472456587999595,0.050960978322040835,1.2225422843586013
72.52,0.7487647336639789,0.4996065249046833,-0.12221007031902381,0.05516792043034664,1.22262284407162
72.59,0.7443911325090462,0.5096066757416571,-0.11969008397226698,0.05937486253865329,1.2227034037846387
72.66,0.7400175313541146,0.5196068265786287,-0.11716508290988813,0.06358180464695912,1.2227839634976572
72.73,0.735643930199182,0.5296069774156024,-0.11463554320204793,0.06778874675526575,1.2228645232106758
72.8,0.7312703290442504,0.5396071282525741,-0.11210194091890918,0.07199568886357156,1.2229450829236947
72.87,0.7268967278893178,0.5496072790895478,-0.1095647521306325,0.07620263097187822,1.2230256426367134
72.94,0.7225231267343861,0.5596074299265195,-0.10702445290738073,0.08040957308018404,1.223106202349732
73.01,0.7181495255794534,0.569607580763493,-0.10448151931931442,0.0846165151884907,1.2231867620627506
73.08,0.7137759244245219,0.5796077316004647,-0.10193642743659648,0.08882345729679648,1.2232673217757692
73.15,0.7094023232695893,0.5896078824374384,-0.09938965332938748,0.09303039940510316,1.2233478814887881
73.22,0.7050287221146576,0.59960803327441,-0.09684167306785012,0.09723734151340896,1.2234284412018068
73.29,0.7006551209597252,0.6096081841113838,-0.09429296272214524,0.10144428362171565,1.2235090009148255
73.36,0.6962815198047934,0.6196083349483554,-0.09174399836243544,0.10565122573002145,1.223589560627844
73.43,0.6919079186498608,0.6296084857853291,-0.0891952560588815,0.10985816783832808,1.2236701203408626
73.5,0.6875343174949291,0.6396086366223008,-0.08664721188164613,0.11406510994663391,1.2237506800538813
73.57,0.6831607163399975,0.6496087874592725,-0.08410034190089054,0.11827205205493971,1.2238312397669
73.64,0.6787871151850648,0.6596089382962462,-0.08155512218677588,0.12247899416324637,1.2239117994799187
73.71,0.6744135140301333,0.6696090891332179,-0.07901202880946501,0.1266859362715522,1.2239923591929374
73.78,0.6700399128752007,0.6796092399701916,-0.07647153783911852,0.13089287837985886,1.224072918905956
73.85,0.665666311720269,0.6896093908071632,-0.07393412534589919,0.13509982048816466,1.2241534786189745
73.92,0.6612927105653365,0.6996095416441368,-0.07140026739996766,0.1393067625964713,1.2242340383319934
73.99,0.6569191094104048,0.7096096924811086,-0.06887044007148671,0.14351370470477712,1.224314598045012
74.06,0.6525455082554721,0.7196098433180822,-0.06634511943061704,0.14772064681308378,1.2243951577580308
74.13,0.6481719071005405,0.7296099941550539,-0.06382478154752143,0.1519275889213896,1.2244757174710494
74.2,0.6437983059456078,0.7396101449920276,-0.06130990249236045,0.15613453102969624,1.2245562771840681
74.27,0.6394247047906763,0.7496102958289993,-0.05880095833529695,0.16034147313800204,1.2246368368970868
74.34,0.6350511036357437,0.759610446665973,-0.05629842514649152,0.1645484152463087,1.2247173966101055
74.41,0.630677502480812,0.7696105975029446,-0.053802778996107053,0.16875535735461453,1.2247979563231242
74.48,0.6263039013258794,0.7796107483399183,-0.05131449595430409,0.1729622994629212,1.2248785160361428
74.55,0.6219303001709477,0.78961089917689,-0.04883405209124546,0.177169241571227,1.2249590757491613
74.62,0.6175566990160152,0.7996110500138638,-0.046361923477091775,0.18137618367953365,1.22503963546218
74.69,0.6131830978610835,0.8096112008508354,-0.04389858618200581,0.18558312578783945,1.2251201951751989
74.76,0.6088094967061509,0.8196113516878091,-0.04144451627614832,0.1897900678961461,1.2252007548882176
74.83,0.6044358955512192,0.8296115025247808,-0.03900018982968195,0.19399701000445194,1.225281314601236
74.9,0.6000622943962867,0.8396116533617545,-0.03656608291276744,0.1982039521127586,1.2253618743142547
74.97,0.5956886932413551,0.8496118041987261,-0.034142671595567574,0.20241089422106437,1.2254424340272734
75.04,0.5913150920864224,0.8596119550356998,-0.03173043194824296,0.20661783632937103,1.225522993740292
75.11,0.5869414909314907,0.8696121058726715,-0.02932984004095631,0.21082477843767689,1.2256035534533107
75.18,0.5825678897765583,0.8796122567096452,-0.026941371943868413,0.2150317205459835,1.2256841131663294
75.25,0.5781942886216266,0.8896124075466167,-0.024565503727141967,0.2192386626542893,1.225764672879348
75.32,0.5738206874666948,0.8996125583835884,-0.022202711460938166,0.22344560476259512,1.2258452325923668
75.39,0.5694470863117623,0.9096127092205623,-0.01985347121541826,0.22765254687090183,1.2259257923053855
75.46,0.5987187642294283,0.919612860057534,-0.017518259060744938,0.23185948897920758,1.2260063520184041
75.53,0.6279904421471002,0.9296130108945074,-0.015197551067078909,0.2360664310875142,1.2260869117314228
75.6,0.6572621200647661,0.9396131617314792,-0.012891823304582887,0.24027337319582007,1.2261674714444415
75.67,0.6865337979824381,0.9496133125684528,-0.01060155184341761,0.24448031530412673,1.2262480311574602
75.74,0.7158054759001041,0.9596134634054245,-0.008327212753745794,0.24868725741243256,1.2263285908704786
75.81,0.7450771538177761,0.9696136142423983,-0.006069282105728134,0.2528941995207392,1.2264091505834973
75.88,0.7743488317354419,0.9796137650793698,-0.0038282359695273422,0.257101141629045,1.2264897102965162
75.95,0.8036205096531137,0.9896139159163436,-0.001604550415304164,0.26130808373735165,1.226570270009535
76.02,0.8328921875707798,0.9996140667533152,0.0006012984867787251,0.2655150258456575,1.2266508297225536
76.09,0.8621638654884517,1.009614217590289,0.0027888346665605997,0.26972196795396414,1.2267313894355723
76.16,0.8914355434061176,1.0196143684272605,0.004957582053878764,0.27392891006226994,1.2268119491485907
76.23,0.9207072213237897,1.029614519264234,0.007107064578572365,0.27813585217057657,1.2268925088616094
76.3,0.9499788992414555,1.0396146701012061,0.009236806170478926,0.28234279427888237,1.2269730685746283
76.37,0.9792505771591273,1.0496148209381797,0.01134633075943747,0.28654973638718906,1.227053628287647
76.44,1.0085222550767934,1.0596149717751513,0.013435162275285524,0.29075667849549486,1.2271341880006654
76.51,1.0377939329944652,1.0696151226121249,0.015502824647862214,0.2949636206038015,1.227214747713684
76.58,1.0670656109121313,1.0796152734490967,0.017548841807004886,0.29917056271210735,1.2272953074267028
76.65,1.096337288829803,1.0896154242860705,0.019572737682552768,0.30337750482041403,1.2273758671397215
76.72,1.1256089667474691,1.099615575123042,0.02157403620434326,0.3075844469287198,1.2274564268527401
76.79,1.1548806446651412,1.1096157259600157,0.023552261302215508,0.3117913890370265,1.2275369865657588
76.86,1.184152322582807,1.1196158767969875,0.02550693690600693,0.31599833114533227,1.2276175462787775
76.93,1.213424000500479,1.129616027633961,0.027437586945556654,0.3202052732536389,1.2276981059917962
77.0,1.2426956784181449,1.1396161784709329,0.029343735350702175,0.32441221536194476,1.2277786657048146
77.07,1.271967356335811,1.1496163293079045,0.03122490605128215,0.3286191574702505,1.2278592254178335
77.14,1.3012390342534828,1.159616480144878,0.03308062297713524,0.33282609957855724,1.2279397851308522
77.21,1.3305107121711488,1.1696166309818499,0.034910410058099015,0.33703304168686304,1.228020344843871
77.28,1.3597823900888206,1.1796167818188232,0.03671379122401248,0.3412399837951697,1.2281009045568896
77.35,1.3890540680064865,1.189616932655795,0.03849029040471316,0.34544692590347553,1.2281814642699083
77.42,1.4183257459241587,1.1996170834927686,0.040239431530040067,0.34965386801178217,1.228262023982927
77.49,1.4475974238418243,1.2096172343297404,0.0419607385298308,0.3538608101200879,1.2283425836959454
77.56,1.4768691017594962,1.2196173851667143,0.04365373533392434,0.3580677522283946,1.228423143408964
77.63,1.5061407796771622,1.2296175360036858,0.04531794587215828,0.3622746943367004,1.2285037031219828
77.7,1.5354124575948342,1.2396176868406596,0.04695289407437161,0.36648163644500703,1.2285842628350017
77.77,1.5646841355125003,1.2496178376776312,0.048558103870401874,0.3706885785533129,1.2286648225480201
77.84,1.5939558134301721,1.2596179885146048,0.05013309919008805,0.3748955206616195,1.228745382261039
77.91,1.623227491347838,1.2696181393515764,0.05167740396326784,0.3791024627699254,1.2288259419740575
77.98,1.65249916926551,1.2796182901885502,0.05319054211978004,0.383309404878232,1.2289065016870762
78.05,1.681770847183176,1.289618441025522,0.05467203758946242,0.3875163469865378,1.2289870614000948
78.12,1.7110425251008479,1.2996185918624956,0.05612141430215383,0.39172328909484444,1.2290676211131135
78.19,1.740314203018514,1.3096187426994672,0.05753819618769196,0.3959302312031503,1.2291481808261322
78.26,1.7695858809361857,1.319618893536441,0.05892190717591568,0.40013717331145693,1.2292287405391509
78.33,1.7988575588538516,1.3296190443734126,0.06027207119666268,0.4043441154197628,1.2293093002521696
78.4,1.8281292367715236,1.3396191952103864,0.061588212179771853,0.4085510575280694,1.2293898599651882
78.47,1.8574009146891894,1.349619346047358,0.06286985405508093,0.4127579996363752,1.229470419678207
78.54,1.8866725926068615,1.3596194968843316,0.06411652075242867,0.4169649417446819,1.2295509793912256
78.61,1.9159442705245275,1.3696196477213034,0.06532773620165289,0.4211718838529877,1.2296315391042443
78.68,1.9452159484421994,1.379619798558277,0.06650302433259236,0.42537882596129434,1.229712098817263
78.75,1.9744876263598654,1.3896199493952488,0.06764190907508494,0.4295857680696002,1.2297926585302816
78.82,2.0037593042775312,1.3996201002322204,0.06874391435896907,0.43379271017790594,1.2298732182433003
78.89,2.033030982195203,1.409620251069194,0.06980856411408326,0.43799965228621257,1.229953777956319
78.96,2.062302660112869,1.4196204019061658,0.07083538227026542,0.4422065943945184,1.2300343376693377
79.03,2.091574338030541,1.4296205527431394,0.07182389275735421,0.44641353650282506,1.2301148973823564
79.1,2.120846015948207,1.439620703580111,0.07277361950518749,0.4506204786111309,1.230195457095375
79.17,2.150117693865879,1.4496208544170848,0.073684086443604,0.45482742071943755,1.2302760168083937
79.24,2.1793893717835444,1.4596210052540564,0.07455481750244158,0.45903436282774335,1.2303565765214124
79.31,2.2086610497012167,1.4696211560910302,0.07538533661153896,0.46324130493605004,1.230437136234431
79.38,2.237932727618883,1.4796213069280018,0.07617516770073399,0.46744824704435584,1.2305176959474498
79.45,2.267204405536555,1.4896214577649756,0.07692383469986536,0.47165518915266247,1.2305982556604684
79.52,2.2964760834542206,1.4996216086019474,0.07763086153877094,0.4758621312609682,1.230678815373487
79.59,2.325747761371893,1.5096217594389207,0.07829577214728943,0.48006907336927485,1.2307593750865056
79.66,2.3550194392895585,1.5196219102758926,0.07891809045525877,0.4842760154775807,1.2308399347995242
79.73,2.3842911172072303,1.5296220611128661,0.07949734039251749,0.4884829575858874,1.230920494512543
79.8,2.413562795124896,1.5396222119498377,0.08003304588890368,0.49268989969419325,1.2310010542255618
79.87,2.4115947914589473,1.5496223627868118,0.08052489929538935,0.4968968418025,1.2310816139385805
79.94,2.4096267877929978,1.5596225136237833,0.08097326664748021,0.5011037839108057,1.231162173651599
80.01,2.4076587841270487,1.569622664460757,0.08137868240181587,0.5053107260191122,1.2312427333646176
80.08,2.4056907804610996,1.5796228152977285,0.08174168101503562,0.5095176681274182,1.2313232930776363
80.15,2.40372277679515,1.589622966134702,0.08206279694377902,0.5137246102357247,1.231403852790655
80.22,2.4017547731292015,1.599623116971674,0.08234256464468533,0.5179315523440307,1.2314844125036737
80.29,2.3997867694632515,1.6096232678086477,0.08258151857439419,0.5221384944523373,1.2315649722166924
80.36,2.397818765797303,1.619623418645619,0.08278019318954488,0.5263454365606431,1.231645531929711
80.43,2.395850762131354,1.629623569482593,0.08293912294677697,0.5305523786689498,1.2317260916427295
80.5,2.3938827584654043,1.6396237203195647,0.08305884230272977,0.5347593207772556,1.2318066513557484
80.57,2.3919147547994557,1.6496238711565363,0.08313988571404271,0.5389662628855615,1.231887211068767
80.64,2.3899467511335066,1.6596240219935101,0.08318278763735536,0.543173204993868,1.2319677707817855
80.71,2.3879787474675576,1.6696241728304817,0.08318808252930703,0.5473801471021739,1.2320483304948042
80.78,2.386010743801608,1.6796243236674555,0.08315630484653717,0.5515870892104805,1.232128890207823
80.85,2.3840427401356594,1.6896244745044269,0.08308798904568528,0.5557940313187864,1.2322094499208416
80.92,2.3820747364697095,1.6996246253414007,0.08298366958339073,0.560000973427093,1.2322900096338603
80.99,2.380106732803761,1.7096247761783725,0.08284388091629298,0.5642079155353988,1.2323705693468792
81.06,2.3781387291378113,1.719624927015346,0.08266915750103143,0.5684148576437055,1.2324511290598976
81.13,2.3761707254718623,1.729625077852318,0.08246003379424559,0.5726217997520113,1.2325316887729163
81.2,2.374202721805913,1.7396252286892915,0.08221704425257478,0.576828741860318,1.232612248485935
81.27,2.372234718139964,1.7496253795262628,0.08194072333265857,0.5810356839686237,1.2326928081989537
81.34,2.370266714474015,1.7596255303632367,0.08163160549113628,0.5852426260769303,1.2327733679119723
81.41,2.368298710808066,1.7696256812002085,0.08129022518464746,0.5894495681852362,1.232853927624991
81.48,2.3663307071421165,1.7796258320371823,0.08091711686983137,0.5936565102935428,1.2329344873380097
81.55,2.364362703476168,1.7896259828741539,0.08051281500332762,0.5978634524018486,1.2330150470510284
81.62,2.3623946998102183,1.7996261337111277,0.08007785404177552,0.6020703945101553,1.233095606764047
81.69,2.3604266961442693,1.8096262845480995,0.07961276844181463,0.6062773366184611,1.2331761664770657
81.76,2.3584586924783197,1.8196264353850726,0.0791180926600842,0.6104842787267678,1.2332567261900844
81.83,2.356490688812371,1.8296265862220444,0.0785943611532239,0.6146912208350735,1.233337285903103
81.9,2.3545226851464216,1.8396267370590182,0.07804210837787287,0.6188981629433803,1.2334178456161218
81.97,2.3525546814804725,1.8496268878959898,0.07746186879067088,0.623105105051686,1.2334984053291405
82.04,2.3505866778145235,1.8596270387329634,0.07685417684825709,0.6273120471599927,1.2335789650421591
82.11,2.348618674148574,1.8696271895699352,0.0762195670072711,0.6315189892682985,1.2336595247551778
82.18,2.3466506704826253,1.879627340406909,0.07555857372435221,0.635725931376605,1.2337400844681965
82.25,2.3446826668166763,1.8896274912438806,0.07487173145614007,0.639932873484911,1.233820644181215
82.32,2.342714663150727,1.8996276420808522,0.0741595746592739,0.6441398155932168,1.2339012038942336
82.39,2.3407466594847777,1.909627792917826,0.07342263779039312,0.6483467577015235,1.2339817636072523
82.46,2.3387786558188286,1.9196279437547976,0.07266145530613737,0.6525536998098292,1.234062323320271
82.53,2.3368106521528795,1.9296280945917712,0.07187656166314585,0.6567606419181359,1.23414288303329
82.6,2.3348426484869305,1.939628245428743,0.07106849131805823,0.6609675840264417,1.2342234427463084
82.67,2.332874644820981,1.9496283962657166,0.07023777872751368,0.6651745261347483,1.2343040024593273
82.74,2.3309066411550323,1.9596285471026884,0.06938495834815193,0.6693814682430542,1.2343845621723457
82.81,2.328938637489083,1.9696286979396622,0.06851056463661206,0.6735884103513607,1.2344651218853644
82.88,2.3269706338231337,1.9796288487766334,0.06761513204953394,0.6777953524596666,1.234545681598383
82.95,2.3250026301571842,1.9896289996136072,0.06669919504355651,0.6820022945679732,1.2346262413114018
83.02,2.3230346264912356,1.999629150450579,0.06576328807531968,0.6862092366762791,1.2347068010244207
83.09,2.3210666228252865,2.009629301287553,0.0648079456014625,0.6904161787845858,1.234787360737439
83.16,2.319098619159337,2.019629452124524,0.06383370207862474,0.6946231208928916,1.2348679204504578
83.23,2.317130615493388,2.029629602961498,0.06284109196344546,0.6988300630011983,1.2349484801634765
83.3,2.315162611827439,2.03962975379847,0.061830649712564544,0.7030370051095041,1.2350290398764951
83.37,2.31319460816149,2.0496299046354434,0.06080290978262091,0.7072439472178108,1.2351095995895138
83.44,2.3112266044955407,2.059630055472415,0.0597584066302545,0.7114508893261166,1.2351901593025325
83.51,2.3092586008295912,2.0696302063093888,0.05869767471210429,0.7156578314344232,1.235270719015551
83.58,2.307290597163642,2.0796303571463604,0.05762124848481016,0.719864773542729,1.2353512787285699
83.65,2.3053225934976926,2.089630507983334,0.05652966240501111,0.7240717156510357,1.2354318384415885
83.72,2.303354589831744,2.0996306588203058,0.05542345092934698,0.7282786577593414,1.2355123981546072
83.79,2.301386586165795,2.1096308096572796,0.0543031485144568,0.7324855998676482,1.235592957867626
83.86,2.2994185824998454,2.119630960494251,0.05316928961698043,0.7366925419759539,1.2356735175806446
83.93,2.297450578833896,2.1296311113312245,0.052022408693556836,0.7408994840842607,1.235754077293663
84.0,2.2954825751679477,2.1396312621681965,0.050863040200825924,0.7451064261925664,1.2358346370066817
84.07,2.2935145715019982,2.149631413005168,0.049691718595426926,0.7493133683008721,1.2359151967197004
84.14,2.2915465678360487,2.159631563842142,0.048508978333999066,0.7535203104091789,1.235995756432719
84.21,2.2895785641701,2.169631714679114,0.04731535387318213,0.7577272525174846,1.2360763161457378
84.28,2.287610560504151,2.1796318655160873,0.04611137966961519,0.7619341946257914,1.2361568758587564
84.35,2.2856425568382015,2.189632016353059,0.04489759017993809,0.7661411367340971,1.2362374355717751
84.42,2.2836745531722524,2.1996321671900323,0.0436745198607898,0.7703480788424039,1.2363179952847938
84.49,2.2817065495063034,2.2096323180270043,0.04244270316881029,0.7745550209507096,1.2363985549978125
84.56,2.2797385458403543,2.219632468863978,0.04120267456063844,0.7787619630590163,1.2364791147108312
84.63,2.277770542174405,2.2296326197009497,0.039954968492914196,0.7829689051673221,1.2365596744238498
84.7,2.2758025385084557,2.2396327705379235,0.03870011942227652,0.7871758472756286,1.2366402341368685
84.77,2.273834534842507,2.2496329213748947,0.03743866180536531,0.7913827893839346,1.2367207938498872
84.84,2.2718665311765576,2.2596330722118685,0.03617113009881952,0.7955897314922411,1.2368013535629059
84.91,2.2698985275106085,2.26963322304884,0.0348980587592791,0.7997966736005471,1.2368819132759246
84.98,2.2679305238446594,2.2796333738858143,0.03361998224338293,0.8040036157088536,1.2369624729889432
85.05,2.2659625201787104,2.289633524722786,0.03233743500777099,0.8082105578171594,1.237043032701962
85.12,2.263994516512761,2.2996336755597593,0.0310509515090822,0.8124174999254661,1.2371235924149806
85.19,2.262026512846812,2.3096338263967313,0.029761066203956507,0.8166244420337719,1.2372041521279993
85.26,2.2600585091808627,2.3196339772337047,0.02846831354903281,0.8208313841420786,1.237284711841018
85.33,2.2580905055149136,2.3296341280706767,0.0271732280009511,0.8250383262503843,1.2373652715540366
85.4,2.2561225018489646,2.33963427890765,0.02587634401635028,0.8292452683586911,1.2374458312670553
85.47,2.2541544981830155,2.3496344297446217,0.024578196051870248,0.8334522104669968,1.2375263909800738
85.54,2.252186494517066,2.3596345805815955,0.023279318564149994,0.8376591525753035,1.2376069506930925
85.61,2.250218490851117,2.369634731418567,0.0219802460098294,0.8418660946836093,1.2376875104061111
85.68,2.248250487185168,2.3796348822555413,0.020681512845547458,0.846073036791916,1.2377680701191298
85.75,2.2462824835192188,2.3896350330925125,0.019383653527944092,0.8502799789002218,1.2378486298321485
85.82,2.2443144798532697,2.3996351839294845,0.018087202513658435,0.8544869210085276,1.2379291895451672
85.89,2.2423464761873206,2.409635334766458,0.016792694259329742,0.8586938631168343,1.2380097492581859
85.96,2.2403784725213716,2.4196354856034294,0.015500663221597865,0.8629008052251401,1.2380903089712045
86.03,2.238410468855422,2.4296356364404033,0.0142116438571018,0.8671077473334468,1.2381708686842232
86.1,2.2364424651894734,2.439635787277375,0.012926170622481463,0.8713146894417526,1.238251428397242
86.17,2.2344744615235235,2.4496359381143487,0.011644777974375776,0.8755216315500592,1.2383319881102606
86.24,2.232506457857575,2.4596360889513202,0.010368000369424691,0.879728573658365,1.238412547823279
86.31,2.2305384541916253,2.469636239788294,0.009096372264267152,0.8839355157666717,1.2384931075362977
86.38,2.2285704505256763,2.4796363906252656,0.007830428115543063,0.8881424578749775,1.2385736672493164
86.45,2.226602446859727,2.4896365414622394,0.006570702379891401,0.8923493999832842,1.238654226962335
86.52,2.224634443193778,2.499636692299211,0.005317729513952038,0.89655634209159,1.2387347866753537
86.59,2.2226664395278286,2.509636843136185,0.004072043974363952,0.9007632841998967,1.2388153463883729
86.66,2.22069843586188,2.5196369939731564,0.0028341802177670712,0.9049702263082025,1.238895906101391
86.73,2.2187304321959305,2.52963714481013,0.001604672700800308,0.9091771684165092,1.23897646581441
86.8,2.216762428529982,2.539637295647102,0.000384055880103637,0.9133841105248149,1.2390570255274285
86.87,2.2147944248640323,2.549637446484075,-0.0008271357876840349,0.9175910526331215,1.2391375852404471
86.94,2.2128264211980833,2.5596375973210472,-0.002028367845922803,0.9217979947414274,1.2392181449534658
87.01,2.2108584175321337,2.5696377481580206,-0.003219105837973667,0.926004936849734,1.2392987046664845
87.08,2.208890413866185,2.579637898994992,-0.004398815307196738,0.9302118789580399,1.2393792643795032
87.15,2.2069224102002356,2.589638049831966,-0.005566961796953065,0.9344188210663464,1.2394598240925219
87.22,2.2049544065342865,2.5996382006689376,-0.0067230108506027095,0.9386257631746523,1.2395403838055405
87.29,2.2029864028683375,2.609638351505912,-0.007866428011506768,0.9428327052829589,1.2396209435185592
87.36,2.2010183992023884,2.619638502342883,-0.008996678823025286,0.9470396473912647,1.239701503231578
87.43,2.199050395536439,2.629638653179857,-0.010113228828519293,0.9512465894995714,1.2397820629445966
87.5,2.19708239187049,2.6396388040168284,-0.011215543571348937,0.9554535316078772,1.2398626226576153
87.57,2.195114388204541,2.6496389548538,-0.012303088594874981,0.959660473716183,1.239943182370634
87.64,2.1931463845385917,2.6596391056907738,-0.013375329442458247,0.9638674158244896,1.2400237420836526
87.71,2.191178380872643,2.6696392565277454,-0.014431731657458797,0.9680743579327955,1.2401043017966713
87.78,2.1892103772066935,2.679639407364719,-0.015471760783237665,0.9722813000411021,1.24018486150969
87.85,2.1872423735407445,2.6896395582016908,-0.016494882363155022,0.976488242149408,1.2402654212227087
87.92,2.185274369874795,2.6996397090386646,-0.017500561940571834,0.9806951842577146,1.2403459809357273
87.99,2.183306366208846,2.709639859875636,-0.018488265058848197,0.9849021263660204,1.240426540648746
88.06,2.181338362542897,2.71964001071261,-0.01945745726134515,0.989109068474327,1.2405071003617647
88.13,2.1793703588769477,2.7296401615495816,-0.02040760409142285,0.9933160105826327,1.2405876600747834
88.2,2.1774023552109982,2.7396403123865554,-0.021338171092442255,0.9975229526909396,1.240668219787802
88.27,2.1754343515450496,2.749640463223527,-0.02224862380776349,1.0017298947992455,1.2407487795008207
88.34,2.1734663478791005,2.7596406140605003,-0.023138427780747598,1.005936836907552,1.2408293392138394
88.41,2.171498344213151,2.7696407648974724,-0.024007048554754697,1.0101437790158578,1.240909898926858
88.48,2.1695303405472015,2.779640915734446,-0.024853951673145726,1.0143507211241647,1.2409904586398768
88.55,2.1675623368812533,2.7896410665714177,-0.025678602679280925,1.0185576632324704,1.2410710183528955
88.62,2.1655943332153034,2.799641217408391,-0.026480467116521186,1.022764605340777,1.2411515780659141
88.69,2.1636263295493543,2.8096413682453627,-0.027259010528226775,1.0269715474490828,1.2412321377789328
88.76,2.168678210245861,2.805922893037469,-0.028013804616239542,1.0311784895573894,1.2413126974919515
88.83,2.173730090942367,2.8022044178295764,-0.028744845716324952,1.0353854316656952,1.2413932572049702
88.9,2.178781971638873,2.7984859426216824,-0.02945223632273,1.039592373774002,1.2414738169179889
88.97,2.183833852335379,2.7947674674137897,-0.030136078929701215,1.0437993158823078,1.2415543766310075
89.04,2.1888857330318854,2.791048992205896,-0.03079647603148553,1.0480062579906144,1.2416349363440262
89.11,2.1939376137283912,2.787330516998003,-0.03143353012232946,1.0522132000989202,1.2417154960570447
89.18,2.1989894944248976,2.7836120417901093,-0.032047343696480025,1.056420142207227,1.2417960557700634
89.25,2.204041375121403,2.779893566582216,-0.032638019248183686,1.0606270843155328,1.241876615483082
89.32,2.209093255817909,2.7761750913743235,-0.033205659271687366,1.0648340264238385,1.2419571751961007
89.39,2.214145136514415,2.7724566161664295,-0.033750366261237855,1.0690409685321451,1.2420377349091194
89.46,2.219197017210921,2.7687381409585368,-0.034272242711081716,1.0732479106404509,1.2421182946221379
89.53,2.2242488979074277,2.7650196657506427,-0.03477139111546588,1.0774548527487577,1.2421988543351568
89.6,2.229300778603933,2.7613011905427496,-0.03524791396863691,1.0816617948570635,1.2422794140481754
89.67,2.23435265930044,2.757582715334856,-0.03570191376484171,1.0858687369653701,1.2423599737611941
89.74,2.2394045399969453,2.7538642401269633,-0.03613349299832688,1.0900756790736759,1.2424405334742128
89.81,2.244456420693452,2.7501457649190693,-0.03654275416333932,1.0942826211819825,1.2425210931872315
89.88,2.2495083013899575,2.7464272897111766,-0.03692979975412563,1.0984895632902885,1.24260165290025
89.95,2.254560182086464,2.742708814503283,-0.03729473226493266,1.102696505398595,1.2426822126132686
90.02,2.2596120627829697,2.7389903392953903,-0.03763765419000706,1.1069034475069008,1.2427627723262873
90.09,2.264663943479476,2.7352718640874962,-0.03795866802359568,1.1111103896152075,1.242843332039306
90.16,2.2697158241759814,2.731553388879603,-0.03825787625994514,1.1153173317235132,1.2429238917523246
90.23,2.274767704872488,2.7278349136717095,-0.0385353813933023,1.1195242738318198,1.2430044514653433
90.3,2.279819585568994,2.7241164384638163,-0.03879128591791382,1.1237312159401258,1.243085011178362
90.37,2.2848714662655008,2.7203979632559228,-0.03902569232802652,1.1279381580484322,1.2431655708913807
90.44,2.2899233469620057,2.71667948804803,-0.03923870311788705,1.1321451001567382,1.2432461306043994
90.51,2.2949752276585125,2.712961012840136,-0.039430420781742234,1.1363520422650448,1.243326690317418
90.58,2.3000271083550183,2.709242537632243,-0.039600947813838785,1.1405589843733508,1.2434072500304367
90.65,2.3050789890515246,2.7055240624243497,-0.039750386708423444,1.1447659264816572,1.2434878097434554
90.72,2.31013086974803,2.701805587216456,-0.039878839959742986,1.1489728685899632,1.243568369456474
90.79,2.315182750444537,2.6980871120085625,-0.03998641006204409,1.1531798106982696,1.2436489291694928
90.86,2.3202346311410422,2.69436863680067,-0.040073199509573554,1.1573867528065755,1.2437294888825114
90.93,2.3252865118375494,2.6906501615927763,-0.04013931079657812,1.1615936949148822,1.2438100485955301
91.0,2.3303383925340544,2.686931686384883,-0.040184846417304486,1.165800637023188,1.2438906083085488
91.07,2.3353902732305603,2.68321321117699,-0.040209908865999455,1.170007579131494,1.2439711680215675
91.14,2.3404421539270666,2.6794947359690964,-0.040214600636909764,1.1742145212398003,1.2440517277345862
91.21,2.345494034623572,2.6757762607612032,-0.0401990242242821,1.1784214633481065,1.2441322874476048
91.28,2.350545915320079,2.6720577855533096,-0.040163282122363274,1.182628405456413,1.2442128471606235
91.35,2.355597796016584,2.6683393103454165,-0.04010747682539995,1.1868353475647189,1.2442934068736422
91.42,2.360649676713091,2.664620835137523,-0.04003171082763894,1.1910422896730253,1.2443739665866609
91.49,2.3657015574095968,2.66090235992963,-0.03993608662332702,1.195249231781331,1.2444545262996796
91.56,2.370753438106103,2.657183884721736,-0.03982070670671083,1.1994561738896379,1.2445350860126982
91.63,2.375805318802609,2.6534654095138435,-0.03968567357203721,1.2036631159979436,1.2446156457257167
91.7,2.3808571994991152,2.6497469343059494,-0.0395310897135528,1.2078700581062503,1.2446962054387354
91.77,2.3859090801956206,2.6460284590980567,-0.039357057625504475,1.212077000214556,1.244776765151754
91.84,2.3909609608921274,2.642309983890163,-0.039163679802138834,1.2162839423228629,1.2448573248647727
91.91,2.3960128415886333,2.63859150868227,-0.03895105873770276,1.2204908844311686,1.2449378845777914
91.98,2.40106472228514,2.6348730334743764,-0.03871929692644289,1.2246978265394752,1.24501844429081
92.05,2.406116602981645,2.6311545582664833,-0.03846849686260604,1.228904768647781,1.2450990040038288
92.12,2.4111684836781517,2.6274360830585897,-0.038198761040438886,1.2331117107560876,1.2451795637168477
92.19,2.4162203643746576,2.623717607850697,-0.03791019195418831,1.2373186528643934,1.2452601234298661
92.26,2.421272245071164,2.619999132642803,-0.0376028920981008,1.2415255949727002,1.2453406831428848
92.33,2.4263241257676693,2.61628065743491,-0.03727696396642338,1.245732537081006,1.2454212428559035
92.4,2.431376006464176,2.612562182227016,-0.0369325100534026,1.2499394791893126,1.2455018025689222
92.47,2.4364278871606815,2.6088437070191235,-0.03656963285328536,1.2541464212976183,1.2455823622819409
92.54,2.4414797678571882,2.6051252318112295,-0.0361884348603182,1.2583533634059254,1.2456629219949595
92.61,2.4465316485536936,2.6014067566033363,-0.035789018568748075,1.262560305514231,1.245743481707978
92.68,2.4515835292502004,2.5976882813954427,-0.03537148647282157,1.2667672476225378,1.245824041420997
92.75,2.456635409946706,2.59396980618755,-0.03493594106678557,1.2709741897308433,1.2459046011340154
92.82,2.4616872906432112,2.590251330979657,-0.03448248484488673,1.275181131839149,1.2459851608470343
92.89,2.466739171339718,2.5865328557717633,-0.03401122030137174,1.2793880739474561,1.246065720560053
92.96,2.4717910520362234,2.58281438056387,-0.0335222499304875,1.2835950160557619,1.2461462802730714
93.03,2.47684293273273,2.5790959053559765,-0.03301567622648055,1.2878019581640685,1.2462268399860903
93.1,2.481894813429236,2.575377430148084,-0.03249160168359788,1.2920089002723742,1.2463073996991088
93.17,2.4869466941257423,2.5716589549401903,-0.03195012879608597,1.2962158423806809,1.2463879594121274
93.24,2.4919985748222477,2.5679404797322967,-0.03139136005819182,1.3004227844889868,1.2464685191251461
93.31,2.497050455518754,2.564222004524403,-0.030815397964161922,1.3046297265972935,1.2465490788381648
93.38,2.50210233621526,2.5605035293165104,-0.030222345008243265,1.3088366687055992,1.2466296385511835
93.45,2.5071542169117667,2.556785054108617,-0.029612303684682383,1.3130436108139059,1.2467101982642022
93.52,2.512206097608272,2.553066578900723,-0.028985376487726186,1.3172505529222116,1.2467907579772208
93.59,2.517257978304779,2.5493481036928296,-0.02834166591162128,1.3214574950305185,1.2468713176902395
93.66,2.5223098590012842,2.545629628484937,-0.027681274450614572,1.3256644371388242,1.2469518774032582
93.73,2.527361739697791,2.5419111532770433,-0.027004304598952564,1.3298713792471308,1.2470324371162769
93.8,2.5324136203942964,2.53819267806915,-0.026310858850882284,1.3340783213554366,1.2471129968292956
93.87,2.537465501090803,2.5344742028612566,-0.025601039700650197,1.3382852634637434,1.2471935565423142
93.94,2.5425173817873086,2.5307557276533634,-0.02487494964250333,1.3424922055720492,1.247274116255333
94.01,2.547569262483815,2.52703725244547,-0.024132691170688142,1.3466991476803558,1.2473546759683516
94.08,2.552621143180321,2.5233187772375767,-0.023374366779451664,1.3509060897886616,1.2474352356813703
94.15,2.5576730238768275,2.5196003020296827,-0.022600078963040338,1.3551130318969682,1.247515795394389
94.22,2.562724904573333,2.51588182682179,-0.02180993021570121,1.3593199740052742,1.2475963551074076
94.29,2.5677767852698397,2.5121633516138964,-0.021004023031680717,1.3635269161135808,1.2476769148204263
94.36,2.572828665966345,2.508444876406003,-0.020182459905225922,1.3677338582218865,1.247757474533445
94.43,2.577880546662852,2.5047264011981096,-0.019345343330583253,1.371940800330193,1.2478380342464634
94.5,2.5829324273593572,2.5010079259902165,-0.018492775801999768,1.376147742438499,1.2479185939594823
94.57,2.5879843080558627,2.497289450782324,-0.01762485981372206,1.3803546845468049,1.247999153672501
94.64,2.5930361887523694,2.49357097557443,-0.016741697859996702,1.3845616266551115,1.2480797133855197
94.71,2.598088069448875,2.489852500366537,-0.01584339243507079,1.3887685687634173,1.2481602730985384
94.78,2.6031399501453816,2.4861340251586435,-0.014930046033190687,1.3929755108717239,1.248240832811557
94.85,2.608191830841887,2.4824155499507503,-0.01400176114860348,1.3971824529800296,1.2483213925245757
94.92,2.6132437115383933,2.4786970747428567,-0.013058640275555622,1.4013893950883363,1.2484019522375942
94.99,2.6182955922348996,2.4749785995349636,-0.012100785908294128,1.4055963371966422,1.2484825119506129
95.06,2.623347472931406,2.4712601243270695,-0.011128300541065487,1.4098032793049486,1.2485630716636316
95.13,2.6283993536279118,2.4675416491191773,-0.01014128666811671,1.4140102214132546,1.2486436313766502
95.2,2.6334512343244176,2.4638231739112832,-0.009139846783694238,1.4182171635215612,1.248724191089669
95.27,2.638503115020923,2.46010469870339,-0.008124083382045157,1.4224241056298672,1.2488047508026876
95.34,2.6435549957174302,2.4563862234954965,-0.0070940989574158255,1.4266310477381736,1.248885310515706
95.41,2.6486068764139357,2.4526677482876034,-0.006049996004053376,1.4308379898464796,1.2489658702287252
95.48,2.653658757110442,2.4489492730797098,-0.004991877016204172,1.435044931954786,1.2490464299417436
95.55,2.658710637806948,2.445230797871817,-0.003919844488115392,1.4392518740630917,1.2491269896547623
95.62,2.6637625185034546,2.4415123226639235,-0.0028340009140333036,1.4434588161713986,1.249207549367781
95.69,2.66881439919996,2.4377938474560303,-0.0017344487882050893,1.4476657582797043,1.2492881090807997
95.76,2.6738662798964663,2.4340753722481363,-0.0006212906048770703,1.451872700388011,1.2493686687938181
95.83,2.678918160592972,2.4303568970402436,0.0005053711417035527,1.4560796424963167,1.2494492285068368
95.9,2.683970041289479,2.42663842183235,0.0016454339572904986,1.4602865846046236,1.2495297882198555
95.97,2.6890219219859843,2.422919946624457,0.0027987953476365686,1.4644935267129293,1.2496103479328742
96.04,2.6940738026824906,2.4192014714165633,0.003965352818495468,1.468700468821236,1.2496909076458929
96.11,2.6991256833789965,2.41548299620867,0.005145003875620021,1.4729074109295417,1.2497714673589115
96.18,2.704177564075503,2.4117645210007765,0.00633764602476395,1.4771143530378485,1.2498520270719304
96.25,2.709229444772008,2.4080460457928834,0.007543176771679969,1.4813212951461543,1.249932586784949
96.32,2.714281325468514,2.4043275705849907,0.008761493622121634,1.48552823725446,1.2500131464979676
96.39,2.719333206165021,2.4006090953770967,0.009992494081842447,1.4897351793627667,1.2500937062109863
96.46,2.7243850868615263,2.396890620169204,0.011236075656595151,1.4939421214710724,1.250174265924005
96.53,2.729436967558033,2.3931721449613104,0.012492135852133525,1.498149063579379,1.2502548256370236
96.6,2.7344888482545384,2.3894536697534177,0.01376057217421027,1.502356005687685,1.2503353853500423
96.67,2.739540728951045,2.385735194545523,0.01504128212857922,1.5065629477959916,1.250415945063061
96.74,2.7445926096475506,2.3820167193376305,0.01633416322099305,1.5107698899042974,1.2504965047760797
96.81,2.749644490344057,2.378298244129737,0.017639112957205584,1.514976832012604,1.2505770644890983
96.88,2.7546963710405623,2.3745797689218437,0.01895602884296956,1.5191837741209098,1.250657624202117
96.95,2.7597482517370695,2.37086129371395,0.02028480838403871,1.5233907162292166,1.2507381839151357
97.02,2.7648001324335745,2.367142818506057,0.021625349086165806,1.5275976583375224,1.2508187436281544
97.09,2.7698520131300817,2.3634243432981634,0.022977548455104604,1.531804600445829,1.250899303341173
97.16,2.774903893826587,2.3597058680902703,0.024341303996607833,1.5360115425541347,1.2509798630541917
97.23,2.7799557745230934,2.355987392882377,0.025716513216429326,1.5402184846624416,1.2510604227672104
97.3,2.7850076552195993,2.3522689176744835,0.027103073620321726,1.5444254267707473,1.251140982480229
97.37,2.7900595359161056,2.34855044246659,0.028500882714038927,1.548632368879054,1.2512215421932478
97.44,2.7951114166126114,2.3448319672586972,0.02990983800333357,1.5528393109873597,1.2513021019062665
97.51,2.8001632973091177,2.341113492050803,0.031329836993959456,1.5570462530956664,1.2513826616192851
97.58,2.8052151780056236,2.3373950168429105,0.03276077719166932,1.5612531952039723,1.2514632213323038
97.65,2.775098515416804,2.3140880006360387,0.034202556102216966,1.565460137312279,1.2515437810453225
97.72,2.744981852827991,2.2907809844291718,0.03565507123135507,1.5696670794205847,1.251624340758341
97.79,2.7148651902391716,2.2674739682223,0.03711822008483749,1.5738740215288913,1.2517049004713598
97.86,2.684748527650358,2.2441669520154326,0.0385919001684169,1.578080963637197,1.2517854601843785
97.93,2.654631865061539,2.220859935808561,0.040076008987847106,1.582287905745504,1.2518660198973972
98.0,2.6245152024727254,2.1975529196016934,0.04157044404888078,1.5864948478538097,1.2519465796104159
98.07,2.5943985398839122,2.1742459033948265,0.043075102857271536,1.5907017899621154,1.2520271393234343
98.14,2.5642818772950924,2.1509388871879547,0.044589882918772854,1.594908732070422,1.252107699036453
98.21,2.534165214706279,2.1276318709810877,0.04611468173913743,1.5991156741787278,1.2521882587494717
98.28,2.50404855211746,2.1043248547742155,0.04764939682411914,1.6033226162870349,1.2522688184624904
98.35,2.4739318895286466,2.081017838567349,0.04919392567947054,1.6075295583953404,1.252349378175509
98.42,2.443815226939827,2.0577108223604768,0.05074816581094562,1.6117365005036473,1.2524299378885277
98.49,2.4136985643510136,2.0344038061536094,0.05231201472429697,1.615943442611953,1.2525104976015464
98.56,2.383581901762194,2.011096789946738,0.053885369925278426,1.6201503847202599,1.2525910573145653
98.63,2.353465239173381,1.9877897737398709,0.05546812891964268,1.6243573268285656,1.2526716170275838
98.7,2.323348576584561,1.964482757532999,0.05706018921314357,1.6285642689368722,1.2527521767406025
98.77,2.293231913995748,1.941175741326132,0.05866144831153375,1.632771211045178,1.2528327364536211
98.84,2.2631152514069286,1.9178687251192603,0.06027180372056712,1.6369781531534846,1.2529132961666398
98.91,2.232998588818115,1.894561708912393,0.06189115294599626,1.6411850952617906,1.2529938558796585
98.98,2.2028819262292956,1.8712546927055214,0.0635193934935751,1.6453920373700972,1.2530744155926772
99.05,2.172765263640482,1.847947676498654,0.06515642286905624,1.649598979478403,1.2531549753056959
99.12,2.142648601051663,1.8246406602917822,0.06680213857819359,1.6538059215867094,1.2532355350187143
99.19,2.1125319384628494,1.801333644084915,0.06845643812673972,1.6580128636950153,1.2533160947317332
99.26,2.08241527587403,1.7780266278780434,0.07011921902044857,1.662219805803322,1.253396654444752
99.33,2.0522986132852163,1.754719611671176,0.07179037876507277,1.666426747911628,1.2534772141577706
99.4,2.0221819506963974,1.7314125954643045,0.07346981486636621,1.6706336900199343,1.253557773870789
99.47,1.9920652881075838,1.7081055792574373,0.07515742483008145,1.6748406321282403,1.2536383335838077
99.54,1.9619486255187644,1.6847985630505655,0.07685310616197248,1.679047574236547,1.2537188932968264
99.61,1.931831962929951,1.6614915468436982,0.0785567563677918,1.683254516344853,1.2537994530098453
99.68,1.9017153003411318,1.6381845306368266,0.08026827295329339,1.6874614584531593,1.2538800127228638
99.75,1.8715986377523182,1.6148775144299592,0.08198755342422982,1.691668400561465,1.2539605724358824
99.82,1.841481975163505,1.5915704982230923,0.0837144952863547,1.695875342669771,1.2540411321489011
99.89,1.8113653125746851,1.5682634820162202,0.08544899604542165,1.7000822847780774,1.2541216918619196
99.96,1.7812486499858722,1.5449564658093533,0.08719095320718317,1.7042892268863836,1.2542022515749387
100.03,1.751131987397053,1.5216494496024815,0.0889402642773933,1.70849616899469,1.2542828112879572
100.1,1.7210153248082394,1.4983424333956143,0.09069682676180447,1.712703111102996,1.2543633710009758
100.17,1.6908986622194202,1.4750354171887428,0.09246053816617077,1.7169100532113024,1.2544439307139945
100.24,1.6607819996306066,1.4517284009818754,0.09423129599624466,1.7211169953196086,1.2545244904270132
100.31,1.6306653370417874,1.4284213847750038,0.09600899775778016,1.725323937427915,1.2546050501400317
100.38,1.6005486744529738,1.4051143685681364,0.09779354095652978,1.7295308795362208,1.2546856098530506
100.45,1.5704320118641546,1.3818073523612646,0.0995848230982475,1.7337378216445274,1.2547661695660692
100.52,1.540315349275341,1.3585003361543975,0.10138274168868587,1.7379447637528331,1.2548467292790877
100.59,1.5101986866865218,1.3351933199475259,0.10318719423359884,1.74215170586114,1.2549272889921064
100.66,1.4800820240977082,1.3118863037406585,0.104998078238739,1.7463586479694457,1.255007848705125
100.73,1.449965361508889,1.288579287533787,0.10681529120986027,1.7505655900777524,1.255088408418144
100.8,1.4198486989200754,1.2652722713269196,0.1086387306527152,1.754772532186058,1.2551689681311626
100.87,1.3897320363312562,1.241965255120048,0.11046829407305779,1.7589794742943647,1.2552495278441813
100.94,1.3596153737424426,1.2186582389131806,0.11230387897664054,1.7631864164026707,1.2553300875571998
101.01,1.3294987111536234,1.195351222706309,0.11414538286921747,1.7673933585109773,1.2554106472702184
101.08,1.2993820485648098,1.1720442064994416,0.11599270325654107,1.771600300619283,1.2554912069832371
101.15,1.2692653859759906,1.14873719029257,0.11784573764436536,1.7758072427275897,1.255571766696256
101.22,1.239148723387177,1.125430174085703,0.11970438353844282,1.7800141848358955,1.2556523264092745
101.29,1.2090320607983576,1.102123157878831,0.1215685384445275,1.7842211269442023,1.2557328861222932
101.36,1.1789153982095444,1.078816141671964,0.12343809986837181,1.788428069052508,1.2558134458353118
101.43,1.1487987356207248,1.0555091254650921,0.1253129653157299,1.7926350111608147,1.2558940055483305
101.5,1.1186820730319116,1.0322021092582252,0.1271930322923542,1.7968419532691204,1.2559745652613494
101.57,1.088565410443098,1.0088950930513578,0.12907819830399833,1.8010488953774262,1.2560551249743679
101.64,1.0584487478542788,0.9855880768444861,0.13096836085641594,1.805255837485733,1.2561356846873866
101.71,1.0283320852654652,0.9622810606376188,0.1328634174553595,1.8094627795940388,1.2562162444004052
101.78,0.998215422676646,0.9389740444307471,0.13476326560658308,1.8136697217023454,1.256296804113424
101.85,0.9680987600878324,0.9156670282238799,0.13666780281583912,1.8178766638106512,1.2563773638264424
101.92,0.9379820974990132,0.8923600120170083,0.1385769265888817,1.822083605918958,1.2564579235394613
101.99,0.9078654349101996,0.869052995810141,0.14049053443146328,1.8262905480272638,1.25653848325248
102.06,0.8777487723213802,0.8457459796032692,0.14240852384933786,1.8304974901355704,1.2566190429654986
102.13,0.8476321097325668,0.8224389633964021,0.14433079234825794,1.8347044322438761,1.256699602678517
102.2,0.8175154471437474,0.7991319471895302,0.14625723743397762,1.8389113743521828,1.2567801623915358
102.27,0.7873987845549341,0.7758249309826633,0.14818775661224926,1.8431183164604887,1.2568607221045545
102.34,0.7572821219661146,0.7525179147757912,0.1501222473888269,1.8473252585687954,1.2569412818175734
102.41,0.7271654593773013,0.7292108985689243,0.15206060726946313,1.8515322006771011,1.257021841530592
102.48,0.6970487967884818,0.7059038823620524,0.15400273375991197,1.8557391427854077,1.2571024012436107
102.55,0.6669321341996685,0.6825968661551852,0.15594852436592577,1.8599460848937135,1.2571829609566292
102.62,0.636815471610849,0.6592898499483135,0.15789787659325866,1.8641530270020203,1.2572635206696479
102.69,0.6066988090220357,0.6359828337414463,0.1598506879476631,1.868359969110326,1.2573440803826668
102.76,0.5765821464332163,0.6126758175345746,0.1618068559348932,1.8725669112186327,1.2574246400956854
102.83,0.5464654838444029,0.5893688013277074,0.1637662780607013,1.8767738533269385,1.257505199808704
102.9,0.5163488212555835,0.5660617851208356,0.1657288518308415,1.8809807954352453,1.2575857595217226
102.97,0.48623215866677005,0.5427547689139685,0.16769447475106625,1.885187737543551,1.2576663192347413
103.04,0.45611549607795066,0.5194477527070966,0.16966304432712967,1.8893946796518577,1.25774687894776
103.11,0.42599883348913725,0.4961407365002295,0.17163445806478417,1.8936016217601634,1.2578274386607788
103.18,0.39588217090031785,0.4728337202933578,0.1736086134697838,1.89780856386847,1.2579079983737975
103.25,0.36576550831150445,0.4495267040864906,0.17558540804788103,1.902015505976776,1.257988558086816
103.32,0.33564884572269116,0.42621968787962355,0.1775647393048294,1.9062224480850818,1.2580691177998347
103.39,0.30553218313387165,0.4029126716727516,0.17954650474638284,1.9104293901933884,1.2581496775128533
103.46,0.27541552054505836,0.37960565546588454,0.18153060187829353,1.9146363323016942,1.258230237225872
103.53,0.24529885795623885,0.3562986392590126,0.18351692820631565,1.9188432744100008,1.2583107969388907
103.6,0.21518219536742555,0.3329916230521456,0.18550538123620167,1.9230502165183068,1.2583913566519094
103.67,0.18506553277860605,0.3096846068452737,0.18749585847370565,1.9272571586266134,1.258471916364928
103.74,0.15494887018979275,0.2863775906384067,0.18948825742457992,1.9314641007349191,1.2585524760779465
103.81,0.12483220760097324,0.26307057443153475,0.19148247559457868,1.9356710428432258,1.2586330357909652
103.88,0.09471554501215995,0.23976355822466777,0.19347841048945436,1.9398779849515315,1.258713595503984
103.95,0.06459888242334055,0.21645654201779596,0.19547595961496095,1.9440849270598384,1.2587941552170026
104.02,0.03448221983452704,0.1931495258109287,0.19747502047685098,1.9482918691681443,1.2588747149300215
104.09,0.004365557245707863,0.169842509604057,0.19947549058087843,1.9524988112764508,1.25895527464304
104.16,-0.025751105343105762,0.1465354933971898,0.20147726743279584,1.9567057533847567,1.2590358343560586
104.23,-0.05586776793192505,0.12322847719031804,0.20348024853835722,1.9609126954930631,1.2591163940690773
104.3,-0.08598443052073856,0.0999214609834509,0.20548433140331504,1.9651196376013693,1.2591969537820962
104.37,-0.11610109310955785,0.07661444477657903,0.2074894135334234,1.9693265797096757,1.2592775134951146
104.44,-0.14621775569837137,0.053307428569711934,0.2094953924344346,1.9735335218179815,1.2593580732081333
104.51,-0.17633441828719065,0.030000412362840234,0.21150216561210283,1.977740463926288,1.259438632921152
104.58,-0.20645108087600395,0.00669339615597303,0.21350963057218053,1.9819474060345939,1.2595191926341704
104.65,-0.23656774346482345,-0.01661362005089878,0.21551768482042175,1.9861543481429007,1.2595997523471891
104.72,-0.26668440605363675,-0.03992063625776593,0.21752622586257891,1.9903612902512064,1.259680312060208
104.79,-0.29680106864245626,-0.06322765246463768,0.21953515120440614,1.994568232359513,1.2597608717732267
104.86,-0.3269177312312696,-0.08653466867150483,0.2215443583516559,1.998775174467819,1.2598414314862454
104.93,-0.35703439382008906,-0.10984168487837664,0.22355374481008214,2.0029821165761255,1.259921991199264
105.0,-0.3871510564089024,-0.13314870108524385,0.2255632080854373,2.0071890586844314,1.2600025509122825
105.07,-0.4172677189977158,-0.15645571729211094,0.22757264568347524,2.011396000792737,1.2600831106253014
105.14,-0.4473843815865352,-0.1797627334989827,0.22958195510994941,2.015602942901044,1.26016367033832
105.21,-0.4775010441753486,-0.20306974970584984,0.23159103387061236,2.0198098850093493,1.2602442300513386
105.28,-0.507617706764168,-0.2263767659127216,0.23359977947121813,2.024016827117656,1.2603247897643572
105.35,-0.5377343693529815,-0.2496837821195888,0.2356080894175192,2.0282237692259617,1.260405349477376
105.42,-0.5678510319418008,-0.27299079832646056,0.23761586121526956,2.032430711334269,1.2604859091903948
105.49,-0.5979676945306143,-0.29629781453332776,0.23962299237022172,2.0366376534425745,1.2605664689034133
105.56,-0.6280843571194334,-0.3196048307401995,0.2416293803881297,2.0408445955508814,1.260647028616432
105.63,-0.6582010197082471,-0.34291184694706667,0.24363492277474605,2.045051537659187,1.2607275883294506
105.7,-0.6883176822970664,-0.3662188631539385,0.2456395170358247,2.0492584797674938,1.2608081480424693
105.77,-0.7184343448858799,-0.3895258793608056,0.24764306067711817,2.0534654218757993,1.2608887077554882
105.84,-0.7485510074746992,-0.4128328955676774,0.24964545120438053,2.057672363984106,1.260969267468507
105.91,-0.7786676700635127,-0.4361399117745446,0.2516465861233642,2.0618793060924117,1.2610498271815254
105.98,-0.808784332652332,-0.45944692798141634,0.25364636293982323,2.0660862482007185,1.261130386894544
106.05,-0.8389009952411455,-0.48275394418828343,0.2556446791595102,2.070293190309024,1.2612109466075627
106.12,-0.8690176578299648,-0.5060609603951554,0.25764143228817893,2.0745001324173313,1.2612915063205814
106.19,-0.8991343204187783,-0.5293679766020224,0.25963651983158204,2.078707074525637,1.2613720660336
106.26,-0.9292509830075976,-0.5526749928088942,0.2616298392954736,2.0829140166339437,1.2614526257466188
106.33,-0.9593676455964111,-0.5759820090157614,0.26362128818560593,2.0871209587422492,1.2615331854596374
106.4,-0.9894843081852304,-0.599289025222633,0.26561076400773326,2.091327900850556,1.2616137451726561
106.47,-0.9950376997424633,-0.6127999369715145,0.2675981402185065,2.087454023134011,1.2597018067110772
106.54,-1.0005910912996971,-0.6263108487203987,0.26958319407817216,2.083580145417465,1.257789868249498
106.61,-1.0061444828569301,-0.6398217604692801,0.27156567879787397,2.079706267700921,1.255877929787919
106.68,-1.011697874414164,-0.6533326722181643,0.2735453475887568,2.0758323899843747,1.2539659913263397
106.75,-1.0172512659713968,-0.6668435839670457,0.2755219536619646,2.0719585122678295,1.2520540528647606
106.82,-1.0228046575286298,-0.6803544957159271,0.27749525022864163,2.0680846345512847,1.2501421144031817
106.89,-1.0283580490858637,-0.6938654074648113,0.2794649904999329,2.0642107568347394,1.2482301759416023
106.96,-1.0339114406430965,-0.7073763192136927,0.28143092768698197,2.0603368791181946,1.2463182374800235
107.03,-1.0394648322003306,-0.7208872309625768,0.2833928150009338,2.0564630014016485,1.2444062990184441
107.1,-1.0450182237575636,-0.7343981427114582,0.2853504056529322,2.0525891236851037,1.2424943605568652
107.17,-1.0505716153147975,-0.7479090544603424,0.2873034528541221,2.0487152459685576,1.240582422095286
107.24,-1.0561250068720303,-0.7614199662092238,0.2892517098156471,2.0448413682520132,1.238670483633707
107.31,-1.0616783984292641,-0.7749308779581079,0.2911949297486522,2.0409674905354676,1.2367585451721277
107.38,-1.0672317899864971,-0.7884417897069893,0.29313286586428094,2.0370936128189223,1.2348466067105488
107.45,-1.0727851815437313,-0.8019527014558735,0.2950652713736788,2.0332197351023766,1.2329346682489695
107.52,-1.078338573100964,-0.8154636132047548,0.29699189948798893,2.029345857385832,1.2310227297873906
107.59,-1.0838919646581981,-0.8289745249536391,0.2989125034183566,2.025471979669286,1.2291107913258112
107.66,-1.089445356215431,-0.8424854367025205,0.3008268363759255,2.0215981019527414,1.2271988528642324
107.73,-1.0949987477726648,-0.8559963484514046,0.3027346515718405,2.0177242242361952,1.225286914402653
107.8,-1.1005521393298978,-0.8695072602002861,0.30463570221724545,2.0138503465196504,1.223374975941074
107.87,-1.106105530887132,-0.8830181719491701,0.30652974152328516,2.009976468803105,1.2214630374794948
107.94,-1.1116589224443647,-0.8965290836980516,0.30841652270110326,2.00610259108656,1.2195510990179157
108.01,-1.1172123140015986,-0.9100399954469358,0.31029579896184517,2.0022287133700143,1.2176391605563364
108.08,-1.1227657055588314,-0.9235509071958172,0.31216732351665394,1.9983548356534695,1.2157272220947575
108.15,-1.1283190971160655,-0.9370618189447013,0.3140308495766751,1.9944809579369236,1.2138152836331781
108.22,-1.1338724886732983,-0.9505727306935827,0.31588613035305196,1.9906070802203786,1.2119033451715993
108.29,-1.1394258802305322,-0.9640836424424669,0.3177329190569299,1.986733202503833,1.20999140671002
108.36,-1.1449792717877652,-0.9775945541913483,0.31957096889945213,1.982859324787288,1.208079468248441
108.43,-1.150532663344999,-0.9911054659402325,0.32140003309176407,1.9789854470707422,1.2061675297868617
108.5,-1.156086054902232,-1.0046163776891137,0.32321986484500903,1.9751115693541974,1.2042555913252828
108.57,-1.1616394464594648,-1.0181272894379954,0.32503021737033194,1.9712376916376524,1.202343652863704
108.64,-1.1671928380166987,-1.0316382011868794,0.3268308438788774,1.9673638139211067,1.2004317144021246
108.71,-1.1727462295739315,-1.0451491129357608,0.32862149758178916,1.963489936204562,1.1985197759405455
108.78,-1.1782996211311656,-1.0586600246846452,0.3304019316902121,1.959616058488016,1.1966078374789664
108.85,-1.1838530126883986,-1.0721709364335263,0.3321718994152898,1.9557421807714714,1.1946958990173873
108.92,-1.1894064042456325,-1.0856818481824104,0.3339311539681676,1.9518683030549255,1.1927839605558082
108.99,-1.1949597958028655,-1.099192759931292,0.3356794485599887,1.9479944253383805,1.190872022094229
109.06,-1.2005131873600994,-1.1127036716801761,0.3374165364018985,1.9441205476218348,1.1889600836326497
109.13,-1.2060665789173322,-1.1262145834290576,0.3391421707050406,1.94024666990529,1.1870481451710708
109.2,-1.2116199704745663,-1.1397254951779416,0.34085610468055977,1.9363727921887444,1.1851362067094915
109.27,-1.2171733620317993,-1.153236406926823,0.3425580915396,1.9324989144721993,1.1832242682479128
109.34,-1.2227267535890332,-1.1667473186757071,0.34424788449330596,1.9286250367556539,1.1813123297863333
109.41,-1.228280145146266,-1.1802582304245888,0.34592523675282166,1.9247511590391087,1.1794003913247544
109.48,-1.2338335367035,-1.1937691421734729,0.34758990152929187,1.920877281322563,1.177488452863175
109.55,-1.2393869282607328,-1.2072800539223543,0.34924163203386027,1.9170034036060182,1.1755765144015962
109.62,-1.244940319817967,-1.2207909656712386,0.350880181477672,1.9131295258894725,1.1736645759400168
109.69,-1.2504937113751997,-1.2343018774201198,0.3525053030718706,1.9092556481729275,1.171752637478438
109.76,-1.2560471029324336,-1.2478127891690038,0.3541167500276011,1.9053817704563818,1.1698406990168586
109.83,-1.2616004944896666,-1.2613237009178855,0.3557142755560073,1.9015078927398368,1.1679287605552797
109.9,-1.2671538860469005,-1.2748346126667696,0.3572976328682342,1.8976340150232913,1.1660168220937004
109.97,-1.2727072776041335,-1.288345524415651,0.3588665751754251,1.8937601373067463,1.1641048836321213
110.04,-1.2782606691613674,-1.301856436164535,0.3604208556887254,1.8898862595902006,1.1621929451705422
110.11,-1.2838140607186004,-1.3153673479134165,0.36196022761927865,1.8860123818736556,1.160281006708963
110.18,-1.289367452275834,-1.3288782596623006,0.3634844441782298,1.8821385041571097,1.158369068247384
110.25,-1.2949208438330673,-1.342389171411182,0.36499325857672266,1.8782646264405651,1.1564571297858048
110.32,-1.3004742353903,-1.3559000831600634,0.3664864240259017,1.8743907487240201,1.1545451913242262
110.39,-1.3060276269475342,-1.3694109949089477,0.3679636937369117,1.8705168710074747,1.1526332528626466
110.46,-1.311581018504767,-1.3829219066578289,0.36942482092089635,1.8666429932909294,1.1507213144010677
110.53,-1.3171344100620008,-1.3964328184067132,0.37086955878900063,1.8627691155743835,1.1488093759394884
110.6,-1.3226878016192338,-1.4099437301555946,0.37229766055236824,1.858895237857839,1.1468974374779095
110.67,-1.3282411931764675,-1.4234546419044787,0.37370887942214415,1.855021360141293,1.1449854990163302
110.74,-1.3337945847337007,-1.4369655536533603,0.3751029686094719,1.8511474824247485,1.1430735605547515
110.81,-1.3393479762909346,-1.4504764654022444,0.3764796813254967,1.8472736047082026,1.1411616220931722
110.88,-1.3449013678481674,-1.4639873771511256,0.37783877078136224,1.8433997269916576,1.139249683631593
110.95,-1.3504547594054013,-1.47749828890001,0.37918006269460497,1.8395258492751119,1.1373377451700137
111.02,-1.3560081509626343,-1.4910092006488913,0.380503672808327,1.835651971558567,1.1354258067084348
111.09,-1.3615615425198682,-1.5045201123977756,0.38180978937202315,1.8317780938420212,1.1335138682468555
111.16,-1.367114934077101,-1.518031024146657,0.383098600635187,1.8279042161254762,1.1316019297852764
111.23,-1.372668325634335,-1.5315419358955409,0.38437029484731333,1.8240303384089307,1.1296899913236975
111.3,-1.378221717191568,-1.5450528476444225,0.3856250602578961,1.8201564606923857,1.1277780528621182
111.37,-1.383775108748802,-1.5585637593933064,0.38686308511642986,1.81628258297584,1.1258661144005389
111.44,-1.3893285003060347,-1.5720746711421878,0.38808455767240835,1.8124087052592952,1.1239541759389602
111.51,-1.3948818918632688,-1.5855855828910723,0.38928966617532645,1.8085348275427495,1.1220422374773806
111.58,-1.4004352834205016,-1.5990964946399537,0.3904785988746778,1.8046609498262043,1.1201302990158017
111.65,-1.4059886749777357,-1.6126074063888378,0.39165154401995705,1.8007870721096588,1.1182183605542224
111.72,-1.4115420665349685,-1.6261183181377192,0.39280868986065826,1.7969131943931138,1.1163064220926435
111.79,-1.4170954580922026,-1.6396292298866033,0.3939502246462759,1.7930393166765681,1.1143944836310642
111.86,-1.4226488496494354,-1.6531401416354847,0.39507633662630376,1.7891654389600233,1.1124825451694855
111.93,-1.4282022412066693,-1.6666510533843688,0.3961872140502366,1.7852915612434777,1.1105706067079062
112.0,-1.4337556327639023,-1.6801619651332502,0.39728304516756824,1.7814176835269326,1.108658668246327
112.07,-1.439309024321135,-1.6936728768821316,0.3983640182277931,1.7775438058103876,1.1067467297847482
112.14,-1.4448624158783692,-1.7071837886310157,0.39943032148040564,1.773669928093842,1.1048347913231689
112.21,-1.450415807435602,-1.7206947003798974,0.4004821431748997,1.7697960503772971,1.10292285286159
112.28,-1.455969198992836,-1.7342056121287814,0.40151967156076995,1.7659221726607515,1.1010109144000106
112.35,-1.4615225905500688,-1.7477165238776629,0.4025430948875103,1.7620482949442065,1.0990989759384315
112.42,-1.4670759821073027,-1.761227435626547,0.40355260140461524,1.7581744172276608,1.0971870374768522
112.49,-1.4726293736645357,-1.7747383473754283,0.4045483793615788,1.7543005395111158,1.0952750990152735
112.56,-1.4781827652217696,-1.7882492591243124,0.4055306170078953,1.7504266617945703,1.0933631605536942
112.63,-1.4837361567790026,-1.8017601708731938,0.40649950259305884,1.7465527840780253,1.0914512220921153
112.7,-1.4892895483362367,-1.8152710826220784,0.40745522436656423,1.7426789063614798,1.089539283630536
112.77,-1.4948429398934695,-1.8287819943709596,0.4083979705779049,1.7388050286449346,1.087627345168957
112.84,-1.5003963314507034,-1.8422929061198439,0.40932792947657587,1.7349311509283887,1.0857154067073775
112.91,-1.5059497230079362,-1.8558038178687253,0.4102452893120707,1.731057273211844,1.0838034682457989
112.98,-1.5115031145651703,-1.8693147296176091,0.4111502383338843,1.7271833954952982,1.0818915297842195
113.05,-1.5170565061224028,-1.8828256413664908,0.4120429647915102,1.7233095177787534,1.0799795913226404
113.12,-1.522609897679637,-1.8963365531153746,0.41292365693444333,1.7194356400622075,1.078067652861061
113.19,-1.52816328923687,-1.909847464864256,0.41379250301217735,1.7155617623456627,1.0761557143994822
113.26,-1.5337166807941038,-1.9233583766131406,0.41464969127420703,1.711687884629117,1.0742437759379029
113.33,-1.5392700723513368,-1.9368692883620215,0.41549540997002615,1.707814006912572,1.072331837476324
113.4,-1.5448234639085707,-1.950380200110906,0.41632984734912926,1.7039401291960263,1.0704198990147449
113.47,-1.5503768554658037,-1.9638911118597875,0.41715319166101056,1.7000662514794813,1.0685079605531655
113.54,-1.5559302470230376,-1.9774020236086716,0.4179656311551643,1.6961923737629356,1.0665960220915864
113.61,-1.5614836385802704,-1.990912935357553,0.4187673540810845,1.6923184960463908,1.0646840836300075
113.68,-1.5670370301375045,-2.004423847106437,0.41955854868826575,1.6884446183298452,1.0627721451684282
113.75,-1.5725904216947373,-2.0179347588553185,0.4203394032262019,1.6845707406133004,1.0608602067068493
113.82,-1.57814381325197,-2.0314456706042,0.42111010594438747,1.6806968628967554,1.0589482682452702
113.89,-1.5836972048092042,-2.044956582353084,0.42187084509231704,1.6768229851802094,1.0570363297836909
113.96,-1.5892505963664372,-2.058467494101966,0.422621808919484,1.6729491074636647,1.0551243913221122
114.03,-1.594803987923671,-2.0719784058508495,0.42336318567538345,1.669075229747119,1.0532124528605327
114.1,-1.6003573794809038,-2.085489317599731,0.424095163609509,1.6652013520305742,1.051300514398954
114.17,-1.605910771038138,-2.099000229348615,0.42481793097135523,1.6613274743140285,1.0493885759373747
114.24,-1.6114641625953707,-2.1125111410974964,0.4255316760104162,1.6574535965974833,1.0474766374757956
114.31,-1.6170175541526046,-2.126022052846381,0.4262365869761864,1.6535797188809378,1.0455646990142162
114.38,-1.6225709457098376,-2.1395329645952623,0.42693285211815984,1.6497058411643928,1.0436527605526373
114.45,-1.6281243372670717,-2.1530438763441464,0.42762065968583096,1.645831963447847,1.0417408220910582
114.52,-1.6336777288243045,-2.166554788093028,0.42830019792869384,1.641958085731302,1.0398288836294791
114.59,-1.6392311203815386,-2.180065699841912,0.4289716550962428,1.6380842080147564,1.0379169451678998
114.66,-1.6447845119387714,-2.1935766115907933,0.4296352194379721,1.6342103302982116,1.036005006706321
114.73,-1.6503379034960055,-2.207087523339677,0.4302910792033759,1.630336452581666,1.0340930682447416
114.8,-1.655891295053238,-2.2205984350885584,0.4309394226419485,1.626462574865121,1.0321811297831627
114.87,-1.6614446866104722,-2.234109346837443,0.43158043800318435,1.6225886971485752,1.0302691913215833
114.94,-1.666998078167705,-2.2476202585863243,0.4322143135365772,1.6187148194320302,1.0283572528600042
115.01,-1.672551469724939,-2.261131170335209,0.4328412374916218,1.6148409417154845,1.0264453143984251
115.08,-1.678104861282172,-2.2746420820840902,0.43346139811781204,1.6109670639989397,1.0245333759368462
115.15,-1.6836582528394057,-2.288152993832974,0.4340749836646424,1.6070931862823938,1.0226214374752667
115.22,-1.689211644396639,-2.3016639055818553,0.4346821823816072,1.6032193085658493,1.020709499013688
115.29,-1.6947650359538728,-2.31517481733074,0.4352831825182003,1.5993454308493034,1.0187975605521087
115.36,-1.7003184275111054,-2.3140174464397285,0.43587815986392925,1.5954715531327586,1.0168856220905296
115.43,-1.7058718190683395,-2.3128600755487168,0.43646724036835394,1.5915976754162127,1.0149736836289502
115.5,-1.7114252106255723,-2.3117027046577063,0.4370505375210471,1.5877237976996676,1.0130617451673714
115.57,-1.7169786021828055,-2.3105453337666946,0.43762816481158145,1.583849919983123,1.0111498067057927
115.64,-1.7225319937400392,-2.309387962875683,0.43820023572953,1.5799760422665772,1.0092378682442131
115.71,-1.7280853852972724,-2.3082305919846724,0.43876686376446566,1.5761021645500324,1.0073259297826342
115.78,-1.733638776854506,-2.3070732210936606,0.4393281624059613,1.5722282868334865,1.005413991321055
115.85,-1.7391921684117388,-2.3059158502026493,0.4398842451435895,1.5683544091169417,1.003502052859476
115.92,-1.744745559968973,-2.3047584793116376,0.4404352254669232,1.564480531400396,1.0015901143978967
115.99,-1.7502989515262057,-2.3036011084206267,0.44098121686553543,1.560606653683851,0.9996781759363177
116.06,-1.7558523430834398,-2.3024437375296154,0.4415223328289989,1.5567327759673053,0.9977662374747384
116.13,-1.7614057346406726,-2.3012863666386036,0.4420586868468864,1.5528588982507603,0.9958542990131596
116.2,-1.7669591261979067,-2.3001289957475923,0.442590392408771,1.5489850205342146,0.9939423605515803
116.27,-1.7725125177551395,-2.298971624856581,0.4431175630042253,1.5451111428176698,0.9920304220900013
116.34,-1.7780659093123736,-2.2978142539655697,0.4436403121228224,1.5412372651011241,0.990118483628422
116.41,-1.7836193008696064,-2.2966568830745584,0.44415875325413484,1.5373633873845791,0.988206545166843
116.48,-1.7891726924268405,-2.295499512183547,0.44467299988773595,1.5334895096680334,0.9862946067052636
116.55,-1.7947260839840733,-2.2943421412925358,0.445183165513198,1.5296156319514884,0.9843826682436848
116.62,-1.8002794755413074,-2.2931847704015245,0.4456893636200942,1.525741754234943,0.9824707297821055
116.69,-1.8058328670985402,-2.292027399510513,0.4461917076979974,1.521867876518398,0.9805587913205267
116.76,-1.8113862586557743,-2.290870028619502,0.4466903112364802,1.5179939988018523,0.9786468528589473
116.83,-1.8169396502130069,-2.2897126577284905,0.4471852877251156,1.5141201210853072,0.9767349143973683
116.9,-1.822493041770241,-2.288555286837479,0.4476767506534767,1.5102462433687616,0.9748229759357889
116.97,-1.828046433327474,-2.287397915946468,0.4481648135111359,1.5063723656522168,0.97291103747421
117.04,-1.833599824884708,-2.286240545055456,0.4486495897876664,1.5024984879356709,0.9709990990126308
117.11,-1.8391532164419409,-2.2850831741644453,0.44913119297264076,1.4986246102191263,0.9690871605510519
117.18,-1.844706607999175,-2.2839258032734335,0.4496097365556322,1.4947507325025804,0.9671752220894725
117.25,-1.8502599995564077,-2.2827684323824227,0.4500853340262131,1.4908768547860354,0.9652632836278936
117.32,-1.8558133911136403,-2.2816110614914114,0.4505580988739567,1.4870029770694906,0.9633513451663147
117.39,-1.8613667826708744,-2.2804536906004,0.4510281445884357,1.483129099352945,0.9614394067047354
117.46,-1.8669201742281074,-2.2792963197093883,0.4514955846592229,1.4792552216363999,0.9595274682431564
117.53,-1.8724735657853413,-2.278138948818377,0.45196053257589136,1.4753813439198542,0.957615529781577
117.6,-1.8780269573425743,-2.2769815779273657,0.45242310182801365,1.4715074662033092,0.9557035913199982
117.67,-1.8835803488998084,-2.2758242070363544,0.45288340590516285,1.4676335884867635,0.9537916528584188
117.74,-1.8891337404570412,-2.274666836145343,0.4533415582969117,1.4637597107702187,0.95187971439684
117.81,-1.8946871320142753,-2.2735094652543317,0.453797672492833,1.4598858330536728,0.9499677759352606
117.88,-1.9002405235715079,-2.2723520943633204,0.4542518619824997,1.456011955337128,0.9480558374736816
117.95,-1.9057939151287417,-2.271194723472309,0.45470424025548456,1.4521380776205821,0.9461438990121024
118.02,-1.9113473066859747,-2.2700373525812974,0.4551549208013605,1.4482641999040375,0.9442319605505234
118.09,-1.9169006982432086,-2.2688799816902865,0.45560401710970044,1.4443903221874916,0.942320022088944
118.16,-1.9224540898004419,-2.267722610799275,0.456051642670077,1.4405164444709468,0.9404080836273653
118.23,-1.9280074813576755,-2.2665652399082634,0.45649791097206316,1.4366425667544012,0.9384961451657859
118.3,-1.9335608729149083,-2.265407869017252,0.45694293550523196,1.432768689037856,0.936584206704207
118.37,-1.9391142644721424,-2.264250498126241,0.45738682975915607,1.4288948113213105,0.9346722682426276
118.44,-1.9446676560293752,-2.2630931272352295,0.45782970722340816,1.4250209336047654,0.9327603297810487
118.51,-1.9502210475866093,-2.261935756344218,0.45827168138756136,1.4211470558882198,0.9308483913194694
118.58,-1.955774439143842,-2.260778385453207,0.45871286574118847,1.417273178171675,0.9289364528578905
118.65,-1.9613278307010762,-2.2596210145621956,0.45915337377386223,1.4133993004551293,0.9270245143963113
118.72,-1.966881222258309,-2.2584636436711842,0.45959331897515543,1.4095254227385843,0.9251125759347322
118.79,-1.972434613815543,-2.257306272780173,0.46003281483464126,1.4056515450220386,0.923200637473153
118.86,-1.9779880053727759,-2.2561489018891616,0.4604719748418922,1.4017776673054936,0.9212886990115741
118.93,-1.9835413969300097,-2.25499153099815,0.4609109124864812,1.3979037895889481,0.9193767605499946
119.0,-1.9890947884872427,-2.253834160107139,0.46134974125798134,1.394029911872403,0.9174648220884158
119.07,-1.9946481800444755,-2.2526767892161277,0.4617885746459651,1.390156034155858,0.9155528836268368
119.14,-2.0002015716017096,-2.251519418325116,0.4622275261400058,1.3862821564393124,0.9136409451652574
119.21,-2.0057549631589424,-2.250362047434105,0.4626667092296756,1.3824082787227674,0.9117290067036786
119.28,-2.0113083547161765,-2.2492046765430938,0.4631062374045482,1.378534401006222,0.9098170682420993
119.35,-2.0168617462734093,-2.248047305652082,0.4635462241541957,1.3746605232896767,0.9079051297805203
119.42,-2.0224151378306434,-2.2468899347610707,0.4639867829681914,1.370786645573131,0.905993191318941
119.49,-2.027968529387876,-2.2457325638700594,0.46442802733610783,1.3669127678565862,0.9040812528573621
119.56,-2.0335219209451103,-2.244575192979048,0.46487007074751824,1.3630388901400405,0.9021693143957827
119.63,-2.039075312502343,-2.2434178220880368,0.4653130266919952,1.3591650124234957,0.9002573759342039
119.7,-2.044628704059577,-2.2422604511970254,0.46575700865911157,1.35529113470695,0.8983454374726245
119.77,-2.05018209561681,-2.241103080306014,0.46620213013844025,1.351417256990405,0.8964334990110455
119.84,-2.0557354871740436,-2.239945709415003,0.46664850461955404,1.3475433792738591,0.8945215605494662
119.91,-2.061288878731277,-2.2387883385239915,0.46709624559202584,1.3436695015573143,0.8926096220878874
119.98,-2.0668422702885105,-2.2376309676329798,0.46754546654542845,1.3397956238407687,0.8906976836263081
120.05,-2.0723956618457438,-2.236473596741969,0.4679962809693351,1.3359217461242239,0.8887857451647292
120.12,-2.0779490534029774,-2.2353162258509576,0.46844880235331793,1.332047868407678,0.8868738067031499
120.19,-2.0835024449602106,-2.2341588549599463,0.4689031441869502,1.3281739906911332,0.8849618682415709
120.26,-2.0890558365174443,-2.233001484068935,0.4693594199598049,1.3243001129745873,0.8830499297799915
120.33,-2.094609228074677,-2.2318441131779236,0.46981774316145464,1.3204262352580427,0.8811379913184126
120.4,-2.100162619631911,-2.2306867422869123,0.47027822728147234,1.3165523575414968,0.8792260528568333
120.47,-2.105716011189144,-2.2295293713959006,0.47074098580943063,1.3126784798249518,0.8773141143952544
120.54,-2.111269402746378,-2.2283720005048893,0.47120613223490293,1.3088046021084063,0.8754021759336751
120.61,-2.116822794303611,-2.2272146296138784,0.47167378004746147,1.304930724391861,0.8734902374720962
120.68,-2.122376185860845,-2.226057258722866,0.4721440427366796,1.3010568466753156,0.8715782990105168
120.75,-2.1279295774180778,-2.2248998878318553,0.4726170337921296,1.2971829689587706,0.8696663605489379
120.82,-2.1334829689753105,-2.2237425169408445,0.4730928667033849,1.2933090912422256,0.867754422087359
120.89,-2.1390363605325446,-2.2225851460498327,0.473571654960018,1.28943521352568,0.8658424836257795
120.96,-2.1445897520897774,-2.2214277751588214,0.47405351205160196,1.2855613358091351,0.8639305451642008
121.03,-2.1501431436470115,-2.22027040426781,0.4745385514677095,1.2816874580925894,0.8620186067026214
121.1,-2.1556965352042443,-2.2191130333767988,0.47502688669791343,1.2778135803760444,0.8601066682410425
121.17,-2.1612499267614784,-2.217955662485787,0.4755186312317866,1.2739397026594987,0.8581947297794632
121.24,-2.166803318318711,-2.216798291594776,0.476013898558902,1.2700658249429537,0.8562827913178842
121.31,-2.172356709875945,-2.2156409207037644,0.4765128021688325,1.266191947226408,0.8543708528563048
121.38,-2.177910101433178,-2.2144835498127535,0.47701545555115077,1.2623180695098632,0.852458914394726
121.45,-2.183463492990412,-2.2133261789217418,0.4775219721954297,1.2584441917933176,0.8505469759331467
121.52,-2.189016884547645,-2.2121688080307305,0.47803246559124213,1.2545703140767726,0.8486350374715679
121.59,-2.1945702761048786,-2.211011437139719,0.4785470492281611,1.250696436360227,0.8467230990099884
121.66,-2.2001236676621123,-2.209854066248708,0.4790658365957592,1.2468225586436819,0.8448111605484094
121.73,-2.2056770592193455,-2.2086966953576965,0.4795889411836096,1.2429486809271362,0.8428992220868302
121.8,-2.2112304507765783,-2.207539324466685,0.48011647648128475,1.2390748032105914,0.8409872836252512
121.87,-2.216783842333813,-2.206381953575674,0.48064855597835776,1.2352009254940457,0.8390753451636719
121.94,-2.2223372338910456,-2.2052245826846626,0.4811852931644014,1.231327047777501,0.8371634067020931
122.01,-2.2278906254482793,-2.2040672117936513,0.4817268015289886,1.227453170060955,0.8352514682405139
122.08,-2.233444017005512,-2.20290984090264,0.4822731945616921,1.2235792923444102,0.8333395297789348
122.15,-2.2389974085627466,-2.2017524700116287,0.4828245857520848,1.2197054146278643,0.8314275913173554
122.22,-2.244550800119979,-2.2005950991206173,0.48338108858973955,1.2158315369113195,0.8295156528557766
122.29,-2.250104191677213,-2.199437728229606,0.4839428165642293,1.2119576591947738,0.8276037143941972
122.36,-2.2556575832344463,-2.1982803573385947,0.4845098831651265,1.2080837814782288,0.8256917759326182
122.43,-2.26121097479168,-2.197122986447583,0.48508240188200463,1.204209903761683,0.8237798374710389
122.5,-2.2667643663489128,-2.195965615556572,0.485660486204436,1.2003360260451381,0.82186789900946
122.57,-2.2723177579061455,-2.194808244665561,0.48624424962199364,1.1964621483285933,0.8199559605478812
122.64,-2.27787114946338,-2.193650873774549,0.4868338056242506,1.1925882706120476,0.8180440220863019
122.71,-2.2834245410206124,-2.192493502883538,0.4874292677007795,1.1887143928955026,0.8161320836247228
122.78,-2.2889779325778465,-2.1913361319925264,0.48803074934115326,1.1848405151789567,0.8142201451631436
122.85,-2.2945313241350798,-2.190178761101515,0.48863836403494465,1.1809666374624121,0.8123082067015647
122.92,-2.3000847156923134,-2.189021390210504,0.48925222527172674,1.1770927597458662,0.8103962682399852
122.99,-2.305638107249546,-2.1878640193194925,0.489872446541072,1.1732188820293217,0.8084843297784065
123.06,-2.3111914988067808,-2.186706648428481,0.49049914133255385,1.1693450043127758,0.8065723913168271
123.13,-2.316744890364013,-2.18554927753747,0.49113242313574434,1.1654711265962305,0.8046604528552481
123.2,-2.322298281921247,-2.1843919066464585,0.49177240544021705,1.161597248879685,0.8027485143936688
123.27,-2.32785167347848,-2.1832345357554472,0.49241920173554454,1.15772337116314,0.8008365759320899
123.34,-2.333405065035714,-2.182077164864436,0.49307292551129966,1.1538494934465946,0.7989246374705106
123.41,-2.338958456592947,-2.1809197939734246,0.4937336902570552,1.1499756157300496,0.7970126990089317
123.48,-2.344511848150181,-2.1797624230824133,0.4944016094623843,1.146101738013504,0.7951007605473525
123.55,-2.350065239707414,-2.1786050521914015,0.4950767966168593,1.1422278602969589,0.7931888220857733
123.62,-2.355618631264648,-2.1774476813003902,0.49575936521005354,1.1383539825804132,0.7912768836241941
123.69,-2.3611720228218807,-2.176290310409379,0.4964494287315395,1.1344801048638684,0.7893649451626152
123.76,-2.3667254143791148,-2.1751329395183676,0.4971471006708904,1.1306062271473227,0.7874530067010359
123.83,-2.3722788059363475,-2.1739755686273563,0.4978524945176787,1.1267323494307775,0.7855410682394568
123.9,-2.377832197493581,-2.1728181977363454,0.4985657237614778,1.122858471714232,0.7836291297778776
123.97,-2.3833855890508144,-2.171660826845334,0.49928690189185976,1.118984593997687,0.7817171913162988
124.04,-2.3889389806080485,-2.1705034559543224,0.5000161423983981,1.1151107162811416,0.7798052528547194
124.11,-2.3944923721652813,-2.169346085063311,0.5007535587706653,1.1112368385645965,0.7778933143931405
124.18,-2.3935370175853197,-2.169991781699276,0.5014992321765731,1.1073629608480506,0.7759813759315612
124.25,-2.3925816630053576,-2.1706374783352405,0.5022531144973862,1.1034890831315058,0.7740694374699822
124.32,-2.3916263084253955,-2.171283174971205,0.503015125292709,1.0996152054149608,0.7721574990084032
124.39,-2.390670953845434,-2.17192887160717,0.5037851841221453,1.0957413276984154,0.7702455605468239
124.46,-2.389715599265472,-2.1725745682431343,0.504563210545299,1.0918674499818704,0.768333622085245
124.53,-2.38876024468551,-2.1732202648790993,0.5053491241217738,1.0879935722653247,0.7664216836236657
124.6,-2.3878048901055484,-2.173865961515064,0.5061428444111733,1.0841196945487797,0.7645097451620868
124.67,-2.3868495355255868,-2.1745116581510286,0.5069442909731018,1.080245816832234,0.7625978067005075
124.74,-2.385894180945625,-2.1751573547869936,0.5077533833671631,1.0763719391156892,0.7606858682389286
124.81,-2.384938826365663,-2.175803051422958,0.508570041152961,1.0724980613991433,0.7587739297773493
124.88,-2.383983471785701,-2.176448748058923,0.509394183890099,1.0686241836825985,0.7568619913157704
124.95,-2.3830281172057393,-2.1770944446948874,0.5102257311381816,1.0647503059660526,0.754950052854191
125.02,-2.3820727626257776,-2.1777401413308524,0.5110646024568121,1.0608764282495078,0.753038114392612
125.09,-2.381117408045815,-2.178385837966817,0.5119107174055947,1.057002550532962,0.7511261759310326
125.16,-2.380162053465854,-2.1790315346027818,0.5127639955441331,1.0531286728164173,0.7492142374694538
125.23,-2.3792066988858918,-2.1796772312387462,0.5136243564320313,1.0492547950998716,0.7473022990078746
125.3,-2.37825134430593,-2.180322927874711,0.514491719628893,1.0453809173833264,0.7453903605462956
125.37,-2.377295989725968,-2.1809686245106756,0.515366004694322,1.041507039666781,0.7434784220847163
125.44,-2.3763406351460064,-2.1816143211466406,0.5162471311879223,1.037633161950236,0.7415664836231373
125.51,-2.3753852805660443,-2.182260017782605,0.5171350186692979,1.0337592842336902,0.739654545161558
125.58,-2.374429925986083,-2.18290571441857,0.5180295866980522,1.0298854065171454,0.737742606699979
125.65,-2.3734745714061205,-2.183551411054535,0.5189307548337898,1.0260115288005995,0.7358306682383998
125.72,-2.372519216826159,-2.1841971076904994,0.5198384426361136,1.0221376510840547,0.7339187297768208
125.79,-2.371563862246197,-2.1848428043264643,0.5207525696646284,1.018263773367509,0.7320067913152415
125.86,-2.3706085076662355,-2.1854885009624287,0.5216730554789372,1.014389895650964,0.7300948528536626
125.93,-2.369653153086273,-2.1861341975983937,0.5225998196386444,1.0105160179344184,0.7281829143920833
126.0,-2.3686977985063113,-2.186779894234358,0.5235327817033538,1.0066421402178733,0.7262709759305044
126.07,-2.36774244392635,-2.187425590870323,0.5244718612326691,1.0027682625013286,0.7243590374689255
126.14,-2.366787089346388,-2.188071287506288,0.5254169777861943,0.9988943847847829,0.7224470990073462
126.21,-2.3658317347664264,-2.1887169841422525,0.5263680509235331,0.995020507068238,0.7205351605457672
126.28,-2.3648763801864643,-2.189362680778217,0.5273250002042896,0.9911466293516922,0.7186232220841879
126.35,-2.3639210256065026,-2.190008377414182,0.5282877451880674,0.9872727516351472,0.7167112836226089
126.42,-2.3629656710265405,-2.190654074050147,0.5292562054344706,0.9833988739186015,0.7147993451610296
126.49,-2.362010316446579,-2.1912997706861113,0.5302303005031028,0.9795249962020566,0.7128874066994506
126.56,-2.3610549618666172,-2.191945467322076,0.5312099499535682,0.975651118485511,0.7109754682378714
126.63,-2.360099607286655,-2.1925911639580407,0.5321950733454701,0.9717772407689661,0.7090635297762926
126.7,-2.3591442527066935,-2.1932368605940056,0.533185590238413,0.9679033630524203,0.7071515913147132
126.77,-2.3581888981267314,-2.19388255722997,0.5341814201920003,0.9640294853358754,0.7052396528531342
126.84,-2.3572335435467697,-2.194528253865935,0.5351824827658361,0.9601556076193297,0.7033277143915548
126.91,-2.3562781889668076,-2.1951739505018995,0.536188697519524,0.9562817299027848,0.701415775929976
126.98,-2.355322834386846,-2.1958196471378644,0.5371999840126683,0.952407852186239,0.6995038374683966
127.05,-2.3543674798068843,-2.196465343773829,0.5382162618048724,0.9485339744696941,0.6975918990068178
127.12,-2.3534121252269222,-2.1971110404097938,0.5392374504557405,0.9446600967531485,0.6956799605452384
127.19,-2.3524567706469606,-2.1977567370457587,0.5402634695248759,0.9407862190366035,0.6937680220836595
127.26,-2.3515014160669985,-2.198402433681723,0.5412942385718833,0.9369123413200577,0.6918560836220802
127.33,-2.350546061487037,-2.1990481303176876,0.5423296771563657,0.9330384636035128,0.6899441451605012
127.4,-2.3495907069070747,-2.1996938269536526,0.5433697048379278,0.9291645858869672,0.688032206698922
127.47,-2.348635352327113,-2.2003395235896175,0.5444142411761728,0.9252907081704222,0.686120268237343
127.54,-2.3476799977471514,-2.200985220225582,0.5454632057307048,0.9214168304538766,0.6842083297757637
127.61,-2.3467246431671898,-2.201630916861547,0.5465165180611277,0.9175429527373317,0.6822963913141848
127.68,-2.3457692885872277,-2.202276613497512,0.5475740977270455,0.913669075020786,0.6803844528526054
127.75,-2.3448139340072656,-2.2029223101334763,0.5486358642880613,0.9097951973042411,0.6784725143910266
127.82,-2.343858579427304,-2.2035680067694408,0.5497017373037797,0.9059213195876961,0.6765605759294475
127.89,-2.3429032248473423,-2.2042137034054057,0.5507716363338047,0.9020474418711504,0.6746486374678683
127.96,-2.3419478702673806,-2.2048594000413706,0.5518454809377394,0.8981735641546056,0.6727366990062894
128.03,-2.340992515687419,-2.205505096677335,0.5529231906751885,0.8942996864380598,0.6708247605447101
128.1,-2.340037161107457,-2.2061507933133,0.5540046851057551,0.8904258087215149,0.6689128220831311
128.17,-2.339081806527495,-2.2067964899492645,0.5550898837890433,0.88655193100497,0.6670008836215522
128.24,-2.338126451947533,-2.2074421865852294,0.5561787062846576,0.8826780532884234,0.6650889451599725
128.31,-2.3371710973675714,-2.208087883221194,0.5572710721522008,0.8788041755718785,0.6631770066983935
128.38,-2.3362157427876094,-2.208733579857159,0.5583669009512775,0.8749302978553335,0.6612650682368146
128.45,-2.3352603882076477,-2.2093792764931233,0.5594661122414911,0.8710564201387887,0.6593531297752357
128.52,-2.334305033627685,-2.210024973129088,0.5605686255824462,0.8671825424222421,0.657441191313656
128.59,-2.333349679047724,-2.210670669765053,0.5616743605337458,0.8633086647056973,0.6555292528520771
128.66,-2.3323943244677623,-2.2113163664010176,0.562783236654994,0.8594347869891523,0.6536173143904982
128.73,-2.3314389698878,-2.211962063036982,0.5638951735057945,0.8555609092726074,0.6517053759289192
128.8,-2.330483615307838,-2.212607759672947,0.5650100906457522,0.851687031556061,0.6497934374673395
128.87,-2.3295282607278764,-2.2132534563089115,0.5661279076344696,0.847813153839516,0.6478814990057605
128.94,-2.328572906147915,-2.2138991529448764,0.5672485440315513,0.8439392761229711,0.6459695605441816
129.01,-2.327617551567953,-2.2145448495808413,0.5683719193966009,0.8400653984064261,0.6440576220826028
129.08,-2.326662196987991,-2.2151905462168062,0.5694979532892227,0.8361915206898798,0.6421456836210231
129.15,-2.325706842408029,-2.2158362428527707,0.5706265652690198,0.8323176429733349,0.6402337451594441
129.22,-2.3247514878280673,-2.2164819394887356,0.5717576748955961,0.82844376525679,0.6383218066978652
129.29,-2.3237961332481056,-2.2171276361246997,0.5728912017285563,0.824569887540245,0.6364098682362862
129.36,-2.3228407786681435,-2.217773332760665,0.5740270653275041,0.8206960098236985,0.6344979297747065
129.43,-2.3218854240881814,-2.2184190293966295,0.5751651852520423,0.8168221321071536,0.6325859913131275
129.5,-2.3209300695082202,-2.2190647260325944,0.576305481061776,0.8129482543906087,0.6306740528515486
129.57,-2.319974714928258,-2.219710422668559,0.5774478723163082,0.8090743766740638,0.6287621143899698
129.64,-2.3190193603482965,-2.2203561193045234,0.5785922785752432,0.8052004989575188,0.6268501759283909
129.71,-2.3180640057683344,-2.2210018159404883,0.579738619398185,0.8013266212409723,0.6249382374668111
129.78,-2.3171086511883727,-2.221647512576453,0.580886814344737,0.7974527435244274,0.6230262990052322
129.85,-2.3161532966084106,-2.2222932092124177,0.5820367829745031,0.7935788658078824,0.6211143605436532
129.92,-2.3151979420284494,-2.2229389058483826,0.5831884448470874,0.7897049880913376,0.6192024220820743
129.99,-2.314242587448487,-2.223584602484347,0.5843417195220941,0.785831110374791,0.6172904836204947
130.06,-2.3132872328685257,-2.224230299120312,0.5854965265591263,0.7819572326582461,0.6153785451589158
130.13,-2.3123318782885636,-2.2248759957562765,0.5866527855177881,0.7780833549417012,0.6134666066973368
130.2,-2.311376523708602,-2.225521692392241,0.5878104159576835,0.7742094772251563,0.6115546682357578
130.27,-2.31042116912864,-2.2261673890282063,0.5889693374384167,0.7703355995086097,0.6096427297741781
130.34,-2.309465814548678,-2.226813085664171,0.5901294695195907,0.7664617217920648,0.6077307913125992
130.41,-2.3085104599687165,-2.2274587823001357,0.5912907317608099,0.76258784407552,0.6058188528510203
130.48,-2.3075551053887544,-2.2281044789361,0.592453043721678,0.758713966358975,0.6039069143894413
130.55,-2.3065997508087923,-2.228750175572065,0.5936163249617995,0.7548400886424286,0.6019949759278618
130.62,-2.3056443962288307,-2.2293958722080296,0.594780495040777,0.7509662109258837,0.6000830374662828
130.69,-2.304689041648869,-2.2300415688439945,0.5959454735182154,0.7470923332093387,0.5981710990047038
130.76,-2.303733687068907,-2.230687265479959,0.597111179953718,0.7432184554927938,0.5962591605431249
130.83,-2.302778332488945,-2.231332962115924,0.5982775339068893,0.7393445777762474,0.5943472220815451
130.9,-2.301822977908983,-2.2319786587518884,0.5994444549373322,0.7354707000597023,0.5924352836199662
130.97,-2.3008676233290215,-2.2326243553878533,0.6006118626046513,0.7315968223431575,0.5905233451583873
131.04,-2.29991226874906,-2.233270052023818,0.6017796764684501,0.7277229446266126,0.5886114066968084
131.11,-2.2989569141690978,-2.2339157486597827,0.6029478160883333,0.7238490669100661,0.5866994682352287
131.18,-2.298001559589136,-2.234561445295747,0.6041162010239033,0.7199751891935212,0.5847875297736498
131.25,-2.297046205009174,-2.235207141931712,0.6052847508347647,0.7161013114769763,0.5828755913120708
131.32,-2.2960908504292123,-2.2358528385676766,0.6064533850805214,0.7122274337604312,0.5809636528504919
131.39,-2.2951354958492507,-2.2364985352036415,0.6076220233207775,0.7083535560438864,0.579051714388913
131.46,-2.2941801412692886,-2.237144231839606,0.6087905851151367,0.7044796783273399,0.5771397759273332
131.53,-2.293224786689327,-2.2377899284755713,0.6099589900232023,0.700605800610795,0.5752278374657543
131.6,-2.2922694321093653,-2.238435625111536,0.6111271576045789,0.6967319228942501,0.5733158990041753
131.67,-2.2913140775294036,-2.2390813217475003,0.6122950074188698,0.6928580451777052,0.5714039605425965
131.74,-2.290358722949441,-2.239727018383465,0.6134624590256796,0.6889841674611586,0.5694920220810168
131.81,-2.2894033683694794,-2.24037271501943,0.6146294319846113,0.6851102897446137,0.5675800836194378
131.88,-2.288448013789518,-2.2410184116553946,0.6157958458552689,0.681236412028069,0.565668145157859
131.95,-2.287492659209556,-2.241664108291359,0.6169616201972566,0.6773625343115239,0.56375620669628
132.02,-2.286537304629594,-2.2423098049273245,0.6181266745701788,0.6734886565949775,0.5618442682347004
132.09,-2.285581950049632,-2.242955501563289,0.6192909285336379,0.6696147788784326,0.5599323297731214
132.16,-2.2846265954696703,-2.2436011981992534,0.6204543016472388,0.6657409011618876,0.5580203913115425
132.23,-2.2836712408897086,-2.244246894835218,0.621616713470585,0.6618670234453427,0.5561084528499635
132.3,-2.2827158863097465,-2.2448925914711833,0.6227780835632808,0.6579931457287962,0.5541965143883838
132.37,-2.281760531729785,-2.2455382881071477,0.6239383314849295,0.6541192680122512,0.5522845759268049
132.44,-2.2808051771498232,-2.246183984743112,0.6250973767951352,0.6502453902957064,0.550372637465226
132.51,-2.2798498225698616,-2.2468296813790767,0.6262551390535015,0.6463715125791615,0.548460699003647
132.58,-2.2788944679898995,-2.247475378015042,0.6274115378196332,0.6424976348626149,0.5465487605420674
132.65,-2.2779391134099374,-2.2481210746510065,0.6285664926531327,0.63862375714607,0.5446368220804885
132.72,-2.2769837588299757,-2.248766771286971,0.6297199231136048,0.634749879429525,0.5427248836189095
132.79,-2.276028404250014,-2.2494124679229355,0.6308717487606531,0.6308760017129801,0.5408129451573305
132.86,-2.275073049670052,-2.250058164558901,0.6320218891538821,0.6270021239964336,0.5389010066957508
132.93,-2.2741176950900903,-2.2507038611948653,0.6331702638528945,0.6231282462798888,0.5369890682341719
133.0,-2.2731623405101287,-2.2513495578308302,0.6343167924172949,0.6192543685633438,0.535077129772593
133.07,-2.2722069859301666,-2.2519952544667947,0.6354613944066867,0.6153804908467989,0.533165191311014
133.14,-2.271251631350205,-2.2526409511027596,0.6366039893806743,0.611506613130254,0.5312532528494351
133.21,-2.2702962767702424,-2.253286647738724,0.6377444968988617,0.6076327354137074,0.5293413143878555
133.28,-2.269340922190281,-2.2539323443746886,0.6388828365208519,0.6037588576971626,0.5274293759262765
133.35,-2.268385567610319,-2.2545780410106535,0.6400189278062492,0.5998849799806176,0.5255174374646976
133.42,-2.267430213030358,-2.2552237376466184,0.6411526903146574,0.5960111022640728,0.5236054990031187
133.49,-2.2664748584503958,-2.255869434282583,0.6422840436056811,0.5921372245475263,0.5216935605415389
133.56,-2.2655195038704337,-2.256515130918548,0.643412907238923,0.5882633468309814,0.51978162207996
133.63,-2.264564149290472,-2.2571608275545123,0.6445392007739873,0.5843894691144365,0.517869683618381
133.7,-2.2636087947105104,-2.2578065241904772,0.6456628437704781,0.5805155913978916,0.5159577451568023
133.77,-2.262653440130548,-2.258452220826442,0.6467837557879995,0.576641713681345,0.5140458066952225
133.84,-2.261698085550586,-2.2590979174624066,0.6479018563861547,0.5727678359648001,0.5121338682336436
133.91,-2.2607427309706245,-2.2597436140983715,0.6490170651245478,0.5688939582482552,0.5102219297720646
133.98,-2.259787376390663,-2.260389310734336,0.6501293015627829,0.5650200805317103,0.5083099913104857
134.05,-2.2588320218107008,-2.261035007370301,0.651238485260464,0.5611462028151638,0.5063980528489059
134.12,-2.257876667230739,-2.261680704006266,0.6523445357771942,0.5572723250986189,0.5044861143873272
134.19,-2.2569213126507774,-2.2623264006422303,0.6534473726725777,0.553398447382074,0.5025741759257482
134.26,-2.2559659580708153,-2.262972097278195,0.6545469155062187,0.549524569665529,0.5006622374641692
134.33,-2.2550106034908532,-2.2636177939141597,0.6556430838377211,0.5456506919489825,0.4987502990025895
134.4,-2.2540552489108916,-2.2642634905501247,0.6567357972266881,0.5417768142324376,0.4968383605410106
134.47,-2.25309989433093,-2.264909187186089,0.657824975232724,0.5379029365158927,0.4949264220794316
134.54,-2.252144539750968,-2.2655548838220536,0.6589105374154325,0.5340290587993478,0.4930144836178527
134.61,-2.251189185171006,-2.266200580458019,0.659992403334418,0.5301551810828012,0.49110254515627305
134.68,-2.250233830591044,-2.2668462770939835,0.6610704925492834,0.5262813033662563,0.4891906066946941
134.75,-2.2492784760110824,-2.267491973729948,0.6621447246196333,0.5224074256497114,0.48727866823311516
134.82,-2.248323121431121,-2.2681376703659124,0.6632150191050711,0.5185335479331665,0.4853667297715362
134.89,-2.247367766851159,-2.2687833670018773,0.664281295565201,0.5146596702166216,0.4834547913099573
134.96,-2.246412412271197,-2.2694290636378422,0.665343473559627,0.510785792500075,0.4815428528483776
135.03,-2.2454570576912354,-2.270074760273807,0.6664014726479525,0.5069119147835301,0.47963091438679867
135.1,-2.2445017031112733,-2.2707204569097716,0.6674552123897812,0.5030380370669852,0.4777189759252197
135.17,-2.2435463485313116,-2.271366153545736,0.6685046123447176,0.49916415935044034,0.47580703746364084
135.24,-2.2425909939513495,-2.272011850181701,0.6695495920723658,0.4952902816338939,0.47389509900206106
135.31,-2.241635639371388,-2.2726575468176655,0.6705900711323284,0.491416403917349,0.47198316054048217
135.38,-2.2406802847914262,-2.2733032434536304,0.6716259690842101,0.487542526200804,0.47007122207890323
135.45,-2.2397249302114646,-2.273948940089595,0.6726572054876145,0.4836686484842591,0.46815928361732434
135.52,-2.2387695756315025,-2.27459463672556,0.6736836999021462,0.47979477076771265,0.4662473451557446
135.59,-2.2378142210515404,-2.2752403333615243,0.6747053718874079,0.4759208930511677,0.46433540669416573
135.66,-2.2368588664715787,-2.2758860299974892,0.6757221410030041,0.4720470153346228,0.4624234682325868
135.73,-2.235903511891617,-2.276531726633454,0.6767339268085386,0.4681731376180779,0.46051152977100784
135.8,-2.234948157311655,-2.277177423269419,0.6777406488636155,0.46429925990153137,0.4585995913094282
135.87,-2.2339928027316933,-2.2778231199053836,0.678742226727838,0.4604253821849864,0.4566876528478492
135.94,-2.2330374481517317,-2.2784688165413485,0.6797385799608106,0.45655150446844156,0.4547757143862703
136.01,-2.2320820935717696,-2.279114513177313,0.6807296281221363,0.4526776267518966,0.45286377592469135
136.08,-2.231126738991808,-2.279760209813278,0.6817152907714205,0.44880374903535014,0.4509518374631117
136.15,-2.230171384411846,-2.2804059064492423,0.6826954874682655,0.4449298713188052,0.44903989900153274
136.22,-2.229216029831884,-2.281051603085207,0.6836701377722756,0.4410559936022603,0.4471279605399538
136.29,-2.2282606752519225,-2.2816972997211717,0.6846391612430551,0.4371821158857153,0.44521602207837485
136.36,-2.2273053206719604,-2.2823429963571367,0.6856024774402079,0.43330823816916886,0.4433040836167952
136.43,-2.2263499660919983,-2.282988692993101,0.6865600059233372,0.42943436045262395,0.4413921451552162
136.5,-2.225394611512037,-2.283634389629066,0.6875116662520471,0.42556048273607905,0.4394802066936373
136.57,-2.224439256932075,-2.2842800862650305,0.6884573779859415,0.4216866050195341,0.4375682682320584
136.64,-2.2234839023521134,-2.284925782900995,0.6893970606846243,0.4178127273029892,0.43565632977047947
136.71,-2.2225285477721513,-2.2855714795369604,0.6903306339076998,0.4139388495864427,0.43374439130889975
136.78,-2.221573193192189,-2.286217176172925,0.6912580172147711,0.4100649718698978,0.4318324528473208
136.85,-2.2206178386122275,-2.2868628728088893,0.6921791301654423,0.4061910941533529,0.4299205143857419
136.92,-2.219662484032266,-2.2875085694448543,0.6930938923193173,0.40231721643680796,0.42800857592416297
136.99,-2.2187071294523038,-2.288154266080819,0.6940022232360006,0.3984433387202615,0.4260966374625833
137.06,-2.217751774872342,-2.2887999627167837,0.6949040424750947,0.39456946100371654,0.4241846990010043
137.13,-2.2167964202923804,-2.2894456593527486,0.6957992695962044,0.39069558328717163,0.4222727605394254
137.2,-2.215841065712419,-2.290091355988713,0.6966878241589334,0.3868217055706267,0.4203608220778465
137.27,-2.2148857111324567,-2.290737052624678,0.6975696257228858,0.38294782785408027,0.41844888361626675
137.34,-2.2139303565524946,-2.2913827492606424,0.6984445938476647,0.37907395013753525,0.4165369451546878
137.41,-2.212975001972533,-2.2920284458966074,0.6993126480928747,0.3752000724209904,0.414625006693109
137.48,-2.2120196473925713,-2.292674142532572,0.7001737080181192,0.3713261947044455,0.41271306823153
137.55,-2.211064292812609,-2.2933198391685368,0.7010276931830028,0.367452316987899,0.4108011297699503
137.62,-2.210108938232647,-2.2939655358045012,0.7018745231471284,0.363578439271354,0.4088891913083714
137.69,-2.209153583652686,-2.294611232440466,0.7027141174701002,0.3597045615548091,0.4069772528467924
137.76,-2.208198229072724,-2.2952569290764306,0.703546395711522,0.3558306838382642,0.40506531438521354
137.83,-2.2072428744927617,-2.2959026257123956,0.7043712774309983,0.35195680612171776,0.40315337592363376
137.9,-2.2062875199128,-2.2965483223483605,0.7051886821881319,0.34808292840517285,0.4012414374620549
137.97,-2.2053321653328384,-2.2971940189843254,0.7059985295425274,0.3442090506886279,0.399329499000476
138.04,-2.2043768107528763,-2.2978397156202894,0.7068007390537883,0.34033517297208293,0.397417560538897
138.11,-2.203421456172914,-2.2984854122562544,0.7075952302815189,0.3364612952555365,0.3955056220773173
138.18,-2.2024661015929525,-2.299131108892219,0.7083819227853225,0.33258741753899157,0.3935936836157384
138.25,-2.201510747012991,-2.2997768055281838,0.7091607361248033,0.32871353982244667,0.3916817451541595
138.32,-2.2005553924330292,-2.3004225021641487,0.7099315898595651,0.3248396621059017,0.3897698066925805
138.39,-2.1996000378530676,-2.301068198800113,0.7106944035492115,0.3209657843893568,0.3878578682310016
138.46,-2.1986446832731055,-2.301713895436078,0.7114490967533471,0.3170919066728103,0.3859459297694219
138.53,-2.1976893286931434,-2.3023595920720425,0.712195589031575,0.3132180289562654,0.384033991307843
138.6,-2.1967339741131817,-2.3030052887080075,0.712933799943499,0.3093441512397205,0.38212205284626405
138.67,-2.19577861953322,-2.303650985343972,0.7136636490487236,0.3054702735231755,0.3802101143846851
138.74,-2.194823264953258,-2.304296681979937,0.7143850559068524,0.30159639580662906,0.37829817592310544
138.81,-2.1938679103732963,-2.304942378615902,0.7150979400774891,0.29772251809008415,0.3763862374615265
138.88,-2.1929125557933347,-2.3055880752518663,0.7158022211202374,0.29384864037353925,0.37447429899994755
138.95,-2.1919572012133726,-2.3062337718878307,0.7164978185947015,0.28997476265699434,0.37256236053836866
139.02,-2.191001846633411,-2.306879468523796,0.7171846520604853,0.28610088494044783,0.370650422076789
139.09,-2.190046492053449,-2.3075251651597606,0.7178626410771923,0.2822270072239029,0.36873848361521
139.16,-2.189091137473487,-2.308170861795725,0.7185317052044267,0.278353129507358,0.3668265451536311
139.23,-2.1881357828935255,-2.30881655843169,0.7191917640017922,0.27447925179081306,0.36491460669205217
139.3,-2.1871804283135634,-2.309462255067655,0.7198427370288927,0.2706053740742666,0.3630026682304724
139.37,-2.1862250737336018,-2.3101079517036194,0.720484543845332,0.26673149635772164,0.36109072976889356
139.44,-2.1852697191536397,-2.310753648339584,0.7211171040107137,0.26285761864117674,0.35917879130731456
139.51,-2.184314364573678,-2.3113993449755488,0.7217403370846422,0.25898374092463183,0.35726685284573567
139.58,-2.183359009993716,-2.3120450416115133,0.7223541626267214,0.2551098632080853,0.35535491438415595
139.65,-2.1824036554137543,-2.312690738247478,0.7229585001965544,0.2512359854915404,0.353442975922577
139.72,-2.181448300833792,-2.3133364348834426,0.7235532693537458,0.2473621077749955,0.3515310374609981
139.79,-2.180492946253831,-2.3139821315194076,0.724138389657899,0.24348823005845058,0.3496190989994192
139.86,-2.1795375916738684,-2.3146278281553725,0.7247137806686181,0.2396143523419041,0.34770716053783945
139.93,-2.1785822370939067,-2.315273524791337,0.7252793619455069,0.23574047462535916,0.34579522207626057
140.0,-2.177626882513945,-2.3159192214273014,0.7258350530481692,0.23186659690881423,0.34388328361468157
140.07,-2.1766715279339834,-2.3165649180632664,0.7263807735362089,0.22799271919226932,0.3419713451531027
140.14,-2.175716173354022,-2.317210614699231,0.7269164429692297,0.22411884147572442,0.3400594066915238
140.21,-2.1747608187740597,-2.3178563113351958,0.7274419809068361,0.22024496375917793,0.33814746822994407
140.28,-2.173805464194098,-2.3185020079711607,0.727957306908631,0.216371086042633,0.3362355297683651
140.35,-2.172850109614136,-2.319147704607125,0.7284623405342189,0.2124972083260881,0.33432359130678624
140.42,-2.1718947550341743,-2.3197934012430896,0.7289570013432034,0.2086233306095432,0.3324116528452073
140.49,-2.170939400454212,-2.320439097879055,0.7294412088951889,0.20474945289299668,0.3304997143836276
140.56,-2.1699840458742505,-2.321084794515019,0.7299148827497783,0.20087557517645177,0.3285877759220487
140.63,-2.169028691294289,-2.3217304911509844,0.7303779424665761,0.19700169745990684,0.3266758374604697
140.7,-2.1680733367143272,-2.322376187786949,0.730830307605186,0.19312781974336193,0.3247638989988908
140.77,-2.1671179821343647,-2.323021884422914,0.731271897725212,0.18925394202681542,0.3228519605373111
140.84,-2.166162627554403,-2.3236675810588787,0.7317026323862577,0.18538006431027051,0.3209400220757322
140.91,-2.1652072729744414,-2.324313277694843,0.732122431147927,0.18150618659372558,0.31902808361415325
140.98,-2.1642519183944797,-2.3249589743308077,0.732531213569824,0.17763230887718068,0.3171161451525743
141.05,-2.163296563814517,-2.3256046709667726,0.7329288992115525,0.1737584311606342,0.3152042066909946
141.12,-2.1623412092345555,-2.3262503676027375,0.7333154076327161,0.16988455344408926,0.3132922682294157
141.19,-2.161385854654594,-2.326896064238702,0.7336906583929189,0.16601067572754435,0.31138032976783675
141.26,-2.160430500074632,-2.327541760874667,0.7340545710517644,0.16213679801099945,0.3094683913062578
141.33,-2.15947514549467,-2.328187457510632,0.7344070651688569,0.15826292029445294,0.30755645284467814
141.4,-2.1585197909147085,-2.3288331541465963,0.7347480603038002,0.15438904257790803,0.3056445143830992
141.47,-2.157564436334747,-2.329478850782561,0.735077476016198,0.15051516486136307,0.30373257592152025
141.54,-2.156609081754785,-2.3301245474185257,0.7353952318656541,0.14664128714481817,0.30182063745994137
141.61,-2.1556537271748226,-2.33077024405449,0.7357012474117726,0.14276740942827168,0.2999086989983616
141.68,-2.154698372594861,-2.331415940690455,0.7359954422141572,0.13889353171172675,0.2979967605367827
141.75,-2.1537430180148993,-2.3320616373264196,0.7362777358324116,0.13501965399518184,0.29608482207520376
141.82,-2.1527876634349377,-2.3327073339623845,0.73654804782614,0.13114577627863694,0.29417288361362487
