,Wd,We,"theta(Wd,We)","x(Wd,We)","y(Wd,We)"
0.0,0.029825873514266587,0.016957042092504922,0.0007274881978492792,-0.08613492346033981,-0.016601000943762784
0.07,0.028974537266122362,0.016453806199178394,0.000607966284354487,-0.08494137954816347,-0.016557494640372712
0.14,0.028123201017978144,0.015950570305851876,0.0004932715599739615,-0.08374783563598713,-0.016513988336982643
0.21,0.027271864769833926,0.01544733441252535,0.0003833630558858125,-0.08255429172381079,-0.01647048203359257
0.28,0.0264205285216897,0.014944098519198824,0.00027819980326815075,-0.08136074781163444,-0.0164269757302025
0.35,0.025569192273545482,0.014440862625872304,0.00017774083329908546,-0.08016720389945811,-0.01638346942681243
0.42,0.024717856025401257,0.013937626732545776,8.194517715672748e-05,-0.07897365998728176,-0.016339963123422358
0.49,0.023866519777257032,0.013434390839219252,-9.228133980813742e-06,-0.07778011607510542,-0.01629645682003229
0.56,0.023015183529112818,0.012931154945892732,-9.582006893542754e-05,-0.07658657216292908,-0.016252950516642217
0.63,0.022163847280968593,0.012427919052566204,-0.00017787159652900392,-0.07539302825075274,-0.01620944421325215
0.7,0.021312511032824374,0.011924683159239682,-0.0002554236855834326,-0.07419948433857639,-0.016165937909862073
0.77,0.02046117478468015,0.011421447265913157,-0.0003285173049206038,-0.07300594042640005,-0.016122431606472008
0.84,0.019609838536535928,0.010918211372586634,-0.0003971934233624075,-0.0718123965142237,-0.016078925303081932
0.91,0.01875850228839171,0.01041497547926011,-0.00046149300973073314,-0.07061885260204737,-0.016035418999691867
0.98,0.01790716604024749,0.009911739585933589,-0.0005214570328474707,-0.06942530868987104,-0.01599191269630179
1.05,0.017055829792103266,0.009408503692607064,-0.0005771264615345106,-0.06823176477769469,-0.015948406392911722
1.12,0.016204493543959045,0.008905267799280539,-0.0006285422646137423,-0.06703822086551833,-0.01590490008952165
1.19,0.01535315729581482,0.008402031905954014,-0.0006757454109070555,-0.065844676953342,-0.01586139378613158
1.26,0.014501821047670603,0.00789879601262749,-0.0007187768692363402,-0.06465113304116567,-0.015817887482741506
1.33,0.013650484799526382,0.007395560119300967,-0.0007576776084234865,-0.06345758912898931,-0.01577438117935144
1.4,0.012799148551382165,0.006892324225974447,-0.0007924885972903843,-0.06226404521681299,-0.01573087487596137
1.47,0.011947812303237939,0.006389088332647918,-0.0008232508046589239,-0.061070501304636635,-0.015687368572571296
1.54,0.011096476055093717,0.005885852439321395,-0.0008500051993509935,-0.059876957392460295,-0.015643862269181227
1.61,0.010245139806949494,0.005382616545994868,-0.0008727927501884852,-0.05868341348028394,-0.015600355965791155
1.68,0.009393803558805277,0.004879380652668347,-0.0008916544259932866,-0.057489869568107616,-0.015556849662401085
1.75,0.008542467310661054,0.004376144759341822,-0.0009066311955872897,-0.05629632565593127,-0.015513343359011013
1.82,0.007691131062516831,0.0038729088660152972,-0.0009177640277923837,-0.05510278174375492,-0.015469837055620942
1.89,0.0068397948143726125,0.0033696729726887757,-0.0009250938914304569,-0.05390923783157859,-0.015426330752230872
1.96,0.005988458566228389,0.0028664370793622523,-0.0009286617553234016,-0.05271569391940226,-0.015382824448840801
2.03,0.0051371223180841676,0.0023632011860357273,-0.0009285085882931069,-0.0515221500072259,-0.015339318145450729
2.1,0.004285786069939946,0.001859965292709204,-0.0009246753591614621,-0.050328606095049556,-0.015295811842060658
2.17,0.003434449821795728,0.0013567293993826807,-0.0009172030367503574,-0.049135062182873224,-0.01525230553867059
2.24,0.0025831135736514993,0.0008534935060561522,-0.0009061325898816829,-0.04794151827069688,-0.015208799235280518
2.31,0.0017317773255072846,0.0003502576127296323,-0.0008915049873773278,-0.046747974358520544,-0.015165292931890447
2.38,0.0008804410773630665,-0.000152978280596891,-0.0008733611980591826,-0.045554430446344205,-0.015121786628500377
2.45,2.9104829218837974e-05,-0.0006562141739234178,-0.0008517421907491371,-0.04436088653416785,-0.015078280325110304
2.52,-0.0008222314189253836,-0.0011594500672499428,-0.0008266889342690808,-0.04316734262199151,-0.015034774021720234
2.59,-0.0016735676670696017,-0.0016626859605764644,-0.0007982423974409042,-0.04197379870981517,-0.014991267718330164
2.66,-0.002524903915213827,-0.0021659218539029895,-0.0007664435490864969,-0.04078025479763883,-0.014947761414940091
2.73,-0.0033762401633580415,-0.002669157747229511,-0.0007313333580277496,-0.0395867108854625,-0.014904255111550021
2.8,-0.004227576411502263,-0.0031723936405560343,-0.0006929527930865506,-0.03839316697328615,-0.01486074880815995
2.87,-0.005078912659646488,-0.003675629533882561,-0.0006513428230847908,-0.037199623061109806,-0.01481724250476988
2.94,-0.00593024890779071,-0.0041788654272090844,-0.00060654441684436,-0.036006079148933466,-0.014773736201379808
3.01,-0.006781585155934928,-0.004682101320535606,-0.000558598543187148,-0.034812535236757126,-0.014730229897989736
3.08,-0.0076329214040791495,-0.005185337213862131,-0.0005075461709350436,-0.03361899132458079,-0.014686723594599667
3.15,-0.008484257652223368,-0.005688573107188653,-0.000453428268909939,-0.032425447412404454,-0.014643217291209598
3.22,-0.009335593900367596,-0.006191809000515183,-0.00039628580593372234,-0.0312319035002281,-0.014599710987819526
3.29,-0.010186930148511814,-0.006695044893841703,-0.0003361597508282837,-0.030038359588051764,-0.014556204684429455
3.36,-0.011038266396656036,-0.007198280787168228,-0.0002730910724155133,-0.028844815675875417,-0.014512698381039383
3.43,-0.011889602644800257,-0.007701516680494753,-0.00020712073951730133,-0.027651271763699078,-0.014469192077649313
3.5,-0.01274093889294448,-0.008204752573821278,-0.00013828972095553696,-0.026457727851522738,-0.014425685774259242
3.57,-0.013592275141088697,-0.0087079884671478,-6.663898555211089e-05,-0.0252641839393464,-0.014382179470869172
3.64,-0.01444361138923292,-0.009211224360474326,7.790497871088942e-06,-0.02407064002717005,-0.0143386731674791
3.71,-0.015294947637377139,-0.009714460253800846,8.495776049216933e-05,-0.022877096114993712,-0.01429516686408903
3.78,-0.016146283885521362,-0.010217696147127371,0.00016482183348924317,-0.021683552202817372,-0.014251660560698959
3.85,-0.016997620133665584,-0.010720932040453898,0.0002473417480404203,-0.02049000829064103,-0.014208154257308887
3.92,-0.017848956381809805,-0.01122416793378042,0.0003324765353238075,-0.01929646437846469,-0.014164647953918818
3.99,-0.018700292629954027,-0.011727403827106945,0.00042018522651751975,-0.018102920466288343,-0.014121141650528747
4.06,-0.01955162887809825,-0.012230639720433464,0.0005104268527996649,-0.01690937655411201,-0.014077635347138675
4.13,-0.020402965126242466,-0.012733875613759991,0.0006031604453483544,-0.015715832641935663,-0.014034129043748605
4.2,-0.02125430137438669,-0.013237111507086514,0.0006983450353416942,-0.01452228872975932,-0.013990622740358534
4.27,-0.022105637622530906,-0.013740347400413036,0.000795939653957798,-0.013328744817582987,-0.013947116436968464
4.34,-0.022956973870675135,-0.014243583293739565,0.0008959033323747758,-0.01213520090540664,-0.013903610133578392
4.41,-0.02380831011881935,-0.014746819187066086,0.0009981951017707374,-0.010941656993230294,-0.013860103830188321
4.48,-0.024659646366963585,-0.015250055080392615,0.0011027739933237933,-0.009748113081053951,-0.013816597526798249
4.55,-0.025510982615107793,-0.015753290973719133,0.00120959903821205,-0.008554569168877615,-0.013773091223408179
4.62,-0.026362318863252018,-0.016256526867045658,0.001318629267613623,-0.007361025256701275,-0.013729584920018106
4.69,-0.027213655111396243,-0.016759762760372186,0.0014298237127066227,-0.006167481344524925,-0.013686078616628038
4.76,-0.028064991359540457,-0.017262998653698704,0.0015431414046691515,-0.004973937432348596,-0.013642572313237964
4.83,-0.028916327607684686,-0.017766234547025233,0.0016585413746793265,-0.0037803935201722455,-0.013599066009847895
4.9,-0.02976766385582891,-0.018269470440351758,0.0017759826539152578,-0.002586849607995899,-0.013555559706457823
4.97,-0.030619000103973115,-0.018772706333678276,0.0018954242735550512,-0.001393305695819573,-0.013512053403067756
5.04,-0.03147033635211735,-0.019275942227004805,0.002016825264776819,-0.00019976178364322292,-0.013468547099677684
5.11,-0.03232167260026157,-0.01977917812033133,0.002140144658758671,0.0009937821285331237,-0.013425040796287613
5.18,-0.03317300884840578,-0.020282414013657848,0.002265341486678719,0.0021873260407094496,-0.013381534492897543
5.25,-0.03402434509655001,-0.020785649906984373,0.002392374779715072,0.0033808699528857997,-0.01333802818950747
5.32,-0.03487568134469424,-0.0212888858003109,0.002521203569045839,0.004574413865062146,-0.0132945218861174
5.39,-0.035727017592838445,-0.021792121693637416,0.0026517868858491316,0.005767957777238472,-0.01325101558272733
5.46,-0.03657835384098267,-0.022295357586963944,0.002784083761303062,0.006961501689414822,-0.013207509279337257
5.53,-0.037429690089126895,-0.022798593480290473,0.002918053226585736,0.008155045601591169,-0.013164002975947187
5.6,-0.03828102633727111,-0.023301829373616988,0.0030536543128752633,0.009348589513767498,-0.013120496672557118
5.67,-0.03913236258541534,-0.02380506526694352,0.0031908460513497584,0.010542133425943848,-0.013076990369167048
5.74,-0.03998369883355956,-0.024308301160270045,0.0033295874731873306,0.011735677338120191,-0.013033484065776976
5.81,-0.04083503508170377,-0.024811537053596563,0.0034698376095660855,0.01292922125029652,-0.012989977762386905
5.88,-0.041686371329848,-0.02531477294692309,0.0036115554916641398,0.014122765162472871,-0.012946471458996835
5.95,-0.042537707577992225,-0.025818008840249613,0.0037547001506595965,0.015316309074649216,-0.012902965155606762
6.02,-0.04338904382613644,-0.026321244733576134,0.0038992306177305694,0.016509852986825547,-0.012859458852216692
6.09,-0.04424038007428066,-0.02682448062690266,0.004045105924055171,0.017703396899001897,-0.01281595254882662
6.16,-0.04509171632242489,-0.027327716520229185,0.004192285100811509,0.018896940811178244,-0.01277244624543655
6.23,-0.04594305257056911,-0.027830952413555717,0.004340727179177692,0.020090484723354583,-0.012728939942046477
6.3,-0.046794388818713326,-0.02833418830688223,0.004490391190331831,0.02128402863553092,-0.012685433638656408
6.37,-0.04764572506685755,-0.028837424200208756,0.004641236165452039,0.022477572547707266,-0.012641927335266335
6.44,-0.04849706131500178,-0.029340660093535288,0.004793221135716423,0.02367111645988361,-0.012598421031876266
6.51,-0.04934839756314599,-0.029843895986861806,0.004946305132303093,0.02486466037205994,-0.012554914728486194
6.58,-0.05019973381129021,-0.030347131880188328,0.005100447186390161,0.026058204284236285,-0.012511408425096125
6.65,-0.05105107005943444,-0.03085036777351486,0.005255606329155737,0.027251748196412635,-0.012467902121706051
6.72,-0.051902406307578655,-0.031353603666841375,0.005411741591777928,0.028445292108588965,-0.012424395818315984
6.79,-0.05275374255572288,-0.0318568395601679,0.00556881200543485,0.029638836020765308,-0.012380889514925913
6.86,-0.053605078803867105,-0.032360075453494425,0.005726776601304606,0.030832379932941655,-0.012337383211535841
6.93,-0.05445641505201131,-0.032863311346820946,0.005885594410565311,0.03202592384511799,-0.01229387690814577
7.0,-0.05530775130015555,-0.033366547240147475,0.006045224464395071,0.033219467757294334,-0.0122503706047557
7.07,-0.05615908754829976,-0.033869783133473996,0.006205625793972006,0.03441301166947068,-0.012206864301365628
7.14,-0.05701042379644398,-0.03437301902680052,0.006366757430474212,0.03560655558164701,-0.012163357997975558
7.21,-0.057861760044588206,-0.034876254920127046,0.006528578405079811,0.03680009949382336,-0.012119851694585487
7.28,-0.047285613719727115,-0.025886210598978172,0.006691047748966904,0.04112879804932376,-0.012076345391195417
7.35,-0.03670946739486616,-0.016896166277829416,0.006854124493313608,0.045457496604824114,-0.012032839087805346
7.42,-0.026133321070005086,-0.007906121956680542,0.007017767669298031,0.04978619516032452,-0.011989332784415276
7.49,-0.015557174745144002,0.001083922364468328,0.007181936308098281,0.054114893715824924,-0.011945826481025205
7.56,-0.00498102842028305,0.010073966685617091,0.007346589440892467,0.05844359227132528,-0.011902320177635132
7.63,0.005595117904578041,0.01906401100676596,0.007511686098858705,0.06277229082682567,-0.011858813874245063
7.7,0.016171264229439125,0.028054055327914836,0.007677185313175102,0.06710098938232609,-0.01181530757085499
7.77,0.02674741055430007,0.037044099649063585,0.007843046115019767,0.07142968793782642,-0.01177180126746492
7.84,0.03732355687916116,0.046034143970212466,0.00800922753557081,0.07575838649332683,-0.011728294964074848
7.91,0.04789970320402223,0.055024188291361326,0.008175688606006348,0.08008708504882724,-0.01168478866068478
7.98,0.05847584952888333,0.06401423261251021,0.008342388357504482,0.08441578360432764,-0.011641282357294707
8.05,0.06905199585374441,0.07300427693365907,0.008509285821243329,0.08874448215982805,-0.011597776053904637
8.12,0.07962814217860523,0.08199432125480773,0.008676340028400986,0.09307318071532836,-0.011554269750514564
8.19,0.0902042885034663,0.09098436557595659,0.00884351001015558,0.09740187927082875,-0.011510763447124496
8.26,0.10078043482832738,0.09997440989710546,0.009010754797685209,0.10173057782632916,-0.011467257143734422
8.33,0.11135658115318849,0.10896445421825435,0.009178033422167994,0.10605927638182956,-0.011423750840344353
8.4,0.12193272747804959,0.11795449853940324,0.009345304914782037,0.11038797493732996,-0.01138024453695428
8.47,0.13250887380291063,0.12694454286055207,0.009512528306705448,0.11471667349283036,-0.01133673823356421
8.54,0.14308502012777147,0.13593458718170073,0.009679662629116341,0.11904537204833067,-0.011293231930174142
8.61,0.15366116645263256,0.1449246315028496,0.009846666913192824,0.12337407060383107,-0.011249725626784071
8.68,0.16423731277749362,0.15391467582399848,0.010013500190113009,0.12770276915933146,-0.011206219323393999
8.75,0.1748134591023547,0.16290472014514734,0.010180121491055,0.13203146771483187,-0.011162713020003929
8.82,0.1853896054272158,0.17189476446629623,0.010346489847196915,0.1363601662703323,-0.011119206716613858
8.89,0.1959657517520769,0.1808848087874451,0.010512564289716865,0.14068886482583268,-0.011075700413223788
8.96,0.20654189807693799,0.18987485310859398,0.01067830384979295,0.1450175633813331,-0.011032194109833715
9.03,0.2171180444017988,0.19886489742974262,0.010843667558603285,0.1493462619368334,-0.010988687806443647
9.1,0.3940631717202334,0.3247034514732335,0.011008614447325983,0.15367496049233378,-0.010945181503053576
9.17,0.571008299038668,0.45054200551672435,0.011173103547139157,0.1580036590478342,-0.010901675199663502
9.24,0.7479534263571025,0.5763805595602153,0.011337093889220908,0.16233235760333461,-0.010858168896273434
9.31,0.9248985536755371,0.7022191136037061,0.011500544504749351,0.16666105615883497,-0.010814662592883361
9.38,1.1018436809939716,0.828057667647197,0.011663414424902593,0.17098975471433542,-0.010771156289493291
9.45,1.2787888083124017,0.9538962216906847,0.011825662680858747,0.1753184532698357,-0.010727649986103219
9.52,1.4557339356308363,1.0797347757341755,0.01198724830379593,0.1796471518253361,-0.01068414368271315
9.59,1.6326790629492707,1.2055733297776665,0.01214813032489224,0.18397585038083653,-0.010640637379323078
9.66,1.8096241902677053,1.3314118838211573,0.012308267775325794,0.18830454893633689,-0.010597131075933007
9.73,1.9865693175861399,1.4572504378646483,0.012467619686274701,0.19263324749183733,-0.010553624772542935
9.8,2.1635144449045747,1.583088991908139,0.012626145088917068,0.19696194604733772,-0.010510118469152866
9.87,2.3404595722230046,1.7089275459516269,0.012783803014431003,0.20129064460283802,-0.010466612165762793
9.94,2.517404699541439,1.8347660999951176,0.012940552493994624,0.2056193431583384,-0.010423105862372724
10.01,2.586414318757854,1.9606046540386086,0.013096352558786039,0.20994804171383882,-0.010379599558982652
10.08,2.655423937974269,2.0864432080820996,0.013251162239983358,0.21427674026933924,-0.010336093255592581
10.15,2.724433557190684,2.2122817621255906,0.01340494056876469,0.21860543882483963,-0.010292586952202509
10.22,2.7934431764070986,2.338120316169081,0.013557646576308143,0.22293413738034007,-0.01024908064881244
10.29,2.862452795623512,2.4639588702125694,0.01370923929379183,0.22726283593584035,-0.010205574345422372
10.36,2.9314624148399266,2.58979742425606,0.013859677752393858,0.23159153449134073,-0.0101620680420323
10.43,3.000472034056342,2.715635978299551,0.014008920983292344,0.23592023304684112,-0.010118561738642229
10.5,3.0694816532727573,2.841474532343042,0.01415692801766539,0.24024893160234156,-0.010075055435252158
10.57,3.138491272489172,2.9673130863865325,0.01430365788669111,0.24457763015784195,-0.010031549131862086
10.64,3.2075008917055867,3.0931516404300234,0.014449069621547617,0.24890632871334234,-0.009988042828472014
10.71,3.276510510922001,3.218990194473515,0.014593122253413018,0.2532350272688428,-0.009944536525081945
10.78,3.3455201301384148,3.3448287485170023,0.014735774813465413,0.25756372582434306,-0.009901030221691873
10.85,3.2988098800328847,3.3209976692742162,0.014876986332882931,0.26189242437984345,-0.009857523918301804
10.92,3.2520996299273546,3.2971665900314293,0.015016715842843673,0.2662211229353439,-0.009814017614911732
10.99,3.205389379821825,3.273335510788643,0.015154922374525748,0.2705498214908442,-0.009770511311521662
11.06,3.158679129716294,3.249504431545856,0.015291564959107265,0.27487852004634467,-0.00972700500813159
11.13,3.111968879610764,3.225673352303069,0.01542660262776634,0.2792072186018451,-0.00968349870474152
11.2,3.065258629505235,3.201842273060283,0.015559994411681072,0.2835359171573454,-0.009639992401351449
11.27,3.0185483793997046,3.1780111938174964,0.015691699342029585,0.28786461571284583,-0.009596486097961378
11.34,2.9718381292941745,3.15418011457471,0.015821676449989986,0.29219331426834616,-0.009552979794571306
11.41,2.925127879188645,3.130349035331923,0.01594988476674038,0.2965220128238466,-0.009509473491181237
11.48,2.8784176290831143,3.106517956089136,0.016076283323458878,0.300850711379347,-0.009465967187791163
11.55,2.831707378977584,3.0826868768463496,0.01620083115132359,0.3051794099348474,-0.009422460884401095
11.62,2.7849971288720554,3.0588557976035635,0.016323487281512627,0.3095081084903477,-0.009378954581011022
11.69,2.738286878766525,3.035024718360776,0.0164442107452041,0.3138368070458481,-0.009335448277620952
11.76,2.691576628660995,3.01119363911799,0.01656296057357612,0.3181655056013485,-0.00929194197423088
11.83,2.6448663785554647,2.987362559875203,0.01667969579780679,0.32249420415684893,-0.009248435670840811
11.9,2.5981561284499346,2.9635314806324162,0.01679437544907423,0.3268229027123494,-0.009204929367450739
11.97,2.5514458783444045,2.9397004013896297,0.016906958558556548,0.3311516012678497,-0.009161423064060667
12.04,2.5047356282388753,2.9158693221468437,0.01701740415743185,0.33548029982335004,-0.0091179167606706
12.11,2.458025378133345,2.8920382429040568,0.01712567127687825,0.33980899837885037,-0.009074410457280527
12.18,2.411315128027815,2.86820716366127,0.017231718948073856,0.3441376969343508,-0.009030904153890457
12.25,2.3646048779222846,2.8443760844184838,0.017335506202196777,0.34846639548985126,-0.008987397850500385
12.32,2.3178946278167545,2.820545005175697,0.017436992070425126,0.3527950940453516,-0.008943891547110316
12.39,2.2711843777112244,2.7967139259329103,0.01753613558393701,0.35712379260085203,-0.008900385243720242
12.46,2.2244741276056943,2.7728828466901234,0.017632895773910542,0.3614524911563525,-0.008856878940330173
12.53,2.177763877500165,2.7490517674473374,0.017727231671523826,0.36578118971185275,-0.008813372636940103
12.6,2.131053627394635,2.7252206882045504,0.017819102307954977,0.37010988826735314,-0.008769866333550033
12.67,2.1373623155198924,2.701389608961764,0.017908466714382114,0.3744385868228536,-0.00872636003015996
12.74,2.1436710036451503,2.6775585297189775,0.017995283921983334,0.3787672853783539,-0.00868285372676989
12.81,2.149979691770408,2.6537274504761905,0.018079512961936748,0.38309598393385436,-0.00863934742337982
12.88,2.156288379895666,2.6298963712334036,0.01816111286542047,0.38742468248935474,-0.008595841119989747
12.95,2.1625970680209234,2.6060652919906175,0.01824004266361261,0.391753381044855,-0.008552334816599677
13.02,2.1689057561461813,2.5822342127478306,0.018316261387691282,0.39608207960035546,-0.008508828513209608
13.09,2.1752144442714387,2.5584031335050446,0.01838972806883459,0.40041077815585585,-0.008465322209819534
13.16,2.1815231323966966,2.5345720542622576,0.01846040173822064,0.4047394767113563,-0.008421815906429465
13.23,2.1878318205219545,2.5107409750194707,0.01852824142702755,0.4090681752668567,-0.008378309603039393
13.3,2.194140508647212,2.486909895776684,0.01859320616643343,0.41339687382235707,-0.008334803299649324
13.37,2.2004491967724693,2.463078816533898,0.018655254987616388,0.4177255723778574,-0.008291296996259252
13.44,2.206757884897727,2.439247737291111,0.018714346921754534,0.42205427093335773,-0.008247790692869184
13.51,2.213066573022985,2.4154166580483247,0.018770441000025975,0.4263829694888582,-0.008204284389479111
13.58,2.219375261148243,2.391585578805538,0.018823496253608834,0.43071166804435856,-0.008160778086089041
13.65,2.2256839492735008,2.3677544995627513,0.018873471713681204,0.43504036659985895,-0.008117271782698969
13.72,2.231992637398758,2.343923420319965,0.018920326411421204,0.4393690651553594,-0.008073765479308898
13.79,2.238301325524016,2.3200923410771783,0.018964019378006944,0.4436977637108597,-0.008030259175918828
13.86,2.2446100136492735,2.296261261834392,0.019004509644616537,0.4480264622663601,-0.007986752872528756
13.93,2.2509187017745313,2.272430182591605,0.019041756242428085,0.4523551608218605,-0.007943246569138687
14.0,2.257227389899789,2.2485991033488184,0.019075718202619697,0.45668385937736095,-0.007899740265748613
14.07,2.2635360780250466,2.2247680241060315,0.01910635455636949,0.4610125579328613,-0.007856233962358544
14.14,2.2698447661503045,2.2009369448632445,0.019133624334855586,0.4653412564883617,-0.007812727658968472
14.21,2.2761534542755624,2.177105865620458,0.01915748656925606,0.4696699550438621,-0.007769221355578402
14.28,2.28246214240082,2.153274786377672,0.01917790029074906,0.4739986535993624,-0.007725715052188331
14.35,2.2887708305260777,2.129443707134885,0.01919482453051267,0.47832735215486283,-0.007682208748798261
14.42,2.2882069482513314,2.1314794238639028,0.01920813602495398,0.4817154569526387,-0.007638702445408189
14.49,2.287643065976585,2.133515140592921,0.0192173823313959,0.4851035617504146,-0.007595196142018119
14.56,2.287079183701839,2.1355508573219386,0.019222028712390322,0.4884916665481905,-0.0075516898386280475
14.63,2.286515301427093,2.1375865740509568,0.01922154043048913,0.49187977134596633,-0.007508183535237976
14.7,2.2859514191523465,2.1396222907799745,0.019215382748244213,0.4952678761437422,-0.0074646772318479075
14.77,2.2853875368776007,2.1416580075089917,0.01920302092820745,0.4986559809415181,-0.007421170928457836
14.84,2.2848236546028544,2.1436937242380103,0.01918392023293072,0.5020440857392939,-0.007377664625067766
14.91,2.284259772328108,2.145729440967028,0.019157545924965932,0.5054321905370699,-0.007334158321677694
14.98,2.283695890053362,2.1477651576960457,0.019123363266864948,0.5088202953348459,-0.007290652018287623
15.05,2.283132007778616,2.149800874425064,0.019080837521179658,0.5122084001326217,-0.007247145714897551
15.12,2.2825681255038694,2.1518365911540815,0.01902943395046196,0.5155965049303974,-0.007203639411507481
15.19,2.282004243229123,2.1538723078830992,0.01896861781726372,0.5189846097281734,-0.007160133108117411
15.26,2.281440360954377,2.1559080246121174,0.018897854384136843,0.5223727145259494,-0.0071166268047273395
15.33,2.2808764786796307,2.157943741341135,0.018816608913633206,0.5257608193237252,-0.007073120501337269
15.4,2.280312596404885,2.159979458070153,0.018724346668304685,0.529148924121501,-0.007029614197947198
15.47,2.2797487141301387,2.162015174799171,0.018620532910703185,0.532537028919277,-0.006986107894557126
15.54,2.2791848318553924,2.1640508915281886,0.018504632903380572,0.5359251337170527,-0.006942601591167057
15.61,2.278620949580646,2.1660866082572063,0.018376111908888743,0.5393132385148287,-0.0068990952877769855
15.68,2.2780570673059,2.1681223249862245,0.01823443518977957,0.5427013433126046,-0.006855588984386915
15.75,2.2774931850311533,2.1701580417152417,0.018079068008604954,0.5460894481103804,-0.006812082680996844
15.82,2.2769293027564075,2.17219375844426,0.017909475627916782,0.5494775529081564,-0.0067685763776067715
15.89,2.2763654204816612,2.174229475173278,0.01772512331026692,0.5528656577059322,-0.0067250700742167
15.96,2.275801538206915,2.1762651919022957,0.017525476318207264,0.5562537625037081,-0.00668156377082663
16.03,2.2752376559321688,2.178300908631314,0.01730999991428971,0.559641867301484,-0.006638057467436558
16.1,2.2746737736574225,2.180336625360331,0.01707815936106613,0.5630299720992599,-0.006594551164046488
16.17,2.2741098913826763,2.1823723420893493,0.016829419921088405,0.5664180768970357,-0.006551044860656417
16.24,2.27354600910793,2.184408058818367,0.01656324685690845,0.5698061816948115,-0.006507538557266349
16.31,2.272982126833184,2.1864437755473847,0.016279105431078116,0.5731942864925874,-0.006464032253876277
16.38,2.272418244558438,2.188479492276403,0.015976460906149303,0.5765823912903634,-0.006420525950486207
16.45,2.2718543622836918,2.1905152090054205,0.01565477854467388,0.5799704960881392,-0.006377019647096136
16.52,2.2712904800089455,2.192550925734438,0.015313523609203754,0.5833586008859151,-0.006333513343706064
16.59,2.270726597734199,2.194586642463456,0.014952161362290807,0.586746705683691,-0.006290007040315994
16.66,2.270162715459453,2.196622359192474,0.01457015706648691,0.5901348104814669,-0.0062465007369259225
16.73,2.269598833184707,2.198658075921492,0.01416697598434397,0.5935229152792428,-0.006202994433535851
16.8,2.2690349509099605,2.20069379265051,0.013742083378413858,0.5969110200770187,-0.006159488130145781
16.87,2.2684710686352143,2.2027295093795276,0.013294944511248453,0.6002991248747945,-0.006115981826755709
16.94,2.267907186360468,2.2047652261085453,0.012825024645399655,0.6036872296725705,-0.006072475523365638
17.01,2.267343304085722,2.2068009428375635,0.01233178904341935,0.6070753344703463,-0.006028969219975568
17.08,2.2667794218109756,2.208836659566581,0.011814702967859428,0.6104634392681221,-0.005985462916585498
17.15,2.2662155395362293,2.210872376295599,0.01127323168127175,0.613851544065898,-0.005941956613195428
17.22,2.2656516572614835,2.212908093024617,0.010706840446208217,0.6172396488636739,-0.005898450309805356
17.29,2.2650877749867373,2.2149438097536347,0.010114994525220702,0.6206277536614497,-0.005854944006415286
17.36,2.264523892711991,2.2169795264826524,0.009497159180861109,0.6240158584592257,-0.005811437703025214
17.43,2.263960010437245,2.2190152432116705,0.008852799675681308,0.6274039632570015,-0.005767931399635142
17.5,2.2633961281624986,2.2210509599406887,0.00818138127223319,0.6307920680547774,-0.005724425096245072
17.57,2.2628322458877523,2.2230866766697064,0.007482369233068642,0.6341801728525533,-0.0056809187928550005
17.64,2.262268363613006,2.225122393398724,0.006755228820739551,0.6375682776503293,-0.005637412489464929
17.71,2.26170448133826,2.227158110127742,0.005999425297797796,0.6409563824481052,-0.005593906186074859
17.78,2.2611405990635136,2.2291938268567595,0.005214423926795272,0.644344487245881,-0.005550399882684787
17.85,2.2605767167887674,2.231229543585778,0.004399689970283853,0.647732592043657,-0.005506893579294717
17.92,2.260012834514021,2.2332652603147958,0.0035546886908154277,0.6511206968414329,-0.0054633872759046465
17.99,2.259448952239275,2.2353009770438135,0.0026788853509419324,0.6545088016392085,-0.005419880972514578
18.06,2.2588850699645286,2.237336693772831,0.0017717452132151625,0.6578969064369845,-0.005376374669124506
18.13,2.2583211876897824,2.239372410501849,0.0008327335401870396,0.6612850112347604,-0.005332868365734435
18.2,2.257757305415036,2.2414081272308666,-0.00013868440559055076,0.6646731160325362,-0.005289362062344365
18.27,2.2571934231402904,2.2434438439598847,-0.0011430433615657112,0.6680612208303122,-0.005245855758954293
18.34,2.2566295408655437,2.2454795606889024,-0.0021808780651865634,0.671449325628088,-0.005202349455564222
18.41,2.256065658590798,2.2475152774179206,-0.0032527232539012255,0.674837430425864,-0.0051588431521741515
18.48,2.2555017763160516,2.2495509941469383,-0.004359113665157814,0.6782255352236398,-0.00511533684878408
18.55,2.254937894041305,2.251586710875956,-0.005500584036404434,0.6816136400214157,-0.00507183054539401
18.62,2.254374011766559,2.253622427604974,-0.006677669105089204,0.6850017448191916,-0.005028324242003938
18.69,2.253810129491813,2.255658144333992,-0.007890903608660241,0.6883898496169676,-0.004984817938613867
18.76,2.2532462472170667,2.2576938610630095,-0.009140822284565659,0.6917779544147433,-0.004941311635223796
18.83,2.252682364942321,2.2597295777920277,-0.010427959870253516,0.6951660592125191,-0.004897805331833727
18.9,2.252118482667574,2.2617652945210454,-0.011752851103172037,0.698554164010295,-0.004854299028443656
18.97,2.2515546003928284,2.263801011250063,-0.013116030720769278,0.701942268808071,-0.004810792725053584
19.04,2.250990718118082,2.265836727979081,-0.01451803346049337,0.7053303736058467,-0.004767286421663514
19.11,2.2504268358433355,2.2678724447080985,-0.01595939405979241,0.7087184784036227,-0.004723780118273443
19.18,2.2498629535685897,2.2699081614371166,-0.017440647256114515,0.7121065832013986,-0.004680273814883371
19.25,2.2492990712938434,2.2719438781661347,-0.018962327786907807,0.7154946879991744,-0.004636767511493301
19.32,2.248735189019097,2.2739795948951524,-0.0205249703896204,0.7188827927969503,-0.0045932612081032295
19.39,2.248171306744351,2.27601531162417,-0.022129109801700412,0.7222708975947263,-0.004549754904713158
19.46,2.2476074244696047,2.2780510283531883,-0.02377528076059594,0.7256590023925023,-0.004506248601323088
19.53,2.2470435421948585,2.280086745082206,-0.025464018003755112,0.729047107190278,-0.004462742297933016
19.6,2.2464796599201122,2.2821224618112237,-0.027195856268626036,0.732435211988054,-0.004419235994542947
19.67,2.245915777645366,2.284158178540242,-0.028971330292656847,0.7358233167858299,-0.0043757296911528755
19.74,2.2453518953706197,2.2861938952692595,-0.03079097481329554,0.7392114215836055,-0.004332223387762806
19.81,2.2447880130958735,2.2882296119982772,-0.032655324567990425,0.7425995263813814,-0.004288717084372735
19.88,2.2442241308211273,2.290265328727295,-0.034564914294189536,0.7459876311791573,-0.004245210780982664
19.95,2.243660248546381,2.292301045456313,-0.036520278729340966,0.7493757359769333,-0.004201704477592593
20.02,2.243096366271635,2.2943367621853312,-0.03852195261089284,0.752763840774709,-0.004158198174202522
20.09,2.242532483996889,2.296372478914349,-0.04057047067629328,0.756151945572485,-0.004114691870812451
20.16,2.2419686017221427,2.2984081956433666,-0.04266636766299039,0.759540050370261,-0.0040711855674223805
20.23,2.2414047194473965,2.3004439123723843,-0.044810178308432286,0.7629281551680368,-0.004027679264032309
20.3,2.2408408371726503,2.3024796291014025,-0.0470024373500671,0.7663162599658128,-0.003984172960642237
20.37,2.240276954897904,2.30451534583042,-0.049243679525342914,0.7697043647635886,-0.0039406666572521665
20.44,2.2397130726231578,2.3065510625594383,-0.05153443957170786,0.7730924695613646,-0.003897160353862095
20.51,2.2391491903484115,2.308586779288456,-0.05387525222661008,0.7764805743591405,-0.0038536540504720243
20.58,2.2385853080736653,2.3106224960174737,-0.05626665222749751,0.7798686791569162,-0.003810147747081955
20.65,2.238021425798919,2.312658212746492,-0.05870917431181855,0.783256783954692,-0.0037666414436918843
20.72,2.237457543524173,2.314693929475509,-0.061203353217021195,0.786644888752468,-0.0037231351403018134
20.79,2.236893661249427,2.3167296462045273,-0.06374972368055352,0.7900329935502438,-0.0036796288369117425
20.86,2.2363297789746808,2.318765362933545,-0.0663488204398637,0.7934210983480197,-0.003636122533521671
20.93,2.2357658966999345,2.3208010796625627,-0.0690011782323998,0.7968092031457956,-0.0035926162301316003
21.0,2.235202014425188,2.322836796391581,-0.07170733179560992,0.8001973079435715,-0.0035491099267415294
21.07,2.234638132150442,2.3248725131205985,-0.07446781586694225,0.8035854127413473,-0.0035056036233514585
21.14,2.234074249875696,2.326908229849616,-0.07728316518384484,0.8069735175391233,-0.003462097319961387
21.21,2.2335103676009496,2.3289439465786343,-0.08015391448376584,0.8103616223368991,-0.003418591016571317
21.28,2.2329464853262033,2.330979663307652,-0.08308059850415334,0.8137497271346751,-0.0033750847131812462
21.35,2.2323826030514566,2.33301538003667,-0.08606375198245544,0.817137831932451,-0.0033315784097911754
21.42,2.231818720776711,2.335051096765688,-0.08910390965612029,0.8205259367302269,-0.003288072106401104
21.49,2.2312548385019646,2.3370868134947056,-0.09220160626259588,0.8239140415280025,-0.003244565803011035
21.56,2.1363376086974455,2.238919799661111,-0.09535737653933056,0.8273021463257786,-0.003201059499620964
21.63,2.041420378892926,2.1407527858275164,-0.09857175522377229,0.8306902511235543,-0.003157553196230893
21.7,1.9465031490884066,2.0425857719939224,-0.10184527705336925,0.8340783559213303,-0.003114046892840822
21.77,1.851585919283887,1.9444187581603276,-0.10517847676556952,0.8374664607191062,-0.0030705405894507513
21.84,1.7566686894793677,1.8462517443267332,-0.10857188909782123,0.840854565516882,-0.003027034286060679
21.91,1.6617514596748482,1.7480847304931388,-0.11202604878757247,0.8442426703146579,-0.0029835279826706087
21.98,1.5668342298703288,1.6499177166595442,-0.11554149057227137,0.8476307751124339,-0.0029400216792805378
22.05,1.4719170000658095,1.5517507028259498,-0.11911874918936603,0.8510188799102097,-0.002896515375890467
22.12,1.3769997702612902,1.4535836889923552,-0.12275835937630455,0.8544069847079856,-0.002853009072500395
22.19,1.2820825404567704,1.3554166751587609,-0.12646085587053513,0.8577950895057616,-0.0028095027691103242
22.26,1.1871653106522513,1.2572496613251665,-0.13022677340950578,0.8611831943035374,-0.0027659964657202533
22.33,1.0922480808477368,1.1590826474915767,-0.1340566467306645,0.8645712991013131,-0.0027224901623301846
22.4,0.9973308510432172,1.0609156336579824,-0.1379510105714597,0.867959403899089,-0.0026789838589401137
22.47,0.9024136212386977,0.9627486198243878,-0.1419103996693394,0.871347508696865,-0.0026354775555500424
22.54,0.8074963914341784,0.8645816059907934,-0.14593534876175165,0.8747356134946408,-0.002591971252159972
22.61,0.7125791616296591,0.766414592157199,-0.15002639258614464,0.8781237182924166,-0.0025484649487699006
22.68,0.6176619318251396,0.6682475783236044,-0.15418406587996641,0.8815118230901927,-0.0025049586453798297
22.75,0.5227447020206202,0.57008056449001,-0.15840890338066507,0.8848999278879685,-0.002461452341989759
22.82,0.42782747221610073,0.4719135506564154,-0.1627014398256888,0.8882880326857443,-0.0024179460385996875
22.89,0.3329102424115814,0.373746536822821,-0.16706220995248566,0.8916761374835204,-0.0023744397352096166
22.96,0.237993012607062,0.2755795229892265,-0.1714917484985038,0.8950642422812962,-0.0023309334318195453
23.03,0.14307578280254252,0.17741250915563198,-0.17599059020119126,0.898452347079072,-0.0022874271284294744
23.1,0.04815855299802316,0.07924549532203753,-0.18055926979799625,0.901840451876848,-0.002243920825039403
23.17,-0.04675867680649626,-0.01892151851155699,-0.18519832202636688,0.9052285566746239,-0.002200414521649332
23.24,-0.14167590661101082,-0.11708853234514649,-0.18990828162375092,0.9086166614723996,-0.0021569082182592634
23.31,-0.23659313641553023,-0.21525554617874096,-0.1946896833275971,0.9120047662701756,-0.0021134019148691926
23.38,-0.2249278868141626,-0.17592182039678705,-0.19954306187535312,0.9153928710679513,-0.0020698956114791217
23.45,-0.21326263721279498,-0.13658809461483318,-0.20446895200446732,0.9187809758657273,-0.0020263893080890508
23.52,-0.20159738761142737,-0.09725436883287931,-0.20946788845238767,0.9221690806635032,-0.0019828830046989794
23.59,-0.18993213801005976,-0.057920643050925424,-0.21454040595656232,0.9255571854612792,-0.0019393767013089085
23.66,-0.1782668884086922,-0.018586917268971576,-0.21968703925443936,0.9289452902590549,-0.0018958703979188377
23.73,-0.1666016388073246,0.02074680851298233,-0.22490832308346692,0.9323333950568309,-0.0018523640945287661
23.8,-0.15493638920595698,0.060080534294936205,-0.23020479218109313,0.9357214998546068,-0.0018088577911386952
23.87,-0.14327113960458937,0.09941426007689008,-0.23557698128476603,0.9391096046523826,-0.0017653514877486243
23.94,-0.13160589000322173,0.138747985858844,-0.2410254251319339,0.9424977094501585,-0.0017218451843585532
24.01,-0.11994064040185412,0.1780817116407978,-0.24655065846004467,0.9458858142479345,-0.0016783388809684823
24.08,-0.10827539080048709,0.2174154374227497,-0.2521532160065463,0.9492739190457101,-0.0016348325775784134
24.15,-0.09661014119911951,0.2567491632047036,-0.2578336325088874,0.952662023843486,-0.0015913262741883425
24.22,-0.0849448915977519,0.29608288898665747,-0.2635924427045159,0.956050128641262,-0.0015478199707982714
24.29,-0.07327964199638429,0.33541661476861134,-0.2694301813308797,0.9594382334390378,-0.0015043136674082005
24.36,-0.06161439239501669,0.3747503405505653,-0.27534738312542717,0.9628263382368136,-0.0014608073640181294
24.43,-0.049949142793649086,0.41408406633251915,-0.2813445828256063,0.9662144430345897,-0.0014173010606280585
24.5,-0.03828389319228147,0.4534177921144731,-0.28742231516886513,0.9696025478323655,-0.001373794757237987
24.57,-0.026618643590913857,0.4927515178964269,-0.29358111489265193,0.9729906526301414,-0.001330288453847916
24.64,-0.01495339398954626,0.5320852436783807,-0.29982151673441476,0.9763787574279174,-0.0012867821504578452
24.71,-0.0032881443881786487,0.5714189694603347,-0.3061440554316016,0.9797668622256932,-0.001243275847067774
24.78,0.008377105213188955,0.6107526952422885,-0.3125492657216608,0.983154967023469,-0.0011997695436777032
24.85,0.020042354814556566,0.6500864210242423,-0.3190376823420404,0.986543071821245,-0.001156263240287632
24.92,0.03170760441592418,0.6894201468061963,-0.3256098400301884,0.9899311766190209,-0.0011127569368975612
24.99,0.04337285401729119,0.7287538725881482,-0.33226627352355265,0.9933192814167966,-0.0010692506335074924
25.06,0.0550381036186588,0.7680875983701021,-0.33900751755958203,0.9967073862145726,-0.0010257443301174213
25.13,0.04753158057570187,0.7539544686683592,-0.345834106875724,1.0000954910123485,-0.0009822380267273504
25.2,0.040025057532744934,0.7398213389666163,-0.35274657620942707,1.0034835958101243,-0.0009387317233372793
25.27,0.032518534489788004,0.7256882092648733,-0.3597454602981392,1.0068717006079002,-0.0008952254199472082
25.34,0.025012011446831073,0.7115550795631302,-0.36683129387930846,1.0102598054056762,-0.0008517191165571371
25.41,0.017505488403874142,0.6974219498613874,-0.37400461169038296,1.013647910203452,-0.000808212813167066
25.48,0.009998965360917211,0.6832888201596444,-0.38126594846881084,1.0170360150012279,-0.0007647065097769949
25.55,0.0024924423179602806,0.6691556904579014,-0.3886158389520403,1.0204241197990038,-0.000721200206386924
25.62,-0.005014080724996657,0.6550225607561585,-0.3960548178775193,1.0238122245967798,-0.0006776939029968531
25.69,-0.012520603767953588,0.6408894310544155,-0.4035834199826961,1.0272003293945555,-0.0006341875996067818
25.76,-0.020027126810910525,0.6267563013526726,-0.4112021800050187,1.0305884341923315,-0.0005906812962167111
25.83,-0.027533649853867075,0.6126231716509303,-0.418911632681935,1.0339765389901072,-0.0005471749928266424
25.9,-0.03504017289682401,0.5984900419491874,-0.42671231275089355,1.037364643787883,-0.0005036686894365713
25.97,-0.04254669593978094,0.5843569122474443,-0.4346047549493425,1.0407527485856591,-0.0004601623860465002
26.04,-0.050053218982737874,0.5702237825457015,-0.4425894940147295,1.0441408533834349,-0.0004166560826564293
26.11,-0.057559742025694804,0.5560906528439585,-0.45066706468450307,1.0475289581812106,-0.0003731497792663582
26.18,-0.06506626506865174,0.5419575231422155,-0.4588380016961113,1.0509170629789868,-0.00032964347587628707
26.25,-0.07257278811160868,0.5278243934404726,-0.467102839787002,1.0543051677767625,-0.00028613717248621596
26.32,-0.0800793111545656,0.5136912637387296,-0.47546211369462343,1.0576932725745383,-0.00024263086909614507
26.39,-0.08758583419752254,0.4995581340369866,-0.48391635815642403,1.0610813773723144,-0.00019912456570607396
26.46,-0.09509235724047946,0.48542500433524366,-0.49246610790985146,1.0644694821700902,-0.00015561826231600285
26.53,-0.1025988802834364,0.47129187463350075,-0.501111897692354,1.0678575869678661,-0.00011211195892593174
26.6,-0.11010540332639335,0.45715874493175773,-0.5098542622413798,1.071245691765642,-6.860565553586107e-05
26.67,-0.11761192636935026,0.44302561523001477,-0.5186937362943768,1.0746337965634178,-2.5099352145789957e-05
26.74,-0.12511844941230682,0.42889248552827247,-0.5276308545887929,1.0780219013611938,1.8406951244278767e-05
26.81,-0.13262497245526375,0.41475935582652956,-0.536666151862077,1.0814100061589695,6.191325463434988e-05
26.88,-0.14013149549822068,0.40062622612478666,-0.5458001628516767,1.0847981109567455,0.00010541955802442077
26.95,-0.20420358635243013,0.38649309642304364,-0.5550334222950404,1.0881862157545215,0.00014892586141449198
27.02,-0.2682756772066396,0.3723599667213007,-0.5643664649296157,1.0915743205522972,0.00019243216480456298
27.09,-0.332347768060849,0.3582268370195577,-0.5737998254928514,1.0949624253500732,0.0002359384681946341
27.16,-0.39641985891505843,0.34409370731781475,-0.583334038722195,1.0983505301478491,0.0002794447715847051
27.23,-0.46049194976926777,0.3299605776160718,-0.592969639355095,1.1017386349456249,0.0003229510749747761
27.3,-0.5245640406234773,0.3158274479143288,-0.6027071621289993,1.1051267397434008,0.000366457378364847
27.37,-0.5886361314776867,0.3016943182125859,-0.612547141781356,1.1085148445411768,0.0004099636817549182
27.44,-0.6527082223318962,0.2875611885108429,-0.6224901130496135,1.1119029493389525,0.0004534699851449891
27.51,-0.7167803131861056,0.2734280588090999,-0.6325366106712196,1.1152910541367285,0.0004969762885350603
27.58,-0.7808524040403116,0.2592949291073577,-0.642687169383622,1.1186791589345042,0.0005404825919251291
27.65,-0.8449244948945211,0.24516179940561475,-0.65294232392427,1.1220672637322802,0.0005839888953152
27.72,-0.9089965857487305,0.2310286697038718,-0.6633026090306109,1.1254553685300561,0.0006274951987052711
27.79,-0.9730686766029399,0.21689554000212882,-0.6737685594400932,1.1288434733278319,0.0006710015020953421
27.86,-0.9145025319206017,0.20276241030038583,-0.6843407098901644,1.1322315781256078,0.0007145078054854133
27.93,-0.8559363872382636,0.1886292805986429,-0.6950195951182733,1.1356196829233838,0.0007580141088754841
28.0,-0.7973702425559254,0.17449615089689996,-0.7058057498618676,1.1390077877211595,0.0008015204122655553
28.07,-0.7388040978735871,0.16036302119515697,-0.7166997088583956,1.1423958925189355,0.0008450267156556263
28.14,-0.680237953191249,0.146229891493414,-0.7277020068453052,1.1457839973167114,0.0008885330190456974
28.21,-0.6216718085089108,0.13209676179167104,-0.7388131785600448,1.1491721021144872,0.0009320393224357683
28.28,-0.5631056638265726,0.11796363208992808,-0.7500337587400624,1.1525602069122631,0.0009755456258258395
28.35,-0.5045395191442343,0.10383050238818511,-0.7613642821228062,1.155948311710039,0.0010190519292159104
28.42,-0.4459733744618961,0.08969737268644216,-0.772805283445724,1.1593364165078148,0.0010625582326059813
28.49,-0.3874072297795609,0.07556424298469991,-0.7843572974462635,1.1627245213055908,0.0011060645359960502
28.56,-0.3288410850972227,0.06143111328295695,-0.7960208588618741,1.1661126261033665,0.0011495708393861213
28.63,-0.2702749404148845,0.04729798358121399,-0.8077965024300033,1.1695007309011425,0.0011930771427761922
28.7,-0.2683727342986212,0.03132329910914533,-0.8196784497650229,1.1675596403431134,0.002618774786000499
28.77,-0.26647052818235795,0.01534861463707668,-0.8316356699889993,1.1656185497850842,0.004044472429224805
28.84,-0.2645683220660947,-0.0006260698349919713,-0.8436308191009224,1.1636774592270551,0.005470170072449112
28.91,-0.2626661159498314,-0.016600754307060622,-0.8556265530997826,1.1617363686690259,0.006895867715673418
28.98,-0.2607639098335682,-0.03257543877912928,-0.8675855279845702,1.1597952781109966,0.008321565358897724
29.05,-0.25886170371730494,-0.04855012325119794,-0.8794703997542752,1.1578541875529673,0.00974726300212203
29.12,-0.25695949760104164,-0.06452480772326658,-0.8912438244078877,1.1559130969949383,0.011172960645346336
29.19,-0.2550572914847784,-0.08049949219533524,-0.902868457944398,1.153972006436909,0.012598658288570644
29.26,-0.25315508536851516,-0.09647417666740389,-0.9143069563627957,1.15203091587888,0.01402435593179495
29.33,-0.251252879252252,-0.11244886113947175,-0.9255219756620711,1.150089825320851,0.015450053575019185
29.4,-0.24935067313598872,-0.1284235456115404,-0.9364761718412148,1.1481487347628216,0.01687575121824349
29.47,-0.24744846701972548,-0.14439823008360905,-0.9471322008992171,1.1462076442047924,0.018301448861467798
29.54,-0.24554626090346224,-0.1603729145556777,-0.9574527188350676,1.1442665536467633,0.019727146504692105
29.61,-0.24364405478719894,-0.17634759902774635,-0.9674003816477567,1.142325463088734,0.021152844147916412
29.68,-0.2417418486709357,-0.192322283499815,-0.9769378453362739,1.1403843725307048,0.022578541791140716
29.75,-0.23983964255467247,-0.20829696797188363,-0.9860277658996103,1.1384432819726757,0.024004239434365023
29.82,-0.23793743643840917,-0.2242716524439523,-0.9946327993367557,1.1365021914146467,0.025429937077589327
29.89,-0.23603523032214593,-0.24024633691602099,-1.0027156016467,1.1345611008566174,0.026855634720813638
29.96,-0.2341330242058827,-0.2562210213880896,-1.0102388288284336,1.1326200102985882,0.028281332364037945
30.03,-0.2322308180896194,-0.27219570586015823,-1.0171651368809467,1.1306789197405591,0.02970703000726225
30.1,-0.23032861197335616,-0.2881703903322269,-1.023457181803229,1.1287378291825299,0.031132727650486556
30.17,-0.22842640585709292,-0.3041450748042956,-1.029077619594271,1.1267967386245008,0.03255842529371086
30.24,-0.22652419974082977,-0.32011975927636344,-1.0339891062530624,1.1248556480664718,0.0339841229369351
30.31,-0.2246219936245665,-0.33609444374843206,-1.0381542977785942,1.1229145575084423,0.0354098205801594
30.38,-0.22271978750830324,-0.35206912822050074,-1.0415358501698557,1.1209734669504132,0.03683551822338371
30.45,-0.22081758139204,-0.36804381269256936,-1.0440964194258378,1.1190323763923842,0.038261215866608016
30.52,-0.2189153752757767,-0.38401849716463804,-1.045809099360326,1.117091285834355,0.03968691350983232
30.59,-0.21701316915951344,-0.39999318163670666,-1.046688735046291,1.1151501952763256,0.04111261115305664
30.66,-0.21511096304325023,-0.41596786610877534,-1.0467606093714992,1.1132091047182966,0.04253830879628094
30.73,-0.21320875692698693,-0.43194255058084396,-1.0460500052237176,1.1112680141602673,0.04396400643950524
30.8,-0.2113065508107237,-0.44791723505291264,-1.044582205490712,1.1093269236022383,0.04538970408272954
30.87,-0.20940434469446043,-0.46389191952498127,-1.042382493060249,1.107385833044209,0.04681540172595385
30.94,-0.20750213857819716,-0.4798666039970499,-1.0394761508200954,1.10544474248618,0.048241099369178156
31.01,-0.20559993246193392,-0.4958412884691186,-1.035888461658017,1.1035036519281507,0.04966679701240247
31.08,-0.20369772634567077,-0.5118159729411864,-1.0316447084617812,1.1015625613701217,0.0510924946556267
31.15,-0.2017955202294075,-0.527790657413255,-1.026770174119154,1.0996214708120924,0.052518192298851005
31.22,-0.19989331411314426,-0.5437653418853238,-1.0212901415179017,1.0976803802540633,0.053943889942075315
31.29,-0.197991107996881,-0.5597400263573924,-1.0152298935457906,1.095739289696034,0.05536958758529962
31.36,-0.19608890188061776,-0.575714710829461,-1.0086147130905883,1.093798199138005,0.05679528522852392
31.43,-0.1941866957643545,-0.5916893953015298,-1.0014698830400601,1.0918571085799758,0.05822098287174824
31.5,-0.19228448964809122,-0.6076640797735984,-0.9938206862819726,1.0899160180219467,0.05964668051497254
31.57,-0.19038228353182798,-0.623638764245667,-0.9856924057040929,1.0879749274639174,0.06107237815819684
31.64,-0.18848007741556472,-0.6396134487177357,-0.9771103241941872,1.0860338369058882,0.062498075801421145
31.71,-0.18657787129930142,-0.6555881331898044,-0.9680997246400217,1.0840927463478591,0.06392377344464546
31.78,-0.18467566518303818,-0.671562817661873,-0.9586858899293631,1.0821516557898299,0.06534947108786976
31.85,-0.1827734590667749,-0.6875375021339416,-0.9488941029499777,1.0802105652318006,0.06677516873109407
31.92,-0.18087125295051165,-0.7035121866060102,-0.9387496465896323,1.0782694746737715,0.06820086637431837
31.99,-0.1789690468342485,-0.7194868710780782,-0.9282778037360939,1.0763283841157425,0.06962656401754261
32.06,-0.17706684071798517,-0.7354615555501476,-0.917503857277127,1.0743872935577132,0.071052261660767
32.13,-0.17516463460172188,-0.7514362400222163,-0.9064530901004999,1.072446202999684,0.0724779593039913
32.2,-0.17326242848545864,-0.7674109244942849,-0.8951507850939786,1.0705051124416547,0.07390365694721561
32.27,-0.17136022236919538,-0.7833856089663536,-0.8836222251453295,1.0685640218836256,0.0753293545904399
32.34,-0.1694580162529321,-0.7675853570812241,-0.8718941597171018,1.0666229313255966,0.07675505223366422
32.41,-0.16755581013666906,-0.7517851051960962,-0.8599992045709782,1.0646818407675676,0.07818074987688838
32.48,-0.1656536040204058,-0.7359848533109667,-0.8479714420434198,1.0627407502095383,0.07960644752011269
32.55,-0.16375139790414256,-0.7201846014258372,-0.8358449544708917,1.0607996596515092,0.081032145163337
32.62,-0.1618491917878793,-0.7043843495407076,-0.8236538241898579,1.05885856909348,0.0824578428065613
32.69,-0.15994698567161603,-0.6885840976555782,-0.8114321335367822,1.056917478535451,0.0838835404497856
32.76,-0.1580447795553528,-0.6727838457704486,-0.7992139648481288,1.0549763879774217,0.08530923809300991
32.83,-0.15614257343908952,-0.6569835938853191,-0.7870334004603612,1.0530352974193924,0.08673493573623421
32.9,-0.15424036732282626,-0.6411833420001896,-0.7749245227099436,1.0510942068613631,0.08816063337945852
32.97,-0.15233816120656302,-0.62538309011506,-0.7629214139333399,1.049153116303334,0.08958633102268283
33.04,-0.15043595509029975,-0.6095828382299305,-0.7510581564670138,1.047212025745305,0.09101202866590714
33.11,-0.1485337489740365,-0.593782586344801,-0.7393688326474293,1.0452709351872758,0.09243772630913144
33.18,-0.14663154285777324,-0.5779823344596715,-0.7278875248110503,1.0433298446292465,0.09386342395235575
33.25,-0.14472933674150998,-0.5621820825745419,-0.7166483152943408,1.0413887540712174,0.09528912159558006
33.32,-0.1428271306252467,-0.5463818306894124,-0.7056852864337645,1.0394476635131882,0.09671481923880436
33.39,-0.14092492450898347,-0.5305815788042829,-0.6950325205657855,1.0375065729551591,0.09814051688202868
33.46,-0.1390227183927202,-0.5147813269191533,-0.6847241000268677,1.0355654823971299,0.09956621452525298
33.53,-0.13712051227645694,-0.49898107503402395,-0.674794107153475,1.0336243918391006,0.10099191216847729
33.6,-0.1352183061601937,-0.4831808231488943,-0.665276624282071,1.0316833012810716,0.10241760981170159
33.67,-0.13331610004393044,-0.46738057126376487,-0.6562057337491198,1.0297422107230425,0.10384330745492588
33.74,-0.13141389392766717,-0.4515803193786353,-0.6476155178910856,1.0278011201650132,0.1052690050981502
33.81,-0.12951168781140393,-0.43578006749350573,-0.6395400590444318,1.025860029606984,0.10669470274137449
33.88,-0.12760948169514066,-0.4199798156083763,-0.6320134395456227,1.0239189390489547,0.10812040038459882
33.95,-0.1257072755788774,-0.4041795637232467,-0.6250697417311222,1.0219778484909257,0.10954609802782311
34.02,-0.12380506946261416,-0.3883793118381172,-0.6187430479373937,1.0200367579328966,0.11097179567104742
34.09,-0.12190286334635089,-0.37257905995298773,-0.6130674405009017,1.0180956673748673,0.11239749331427173
34.16,-0.12000065723008782,-0.3567788080678598,-0.6080662478391027,1.0161545768168383,0.11382319095749589
34.23,-0.11809845111382458,-0.34097855618273026,-0.603719782693423,1.014213486258809,0.1152488886007202
34.3,-0.11619624499756132,-0.32517830429760075,-0.5999976038862819,1.01227239570078,0.1166745862439445
34.37,-0.11429403888129806,-0.30937805241247124,-0.5968692702400988,1.010331305142751,0.11810028388716881
34.44,-0.11239183276503481,-0.29357780052734167,-0.5943043405772932,1.0083902145847214,0.11952598153039312
34.51,-0.11048962664877154,-0.27777754864221216,-0.5922723737202846,1.0064491240266924,0.12095167917361742
34.58,-0.10858742053250828,-0.26197729675708264,-0.590742928491492,1.0045080334686634,0.12237737681684174
34.65,-0.10668521441624504,-0.24617704487195313,-0.5896855637133347,1.002566942910634,0.12380307446006604
34.72,-0.10478300829998177,-0.2303767929868236,-0.5890698382082322,1.0006258523526048,0.12522877210329034
34.79,-0.10288080218371852,-0.21457654110169408,-0.5888653107986038,0.9986847617945758,0.12665446974651468
34.86,-0.10097859606745527,-0.1987762892165646,-0.5890415403068687,0.9967436712365466,0.12808016738973896
34.93,-0.099076389951192,-0.18297603733143505,-0.5895680855554465,0.9948025806785172,0.12950586503296327
35.0,-0.09717418383492875,-0.16717578544630554,-0.5904145053667561,0.9928614901204881,0.13093156267618758
35.07,-0.0952719777186655,-0.151375533561176,-0.5915503585632171,0.990920399562459,0.1323572603194119
35.14,-0.09336977160240223,-0.1355752816760465,-0.5929452039672488,0.9889793090044299,0.13378295796263617
35.21,-0.09146756548613898,-0.11977502979091696,-0.5945686004012706,0.9870382184464006,0.13520865560586048
35.28,-0.08956535936987571,-0.10397477790578744,-0.5963901066877016,0.9850971278883716,0.1366343532490848
35.35,-0.08766315325361246,-0.08817452602065794,-0.5983792816489611,0.9831560373303424,0.1380600508923091
35.42,-0.08576094713734919,-0.07237427413552841,-0.6005056841074687,0.9812149467723131,0.1394857485355334
35.49,-0.08385874102108594,-0.056574022250398884,-0.6027388728856435,0.979273856214284,0.14091144617875773
35.56,-0.08195653490482269,-0.04077377036526936,-0.6050484068059051,0.9773327656562547,0.142337143821982
35.63,-0.08005432878855943,-0.024973518480139845,-0.6074038446906725,0.9753916750982256,0.14376284146520632
35.7,-0.07815212267229618,-0.009173266595010322,-0.6097747453623653,0.9734505845401965,0.14518853910843063
35.77,-0.07624991655603292,0.006626985290119201,-0.6121306676434024,0.9715094939821673,0.14661423675165494
35.84,-0.07434771043976966,0.022427237175248717,-0.6144411703562036,0.9695684034241381,0.14803993439487925
35.91,-0.12258657935474679,-0.004241372773335573,-0.6166810300669898,0.967627312866109,0.14946563203810342
35.98,-0.17082544826972884,-0.03090998272192257,-0.618845894317191,0.96568622230808,0.15089132968132773
36.05,-0.21906431718471087,-0.05757859267050957,-0.6209366283920384,0.9637451317500507,0.15231702732455205
36.12,-0.26730318609969284,-0.08424720261909656,-0.6229540975767642,0.9618040411920217,0.1537427249677763
36.19,-0.3155420550146749,-0.11091581256768356,-0.6248991671565995,0.9598629506339924,0.15516842261100064
36.26,-0.36378092392965694,-0.13758442251627057,-0.6267727024167762,0.9579218600759631,0.15659412025422492
36.33,-0.41201979284463897,-0.16425303246485756,-0.6285755686425255,0.9559807695179341,0.15801981789744923
36.4,-0.46025866175962094,-0.1909216424134446,-0.6303086311190795,0.9540396789599049,0.15944551554067354
36.47,-0.508497530674603,-0.21759025236203153,-0.6319727551316697,0.9520985884018756,0.16087121318389785
36.54,-0.556736399589585,-0.24425886231061855,-0.6335688059655274,0.9501574978438465,0.16229691082712216
36.61,-0.6049752685045671,-0.27092747225920555,-0.6350976489058843,0.9482164072858175,0.16372260847034645
36.68,-0.6532141374195491,-0.29759608220779254,-0.6365601492379724,0.9462753167277882,0.1651483061135708
36.75,-0.7014530063345311,-0.32426469215637954,-0.637957172247023,0.944334226169759,0.16657400375679507
36.82,-0.7496918752495132,-0.3509333021049666,-0.6392895832182678,0.9423931356117299,0.16799970140001938
36.89,-0.7979307441644952,-0.37760191205355353,-0.6405582474369382,0.9404520450537006,0.1694253990432437
36.96,-0.8461696130794772,-0.40427052200214053,-0.6417640301882662,0.9385109544956713,0.170851096686468
37.03,-0.8944084819944593,-0.4309391319507275,-0.6429077967574831,0.9365698639376423,0.1722767943296923
37.1,-0.9426473509094413,-0.4576077418993146,-0.6439904124298206,0.9346287733796131,0.1737024919729166
37.17,-0.9908862198244233,-0.4842763518479016,-0.6450127424905102,0.932687682821584,0.17512818961614093
37.24,-1.0391250887394055,-0.5109449617964885,-0.645975652224784,0.9307465922635547,0.17655388725936522
37.31,-1.0873639576543874,-0.5376135717450755,-0.6468800069178728,0.9288055017055257,0.17797958490258953
37.38,-1.1356028265693694,-0.5642821816936625,-0.6477266718550089,0.9268644111474964,0.17940528254581387
37.45,-1.1838416954843514,-0.5909507916422495,-0.6485165123214234,0.9249233205894672,0.18083098018903815
37.52,-1.2320805643993333,-0.6176194015908365,-0.6492503936023484,0.9229822300314381,0.18225667783226246
37.59,-1.2803194333143153,-0.6442880115394235,-0.6499291809830153,0.921041139473409,0.18368237547548674
37.66,-1.3285583022292926,-0.6709566214880077,-0.6505537397486556,0.9191000489153798,0.18510807311871094
37.73,-1.3100920731504007,-0.6976252314365948,-0.651124935184501,0.9171589583573507,0.18653377076193522
37.8,-1.2916258440715087,-0.7242938413851818,-0.6516436325757832,0.9152178677993216,0.1879594684051595
37.87,-1.2731596149926168,-0.7509624513337687,-0.6521106972077337,0.9132767772412924,0.18938516604838385
37.94,-1.2546933859137248,-0.7776310612823558,-0.6525269943655843,0.9113356866832633,0.19081086369160813
38.01,-1.236227156834833,-0.8042996712309428,-0.6528933893345662,0.9093945961252341,0.19223656133483244
38.08,-1.2177609277559411,-0.8309682811795298,-0.6532107473999115,0.9074535055672048,0.19366225897805678
38.15,-1.1992946986770492,-0.8576368911281167,-0.6534799338468514,0.9055124150091756,0.19508795662128106
38.22,-1.1808284695981572,-0.8843055010767038,-0.6537018139606178,0.9035713244511465,0.19651365426450537
38.29,-1.1623622405192653,-0.9109741110252909,-0.6538772530264421,0.9016302338931175,0.19793935190772965
38.36,-1.1438960114403733,-0.9376427209738778,-0.6540071163295561,0.8996891433350882,0.199365049550954
38.43,-1.1254297823614816,-0.9643113309224648,-0.6540922691551914,0.8977480527770589,0.20079074719417828
38.5,-1.1069635532825894,-0.9909799408710519,-0.6541335767885795,0.8958069622190299,0.2022164448374026
38.57,-1.0884973242036977,-1.017648550819639,-0.6541319045149518,0.8938658716610006,0.20364214248062693
38.64,-1.0700310951248058,-1.0443171607682258,-0.6540881176195402,0.8919247811029714,0.2050678401238512
38.71,-1.0515648660459138,-1.070985770716813,-0.6540030813875767,0.8899836905449422,0.20649353776707552
38.78,-1.0330986369670219,-1.0976543806653996,-0.6538776611042922,0.8880425999869132,0.2079192354102998
38.85,-1.0146324078881301,-1.1243229906139869,-0.6537127220549185,0.886101509428884,0.20934493305352414
38.92,-0.9961661788092382,-1.1509916005625738,-0.6535091295246874,0.8841604188708547,0.21077063069674842
38.99,-0.9776999497303461,-1.1776602105111609,-0.6532677487988304,0.8822193283128257,0.21219632833997273
39.06,-0.9592337206514543,-1.2043288204597478,-0.6529894451625794,0.8802782377547964,0.21362202598319707
39.13,-0.9407674915725625,-1.2309974304083349,-0.6526750839011652,0.8783371471967671,0.21504772362642136
39.2,-0.9223012624936705,-1.2576660403569218,-0.6523255302998203,0.8763960566387381,0.21647342126964567
39.27,-0.9038350334147787,-1.2843346503055089,-0.651941649643776,0.8744549660807088,0.21789911891286998
39.34,-0.8853688043358866,-1.3110032602540957,-0.6515243072182637,0.8725138755226798,0.2193248165560943
39.41,-0.8669025752569967,-1.33767187020268,-0.6510743683085154,0.8705727849646507,0.22075051419931843
39.48,-0.8954116606563403,-1.3562845384381061,-0.6505926981997624,0.8686316944066216,0.22217621184254271
39.55,-0.9239207460556836,-1.3748972066735323,-0.6500801621772363,0.8666906038485924,0.22360190948576705
39.62,-0.952429831455027,-1.3935098749089583,-0.649537625526169,0.8647495132905632,0.22502760712899134
39.69,-0.9809389168543704,-1.412122543144384,-0.6489659535317919,0.8628084227325341,0.22645330477221565
39.76,-1.009448002253714,-1.4307352113798102,-0.6483660114793365,0.8608673321745048,0.22787900241543999
39.83,-1.0379570876530573,-1.4493478796152361,-0.6477386646540346,0.8589262416164756,0.22930470005866427
39.9,-1.0664661730524008,-1.467960547850662,-0.6470847783411179,0.8569851510584465,0.23073039770188858
39.97,-1.0949752584517443,-1.4865732160860883,-0.6464052178258177,0.8550440605004173,0.23215609534511286
40.04,-1.1234843438510878,-1.5051858843215142,-0.6457008483933658,0.8531029699423882,0.2335817929883372
40.11,-1.151993429250431,-1.5237985525569404,-0.6449725353289941,0.8511618793843589,0.23500749063156148
40.18,-1.1805025146497745,-1.5424112207923664,-0.6442211439179336,0.8492207888263298,0.2364331882747858
40.25,-1.209011600049118,-1.5610238890277923,-0.6434475394454164,0.8472796982683006,0.23785888591801013
40.32,-1.2375206854484615,-1.5796365572632183,-0.6426525871966737,0.8453386077102715,0.23928458356123442
40.39,-1.2660297708478048,-1.5982492254986442,-0.6418371524569376,0.8433975171522423,0.24071028120445873
40.46,-1.2945388562471483,-1.6168618937340704,-0.6410021005114394,0.8414564265942132,0.24213597884768304
40.53,-1.3230479416464918,-1.6354745619694964,-0.6401482966454107,0.8395153360361839,0.24356167649090735
40.6,-1.3515570270458355,-1.6540872302049223,-0.6392766061440833,0.8375742454781547,0.24498737413413166
40.67,-1.3800661124451787,-1.6726998984403485,-0.6383878942926886,0.8356331549201256,0.24641307177735594
40.74,-1.408575197844522,-1.6913125666757742,-0.6374830263764583,0.8336920643620963,0.24783876942058028
40.81,-1.4370842832438657,-1.7099252349112004,-0.6365628676806241,0.8317509738040672,0.24926446706380456
40.88,-1.465593368643209,-1.7285379031466266,-0.6356282834904177,0.8298098832460381,0.2506901647070289
40.95,-1.4941024540425523,-1.7471505713820523,-0.6346801390910702,0.8278687926880088,0.2521158623502532
41.02,-1.522611539441896,-1.7657632396174785,-0.6337192997678137,0.8259277021299798,0.2535415599934775
41.09,-1.5511206248412392,-1.7843759078529047,-0.6327466308058797,0.8239866115719505,0.2549672576367018
41.16,-1.5796297102405799,-1.8029885760883286,-0.6317629974904998,0.8220455210139216,0.25639295527992595
41.23,-1.6081387956399233,-1.8216012443237548,-0.6307692651069055,0.8201044304558924,0.25781865292315026
41.3,-1.6366478810392666,-1.8402139125591805,-0.6297662989403285,0.8181633398978632,0.25924435056637457
41.37,-1.66515696643861,-1.8588265807946067,-0.6287549642760004,0.816222249339834,0.2606700482095989
41.44,-1.6936660518379534,-1.8774392490300327,-0.6277361263991531,0.8142811587818047,0.2620957458528232
41.51,-1.7221751372372969,-1.8960519172654586,-0.6267106505950174,0.8123400682237756,0.26352144349604745
41.58,-1.7506842226366406,-1.9146645855008848,-0.6256794021488258,0.8103989776657465,0.26494714113927176
41.65,-1.779193308035984,-1.9332772537363105,-0.6246432463458096,0.8084578871077173,0.2663728387824961
41.72,-1.8077023934353276,-1.9518899219717367,-0.6236030484712002,0.8065167965496882,0.2677985364257204
41.79,-1.836211478834671,-1.970502590207163,-0.6225596738102293,0.804575705991659,0.2692242340689447
41.86,-1.8647205642340143,-1.9891152584425886,-0.6215139876481289,0.8026346154336298,0.27064993171216906
41.93,-1.8932296496333578,-2.007727926678015,-0.62046685527013,0.8006935248756006,0.2720756293553933
42.0,-1.921738735032701,-2.026340594913441,-0.6194191419614647,0.7987524343175714,0.2735013269986176
42.07,-1.9502478204320446,-2.0449532631488667,-0.6183717130073644,0.7968113437595423,0.27492702464184193
42.14,-1.978756905831388,-2.063565931384293,-0.6173254336930608,0.7948702532015132,0.27635272228506624
42.21,-2.0072659912307316,-2.082178599619719,-0.6162811693037852,0.7929291626434839,0.27777841992829055
42.28,-2.035775076630075,-2.100791267855145,-0.6152397851247697,0.7909880720854547,0.27920411757151486
42.35,-2.0642841620294186,-2.119403936090571,-0.6142021464412457,0.7890469815274255,0.2806298152147392
42.42,-2.092793247428762,-2.1380166043259967,-0.6131691185384447,0.7871058909693963,0.2820555128579635
42.49,-2.121302332828105,-2.156629272561423,-0.6121415667015984,0.7851648004113672,0.2834812105011878
42.56,-2.149811418227449,-2.175241940796849,-0.6111203562159383,0.783223709853338,0.28490690814441205
42.63,-2.178320503626792,-2.1938546090322752,-0.6101063523666963,0.7812826192953088,0.2863326057876364
42.7,-2.2068295890261354,-2.212467277267701,-0.6091004204391036,0.7793415287372796,0.2877583034308607
42.77,-2.235338674425479,-2.231079945503127,-0.6081034257183923,0.7774004381792505,0.289184001074085
42.84,-2.2638477598248223,-2.249692613738553,-0.6071162334897936,0.7754593476212214,0.29060969871730935
42.91,-2.292356845224163,-2.2683052819739773,-0.6061397090385394,0.7735182570631923,0.29203539636053344
42.98,-2.320865930623506,-2.286917950209403,-0.6051747176498611,0.7715771665051632,0.29346109400375775
43.05,-2.3177249341011525,-2.286016405201872,-0.6042219093501839,0.767327822271216,0.2948867916469821
43.12,-2.3145839375787984,-2.285114860194341,-0.6032810731307069,0.7630784780372685,0.29631248929020637
43.19,-2.3114429410564448,-2.2842133151868103,-0.6023517827238231,0.7588291338033212,0.29773818693343074
43.26,-2.3083019445340907,-2.283311770179279,-0.6014336118619248,0.7545797895693738,0.299163884576655
43.33,-2.305160948011736,-2.2824102251717484,-0.6005261342774046,0.7503304453354264,0.3005895822198793
43.4,-2.3020199514893824,-2.2815086801642175,-0.5996289237026557,0.746081101101479,0.3020152798631036
43.47,-2.2988789549670288,-2.280607135156686,-0.5987415538700706,0.7418317568675316,0.303440977506328
43.54,-2.295737958444674,-2.279705590149155,-0.5978635985120415,0.7375824126335842,0.30486667514955224
43.61,-2.2925969619223205,-2.2788040451416243,-0.5969946313609618,0.7333330683996369,0.30629237279277655
43.68,-2.289455965399967,-2.277902500134093,-0.5961342261492237,0.7290837241656895,0.30771807043600086
43.75,-2.2863149688776123,-2.277000955126562,-0.5952819566092203,0.7248343799317422,0.30914376807922517
43.82,-2.2831739723552587,-2.276099410119031,-0.5944373964733437,0.7205850356977946,0.3105694657224495
43.89,-2.280032975832905,-2.2751978651115,-0.5936001194739873,0.7163356914638473,0.3119951633656738
43.96,-2.2768919793105504,-2.274296320103969,-0.5927696993435432,0.7120863472299,0.31342086100889804
44.03,-2.2737509827881968,-2.2733947750964383,-0.5919457098144042,0.7078370029959526,0.3148465586521224
44.1,-2.2706099862658427,-2.272493230088907,-0.5911277246189632,0.7035876587620052,0.31627225629534667
44.17,-2.2674689897434885,-2.271591685081376,-0.5903153174896127,0.6993383145280578,0.31769795393857103
44.24,-2.264327993221135,-2.270690140073845,-0.5895080621587456,0.6950889702941105,0.3191236515817953
44.31,-2.2611869966987808,-2.2697885950663137,-0.5887055323587543,0.690839626060163,0.32054934922501954
44.38,-2.2580460001764266,-2.2688870500587828,-0.5879073018220317,0.6865902818262157,0.3219750468682439
44.45,-2.254905003654073,-2.267985505051252,-0.5871129442809705,0.6823409375922683,0.3234007445114682
44.52,-2.251764007131719,-2.267083960043721,-0.5863220334679632,0.6780915933583209,0.32482644215469253
44.59,-2.2486230106093648,-2.26618241503619,-0.5855341431154026,0.6738422491243735,0.3262521397979168
44.66,-2.2454820140870115,-2.265280870028659,-0.5847488469556815,0.6695929048904266,0.32767783744114104
44.73,-2.2423410175646574,-2.264379325021128,-0.5839657187211923,0.6653435606564793,0.3291035350843653
44.8,-2.2392000210423033,-2.263477780013597,-0.583184332144328,0.6610942164225319,0.3305292327275896
44.87,-2.2360590245199496,-2.2625762350060663,-0.582404260957481,0.6568448721885844,0.3319549303708139
44.94,-2.2329180279975955,-2.261674689998535,-0.5816250788930439,0.6525955279546372,0.3333806280140382
45.01,-2.2297770314752414,-2.260773144991004,-0.58084635968341,0.6483461837206898,0.33480632565726254
45.08,-2.2266360349528873,-2.259871599983473,-0.5800676770609713,0.6440968394867425,0.33623202330048685
45.15,-2.223495038430533,-2.2589700549759417,-0.579288604758121,0.639847495252795,0.3376577209437111
45.22,-2.2203540419081795,-2.258068509968411,-0.5785087165072516,0.6355981510188478,0.33908341858693547
45.29,-2.217213045385826,-2.25716696496088,-0.5777275860407557,0.6313488067849002,0.3405091162301597
45.36,-2.2140720488634713,-2.256265419953349,-0.5769447870910258,0.627099462550953,0.3419348138733841
45.43,-2.2109310523411176,-2.2553638749458176,-0.5761598933904549,0.6228501183170055,0.34336051151660835
45.5,-2.207790055818764,-2.254462329938287,-0.5753724786714358,0.6186007740830581,0.34478620915983266
45.57,-2.2046490592964094,-2.2535607849307557,-0.574582116666361,0.6143514298491107,0.34621190680305697
45.64,-2.2015080627740558,-2.252659239923225,-0.5737883811076232,0.6101020856151634,0.34763760444628133
45.71,-2.1983670662517016,-2.251757694915694,-0.5729908457276148,0.605852741381216,0.3490633020895056
45.78,-2.1952260697293475,-2.250856149908163,-0.5721890842587292,0.6016033971472686,0.35048899973272996
45.85,-2.192085073206994,-2.2499546049006316,-0.5713826704333582,0.5973540529133213,0.3519146973759542
45.92,-2.1889440766846398,-2.2490530598931007,-0.5705711779838952,0.5931047086793738,0.35334039501917847
45.99,-2.1858030801622856,-2.2481515148855697,-0.5697541806427324,0.5888553644454265,0.35476609266240283
46.06,-2.182662083639932,-2.2472499698780384,-0.5689312521422629,0.5846060202114791,0.35619179030562714
46.13,-2.179521087117578,-2.246348424870508,-0.5681019662148792,0.5803566759775318,0.3576174879488514
46.2,-2.1763800905952237,-2.2454468798629765,-0.5672658965929738,0.5761073317435844,0.3590431855920757
46.27,-2.17323909407287,-2.2445453348554456,-0.5664226170089396,0.5718579875096371,0.3604688832353
46.34,-2.170098097550516,-2.2436437898479147,-0.5655717011951693,0.5676086432756896,0.36189458087852433
46.41,-2.1669571010281623,-2.2427422448403838,-0.5647127228840557,0.5633592990417426,0.36332027852174853
46.48,-2.163816104505808,-2.241840699832853,-0.5638452558079912,0.5591099548077954,0.3647459761649728
46.55,-2.160675107983454,-2.2409391548253215,-0.5629688736993684,0.554860610573848,0.36617167380819715
46.62,-2.1575341114611004,-2.240037609817791,-0.5620831502905803,0.5506112663399005,0.3675973714514214
46.69,-2.1543931149387463,-2.2391360648102596,-0.5611876593140196,0.5463619221059532,0.3690230690946457
46.76,-2.151252118416392,-2.2382345198027287,-0.560281974502079,0.5421125778720058,0.37044876673787
46.83,-2.148111121894038,-2.2373329747951978,-0.5593656695871506,0.5378632336380584,0.3718744643810944
46.9,-2.1449701253716844,-2.2364314297876664,-0.5584383183016278,0.533613889404111,0.37330016202431865
46.97,-2.1418291288493303,-2.2355298847801355,-0.5574994943779031,0.5293645451701637,0.374725859667543
47.04,-2.138688132326976,-2.2346283397726046,-0.556548771548369,0.5251152009362162,0.37615155731076727
47.11,-2.1355471358046225,-2.2337267947650736,-0.5555857235454184,0.5208658567022689,0.3775772549539916
47.18,-2.1324061392822684,-2.2328252497575427,-0.5546099241014439,0.5166165124683215,0.3790029525972159
47.25,-2.1292651427599143,-2.2319237047500113,-0.553620946948838,0.5123671682343742,0.38042865024044026
47.32,-2.1261241462375606,-2.2310221597424804,-0.5526183658199937,0.5081178240004268,0.38185434788366446
47.39,-2.122983149715207,-2.2301206147349495,-0.5516017544473035,0.5038684797664794,0.3832800455268888
47.46,-2.1198421531928524,-2.229219069727418,-0.55057068656316,0.49961913553253207,0.3847057431701131
47.53,-2.1167011566704987,-2.2283175247198876,-0.5495247358999561,0.4953697912985847,0.38613144081333745
47.6,-2.113560160148145,-2.2274159797123567,-0.5484634761900846,0.49112044706463737,0.38755713845656176
47.67,-2.1104191636257905,-2.2265144347048254,-0.5473864811659378,0.4868711028306899,0.38898283609978596
47.74,-2.107278167103437,-2.2256128896972944,-0.5462933245599085,0.48262175859674256,0.3904085337430103
47.81,-2.104137170581083,-2.2247113446897635,-0.5451835801043896,0.4783724143627952,0.39183423138623463
47.88,-2.1009961740587286,-2.223809799682232,-0.5440568215317734,0.47412307012884775,0.39325992902945894
47.95,-2.097855177536375,-2.222908254674701,-0.5429126225744532,0.4698737258949004,0.3946856266726832
48.02,-2.0947141810140213,-2.2220067096671707,-0.5417505569648211,0.4656243816609531,0.39611132431590756
48.09,-2.0915731844916667,-2.2211051646596394,-0.5405701984352701,0.46137503742700564,0.3975370219591318
48.16,-2.088432187969313,-2.2202036196521084,-0.5393711207181928,0.45712569319305874,0.3989627196023561
48.23,-2.0852911914469594,-2.2193020746445775,-0.5381528975459818,0.4528763489591114,0.40038841724558033
48.3,-2.082150194924605,-2.218400529637046,-0.53691510265103,0.44862700472516404,0.40181411488880464
48.37,-2.079009198402251,-2.2174989846295152,-0.5356573097657299,0.4443776604912166,0.40323981253202895
48.44,-2.075868201879897,-2.2165974396219843,-0.5343790926224743,0.4401283162572692,0.4046655101752533
48.51,-2.072727205357543,-2.215695894614453,-0.5330800249536556,0.4358789720233219,0.4060912078184775
48.58,-2.0695862088351893,-2.2147943496069225,-0.531759680491667,0.4316296277893744,0.4075169054617019
48.65,-2.066445212312835,-2.2138928045993915,-0.5304176329689005,0.42738028355542707,0.40894260310492614
48.72,-2.063304215790481,-2.21299125959186,-0.5290534561177495,0.4231309393214797,0.4103683007481505
48.79,-2.0601632192681274,-2.2120897145843292,-0.5276667236706062,0.4188815950875323,0.4117939983913748
48.86,-2.0570222227457733,-2.2111881695767983,-0.5262570093598637,0.41463225085358496,0.41321969603459907
48.93,-2.053881226223419,-2.2102866245692674,-0.5248238869179143,0.4103829066196376,0.4146453936778234
49.0,-2.0507402297010655,-2.209385079561736,-0.5233669300771507,0.4061335623856902,0.41607109132104775
49.07,-2.0475992331787114,-2.2084835345542055,-0.521885712569966,0.40188421815174286,0.417496788964272
49.14,-2.0444582366563573,-2.207581989546674,-0.5203798081287524,0.3976348739177955,0.41892248660749637
49.21,-2.0413172401340036,-2.2066804445391432,-0.5188487904859028,0.39338552968384805,0.4203481842507206
49.28,-2.0381762436116495,-2.2057788995316123,-0.5172922333738099,0.3891361854499007,0.4217738818939449
49.35,-2.0350352470892954,-2.204877354524081,-0.5157097105248664,0.38488684121595335,0.42319957953716925
49.42,-2.0318942505669417,-2.2039758095165505,-0.5141007956714649,0.38063749698200594,0.42462527718039356
49.49,-2.0287532540445876,-2.2030742645090196,-0.5124650625459982,0.3763881527480586,0.4260509748236178
49.56,-2.0256122575222335,-2.2021727195014877,-0.5108020848808588,0.37213880851411124,0.4274766724668421
49.63,-2.0224712609998794,-2.2012711744939573,-0.5091114364084396,0.3678894642801638,0.42890237011006643
49.7,-2.0193302644775257,-2.2003696294864263,-0.5073926908611331,0.36364012004621643,0.43032806775329074
49.77,-2.0161892679551716,-2.199468084478895,-0.5056454219713321,0.3593907758122691,0.4317537653965151
49.84,-2.0130482714328175,-2.198566539471364,-0.5038692034714294,0.3551414315783217,0.4331794630397393
49.91,-2.0099072749104643,-2.197664994463833,-0.5020636090938176,0.3508920873443747,0.43460516068296356
49.98,-2.00676627838811,-2.1967634494563026,-0.5002282125708891,0.3466427431104274,0.4360308583261879
50.05,-2.003625281865756,-2.195861904448771,-0.49836258763503705,0.34239339887648007,0.43745655596941213
50.12,-2.000484285343402,-2.19496035944124,-0.4964663080186537,0.3381440546425326,0.43888225361263644
50.19,-2.0040391522661203,-2.1910019660850746,-0.4945389474541321,0.33389471040858526,0.4403079512558608
50.26,-2.0075940191888377,-2.187043572728909,-0.4925800796738648,0.3296453661746379,0.44173364889908506
50.33,-2.011148886111556,-2.183085179372743,-0.49058927841024436,0.3253960219406905,0.44315934654230943
50.4,-2.014703753034274,-2.179126786016577,-0.48856611739566363,0.3211466777067431,0.4445850441855337
50.47,-2.018258619956992,-2.1751683926604115,-0.4865101703625152,0.31689733347279575,0.446010741828758
50.54,-2.0218134868797097,-2.171209999304246,-0.48442101104319185,0.31264798923884835,0.4474364394719823
50.61,-2.0253683538024276,-2.16725160594808,-0.4822982131700862,0.308398645004901,0.44886213711520667
50.68,-2.028923220725146,-2.163293212591914,-0.48014135047559087,0.3041493007709536,0.45028783475843087
50.75,-2.032478087647864,-2.159334819235749,-0.47794999669209876,0.2998999565370063,0.45171353240165524
50.82,-2.0360329545705818,-2.155376425879583,-0.4757237255520024,0.2956506123030589,0.4531392300448795
50.89,-2.0395878214932996,-2.1514180325234173,-0.4734621107876944,0.2914012680691115,0.4545649276881038
50.96,-2.0431426884160175,-2.147459639167252,-0.4711647261315677,0.28715192383516414,0.45599062533132817
51.03,-2.0466975553387354,-2.143501245811086,-0.46883114531601466,0.28290257960121673,0.45741632297455237
51.1,-2.0502524222614538,-2.1395428524549205,-0.46646094207342814,0.2786532353672694,0.45884202061777674
51.17,-2.0538072891841717,-2.1355844590987547,-0.46405369013620096,0.27440389113332203,0.46026771826100105
51.24,-2.0573621561068896,-2.131626065742589,-0.4616089632367257,0.2701545468993746,0.46169341590422536
51.31,-2.0609170230296074,-2.127667672386423,-0.4591263351073948,0.2659052026654272,0.4631191135474496
51.38,-2.0644718899523253,-2.1237092790302574,-0.4566053794806015,0.26165585843147987,0.464544811190674
51.45,-2.0680267568750432,-2.1197508856740916,-0.454045670088738,0.25740651419753247,0.46597050883389823
51.52,-2.071581623797761,-2.115792492317926,-0.45144678066419697,0.25315716996358506,0.4673962064771226
51.59,-2.0751364907204795,-2.1118340989617606,-0.4488082849393715,0.24890782572963774,0.4688219041203469
51.66,-2.078691357643197,-2.1078757056055952,-0.4461297566466542,0.24465848149569078,0.47024760176357105
51.73,-2.082246224565915,-2.1039173122494295,-0.44341076951843733,0.24040913726174343,0.47167329940679537
51.8,-2.0858010914886327,-2.0999589188932637,-0.4406508972871138,0.23615979302779608,0.47309899705001973
51.87,-2.0893559584113506,-2.0960005255370984,-0.4378497136850765,0.23191044879384867,0.47452469469324393
51.94,-2.092910825334069,-2.092042132180932,-0.43500679244471785,0.22766110455990127,0.4759503923364683
52.01,-2.0964656922567864,-2.088083738824767,-0.43212170729843075,0.22341176032595395,0.47737608997969255
52.08,-2.1000205591795047,-2.084125345468601,-0.4291940319786076,0.21916241609200654,0.4788017876229169
52.15,-2.1035754261022226,-2.080166952112435,-0.4262233402176413,0.21491307185805913,0.48022748526614123
52.22,-2.1071302930249405,-2.0762085587562695,-0.4232092057479246,0.21066372762411179,0.4816531829093655
52.29,-2.110685159947659,-2.0722501654001038,-0.42015120230185,0.20641438339016444,0.4830788805525898
52.36,-2.1142400268703763,-2.068291772043938,-0.41704890361181035,0.20216503915621703,0.48450457819581416
52.43,-2.1177948937930946,-2.0643333786877727,-0.4139018834101982,0.19791569492226968,0.4859302758390384
52.5,-2.1213497607158125,-2.060374985331607,-0.4107097154294063,0.19366635068832228,0.48735597348226267
52.57,-2.1249046276385304,-2.0564165919754407,-0.40747197340182734,0.18941700645437487,0.48878167112548704
52.64,-2.1284594945612483,-2.0524581986192754,-0.4041882310598541,0.18516766222042755,0.4902073687687113
52.71,-2.132014361483966,-2.0484998052631096,-0.40085806213587893,0.18091831798648014,0.49163306641193566
52.78,-2.135569228406684,-2.044541411906944,-0.39748104036229503,0.17666897375253277,0.49305876405515997
52.85,-2.1391240953294024,-2.040583018550778,-0.39405673947149467,0.17241962951858542,0.4944844616983843
52.92,-2.1426789622521203,-2.0366246251946127,-0.39058473319587067,0.168170285284638,0.49591015934160854
52.99,-2.146233829174838,-2.0326662318384465,-0.3870645952678158,0.16392094105069066,0.4973358569848329
53.06,-2.149788696097556,-2.028707838482281,-0.38349589941972256,0.15967159681674328,0.49876155462805716
53.13,-2.153343563020274,-2.0247494451261154,-0.3798782193839837,0.1554222525827959,0.5001872522712815
53.2,-2.156898429942992,-2.0207910517699497,-0.3762111288929921,0.1511729083488485,0.5016129499145058
53.27,-2.1604532968657097,-2.016832658413784,-0.3724942016791402,0.14692356411490115,0.5030386475577301
53.34,-2.164008163788428,-2.012874265057618,-0.3687270114748209,0.1426742198809538,0.5044643452009544
53.41,-2.167563030711145,-2.008915871701453,-0.36490913201242703,0.13842487564700684,0.5058900428441786
53.48,-2.1711178976338634,-2.0049574783452875,-0.3610401370243508,0.13417553141305943,0.5073157404874029
53.55,-2.1746727645565813,-2.0009990849891213,-0.35711960024298495,0.12992618717911208,0.5087414381306272
53.62,-2.178227631479299,-1.997040691632956,-0.35314709540072237,0.1256768429451647,0.5101671357738514
53.69,-2.181782498402017,-1.99308229827679,-0.3491221962299558,0.1214274987112173,0.5115928334170758
53.76,-2.0946640196414323,-1.9482178567049504,-0.3450444764630777,0.11717815447726995,0.5130185310603002
53.83,-2.007545540880847,-1.9033534151331102,-0.34091350983248087,0.11292881024332256,0.5144442287035245
53.9,-1.9204270621202624,-1.8584889735612706,-0.33672887007055813,0.10867946600937518,0.5158699263467487
53.97,-1.8333085833596774,-1.8136245319894304,-0.3324901309097019,0.1044301217754278,0.517295623989973
54.04,-1.7461901045990922,-1.7687600904175906,-0.3281968660823052,0.10018077754148044,0.5187213216331973
54.11,-1.6590716258385076,-1.7238956488457509,-0.32384864932076046,0.09593143330753306,0.5201470192764217
54.18,-1.5719531470779224,-1.6790312072739106,-0.31944505435746046,0.09168208907358569,0.521572716919646
54.25,-1.4848346683173375,-1.634166765702071,-0.3149856549247978,0.08743274483963832,0.5229984145628702
54.32,-1.3977161895567525,-1.589302324130231,-0.3104700247551653,0.08318340060569095,0.5244241122060945
54.39,-1.3105977107961675,-1.544437882558391,-0.30589773758095545,0.07893405637174354,0.5258498098493188
54.46,-1.2234792320355827,-1.4995734409865513,-0.3012683671345612,0.07468471213779618,0.5272755074925431
54.53,-1.1363607532749975,-1.4547089994147113,-0.2965814871483751,0.07043536790384883,0.5287012051357675
54.6,-1.0492422745144125,-1.4098445578428715,-0.2918366713547898,0.06618602366990142,0.5301269027789918
54.67,-0.9621237957538278,-1.3649801162710318,-0.28703349348619805,0.06193667943595406,0.5315526004222161
54.74,-0.8750053169932428,-1.3201156746991918,-0.28217152727499245,0.05768733520200668,0.5329782980654404
54.81,-0.7878868382326577,-1.2752512331273518,-0.2772503464535658,0.053437990968059304,0.5344039957086647
54.88,-0.7007683594720727,-1.2303867915555118,-0.27226952475431065,0.04918864673411194,0.535829693351889
54.95,-0.6136498807114877,-1.1855223499836722,-0.26722863590962,0.04493930250016456,0.5372553909951133
55.02,-0.5265314019509029,-1.1406579084118322,-0.26212725365188616,0.04068995826621717,0.5386810886383376
55.09,-0.43941292319031783,-1.0957934668399922,-0.256964951713502,0.03644061403226981,0.5401067862815618
55.16,-0.3522944444297418,-1.050929025268157,-0.25174130382686055,0.03219126979832285,0.541532483924786
55.23,-0.2651759656691568,-1.006064583696317,-0.24645588372435365,0.02794192556437547,0.5429581815680103
55.3,-0.17805748690857182,-0.9612001421244772,-0.24110826513837452,0.023692581330428106,0.5443838792112348
55.37,-0.09093900814798689,-0.9163357005526372,-0.23569802180131572,0.019443237096480714,0.5458095768544591
55.44,-0.0038205293874019053,-0.8714712589807972,-0.23022472744557007,0.01519389286253335,0.5472352744976834
55.51,0.08329794937318306,-0.8266068174089576,-0.22468795580353024,0.010944548628585987,0.5486609721409076
55.58,0.07474049294377472,-0.7817423758371176,-0.21908728060758867,0.006695204394638596,0.5500866697841319
55.65,0.06618303651436638,-0.7368779342652776,-0.2134222755901383,0.0024458601606912184,0.5515123674273562
55.72,0.05762558008495805,-0.6920134926934377,-0.20769251448357182,-0.0018034840732561452,0.5529380650705806
55.79,0.04906812365554971,-0.6471490511215978,-0.20189757102028177,-0.006052828307203523,0.5543637627138048
55.86,0.04051066722614138,-0.602284609549758,-0.196037018932661,-0.010302172541150914,0.5557894603570291
55.93,0.031953210796733036,-0.557420167977918,-0.19011043195310207,-0.014551516775098278,0.5572151580002535
56.0,0.023395754367324703,-0.5125557264060783,-0.18411738381399767,-0.018800861009045655,0.5586408556434778
56.07,0.014838297937916363,-0.4676912848342383,-0.17805744824774053,-0.023050205242993033,0.5600665532867021
56.14,0.006280841508508023,-0.42282684326239844,-0.17193019898672332,-0.027299549476940403,0.5614922509299264
56.21,-0.0022766149209003037,-0.3779624016905586,-0.1657352097633388,-0.031548893710887774,0.5629179485731507
56.28,-0.01083407135030865,-0.3330979601187186,-0.15947205430997946,-0.03579823794483516,0.5643436462163749
56.35,-0.019391527779716984,-0.28823351854687873,-0.15314030635903822,-0.04004758217878253,0.5657693438595993
56.42,-0.027948984209125324,-0.24336907697503884,-0.14673953964290762,-0.044296926412729906,0.5671950415028235
56.49,-0.03650644063853366,-0.19850463540319896,-0.1402693278939804,-0.048546270646677284,0.5686207391460479
56.56,-0.045063897067942,-0.15364019383135907,-0.13372924484464926,-0.052795614880624654,0.5700464367892722
56.63,-0.05362135349735034,-0.10877575225951916,-0.12711886422730692,-0.05704495911457203,0.5714721344324966
56.7,-0.06217880992675867,-0.06391131068767927,-0.1204377597743459,-0.061294303348519416,0.5728978320757208
56.77,-0.070736266356167,-0.01904686911583936,-0.11368550521815907,-0.06554364758246678,0.5743235297189451
56.84,-0.07929372278557534,0.025817572456000526,-0.10686167429113896,-0.06979299181641416,0.5757492273621694
56.91,-0.08785117921498281,0.0706820140278358,-0.09996584072567907,-0.0740423360503611,0.5771749250053937
56.98,-0.09640863564439114,0.11554645559967572,-0.09299757825417077,-0.07829168028430848,0.5786006226486179
57.05,-0.10496609207379948,0.16041089717151563,-0.08595646060900722,-0.08254102451825586,0.5800263202918423
57.12,-0.11352354850320782,0.20527533874335552,-0.07884206152258114,-0.08679036875220324,0.5814520179350665
57.19,-0.12208100493261616,0.25013978031519546,-0.0716539547272855,-0.09103971298615061,0.5828777155782908
57.26,-0.1306384613620245,0.2950042218870353,-0.0643917139555126,-0.09528905722009796,0.584303413221515
57.33,-0.08497309098697013,0.2862314442862921,-0.057056246272732265,-0.09381276187610987,0.5845189741706698
57.4,-0.03930772061191572,0.27745866668554897,-0.049653792076721555,-0.09233646653212178,0.5847345351198242
57.47,0.0063576497631386425,0.26868588908480573,-0.04219192509833421,-0.0908601711881337,0.5849500960689789
57.54,0.05202302013819306,0.25991311148406254,-0.034678219068424464,-0.0893838758441456,0.5851656570181335
57.61,0.09768839051324744,0.25114033388331936,-0.0271202477178461,-0.08790758050015751,0.5853812179672881
57.68,0.14335376088830182,0.24236755628257622,-0.01952558477745312,-0.08643128515616941,0.5855967789164427
57.75,0.1890191312633562,0.23359477868183304,-0.011901803978099527,-0.08495498981218132,0.5858123398655973
57.82,0.23468450163841065,0.22482200108108985,-0.0042564790506392485,-0.08347869446819323,0.5860279008147519
57.89,0.280349872013465,0.21604922348034666,0.0034028162740737796,-0.08200239912420515,0.5862434617639065
57.96,0.3260152423885194,0.20727644587960348,0.01106850826518565,-0.08052610378021706,0.5864590227130612
58.03,0.3716806127635738,0.1985036682788603,0.018733023191842318,-0.07904980843622895,0.5866745836622157
58.1,0.41734598313862814,0.18973089067811713,0.026388787323189822,-0.07757351309224086,0.5868901446113703
58.17,0.4630113535136826,0.18095811307737394,0.0340282269283742,-0.07609721774825276,0.5871057055605249
58.24,0.5086767238887369,0.17218533547663079,0.041643768276541565,-0.07462092240426467,0.5873212665096795
58.31,0.5543420942637913,0.1634125578758876,0.04922783763683793,-0.07314462706027659,0.5875368274588342
58.38,0.6000074646388458,0.1546397802751444,0.0567728612784094,-0.0716683317162885,0.5877523884079888
58.45,0.6456728350139,0.14586700267440122,0.06427126547040186,-0.0701920363723004,0.5879679493571432
58.52,0.6913382053889545,0.13709422507365807,0.0717154764819615,-0.06871574102831231,0.5881835103062979
58.59,0.7370035757640089,0.1283214474729149,0.07909792058223425,-0.06723944568432422,0.5883990712554525
58.66,0.7826689461390587,0.11954866987217258,0.0864110240403655,-0.06576315034033628,0.5886146322046071
58.73,0.828334316514113,0.11077589227142942,0.09364721312550277,-0.06428685499634818,0.5888301931537617
58.8,0.8739996868891674,0.10200311467068619,0.10079891410679132,-0.06281055965236008,0.5890457541029163
58.87,0.9196650572642219,0.09323033706994302,0.10785855325337723,-0.061334264308371994,0.5892613150520709
58.94,0.9653304276392762,0.08445755946919985,0.11481855683440649,-0.05985796896438391,0.5894768760012256
59.01,1.0109957980143307,0.07568478186845665,0.12167135111902523,-0.058381673620395806,0.5896924369503801
59.08,1.056661168389385,0.06691200426771349,0.1284093623763794,-0.056905378276407716,0.5899079978995346
59.15,1.016353190174715,0.05813922666697033,0.13502501687561513,-0.055429082932419625,0.5901235588486894
59.22,0.976045211960045,0.049366449066227114,0.1415107408858783,-0.05395278758843153,0.5903391197978439
59.29,0.9357372337453751,0.04059367146548394,0.14785896067631518,-0.05247649224444344,0.5905546807469986
59.36,0.895429255530705,0.03182089386474077,0.15406210251607166,-0.051000196900455354,0.5907702416961531
59.43,0.8551212773160349,0.023048116263997567,0.16011259267429379,-0.04952390155646726,0.5909858026453078
59.5,0.814813299101365,0.014275338663254408,0.16600285742012774,-0.048047606212479166,0.5912013635944624
59.57,0.774505320886695,0.0055025610625112215,0.17172532302271942,-0.046571310868491075,0.5914169245436169
59.64,0.7341973426720251,-0.0032702165382319515,0.17727241575121488,-0.04509501552450297,0.5916324854927715
59.71,0.693889364457355,-0.012042994138975138,0.18263656187476024,-0.04361872018051488,0.5918480464419261
59.78,0.6535813862426849,-0.020815771739718325,0.1878101876625014,-0.0421424248365268,0.5920636073910808
59.85,0.613273408028015,-0.029588549340461484,0.19278571938358455,-0.040666129492538707,0.5922791683402353
59.92,0.572965429813345,-0.038361326941204685,0.1975555833071558,-0.03918983414855061,0.59249472928939
59.99,0.5326574515986751,-0.04713410454194787,0.20211220570236096,-0.03771353880456252,0.5927102902385446
60.06,0.49234947338400503,-0.05590688214269103,0.20644801283834624,-0.036237243460574414,0.5929258511876991
60.13,0.452041495169335,-0.06467965974343422,0.2105554309842576,-0.03476094811658633,0.5931414121368538
60.2,0.41173351695466504,-0.07345243734417742,0.2144268864092411,-0.03328465277259824,0.5933569730860083
60.27,0.371425538739995,-0.08222521494492059,0.21805480538244282,-0.03180835742861015,0.593572534035163
60.34,0.331117560525325,-0.09099799254566379,0.22143161417300888,-0.030332062084622045,0.5937880949843175
60.41,0.29080958231065906,-0.09977077014640605,0.22454973905008477,-0.028855766740634115,0.5940036559334722
60.48,0.2505016040959891,-0.10854354774714925,0.2274016062828175,-0.02737947139664603,0.5942192168826267
60.55,0.21019362588131912,-0.11731632534789241,0.2299796421403524,-0.025903176052657927,0.5944347778317813
60.62,0.16988564766664913,-0.1260891029486356,0.2322762728918359,-0.024426880708669843,0.594650338780936
60.69,0.1295776694519791,-0.13486188054937878,0.23428392480641377,-0.02295058536468174,0.5948658997300906
60.76,0.08926969123730913,-0.14363465815012197,0.23599502415323212,-0.021474290020693648,0.5950814606792452
60.83,0.048961713022639124,-0.15240743575086516,0.237401997201437,-0.019997994676705558,0.5952970216283997
60.9,0.00865373480796912,-0.16118021335160831,0.23849727022017456,-0.018521699332717467,0.5955125825775544
60.97,0.01039772833105771,-0.1435308140817995,0.23927533001005874,-0.017045403988729363,0.595728143526709
61.04,0.0121417218541463,-0.1258814148119906,0.23973890549757598,-0.015569108644741272,0.5959437044758635
61.11,0.013885715377234889,-0.10823201554218176,0.23989278614068055,-0.014092813300753182,0.5961592654250182
61.18,0.015629708900323478,-0.0905826162723729,0.23974176139732697,-0.012616517956765091,0.5963748263741728
61.25,0.017373702423412067,-0.07293321700256407,0.2392906207254695,-0.011140222612777001,0.5965903873233273
61.32,0.019117695946500656,-0.05528381773275522,0.23854415358306266,-0.00966392726878891,0.596805948272482
61.39,0.020861689469589245,-0.03763441846294635,0.2375071494280607,-0.00818763192480082,0.5970215092216365
61.46,0.02260568299267783,-0.0199850191931375,0.23618439771841804,-0.0067113365808127295,0.5972370701707912
61.53,0.024349676515766423,-0.0023356199233286745,0.23458068791208908,-0.005235041236824625,0.5974526311199457
61.6,0.026093670038855012,0.015313779346480205,0.23270080946702826,-0.0037587458928365347,0.5976681920691004
61.67,0.0278376635619436,0.03296317861628903,0.23054955184118986,-0.0022824505488484442,0.5978837530182549
61.74,0.029581657085032194,0.050612577886097895,0.22813170449252843,-0.0008061552048603676,0.5980993139674096
61.81,0.03132565060812078,0.06826197715590675,0.22545205687899808,0.0006701401391277367,0.5983148749165641
61.88,0.03306964413120937,0.08591137642571561,0.22251539845855345,0.002146435483115827,0.5985304358657187
61.95,0.03481363765429796,0.10356077569552442,0.2193265186891488,0.0036227308271039316,0.5987459968148734
62.02,0.03655763117738654,0.12121017496533332,0.21589020702873848,0.005099026171092022,0.5989615577640279
62.09,0.038301624700475136,0.13885957423514217,0.21221125293527707,0.0065753215150801125,0.5991771187131826
62.16,0.040045618223563555,0.15650897350494922,0.20829444586671914,0.008051616859068064,0.5993926796623371
62.23,0.04178961174665214,0.1741583727747581,0.20414457528101837,0.00952791220305614,0.5996082406114918
62.3,0.043533605269740726,0.19180777204456692,0.19976643063612953,0.011004207547044245,0.5998238015606463
62.37,0.04527759879282932,0.20945717131437577,0.19516480139000694,0.012480502891032322,0.600039362509801
62.44,0.047021592315917904,0.2271065705841846,0.1903444770006051,0.013956798235020426,0.6002549234589556
62.51,0.04876558583900649,0.24475596985399345,0.18531024692587839,0.015433093579008503,0.6004704844081101
62.58,0.05050957936209508,0.26240536912380236,0.18006690062378103,0.016909388922996607,0.6006860453572647
62.65,0.052253572885183674,0.2800547683936112,0.17461922755226758,0.018385684266984698,0.6009016063064193
62.72,0.05399756640827226,0.29770416766342006,0.16897201716929236,0.019861979610972802,0.601117167255574
62.79,0.055741559931360846,0.31535356693322886,0.16313005893280974,0.02133827495496088,0.6013327282047286
62.86,0.05748555345444944,0.3330029662030377,0.15709814230077412,0.02281457029894897,0.6015482891538831
62.93,0.059229546977538024,0.3506523654728466,0.15088105673113988,0.02429086564293706,0.6017638501030378
63.0,0.06097354050062661,0.36830176474265536,0.1444835916818614,0.025767160986925164,0.6019794110521923
63.07,0.0627175340237152,0.3859511640124643,0.13791053661089306,0.027243456330913254,0.602194972001347
63.14,0.06446152754680379,0.4036005632822731,0.13116668097618922,0.02871975167490136,0.6024105329505016
63.21,0.06620552106989239,0.421249962552082,0.12425681423570437,0.030196047018889435,0.6026260938996562
63.28,0.06794951459298097,0.4388993618218909,0.11718572584739274,0.03167234236287754,0.6028416548488107
63.35,0.06969350811606957,0.45654876109169973,0.10995820526920887,0.03314863770686563,0.6030572157979655
63.42,0.07143750163915816,0.4741981603615085,0.10257904195910708,0.034624933050853735,0.60327277674712
63.49,0.07318149516224674,0.49184755963131743,0.09505302537504165,0.03610122839484181,0.6034883376962745
63.56,0.07492548868533533,0.5094969589011262,0.08738494497496709,0.037577523738829915,0.6037038986454292
63.63,0.07666948220842393,0.5271463581709351,0.07957959021683778,0.03905381908281799,0.6039194595945838
63.7,0.0784134757315125,0.5447957574407439,0.07164175055860805,0.04053011442680608,0.6041350205437384
63.77,0.0801574692546011,0.5624451567105528,0.0635762154582323,0.04200640977079417,0.604350581492893
63.84,0.0819014627776897,0.5800945559803617,0.05538777437366492,0.043482705114782264,0.6045661424420476
63.91,0.08364545630077809,0.5977439552501687,0.047081216762861165,0.044959000458770215,0.6047817033912022
63.98,0.08538944982386669,0.6153933545199776,0.038661332083773696,0.04643529580275829,0.6049972643403567
64.05,0.08713344334695529,0.6330427537897864,0.030132909794357746,0.047911591146746396,0.6052128252895114
64.12,0.08887743687004404,0.6506921530595972,0.021500739352566814,0.049387886490734625,0.605428386238666
64.19,0.09062143039313246,0.6683415523294041,0.012769610216357946,0.05086418183472259,0.6056439471878206
64.26,0.09236542391622123,0.6859909515992149,0.0039443118436819635,0.05234047717871082,0.6058595081369752
64.33,0.09410941743930963,0.7036403508690218,-0.004970366307503138,0.05381677252269876,0.6060750690861297
64.4,0.0958534109623984,0.7212897501388323,-0.013969634779246662,0.055293067866687,0.6062906300352844
64.47,0.09759740448548679,0.7389391494086395,-0.023048704113590474,0.05676936321067495,0.6065061909844389
64.54,0.09462078965261331,0.7283670357564576,-0.03220090837656931,0.05824565855466318,0.6067217519335936
64.61,0.09164417481974041,0.7177949221042776,-0.04141207573015171,0.05972195389865115,0.6069373128827482
64.68,0.08866755998686691,0.7072228084520956,-0.05066615786029912,0.06119824924263938,0.6071528738319029
64.75,0.08569094515399403,0.6966506947999156,-0.059947106452965436,0.06267454458662733,0.6073684347810574
64.82,0.08271433032112113,0.6860785811477358,-0.06923887319411026,0.06415083993061525,0.6075839957302119
64.89,0.07973771548824765,0.6755064674955538,-0.07852540976969301,0.06562713527460352,0.6077995566793666
64.96,0.07676110065537475,0.6649343538433738,-0.08779066786566778,0.06710343061859143,0.6080151176285211
65.03,0.07378448582250127,0.6543622401911918,-0.09701859916799586,0.0685797259625797,0.6082306785776759
65.1,0.07080787098962839,0.6437901265390119,-0.10619315536263124,0.07005602130656763,0.6084462395268304
65.17,0.0678312561567549,0.6332180128868299,-0.11529828813553522,0.07153231665055589,0.6086618004759851
65.24,0.064854641323882,0.62264589923465,-0.12431794917266188,0.07300861199454382,0.6088773614251396
65.31,0.061878026491008514,0.6120737855824679,-0.13323609015997248,0.07448490733853208,0.6090929223742942
65.38,0.05890141165813563,0.6015016719302881,-0.14203666278342114,0.07596120268252,0.6093084833234488
65.45,0.05592479682526213,0.590929558278106,-0.150703618728969,0.07743749802650825,0.6095240442726034
65.52,0.052948181992389244,0.5803574446259262,-0.15922090968257027,0.0789137933704962,0.609739605221758
65.59,0.04997156715951574,0.5697853309737441,-0.16757248733018615,0.0803900887144844,0.6099551661709126
65.66,0.04699495232664286,0.5592132173215641,-0.17574230335777072,0.0818663840584724,0.6101707271200671
65.73,0.04401833749376937,0.5486411036693822,-0.1837143094512852,0.0833426794024606,0.6103862880692218
65.8,0.04104172266089648,0.5380689900172023,-0.1914724572966838,0.08481897474644857,0.6106018490183764
65.87,0.03806510782802299,0.5274968763650203,-0.19900069857992747,0.08629527009043679,0.610817409967531
65.94,0.0350884929951501,0.5169247627128404,-0.2062829849869708,0.08777156543442477,0.6110329709166855
66.01,0.032111878162276605,0.5063526490606584,-0.21330326820377446,0.08924786077841297,0.6112485318658403
66.08,0.029135263329403714,0.4957805354084784,-0.22004549991629316,0.09072415612240092,0.6114640928149948
66.15,0.02615864849653022,0.4852084217562964,-0.22649363181048737,0.09220045146638917,0.6116796537641493
66.22,0.02318203366365734,0.47463630810411656,-0.23263161557231213,0.09367674681037712,0.6118952147133041
66.29,0.020205418830783844,0.4640641944519345,-0.23844340288772764,0.09515304215436536,0.6121107756624586
66.36,0.017228803997910953,0.45349208079975467,-0.24391294544268907,0.0966293374983533,0.6123263366116133
66.43,0.014252189165037458,0.44291996714757254,-0.2490241949231565,0.09810563284234154,0.6125418975607678
66.5,0.01127557433216457,0.4323478534953926,-0.2537611030150855,0.0995819281863295,0.6127574585099225
66.57,0.008298959499291686,0.42177573984321276,-0.25810762140443466,0.10105822353031742,0.612973019459077
66.64,0.005322344666418191,0.4112036261910307,-0.2620477017771626,0.10253451887430566,0.6131885804082315
66.71,0.0023457298335453,0.4006315125388509,-0.26556529581922517,0.10401081421829361,0.6134041413573862
66.78,-0.0006308849993281879,0.39005939888666885,-0.2686443552165817,0.10548710956228184,0.6136197023065408
66.85,-0.003607499832201079,0.37948728523448894,-0.27126883165518845,0.1069634049062698,0.6138352632556954
66.92,-0.00658411466507457,0.36891517158230686,-0.2734226768210042,0.10843970025025804,0.61405082420485
66.99,-0.009560729497947455,0.358343057930127,-0.27508984239998574,0.10991599559424599,0.6142663851540046
67.06,-0.01253734433082095,0.3477709442779449,-0.27625428007809144,0.11139229093823423,0.6144819461031592
67.13,-0.015513959163693837,0.33719883062576506,-0.2768999415412785,0.11286858628222218,0.6146975070523137
67.2,-0.018490573996567332,0.32662671697358303,-0.27701077847550476,0.11434488162621041,0.6149130680014685
67.27,-0.02146718882944022,0.31605460332140317,-0.27657074256672803,0.11582117697019836,0.615128628950623
67.34,-0.024443803662313714,0.3054824896692211,-0.2755637855009056,0.11729747231418658,0.6153441898997776
67.41,-0.027420418495186605,0.2949103760170411,-0.27397385896399556,0.11877376765817454,0.6155597508489322
67.48,-0.03039703332806009,0.28433826236485915,-0.27178491464195514,0.12025006300216276,0.6157753117980869
67.55,-0.03337364816093298,0.27376614871267924,-0.26898090422074267,0.12172635834615074,0.6159908727472415
67.62,-0.036350262993806476,0.2631940350604972,-0.2655457793863148,0.12320265369013896,0.616206433696396
67.69,-0.03932687782667936,0.25262192140831735,-0.2614634918246306,0.12467894903412693,0.6164219946455507
67.76,-0.042303492659552855,0.24204980775613527,-0.256717993221646,0.12615524437811515,0.6166375555947052
67.83,-0.04528010749242574,0.23147769410395536,-0.2512932352633206,0.12763153972210306,0.6168531165438598
67.9,-0.04825672232529923,0.22090558045177341,-0.24517316963560998,0.12910783506609133,0.6170686774930144
67.97,-0.05123333715817212,0.2103334667995935,-0.2383417480244742,0.13058413041007927,0.6172842384421691
68.04,-0.05420995199104562,0.19976135314741145,-0.23078292211586815,0.1320604257540675,0.6174997993913236
68.11,0.004265728774886859,0.1891892394952316,-0.2224894328405393,0.13353672109805545,0.6177153603404782
68.18,0.06274140954083121,0.1786171258430495,-0.21348917810837492,0.13501301644204372,0.6179309212896329
68.25,0.12121709030676367,0.16804501219086967,-0.20381884507405626,0.13648931178603163,0.6181464822387874
68.32,0.17969277107269618,0.1574728985386897,-0.19351512089225895,0.1379656071300196,0.618362043187942
68.39,0.2381684518386405,0.14690078488650768,-0.1826146927176581,0.13944190247400784,0.6185776041370966
68.46,0.296644132604573,0.13632867123432782,-0.17115424770493573,0.14091819781799578,0.6187931650862513
68.53,0.35511981337051735,0.12575655758214577,-0.15917047300876452,0.14239449316198402,0.6190087260354058
68.6,0.4135954941364498,0.11518444392996585,-0.14670005578382686,0.14387078850597196,0.6192242869845604
68.67,0.47207117490239414,0.10461233027778385,-0.1337796831847951,0.1453470838499602,0.6194398479337151
68.74,0.5305468556683266,0.09404021662560394,-0.12044604236635191,0.14682337919394814,0.6196554088828696
68.81,0.5890225364342709,0.08346810297342191,-0.10673582048316935,0.1482996745379364,0.6198709698320242
68.88,0.6474982172002035,0.072895989321242,-0.09268570468993045,0.14977596988192435,0.6200865307811789
68.95,0.7059738979661478,0.06232387566906,-0.078332382141307,0.1512522652259126,0.6203020917303335
69.02,0.78546361138234,0.05175176201688009,-0.06371253999198219,0.1527285605699005,0.620517652679488
69.09,0.8649533247985484,0.04117964836469806,-0.048862865396627556,0.15420485591388874,0.6207332136286426
69.16,0.9444430382147406,0.030607534712518175,-0.033820045509926615,0.15568115125787668,0.6209487745777973
69.23,1.0239327516309489,0.020035421060336123,-0.018620767486550668,0.15715744660186493,0.6211643355269518
69.3,1.1034224650471411,0.009463307408156235,-0.0033017184811833973,0.1586337419458529,0.6213798964761064
69.37,1.1829121784633494,-0.0011088062440257895,0.012100414351503993,0.16011003728984113,0.6215954574252611
69.44,1.2624018918795417,-0.011680919896205677,0.02754894385682783,0.16158633263382907,0.6218110183744157
69.51,1.34189160529575,-0.02225303354838773,0.043007182880116915,0.16306262797781731,0.6220265793235702
69.58,1.421381318711942,-0.03282514720056762,0.058438444266687505,0.16453892332180522,0.6222421402727248
69.65,1.5008710321281507,-0.04339726085274964,0.07380604086186845,0.1660152186657935,0.6224577012218795
69.72,1.5803607455443427,-0.053969374504929585,0.08907328551097601,0.16749151400978143,0.622673262171034
69.79,1.659850458960551,-0.06454148815711158,0.10420349105933902,0.1689678093537697,0.6228888231201887
69.86,1.7393401723767432,-0.07511360180929147,0.11915997035227377,0.17044410469775761,0.6231043840693433
69.93,1.661072096181141,-0.08568571546147352,0.13390797479449199,0.17192040004174589,0.6233199450184979
70.0,1.5828040199855546,-0.09625782911365338,0.14842051002822548,0.1733966953857338,0.6235355059676524
70.07,1.5045359437899686,-0.1068299427658333,0.16267252025509807,0.17487299072972173,0.6237510669168072
70.14,1.4262678675943663,-0.11740205641801532,0.1766389496767334,0.17634928607371,0.6239666278659617
70.21,1.34799979139878,-0.1279741700701952,0.19029474249474662,0.17782558141769791,0.6241821888151162
70.28,1.269731715203178,-0.13854628372237726,0.2036148429107642,0.17930187676168619,0.6243977497642709
70.35,1.1914636390075917,-0.14911839737455718,0.21657419512640147,0.1807781721056741,0.6246133107134255
70.42,1.1131955628119896,-0.15969051102673915,0.2291477433432845,0.18225446744966237,0.62482887166258
70.49,1.0349274866164033,-0.17026262467891906,0.24131043176302902,0.1837307627936503,0.6250444326117346
70.56,0.9566594104208012,-0.18083473833110109,0.25303720458726087,0.18520705813763857,0.6252599935608893
70.63,0.878391334225215,-0.191406851983281,0.26430300601759604,0.18668335348162649,0.6254755545100439
70.7,0.8001232580296127,-0.20197896563546305,0.2750827802556599,0.18815964882561476,0.6256911154591984
70.77,0.7218551818340265,-0.21255107928764294,0.28535147150306905,0.18963594416960267,0.6259066764083531
70.84,0.6435871056384244,-0.22312319293982494,0.29508402396144845,0.1911122395135909,0.6261222373575077
70.91,0.5653190294428381,-0.23369530659200483,0.3042553818324147,0.19258853485757887,0.6263377983066623
70.98,0.4870509532472359,-0.2442674202441869,0.31284048931759273,0.19406483020156712,0.6265533592558169
71.05,0.40878287705164973,-0.2548395338963668,0.3208142906185997,0.19554112554555506,0.6267689202049715
71.12,0.33051480085604756,-0.26541164754854885,0.32815172993705966,0.1970174208895433,0.6269844811541261
71.19,0.2522467246604613,-0.27598376120072876,0.33482775147459054,0.19849371623353124,0.6272000421032806
71.26,0.17397864846485916,-0.28655587485291073,0.3408172994328158,0.19997001157751945,0.6274156030524353
71.33,0.0957105722692729,-0.29712798850509065,0.34609531801335386,0.2014463069215074,0.6276311640015899
71.4,0.017442496073670738,-0.30770010215727267,0.35063675141782774,0.20292260226549563,0.6278467249507445
71.47,-0.060825580121915496,-0.3182722158094526,0.35441654384785637,0.2043988976094836,0.628062285899899
71.54,-0.13909365631751766,-0.3288443294616346,0.3574096395050621,0.20587519295347184,0.6282778468490537
71.61,-0.2173617325131039,-0.3394164431138144,0.3595909825910645,0.20735148829745975,0.6284934077982083
71.68,-0.20784720171059864,-0.2820702084548584,0.36094411942299187,0.208827783641448,0.6287089687473628
71.75,-0.1983326709080953,-0.22472397379591413,0.36148700477999585,0.21030407898543596,0.6289245296965175
71.82,-0.188818140105592,-0.1673777391369698,0.3612461955567357,0.21178037432942395,0.6291400906456721
71.89,-0.17930360930308673,-0.11003150447801377,0.36024824864787,0.21325666967341214,0.6293556515948266
71.96,-0.1697890785005834,-0.05268526981906943,0.35851972094805806,0.2147329650174001,0.6295712125439813
72.03,-0.16027454769807814,0.004660964839886539,0.3560871693519579,0.2162092603613883,0.6297867734931359
72.1,-0.1507600168955748,0.06200719949883082,0.3529771507542292,0.21768555570537634,0.6300023344422905
72.17,-0.14124548609306953,0.11935343415778682,0.3492162220495297,0.21916185104936453,0.630217895391445
72.24,-0.1317309552905662,0.1766996688167312,0.34483094013251975,0.2206381463933525,0.6304334563405998
72.31,-0.12221642448806097,0.2340459034756872,0.3398478618978565,0.22211444173734068,0.6306490172897543
72.38,-0.11270189368555764,0.29139213813463155,0.33429354424020036,0.2235907370813287,0.6308645782389088
72.45,-0.10318736288305237,0.3487383727935875,0.32819454405420845,0.2250670324253169,0.6310801391880634
72.52,-0.09367283208054906,0.40608460745253183,0.32157741823454156,0.2265433277693048,0.631295700137218
72.59,-0.0841583012780438,0.4634308421114879,0.3144687236758562,0.22801962311329305,0.6315112610863727
72.66,-0.07464377047554047,0.5207770767704322,0.306895017272814,0.22949591845728098,0.6317268220355272
72.73,-0.0651292396730352,0.5781233114293881,0.29888285592007063,0.23097221380126928,0.6319423829846819
72.8,-0.05561470887053187,0.6354695460883325,0.2904587965122881,0.2324485091452572,0.6321579439338365
72.87,-0.046100178068026604,0.6928157807472886,0.2816493959441219,0.23392480448924544,0.632373504882991
72.94,-0.03658564726552327,0.750162015406233,0.2724812111102346,0.23540109983323337,0.6325890658321456
73.01,-0.02707111646301802,0.8075082500651888,0.2629807989052811,0.23687739517722167,0.6328046267813003
73.08,-0.017556585660514698,0.8648544847241332,0.25317471622392407,0.23835369052120958,0.6330201877304549
73.15,-0.008042054858009434,0.9222007193830891,0.2430895199608184,0.23982998586519783,0.6332357486796095
73.22,0.0014724759444938729,0.9795469540420334,0.2327517670106271,0.24130628120918574,0.6334513096287641
73.29,0.01098700674699915,1.0368931887009893,0.22218801426800464,0.24278257655317398,0.6336668705779187
73.36,0.020501537549502485,1.094239423359934,0.2114248186276142,0.24425887189716194,0.6338824315270732
73.43,0.030016068352007735,1.15158565801889,0.2004887369841103,0.2457351672411502,0.634097992476228
73.5,0.039530599154511056,1.1393312060162133,0.18940632623215609,0.24721146258513813,0.6343135534253825
73.57,0.04904512995701439,1.1270767540135367,0.17820414326640824,0.2486877579291261,0.6345291143745371
73.64,0.05855966075951967,1.1148223020108579,0.16690874498152322,0.2501640532731143,0.6347446753236916
73.71,0.06807419156202299,1.102567850008181,0.15554668827216456,0.25164034861710227,0.6349602362728463
73.78,0.07758872236452824,1.090313398005502,0.1441445300329863,0.2531166439610905,0.6351757972220009
73.85,0.08710325316703157,1.0780589460028256,0.132728827158652,0.2545929393050784,0.6353913581711554
73.92,0.09661778396953684,1.0658044940001465,0.12132613654381583,0.25606923464906667,0.6356069191203101
73.99,0.10613231477204017,1.05355004199747,0.10996301508314123,0.25754552999305463,0.6358224800694646
74.06,0.11564684557454542,1.0412955899947909,0.09866601967128238,0.2590218253370429,0.6360380410186193
74.13,0.12516137637704874,1.0290411379921143,0.08746170720290279,0.2604981206810308,0.6362536019677738
74.2,0.13467590717955402,1.0167866859894352,0.07637663457265666,0.26197441602501903,0.6364691629169286
74.27,0.14419043798205736,1.0045322339867588,0.0654373586752073,0.26345071136900694,0.6366847238660831
74.34,0.1537049687845626,0.9922777819840798,0.05467043640520914,0.26492700671299524,0.6369002848152377
74.41,0.16321949958706594,0.9800233299814032,0.044102424657325334,0.26640330205698315,0.6371158457643923
74.48,0.1727340303895712,0.9677688779787241,0.03375988032621048,0.2678795974009714,0.6373314067135469
74.55,0.18224856119207453,0.9555144259760475,0.02366936030652745,0.26935589274495936,0.6375469676627015
74.62,0.19176309199457975,0.9432599739733685,0.01385742149293118,0.27083218808894766,0.6377625286118561
74.69,0.20127762279708308,0.9310055219706919,0.00435062078008437,0.27230848343293557,0.6379780895610107
74.76,0.21079215359958833,0.918751069968013,-0.004824484937358087,0.2737847787769238,0.6381936505101653
74.83,0.22030668440209167,0.9064966179653364,-0.013641338764733502,0.2752610741209117,0.6384092114593198
74.9,0.22982121520459695,0.8942421659626573,-0.022073383807386687,0.27673736946489996,0.6386247724084746
74.97,0.23933574600710023,0.8819877139599808,-0.030094063170655477,0.27821366480888793,0.6388403333576291
75.04,0.2488502768096055,0.8697332619573017,-0.03767681995988417,0.27968996015287617,0.6390558943067837
75.11,0.2583648076121089,0.8574788099546251,-0.04479509728041095,0.2811662554968641,0.6392714552559383
75.18,0.26787933841461414,0.8452243579519462,-0.05142233823757991,0.2826425508408523,0.639487016205093
75.25,0.29919435377279285,0.8138478441782157,-0.05753856618609132,0.2841188461848403,0.6397025771542475
75.32,0.3305093691309716,0.7824713304044851,-0.06315012547809715,0.28559514152882826,0.639918138103402
75.39,0.36182438448915677,0.7510948166307483,-0.0682699407151109,0.2870714368728165,0.6401336990525567
75.46,0.3931393998473355,0.7197183028570179,-0.07291093649864286,0.2885477322168044,0.6403492600017113
75.53,0.42445441520552063,0.688341789083281,-0.07708603743020727,0.29002402756079265,0.6405648209508659
75.6,0.4557694305636994,0.6569652753095505,-0.08080816811131503,0.2915003229047806,0.6407803819000205
75.67,0.4870844459218845,0.6255887615358136,-0.08409025314348002,0.29297661824876886,0.6409959428491752
75.74,0.5183994612800632,0.5942122477620831,-0.08694521712821332,0.29445291359275677,0.6412115037983297
75.81,0.5497144766382484,0.5628357339883463,-0.08938598466702853,0.295929208936745,0.6414270647474843
75.88,0.5810294919964272,0.5314592202146158,-0.0914254803614371,0.2974055042807329,0.6416426256966389
75.95,0.6123445073546122,0.500082706440879,-0.09307662881295231,0.2988817996247212,0.6418581866457935
76.02,0.643659522712791,0.46870619266714847,-0.09435235462308589,0.30035809496870913,0.6420737475949481
76.09,0.6749745380709761,0.4373296788934116,-0.09526558239335085,0.3018343903126974,0.6422893085441027
76.16,0.7062895534291549,0.40595316511968105,-0.09582923672525916,0.3033106856566853,0.6425048694932572
76.23,0.7376045687873399,0.3745766513459442,-0.09605624222032354,0.3047869810006736,0.6427204304424119
76.3,0.7689195841455186,0.3432001375722138,-0.09595952348005635,0.30626327634466155,0.6429359913915664
76.37,0.8002345995037039,0.3118236237984769,-0.09555200510597,0.3077395716886498,0.6431515523407212
76.44,0.8315496148618825,0.2804471100247464,-0.09484661169957695,0.3092158670326377,0.6433671132898757
76.51,0.8628646302200675,0.24907059625100958,-0.09385626786238951,0.310692162376626,0.6435826742390304
76.58,0.8941796455782465,0.21769408247727906,-0.09259389819592047,0.3121684577206139,0.6437982351881849
76.65,0.9254946609364315,0.18631756870354224,-0.09107242730168166,0.31364475306460216,0.6440137961373396
76.72,0.9568096762946103,0.15494105492981172,-0.0893047797811863,0.31512104840859007,0.6442293570864941
76.79,0.9881246916527954,0.12356454115607488,-0.08730388023594594,0.3165973437525783,0.6444449180356487
76.86,1.0194397070109742,0.09218802738234438,-0.08508265326747398,0.3180736390965663,0.6446604789848034
76.93,1.0507547223691593,0.06081151360860753,-0.08265402347728185,0.3195499344405545,0.6448760399339579
77.0,1.082069737727338,0.029434999834877046,-0.08003091546688296,0.3210262297845424,0.6450916008831126
77.07,1.0982908928192656,0.09665267322333214,-0.07722625383778929,0.3225025251285304,0.6453071618322671
77.14,1.1145120479111963,0.1638703466118009,-0.0742529631915127,0.32397882047251864,0.6455227227814218
77.21,1.1307332030031236,0.23108802000025597,-0.0711239681295668,0.3254551158165066,0.6457382837305763
77.28,1.1469543580950545,0.2983056933887247,-0.06785219325346273,0.32693141116049484,0.6459538446797309
77.35,1.1631755131869819,0.36552336677717984,-0.06445056316471423,0.32840770650448275,0.6461694056288855
77.42,1.1793966682789128,0.43274104016564857,-0.06093200246483246,0.329884001848471,0.6463849665780401
77.49,1.1956178233708403,0.4999587135541037,-0.05730943575533119,0.33136029719245896,0.6466005275271947
77.56,1.211838978462771,0.5671763869425724,-0.053595787637721395,0.3328365925364472,0.6468160884763494
77.63,1.2280601335546983,0.6343940603310275,-0.04980398271351701,0.3343128878804351,0.647031649425504
77.7,1.2442812886466292,0.7016117337194963,-0.04594694558422896,0.33578918322442336,0.6472472103746586
77.77,1.2605024437385568,0.7688294071079514,-0.042037600851371267,0.33726547856841127,0.6474627713238131
77.84,1.2767235988304875,0.8360470804964201,-0.03808887311645472,0.33874177391239957,0.6476783322729678
77.91,1.292944753922415,0.9032647538848751,-0.03411368698099336,0.34021806925638753,0.6478938932221223
77.98,1.3091659090143457,0.970482427273344,-0.03012496704649803,0.3416943646003758,0.648109454171277
78.05,1.325387064106273,1.037700100661799,-0.026135637914482816,0.3431706599443637,0.6483250151204316
78.12,1.341608219198204,1.1049177740502678,-0.022158624186458475,0.344646955288352,0.6485405760695861
78.19,1.3578293742901315,1.1721354474387229,-0.018206850463939106,0.3461232506323399,0.6487561370187408
78.26,1.3740505293820622,1.2393531208271915,-0.014293241348435475,0.34759954597632814,0.6489716979678953
78.33,1.3902716844739897,1.3065707942156468,-0.01043072144146167,0.34907584132031605,0.64918725891705
78.4,1.4064928395659204,1.3737884676041154,-0.006632215344528505,0.3505521366643043,0.6494028198662045
78.47,1.422713994657848,1.4410061409925707,-0.0029106476591500095,0.35202843200829226,0.6496183808153592
78.54,1.4389351497497787,1.5082238143810394,0.0007210570131629557,0.3535047273522805,0.6498339417645138
78.61,1.455156304841706,1.5754414877694942,0.004249974070896435,0.3549810226962684,0.6500495027136683
78.68,1.4713774599336369,1.6426591611579633,0.007663178912539429,0.35645731804025665,0.650265063662823
78.75,1.4875986150255645,1.7098768345464184,0.01094774693657814,0.3579336133842447,0.6504806246119776
78.82,1.440553935789305,1.6438910670183897,0.01409324950482489,0.3594099087282326,0.6506961855611322
78.89,1.3935092565530358,1.577905299490348,0.017099241832388232,0.36088620407222083,0.6509117465102867
78.96,1.3464645773167763,1.5119195319623193,0.019967775097698842,0.36236249941620874,0.6511273074594413
79.03,1.299419898080507,1.4459337644342773,0.02270090047918991,0.363838794760197,0.651342868408596
79.1,1.2523752188442474,1.379947996906249,0.0253006691552923,0.36531509010418495,0.6515584293577505
79.17,1.2053305396079783,1.313962229378207,0.027769132304439025,0.3667913854481732,0.6517739903069052
79.24,1.1582858603717188,1.2479764618501783,0.03010834110506108,0.3682676807921611,0.6519895512560597
79.31,1.1112411811354497,1.1819906943221365,0.032320346735591365,0.36974397613614934,0.6522051122052144
79.38,1.0641965018991901,1.1160049267941081,0.034407200374460975,0.3712202714801373,0.652420673154369
79.45,1.0171518226629208,1.0500191592660661,0.03637095320010275,0.37269656682412555,0.6526362341035236
79.52,0.9701071434266615,0.9840333917380378,0.038213656390947814,0.3741728621681135,0.6528517950526782
79.59,0.9230624641903924,0.9180476242099959,0.039937361125428915,0.3756491575121017,0.6530673560018329
79.66,0.8760177849541328,0.8520618566819673,0.04154411858197736,0.37712545285608967,0.6532829169509874
79.73,0.8289731057178638,0.7860760891539254,0.04303597993902573,0.37860174820007797,0.653498477900142
79.8,0.781928426481604,0.7200903216258968,0.04441499637500542,0.3800780435440659,0.6537140388492966
79.87,0.734883747245335,0.654104554097855,0.04568321906834894,0.3815543388880541,0.6539295997984511
79.94,0.6878390680090753,0.5881187865698263,0.0468426991974878,0.38303063423204203,0.6541451607476059
80.01,0.6407943887728063,0.5221330190417846,0.047895487940854416,0.38450692957603033,0.6543607216967604
80.08,0.5937497095365467,0.45614725151375607,0.048843636476880344,0.38598322492001824,0.6545762826459149
80.15,0.5467050303002776,0.39016148398571415,0.049689195983997916,0.3874595202640065,0.6547918435950696
80.22,0.49966035106401807,0.32417571645768556,0.05043421764063878,0.3889358156079944,0.6550074045442241
80.29,0.452615671827749,0.2581899489296437,0.05108075262523523,0.39041211095198264,0.6552229654933789
80.36,0.4055709925914894,0.1922041814016152,0.051630852116218935,0.39188840629597066,0.6554385264425334
80.43,0.3585263133552202,0.12621841387357327,0.0520865672920222,0.39336470163995885,0.655654087391688
80.5,0.31148163411896074,0.06023264634554475,0.05244994933107669,0.3948409969839468,0.6558696483408426
80.57,0.26443695488270114,-0.005753121182483759,0.052723049411814514,0.3963172923279347,0.6560852092899971
80.64,0.31554834042291835,0.05897397197450512,0.05290791871266773,0.39779358767192297,0.6563007702391518
80.71,0.3666597259631251,0.12370106513148087,0.053006608412068196,0.39926988301591093,0.6565163311883064
80.78,0.4177711115033424,0.18842815828846973,0.05302116968844793,0.4007461783598992,0.656731892137461
80.85,0.46888249704354923,0.2531552514454455,0.052953653720238886,0.4022224737038871,0.6569474530866155
80.92,0.5199938825837664,0.3178823446024343,0.05280611168587302,0.4036987690478753,0.6571630140357703
80.99,0.5711052681239732,0.3826094377594101,0.05258059476378242,0.4051750643918633,0.6573785749849248
81.06,0.6222166536641904,0.44733653091639897,0.05227915413239891,0.40665135973585154,0.6575941359340793
81.13,0.6733280392043973,0.5120636240733748,0.051903840970154595,0.40812765507983945,0.657809696883234
81.2,0.7244394247446144,0.5767907172303636,0.05145670645548131,0.4096039504238277,0.6580252578323886
81.27,0.7755508102848213,0.6415178103873393,0.05093980176681121,0.41108024576781566,0.6582408187815432
81.34,0.8266621958250385,0.7062449035443282,0.05035517808257602,0.41255654111180395,0.6584563797306978
81.41,0.8777735813652454,0.7709719967013039,0.049704886581208044,0.41403283645579186,0.6586719406798524
81.48,0.9288849669054626,0.8356990898582928,0.04899097844113894,0.4155091317997801,0.6588875016290071
81.55,0.9799963524456694,1.0441469233371914,0.048215504840800914,0.416985427143768,0.6591030625781616
81.62,1.0311077379858866,1.2525947568161322,0.04738051695862576,0.4184617224877563,0.6593186235273162
81.69,1.0822191235260936,1.461042590295031,0.04648806597304568,0.4199380178317442,0.6595341844764708
81.76,1.1333305090663108,1.6694904237739716,0.04554020306249232,0.4214143131757324,0.6597497454256254
81.83,1.1844418946065176,1.8779382572528702,0.04453897940539807,0.4228906085197204,0.65996530637478
81.9,1.2355532801467348,2.0863860907318115,0.04348644618019446,0.42436690386370857,0.6601808673239346
81.97,1.2866646656869414,2.29483392421071,0.04238465456531388,0.4258431992076966,0.6603964282730892
82.04,1.3377760512271588,2.5032817576896504,0.04123565573918791,0.4273194945516848,0.6606119892222438
82.11,1.3888874367673656,2.7117295911685493,0.040041500880248965,0.4287957898956728,0.6608275501713985
82.18,1.4399988223075826,2.9201774246474903,0.03880424116692853,0.430272085239661,0.6610431111205529
82.25,1.4911102078477896,3.128625258126389,0.03752592777765909,0.431748380583649,0.6612586720697076
82.32,1.5422215933879964,3.337073091605287,0.03620861189087238,0.4332246759276369,0.6614742330188622
82.39,1.5480456147766652,3.231856048577368,0.03485434468500004,0.43470097127162516,0.6616897939680169
82.46,1.553869636165333,3.1266390055494693,0.033465177338474705,0.43617726661561307,0.6619053549171714
82.53,1.559693657554002,3.0214219625215497,0.03204316102972772,0.4376535619596013,0.662120915866326
82.6,1.5655176789426695,2.916204919493651,0.0305903469371916,0.4391298573035893,0.6623364768154806
82.67,1.5713417003313384,2.810987876465732,0.02910878623929778,0.4406061526475775,0.6625520377646353
82.74,1.577165721720006,2.7057708334378336,0.027600530114478848,0.44208244799156543,0.6627675987137899
82.81,1.582989743108675,2.600553790409914,0.02606762974116613,0.4435587433355537,0.6629831596629444
82.88,1.5888137644973426,2.495336747382016,0.024512136297792225,0.44503503867954164,0.6631987206120991
82.95,1.5946377858860117,2.390119704354096,0.022936100962788506,0.4465113340235298,0.6634142815612536
83.02,1.6004618072746792,2.2849026613261976,0.021341574914587585,0.44798762936751785,0.6636298425104082
83.09,1.6062858286633483,2.179685618298278,0.019730609331620776,0.44946392471150604,0.6638454034595628
83.16,1.612109850052016,2.0744685752703798,0.018105255392320725,0.450940220055494,0.6640609644087174
83.23,1.6179338714406848,1.9692515322424602,0.016467564275118675,0.45241651539948224,0.664276525357872
83.3,1.6237578928293526,1.864034489214562,0.014819587158447379,0.4538928107434702,0.6644920863070266
83.37,1.6295819142180215,1.7588174461866422,0.013163375220738049,0.4553691060874584,0.6647076472561811
83.44,1.635405935606689,1.6536004031587441,0.01150097964042343,0.45684540143144636,0.6649232082053358
83.51,1.6412299569953581,1.5483833601308241,0.009834451595934709,0.4583216967754346,0.6651387691544904
83.58,1.647053978384026,1.443166317102926,0.008165842265704607,0.45979799211942257,0.665354330103645
83.65,1.6528779997726946,1.3379492740750063,0.006497202828164406,0.46127428746341076,0.6655698910527996
83.72,1.6587020211613623,1.232732231047108,0.004830584461746754,0.4627505828073987,0.6657854520019543
83.79,1.664526042550031,1.1275151880191885,0.003168038344882995,0.4642268781513869,0.6660010129511088
83.86,1.6703500639386988,1.0222981449912902,0.0015116156560056986,0.465703173495375,0.6662165739002635
83.93,1.6761740853273677,0.9170811019633707,-0.00013663242645377965,0.4671794688393632,0.666432134849418
84.0,1.6819981067160352,0.8118640589354723,-0.0017746547240627998,0.46865576418335114,0.6666476957985726
84.07,1.687822128104703,0.7066470159075741,-0.0034004000583897354,0.47013205952733905,0.6668632567477273
84.14,1.6936461494933719,0.6014299728796545,-0.005011817251002953,0.47160835487132724,0.6670788176968818
84.21,1.6994701708820397,0.6544622021989488,-0.006606855123469785,0.47308465021531526,0.6672943786460364
84.28,1.7052941922707086,0.7074944315182539,-0.008183462497358917,0.47456094555930345,0.667509939595191
84.35,1.7111182136593763,0.7605266608375483,-0.009739588194237748,0.4760372409032914,0.6677255005443457
84.42,1.7169422350480452,0.8135588901568533,-0.011273181035674897,0.4775135362472796,0.6679410614935003
84.49,1.7227662564367128,0.8665911194761478,-0.012782189843237833,0.4789898315912676,0.6681566224426548
84.56,1.7285902778253817,0.9196233487954529,-0.014264563438495137,0.4804661269352558,0.6683721833918094
84.63,1.7344142992140497,0.9726555781147473,-0.015718250643014242,0.48194242227924383,0.668587744340964
84.7,1.7402383206027183,1.0256878074340525,-0.017141200278363772,0.483418717623232,0.6688033052901187
84.77,1.7460623419913859,1.0787200367533467,-0.018531361166111184,0.48489501296722,0.6690188662392732
84.84,1.751886363380055,1.1317522660726518,-0.019886682127825052,0.48637130831120823,0.6692344271884278
84.91,1.7577103847687225,1.1847844953919462,-0.021205111985072835,0.4878476036551962,0.6694499881375825
84.98,1.7635344061573914,1.2378167247112515,-0.022484599559423148,0.4893238989991844,0.6696655490867369
85.05,1.769358427546059,1.290848954030546,-0.023723093672443414,0.49080019434317235,0.6698811100358917
85.12,1.7751824489347279,1.343881183349851,-0.024918543145702264,0.4922764896871606,0.6700966709850462
85.19,1.7810064703233959,1.3969134126691451,-0.026068896800767148,0.49375278503114856,0.6703122319342009
85.26,1.7868304917120643,1.4499456419884502,-0.0271721034592066,0.49522908037513674,0.6705277928833554
85.33,1.7926545131007323,1.5029778713077446,-0.028226111942588172,0.49670537571912465,0.6707433538325099
85.4,1.798478534489401,1.55601010062705,-0.02922887107248035,0.4981816710631129,0.6709589147816647
85.47,1.8043025558780688,1.6090423299463443,-0.030178329670450726,0.49965796640710086,0.6711744757308192
85.54,1.8101265772667379,1.6620745592656492,-0.031072436558067726,0.5011342617510891,0.6713900366799738
85.61,1.8159505986554054,1.7151067885849436,-0.031909140556898995,0.5026105570950771,0.6716055976291284
85.68,1.8217746200440743,1.7681390179042489,-0.03268639048851291,0.5040868524390653,0.6718211585782831
85.75,1.8275986414327419,1.8211712472235433,-0.033402135174477175,0.5055631477830532,0.6720367195274376
85.82,1.8334226628214096,1.8742034765428377,-0.03405432343636,0.5070394431270412,0.6722522804765922
85.89,1.8392466842100788,1.9272357058621428,-0.03464090409572947,0.5085157384710295,0.6724678414257469
85.96,1.8548968563253474,1.9419771033688547,-0.0351602603857632,0.5132787571593725,0.671810372110038
86.03,1.8705470284406192,1.9567185008755694,-0.03561251318607829,0.5180417758477164,0.6711529027943293
86.1,1.8861972005558876,1.9714598983822813,-0.035998217787901306,0.5228047945360593,0.6704954334786205
86.17,1.9018473726711593,1.986201295888996,-0.036317929482459044,0.5275678132244033,0.6698379641629115
86.24,1.9174975447864278,2.0009426933957077,-0.036572203560978095,0.5323308319127462,0.6691804948472029
86.31,1.9331477169016997,2.0156840909024227,-0.03676159531468521,0.5370938506010902,0.668523025531494
86.38,1.9487978890169684,2.0304254884091346,-0.03688666003480715,0.5418568692894331,0.6678655562157852
86.45,1.9644480611322397,2.045166885915849,-0.03694795301257051,0.546619887977777,0.6672080869000763
86.52,1.9800982332475083,2.059908283422561,-0.03694602953920207,0.5513829066661199,0.6665506175843676
86.59,1.99574840536278,2.0746496809292756,-0.03688144490592844,0.5561459253544638,0.6658931482686586
86.66,2.0113985774780487,2.0893910784359875,-0.03675475440397637,0.5609089440428068,0.6652356789529499
86.73,2.0270487495933205,2.1041324759427025,-0.03656651332457258,0.5656719627311507,0.664578209637241
86.8,2.042698921708589,2.118873873449414,-0.03631727695894378,0.5704349814194937,0.6639207403215324
86.87,2.0583490938238604,2.1336152709561294,-0.036007600598316515,0.5751980001078376,0.6632632710058234
86.94,2.073999265939129,2.148356668462841,-0.03563803953391774,0.5799610187961806,0.6626058016901146
87.01,2.0896494380544013,2.163098065969556,-0.035209149056973914,0.5847240374845244,0.6619483323744059
87.08,2.1052996101696695,2.1778394634762677,-0.034721484458711864,0.5894870561728673,0.661290863058697
87.15,2.1209497822849412,2.192580860982982,-0.0341756010303582,0.5942500748612113,0.6606333937429881
87.22,2.1365999544002094,2.207322258489694,-0.033572054063139796,0.5990130935495543,0.6599759244272794
87.29,2.152250126515481,2.2220636559964086,-0.0329113988482831,0.6037761122378982,0.6593184551115705
87.36,2.16790029863075,2.2368050535031205,-0.03219419067701509,0.6085391309262411,0.6586609857958617
87.43,2.183550470746022,2.2515464510098355,-0.031420984840562084,0.6133021496145851,0.6580035164801529
87.5,2.1992006428612902,2.2662878485165474,-0.030592336630151276,0.6180651683029279,0.6573460471644441
87.57,2.214850814976559,2.281029246023259,-0.02970880133700906,0.622828186991271,0.6566885778487355
87.64,2.2305009870918306,2.295770643529974,-0.028770934252361963,0.6275912056796149,0.6560311085330265
87.71,2.2461511592070993,2.3105120410366857,-0.027779290667437076,0.6323542243679579,0.6553736392173177
87.78,2.2618013313223706,2.3252534385434007,-0.026734425873460796,0.6371172430563017,0.6547161699016089
87.85,2.2774515034376392,2.3399948360501126,-0.025636895161660084,0.6418802617446446,0.6540587005859001
87.92,2.293101675552911,2.354736233556827,-0.024487253823261224,0.6466432804329887,0.6534012312701912
87.99,2.3087518476681796,2.369477631063539,-0.023286057149491567,0.6514062991213315,0.6527437619544825
88.06,2.3244020197834514,2.3842190285702536,-0.02203386043157701,0.6561693178096755,0.6520862926387736
88.13,2.3400521918987196,2.3989604260769655,-0.020731218960744986,0.6609323364980184,0.6514288233230648
88.2,2.3557023640139914,2.4137018235836805,-0.019378688028221625,0.6656953551863622,0.650771354007356
88.27,2.37135253612926,2.4284432210903923,-0.017976822925234146,0.6704583738747052,0.6501138846916472
88.34,2.3870027082445318,2.4431846185971073,-0.016526178943008684,0.6752213925630492,0.6494564153759383
88.41,2.4026528803598004,2.4579260161038192,-0.015027311372772507,0.6799844112513921,0.6487989460602296
88.48,2.418303052475072,2.4726674136105333,-0.01348077550575169,0.684747429939736,0.6481414767445206
88.55,2.4339532245903404,2.487408811117245,-0.011887126633173664,0.689510448628079,0.647484007428812
88.62,2.449603396705612,2.50215020862396,-0.010246920046264372,0.6942734673164228,0.6468265381131031
88.69,2.4652535688208808,2.516891606130672,-0.008560711036251233,0.6990364860047659,0.6461690687973942
88.76,2.4809037409361525,2.531633003637387,-0.006829054894360209,0.7037995046931098,0.6455115994816853
88.83,2.496553913051421,2.5463744011440985,-0.005052506911818698,0.7085625233814528,0.6448541301659767
88.9,2.5122040851666925,2.5611157986508135,-0.0032316223798527694,0.7133255420697966,0.6441966608502677
88.97,2.5278542572819616,2.5758571961575254,-0.0013669565896897394,0.7180885607581396,0.643539191534559
89.04,2.543504429397233,2.59059859366424,0.0005409351674442668,0.7228515794464834,0.6428817222188502
89.11,2.5591546015125015,2.605339991170952,0.002491497600322043,0.7276145981348264,0.6422242529031413
89.18,2.574804773627773,2.6200813886776664,0.004484175417717467,0.7323776168231704,0.6415667835874325
89.25,2.590454945743042,2.6348227861843787,0.006518413328403136,0.7371406355115133,0.6409093142717237
89.32,2.6061051178583106,2.6495641836910906,0.00859365604115269,0.7419036541998563,0.640251844956015
89.39,2.6217552899735823,2.664305581197805,0.010709348264739887,0.7466666728882001,0.6395943756403062
89.46,2.6374054620888505,2.679046978704517,0.01286493470793715,0.751429691576543,0.6389369063245973
89.53,2.6530556342041223,2.6937883762112316,0.015059860079518778,0.7561927102648871,0.6382794370088885
89.6,2.6124517546871067,2.6404248401065784,0.017293569088257035,0.76095572895323,0.6376219676931798
89.67,2.5718478751700826,2.5870613040019137,0.01956550644292619,0.7657187476415739,0.6369644983774708
89.74,2.531243995653067,2.53369776789726,0.021875116852298607,0.7704817663299169,0.6363070290617621
89.81,2.490640116136043,2.4803342317925954,0.024221845025148597,0.7752447850182608,0.6356495597460532
89.88,2.450036236619027,2.4269706956879418,0.02660513567024836,0.7800078037066038,0.6349920904303444
89.95,2.409432357102003,2.3736071595832775,0.029024433496372275,0.7847708223949477,0.6343346211146356
90.02,2.3688284775849873,2.3202436234786235,0.03147918321229271,0.7895338410832907,0.6336771517989268
90.09,2.328224598067963,2.266880087373959,0.03396882952678387,0.7942968597716346,0.6330196824832179
90.16,2.287620718550947,2.213516551269305,0.03649281714861805,0.7990598784599776,0.6323622131675092
90.23,2.2470168390339236,2.160153015164641,0.03905059078656959,0.8038228971483214,0.6317047438518003
90.3,2.2064129595169075,2.1067894790599873,0.041641595149410744,0.8085859158366643,0.6310472745360916
90.37,2.1658090799998835,2.0534259429553225,0.04426527494591592,0.8133489345250083,0.6303898052203827
90.44,2.1252052004828674,2.0000624068506694,0.0469210748848573,0.8181119532133511,0.6297323359046739
90.51,2.0846013209658434,1.9466988707460045,0.04960843967500927,0.822874971901695,0.629074866588965
90.58,2.043997441448828,1.8933353346413508,0.0523268140251441,0.827637990590038,0.6284173972732563
90.65,2.0033935619318037,1.8399717985366866,0.05507564264403617,0.832401009278382,0.6277599279575474
90.72,1.962789682414788,1.7866082624320327,0.057854370240457545,0.8371640279667248,0.6271024586418387
90.79,1.9221858028977639,1.7332447263273683,0.06066244152318286,0.8419270466550688,0.6264449893261298
90.86,1.8815819233807478,1.6798811902227144,0.06349930120098413,0.8466900653434117,0.625787520010421
90.93,1.840978043863724,1.6265176541180502,0.06636439398263583,0.8514530840317557,0.6251300506947121
91.0,1.8003741643467082,1.5731541180133963,0.06925716457691014,0.8562161027200986,0.6244725813790034
91.07,1.759770284829692,1.5197905819087427,0.07217705769258094,0.8609791214084416,0.6238151120632947
91.14,1.7191664053126683,1.4664270458040785,0.0751235180384221,0.8657421400967855,0.6231576427475857
91.21,1.6785625257956525,1.4130635096994246,0.07809599032320577,0.8705051587851285,0.622500173431877
91.28,1.6379586462786284,1.3596999735947601,0.08109391925570635,0.8752681774734723,0.621842704116168
91.35,1.5973547667616126,1.3063364374901065,0.08411674954469611,0.8800311961618154,0.6211852348004593
91.42,1.5567508872445885,1.2529729013854418,0.0871639258989494,0.8847942148501592,0.6205277654847505
91.49,1.5161470077275727,1.1996093652807882,0.09023489302723839,0.8895572335385022,0.6198702961690417
91.56,1.4755431282105487,1.1462458291761237,0.0933290956383376,0.8943202522268461,0.6192128268533328
91.63,1.4349392486935328,1.09288229307147,0.09644597844101907,0.8990832709151891,0.6185553575376241
91.7,1.3943353691765088,1.0395187569668056,0.09958498614405739,0.903846289603533,0.6178978882219152
91.77,1.353731489659493,0.986155220862152,0.10274556345622456,0.908609308291876,0.6172404189062064
91.84,1.313127610142469,0.9327916847574873,0.10592715508629513,0.9133723269802199,0.6165829495904975
91.91,1.272523730625453,0.8794281486528338,0.10912920574304115,0.9181353456685628,0.6159254802747888
91.98,1.2319198511084293,0.8260646125481693,0.11235116013523729,0.9228983643569068,0.6152680109590799
92.05,1.1913159715914134,0.7727010764435155,0.11559246297165553,0.9276613830452497,0.6146105416433711
92.12,1.1507120920743894,0.7193375403388511,0.11885255896107029,0.9324244017335936,0.6139530723276623
92.19,1.1101082125573736,0.6659740042341974,0.12213089281225381,0.9371874204219365,0.6132956030119535
92.26,1.0695043330403493,0.6126104681295329,0.12542690923398056,0.9419504391102804,0.6126381336962446
92.33,1.0289004535233337,0.5592469320248792,0.12874005293502258,0.9467134577986233,0.6119806643805359
92.4,0.9882965740063097,0.5058833959202147,0.13206976862415454,0.9514764764869673,0.611323195064827
92.47,0.9476926944892937,0.45251985981556103,0.13541550101014824,0.9562394951753102,0.6106657257491183
92.54,0.9070888149722698,0.3991563237108966,0.1387766948017786,0.9610025138636541,0.6100082564334094
92.61,0.866484935455254,0.3457927876062429,0.14215279470781728,0.965765532551997,0.6093507871177006
92.68,0.8258810559382299,0.2924292515015784,0.14554324543703906,0.970528551240341,0.6086933178019918
92.75,0.7852771764212141,0.2390657153969247,0.14894749169821594,0.9752915699286839,0.608035848486283
92.82,0.7446732969041983,0.18570217929227104,0.1523649782001218,0.9800545886170269,0.6073783791705742
92.89,0.7040694173871743,0.13233864318760655,0.15579514965153077,0.9848176073053708,0.6067209098548654
92.96,0.6634655378701584,0.07897510708295287,0.15923745076121454,0.9895806259937138,0.6060634405391566
93.03,0.6228616583531343,0.025611570978288384,0.1626913262379481,0.9943436446820577,0.6054059712234477
93.1,0.5822577788361185,-0.027751965126365283,0.16615622079050316,0.9991066633704005,0.604748501907739
93.17,0.559117729979064,-0.026582712809899444,0.16963157912765436,0.9985672127032558,0.6040910325920301
93.24,0.5359776811220142,-0.02541346049343384,0.17311684595817384,0.9980277620361111,0.6034335632763214
93.31,0.5128376322649596,-0.024244208176968,0.1766114659908361,0.9974883113689662,0.6027760939606125
93.38,0.48969758340790975,-0.023074955860502393,0.18011488393441313,0.9969488607018213,0.6021186246449037
93.45,0.4665575345508552,-0.021905703544036554,0.1836265444976795,0.9964094100346765,0.6014611553291949
93.52,0.44341748569380535,-0.020736451227570955,0.1871458923894074,0.9958699593675318,0.6008036860134861
93.59,0.42027743683675084,-0.019567198911105112,0.19067237231837122,0.9953305087003869,0.6001462166977771
93.66,0.3971373879797009,-0.01839794659463951,0.19420542899334303,0.9947910580332422,0.5994887473820685
93.73,0.3739973391226463,-0.017228694278173664,0.19774450712309752,0.9942516073660974,0.5988312780663595
93.8,0.35085729026559653,-0.016059441961708065,0.20128905141640654,0.9937121566989526,0.5981738087506507
93.87,0.32771724140854197,-0.014890189645242222,0.20483850658204494,0.9931727060318076,0.5975163394349419
93.94,0.3045771925514921,-0.01372093732877662,0.20839231732878444,0.992633255364663,0.5968588701192331
94.01,0.28143714369443756,-0.012551685012310779,0.21194992836539978,0.9920938046975181,0.5962014008035244
94.08,0.2582970948373876,-0.011382432695845175,0.2155107844006629,0.9915543540303733,0.5955439314878155
94.15,0.23515704598033316,-0.010213180379379334,0.2190743301433485,0.9910149033632285,0.5948864621721066
94.22,0.2120169971232833,-0.009043928062913731,0.2226400103022284,0.9904754526960837,0.5942289928563979
94.29,0.1888769482662287,-0.00787467574644789,0.22620726958607756,0.9899360020289388,0.5935715235406891
94.36,0.1657368994091789,-0.006705423429982287,0.22977555270366742,0.989396551361794,0.5929140542249802
94.43,0.1425968505521243,-0.005536171113516446,0.23334430436377318,0.9888571006946492,0.5922565849092714
94.5,0.11945680169507439,-0.004366918797050843,0.23691296927516647,0.9883176500275044,0.5915991155935626
94.57,0.0963167528380246,-0.00319766648058524,0.24048099214662133,0.9877781993603598,0.5909416462778538
94.64,0.07317670398097004,-0.0020284141641193987,0.24404781768691186,0.9872387486932148,0.590284176962145
94.71,0.05003665512392019,-0.0008591618476537955,0.24761289060480976,0.9866992980260701,0.5896267076464363
94.78,0.02689660626686563,0.00031009046881204545,0.2511756556090899,0.9861598473589253,0.5889692383307272
94.85,0.0037565574098157306,0.0014793427852776487,0.25473555740852416,0.9856203966917805,0.5883117690150186
94.92,-0.019383491447238832,0.0026485951017434896,0.2582920407118872,0.9850809460246356,0.5876542996993097
94.99,-0.042523540304288565,-0.04643150508134392,0.26184455022795095,0.9845414953574909,0.586996830383601
95.06,-0.06566358916134324,-0.09551160526444129,0.26539253066549,0.984002044690346,0.5863393610678921
95.13,-0.08880363801839303,-0.1445917054475287,0.2689354267332765,0.9834625940232012,0.5856818917521833
95.2,-0.11194368687544753,-0.19367180563062608,0.2724726831400849,0.9829231433560565,0.5850244224364745
95.27,-0.1350837357324975,-0.24275190581371348,0.27600374459468724,0.9823836926889116,0.5843669531207657
95.34,-0.158223784589552,-0.2918320059968108,0.27952805580585827,0.9818442420217668,0.5837094838050568
95.41,-0.1813638334466019,-0.34091210617989826,0.2830450614823696,0.981304791354622,0.5830520144893481
95.48,-0.20450388230365646,-0.38999220636299564,0.28655420633299633,0.9807653406874772,0.5823945451736392
95.55,-0.2276439311607063,-0.43907230654608304,0.29005493506651014,0.9802258900203324,0.5817370758579304
95.62,-0.2507839800177608,-0.4881524067291804,0.2935466923916858,0.9796864393531877,0.5810796065422215
95.69,-0.27392402887481065,-0.5372325069122679,0.29702892301729505,0.9791469886860429,0.5804221372265128
95.76,-0.2970640777318653,-0.5863126070953651,0.30050107165211287,0.9786075380188979,0.5797646679108039
95.83,-0.32020412658891517,-0.6353927072784525,0.30396258300491086,0.9780680873517532,0.5791071985950951
95.9,-0.34334417544596973,-0.68447280746155,0.30741290178446407,0.9775286366846083,0.5784497292793862
95.97,-0.36648422430301947,-0.7335529076446373,0.3108514726995441,0.9769891860174635,0.5777922599636776
96.04,-0.3896242731600741,-0.7826330078277348,0.31427774045892565,0.9764497353503188,0.5771347906479686
96.11,-0.41276432201712393,-0.8317131080108222,0.3176911497713809,0.975910284683174,0.5764773213322598
96.18,-0.4359043708741785,-0.8807932081939195,0.3210911453456843,0.9753708340160291,0.575819852016551
96.25,-0.4590444197312283,-0.929873308377007,0.32447717189060793,0.9748313833488844,0.5751623827008422
96.32,-0.4821844685882782,-0.9789534085600943,0.3278486741149255,0.9742919326817396,0.5745049133851334
96.39,-0.5053245174453327,-1.0280335087431915,0.33120509672741144,0.9737524820145946,0.5738474440694246
96.46,-0.5284645663023827,-1.0771136089262792,0.33454588443683736,0.97321303134745,0.5731899747537159
96.53,-0.5516046151594372,-1.1261937091093766,0.3378704819519779,0.9726735806803051,0.572532505438007
96.6,-0.574744664016487,-1.175273809292464,0.3411783339816052,0.9721341300131604,0.5718750361222982
96.67,-0.5978847128735415,-1.2243539094755613,0.3444688852344938,0.9715946793460155,0.5712175668065893
96.74,-0.6210247617305915,-1.16582141937554,0.3477415804194157,0.9710552286788707,0.5705600974908807
96.81,-0.6441648105876461,-1.107288929275507,0.3509958642451455,0.970515778011726,0.5699026281751717
96.88,-0.6673048594446958,-1.0487564391754858,0.3542311814204553,0.9699763273445811,0.5692451588594629
96.95,-0.6904449083017503,-0.9902239490754527,0.3574469766541195,0.9694368766774363,0.568587689543754
97.02,-0.7135849571588003,-0.9316914589754316,0.36064269465491017,0.9688974260102915,0.5679302202280453
97.09,-0.7367250060158548,-0.8731589688753986,0.36381778013160204,0.9683579753431466,0.5672727509123364
97.16,-0.7598650548729047,-0.8146264787753774,0.366971677792967,0.9678185246760018,0.5666152815966277
97.23,-0.7830051037299592,-0.7560939886753442,0.37010383234777966,0.967279074008857,0.5659578122809188
97.3,-0.8061451525870089,-0.6975614985753231,0.37321368850481207,0.9667396233417123,0.56530034296521
97.37,-0.8292852014440637,-0.63902900847529,0.37630069097283886,0.9662001726745673,0.5646428736495012
97.44,-0.8524252503011136,-0.580496518375269,0.37936428446063186,0.9656607220074227,0.5639854043337924
97.51,-0.875565299158168,-0.5219640282752358,0.3824039136769658,0.9651212713402777,0.5633279350180835
97.58,-0.8987053480152178,-0.46343153817521465,0.38541902333061273,0.964581820673133,0.5626704657023748
97.65,-0.9218453968722724,-0.4048990480751816,0.38840905813034715,0.9640423700059881,0.5620129963866658
97.72,-0.9449854457293223,-0.34636655797516036,0.39137346278494106,0.9635029193388435,0.5613555270709571
97.79,-0.9681254945863769,-0.28783406787512733,0.39431168200316924,0.9629634686716986,0.5606980577552483
97.86,-0.9912655434434268,-0.22930157777510612,0.39722316049380335,0.9624240180045538,0.5600405884395394
97.93,-1.0144055923004813,-0.1707690876750731,0.40010734296561834,0.961884567337409,0.5593831191238305
98.0,-1.0375456411575312,-0.11223659757505194,0.4029636741273861,0.9613451166702641,0.5587256498081219
98.07,-1.0606856900145811,-0.05370410747503079,0.4057915986878805,0.9608056660031195,0.5580681804924131
98.14,-1.0838257388716355,0.004828382625002292,0.40859056135587546,0.9602662153359747,0.5574107111767043
98.21,-1.1069657877286851,0.06336087272502344,0.41136000684014323,0.9597267646688298,0.5567532418609955
98.28,-1.13010583658574,0.1218933628250565,0.41409937984945816,0.959187314001685,0.5560957725452866
98.35,-1.1532458854427898,0.18042585292507773,0.4168081250925924,0.9586478633345402,0.5554383032295779
98.42,-1.1763859342998444,0.23895834302511082,0.41948568727832036,0.9581084126673953,0.5547808339138689
98.49,-1.1995259831568943,0.29749083312513197,0.42213151111541436,0.9575689620002507,0.5541233645981603
98.56,-1.2226660320139489,0.19911478953083145,0.4247450413126486,0.9570295113331058,0.5534658952824514
98.63,-1.2458060808709988,0.10073874593655088,0.42732572257879536,0.956490060665961,0.5528084259667425
98.7,-1.2689461297280533,0.0023627023422504445,0.42987299962262926,0.9559506099988161,0.5521509566510336
98.77,-1.292086178585103,-0.09601334125203012,0.4323863171529223,0.9554111593316714,0.5514934873353249
98.84,-1.3152262274421576,-0.19438938484633064,0.4348651198784487,0.9548717086645264,0.550836018019616
98.91,-1.3383662762992075,-0.29276542844061115,0.4373088525079813,0.9543322579973816,0.5501785487039073
98.98,-1.361506325156262,-0.3911414720349117,0.4397169597502937,0.953792807330237,0.5495210793881984
99.05,-1.384646374013312,-0.4895175156291922,0.44208888631415855,0.9532533566630921,0.5488636100724896
99.12,-1.4077864228703665,-0.5878935592234926,0.44442407690835023,0.9527139059959473,0.5482061407567808
99.19,-1.4309264717274164,-0.6862696028177732,0.4467219762416409,0.9521744553288025,0.547548671441072
99.26,-1.454066520584471,-0.7846456464120737,0.4489820290228048,0.9516350046616575,0.5468912021253631
99.33,-1.4772065694415206,-0.8830216900063542,0.4512036799606144,0.951095553994513,0.5462337328096544
99.4,-1.5003466182985752,-0.9813977336006546,0.453386373763844,0.9505561033273681,0.5455762634939456
99.47,-1.5234866671556249,-1.0797737771949354,0.45552955514126564,0.9500166526602233,0.5449187941782367
99.54,-1.5466267160126796,-1.1781498207892358,0.45763266880165393,0.9494772019930784,0.5442613248625279
99.61,-1.5697667648697295,-1.2765258643835165,0.45969515945378114,0.9489377513259336,0.5436038555468191
99.68,-1.592906813726784,-1.374901907977817,0.4617164718064213,0.9483983006587888,0.5429463862311102
99.75,-1.616046862583834,-1.4732779515720973,0.46369605056834706,0.947858849991644,0.5422889169154015
99.82,-1.639186911440884,-1.571653995166378,0.46563334044833216,0.9473193993244994,0.5416314475996927
99.89,-1.6623269602979382,-1.6700300387606783,0.4675277861551502,0.9467799486573544,0.5409739782839839
99.96,-1.6854670091549881,-1.768406082354959,0.4693788323975736,0.9462404979902096,0.5403165089682751
100.03,-1.7086070580120427,-1.8667821259492596,0.4711859238843766,0.9457010473230649,0.5396590396525662
100.1,-1.7317471068690926,-1.9651581695435398,0.47294850532433164,0.9451615966559201,0.5390015703368575
100.17,-1.7548871557261472,-2.0635342131378405,0.4746660214262128,0.9446221459887753,0.5383441010211485
100.24,-1.7780272045831969,-2.161910256732121,0.4763379168987928,0.9440826953216304,0.5376866317054398
100.31,-1.780939450770444,-2.162764709269953,0.4779638445225726,0.9395837472710211,0.535897426415301
100.38,-1.78385169695769,-2.163619161807784,0.4795442893649611,0.9350847992204128,0.5341082211251625
100.45,-1.786763943144937,-2.1644736143456154,0.48107994456509573,0.9305858511698035,0.5323190158350236
100.52,-1.7896761893321833,-2.1653280668834474,0.4825715032621129,0.9260869031191953,0.5305298105448852
100.59,-1.7925884355194301,-2.1661825194212785,0.48401965859514917,0.9215879550685859,0.5287406052547464
100.66,-1.7955006817066763,-2.16703697195911,0.48542510370334147,0.9170890070179776,0.5269513999646079
100.73,-1.7984129278939232,-2.1678914244969416,0.4867885317258265,0.9125900589673683,0.525162194674469
100.8,-1.8013251740811693,-2.1687458770347727,0.48811063580174074,0.9080911109167599,0.5233729893843305
100.87,-1.8042374202684162,-2.1696003295726043,0.48939210907022157,0.9035921628661507,0.5215837840941916
100.94,-1.8071496664556626,-2.170454782110436,0.4906336446704047,0.8990932148155423,0.5197945788040531
101.01,-1.8100619126429096,-2.171309234648267,0.491835935741428,0.8945942667649331,0.5180053735139143
101.08,-1.8129741588301558,-2.1721636871860985,0.4929996754224272,0.8900953187143248,0.5162161682237759
101.15,-1.8158864050174026,-2.17301813972393,0.49412555685253967,0.8855963706637154,0.514426962933637
101.22,-1.8187986512046488,-2.173872592261761,0.4952142731709016,0.8810974226131071,0.5126377576434985
101.29,-1.8217108973918956,-2.174727044799593,0.49626651751665035,0.8765984745624978,0.5108485523533597
101.36,-1.8246231435791418,-2.1755814973374243,0.4972829830289221,0.8720995265118895,0.5090593470632211
101.43,-1.8275353897663889,-2.176435949875256,0.49826436284685405,0.8676005784612802,0.5072701417730824
101.5,-1.830447635953635,-2.177290402413087,0.4992113501095822,0.8631016304106719,0.5054809364829439
101.57,-1.8333598821408812,-2.1781448549509186,0.500124637956244,0.8586026823600635,0.5036917311928054
101.64,-1.836272128328128,-2.17899930748875,0.5010049195259759,0.8541037343094542,0.5019025259026665
101.71,-1.8391843745153742,-2.1798537600265813,0.5018528879579146,0.8496047862588458,0.500113320612528
101.78,-1.842096620702621,-2.180708212564413,0.502669236391197,0.8451058382082366,0.4983241153223891
101.85,-1.8450088668898674,-2.1815626651022444,0.5034546579649594,0.8406068901576284,0.49653491003225064
101.92,-1.8479211130771143,-2.1824171176400755,0.5042098458183389,0.836107942107019,0.4947457047421118
101.99,-1.8508333592643604,-2.183271570177907,0.504935493090472,0.8316089940564106,0.49295649945197334
102.06,-1.8537456054516073,-2.1841260227157386,0.5056322929204958,0.8271100460058013,0.49116729416183447
102.13,-1.8566578516388537,-2.1849804752535698,0.5063009384475465,0.8226110979551929,0.4893780888716959
102.2,-1.8595700978261005,-2.1858349277914013,0.5069421228107612,0.8181121499045837,0.48758888358155705
102.27,-1.862482344013347,-2.186689380329233,0.5075565391492765,0.8136132018539755,0.4857996782914187
102.34,-1.8653945902005937,-2.1875438328670644,0.5081448806022292,0.8091142538033661,0.4840104730012798
102.41,-1.86830683638784,-2.1883982854048956,0.5087078403087558,0.8046153057527577,0.4822212677111413
102.48,-1.8712190825750867,-2.189252737942727,0.5092461114079934,0.8001163577021485,0.48043206242100245
102.55,-1.874131328762333,-2.1901071904805582,0.509760387039078,0.79561740965154,0.4786428571308639
102.62,-1.8770435749495797,-2.1909616430183902,0.5102513603411474,0.7911184616009309,0.4768536518407251
102.69,-1.8799558211368261,-2.1918160955562214,0.5107197244533375,0.7866195135503226,0.47506444655058666
102.76,-1.882868067324073,-2.192670548094053,0.5111661725147852,0.7821205654997133,0.4732752412604478
102.83,-1.8857803135113191,-2.193525000631884,0.5115913976646274,0.777621617449105,0.47148603597030925
102.9,-1.888692559698566,-2.1943794531697156,0.5119960930420006,0.7731226693984956,0.4696968306801704
102.97,-1.8916048058858121,-2.195233905707547,0.5123809517860417,0.7686237213478873,0.4679076253900319
103.04,-1.894517052073059,-2.1960883582453787,0.5127466670358873,0.764124773297278,0.46611842009989307
103.11,-1.8974292982603054,-2.1969428107832103,0.5130939319306744,0.7596258252466698,0.46432921480975464
103.18,-1.9003415444475522,-2.197797263321042,0.5134234396095394,0.7551268771960604,0.4625400095196157
103.25,-1.9032537906347984,-2.198651715858873,0.513735883211619,0.7506279291454521,0.46075080422947723
103.32,-1.9061660368220448,-2.199506168396704,0.51403195587605,0.7461289810948437,0.45896159893933874
103.39,-1.9090782830092916,-2.2003606209345357,0.5143123507419693,0.7416300330442344,0.4571723936491999
103.46,-1.9119905291965378,-2.201215073472367,0.5145777609485135,0.737131084993626,0.45538318835906144
103.53,-1.9149027753837848,-2.202069526010199,0.5148288796348194,0.7326321369430169,0.45359398306892257
103.6,-1.9178150215710312,-2.20292397854803,0.5150663999400235,0.7281331888924085,0.4518047777787841
103.67,-1.9207272677582778,-2.2037784310858615,0.5152910150032628,0.7236342408417992,0.4500155724886452
103.74,-1.923639513945524,-2.2046328836236926,0.5155034179636736,0.7191352927911908,0.4482263671985067
103.81,-1.9265517601327709,-2.205487336161524,0.5157043019603933,0.7146363447405815,0.4464371619083679
103.88,-1.929464006320017,-2.2063417886993557,0.515894360132558,0.7101373966899731,0.44464795661822937
103.95,-1.9323762525072639,-2.2071962412371873,0.5160742856193046,0.7056384486393639,0.4428587513280905
104.02,-1.9352884986945103,-2.208050693775019,0.51624477155977,0.7011395005887556,0.44106954603795206
104.09,-1.938200744881757,-2.20890514631285,0.5164065110930908,0.6966405525381463,0.4392803407478132
104.16,-1.9411129910690033,-2.2097595988506815,0.5165601973584037,0.6921416044875379,0.43749113545767476
104.23,-1.94402523725625,-2.2106140513885126,0.5167065234948454,0.6876426564369287,0.43570193016753583
104.3,-1.9469374834434963,-2.211468503926344,0.5168461826415527,0.6831437083863202,0.43391272487739735
104.37,-1.949849729630743,-2.2123229564641758,0.5169798679376624,0.6786447603357111,0.4321235195872585
104.44,-1.9527619758179895,-2.2131774090020073,0.517108272522311,0.6741458122851027,0.43033431429712005
104.51,-1.9556742220052363,-2.2140318615398384,0.5172320895346354,0.6696468642344935,0.42854510900698123
104.58,-1.958586468192483,-2.21488631407767,0.5173520121137722,0.6651479161838851,0.4267559037168427
104.65,-1.9614987143797296,-2.215740766615501,0.5174687333988582,0.6606489681332758,0.4249666984267038
104.72,-1.9644109605669757,-2.2165952191533327,0.5175829465290301,0.6561500200826674,0.42317749313656533
104.79,-1.9673232067542226,-2.2174496716911642,0.5176953446434247,0.6516510720320582,0.42138828784642646
104.86,-1.970235452941469,-2.218304124228996,0.5178066208811787,0.64715212398145,0.41959908255628803
104.93,-1.9731476991287158,-2.2191585767668274,0.5179174683814287,0.6426531759308406,0.41780987726614915
105.0,-1.9760599453159622,-2.220013029304659,0.5180285802833114,0.6381542278802322,0.41602067197601067
105.07,-1.9789721915032081,-2.22086748184249,0.5181406497259637,0.6336552798296239,0.4142314666858722
105.14,-1.981884437690455,-2.2217219343803216,0.5182543698485224,0.6291563317790145,0.4124422613957333
105.21,-1.9847966838777014,-2.2225763869181527,0.5183704337901239,0.6246573837284062,0.41065305610559477
105.28,-1.9877089300649482,-2.2234308394559847,0.5184895346899051,0.620158435677797,0.408863850815456
105.35,-1.9906211762521944,-2.224285291993816,0.5186123656870026,0.6156594876271887,0.4070746455253175
105.42,-1.9935334224394412,-2.2251397445316474,0.5187396199205535,0.6111605395765793,0.40528544023517865
105.49,-1.9964456686266874,-2.2259941970694785,0.5188719905296941,0.606661591525971,0.40349623494504017
105.56,-1.9993579148139342,-2.22684864960731,0.5190101706535614,0.6021626434753616,0.40170702965490124
105.63,-2.0022701610011806,-2.2277031021451412,0.5191548534312919,0.5976636954247533,0.39991782436476275
105.7,-2.0051824071884274,-2.2285575546829732,0.5193067320020225,0.5931647473741442,0.398128619074624
105.77,-2.008094653375674,-2.2294120072208043,0.5194664995048898,0.5886657993235358,0.3963394137844855
105.84,-2.0110068995629207,-2.230266459758636,0.5196348490790306,0.5841668512729264,0.39455020849434663
105.91,-2.013919145750167,-2.2311209122964675,0.5198124738635816,0.5796679032223181,0.39276100320420815
105.98,-2.016831391937414,-2.2319753648342986,0.5200000669976794,0.5751689551717089,0.3909717979140692
106.05,-2.01974363812466,-2.23282981737213,0.5201983216204612,0.5706700071211004,0.3891825926239308
106.12,-2.022655884311907,-2.2336842699099617,0.5204079308710631,0.5661710590704914,0.38739338733379197
106.19,-2.025568130499153,-2.234538722447793,0.520629587888622,0.5616721110198829,0.38560418204365343
106.26,-2.0284803766864,-2.2353931749856244,0.5208639858122749,0.5571731629692737,0.3838149767535146
106.33,-2.0313926228736463,-2.236247627523456,0.5211118177811582,0.5526742149186652,0.3820257714633761
106.4,-2.034304869060893,-2.237102080061287,0.5213737769344089,0.548175266868056,0.38023656617323726
106.47,-2.037217115248139,-2.237956532599118,0.5216505564111635,0.5436763188174476,0.37844736088309877
106.54,-2.040129361435386,-2.23881098513695,0.5219428493505589,0.5391773707668385,0.37665815559295995
106.61,-2.0430416076226323,-2.2396654376747813,0.5222513488917316,0.5346784227162301,0.3748689503028214
106.68,-2.045953853809879,-2.240519890212613,0.5225767481738185,0.5301794746656208,0.37307974501268254
106.75,-2.0488660999971255,-2.2413743427504444,0.5229197403359563,0.5256805266150124,0.37129053972254406
106.82,-2.0517783461843715,-2.242228795288276,0.5232810185172817,0.5211815785644041,0.36950133443240557
106.89,-2.0546905923716183,-2.243083247826107,0.5236612758569315,0.5166826305137947,0.3677121291422667
106.96,-2.0576028385588647,-2.2439377003639382,0.5240612054940421,0.5121836824631864,0.3659229238521282
107.03,-2.0605150847461116,-2.2447921529017703,0.5244815005677507,0.5076847344125772,0.3641337185619894
107.1,-2.063427330933358,-2.2456466054396014,0.5249228542171936,0.5031857863619689,0.3623445132718509
107.17,-2.066339577120605,-2.246501057977433,0.5253859595815079,0.4986868383113595,0.3605553079817121
107.24,-2.069251823307851,-2.2473555105152645,0.52587150979983,0.49418789026075116,0.3587661026915736
107.31,-2.0721640694950976,-2.2482099630530956,0.5263801980112969,0.48968894221014186,0.3569768974014347
107.38,-2.075076315682344,-2.2490644155909267,0.526912717355045,0.4851899941595335,0.3551876921112962
107.45,-2.077988561869591,-2.2499188681287587,0.5274697609702114,0.48069104610892427,0.3533984868211574
107.52,-2.080900808056837,-2.25077332066659,0.5280520219959325,0.4761920980583159,0.3516092815310189
107.59,-2.083813054244084,-2.2516277732044214,0.5286601935713452,0.4716931500077067,0.3498200762408801
107.66,-2.0867253004313304,-2.252482225742253,0.5292949688355861,0.46719420195709827,0.3480308709507416
107.73,-2.0896375466185773,-2.2533366782800845,0.5299570409277922,0.4626952539064891,0.3462416656606027
107.8,-2.0925497928058236,-2.2541911308179157,0.5306471029870996,0.4581963058558807,0.34445246037046423
107.87,-2.0954620389930705,-2.2550455833557472,0.531365848152646,0.4536973578052714,0.34266325508032536
107.94,-2.0983742851803164,-2.2559000358935783,0.532113969563567,0.449198409754663,0.3408740497901869
108.01,-2.1012865313675633,-2.2567544884314104,0.5328921603590004,0.4446994617040538,0.33908484450004805
108.08,-2.1041987775548097,-2.2576089409692415,0.5337011136780822,0.4402005136534454,0.3372956392099095
108.15,-2.1071110237420565,-2.258463393507073,0.5345415226599493,0.4357015656028362,0.33550643391977064
108.22,-2.110023269929303,-2.259317846044904,0.5354140804437384,0.43120261755222783,0.33371722862963216
108.29,-2.1129355161165497,-2.2601722985827357,0.5363194801685863,0.42670366950161853,0.33192802333949334
108.36,-2.1158477623037957,-2.2610267511205673,0.5372584149736297,0.4222047214510101,0.3301388180493548
108.43,-2.1187600084910425,-2.261881203658399,0.5382315779980056,0.41770577340040094,0.328349612759216
108.5,-2.1216722546782893,-2.26273565619623,0.5392396623808502,0.4132068253497926,0.3265604074690775
108.57,-2.1245845008655353,-2.2635901087340615,0.5402833612613004,0.4087078772991842,0.324771202178939
108.64,-2.127496747052782,-2.264444561271893,0.5413633677784931,0.404208929248575,0.32298199688880014
108.71,-2.130408993240028,-2.265299013809724,0.5424803750715648,0.3997099811979666,0.32119279159866165
108.78,-2.133321239427275,-2.2661534663475558,0.5436350762796527,0.3952110331473573,0.31940358630852284
108.85,-2.1362334856145218,-2.2670079188853873,0.5448281645418928,0.390712085096749,0.31761438101838435
108.92,-2.1391457318017686,-2.267862371423219,0.5460603329974224,0.3862131370461397,0.3158251757282455
108.99,-2.1420579779890145,-2.26871682396105,0.5473322747853778,0.38171418899553133,0.314035970438107
109.06,-2.1449702241762614,-2.2695712764988816,0.5486446830448963,0.3772152409449221,0.3122467651479681
109.13,-2.1478824703635073,-2.2704257290367127,0.5499982509151138,0.37271629289431374,0.31045755985782963
109.2,-2.150794716550754,-2.2712801815745443,0.5513936715351677,0.36821734484370444,0.30866835456769076
109.27,-2.153706962738001,-2.272134634112376,0.5528316380441944,0.3637183967930961,0.30687914927755233
109.34,-2.156619208925248,-2.2729890866502074,0.5543128435813311,0.35921944874248685,0.30508994398741346
109.41,-2.159531455112494,-2.2738435391880385,0.5558379812857136,0.35472050069187844,0.303300738697275
109.48,-2.1624437012997406,-2.2746979917258705,0.5574077442964798,0.35022155264126925,0.30151153340713616
109.55,-2.165355947486987,-2.2755524442637016,0.5590228257527651,0.3457226045906609,0.2997223281169976
109.62,-2.168268193674234,-2.276406896801533,0.5606839187937075,0.34122365654005155,0.29793312282685874
109.69,-2.1711804398614802,-2.2772613493393643,0.5623917165584428,0.33672470848944325,0.2961439175367203
109.76,-2.174092686048727,-2.278115801877196,0.5641469121861082,0.33222576043883395,0.29435471224658144
109.83,-2.177004932235973,-2.2789702544150274,0.5659501988158402,0.3277268123882256,0.2925655069564429
109.9,-2.1799171784232203,-2.279824706952859,0.5678022695867758,0.32322786433761636,0.2907763016663041
109.97,-2.1828294246104663,-2.28067915949069,0.5697038176380513,0.318728916287008,0.2889870963761656
110.04,-2.185741670797713,-2.2815336120285217,0.5716555361088039,0.3142299682363987,0.2871978910860267
110.11,-2.1886539169849595,-2.2823880645663532,0.5736581181381697,0.30973102018579035,0.2854086857958883
110.18,-2.1915661631722063,-2.283242517104185,0.5757122568652864,0.3052320721351811,0.28361948050574937
110.25,-2.1944784093594527,-2.284096969642016,0.5778186454292894,0.30073312408457276,0.2818302752156109
110.32,-2.1973906555466987,-2.284951422179847,0.5799779769693163,0.29623417603396435,0.28004106992547245
110.39,-2.2003029017339455,-2.2858058747176786,0.582190944624504,0.29173522798335516,0.2782518646353336
110.46,-2.203215147921192,-2.28666032725551,0.5844582415339885,0.28723627993274675,0.2764626593451951
110.53,-2.2061273941084387,-2.2875147797933417,0.5867805608369075,0.2827373318821375,0.2746734540550563
110.6,-2.209039640295685,-2.288369232331173,0.5891585956723966,0.2782383838315291,0.27288424876491774
110.67,-2.211951886482932,-2.2892236848690044,0.5915930391795935,0.27373943578091986,0.27109504347477886
110.74,-2.214864132670178,-2.2900781374068355,0.5940845844976341,0.2692404877303115,0.2693058381846404
110.81,-2.2177763788574247,-2.290932589944667,0.5966339247656558,0.26474153967970226,0.26751663289450156
110.88,-2.220688625044671,-2.2917870424824986,0.5992417531227947,0.2602425916290939,0.2657274276043631
110.95,-2.223600871231918,-2.29264149502033,0.6019087627081883,0.2557436435784846,0.2639382223142242
111.02,-2.2265131174191644,-2.2934959475581618,0.6046356466609724,0.25124469552787626,0.2621490170240857
111.09,-2.229425363606411,-2.2943504000959933,0.6074230981202847,0.246745747477267,0.26035981173394684
111.16,-2.2323376097936576,-2.2952048526338245,0.610271810225261,0.24224679942665867,0.25857060644380836
111.23,-2.235249855980904,-2.296059305171656,0.6131824761150388,0.2377478513760494,0.25678140115366954
111.3,-2.2381621021681504,-2.296913757709487,0.6161557889287539,0.23324890332544101,0.25499219586353106
111.37,-2.241074348355397,-2.2977682102473187,0.6191924418055443,0.22874995527483177,0.2532029905733922
111.44,-2.2439865945426436,-2.2986226627851503,0.6222931278845454,0.2242510072242234,0.2514137852832537
111.51,-2.2468988407298904,-2.299477115322982,0.6254585403048951,0.21975205917361415,0.24962457999311483
111.58,-2.249811086917137,-2.300331567860813,0.6286893722057291,0.2152531111230058,0.24783537470297637
111.65,-2.252723333104383,-2.3011860203986445,0.631986316726185,0.2107541630723965,0.24604616941283747
111.72,-2.2556355792916296,-2.3020404729364756,0.6353500670053985,0.20625521502178817,0.24425696412269904
111.79,-2.2585478254788764,-2.302894925474307,0.6387813161825078,0.2017562669711789,0.24246775883256017
111.86,-2.261460071666123,-2.3037493780121387,0.6422807573966478,0.19725731892057055,0.24067855354242168
111.93,-2.2643723178533697,-2.3046038305499703,0.645849083786957,0.19275837086996128,0.2388893482522828
112.0,-2.267284564040616,-2.305458283087802,0.6494869884925706,0.18825942281935293,0.23710014296214438
112.07,-2.2701968102278625,-2.306312735625633,0.6531951646526262,0.18376047476874455,0.23531093767200584
112.14,-2.273109056415109,-2.3071671881634646,0.6569743054062606,0.17926152671813528,0.23352173238186696
112.21,-2.2760213026023552,-2.3080216407012957,0.6608251038926098,0.17476257866752695,0.2317325270917285
112.28,-2.278933548789602,-2.3088760932391272,0.6647482532508119,0.17026363061691768,0.22994332180158966
112.35,-2.281845794976849,-2.309730545776959,0.6687444466200017,0.16576468256630933,0.22815411651145118
112.42,-2.2847580411640958,-2.3105849983147904,0.6728143771393178,0.16126573451570006,0.2263649112213123
112.49,-2.2876702873513417,-2.311439450852622,0.6769587379478953,0.15676678646509168,0.22457570593117382
112.56,-2.2905825335385885,-2.312293903390453,0.6811782221848725,0.1522678384144824,0.22278650064103497
112.63,-2.2934947797258345,-2.3131483559282846,0.6854735229893844,0.14776889036387406,0.22099729535089646
112.7,-2.2964070259130813,-2.3140028084661157,0.6898453335005694,0.14326994231326481,0.21920809006075762
112.77,-2.2993192721003277,-2.3148572610039473,0.6942943468575627,0.13877099426265646,0.21741888477061916
112.84,-2.3022315182875746,-2.315711713541779,0.6988212561995027,0.1342720462120472,0.21562967948048029
112.91,-2.305143764474821,-2.3165661660796104,0.7034267546655242,0.12977309816143884,0.2138404741903418
112.98,-2.308056010662068,-2.3174206186174415,0.708111535394766,0.12527415011082957,0.21205126890020293
113.05,-2.310968256849314,-2.318275071155273,0.7128762915263627,0.12077520206022122,0.21026206361006444
113.12,-2.313880503036561,-2.319129523693104,0.717721716199453,0.11627625400961195,0.20847285831992562
113.19,-2.316792749223807,-2.3199839762309358,0.7226485025531716,0.11177730595900359,0.2066836530297871
113.26,-2.319704995411054,-2.3208384287687673,0.7276573437266576,0.10727835790839432,0.20489444773964827
113.33,-2.3226172415983,-2.321692881306599,0.7327489328590453,0.10277940985778597,0.20310524244950978
113.4,-2.325529487785547,-2.32254733384443,0.7379239630894736,0.0982804618071767,0.2013160371593709
113.47,-2.328441733972793,-2.323401786382261,0.7431831275570769,0.09378151375656835,0.19952683186923245
113.54,-2.33135398016004,-2.3242562389200927,0.7485271194009945,0.08928256570595906,0.19773762657909358
113.61,-2.3342662263472866,-2.3251106914579243,0.7539566317603608,0.08478361765535072,0.1959484212889551
113.68,-2.3371784725345335,-2.3259651439957563,0.7594723577743145,0.08028466960474145,0.19415921599881625
113.75,-2.34009071872178,-2.326819596533588,0.7650749905819904,0.0757857215541331,0.19237001070867776
113.82,-2.343002964909026,-2.327674049071419,0.7707652233225258,0.07128677350352475,0.19058080541853925
113.89,-2.3459152110962727,-2.32852850160925,0.7765437491350594,0.06678782545291548,0.1887916001284004
113.96,-2.3488274572835186,-2.3293829541470816,0.7824112611587251,0.062288877402307125,0.18700239483826192
114.03,-2.3517397034707654,-2.330237406684913,0.7883684525326622,0.057789929351697855,0.18521318954812308
114.1,-2.354651949658012,-2.3310918592227448,0.7944160163960046,0.0532909813010895,0.1834239842579846
114.17,-2.3575641958452587,-2.3319463117605763,0.8005546458878916,0.04879203325048023,0.18163477896784574
114.24,-2.3604764420325055,-2.3328007642984074,0.8067850341474581,0.04429308519987188,0.17984557367770726
114.31,-2.363388688219752,-2.3336552168362386,0.8131078743138422,0.03979413714926261,0.1780563683875684
114.38,-2.3663009344069983,-2.33450966937407,0.8195238595261789,0.035295189098654256,0.1762671630974299
114.45,-2.369213180594245,-2.3353641219119017,0.8260336829236076,0.030796241048044987,0.17447795780729106
114.52,-2.372125426781491,-2.336218574449733,0.8326380376452619,0.02629729299743663,0.17268875251715254
