,Wd,We,"theta(Wd,We)","x(Wd,We)","y(Wd,We)"
0.0,1.8465854795380157,1.5561479630715398,0.06364902288274692,0.2193516837449908,-0.15534675298490563
0.07,1.8492856446868684,1.5632821911776438,0.061554990606902116,0.22326723611579652,-0.1546389484183398
0.14,1.8519858098357211,1.570416419283748,0.05949042617341496,0.22718278848660223,-0.15393114385177395
0.21,1.8546859749845737,1.5775506473898515,0.05745516720412248,0.2310983408574079,-0.15322333928520812
0.28,1.8573861401334266,1.584684875495956,0.05544905132086165,0.23501389322821362,-0.1525155347186423
0.35,1.860086305282279,1.5918191036020597,0.05347191614546944,0.2389294455990193,-0.15180773015207646
0.42,1.8627864704311319,1.598953331708164,0.05152359929978292,0.242844997969825,-0.15109992558551064
0.49,1.8654866355799848,1.6060875598142677,0.04960393840563905,0.2467605503406307,-0.1503921210189448
0.56,1.8681868007288376,1.6132217879203716,0.0477127710848748,0.2506761027114364,-0.14968431645237895
0.63,1.87088696587769,1.6203560160264754,0.04584993495932719,0.25459165508224213,-0.14897651188581312
0.7,1.8735871310265428,1.6274902441325796,0.04401526765083321,0.2585072074530478,-0.1482687073192473
0.77,1.8762872961753956,1.6346244722386838,0.042208606781229875,0.26242275982385355,-0.14756090275268144
0.84,1.8789874613242483,1.6417587003447875,0.040429789972354156,0.2663383121946592,-0.1468530981861156
0.91,1.881687626473101,1.6488929284508913,0.038678654846043076,0.27025386456546496,-0.1461452936195498
0.98,1.8843877916219536,1.6560271565569953,0.03695503902413359,0.27416941693627067,-0.14543748905298398
1.05,1.8870879567708063,1.6631613846630995,0.035258780128462744,0.2780849693070764,-0.14472968448641815
1.12,1.889788121919659,1.6702956127692035,0.03358971578086751,0.28200052167788203,-0.14402187991985232
1.19,1.8924882870685118,1.6774298408753074,0.031947683603184895,0.28591607404868774,-0.14331407535328647
1.26,1.8951884522173645,1.6845640689814112,0.030332521217251877,0.28983162641949345,-0.14260627078672064
1.33,1.8978886173662173,1.6916982970875152,0.0287440662449055,0.29374717879029916,-0.1418984662201548
1.4,1.90058878251507,1.6988325251936192,0.027182156307982697,0.2976627311611048,-0.14119066165358896
1.47,1.9032889476639228,1.7059667532997231,0.025646629028320475,0.3015782835319105,-0.14048285708702313
1.54,1.9059891128127755,1.7131009814058273,0.024137322027755863,0.3054938359027163,-0.1397750525204573
1.61,1.908689277961628,1.720235209511931,0.02265407292812584,0.30940938827352193,-0.13906724795389147
1.68,1.9113894431104808,1.727369437618035,0.021196719351267403,0.3133249406443277,-0.13835944338732567
1.75,1.9140896082593335,1.734503665724139,0.01976509891901756,0.3172404930151334,-0.13765163882075981
1.82,1.916789773408186,1.741637893830243,0.018359049253213286,0.3211560453859391,-0.13694383425419399
1.89,1.919489938557039,1.7487721219363472,0.016978407975691615,0.32507159775674477,-0.13623602968762816
1.96,1.9221901037058913,1.755906350042451,0.015623012708289499,0.3289871501275505,-0.1355282251210623
2.03,1.9248902688547445,1.763040578148555,0.014292701072843965,0.3329027024983562,-0.13482042055449647
2.1,1.927590434003597,1.770174806254659,0.012987310691191993,0.3368182548691619,-0.13411261598793064
2.17,1.93029059915245,1.777309034360763,0.011706679185170588,0.3407338072399676,-0.13340481142136482
2.24,1.9329907643013025,1.784443262466867,0.01045064417661675,0.34464935961077325,-0.132697006854799
2.31,1.935690929450155,1.7915774905729709,0.009219043287367444,0.348564911981579,-0.13198920228823316
2.38,1.938391094599008,1.798711718679075,0.008011714139259727,0.35248046435238467,-0.1312813977216673
2.45,1.9410912597478607,1.8058459467851788,0.006828494354130546,0.35639601672319043,-0.13057359315510148
2.52,1.9437914248967134,1.8129801748912828,0.005669221553816918,0.3603115690939961,-0.12986578858853562
2.59,1.9464915900455657,1.8201144029973866,0.004533733360155836,0.36422712146480185,-0.12915798402196982
2.66,1.9491917551944187,1.8272486311034908,0.003421867394984288,0.3681426738356075,-0.12845017945540396
2.73,1.9518919203432712,1.8343828592095943,0.00233346128013929,0.3720582262064132,-0.12774237488883816
2.8,1.9545920854921242,1.8415170873156987,0.0012683526374578232,0.3759737785772189,-0.12703457032227233
2.87,1.9572922506409767,1.8486513154218027,0.00022637908877687395,0.37988933094802463,-0.1263267657557065
2.94,1.9599924157898294,1.8557855435279067,-0.0007926217440665132,0.38380488331883034,-0.12561896118914068
3.01,1.9626925809386822,1.8629197716340107,-0.0017888122392354059,0.387720435689636,-0.12491115662257482
3.08,1.965392746087535,1.8700539997401142,-0.0027623547748927744,0.39163598806044175,-0.12420335205600899
3.15,1.9680929112363876,1.8771882278462182,-0.0037134117292016186,0.3955515404312474,-0.12349554748944316
3.22,1.9707930763852402,1.8843224559523222,-0.004642145480324947,0.39946709280205317,-0.12278774292287731
3.29,1.9734932415340931,1.8914566840584266,-0.005548718406425759,0.4033826451728588,-0.1220799383563115
3.36,1.9761934066829459,1.8985909121645304,-0.006433292885667057,0.40729819754366453,-0.12137213378974566
3.43,1.9788935718317986,1.9057251402706346,-0.007296031296211857,0.41121374991447024,-0.12066432922317981
3.5,1.9815937369806513,1.9128593683767385,-0.008137096016223167,0.41512930228527595,-0.119956524656614
3.57,1.9842939021295036,1.919993596482842,-0.00895664942386397,0.4190448546560816,-0.11924872009004817
3.64,1.9869940672783564,1.927127824588946,-0.009754853897297276,0.4229604070268873,-0.11854091552348231
3.71,1.989694232427209,1.93426205269505,-0.010531871814686096,0.42687595939769296,-0.11783311095691648
3.78,1.9923943975760623,1.9413962808011545,-0.011287865554193418,0.4307915117684987,-0.11712530639035065
3.85,1.9950945627249146,1.9485305089072582,-0.012022997493982267,0.4347070641393044,-0.1164175018237848
3.92,1.9977947278737673,1.9556647370133622,-0.012737430012215618,0.43862261651011014,-0.11570969725721898
3.99,2.00049489302262,1.9627989651194664,-0.013431325487056504,0.44253816888091585,-0.11500189269065313
4.06,2.003195058171473,1.96993319322557,-0.014104846296667905,0.44645372125172156,-0.11429408812408734
4.13,2.0058952233203255,1.9770674213316741,-0.014758154819212844,0.45036927362252727,-0.11358628355752148
4.2,2.0085953884691783,1.9842016494377779,-0.015391413432854306,0.454284825993333,-0.11287847899095566
4.27,2.011295553618031,1.9913358775438819,-0.016004784515755297,0.4582003783641386,-0.11217067442438983
4.34,2.0139957187668838,1.9984701056499858,-0.01659843044607884,0.46211593073494434,-0.11146286985782397
4.41,2.0166958839157365,2.0056043337560903,-0.017172513601987932,0.46603148310575004,-0.11075506529125814
4.48,2.0193960490645892,2.012738561862194,-0.01772719636164555,0.46994703547655575,-0.11004726072469231
4.55,2.0220962142134415,2.0198727899682978,-0.018262641103214714,0.47386258784736146,-0.10933945615812647
4.62,2.0247963793622943,2.0270070180744018,-0.018779010204858435,0.47777814021816717,-0.10863165159156064
4.69,2.027496544511147,2.0341412461805057,-0.019276466044739718,0.4816936925889729,-0.10792384702499482
4.76,2.03019670966,2.0412754742866097,-0.019755171001021556,0.48560924495977853,-0.107216042458429
4.83,2.0328968748088525,2.0484097023927137,-0.020215287451866966,0.4895247973305843,-0.10650823789186317
4.9,2.0355970399577052,2.0555439304988177,-0.020656977775438925,0.49344034970139,-0.10580043332529732
4.97,2.038297205106558,2.0626781586049217,-0.021080404349900453,0.4973559020721956,-0.10509262875873149
5.04,2.0409973702554107,2.0698123867110256,-0.021485729553414563,0.5012714544430014,-0.10438482419216566
5.11,2.0436975354042635,2.0769466148171296,-0.021873115764144236,0.5051870068138071,-0.1036770196255998
5.18,2.0463977005531158,2.0840808429232336,-0.022242725360252482,0.5091025591846128,-0.10296921505903399
5.25,2.049097865701969,2.0912150710293376,-0.02259472071990232,0.5130181115554185,-0.10226141049246816
5.32,2.0517980308508212,2.0983492991354415,-0.02292926422125675,0.5169336639262242,-0.1015536059259023
5.39,2.0544981959996744,2.1054835272415455,-0.023246518242478753,0.5208492162970298,-0.10084580135933649
5.46,2.0571983611485267,2.1126177553476495,-0.02354664516173138,0.5247647686678355,-0.10013799679277063
5.53,2.0598985262973795,2.1197519834537535,-0.02382980735717757,0.5286803210386413,-0.0994301922262048
5.6,2.062598691446232,2.1268862115598575,-0.024096167206980358,0.5325958734094469,-0.09872238765963898
5.67,2.065298856595085,2.134020439665961,-0.024345887089302756,0.5365114257802526,-0.09801458309307313
5.74,2.0679990217439377,2.1411546677720654,-0.024579129382307753,0.5404269781510583,-0.0973067785265073
5.81,2.0706991868927904,2.148288895878169,-0.024796056464158372,0.5443425305218641,-0.09659897395994149
5.88,2.073399352041643,2.1554231239842734,-0.024996830713017587,0.5482580828926698,-0.09589116939337566
5.95,2.076099517190496,2.162557352090377,-0.02518161450704842,0.5521736352634754,-0.09518336482680984
6.02,2.0787996823393486,2.1696915801964813,-0.025350570224413886,0.5560891876342812,-0.09447556026024398
6.09,2.0814998474882014,2.1768258083025853,-0.025503860243276947,0.5600047400050869,-0.09376775569367815
6.16,2.0842000126370537,2.183960036408689,-0.02564164694180065,0.5639202923758926,-0.09305995112711232
6.23,2.086900177785907,2.191094264514793,-0.02576409269814798,0.5678358447466982,-0.09235214656054647
6.3,2.089600342934759,2.198228492620897,-0.02587135989048193,0.571751397117504,-0.09164434199398064
6.37,2.0923005080836123,2.2053627207270012,-0.025963610896965517,0.5756669494883098,-0.09093653742741482
6.44,2.0950006732324646,2.2124969488331048,-0.026041008095761754,0.5795825018591154,-0.09022873286084897
6.51,2.097700838381318,2.219631176939209,-0.026103713865033656,0.5834980542299211,-0.08952092829428318
6.58,2.10040100353017,2.226765405045313,-0.02615189058294417,0.5874136066007268,-0.08881312372771732
6.65,2.1031011686790233,2.233899633151417,-0.02618570062765633,0.5913291589715326,-0.0881053191611515
6.72,2.1058013338278756,2.2410338612575207,-0.026205306377333145,0.5952447113423383,-0.08739751459458567
6.79,2.1085014989767283,2.2481680893636247,-0.026210870210137623,0.5991602637131439,-0.08668971002801981
6.86,2.1112016641255815,2.255302317469729,-0.02620255450423276,0.6030758160839497,-0.08598190546145398
6.93,2.113901829274434,2.2624365455758326,-0.026180521637781538,0.6069913684547553,-0.08527410089488816
7.0,2.1166019944232866,2.2695707736819366,-0.026144933988947003,0.6109069208255611,-0.08456629632832231
7.07,2.119302159572139,2.2767050017880406,-0.026095953935892133,0.6148224731963666,-0.08385849176175648
7.14,2.1220023247209916,2.2838392298941446,-0.026033743856779933,0.6187380255671724,-0.08315068719519064
7.21,2.1247024898698443,2.2909734580002485,-0.025958466129773396,0.622653577937978,-0.08244288262862481
7.28,2.127402655018697,2.2981076861063525,-0.02587028313303555,0.6265691303087838,-0.08173507806205899
7.35,2.1301028201675503,2.3052419142124565,-0.025769357244729375,0.6304846826795895,-0.08102727349549316
7.42,2.1328029853164026,2.3123761423185605,-0.025655850843017892,0.6344002350503952,-0.0803194689289273
7.49,2.1355031504652553,2.3195103704246645,-0.025529926306064096,0.6383157874212009,-0.0796116643623615
7.56,2.138203315614108,2.3266445985307684,-0.025391746012031004,0.6422313397920066,-0.07890385979579566
7.63,2.140903480762961,2.3337788266368724,-0.0252414723390816,0.6461468921628123,-0.07819605522922982
7.7,2.1436036459118135,2.3409130547429764,-0.025079267665378872,0.6500624445336181,-0.07748825066266399
7.77,2.1463038110606663,2.3480472828490804,-0.02490529436908588,0.6539779969044237,-0.07678044609609816
7.84,2.149003976209519,2.3551815109551844,-0.02471971482836556,0.6578935492752294,-0.07607264152953232
7.91,2.1517041413583717,2.362315739061288,-0.024522691421380974,0.6618091016460352,-0.0753648369629665
7.98,2.1544043065072245,2.3694499671673923,-0.024314386526295088,0.6657246540168409,-0.07465703239640066
8.05,2.157104471656077,2.3765841952734963,-0.024094962521270913,0.6696402063876465,-0.07394922782983482
8.12,2.15980463680493,2.3837184233796003,-0.023864581784471477,0.6735557587584522,-0.073241423263269
8.19,2.1625048019537827,2.3908526514857042,-0.023623406694059743,0.677471311129258,-0.07253361869670316
8.26,2.1652049671026354,2.3979868795918082,-0.02337159962819874,0.6813868635000637,-0.07182581413013735
8.33,2.167905132251488,2.405121107697912,-0.023109322965051467,0.6853024158708694,-0.0711180095635715
8.4,2.1706052974003405,2.412255335804016,-0.02283673908278091,0.6892179682416751,-0.07041020499700566
8.47,2.1733054625491937,2.41938956391012,-0.0225540103595501,0.6931335206124808,-0.06970240043043985
8.54,2.176005627698046,2.4265237920162237,-0.022261299173522032,0.6970490729832864,-0.068994595863874
8.61,2.1787057928468987,2.4336580201223277,-0.0219587679028597,0.7009646253540922,-0.06828679129730816
8.68,2.1814059579957514,2.4407922482284317,-0.021646578925726113,0.7048801777248979,-0.06757898673074235
8.75,2.184106123144604,2.447926476334536,-0.021324894620284262,0.7087957300957035,-0.06687118216417651
8.82,2.186806288293457,2.45506070444064,-0.02099387736469717,0.7127112824665092,-0.06616337759761066
8.89,2.189506453442309,2.4621949325467436,-0.020653689537127845,0.7166268348373149,-0.06545557303104482
8.96,2.1922066185911624,2.4613007068664015,-0.020304493515739274,0.7205423872081207,-0.064747768464479
9.03,2.194906783740015,2.4604064811860584,-0.019946451678694476,0.7244579395789263,-0.06403996389791317
9.1,2.1976069488888674,2.459512255505716,-0.019579726404156412,0.728373491949732,-0.06333215933134732
9.17,2.2003071140377206,2.4586180298253737,-0.019204480070288125,0.7322890443205378,-0.0626243547647815
9.24,2.203007279186573,2.4577238041450307,-0.018820875055252616,0.7362045966913435,-0.06191655019821565
9.31,2.2057074443354256,2.456829578464688,-0.018429073737212885,0.7401201490621492,-0.06120874563164982
9.38,2.2084076094842784,2.4559353527843455,-0.018029238494331922,0.7440357014329548,-0.06050094106508399
9.45,2.211107774633131,2.455041127104003,-0.017621531704772774,0.7479512538037605,-0.059793136498518175
9.52,2.213807939781984,2.45414690142366,-0.017206115746698367,0.7518668061745662,-0.05908533193195233
9.59,2.2165081049308366,2.4532526757433173,-0.016783152998271777,0.755782358545372,-0.058377527365386504
9.66,2.2192082700796893,2.4523584500629747,-0.01635280583765597,0.7596979109161777,-0.05766972279882066
9.73,2.221908435228542,2.451464224382632,-0.015915236643013943,0.7636134632869834,-0.05696191823225482
9.8,2.224608600377395,2.4505699987022895,-0.015470607792508726,0.7675290156577892,-0.05625411366568899
9.87,2.2273087655262476,2.449675773021947,-0.015019081664303326,0.7714445680285948,-0.05554630909912318
9.94,2.2300089306751003,2.4487815473416044,-0.014560820636560714,0.7753601203994005,-0.05483850453255735
10.01,2.2327090958239526,2.4478873216612613,-0.0140959870874439,0.7792756727702062,-0.05413069996599151
10.08,2.235409260972806,2.446993095980919,-0.013624743395115919,0.7831912251410119,-0.05342289539942567
10.15,2.2381094261216585,2.4460988703005766,-0.013147251937739744,0.7871067775118177,-0.05271509083285984
10.22,2.2408095912705113,2.4452046446202336,-0.01266367509347838,0.7910223298826233,-0.052007286266294
10.29,2.2435097564193636,2.4443104189398914,-0.01217417524049486,0.794937882253429,-0.05129948169972817
10.36,2.2462099215682163,2.4434161932595484,-0.01167891475695214,0.7988534346242347,-0.05059167713316233
10.43,2.2489100867170695,2.442521967579206,-0.01117805602101325,0.8027689869950405,-0.0498838725665965
10.5,2.251610251865922,2.4416277418988632,-0.010671761410841196,0.8066845393658462,-0.04917606800003066
10.57,2.2543104170147745,2.4407335162185206,-0.010160193304598988,0.8106000917366518,-0.04846826343346482
10.64,2.2570105821636273,2.439839290538178,-0.009643514080449596,0.8145156441074576,-0.047760458866898996
10.71,2.25971074731248,2.4389450648578355,-0.009121886116556052,0.8184311964782633,-0.047052654300333153
10.78,2.2624109124613327,2.438050839177493,-0.008595471791081374,0.8223467488490689,-0.046344849733767325
10.85,2.265111077610185,2.43715661349715,-0.008064433482188531,0.8262623012198747,-0.0456370451672015
10.92,2.2678112427590382,2.4362623878168073,-0.0075289335680405285,0.8301778535906803,-0.04492924060063566
10.99,2.2705114079078905,2.4353681621364647,-0.00698913442680039,0.834093405961486,-0.04422143603406982
11.06,2.2732115730567437,2.434473936456122,-0.006445198436631114,0.8380089583322917,-0.04351363146750399
11.13,2.2759117382055964,2.4335797107757795,-0.005897287975695683,0.8419245107030974,-0.04280582690093815
11.2,2.2786119033544487,2.432685485095437,-0.005345565422157152,0.845840063073903,-0.042098022334372334
11.27,2.2813120685033015,2.4317912594150943,-0.00479019315417846,0.8497556154447088,-0.041390217767806506
11.34,2.2840122336521542,2.4308970337347517,-0.004231333549922639,0.8536711678155144,-0.04068241320124068
11.41,2.286712398801007,2.430002808054409,-0.0036691489875526947,0.8575867201863202,-0.039974608634674835
11.48,2.2894125639498597,2.429108582374066,-0.00310380184523163,0.861502272557126,-0.03926680406810901
11.55,2.2921127290987124,2.4282143566937235,-0.002535454501122451,0.8654178249279316,-0.038558999501543165
11.62,2.294812894247565,2.427320131013381,-0.001964269333388161,0.8693333772987373,-0.037851194934977364
11.69,2.297513059396418,2.4264259053330384,-0.001390408720191756,0.8732489296695429,-0.03714339036841152
11.76,2.3002132245452707,2.4255316796526953,-0.0008140350396962418,0.8771644820403487,-0.03643558580184568
11.83,2.3029133896941234,2.424637453972353,-0.0002353106700646076,0.8810800344111545,-0.03572778123527984
11.9,2.305613554842976,2.4237432282920106,0.00034560201054011346,0.8849955867819601,-0.03501997666871401
11.97,2.3083137199918284,2.4228490026116676,0.0009285406239549455,0.8889111391527659,-0.03431217210214817
12.04,2.3110138851406816,2.4219547769313254,0.0015133427920168427,0.8928266915235715,-0.03360436753558234
12.11,2.3137140502895344,2.4210605512509824,0.0020998461365628494,0.8967422438943772,-0.03289656296901651
12.18,2.3164142154383867,2.42016632557064,0.002687888279429948,0.9006577962651829,-0.03218875840245067
12.25,2.3191143805872394,2.4192720998902972,0.0032773068424551332,0.9045733486359887,-0.031480953835884826
12.32,2.321814545736092,2.4183778742099546,0.003867939447475402,0.9084889010067945,-0.030773149269318997
12.39,2.3245147108849453,2.417483648529612,0.00445962371632775,0.9124044533776,-0.030065344702753155
12.46,2.3272148760337976,2.4165894228492695,0.005052197270849165,0.9163200057484058,-0.029357540136187313
12.53,2.3299150411826504,2.415695197168927,0.00564549773287665,0.9202355581192114,-0.0286497355696215
12.6,2.332615206331503,2.4148009714885843,0.006239362724247209,0.9241511104900171,-0.027941931003055656
12.67,2.335315371480356,2.4139067458082413,0.0068336298667978366,0.9280666628608228,-0.027234126436489828
12.74,2.3380155366292086,2.4130125201278982,0.0074281367823655214,0.9319822152316286,-0.026526321869924
12.81,2.3407157017780613,2.412118294447556,0.008022721092787267,0.9358977676024343,-0.025818517303358157
12.88,2.343415866926914,2.4112240687672135,0.008617220419900056,0.93981331997324,-0.025110712736792315
12.95,2.346116032075767,2.410329843086871,0.00921147238554091,0.9437288723440456,-0.024402908170226514
13.02,2.3488161972246195,2.4094356174065283,0.009805314611546819,0.9476444247148513,-0.023695103603660672
13.09,2.3515163623734723,2.4085413917261853,0.010398584719754758,0.9515599770856571,-0.02298729903709483
13.16,2.3542165275223246,2.4076471660458427,0.010991120332001749,0.9554755294564627,-0.022279494470529
13.23,2.3569166926711773,2.4067529403655,0.011582759070124776,0.9593910818272685,-0.02157168990396316
13.3,2.35961685782003,2.4058587146851576,0.012173338555960842,0.9633066341980743,-0.020863885337397317
13.37,2.362317022968883,2.404964489004815,0.01276269641134692,0.9672221865688799,-0.020156080770831517
13.44,2.3650171881177355,2.4040702633244724,0.013350670258120041,0.9711377389396856,-0.019448276204265674
13.51,2.3677173532665883,2.40317603764413,0.013937097718117204,0.9750532913104913,-0.018740471637699832
13.58,2.370417518415441,2.402281811963787,0.014521816413175364,0.978968843681297,-0.018032667071134004
13.65,2.3731176835642938,2.4013875862834446,0.015104663965131555,0.9828843960521028,-0.01732486250456816
13.72,2.3758178487131465,2.400493360603102,0.01568547799582276,0.9867999484229084,-0.01661705793800232
13.79,2.3785180138619992,2.3995991349227594,0.016264096127085972,0.9907155007937141,-0.015909253371436505
13.86,2.3812181790108515,2.398704909242417,0.01684035598075819,0.9946310531645198,-0.015201448804870663
13.93,2.3839183441597047,2.3978106835620743,0.01741409517867643,0.9985466055353256,-0.01449364423830482
14.0,2.3866185093085575,2.3969164578817317,0.01798515134267766,1.0024621579061312,-0.013785839671739006
14.07,2.3893186744574098,2.396022232201388,0.018553362094598878,1.006377710276937,-0.013078035105173177
14.14,2.3920188396062625,2.395128006521046,0.019118565056277105,1.0102932626477426,-0.012370230538607335
14.21,2.3947190047551157,2.3942337808407035,0.019680597849549335,1.0142088150185482,-0.01166242597204152
14.28,2.397419169903968,2.3933395551603605,0.02023929809625251,1.0181243673893539,-0.010954621405475679
14.35,2.4001193350528207,2.392445329480018,0.020794503418223715,1.0220399197601595,-0.01024681683890985
14.42,2.4028195002016735,2.3915511037996757,0.02134605143729988,1.0259554721309654,-0.009539012272344022
14.49,2.405519665350526,2.3906568781193327,0.02189377977531803,1.029871024501771,-0.00883120770577818
14.56,2.4082198304993785,2.38976265243899,0.022437526054115156,1.033786576872577,-0.008123403139212337
14.63,2.410919995648232,2.3888684267586475,0.02297712789552827,1.0377021292433826,-0.007415598572646509
14.7,2.4136201607970844,2.387974201078305,0.023512422921394324,1.0416176816141882,-0.0067077940060806945
14.77,2.4163203259459367,2.3870799753979624,0.024043248753550347,1.0455332339849939,-0.005999989439514866
14.84,2.4190204910947894,2.3861857497176193,0.024569443013833354,1.0494487863557995,-0.005292184872949024
14.91,2.421720656243642,2.385291524037277,0.0250908433240803,1.0533643387266052,-0.004584380306383182
14.98,2.4244208213924954,2.384397298356934,0.025607287306128206,1.057279891097411,-0.0038765757398173395
15.05,2.427120986541348,2.3835030726765916,0.026118612581814065,1.0611954434682167,-0.003168771173251511
15.12,2.4298211516902004,2.382608846996249,0.026624656772974858,1.0651109958390224,-0.0024609666066856967
15.19,2.432521316839053,2.381714621315906,0.02712525750144762,1.0690265482098282,-0.0017531620401198683
15.26,2.435221481987906,2.380820395635564,0.027620252389069313,1.0729421005806339,-0.001045357473554026
15.33,2.437921647136759,2.3799261699552208,0.028109479057676957,1.0768576529514395,-0.00033755290698818385
15.4,2.4406218122856114,2.3790319442748786,0.02859277512910752,1.0807732053222452,0.0003702516595776445
15.47,2.443321977434464,2.378137718594536,0.029069978225198027,1.084688757693051,0.0010780562261434867
15.54,2.446022142583317,2.3772434929141935,0.029540925967785455,1.0886043100638565,0.001785860792709315
15.61,2.4487223077321696,2.3763492672338504,0.030005455978706796,1.0925198624346624,0.0024936653592751434
15.68,2.4514224728810223,2.3754550415535083,0.030463405879799066,1.096435414805468,0.003201469925840972
15.75,2.454122638029875,2.3745608158731653,0.030914613292899275,1.100350967176274,0.003909274492406814
15.82,2.4568228031787274,2.3736665901928227,0.03135891583984439,1.1042665195470796,0.004617079058972656
15.89,2.4595229683275805,2.37277236451248,0.031796151142471404,1.1081820719178852,0.005324883625538485
15.96,2.4622231334764333,2.3718781388321375,0.03222615682261734,1.112097624288691,0.006032688192104327
16.03,2.4649232986252856,2.370983913151795,0.03264877050211918,1.1160131766594965,0.006740492758670169
16.1,2.4676234637741383,2.3700896874714523,0.033063829802813915,1.1199287290303024,0.007448297325235997
16.17,2.4703236289229915,2.3691954617911093,0.033471172346538555,1.1238442814011083,0.00815610189180184
16.24,2.473023794071844,2.3683012361107667,0.033870635755130066,1.1277598337719137,0.008863906458367626
16.31,2.4757239592206965,2.3674070104304246,0.03426205765042549,1.1316753861427191,0.009571711024933469
16.38,2.4784241243695493,2.3665127847500815,0.0346452756542618,1.135590938513525,0.01027951559149931
16.45,2.481124289518402,2.365618559069739,0.035020127388476,1.1395064908843306,0.010987320158065153
16.52,2.4838244546672548,2.3647243333893964,0.03538645047490509,1.1434220432551365,0.011695124724630981
16.59,2.4865246198161075,2.3638301077090533,0.035744082535386044,1.1473375956259422,0.012402929291196824
16.66,2.4892247849649602,2.362935882028711,0.036092861191755865,1.151253147996748,0.013110733857762666
16.73,2.4919249501138125,2.362041656348368,0.03643262406585158,1.1551687003675537,0.013818538424328494
16.8,2.4946251152626653,2.3611474306680256,0.036763208779510156,1.1590842527383596,0.014526342990894336
16.87,2.4973252804115185,2.360253204987683,0.037084452954568595,1.162999805109165,0.015234147557460165
16.94,2.500025445560371,2.3593589793073404,0.037396194212863894,1.1669153574799707,0.015941952124025993
17.01,2.502725610709224,2.358464753626998,0.03769827017623305,1.1708309098507763,0.01664975669059182
17.08,2.5054257758580762,2.3575705279466552,0.03799051846651305,1.174746462221582,0.017357561257157636
17.15,2.508125941006929,2.3566763022663126,0.038272776705540926,1.1786620145923878,0.018065365823723478
17.22,2.5108261061557817,2.35578207658597,0.038544882515153644,1.1825775669631935,0.018773170390289307
17.29,2.5135262713046345,2.3548878509056275,0.0388066735171882,1.1864931193339991,0.01948097495685515
17.36,2.516226436453487,2.353993625225285,0.039057987333481606,1.1904086717048048,0.020188779523420963
17.43,2.5189266016023395,2.353099399544942,0.03929866158587085,1.1943242240756105,0.020896584089986805
17.5,2.521626766751193,2.3522051738645993,0.03952853389619292,1.198239776446416,0.021604388656552648
17.57,2.5243269319000454,2.3513109481842567,0.03974744188628483,1.202155328817222,0.022312193223118476
17.64,2.527027097048898,2.350416722503914,0.03995522317798356,1.2060708811880276,0.02301999778968432
17.71,2.529727262197751,2.3495224968235715,0.04015171539312613,1.2099864335588335,0.02372780235625016
17.78,2.532427427346603,2.3486282711432285,0.04033675615354953,1.2139019859296392,0.02443560692281599
17.85,2.5263866447146963,2.3451107342660897,0.040510162293312786,1.217817538300445,0.02514341148938183
17.92,2.5203458620827894,2.3415931973889506,0.040671667495363266,1.2217330906712505,0.025851216055947673
17.99,2.5143050794508826,2.338075660511812,0.04082098465487035,1.225648643042056,0.02655902062251346
18.06,2.5082642968189752,2.3345581236346726,0.04095782666700342,1.2295641954128618,0.027266825189079302
18.13,2.5022235141870683,2.3310405867575335,0.041081906426931894,1.2334797477836674,0.027974629755645145
18.2,2.4961827315551615,2.3275230498803943,0.04119293682982515,1.2373953001544733,0.028682434322210973
18.27,2.490141948923254,2.324005513003255,0.041290630770852585,1.241310852525279,0.029390238888776815
18.34,2.4841011662913473,2.320487976126116,0.04137470114518359,1.2452264048960848,0.030098043455342657
18.41,2.47806038365944,2.3169704392489767,0.04144486084798755,1.2491419572668905,0.030805848021908486
18.48,2.4720196010275326,2.3134529023718375,0.04150082277443387,1.2530575096376961,0.03151365258847433
18.55,2.4659788183956257,2.309935365494699,0.04154229981969193,1.2569730620085018,0.032221457155040156
18.62,2.459938035763719,2.3064178286175596,0.041569004878931136,1.2608886143793077,0.032929261721605985
18.69,2.453897253131812,2.3029002917404204,0.041580650847320884,1.2648041667501133,0.03363706628817181
18.76,2.447856470499904,2.2993827548632813,0.04157695062003055,1.268719719120919,0.034344870854737655
18.83,2.441815687867998,2.2958652179861425,0.041557617092229535,1.2726352714917246,0.035052675421303456
18.9,2.435774905236091,2.2923476811090033,0.041522363159087236,1.2765508238625303,0.0357604799878693
18.97,2.4297341226041835,2.2888301442318646,0.04147090171577304,1.2804663762333361,0.036468284554435126
19.04,2.423693339972276,2.285312607354725,0.04140294565745633,1.2843819286041416,0.03717608912100097
19.11,2.4176525573403693,2.281795070477586,0.04131820787930655,1.2882974809749475,0.0378838936875668
19.18,2.4116117747084624,2.278277533600447,0.041216401276493016,1.292213033345753,0.03859169825413264
19.25,2.405570992076555,2.274759996723308,0.04109723874418516,1.2961285857165588,0.03929950282069848
19.32,2.3995302094446482,2.2712424598461687,0.040960433177552394,1.3000441380873646,0.04000730738726431
19.39,2.393489426812741,2.2677249229690295,0.04080569747176407,1.3039596904581703,0.04071511195383015
19.46,2.3874486441808336,2.2642073860918908,0.04063274452198963,1.3078752428289762,0.041422916520395994
19.53,2.381407861548927,2.2606898492147516,0.040441287223398424,1.3117907951997818,0.04213072108696182
19.6,2.37536707891702,2.2571723123376124,0.04023103847115985,1.3157063475705875,0.042838525653527665
19.67,2.369326296285113,2.253654775460473,0.04000171116044332,1.3196218999413931,0.04354633022009351
19.74,2.3632855136532056,2.250137238583334,0.039753018186418236,1.3235374523121988,0.044254134786659294
19.81,2.357244731021299,2.2466197017061953,0.03948467244425396,1.3274530046830044,0.044961939353225136
19.88,2.3512039483893914,2.2431021648290557,0.03919638682911988,1.33136855705381,0.04566974391979098
19.95,2.345163165757485,2.239584627951917,0.03888787423618542,1.335284109424616,0.04637754848635681
20.02,2.3391223831255776,2.2360670910747777,0.03855884756061997,1.3391996617954216,0.047085353052922635
20.09,2.3330816004936707,2.2325495541976386,0.0382090196975929,1.3431152141662275,0.04779315761948848
20.16,2.3270408178617634,2.2290320173205,0.03783810354227361,1.347030766537033,0.048500962186054306
20.23,2.321000035229856,2.2255144804433606,0.037445811989831504,1.3509463189078388,0.04920876675262015
20.3,2.314959252597949,2.2219969435662215,0.03703185793543599,1.3548618712786444,0.04991657131918599
20.37,2.308918469966042,2.2184794066890823,0.0365959542742564,1.3587774236494503,0.05062437588575182
20.44,2.302877687334135,2.214961869811943,0.03613781390146219,1.362692976020256,0.05133218045231766
20.51,2.2968369047022277,2.211444332934804,0.03565714971222272,1.3666085283910618,0.0520399850188835
20.58,2.2907961220703212,2.207926796057665,0.03515367460170742,1.3705240807618673,0.05274778958544929
20.65,2.284755339438414,2.204409259180526,0.034627101465085644,1.3744396331326727,0.05345559415201513
20.72,2.278714556806507,2.200891722303387,0.03407714319752679,1.3783551855034786,0.054163398718580974
20.79,2.2726737741745997,2.1973741854262476,0.03350351269420024,1.3822707378742842,0.0548712032851468
20.86,2.266632991542693,2.193856648549109,0.03290592285027543,1.38618629024509,0.055579007851712645
20.93,2.260592208910786,2.1903391116719697,0.03228408656092172,1.3901018426158958,0.05628681241827849
21.0,2.2545514262788786,2.1868215747948305,0.0316377167213085,1.3940173949867016,0.056994616984844315
21.07,2.2485106436469717,2.1833040379176913,0.030966526226605184,1.3979329473575073,0.05770242155141016
21.14,2.2424698610150644,2.179786501040552,0.030270227971981145,1.4018484997283127,0.058410226117976
21.21,2.236429078383157,2.176268964163413,0.029548534852605793,1.4057640520991186,0.059118030684541814
21.28,2.23038829575125,2.1727514272862742,0.02880115976364852,1.4096796044699242,0.059825835251107656
21.35,2.2243475131193433,2.169233890409135,0.028027815600278696,1.4135951568407301,0.0605336398176735
21.42,2.218306730487436,2.165716353531996,0.027228215257665743,1.4175107092115358,0.061241444384239334
21.49,2.212265947855529,2.1621988166548567,0.02640207163097908,1.4214262615823414,0.06194924895080514
21.56,2.206225165223622,2.158681279777718,0.025549097615388018,1.425341813953147,0.06265705351737097
21.63,2.200184382591715,2.1551637429005788,0.02466900610606199,1.429257366323953,0.0633648580839368
21.7,2.194143599959808,2.1516462060234396,0.023761509998170394,1.4331729186947584,0.06407266265050264
21.77,2.1881028173279007,2.1481286691463004,0.022826322186882617,1.437088471065564,0.06478046721706848
21.84,2.182062034695994,2.1446111322691612,0.021863155567368068,1.4410040234363697,0.06548827178363431
21.91,2.176021252064087,2.1410935953920225,0.02087172303479612,1.4449195758071753,0.06619607635020014
21.98,2.1699804694321796,2.137576058514883,0.019851737484336166,1.4488351281779812,0.06690388091676597
22.05,2.1639396868002727,2.134058521637744,0.018802911811157615,1.4527506805487869,0.06761168548333181
22.12,2.1578989041683654,2.1305409847606045,0.01772495891042984,1.4566662329195927,0.06831949004989765
22.19,2.151858121536458,2.1270234478834658,0.016617591677322255,1.4605817852903984,0.06902729461646348
22.26,2.145817338904551,2.1235059110063266,0.015480523007004244,1.4644973376612038,0.06973509918302932
22.33,2.1397765562726443,2.119988374129188,0.014313465794645257,1.4684128900320095,0.07044290374959511
22.4,2.1337357736407374,2.1164708372520487,0.013116132935414575,1.4723284424028151,0.07115070831616095
22.47,2.1276949910088305,2.1129533003749095,0.011888237324481628,1.476243994773621,0.0718585128827268
22.54,2.121654208376923,2.1094357634977703,0.010629491857015842,1.4801595471444267,0.07256631744929262
22.61,2.115613425745016,2.105918226620631,0.009339609428186596,1.4840750995152325,0.07327412201585844
22.68,2.109572643113109,2.102400689743492,0.00801830293316327,1.4879906518860382,0.07398192658242428
22.75,2.103531860481202,2.098883152866353,0.006665285267115278,1.491906204256844,0.07468973114899011
22.82,2.097491077849295,2.095365615989214,0.005280269325211997,1.4958217566276495,0.07539753571555595
22.89,2.091450295217388,2.091848079112075,0.003862968002622834,1.4997373089984551,0.07610534028212179
22.96,2.0854095125854806,2.0883305422349356,0.0024130941945171534,1.503652861369261,0.07681314484868762
23.03,2.0793687299535737,2.0848130053577965,0.0009303607960643792,1.5075684137400667,0.07752094941525348
23.1,2.0733279473216664,2.0812954684806577,-0.0005855192975661033,1.5114839661108725,0.0782287539818193
23.17,2.0672871646897595,2.077777931603518,-0.0021348331912049053,1.5153995184816782,0.07893655854838513
23.24,2.0612463820578526,2.0742603947263794,-0.003717867989682551,1.5193150708524839,0.07964436311495093
23.31,2.0552055994259453,2.07074285784924,-0.005334910797829821,1.5232306232232895,0.08035216768151678
23.38,2.0491648167940384,2.067225320972101,-0.0069862487204772235,1.527146175594095,0.08105997224808262
23.45,2.0431240341621315,2.0637077840949622,-0.008672168862455375,1.5310617279649008,0.08176777681464845
23.52,2.037083251530224,2.060190247217823,-0.010392958328594874,1.5349772803357065,0.08247558138121429
23.59,2.031042468898317,2.056672710340684,-0.012148904223726335,1.5388928327065123,0.08318338594778013
23.66,2.02500168626641,2.0531551734635447,-0.013940293652680374,1.542808385077318,0.08389119051434596
23.73,2.018960903634503,2.0496376365864055,-0.015767413720287567,1.5467239374481239,0.0845989950809118
23.8,2.012920121002596,2.046120099709267,-0.017630551531378567,1.5506394898189295,0.08530679964747764
23.87,2.006879338370689,2.042602562832127,-0.01952999419078395,1.5545550421897352,0.08601460421404347
23.94,2.0008385557387816,2.0390850259549884,-0.021466028803334324,1.5584705945605408,0.08672240878060931
24.01,1.9947977731068747,2.0355674890778492,-0.023438942473860296,1.5623861469313467,0.08743021334717516
24.08,1.988756990474968,2.0320499522007105,-0.025449022307192384,1.5663016993021521,0.08813801791374094
24.15,1.982716207843061,2.0285324153235713,-0.027496555408161392,1.5702172516729578,0.08884582248030679
24.22,1.9766754252111538,2.025014878446432,-0.029581828881597834,1.5741328040437637,0.08955362704687261
24.29,1.9706346425792467,2.021497341569293,-0.0317051298323323,1.5780483564145693,0.09026143161343846
24.36,1.9645938599473394,2.0179798046921538,-0.03386674536519539,1.5819639087853752,0.0909692361800043
24.43,1.9585530773154325,2.0144622678150146,-0.036066962585017744,1.5858794611561806,0.09167704074657013
24.5,1.9525122946835252,2.010944730937876,-0.03830606859662994,1.5897950135269865,0.09238484531313598
24.57,1.9464715120516183,2.0074271940607367,-0.040584350504862594,1.5937105658977921,0.09309264987970181
24.64,1.9404307294197112,2.0039096571835975,-0.04290209541454633,1.597626118268598,0.09380045444626764
24.71,1.934389946787804,2.0003921203064583,-0.045259590430511726,1.6015416706394037,0.0945082590128335
24.78,1.9283491641558972,1.9968745834293191,-0.047657122657589424,1.6054572230102093,0.09521606357939932
24.85,1.9223083815239899,1.99335704655218,-0.050094979200609985,1.6093727753810152,0.09592386814596515
24.92,1.916267598892083,1.9898395096750412,-0.05257344716440406,1.6132883277518206,0.096631672712531
24.99,1.9102268162601759,1.986321972797902,-0.055092813653802086,1.6172038801226263,0.0973394772790968
25.06,1.904186033628269,1.982804435920763,-0.05765336577363499,1.621119432493432,0.09804728184566264
25.13,1.8981452509963617,1.9792868990436236,-0.060255390628733176,1.6250349848642378,0.09875508641222847
25.2,1.8921044683644548,1.9757693621664847,-0.0628991753239273,1.6289505372350435,0.0994628909787943
25.27,1.8860636857325477,1.9722518252893455,-0.06558500696404795,1.6328660896058491,0.10017069554536014
25.34,1.8800229031006404,1.9687342884122063,-0.06831317265392574,1.636781641976655,0.10087850011192595
25.41,1.8739821204687335,1.9652167515350674,-0.07108395949839127,1.6406971943474606,0.10158630467849178
25.48,1.8679413378368264,1.9616992146579282,-0.07389765460227515,1.6446127467182665,0.10229410924505762
25.55,1.8619005552049193,1.958181677780789,-0.07675454507040799,1.648528299089072,0.10300191381162346
25.62,1.8558597725730122,1.9546641409036498,-0.07965491800762042,1.6524438514598778,0.10370971837818929
25.69,1.849818989941105,1.9511466040265109,-0.082599060518743,1.6563594038306835,0.10441752294475513
25.76,1.8437782073091982,1.947629067149372,-0.08558725970860637,1.6602749562014893,0.10512532751132098
25.83,1.8377374246772913,1.944111530272233,-0.08861980268204095,1.6641905085722948,0.10583313207788678
25.9,1.831696642045384,1.9405939933950938,-0.09169697654387769,1.6681060609431004,0.1065409366444526
25.97,1.8256558594134769,1.9370764565179546,-0.09481906839894703,1.6720216133139063,0.10724874121101843
26.04,1.81961507678157,1.9335589196408154,-0.09798636535207961,1.675937165684712,0.10795654577758429
26.11,1.8135742941496629,1.9300413827636762,-0.10119915450810596,1.6798527180555176,0.10866435034415012
26.18,1.8075335115177558,1.9265238458865372,-0.10445772297185675,1.6837682704263233,0.10937215491071595
26.25,1.8014927288858487,1.923006309009398,-0.10776235784816258,1.6876838227971291,0.1100799594772818
26.32,1.7954519462539416,1.919488772132259,-0.11111334624185402,1.6915993751679348,0.11078776404384763
26.39,1.7894111636220345,1.9159712352551201,-0.11451097525776177,1.6955149275387407,0.11149556861041347
26.46,1.7833703809901273,1.912453698377981,-0.1179555320007163,1.6994304799095463,0.11220337317697932
26.53,1.7773295983582205,1.9089361615008418,-0.12144730357554832,1.703346032280352,0.11291117774354514
26.6,1.7712888157263131,1.9054186246237026,-0.12498657708708838,1.7072615846511576,0.11361898231011099
26.67,1.7652480330944063,1.9019010877465636,-0.12857363964016713,1.7111771370219633,0.11432678687667683
26.74,1.733310386230156,1.87407336559749,-0.1322085765609357,1.715092689392769,0.11503459144324261
26.81,1.7013727393659037,1.8462456434484151,-0.1358906660608287,1.7190082417635746,0.11574239600980846
26.88,1.669435092501652,1.81841792129934,-0.13961898457260097,1.7229237941343805,0.11645020057637429
26.95,1.6374974456374,1.7905901991502653,-0.14339260852900745,1.7268393465051861,0.11715800514294013
27.02,1.605559798773148,1.7627624770011903,-0.14721061436280317,1.730754898875992,0.11786580970950597
27.09,1.573622151908896,1.7349347548521152,-0.151072078506743,1.7346704512467976,0.1185736142760718
27.16,1.541684505044644,1.7071070327030402,-0.1549760773935821,1.738586003617603,0.11928141884263764
27.23,1.509746858180392,1.6792793105539652,-0.1589216874560753,1.742501555988409,0.11998922340920348
27.3,1.47780921131614,1.6514515884048904,-0.16290798512697766,1.7464171083592146,0.12069702797576931
27.37,1.445871564451888,1.6236238662558153,-0.166934046839044,1.7503326607300205,0.12140483254233515
27.44,1.413933917587636,1.5957961441067403,-0.17099894902502957,1.7542482131008261,0.122112637108901
27.51,1.381996270723384,1.5679684219576655,-0.1751017681176892,1.758163765471632,0.12282044167546682
27.58,1.3500586238591337,1.5401406998085918,-0.17924158054977762,1.7620793178424374,0.12352824624203262
27.65,1.3181209769948818,1.512312977659517,-0.18341746275405035,1.7659948702132433,0.12423605080859845
27.72,1.2861833301306298,1.484485255510442,-0.18762849116326213,1.7699104225840487,0.1249438553751643
27.79,1.2542456832663775,1.4566575333613667,-0.1918737422101678,1.7738259749548544,0.12565165994173014
27.86,1.2223080364021257,1.428829811212292,-0.19615229232752251,1.7777415273256603,0.12635946450829597
27.93,1.1903703895378737,1.4010020890632169,-0.20046321794808122,1.781657079696466,0.12706726907486182
28.0,1.1584327426736218,1.373174366914142,-0.20480559550459884,1.7855726320672718,0.12777507364142762
28.07,1.1264950958093698,1.345346644765067,-0.20917850142983033,1.7894881844380772,0.12848287820799345
28.14,1.0945574489451175,1.317518922615992,-0.21358101215653078,1.793403736808883,0.1291906827745593
28.21,1.0626198020808657,1.2896912004669172,-0.21801220411745514,1.7973192891796885,0.12989848734112514
28.28,1.0306821552166139,1.261863478317842,-0.2224711537453584,1.8012348415504942,0.13060629190769096
28.35,0.9987445083523617,1.2340357561687672,-0.2269569374729955,1.8051503939213,0.1313140964742568
28.42,0.9668068614881098,1.2062080340196921,-0.2314686317331214,1.8090659462921057,0.13202190104082262
28.49,0.9348692146238595,1.1783803118706186,-0.2360053129584909,1.8129814986629114,0.13272970560738845
28.56,0.9029315677596075,1.1505525897215434,-0.2405660575818594,1.816897051033717,0.13343751017395428
28.63,0.8709939208953553,1.1227248675724686,-0.24514994203598173,1.820812603404523,0.13414531474052008
28.7,0.8390562740311035,1.0948971454233936,-0.2497560427536128,1.8247281557753285,0.13485311930708593
28.77,0.8071186271668515,1.0670694232743188,-0.2543834361675076,1.8286437081461342,0.13556092387365176
28.84,0.7751809803025995,1.0392417011252437,-0.25903119871042113,1.8325592605169398,0.1362687284402176
28.91,0.7432433334383475,1.0114139789761687,-0.26369840681510837,1.8364748128877455,0.13697653300678345
28.98,0.7113056865740954,0.9835862568270938,-0.2683841369143243,1.8403903652585514,0.13768433757334927
29.05,0.6793680397098434,0.9557585346780187,-0.2730874654408239,1.844305917629357,0.1383921421399151
29.12,0.6474303928455916,0.9279308125289438,-0.2778074688273622,1.848221470000163,0.13909994670648096
29.19,0.6154927459813395,0.9001030903798688,-0.2825432235066941,1.8521370223709686,0.1398077512730468
29.26,0.5835550991170875,0.872275368230794,-0.2872938059115746,1.8560525747417742,0.14051555583961262
29.33,0.5516174522528371,0.8444476460817203,-0.29205829247475845,1.8599681271125796,0.14122336040617842
29.4,0.5196798053885852,0.8166199239326454,-0.2968357596290011,1.8638836794833853,0.14193116497274424
29.47,0.48774215852433317,0.7887922017835705,-0.3016252838070573,1.8677992318541912,0.1426389695393101
29.54,0.4558045116600812,0.7609644796344954,-0.30642594144168206,1.8717147842249968,0.14334677410587593
29.61,0.42386686479582913,0.7331367574854204,-0.3112368089656304,1.8756303365958027,0.14405457867244176
29.68,0.3919292179315772,0.7053090353363455,-0.3160569628116572,1.8795458889666083,0.1447623832390076
29.75,0.35999157106732527,0.6774813131872705,-0.32088547941251744,1.8834614413374142,0.14547018780557344
29.82,0.3280539242030731,0.6496535910381955,-0.32572143520096614,1.8873769937082199,0.1461779923721393
29.89,0.29611627733882123,0.6218258688891206,-0.33056390660975843,1.8912925460790255,0.14688579693870513
29.96,0.2641786304745692,0.5939981467400455,-0.335411970071649,1.8952080984498312,0.14759360150527095
30.03,0.23224098361031725,0.5661704245909707,-0.3402647020193931,1.899123650820637,0.14830140607183678
30.1,0.2003033367460652,0.5383427024418956,-0.34512117888574545,1.9030392031914427,0.14900921063840264
30.17,0.16836568988181322,0.5105149802928206,-0.34998047710346125,1.9069547555622484,0.14971701520496847
30.24,0.1364280430175629,0.4826872581437471,-0.35484167310529513,1.910870307933054,0.15042481977153427
30.31,0.1044903961533109,0.4548595359946721,-0.3597038433240027,1.9147858603038597,0.1511326243381001
30.38,0.07255274928905894,0.4270318138455971,-0.3645660641923385,1.9187014126746655,0.15184042890466595
30.45,0.04061510242480687,0.39920409169652216,-0.36942741214305763,1.922616965045471,0.15254823347123178
30.52,0.008677455560554909,0.3713763695474471,-0.374286963608915,1.9265325174162768,0.1532560380377976
30.59,-0.02326019130369708,0.3435486473983722,-0.3791437950226656,1.9304480697870825,0.15396384260436347
30.66,-0.05519783816794904,0.3157209252492973,-0.38399698281706457,1.9343636221578882,0.1546716471709293
30.73,-0.08713548503220103,0.28789320310022226,-0.3888456034248666,1.938279174528694,0.15537945173749512
30.8,-0.11907313189645306,0.2600654809511473,-0.3936887332788269,1.9421947268994997,0.15608725630406095
30.87,-0.151010778760705,0.2322377588020723,-0.3985254488117005,1.9461102792703056,0.1567950608706268
30.94,-0.18294842562495703,0.20441003665299734,-0.40335482645624215,1.950025831641111,0.15750286543719264
31.01,-0.214886072489209,0.17658231450392237,-0.40817594264520707,1.9539413840119169,0.15821067000375844
31.08,-0.24682371935345937,0.1487545923548488,-0.4129878738113497,1.9578569363827223,0.15891847457032426
31.15,-0.2588672802149023,0.15490410711712682,-0.41778975010372005,1.9617724887535282,0.15962627913689012
31.22,-0.2709108410763453,0.16105362187940478,-0.42258091653654406,1.9656880411243338,0.16033408370345595
31.29,-0.2829544019377882,0.1672031366416828,-0.42736077184034243,1.9696035934951395,0.16104188827002178
31.36,-0.2949979627992312,0.17335265140396075,-0.4321287147456356,1.9735191458659453,0.1617496928365876
31.43,-0.30704152366067416,0.17950216616623876,-0.43688414398294395,1.977434698236751,0.16245749740315343
31.5,-0.31908508452211715,0.18565168092851675,-0.44162645828278846,1.9813502506075567,0.16316530196971926
31.57,-0.33112864538356007,0.19180119569079476,-0.4463550563756895,1.9852658029783623,0.16387310653628512
31.64,-0.343172206245003,0.19795071045307272,-0.4510693369921675,1.9891813553491682,0.16458091110285095
31.71,-0.355215767106446,0.20410022521535076,-0.4557686988627432,1.9930969077199738,0.16528871566941677
31.78,-0.36725932796788896,0.21024973997762875,-0.46045254071793723,1.9970124600907797,0.16599652023598263
31.85,-0.37930288882933194,0.21639925473990673,-0.46512026128826983,2.000928012461585,0.16670432480254846
31.92,-0.39134644969077487,0.22254876950218472,-0.469771259304262,2.0048435648323912,0.1674121293691143
31.99,-0.40339001055221724,0.2286982842644624,-0.47440493349643376,2.0087591172031964,0.1681199339356801
32.06,-0.4154335714136608,0.23484779902674074,-0.4790206825953065,2.0126746695740025,0.16882773850224597
32.13,-0.42747713227510375,0.2409973137890187,-0.48361790533140003,2.016590221944808,0.1695355430688118
32.2,-0.4395206931365467,0.2471468285512967,-0.48819600043523526,2.020505774315614,0.17024334763537766
32.27,-0.45156425399798966,0.2532963433135747,-0.4927543666373326,2.0244213266864195,0.17095115220194348
32.34,-0.4636078148594326,0.2594458580758527,-0.4972924026682128,2.0283368790572256,0.1716589567685093
32.41,-0.47565137572087435,0.26559537283813006,-0.5018095072583958,2.032252431428031,0.17236676133507506
32.48,-0.48769493658231733,0.27174488760040805,-0.5063050791384033,2.0361679837988365,0.17307456590164091
32.55,-0.49973849744376025,0.27789440236268603,-0.5107785170387552,2.040083536169642,0.17378237046820674
32.62,-0.5117820583052032,0.2840439171249641,-0.5152292196899722,2.0439990885404478,0.1744901750347726
32.69,-0.5238256191666462,0.29019343188724206,-0.5196565858225745,2.047914640911254,0.17519797960133843
32.76,-0.5358691800280891,0.29634294664952,-0.5240600141670833,2.0518301932820595,0.17590578416790426
32.83,-0.5479127408895321,0.30249246141179803,-0.5284389034540188,2.055745745652865,0.17661358873447008
32.9,-0.559956301750975,0.308641976174076,-0.5327926524139015,2.0596612980236704,0.17732139330103594
32.97,-0.5719998626124181,0.314791490936354,-0.5371206597772521,2.0635768503944765,0.17802919786760177
33.04,-0.584043423473861,0.320941005698632,-0.5414223242745911,2.067492402765282,0.17873700243416762
33.11,-0.5960869843353038,0.32709052046091,-0.5456970446364393,2.0714079551360878,0.17944480700073345
33.18,-0.6081305451967468,0.33324003522318796,-0.5499442195933169,2.0753235075068934,0.18015261156729928
33.25,-0.6201741060581898,0.339389549985466,-0.5541632478757447,2.079239059877699,0.1808604161338651
33.32,-0.6322176669196328,0.345539064747744,-0.5583535282142432,2.083154612248505,0.18156822070043097
33.39,-0.6442612277810758,0.2925249359792879,-0.5625144593393331,2.087070164619311,0.1822760252669968
33.46,-0.6563047886425186,0.2395108072108319,-0.5666454399815347,2.0909857169901165,0.18298382983356265
33.53,-0.6683483495039617,0.18649667844237583,-0.5707458688713688,2.094901269360922,0.18369163440012848
33.6,-0.6803919103654047,0.13348254967391984,-0.5748151447393558,2.0988168217317282,0.1843994389666943
33.67,-0.6924354712268475,0.08046842090546377,-0.5788526663160163,2.102732374102534,0.18510724353326014
33.74,-0.7044790320882904,0.02745429213700773,-0.5828578323318709,2.1066479264733395,0.18581504809982596
33.81,-0.7165225929497334,-0.02555983663144834,-0.5868300415174406,2.110563478844145,0.1865228526663918
33.88,-0.7285661538111764,-0.0785739653999043,-0.5907686926032452,2.1144790312149504,0.18723065723295762
33.95,-0.7406097146726194,-0.13158809416836043,-0.5946731843198055,2.118394583585756,0.18793846179952348
34.02,-0.7526532755340622,-0.1846022229368164,-0.5985429153976426,2.1223101359565617,0.18864626636608928
34.09,-0.7646968363955052,-0.23761635170527245,-0.6023772845672765,2.126225688327368,0.1893540709326551
34.16,-0.776740397256947,-0.2906304804737231,-0.6061756905592274,2.130141240698173,0.19006187549922093
34.23,-0.7887839581183901,-0.3436446092421791,-0.6099375321040169,2.1340567930689787,0.19076968006578676
34.3,-0.8008275189798331,-0.3966587380106351,-0.613662207932165,2.1379723454397848,0.1914774846323526
34.37,-0.8128710798412759,-0.44967286677909124,-0.6173491167741924,2.1418878978105904,0.19218528919891842
34.44,-0.8249146407027189,-0.5026869955475474,-0.6209976573606193,2.145803450181396,0.19289309376548425
34.51,-0.8369582015641618,-0.5557011243160034,-0.624607228421967,2.1497190025522017,0.19360089833205008
34.58,-0.8490017624256048,-0.6087152530844594,-0.6281772286887556,2.1536345549230074,0.19430870289861593
34.65,-0.8610453232870479,-0.6617293818529153,-0.6317070568915054,2.157550107293813,0.19501650746518173
34.72,-0.8730888841484907,-0.7147435106213713,-0.6351961117607374,2.161465659664619,0.19572431203174756
34.79,-0.8851324450099337,-0.7677576393898274,-0.6386437920269723,2.1653812120354248,0.19643211659831342
34.86,-0.8971760058713766,-0.8207717681582836,-0.6420494964207302,2.1692967644062304,0.19713992116487924
34.93,-0.9092195667328195,-0.8737858969267396,-0.6454126236725317,2.173212316777036,0.19784772573144507
35.0,-0.9212631275942625,-0.9268000256951956,-0.6487325725128977,2.1771278691478413,0.19855553029801093
35.07,-0.9333066884557054,-0.9798141544636515,-0.6520087416723486,2.1810434215186474,0.19926333486457676
35.14,-0.9453502493171484,-1.0328282832321078,-0.655240529881405,2.184958973889453,0.19997113943114259
35.21,-0.9573938101785914,-1.0858424120005636,-0.6584273358705874,2.1888745262602587,0.20067894399770844
35.28,-0.9694373710400342,-1.1388565407690199,-0.6615685583704165,2.1927900786310643,0.20138674856427427
35.35,-0.9814809319014773,-1.1918706695374757,-0.6646635961114127,2.1967056310018704,0.2020945531308401
35.42,-0.9935244927629202,-1.244884798305932,-0.6677118478240966,2.200621183372676,0.20280235769740595
35.49,-1.005568053624363,-1.2978989270743877,-0.6707127122389891,2.2045367357434817,0.20351016226397178
35.56,-1.0172452382754416,-1.3072285946917894,-0.6736657274835384,2.200097746645054,0.20552055714224893
35.63,-1.0289224229265201,-1.3165582623091912,-0.6765709892729074,2.1956587575466275,0.20753095202052602
35.7,-1.0405996075775985,-1.3258879299265927,-0.6794287327191864,2.1912197684482,0.20954134689880316
35.77,-1.052276792228677,-1.3352175975439944,-0.682239192934466,2.1867807793497733,0.21155174177708028
35.84,-1.0639539768797555,-1.344547265161396,-0.6850026050308368,2.1823417902513453,0.2135621366553574
35.91,-1.0756311615308327,-1.3538769327787967,-0.687719204120389,2.1779028011529187,0.21557253153363432
35.98,-1.0873083461819113,-1.3632066003961985,-0.6903892253152139,2.1734638120544916,0.21758292641191143
36.05,-1.0989855308329897,-1.3725362680135997,-0.6930129037274018,2.1690248229560645,0.21959332129018855
36.12,-1.1106627154840683,-1.3818659356310015,-0.695590474469043,2.164585833857637,0.22160371616846566
36.19,-1.1223399001351466,-1.3911956032484032,-0.6981221726522284,2.16014684475921,0.22361411104674278
36.26,-1.1340170847862252,-1.4005252708658047,-0.7006082333890484,2.1557078556607823,0.2256245059250199
36.33,-1.1456942694373036,-1.4098549384832064,-0.7030488917915936,2.1512688665623556,0.22763490080329704
36.4,-1.157371454088382,-1.419184606100608,-0.7054443829719547,2.146829877463928,0.22964529568157416
36.47,-1.1690486387394605,-1.4285142737180097,-0.707794942042222,2.1423908883655005,0.23165569055985127
36.54,-1.180725823390539,-1.4378439413354114,-0.7101008041144864,2.1379518992670734,0.2336660854381284
36.61,-1.1924030080416175,-1.4471736089528129,-0.7123622043008384,2.1335129101686463,0.2356764803164055
36.68,-1.2040801926926958,-1.4565032765702146,-0.7145793777133684,2.129073921070219,0.23768687519468265
36.75,-1.2157573773437744,-1.4658329441876163,-0.7167525594641669,2.1246349319717917,0.23969727007295977
36.82,-1.227434561994853,-1.4751626118050178,-0.7188819846653249,2.1201959428733645,0.24170766495123688
36.89,-1.2391117466459314,-1.4844922794224193,-0.7209678884289326,2.1157569537749374,0.243718059829514
36.96,-1.2507889312970097,-1.493821947039821,-0.7230105058670809,2.11131796467651,0.24572845470779114
37.03,-1.2624661159480883,-1.5031516146572228,-0.7250100720918597,2.1068789755780823,0.24773884958606823
37.1,-1.274143300599167,-1.5124812822746243,-0.7269668222153607,2.1024399864796557,0.24974924446434538
37.17,-1.2858204852502453,-1.521810949892026,-0.7288809913496734,2.098000997381228,0.25175963934262247
37.24,-1.2974976699013236,-1.5311406175094278,-0.730752814606889,2.0935620082828015,0.2537700342208996
37.31,-1.3091748545524022,-1.5404702851268293,-0.7325825270990977,2.089123019184374,0.25578042909917675
37.38,-1.3208520392034806,-1.549799952744231,-0.7343703639383906,2.0846840300859464,0.25779082397745384
37.45,-1.3325292238545592,-1.5591296203616325,-0.7361165602368577,2.0802450409875193,0.259801218855731
37.52,-1.3442064085056376,-1.5684592879790342,-0.7378213511065896,2.075806051889092,0.2618116137340081
37.59,-1.3558835931567161,-1.577788955596436,-0.7394849716596774,2.071367062790665,0.2638220086122852
37.66,-1.3675607778077934,-1.5871186232138363,-0.7411076570082112,2.066928073692238,0.26583240349056214
37.73,-1.3792379624588718,-1.596448290831238,-0.7426896422642818,2.0624890845938104,0.2678427983688393
37.8,-1.3909151471099503,-1.6057779584486398,-0.7442311625399798,2.0580500954953838,0.2698531932471164
37.87,-1.4025923317610287,-1.6151076260660413,-0.7457324529473957,2.053611106396956,0.2718635881253935
37.94,-1.4142695164121073,-1.624437293683443,-0.7471937485986199,2.049172117298529,0.2738739830036706
38.01,-1.4259467010631857,-1.6337669613008445,-0.7486152846057433,2.0447331282001016,0.2758843778819477
38.08,-1.437623885714264,-1.6430966289182463,-0.7499972960808563,2.0402941391016745,0.27789477276022484
38.15,-1.4493010703653426,-1.6524262965356478,-0.7513400181360496,2.0358551500032473,0.279905167638502
38.22,-1.4609782550164212,-1.6617559641530495,-0.7526436858834136,2.0314161609048202,0.2819155625167791
38.29,-1.4726554396674998,-1.6710856317704512,-0.7539085344350388,2.0269771718063927,0.2839259573950562
38.36,-1.484332624318578,-1.6804152993878527,-0.7551347989030162,2.0225381827079656,0.28593635227333336
38.43,-1.4960098089696565,-1.6897449670052542,-0.7563227143994359,2.018099193609538,0.28794674715161045
38.5,-1.5076869936207349,-1.6990746346226557,-0.7574725160363887,2.0136602045111114,0.2899571420298876
38.57,-1.5193641782718135,-1.7084043022400577,-0.758584438925965,2.009221215412684,0.2919675369081647
38.64,-1.531041362922892,-1.7177339698574594,-0.7596587181802559,2.0047822263142563,0.2939779317864418
38.71,-1.5427185475739704,-1.727063637474861,-0.7606955889113515,2.0003432372158296,0.29598832666471897
38.78,-1.554395732225049,-1.7363933050922626,-0.7616952862313423,1.9959042481174019,0.29799872154299606
38.85,-1.5660729168761272,-1.7457229727096641,-0.7626580452523192,1.9914652590189748,0.3000091164212732
38.92,-1.5777501015272057,-1.7550526403270656,-0.7635841010863725,1.9870262699205476,0.3020195112995503
38.99,-1.5894272861782843,-1.7643823079444676,-0.7644736888455934,1.9825872808221203,0.30402990617782744
39.06,-1.601104470829363,-1.773711975561869,-0.7653270436420714,1.978148291723693,0.3060403010561045
39.13,-1.612781655480441,-1.7830416431792706,-0.7661444005878981,1.973709302625266,0.30805069593438167
39.2,-1.6244588401315196,-1.7923713107966721,-0.7669259947951633,1.9692703135268386,0.31006109081265876
39.27,-1.6361360247825982,-1.801700978414074,-0.767672061375958,1.9648313244284112,0.3120714856909359
39.34,-1.6478132094336768,-1.8110306460314756,-0.7683828354423728,1.960392335329984,0.31408188056921305
39.41,-1.6594903940847536,-1.8203603136488762,-0.7690585521064982,1.9559533462315573,0.31609227544748997
39.48,-1.6711675787358322,-1.829689981266278,-0.7696994464804248,1.95151435713313,0.31810267032576706
39.55,-1.6828447633869108,-1.8390196488836796,-0.7703057536762429,1.9470753680347028,0.32011306520404414
39.62,-1.6945219480379894,-1.8483493165010811,-0.7708777088060433,1.9426363789362755,0.3221234600823213
39.69,-1.7061991326890678,-1.8576789841184826,-0.7714155469819167,1.9381973898378482,0.32413385496059843
39.76,-1.7178763173401461,-1.8670086517358842,-0.7719195033159534,1.933758400739421,0.3261442498388756
39.83,-1.7295535019912247,-1.8763383193532859,-0.7723898129202444,1.929319411640994,0.3281546447171527
39.9,-1.7412306866423033,-1.8856679869706876,-0.7728267109068798,1.9248804225425664,0.33016503959542975
39.97,-1.7529078712933817,-1.894997654588089,-0.7732304323879506,1.920441433444139,0.3321754344737069
40.04,-1.76458505594446,-1.9043273222054908,-0.7736012124755469,1.916002444345712,0.33418582935198404
40.11,-1.7762622405955386,-1.9136569898228926,-0.7739392862817597,1.9115634552472849,0.33619622423026113
40.18,-1.7879394252466172,-1.922986657440294,-0.7742448889186793,1.9071244661488576,0.3382066191085383
40.25,-1.7996166098976956,-1.9323163250576958,-0.7745182554983964,1.9026854770504305,0.34021701398681536
40.32,-1.811293794548774,-1.941645992675097,-0.7747596211330017,1.898246487952003,0.3422274088650925
40.39,-1.8229709791998525,-1.950975660292499,-0.7749692209345852,1.8938074988535758,0.34423780374336965
40.46,-1.834648163850931,-1.9603053279099005,-0.7751472900152386,1.8893685097551487,0.34624819862164674
40.53,-1.8463253485020095,-1.9696349955273025,-0.7752940634870514,1.8849295206567214,0.3482585934999239
40.6,-1.8580025331530878,-1.9789646631447038,-0.7754097764621145,1.880490531558294,0.350268988378201
40.67,-1.8696797178041662,-1.9882943307621055,-0.7754946640525187,1.8760515424598667,0.3522793832564781
40.74,-1.881356902455245,-1.9976239983795074,-0.7755489613703545,1.8716125533614396,0.35428977813475526
40.81,-1.8930340871063234,-2.006953665996909,-0.775572903527712,1.8671735642630123,0.3563001730130323
40.88,-1.9047112717574017,-2.016283333614311,-0.7755667256366826,1.862734575164585,0.35831056789130944
40.95,-1.9163884564084803,-2.025613001231712,-0.7755306628093561,1.8582955860661579,0.3603209627695866
41.02,-1.9280656410595585,-2.0349426688491135,-0.7754649501578236,1.8538565969677308,0.3623313576478637
41.09,-1.9397428257106373,-2.0442723364665154,-0.7753698227941755,1.8494176078693032,0.3643417525261408
41.16,-1.9514200103617145,-2.053602004083916,-0.7752455158305025,1.8449786187708765,0.3663521474044178
41.23,-1.963097195012793,-2.0629316717013175,-0.7750922643788949,1.8405396296724492,0.36836254228269494
41.3,-1.9747743796638715,-2.0722613393187195,-0.7749103035514433,1.8361006405740221,0.37037293716097197
41.37,-1.9864515643149496,-2.0815910069361205,-0.7746998684602387,1.8316616514755948,0.3723833320392491
41.44,-1.9981287489660284,-2.0909206745535225,-0.7744611942173711,1.8272226623771675,0.37439372691752626
41.51,-2.009805933617107,-2.100250342170924,-0.7741945159349315,1.8227836732787401,0.37640412179580335
41.58,-2.0214831182681854,-2.1095800097883255,-0.7739000687250104,1.818344684180313,0.3784145166740805
41.65,-2.033160302919264,-2.1189096774057274,-0.7735780876996982,1.813905695081886,0.3804249115523576
41.72,-2.044837487570342,-2.128239345023129,-0.7732288079710856,1.8094667059834586,0.3824353064306347
41.79,-2.0565146722214207,-2.137569012640531,-0.7728524646512632,1.805027716885031,0.38444570130891187
41.86,-2.0681918568724993,-2.1468986802579324,-0.7724492928523216,1.800588727786604,0.38645609618718896
41.93,-2.079869041523578,-2.1562283478753344,-0.772019527686351,1.7961497386881768,0.3884664910654661
42.0,-2.091546226174656,-2.1655580154927354,-0.7715634042654428,1.7917107495897495,0.3904768859437432
42.07,-2.1032234108257346,-2.1748876831101374,-0.7710811577016865,1.7872717604913224,0.39248728082202033
42.14,-2.114900595476813,-2.184217350727539,-0.7705730231071736,1.782832771392895,0.3944976757002975
42.21,-2.1265777801278913,-2.1935470183449404,-0.7700392355939943,1.7783937822944678,0.39650807057857457
42.28,-2.1382549647789704,-2.2028766859623423,-0.7694800302742391,1.7739547931960404,0.39851846545685166
42.35,-2.1499321494300485,-2.212206353579744,-0.7688956422599986,1.7695158040976133,0.4005288603351288
42.42,-2.161609334081127,-2.2215360211971453,-0.7682863066633638,1.765076814999186,0.40253925521340594
42.49,-2.1732865187322052,-2.2308656888145473,-0.7676522585964245,1.760637825900759,0.4045496500916831
42.56,-2.184963703383284,-2.2401953564319483,-0.7669937331712718,1.7561988368023316,0.4065600449699601
42.63,-2.1966408880343624,-2.2495250240493503,-0.7663109654999962,1.7517598477039042,0.40857043984823727
42.7,-2.208318072685441,-2.258854691666752,-0.7656041906946884,1.747320858605477,0.4105808347265144
42.77,-2.219995257336519,-2.2681843592841533,-0.7648736438674387,1.7428818695070498,0.41259122960479155
42.84,-2.231672441987598,-2.2775140269015552,-0.764119560130338,1.7384428804086227,0.4146016244830687
42.91,-2.243349626638675,-2.286843694518956,-0.7633421745954766,1.7340038913101956,0.4166120193613455
42.98,-2.2550268112897536,-2.2961733621363574,-0.762541722374945,1.7295649022117685,0.41862241423962265
43.05,-2.266703995940832,-2.3055030297537593,-0.7617184385808339,1.7251259131133412,0.4206328091178998
43.12,-2.2783811805919103,-2.3148326973711604,-0.760872558325234,1.720686924014914,0.42264320399617694
43.19,-2.290058365242989,-2.3241623649885628,-0.7600043167202357,1.7162479349164868,0.4246535988744541
43.26,-2.3017355498940675,-2.333492032605964,-0.7591139488779298,1.7118089458180594,0.4266639937527312
43.33,-2.313412734545146,-2.3428217002233653,-0.7582016899104068,1.707369956719632,0.4286743886310083
43.4,-2.325089919196224,-2.352151367840767,-0.7572677749297569,1.702930967621205,0.4306847835092854
43.47,-2.336767103847303,-2.361481035458169,-0.7563124390480711,1.698491978522778,0.43269517838756255
43.54,-2.3484442884983814,-2.3708107030755703,-0.7553359173774402,1.6940529894243506,0.43470557326583964
43.61,-2.36012147314946,-2.3801403706929722,-0.7543384450299541,1.6896140003259235,0.4367159681441168
43.68,-2.371798657800538,-2.3894700383103737,-0.7533202571177038,1.685175011227496,0.4387263630223939
43.75,-2.3834758424516167,-2.3987997059277752,-0.7522815887527798,1.6807360221290688,0.440736757900671
43.82,-2.3951530271026953,-2.4081293735451768,-0.7512226750472728,1.6762970330306415,0.44274715277894816
43.89,-2.406830211753774,-2.4174590411625787,-0.7501437511132729,1.6718580439322144,0.44475754765722525
43.96,-2.418507396404852,-2.42678870877998,-0.7490450520628713,1.667419054833787,0.44676794253550234
44.03,-2.43018458105593,-2.4361183763973817,-0.7479268130081582,1.66298006573536,0.4487783374137795
44.1,-2.441861765707009,-2.4454480440147837,-0.7467892690612243,1.6585410766369324,0.4507887322920566
44.17,-2.4535389503580878,-2.454777711632185,-0.7456326553341602,1.6541020875385053,0.45279912717033377
44.24,-2.465216135009166,-2.4641073792495867,-0.7444572069390564,1.649663098440078,0.4548095220486109
44.31,-2.4768933196602445,-2.4734370468669886,-0.7432631589880034,1.6452241093416509,0.456819916926888
44.38,-2.488570504311323,-2.48276671448439,-0.7420507465930921,1.6407851202432238,0.4588303118051651
44.45,-2.485280703432145,-2.4805559917714053,-0.7408202048664126,1.6363461311447962,0.46084070668344224
44.52,-2.481990902552967,-2.478345269058421,-0.7395717689200557,1.6319071420463689,0.4628511015617194
44.59,-2.4787011016737894,-2.476134546345436,-0.7383056738661122,1.6274681529479418,0.46486149643999647
44.66,-2.475411300794612,-2.473923823632451,-0.7370221548166727,1.6230291638495151,0.46687189131827345
44.73,-2.472121499915434,-2.471713100919466,-0.7357214468838275,1.6185901747510878,0.4688822861965505
44.8,-2.468831699036256,-2.4695023782064816,-0.7344037851796669,1.6141511856526605,0.4708926810748276
44.87,-2.4655418981570785,-2.4672916554934967,-0.7330694048162819,1.6097121965542331,0.47290307595310477
44.94,-2.4622520972779007,-2.4650809327805123,-0.7317185409057629,1.605273207455806,0.47491347083138186
45.01,-2.4589622963987225,-2.4628702100675275,-0.7303514285602009,1.6008342183573787,0.476923865709659
45.08,-2.455672495519545,-2.460659487354542,-0.7289683028916859,1.5963952292589516,0.47893426058793614
45.15,-2.452382694640367,-2.4584487646415574,-0.7275693990123087,1.591956240160524,0.48094465546621323
45.22,-2.4490928937611893,-2.4562380419285725,-0.72615495203416,1.587517251062097,0.4829550503444904
45.29,-2.4458030928820116,-2.454027319215588,-0.7247251970693301,1.5830782619636699,0.4849654452227674
45.36,-2.4425132920028334,-2.4518165965026033,-0.7232803692299098,1.5786392728652425,0.48697584010104467
45.43,-2.4392234911236557,-2.4496058737896185,-0.7218207036279898,1.5742002837668154,0.4889862349793217
45.5,-2.4359336902444775,-2.447395151076633,-0.7203464353756603,1.569761294668388,0.49099662985759884
45.57,-2.4326438893653,-2.445184428363649,-0.7188577995850121,1.5653223055699608,0.493007024735876
45.64,-2.4293540884861224,-2.442973705650664,-0.7173550313681358,1.5608833164715334,0.49501741961415313
45.71,-2.4260642876069447,-2.440762982937679,-0.7158383658371219,1.5564443273731063,0.49702781449243016
45.78,-2.4227744867277665,-2.4385522602246943,-0.7143080381040611,1.552005338274679,0.49903820937070736
45.85,-2.419484685848589,-2.43634153751171,-0.7127642832810438,1.547566349176252,0.5010486042489845
45.92,-2.4161948849694106,-2.4341308147987246,-0.7112073364801605,1.5431273600778246,0.5030589991272616
45.99,-2.412905084090233,-2.43192009208574,-0.7096374328135021,1.5386883709793973,0.5050693940055386
46.06,-2.409615283211055,-2.4297093693727554,-0.708054807393159,1.53424938188097,0.5070797888838158
46.13,-2.4063254823318774,-2.42749864665977,-0.7064596953312218,1.5298103927825428,0.5090901837620929
46.2,-2.4030356814526996,-2.4252879239467857,-0.7048523317397812,1.5253714036841155,0.5111005786403701
46.27,-2.3997458805735215,-2.423077201233801,-0.7032329517309274,1.5209324145856884,0.5131109735186472
46.34,-2.3964560796943437,-2.420866478520816,-0.7016017904167513,1.5164934254872608,0.5151213683969244
46.41,-2.3931662788151664,-2.4186557558078317,-0.6999590829093436,1.5120544363888342,0.5171317632752013
46.48,-2.3898764779359887,-2.416445033094847,-0.6983050643207943,1.507615447290407,0.5191421581534783
46.55,-2.3865866770568105,-2.414234310381862,-0.6966399697631945,1.5031764581919798,0.5211525530317554
46.62,-2.3832968761776328,-2.412023587668877,-0.6949640343486346,1.4987374690935527,0.5231629479100326
46.69,-2.3800070752984546,-2.4098128649558923,-0.6932774931892051,1.494298479995125,0.5251733427883097
46.76,-2.376717274419277,-2.4076021422429075,-0.6915805813969969,1.489859490896698,0.5271837376665868
46.83,-2.373427473540099,-2.4053914195299226,-0.6898735340841001,1.4854205017982707,0.5291941325448639
46.9,-2.3701376726609213,-2.4031806968169382,-0.6881565863626055,1.4809815126998436,0.5312045274231411
46.97,-2.3668478717817436,-2.400969974103953,-0.6864299733446039,1.4765425236014162,0.5332149223014182
47.04,-2.363558070902566,-2.3987592513909686,-0.6846939301421855,1.472103534502989,0.5352253171796952
47.11,-2.3602682700233877,-2.3965485286779837,-0.6829486918674411,1.4676645454045616,0.5372357120579725
47.18,-2.35697846914421,-2.394337805964999,-0.6811944936324613,1.4632255563061345,0.5392461069362495
47.25,-2.353688668265032,-2.392127083252014,-0.6794315705493364,1.4587865672077074,0.5412565018145267
47.32,-2.3503988673858545,-2.3899163605390292,-0.6776601577301575,1.45434757810928,0.5432668966928038
47.39,-2.3471090665066763,-2.3877056378260444,-0.6758804902870146,1.449908589010853,0.5452772915710808
47.46,-2.3438192656274985,-2.3854949151130596,-0.6740928033319986,1.4454695999124254,0.547287686449358
47.53,-2.340529464748321,-2.3832841924000747,-0.6722973319772001,1.4410306108139983,0.5492980813276351
47.6,-2.337239663869143,-2.38107346968709,-0.6704943113347095,1.436591621715571,0.5513084762059122
47.67,-2.3339498629899653,-2.3788627469741055,-0.6686839765166173,1.4321526326171439,0.5533188710841894
47.74,-2.3306600621107876,-2.37665202426112,-0.6668665626350144,1.4277136435187165,0.5553292659624665
47.81,-2.32737026123161,-2.374441301548136,-0.6650423048019913,1.4232746544202894,0.5573396608407436
47.88,-2.324080460352431,-2.3722305788351505,-0.6632114381296383,1.418835665321862,0.5593500557190207
47.95,-2.320790659473254,-2.370019856122166,-0.6613741977300462,1.4143966762234348,0.5613604505972979
48.02,-2.3175008585940757,-2.3678091334091813,-0.6595308187153057,1.4099576871250075,0.563370845475575
48.09,-2.314211057714898,-2.3655984106961965,-0.6576815361975072,1.4055186980265804,0.5653812403538522
48.16,-2.3109212568357202,-2.363387687983212,-0.6558265852887413,1.4010797089281535,0.5673916352321291
48.23,-2.3076314559565425,-2.3611769652702272,-0.6539662011010984,1.3966407198297262,0.5694020301104061
48.3,-2.3043416550773648,-2.3589662425572424,-0.6521006187466694,1.392201730731299,0.5714124249886832
48.37,-2.301051854198187,-2.356755519844258,-0.6502300733375446,1.3877627416328717,0.5734228198669604
48.44,-2.2977620533190093,-2.3545447971312727,-0.6483547999858147,1.3833237525344446,0.5754332147452376
48.51,-2.2944722524398315,-2.3523340744182883,-0.6464750338035703,1.3788847634360173,0.5774436096235146
48.58,-2.2911824515606534,-2.350123351705303,-0.6445910099029019,1.37444577433759,0.5794540045017917
48.65,-2.2878926506814756,-2.3479126289923187,-0.6427029633959003,1.3700067852391626,0.5814643993800689
48.72,-2.284602849802298,-2.3457019062793334,-0.6408111293946557,1.3655677961407355,0.5834747942583459
48.79,-2.2813130489231197,-2.343491183566349,-0.6389157430112589,1.3611288070423082,0.5854851891366231
48.86,-2.2780232480439424,-2.341280460853364,-0.6370170393578004,1.356689817943881,0.5874955840149003
48.93,-2.274733447164764,-2.3390697381403793,-0.635115253546371,1.3522508288454536,0.5895059788931774
49.0,-2.2714436462855865,-2.3368590154273945,-0.633210620689061,1.3478118397470265,0.5915163737714545
49.07,-2.2681538454064087,-2.3346482927144097,-0.6313033758979613,1.3433728506485993,0.5935267686497316
49.14,-2.2648640445272306,-2.332437570001425,-0.629393754285162,1.338933861550172,0.5955371635280088
49.21,-2.261574243648053,-2.33022684728844,-0.6274819909627538,1.3344948724517447,0.5975475584062858
49.28,-2.258284442768875,-2.3280161245754556,-0.6255683210428277,1.3300558833533176,0.599557953284563
49.35,-2.2549946418896973,-2.3258054018624703,-0.6236529796374739,1.3256168942548903,0.6015683481628401
49.42,-2.251704841010519,-2.323594679149486,-0.6217362018587831,1.321177905156463,0.6035787430411172
49.49,-2.2484150401313414,-2.3213839564365006,-0.6198182228188456,1.3167389160580358,0.6055891379193943
49.56,-2.2451252392521637,-2.3191732337235162,-0.6178992776297525,1.3122999269596085,0.6075995327976715
49.63,-2.241835438372986,-2.3169625110105314,-0.615979601403594,1.3078609378611814,0.6096099276759486
49.7,-2.238545637493808,-2.3147517882975466,-0.6140594292524607,1.303421948762754,0.6116203225542257
49.77,-2.2352558366146305,-2.3125410655845617,-0.6121389962884434,1.2989829596643268,0.6136307174325029
49.84,-2.2319660357354523,-2.310330342871577,-0.6102185376236323,1.2945439705658994,0.6156411123107799
49.91,-2.228676234856275,-2.3081196201585925,-0.6082982883701185,1.2901049814674728,0.6176515071890568
49.98,-2.2253864339770972,-2.3059088974456072,-0.6063784836399921,1.2856659923690457,0.619661902067334
50.05,-2.2220966330979195,-2.303698174732623,-0.6044593585453439,1.2812270032706181,0.6216722969456111
50.12,-2.2188068322187413,-2.301487452019638,-0.6025411481982643,1.2767880141721908,0.6236826918238881
50.19,-2.2155170313395636,-2.299276729306653,-0.600624087710844,1.2723490250737637,0.6256930867021653
50.26,-2.212227230460386,-2.2970660065936683,-0.5987084121951737,1.2679100359753366,0.6277034815804424
50.33,-2.208937429581208,-2.2948552838806835,-0.5967943567633438,1.2634710468769093,0.6297138764587196
50.4,-2.20564762870203,-2.2926445611676987,-0.5948821565274451,1.2590320577784821,0.6317242713369967
50.47,-2.202357827822852,-2.290433838454714,-0.5929720465995676,1.2545930686800546,0.6337346662152739
50.54,-2.1990680269436744,-2.288223115741729,-0.5910642620918025,1.2501540795816275,0.6357450610935509
50.61,-2.1957782260644962,-2.2860123930287446,-0.5891590381162402,1.2457150904832004,0.637755455971828
50.68,-2.1924884251853185,-2.2838016703157598,-0.5872566097849711,1.241276101384773,0.6397658508501052
50.75,-2.1891986243061408,-2.281590947602775,-0.5853572122100862,1.2368371122863457,0.6417762457283822
50.82,-2.185908823426963,-2.27938022488979,-0.5834610805036756,1.2323981231879184,0.6437866406066595
50.89,-2.182619022547785,-2.2771695021768052,-0.58156844977783,1.2279591340894913,0.6457970354849365
50.96,-2.179329221668607,-2.2749587794638204,-0.57967955514464,1.223520144991064,0.6478074303632135
51.03,-2.1760394207894294,-2.2727480567508356,-0.5777946317161963,1.2190811558926367,0.6498178252414908
51.1,-2.1727496199102516,-2.270537334037851,-0.5759139146045893,1.2146421667942096,0.6518282201197679
51.17,-2.1694598190310734,-2.2683266113248663,-0.5740376389219098,1.2102031776957825,0.6538386149980451
51.24,-2.166170018151896,-2.2661158886118815,-0.572166039780248,1.205764188597355,0.6558490098763222
51.31,-2.162880217272718,-2.2639051658988967,-0.5702993522916951,1.2013251994989278,0.6578594047545993
51.38,-2.15959041639354,-2.261694443185912,-0.5684378115683412,1.1968862104005005,0.6598697996328764
51.45,-2.156300615514362,-2.259483720472927,-0.5665816527222769,1.1924472213020734,0.6618801945111535
51.52,-2.1530108146351847,-2.257272997759942,-0.5647311108655928,1.188008232203646,0.6638905893894307
51.59,-2.1497210137560065,-2.2550622750469573,-0.5628864211103795,1.183569243105219,0.6659009842677077
51.66,-2.1464312128768293,-2.252851552333973,-0.5610478185687278,1.1791302540067918,0.6679113791459846
51.73,-2.143141411997651,-2.2506408296209877,-0.5592155383527279,1.1746912649083647,0.6699217740242618
51.8,-2.1398516111184733,-2.2484301069080033,-0.5573898155744704,1.1702522758099376,0.6719321689025389
51.87,-2.1365618102392956,-2.2462193841950184,-0.5555708853460463,1.1658132867115103,0.6739425637808161
51.94,-2.133272009360118,-2.2440086614820336,-0.5537589827795459,1.1613742976130828,0.6759529586590932
52.01,-2.12998220848094,-2.2417979387690488,-0.5519543429870596,1.1569353085146556,0.6779633535373703
52.08,-2.126692407601762,-2.239587216056064,-0.5501572010806782,1.1524963194162285,0.6799737484156474
52.15,-2.123402606722584,-2.2373764933430795,-0.5483677921724924,1.1480573303178012,0.6819841432939245
52.22,-2.1201128058434064,-2.2351657706300943,-0.5465863513745924,1.1436183412193741,0.6839945381722016
52.29,-2.1168230049642287,-2.23295504791711,-0.544813113799069,1.1391793521209468,0.6860049330504787
52.36,-2.1135332040850505,-2.2307443252041246,-0.5430483145580128,1.1347403630225195,0.6880153279287559
52.43,-2.110243403205873,-2.22853360249114,-0.5412921887635144,1.1303013739240924,0.6900257228070329
52.5,-2.106953602326695,-2.226322879778155,-0.5395449715276643,1.125862384825665,0.6920361176853101
52.57,-2.1036638014475173,-2.2241121570651705,-0.537806897962553,1.1214233957272377,0.6940465125635872
52.64,-2.100374000568339,-2.2219014343521857,-0.5360782031802712,1.1169844066288106,0.6960569074418643
52.71,-2.097084199689162,-2.219690711639201,-0.5343591222929096,1.1125454175303833,0.6980673023201415
52.78,-2.0937943988099836,-2.217479988926216,-0.5326498904125584,1.108106428431956,0.7000776971984186
52.85,-2.090504597930806,-2.2152692662132316,-0.5309507426513086,1.1036674393335286,0.7020880920766956
52.92,-2.0872147970516277,-2.2130585435002463,-0.5292619141212502,1.0992284502351015,0.7040984869549729
52.99,-2.08392499617245,-2.2108478207872615,-0.5275836399344745,1.0947894611366744,0.7061088818332499
53.06,-2.0806351952932727,-2.2086370980742767,-0.5259161552030718,1.090350472038247,0.7081192767115271
53.13,-2.0773453944140945,-2.2064263753612923,-0.5242596950391322,1.0859114829398195,0.7101296715898042
53.2,-2.0740555935349163,-2.204215652648307,-0.5226144945547468,1.0814724938413924,0.7121400664680813
53.27,-2.0780332548936897,-2.2048643752945143,-0.5209807312740286,1.0770335047429653,0.7141504613463584
53.34,-2.0820109162524627,-2.2055130979407207,-0.5193583523691797,1.072594515644538,0.7161608562246355
53.41,-2.0859885776112352,-2.2061618205869276,-0.5177472474244249,1.0681555265461113,0.7181712511029126
53.48,-2.0899662389700087,-2.2068105432331344,-0.5161473060239888,1.063716537447684,0.7201816459811896
53.55,-2.093943900328782,-2.207459265879341,-0.5145584177520961,1.0592775483492567,0.7221920408594666
53.62,-2.097921561687555,-2.2081079885255477,-0.5129804721929717,1.0548385592508296,0.7242024357377438
53.69,-2.1018992230463285,-2.2087567111717545,-0.5114133589308403,1.0503995701524023,0.7262128306160209
53.76,-2.1058768844051015,-2.209405433817961,-0.5098569675499265,1.045960581053975,0.7282232254942982
53.83,-2.1098545457638744,-2.210054156464168,-0.5083111876344548,1.0415215919555476,0.7302336203725752
53.9,-2.1138322071226474,-2.2107028791103747,-0.5067759087686504,1.0370826028571205,0.7322440152508523
53.97,-2.117809868481421,-2.211351601756581,-0.5052510205367376,1.0326436137586932,0.7342544101291295
54.04,-2.121787529840194,-2.2120003244027884,-0.5037364125229413,1.0282046246602659,0.7362648050074065
54.11,-2.125765191198967,-2.212649047048995,-0.5022319743114861,1.0237656355618387,0.7382751998856837
54.18,-2.12974285255774,-2.2132977696952016,-0.500737595486597,1.0193266464634114,0.7402855947639608
54.25,-2.133720513916513,-2.2139464923414085,-0.49925316563249833,1.0148876573649843,0.742295989642238
54.32,-2.1376981752752866,-2.214595214987615,-0.49777857433341494,1.010448668266557,0.744306384520515
54.39,-2.1416758366340596,-2.215243937633822,-0.49631371117357165,1.0060096791681297,0.7463167793987922
54.46,-2.1456534979928326,-2.2158926602800286,-0.494858465737193,1.0015706900697026,0.7483271742770692
54.53,-2.149631159351606,-2.2165413829262355,-0.49341272760850385,0.9971317009712752,0.7503375691553464
54.6,-2.153608820710379,-2.2171901055724423,-0.4919763863717288,0.992692711872848,0.7523479640336236
54.67,-2.157586482069152,-2.2178388282186488,-0.4905493316110926,0.9882537227744209,0.7543583589119006
54.74,-2.1615641434279254,-2.2184875508648556,-0.48913145291082005,0.9838147336759935,0.7563687537901778
54.81,-2.1655418047866983,-2.2191362735110625,-0.48772263985513564,0.9793757445775664,0.7583791486684549
54.88,-2.1695194661454718,-2.219784996157269,-0.4863227820282643,0.9749367554791389,0.7603895435467319
54.95,-2.1734971275042447,-2.220433718803476,-0.4849317690144307,0.9704977663807117,0.7623999384250092
55.02,-2.1774747888630177,-2.2210824414496826,-0.4835494903978593,0.9660587772822845,0.7644103333032862
55.09,-2.181452450221791,-2.2217311640958894,-0.48217583576277523,0.9616197881838572,0.7664207281815634
55.16,-2.1854301115805637,-2.222379886742096,-0.48081069469340304,0.9571807990854305,0.7684311230598402
55.23,-2.1894077729393366,-2.2230286093883027,-0.4794539567739673,0.9527418099870032,0.7704415179381174
55.3,-2.19338543429811,-2.2236773320345096,-0.4781055115886927,0.948302820888576,0.7724519128163946
55.37,-2.197363095656883,-2.2243260546807164,-0.4767652487218041,0.9438638317901488,0.7744623076946716
55.44,-2.2013407570156565,-2.224974777326923,-0.4754330577575261,0.9394248426917214,0.7764727025729488
55.51,-2.2053184183744294,-2.22562349997313,-0.47410882828008355,0.9349858535932942,0.7784830974512259
55.58,-2.2092960797332024,-2.2262722226193365,-0.472792449873701,0.9305468644948671,0.7804934923295029
55.65,-2.213273741091976,-2.2269209452655434,-0.47148381212260343,0.9261078753964397,0.7825038872077802
55.72,-2.217251402450749,-2.22756966791175,-0.4701828046110153,0.9216688862980126,0.7845142820860573
55.79,-2.221229063809522,-2.2282183905579567,-0.4688893169231612,0.9172298971995851,0.7865246769643344
55.86,-2.225206725168295,-2.2288671132041635,-0.4676032386432663,0.912790908101158,0.7885350718426115
55.93,-2.229184386527068,-2.2295158358503704,-0.4663244593555549,0.9083519190027307,0.7905454667208885
56.0,-2.2331620478858416,-2.230164558496577,-0.46505286864425177,0.9039129299043035,0.7925558615991658
56.07,-2.2371397092446146,-2.2308132811427837,-0.46378835609358177,0.8994739408058762,0.794566256477443
56.14,-2.241117370603388,-2.23146200378899,-0.46253081128776957,0.8950349517074491,0.79657665135572
56.21,-2.245095031962161,-2.232110726435197,-0.4612801238110398,0.8905959626090217,0.798587046233997
56.28,-2.249072693320934,-2.232759449081404,-0.46003618324761714,0.8861569735105945,0.8005974411122743
56.35,-2.2530503546797074,-2.2334081717276106,-0.45879887918172646,0.8817179844121673,0.8026078359905513
56.42,-2.25702801603848,-2.2340568943738175,-0.4575681011975924,0.87727899531374,0.8046182308688286
56.49,-2.2610056773972533,-2.2347056170200243,-0.45634373887943963,0.8728400062153128,0.8066286257471056
56.56,-2.2649833387560263,-2.2353543396662308,-0.4551256818114928,0.8684010171168856,0.8086390206253827
56.63,-2.2689610001147997,-2.2360030623124376,-0.4539138195779769,0.8639620280184582,0.8106494155036599
56.7,-2.2729386614735727,-2.2366517849586445,-0.45270804176311635,0.859523038920031,0.8126598103819369
56.77,-2.2769163228323457,-2.237300507604851,-0.4515082379511359,0.8550840498216037,0.8146702052602139
56.84,-2.280893984191119,-2.2379492302510577,-0.45031429772626036,0.8506450607231765,0.8166806001384913
56.91,-2.2848716455498916,-2.2385979528972646,-0.4491261106727145,0.8462060716247497,0.818690995016768
56.98,-2.288849306908665,-2.2392466755434715,-0.4479435663747228,0.8417670825263224,0.8207013898950453
57.05,-2.292826968267438,-2.239895398189678,-0.44676655441651014,0.8373280934278953,0.8227117847733223
57.12,-2.2968046296262115,-2.2405441208358843,-0.4455949643823012,0.8328891043294679,0.8247221796515996
57.19,-2.3007822909849844,-2.2411928434820916,-0.4444286858563207,0.8284501152310407,0.8267325745298767
57.26,-2.3047599523437574,-2.2418415661282984,-0.4432676084227932,0.8240111261326136,0.8287429694081537
57.33,-2.308737613702531,-2.242490288774505,-0.4421116216659436,0.8195721370341862,0.8307533642864309
57.4,-2.3127152750613034,-2.2431390114207117,-0.4409606151699966,0.8151331479357591,0.8327637591647079
57.47,-2.316692936420077,-2.2437877340669186,-0.43981447851917677,0.8106941588373318,0.8347741540429849
57.54,-2.32067059777885,-2.2444364567131254,-0.438673101297709,0.8062551697389045,0.8367845489212623
57.61,-2.324648259137623,-2.2450851793593323,-0.4375363730898179,0.8018161806404772,0.8387949437995393
57.68,-2.328625920496396,-2.2457339020055387,-0.4364041834797281,0.79737719154205,0.8408053386778164
57.75,-2.332603581855169,-2.2463826246517455,-0.43527642205166445,0.7929382024436227,0.8428157335560935
57.82,-2.3365812432139426,-2.247031347297952,-0.43415297838985156,0.7884992133451956,0.8448261284343707
57.89,-2.340558904572716,-2.247680069944159,-0.43303374207851414,0.7840602242467681,0.8468365233126478
57.96,-2.344536565931489,-2.2483287925903657,-0.43191860270187704,0.779621235148341,0.848846918190925
58.03,-2.348514227290262,-2.2489775152365725,-0.4308074498441649,0.7751822460499137,0.8508573130692021
58.1,-2.352491888649035,-2.2496262378827794,-0.42970017308960246,0.7707432569514865,0.8528677079474791
58.17,-2.3564695500078083,-2.2502749605289862,-0.42859666202241425,0.7663042678530593,0.8548781028257563
58.24,-2.3604472113665818,-2.250923683175193,-0.4274968062268251,0.7618652787546321,0.8568884977040333
58.31,-2.3644248727253547,-2.2515724058213995,-0.42640049528705987,0.7574262896562047,0.8588988925823107
58.38,-2.3684025340841277,-2.252221128467606,-0.425307618787343,0.7529873005577775,0.8609092874605877
58.45,-2.3723801954429007,-2.2528698511138128,-0.42421806631189934,0.7485483114593503,0.8629196823388647
58.52,-2.376357856801674,-2.2535185737600196,-0.4231317274449537,0.744109322360923,0.8649300772171419
58.59,-2.3803355181604475,-2.2541672964062265,-0.42204849177073056,0.7396703332624958,0.866940472095419
58.66,-2.38431317951922,-2.254816019052433,-0.4209682488734549,0.7352313441640689,0.868950866973696
58.73,-2.388290840877993,-2.2554647416986398,-0.4198908883373511,0.7307923550656418,0.8709612618519731
58.8,-2.3922685022367665,-2.2561134643448466,-0.4188162997466442,0.7263533659672143,0.8729716567302501
58.87,-2.3962461635955394,-2.256762186991053,-0.41774437268555864,0.7219143768687872,0.8749820516085273
58.94,-2.4002238249543124,-2.25741090963726,-0.41667499673831926,0.7174753877703599,0.8769924464868043
59.01,-2.4042014863130854,-2.2580596322834667,-0.41560806148915075,0.7130363986719327,0.8790028413650817
59.08,-2.408179147671859,-2.2587083549296736,-0.414543456522278,0.7085974095735055,0.8810132362433587
59.15,-2.4121568090306322,-2.2593570775758804,-0.41348107142192536,0.7041584204750783,0.8830236311216357
59.22,-2.416134470389405,-2.260005800222087,-0.41242079577231777,0.699719431376651,0.8850340259999129
59.29,-2.420112131748178,-2.2606545228682937,-0.41136251915767996,0.6952804422782237,0.88704442087819
59.36,-2.424089793106951,-2.2613032455145006,-0.4103061311622364,0.6908414531797966,0.889054815756467
59.43,-2.428067454465724,-2.261951968160707,-0.40925152137021215,0.6864024640813692,0.8910652106347443
59.5,-2.432045115824498,-2.262600690806914,-0.4081985793658318,0.6819634749829421,0.8930756055130215
59.57,-2.4360227771832705,-2.2632494134531207,-0.40714719473331984,0.6775244858845146,0.8950860003912985
59.64,-2.440000438542044,-2.2638981360993276,-0.40609725705690125,0.6730854967860875,0.8970963952695756
59.71,-2.443978099900817,-2.2645468587455344,-0.40504865592080047,0.6686465076876602,0.8991067901478527
59.78,-2.44795576125959,-2.265195581391741,-0.40400128090924264,0.664207518589233,0.9011171850261299
59.85,-2.4519334226183633,-2.2658443040379477,-0.4029550216064522,0.6597685294908057,0.9031275799044071
59.92,-2.4559110839771363,-2.2664930266841545,-0.40190976759665364,0.6553295403923786,0.9051379747826841
59.99,-2.4598887453359097,-2.2671417493303614,-0.4008654084640721,0.6508905512939511,0.9071483696609612
60.06,-2.4638664066946827,-2.267790471976568,-0.39982183379293207,0.646451562195524,0.9091587645392383
60.13,-2.4678440680534557,-2.2684391946227747,-0.3987789331674582,0.6420125730970968,0.9111691594175154
60.2,-2.471821729412229,-2.2690879172689815,-0.3977365961718753,0.6375735839986695,0.9131795542957927
60.27,-2.475799390771002,-2.2697366399151884,-0.3966947123904081,0.6331345949002423,0.9151899491740697
60.34,-2.4797770521297755,-2.2703853625613952,-0.39565317140728123,0.628695605801815,0.9172003440523468
60.41,-2.483754713488548,-2.2710340852076016,-0.3946118628067195,0.6242566167033883,0.9192107389306237
60.48,-2.487732374847321,-2.2716828078538085,-0.3935706761729476,0.6198176276049608,0.9212211338089009
60.55,-2.4917100362060944,-2.2723315305000154,-0.3925295010901901,0.6153786385065337,0.9232315286871781
60.62,-2.4956876975648674,-2.2729802531462218,-0.3914882271426718,0.6109396494081064,0.9252419235654551
60.69,-2.4996653589236404,-2.273628975792428,-0.39044674391461753,0.6065006603096792,0.9272523184437321
60.76,-2.503643020282414,-2.2742776984386355,-0.38940494099025175,0.602061671211252,0.9292627133220094
60.83,-2.507620681641187,-2.274926421084842,-0.38836270795379935,0.5976226821128248,0.9312731082002864
60.9,-2.51159834299996,-2.275575143731049,-0.3873199343894851,0.5931836930143974,0.9332835030785637
60.97,-2.515576004358733,-2.2762238663772556,-0.38627650988153356,0.5887447039159702,0.9352938979568407
61.04,-2.519553665717506,-2.276872589023462,-0.3852323240141694,0.584305714817543,0.9373042928351178
61.11,-2.523531327076279,-2.277521311669669,-0.3841872663716176,0.5798667257191157,0.939314687713395
61.18,-2.5275089884350526,-2.2781700343158757,-0.38314122653810256,0.5754277366206886,0.941325082591672
61.25,-2.531486649793826,-2.2788187569620826,-0.3820940940978491,0.5709887475222613,0.9433354774699491
61.32,-2.535464311152599,-2.279467479608289,-0.38104575863508205,0.566549758423834,0.9453458723482264
61.39,-2.5394419725113715,-2.280116202254496,-0.37999610973402603,0.5621107693254067,0.9473562672265035
61.46,-2.543419633870145,-2.2807649249007027,-0.3789450369789056,0.5576717802269795,0.9493666621047805
61.53,-2.5473972952289183,-2.2814136475469096,-0.3778924299539458,0.5532327911285522,0.9513770569830576
61.6,-2.5513749565876918,-2.2820623701931164,-0.37683817824337096,0.5487938020301251,0.9533874518613348
61.67,-2.5553526179464647,-2.2827110928393233,-0.3757821714314062,0.5443548129316976,0.955397846739612
61.74,-2.5593302793052373,-2.2833598154855297,-0.3747242991022759,0.5399158238332705,0.9574082416178891
61.81,-2.5633079406640107,-2.2840085381317365,-0.3736644508402049,0.5354768347348432,0.9594186364961661
61.88,-2.567285602022784,-2.284657260777943,-0.3726025162294179,0.531037845636416,0.9614290313744434
61.95,-2.5712632633815575,-2.2853059834241503,-0.3715383848541394,0.5265988565379887,0.9634394262527204
62.02,-2.57524092474033,-2.2859547060703567,-0.37047194629859465,0.5221598674395616,0.9654498211309974
62.09,-2.5792185860991035,-2.2866034287165635,-0.36940309014700784,0.5177208783411341,0.9674602160092748
62.16,-2.560923887565653,-2.2860412590018613,-0.3683317059836039,0.5132818892427075,0.9694706108875515
62.23,-2.5426291890322004,-2.2854790892871586,-0.36725768339260756,0.5088429001442802,0.9714810057658287
62.3,-2.524334490498748,-2.2849169195724564,-0.3661809119582434,0.5044039110458529,0.9734914006441058
62.37,-2.506039791965295,-2.284354749857754,-0.36510128126473623,0.49996492194742564,0.975501795522383
62.44,-2.4877450934318426,-2.2837925801430514,-0.36401868089631073,0.4955259328489984,0.9775121904006601
62.51,-2.46945039489839,-2.283230410428349,-0.36293300043719157,0.49108694375057127,0.9795225852789372
62.58,-2.4511556963649372,-2.2826682407136465,-0.3618441294716036,0.486647954652144,0.9815329801572144
62.65,-2.432860997831485,-2.2821060709989442,-0.3607519575837714,0.48220896555371673,0.9835433750354914
62.72,-2.4145662992980323,-2.281543901284242,-0.35965637435791964,0.47776997645528946,0.9855537699137684
62.79,-2.39627160076458,-2.2809817315695398,-0.35855726937827315,0.4733309873568623,0.9875641647920458
62.86,-2.3779769022311275,-2.280419561854837,-0.3574545322290566,0.468891998258435,0.9895745596703228
62.93,-2.3596822036976746,-2.2798573921401344,-0.35634805249449464,0.4644530091600077,0.9915849545485999
63.0,-2.341387505164222,-2.279295222425432,-0.35523771975881213,0.46001402006158043,0.993595349426877
63.07,-2.3230928066307692,-2.27873305271073,-0.35412342360623367,0.4555750309631532,0.9956057443051541
63.14,-2.304798108097317,-2.2781708829960277,-0.35300505362098394,0.451136041864726,0.9976161391834312
63.21,-2.2865034095638648,-2.277608713281325,-0.3518824993872877,0.44669705276629873,0.9996265340617084
63.28,-2.268208711030412,-2.2770465435666223,-0.35075565048936963,0.4422580636678715,1.0016369289399856
63.35,-2.2499140124969594,-2.27648437385192,-0.3496243965114546,0.43781907456944424,1.0036473238182626
63.42,-2.2316193139635065,-2.275922204137218,-0.3484886270377671,0.433380085471017,1.0056577186965396
63.49,-2.213324615430054,-2.2753600344225156,-0.3473482316525319,0.4289410963725897,1.007668113574817
63.56,-2.1950299168966017,-2.2747978647078124,-0.34620309993997384,0.4245021072741625,1.009678508453094
63.63,-2.1767352183631488,-2.2742356949931106,-0.3450531214843174,0.4200631181757353,1.0116889033313712
63.7,-2.1584405198296963,-2.273673525278408,-0.3438981858697874,0.415624129077308,1.0136992982096482
63.77,-2.140145821296244,-2.2731113555637057,-0.34273818268060874,0.4111851399788808,1.0157096930879252
63.84,-2.1218511227627914,-2.2725491858490035,-0.3415730015010057,0.4067461508804535,1.0177200879662025
63.91,-2.1035564242293403,-2.2719870161343008,-0.34040253191520353,0.4023071617820267,1.0197304828444793
63.98,-2.0852617256958883,-2.2714248464195985,-0.3392266635074266,0.3978681726835995,1.0217408777227566
64.05,-2.066967027162436,-2.2708626767048963,-0.3380452858618997,0.3934291835851722,1.0237512726010336
64.12,-2.048672328628981,-2.2703005069901936,-0.33685828856284716,0.3889901944867445,1.0257616674793109
64.19,-2.0303776300955305,-2.2697383372754913,-0.3356655611944944,0.3845512053883177,1.027772062357588
64.26,-2.012082931562076,-2.2691761675607887,-0.3344669933410655,0.38011221628989,1.0297824572358651
64.33,-1.9937882330286252,-2.268613997846086,-0.3332624745867858,0.3756732271914632,1.0317928521141422
64.4,-1.975493534495171,-2.2680518281313837,-0.33205189451587935,0.37123423809303546,1.0338032469924194
64.47,-1.95719883596172,-2.2674896584166815,-0.33083514271257153,0.3667952489946087,1.0358136418706962
64.54,-1.9389041374282656,-2.2669274887019792,-0.32961210876108626,0.36235625989618103,1.0378240367489735
64.61,-1.9206094388948152,-2.2663653189872766,-0.32838268224564904,0.3579172707977542,1.0398344316272505
64.68,-1.9023147403613605,-2.2658031492725743,-0.32714675275048394,0.35347828169932655,1.041844826505528
64.75,-1.88402004182791,-2.265240979557872,-0.3259042098598161,0.3490392926008997,1.0438552213838048
64.82,-1.8657253432944592,-2.2646788098431694,-0.32465494315787025,0.3446003035024729,1.0458656162620816
64.89,-1.8474306447610047,-2.264116640128467,-0.32339884222887055,0.34016131440404523,1.047876011140359
64.96,-1.829135946227554,-2.263554470413765,-0.32213579665704245,0.3357223253056184,1.0498864060186361
65.03,-1.8108412476940996,-2.2629923006990618,-0.32086569602660986,0.33128333620719075,1.0518968008969132
65.1,-1.792546549160649,-2.2624301309843595,-0.31958842992179837,0.32684434710876387,1.0539071957751902
65.17,-1.7742518506271945,-2.2618679612696573,-0.3183038879268319,0.32240535801033626,1.0559175906534677
65.24,-1.7559571520937438,-2.261305791554955,-0.31701195962593576,0.31796636891190944,1.0579279855317443
65.31,-1.7376624535602894,-2.260743621840253,-0.3157125346033342,0.3135273798134817,1.0599383804100218
65.38,-1.7193677550268387,-2.26018145212555,-0.3144055024432525,0.309088390715055,1.0619487752882988
65.45,-1.7010730564933845,-2.259619282410848,-0.31309075272991455,0.30464940161662724,1.063959170166576
65.52,-1.6827783579599334,-2.259057112696145,-0.3117681750475459,0.30021041251820046,1.0659695650448529
65.59,-1.6644836594264791,-2.258494942981443,-0.3104376589803706,0.2957714234197727,1.0679799599231303
65.66,-1.6461889608930285,-2.2579327732667407,-0.3090990941126139,0.291332434321346,1.0699903548014074
65.73,-1.6278942623595738,-2.257370603552038,-0.30775237002849987,0.28689344522291826,1.0720007496796844
65.8,-1.6095995638261233,-2.2568084338373358,-0.306397376312254,0.28245445612449144,1.0740111445579614
65.87,-1.591304865292669,-2.256246264122633,-0.30503400254810037,0.2780154670260637,1.0760215394362387
65.94,-1.5730101667592182,-2.255684094407931,-0.30366213832026406,0.27357647792763695,1.0780319343145157
66.01,-1.5547154682257638,-2.2551219246932286,-0.3022816732129694,0.26913748882920924,1.080042329192793
66.08,-1.5364207696923131,-2.2545597549785263,-0.30089249681044167,0.26469849973078247,1.08205272407107
66.15,-1.518126071158859,-2.2539975852638237,-0.2994944986969049,0.2602595106323548,1.0840631189493473
66.22,-1.4998313726254078,-2.2534354155491214,-0.29808756845658446,0.2558205215339279,1.0860735138276243
66.29,-1.4815366740919536,-2.2528732458344187,-0.2966715956737045,0.25138153243550027,1.0880839087059013
66.36,-1.4632419755585029,-2.2523110761197165,-0.29524646993249026,0.24694254333707347,1.0900943035841784
66.43,-1.4449472770250482,-2.251748906405014,-0.2938120808171659,0.2425035542386458,1.0921046984624558
66.5,-1.4266525784915978,-2.2511867366903116,-0.29236831791195667,0.23806456514021893,1.0941150933407326
66.57,-1.4083578799581469,-2.218157567456811,-0.290915070801087,0.23362557604179218,1.0961254882190097
66.64,-1.3900631814246927,-2.1851283982233043,-0.2894522290687812,0.2291865869433645,1.098135883097287
66.71,-1.371768482891242,-2.1520992289898038,-0.28797968229926485,0.2247475978449377,1.1001462779755637
66.78,-1.3534737843577873,-2.1190700597562966,-0.2864973200767619,0.22030860874650998,1.102156672853841
66.85,-1.3351790858243369,-2.086040890522796,-0.28500503198549765,0.2158696196480832,1.104167067732118
66.92,-1.3168843872908824,-2.0530117212892893,-0.2835027076096962,0.2114306305496555,1.1061774626103953
66.99,-1.2985896887574317,-2.019982552055789,-0.28199023653358285,0.20699164145122867,1.1081878574886723
67.06,-1.280294990223977,-1.9869533828222814,-0.28046750834138184,0.20255265235280098,1.1101982523669496
67.13,-1.2620002916905264,-1.9539242135887813,-0.2789344126173182,0.19811366325437418,1.1122086472452266
67.2,-1.2437055931570722,-1.9208950443552741,-0.27739083894561634,0.19367467415594647,1.1142190421235036
67.27,-1.2254108946236213,-1.8878658751217736,-0.27583667691050145,0.1892356850575197,1.1162294370017807
67.34,-1.207116196090167,-1.8548367058882667,-0.27427181609619766,0.18479669595909198,1.1182398318800582
67.41,-1.1888214975567162,-1.8218075366547661,-0.27269614608693027,0.18035770686066518,1.1202502267583352
67.48,-1.1705267990232617,-1.7887783674212592,-0.27110955646692325,0.17591871776223747,1.1222606216366122
67.55,-1.1522321004898113,-1.7557491981877589,-0.26951193682040214,0.17147972866381073,1.1242710165148893
67.62,-1.1339374019563568,-1.7227200289542517,-0.267903176731591,0.167040739565383,1.1262814113931667
67.69,-1.115642703422906,-1.6896908597207512,-0.26628316578471506,0.16260175046695619,1.1282918062714435
67.76,-1.0973480048894515,-1.656661690487244,-0.26465179356399837,0.15816276136852853,1.1303022011497208
67.83,-1.079053306356001,-1.6236325212537437,-0.26300894965366645,0.1537237722701017,1.1323125960279978
67.9,-1.0607586078225464,-1.5906033520202365,-0.2613545236379433,0.149284783171674,1.134322990906275
67.97,-1.0424639092890957,-1.557574182786736,-0.2596884051010542,0.1448457940732472,1.136333385784552
68.04,-1.0241692107556415,-1.5245450135532292,-0.25801048362722323,0.1404068049748195,1.1383437806628294
68.11,-1.0058745122221906,-1.4915158443197287,-0.2563206488006758,0.1359678158763927,1.1403541755411062
68.18,-0.9875798136887362,-1.4584866750862215,-0.2546187902056359,0.13152882677796499,1.1423645704193837
68.25,-0.9692851151552856,-1.4254575058527215,-0.252904797426329,0.12708983767953821,1.1443749652976605
68.32,-0.9509904166218349,-1.392428336619221,-0.25117856004697936,0.12265084858111142,1.1463853601759373
68.39,-0.9326957180883804,-1.3593991673857138,-0.2494399676518116,0.1182118594826837,1.1483957550542145
68.46,-0.9144010195549298,-1.3263699981522135,-0.24768890982505073,0.1137728703842569,1.1504061499324916
68.53,-0.8961063210214754,-1.2933408289187063,-0.24592527615092102,0.10933388128582924,1.152416544810769
68.6,-0.8778116224880246,-1.2603116596852058,-0.24414895621364782,0.10489489218740244,1.1544269396890459
68.67,-0.8595169239545701,-1.2272824904516986,-0.2423598395974552,0.10045590308897474,1.1564373345673231
68.74,-0.8412222254211195,-1.1942533212181983,-0.24055781588656852,0.09601691399054793,1.1584477294456001
68.81,-0.822927526887665,-1.1612241519846913,-0.23874277466521174,0.09157792489212024,1.1604581243238774
68.88,-0.8046328283542143,-1.1281949827511908,-0.2369146055176103,0.08713893579369344,1.1624685192021544
68.95,-0.7863381298207599,-1.0951658135176838,-0.2350731980279882,0.08269994669526573,1.1644789140804317
69.02,-0.7680434312873092,-1.0621366442841833,-0.23321844178057094,0.07826095759683893,1.1664893089587085
69.09,-0.7497487327538548,-1.0291074750506761,-0.23135022635958244,0.07382196849841124,1.168499703836986
69.16,-0.7314540342204041,-0.9960783058171758,-0.22946844134924815,0.06938297939998443,1.170510098715263
69.23,-0.7131593356869497,-0.9630491365836689,-0.22757297633379198,0.06494399030155674,1.17252049359354
69.3,-0.694864637153499,-0.9300199673501683,-0.22566372089743955,0.060505001203129946,1.174530888471817
69.37,-0.6765699386200446,-0.8969907981166613,-0.22374056462441472,0.05606601210470225,1.1765412833500946
69.44,-0.6582752400865939,-0.8639616288831609,-0.22180339709894287,0.05162702300627545,1.1785516782283714
69.51,-0.6399805415531394,-0.8309324596496538,-0.21985210790524812,0.047188033907847746,1.1805620731066486
69.58,-0.6216858430196888,-0.7979032904161535,-0.21788658662755578,0.04274904480942095,1.1825724679849257
69.65,-0.6033911444862343,-0.7648741211826462,-0.2159067228500899,0.03831005571099325,1.184582862863203
69.72,-0.5850964459527837,-0.7318449519491459,-0.2139124061570759,0.03387106661256647,1.1865932577414797
69.79,-0.5668017474193292,-0.6988157827156387,-0.21190352613273783,0.02943207751413876,1.1886036526197572
69.86,-0.5485070488858785,-0.6657866134821384,-0.20987997236130104,0.02499308841571196,1.190614047498034
69.93,-0.5302123503524241,-0.6327574442486313,-0.2078416344269895,0.020554099317284254,1.1926244423763113
70.0,-0.5119176518189734,-0.5997282750151308,-0.20578840191402875,0.016115110218857462,1.1946348372545883
70.07,-0.4936229532855227,-0.5666991057816305,-0.2037201644066431,0.011676121120430663,1.196645232132865
70.14,-0.4753282547520683,-0.5336699365481234,-0.20163681148905688,0.007237132022002969,1.1986556270111424
70.21,-0.4570335562186176,-0.500640767314623,-0.19953823274549548,0.0027981429235761704,1.2006660218894194
70.28,-0.4387388576851631,-0.46761159808111585,-0.19742431776018285,-0.0016408461748515304,1.2026764167676969
70.35,-0.4204441591517124,-0.43458242884761544,-0.19529495611734465,-0.006079835273278322,1.204686811645974
70.42,-0.40214946061825807,-0.4015532596141084,-0.19315003740120457,-0.01051882437170603,1.206697206524251
70.49,-0.3838547620848073,-0.36852409038060807,-0.19098945119598823,-0.014957813470132825,1.208707601402528
70.56,-0.3655600635513529,-0.33549492114710094,-0.18881308708591957,-0.019396802568560526,1.2107179962808052
70.63,-0.34726536501790223,-0.3024657519136005,-0.18662083465522408,-0.023835791666987325,1.2127283911590823
70.7,-0.3289706664844478,-0.2694365826800934,-0.18441258348812561,-0.028274780765415022,1.2147387860373595
70.77,-0.31067596795099706,-0.23640741344659302,-0.18218822316884983,-0.032713769863841814,1.2167491809156366
70.84,-0.29238126941754267,-0.20337824421308592,-0.17994764328162038,-0.03715275896226952,1.2187595757939138
70.91,-0.27408657088409194,-0.17034907497958554,-0.17769073341066308,-0.041591748060696314,1.2207699706721906
70.98,-0.26047087650194045,-0.15955357455852195,-0.17541748088785775,-0.03738480595238965,1.2208505303852093
71.05,-0.24685518211979182,-0.14875807413746053,-0.17312826403571094,-0.033177863844083846,1.220931090098228
71.12,-0.23323948773764036,-0.13796257371639692,-0.1708235589243833,-0.028970921735777182,1.2210116498112464
71.19,-0.21962379335549173,-0.12716707329533555,-0.16850384162403773,-0.02476397962747138,1.2210922095242653
71.26,-0.20600809897334024,-0.11637157287427193,-0.16616958820483474,-0.020557037519164715,1.221172769237284
71.33,-0.19239240459119158,-0.10557607245321052,-0.1638212747369371,-0.01635009541085891,1.2212533289503027
71.4,-0.17877671020904012,-0.09478057203214693,-0.16145937729050575,-0.012143153302552247,1.2213338886633214
71.47,-0.16516101582689147,-0.08398507161108551,-0.15908437193570302,-0.007936211194246444,1.2214144483763398
71.54,-0.15154532144474,-0.07318957119002192,-0.1566967347426899,-0.0037292690859397765,1.2214950080893585
71.61,-0.13792962706259132,-0.062394070768960516,-0.15429694178162903,0.0004776730223660236,1.2215755678023774
71.68,-0.12431393268043991,-0.0515985703478969,-0.15188546912268105,0.004684615130672677,1.221656127515396
71.75,-0.11069823829829122,-0.04080306992683552,-0.14946279283600886,0.008891557238978491,1.2217366872284146
71.82,-0.09708254391614254,-0.0300075695057741,-0.14702938899177345,0.013098499347284305,1.2218172469414332
71.89,-0.08346684953399111,-0.019212069084710515,-0.14458573366013627,0.01730544145559096,1.221897806654452
71.96,-0.06985115515184243,-0.008416568663649107,-0.1421323029112598,0.021512383563896766,1.2219783663674708
72.03,-0.056235460769690965,0.002378931757414521,-0.13966957281530493,0.02571932567220342,1.2220589260804893
72.1,-0.04261976638754231,0.013174432178475887,-0.13719801944243426,0.029926267780509233,1.222139485793508
72.17,-0.029004072005390874,0.0239699325995395,-0.1347181188628086,0.03413320988881589,1.2222200455065266
72.24,-0.015388377623242189,0.03476543302060091,-0.13223034714659065,0.0383401519971217,1.2223006052195453
72.31,-0.0017726832410907278,0.045560933441664495,-0.12973518036394102,0.042547094105428354,1.222381164932564
72.38,0.011843011141057902,0.0563564338627259,-0.1272330945850226,0.04675403621373417,1.2224617246455827
72.45,0.025458705523209335,0.06715193428378947,-0.12472456587999595,0.050960978322040835,1.2225422843586013
72.52,0.03907439990535802,0.07794743470485092,-0.12221007031902381,0.05516792043034664,1.22262284407162
72.59,0.05269009428750948,0.0887429351259145,-0.11969008397226698,0.05937486253865329,1.2227034037846387
72.66,0.06630578866965814,0.0995384355469759,-0.11716508290988813,0.06358180464695912,1.2227839634976572
72.73,0.0799214830518096,0.1103339359680395,-0.11463554320204793,0.06778874675526575,1.2228645232106758
72.8,0.09353717743395823,0.12112943638910093,-0.11210194091890918,0.07199568886357156,1.2229450829236947
72.87,0.10715287181610972,0.13192493681016454,-0.1095647521306325,0.07620263097187822,1.2230256426367134
72.94,0.1207685661982584,0.14272043723122593,-0.10702445290738073,0.08040957308018404,1.223106202349732
73.01,0.1343842605804098,0.1535159376522895,-0.10448151931931442,0.0846165151884907,1.2231867620627506
73.08,0.1479999549625585,0.1643114380733509,-0.10193642743659648,0.08882345729679648,1.2232673217757692
73.15,0.16161564934470996,0.17510693849441455,-0.09938965332938748,0.09303039940510316,1.2233478814887881
73.22,0.17523134372685858,0.1859024389154759,-0.09684167306785012,0.09723734151340896,1.2234284412018068
73.29,0.18884703810901005,0.1966979393365395,-0.09429296272214524,0.10144428362171565,1.2235090009148255
73.36,0.20246273249115876,0.20749343975760093,-0.09174399836243544,0.10565122573002145,1.223589560627844
73.43,0.21607842687331022,0.21828894017866457,-0.0891952560588815,0.10985816783832808,1.2236701203408626
73.5,0.22969412125545885,0.22908444059972594,-0.08664721188164613,0.11406510994663391,1.2237506800538813
73.57,0.2433098156376075,0.23987994102078736,-0.08410034190089054,0.11827205205493971,1.2238312397669
73.64,0.25692551001975894,0.25067544144185094,-0.08155512218677588,0.12247899416324637,1.2239117994799187
73.71,0.27054120440190765,0.2614709418629123,-0.07901202880946501,0.1266859362715522,1.2239923591929374
73.78,0.2841568987840591,0.27226644228397595,-0.07647153783911852,0.13089287837985886,1.224072918905956
73.85,0.29777259316620774,0.2830619427050374,-0.07393412534589919,0.13509982048816466,1.2241534786189745
73.92,0.31138828754835923,0.29385744312610096,-0.07140026739996766,0.1393067625964713,1.2242340383319934
73.99,0.3250039819305079,0.3046529435471623,-0.06887044007148671,0.14351370470477712,1.224314598045012
74.06,0.3386196763126593,0.3154484439682259,-0.06634511943061704,0.14772064681308378,1.2243951577580308
74.13,0.35223537069480804,0.3262439443892874,-0.06382478154752143,0.1519275889213896,1.2244757174710494
74.2,0.3658510650769594,0.337039444810351,-0.06130990249236045,0.15613453102969624,1.2245562771840681
74.27,0.37946675945910807,0.34783494523141234,-0.05880095833529695,0.16034147313800204,1.2246368368970868
74.34,0.3930824538412595,0.3586304456524759,-0.05629842514649152,0.1645484152463087,1.2247173966101055
74.41,0.4066981482234082,0.36942594607353735,-0.053802778996107053,0.16875535735461453,1.2247979563231242
74.48,0.42031384260555965,0.38022144649460093,-0.05131449595430409,0.1729622994629212,1.2248785160361428
74.55,0.4339295369877083,0.39101694691566236,-0.04883405209124546,0.177169241571227,1.2249590757491613
74.62,0.44754523136985974,0.40181244733672594,-0.046361923477091775,0.18137618367953365,1.22503963546218
74.69,0.4611609257520084,0.41260794775778736,-0.04389858618200581,0.18558312578783945,1.2251201951751989
74.76,0.4747766201341599,0.42340344817885095,-0.04144451627614832,0.1897900678961461,1.2252007548882176
74.83,0.48839231451630855,0.43419894859991237,-0.03900018982968195,0.19399701000445194,1.225281314601236
74.9,0.50200800889846,0.44499444902097596,-0.03656608291276744,0.1982039521127586,1.2253618743142547
74.97,0.5156237032806087,0.4557899494420374,-0.034142671595567574,0.20241089422106437,1.2254424340272734
75.04,0.5292393976627602,0.46658544986310097,-0.03173043194824296,0.20661783632937103,1.225522993740292
75.11,0.5428550920449089,0.4773809502841624,-0.02932984004095631,0.21082477843767689,1.2256035534533107
75.18,0.5564707864270603,0.488176450705226,-0.026941371943868413,0.2150317205459835,1.2256841131663294
75.25,0.5700864808092089,0.49897195112628734,-0.024565503727141967,0.2192386626542893,1.225764672879348
75.32,0.5837021751913576,0.5097674515473488,-0.022202711460938166,0.22344560476259512,1.2258452325923668
75.39,0.5973178695735091,0.5205629519684124,-0.01985347121541826,0.22765254687090183,1.2259257923053855
75.46,0.6257032896749103,0.5519097187211279,-0.017518259060744938,0.23185948897920758,1.2260063520184041
75.53,0.6540887097763172,0.5832564854738498,-0.015197551067078909,0.2360664310875142,1.2260869117314228
75.6,0.6824741298777184,0.6146032522265652,-0.012891823304582887,0.24027337319582007,1.2261674714444415
75.67,0.7108595499791253,0.645950018979287,-0.01060155184341761,0.24448031530412673,1.2262480311574602
75.74,0.7392449700805264,0.6772967857320026,-0.008327212753745794,0.24868725741243256,1.2263285908704786
75.81,0.7676303901819335,0.7086435524847244,-0.006069282105728134,0.2528941995207392,1.2264091505834973
75.88,0.7960158102833346,0.73999031923744,-0.0038282359695273422,0.257101141629045,1.2264897102965162
75.95,0.8244012303847414,0.7713370859901617,-0.001604550415304164,0.26130808373735165,1.226570270009535
76.02,0.8527866504861428,0.8026838527428772,0.0006012984867787251,0.2655150258456575,1.2266508297225536
76.09,0.8811720705875496,0.8340306194955991,0.0027888346665605997,0.26972196795396414,1.2267313894355723
76.16,0.9095574906889508,0.8653773862483145,0.004957582053878764,0.27392891006226994,1.2268119491485907
76.23,0.9379429107903577,0.8967241530010365,0.007107064578572365,0.27813585217057657,1.2268925088616094
76.3,0.9663283308917588,0.9280709197537519,0.009236806170478926,0.28234279427888237,1.2269730685746283
76.37,0.9947137509931657,0.9594176865064736,0.01134633075943747,0.28654973638718906,1.227053628287647
76.44,1.023099171094567,0.9907644532591893,0.013435162275285524,0.29075667849549486,1.2271341880006654
76.51,1.0514845911959738,1.0221112200119111,0.015502824647862214,0.2949636206038015,1.227214747713684
76.58,1.0798700112973751,1.0534579867646265,0.017548841807004886,0.29917056271210735,1.2272953074267028
76.65,1.1082554313987818,1.0848047535173484,0.019572737682552768,0.30337750482041403,1.2273758671397215
76.72,1.1366408515001831,1.116151520270064,0.02157403620434326,0.3075844469287198,1.2274564268527401
76.79,1.1650262716015902,1.1474982870227857,0.023552261302215508,0.3117913890370265,1.2275369865657588
76.86,1.193411691702991,1.1788450537755013,0.02550693690600693,0.31599833114533227,1.2276175462787775
76.93,1.2217971118043982,1.2101918205282232,0.027437586945556654,0.3202052732536389,1.2276981059917962
77.0,1.2501825319057993,1.2415385872809386,0.029343735350702175,0.32441221536194476,1.2277786657048146
77.07,1.2785679520072006,1.272885354033654,0.03122490605128215,0.3286191574702505,1.2278592254178335
77.14,1.3069533721086075,1.3042321207863758,0.03308062297713524,0.33282609957855724,1.2279397851308522
77.21,1.3353387922100086,1.3355788875390913,0.034910410058099015,0.33703304168686304,1.228020344843871
77.28,1.3637242123114157,1.3669256542918131,0.03671379122401248,0.3412399837951697,1.2281009045568896
77.35,1.3921096324128168,1.3982724210445288,0.03849029040471316,0.34544692590347553,1.2281814642699083
77.42,1.4204950525142237,1.4296191877972508,0.040239431530040067,0.34965386801178217,1.228262023982927
77.49,1.4488804726156248,1.460965954549966,0.0419607385298308,0.3538608101200879,1.2283425836959454
77.56,1.477265892717032,1.4923127213026879,0.04365373533392434,0.3580677522283946,1.228423143408964
77.63,1.5056513128184328,1.523659488055403,0.04531794587215828,0.3622746943367004,1.2285037031219828
77.7,1.5340367329198399,1.5550062548081252,0.04695289407437161,0.36648163644500703,1.2285842628350017
77.77,1.5624221530212412,1.5863530215608408,0.048558103870401874,0.3706885785533129,1.2286648225480201
77.84,1.590807573122648,1.6176997883135629,0.05013309919008805,0.3748955206616195,1.228745382261039
77.91,1.619192993224049,1.649046555066278,0.05167740396326784,0.3791024627699254,1.2288259419740575
77.98,1.647578413325456,1.680393321819,0.05319054211978004,0.383309404878232,1.2289065016870762
78.05,1.6759638334268572,1.7117400885717156,0.05467203758946242,0.3875163469865378,1.2289870614000948
78.12,1.704349253528264,1.7430868553244372,0.05612141430215383,0.39172328909484444,1.2290676211131135
78.19,1.7327346736296654,1.7744336220771528,0.05753819618769196,0.3959302312031503,1.2291481808261322
78.26,1.7611200937310723,1.8057803888298747,0.05892190717591568,0.40013717331145693,1.2292287405391509
78.33,1.7895055138324734,1.83712715558259,0.06027207119666268,0.4043441154197628,1.2293093002521696
78.4,1.8178909339338802,1.8684739223353117,0.061588212179771853,0.4085510575280694,1.2293898599651882
78.47,1.8462763540352816,1.8998206890880276,0.06286985405508093,0.4127579996363752,1.229470419678207
78.54,1.8746617741366887,1.9311674558407494,0.06411652075242867,0.4169649417446819,1.2295509793912256
78.61,1.9030471942380898,1.9625142225934646,0.06532773620165289,0.4211718838529877,1.2296315391042443
78.68,1.9314326143394966,1.9938609893461865,0.06650302433259236,0.42537882596129434,1.229712098817263
78.75,1.959818034440898,2.025207756098902,0.06764190907508494,0.4295857680696002,1.2297926585302816
78.82,1.9882034545422989,2.0565545228516178,0.06874391435896907,0.43379271017790594,1.2298732182433003
78.89,2.016588874643706,2.0879012896043396,0.06980856411408326,0.43799965228621257,1.229953777956319
78.96,2.0449742947451073,2.1192480563570553,0.07083538227026542,0.4422065943945184,1.2300343376693377
79.03,2.073359714846514,2.1505948231097767,0.07182389275735421,0.44641353650282506,1.2301148973823564
79.1,2.1017451349479153,2.1819415898624923,0.07277361950518749,0.4506204786111309,1.230195457095375
79.17,2.1301305550493224,2.2132883566152137,0.073684086443604,0.45482742071943755,1.2302760168083937
79.24,2.158515975150723,2.2446351233679294,0.07455481750244158,0.45903436282774335,1.2303565765214124
79.31,2.1869013952521303,2.275981890120651,0.07538533661153896,0.46324130493605004,1.230437136234431
79.38,2.2152868153535312,2.307328656873367,0.07617516770073399,0.46744824704435584,1.2305176959474498
79.45,2.2436722354549383,2.338675423626089,0.07692383469986536,0.47165518915266247,1.2305982556604684
79.52,2.2720576555563397,2.3700221903788043,0.07763086153877094,0.4758621312609682,1.230678815373487
79.59,2.3004430756577463,2.401368957131526,0.07829577214728943,0.48006907336927485,1.2307593750865056
79.66,2.3288284957591476,2.4327157238842414,0.07891809045525877,0.4842760154775807,1.2308399347995242
79.73,2.3572139158605547,2.4640624906369633,0.07949734039251749,0.4884829575858874,1.230920494512543
79.8,2.385599335961955,2.4954092573896784,0.08003304588890368,0.49268989969419325,1.2310010542255618
79.87,2.3843292772407914,2.4927252055095304,0.08052489929538935,0.4968968418025,1.2310816139385805
79.94,2.383059218519627,2.490041153629383,0.08097326664748021,0.5011037839108057,1.231162173651599
80.01,2.381789159798462,2.4873571017492346,0.08137868240181587,0.5053107260191122,1.2312427333646176
80.08,2.380519101077298,2.4846730498690874,0.08174168101503562,0.5095176681274182,1.2313232930776363
80.15,2.3792490423561334,2.481988997988939,0.08206279694377902,0.5137246102357247,1.231403852790655
80.22,2.3779789836349696,2.4793049461087917,0.08234256464468533,0.5179315523440307,1.2314844125036737
80.29,2.376708924913805,2.476620894228643,0.08258151857439419,0.5221384944523373,1.2315649722166924
80.36,2.3754388661926407,2.473936842348496,0.08278019318954488,0.5263454365606431,1.231645531929711
80.43,2.3741688074714764,2.471252790468348,0.08293912294677697,0.5305523786689498,1.2317260916427295
80.5,2.372898748750312,2.4685687385882003,0.08305884230272977,0.5347593207772556,1.2318066513557484
80.57,2.371628690029148,2.4658846867080526,0.08313988571404271,0.5389662628855615,1.231887211068767
80.64,2.370358631307983,2.463200634827905,0.08318278763735536,0.543173204993868,1.2319677707817855
80.71,2.369088572586819,2.460516582947757,0.08318808252930703,0.5473801471021739,1.2320483304948042
80.78,2.3678185138656547,2.4578325310676092,0.08315630484653717,0.5515870892104805,1.232128890207823
80.85,2.366548455144491,2.4551484791874616,0.08308798904568528,0.5557940313187864,1.2322094499208416
80.92,2.365278396423326,2.4524644273073135,0.08298366958339073,0.560000973427093,1.2322900096338603
80.99,2.3640083377021623,2.449780375427166,0.08284388091629298,0.5642079155353988,1.2323705693468792
81.06,2.362738278980997,2.447096323547018,0.08266915750103143,0.5684148576437055,1.2324511290598976
81.13,2.3614682202598334,2.44441227166687,0.08246003379424559,0.5726217997520113,1.2325316887729163
81.2,2.3601981615386687,2.441728219786722,0.08221704425257478,0.576828741860318,1.232612248485935
81.27,2.358928102817505,2.4390441679065744,0.08194072333265857,0.5810356839686237,1.2326928081989537
81.34,2.3576580440963406,2.4363601160264268,0.08163160549113628,0.5852426260769303,1.2327733679119723
81.41,2.356387985375176,2.4336760641462787,0.08129022518464746,0.5894495681852362,1.232853927624991
81.48,2.3551179266540117,2.430992012266131,0.08091711686983137,0.5936565102935428,1.2329344873380097
81.55,2.3538478679328474,2.428307960385983,0.08051281500332762,0.5978634524018486,1.2330150470510284
81.62,2.352577809211683,2.425623908505835,0.08007785404177552,0.6020703945101553,1.233095606764047
81.69,2.351307750490519,2.4229398566256877,0.07961276844181463,0.6062773366184611,1.2331761664770657
81.76,2.350037691769354,2.420255804745539,0.0791180926600842,0.6104842787267678,1.2332567261900844
81.83,2.3487676330481904,2.417571752865392,0.0785943611532239,0.6146912208350735,1.233337285903103
81.9,2.3474975743270257,2.4148877009852434,0.07804210837787287,0.6188981629433803,1.2334178456161218
81.97,2.3462275156058614,2.4122036491050958,0.07746186879067088,0.623105105051686,1.2334984053291405
82.04,2.344957456884697,2.409519597224948,0.07685417684825709,0.6273120471599927,1.2335789650421591
82.11,2.3436873981635324,2.4068355453448005,0.0762195670072711,0.6315189892682985,1.2336595247551778
82.18,2.3424173394423686,2.4041514934646524,0.07555857372435221,0.635725931376605,1.2337400844681965
82.25,2.3411472807212044,2.4014674415845048,0.07487173145614007,0.639932873484911,1.233820644181215
82.32,2.33987722200004,2.398783389704357,0.0741595746592739,0.6441398155932168,1.2339012038942336
82.39,2.3386071632788754,2.396099337824209,0.07342263779039312,0.6483467577015235,1.2339817636072523
82.46,2.337337104557711,2.3934152859440614,0.07266145530613737,0.6525536998098292,1.234062323320271
82.53,2.336067045836547,2.3907312340639133,0.07187656166314585,0.6567606419181359,1.23414288303329
82.6,2.3347969871153826,2.388047182183766,0.07106849131805823,0.6609675840264417,1.2342234427463084
82.67,2.3335269283942184,2.3853631303036176,0.07023777872751368,0.6651745261347483,1.2343040024593273
82.74,2.332256869673054,2.38267907842347,0.06938495834815193,0.6693814682430542,1.2343845621723457
82.81,2.3309868109518894,2.379995026543322,0.06851056463661206,0.6735884103513607,1.2344651218853644
82.88,2.329716752230725,2.3773109746631746,0.06761513204953394,0.6777953524596666,1.234545681598383
82.95,2.328446693509561,2.374626922783026,0.06669919504355651,0.6820022945679732,1.2346262413114018
83.02,2.3271766347883966,2.3719428709028785,0.06576328807531968,0.6862092366762791,1.2347068010244207
83.09,2.3259065760672324,2.369258819022731,0.0648079456014625,0.6904161787845858,1.234787360737439
83.16,2.3246365173460677,2.3665747671425827,0.06383370207862474,0.6946231208928916,1.2348679204504578
83.23,2.3233664586249034,2.3638907152624347,0.06284109196344546,0.6988300630011983,1.2349484801634765
83.3,2.3220963999037396,2.3612066633822875,0.061830649712564544,0.7030370051095041,1.2350290398764951
83.37,2.320826341182575,2.3585226115021394,0.06080290978262091,0.7072439472178108,1.2351095995895138
83.44,2.3195562824614107,2.3558385596219917,0.0597584066302545,0.7114508893261166,1.2351901593025325
83.51,2.3182862237402464,2.3531545077418436,0.05869767471210429,0.7156578314344232,1.235270719015551
83.58,2.317016165019082,2.350470455861696,0.05762124848481016,0.719864773542729,1.2353512787285699
83.65,2.3157461062979174,2.347786403981548,0.05652966240501111,0.7240717156510357,1.2354318384415885
83.72,2.314476047576753,2.3451023521014003,0.05542345092934698,0.7282786577593414,1.2355123981546072
83.79,2.313205988855589,2.3424183002212526,0.0543031485144568,0.7324855998676482,1.235592957867626
83.86,2.3119359301344247,2.3397342483411045,0.05316928961698043,0.7366925419759539,1.2356735175806446
83.93,2.31066587141326,2.3370501964609565,0.052022408693556836,0.7408994840842607,1.235754077293663
84.0,2.309395812692096,2.334366144580809,0.050863040200825924,0.7451064261925664,1.2358346370066817
84.07,2.3081257539709314,2.331682092700661,0.049691718595426926,0.7493133683008721,1.2359151967197004
84.14,2.3068556952497676,2.3289980408205135,0.048508978333999066,0.7535203104091789,1.235995756432719
84.21,2.305585636528603,2.326313988940366,0.04731535387318213,0.7577272525174846,1.2360763161457378
84.28,2.304315577807439,2.323629937060218,0.04611137966961519,0.7619341946257914,1.2361568758587564
84.35,2.3030455190862744,2.32094588518007,0.04489759017993809,0.7661411367340971,1.2362374355717751
84.42,2.3017754603651097,2.318261833299922,0.0436745198607898,0.7703480788424039,1.2363179952847938
84.49,2.300505401643946,2.3155777814197744,0.04244270316881029,0.7745550209507096,1.2363985549978125
84.56,2.299235342922781,2.3128937295396264,0.04120267456063844,0.7787619630590163,1.2364791147108312
84.63,2.297965284201617,2.3102096776594787,0.039954968492914196,0.7829689051673221,1.2365596744238498
84.7,2.2966952254804527,2.3075256257793306,0.03870011942227652,0.7871758472756286,1.2366402341368685
84.77,2.2954251667592884,2.304841573899183,0.03743866180536531,0.7913827893839346,1.2367207938498872
84.84,2.294155108038124,2.302157522019035,0.03617113009881952,0.7955897314922411,1.2368013535629059
84.91,2.29288504931696,2.2994734701388877,0.0348980587592791,0.7997966736005471,1.2368819132759246
84.98,2.2916149905957957,2.296789418258739,0.03361998224338293,0.8040036157088536,1.2369624729889432
85.05,2.290344931874631,2.2941053663785915,0.03233743500777099,0.8082105578171594,1.237043032701962
85.12,2.2890748731534667,2.2914213144984434,0.0310509515090822,0.8124174999254661,1.2371235924149806
85.19,2.287804814432303,2.2887372626182962,0.029761066203956507,0.8166244420337719,1.2372041521279993
85.26,2.2865347557111377,2.2860532107381477,0.02846831354903281,0.8208313841420786,1.237284711841018
85.33,2.285264696989974,2.283369158858,0.0271732280009511,0.8250383262503843,1.2373652715540366
85.4,2.283994638268809,2.2806851069778524,0.02587634401635028,0.8292452683586911,1.2374458312670553
85.47,2.2827245795476454,2.278001055097705,0.024578196051870248,0.8334522104669968,1.2375263909800738
85.54,2.2814545208264807,2.2753170032175567,0.023279318564149994,0.8376591525753035,1.2376069506930925
85.61,2.280184462105317,2.272632951337409,0.0219802460098294,0.8418660946836093,1.2376875104061111
85.68,2.278914403384152,2.269948899457261,0.020681512845547458,0.846073036791916,1.2377680701191298
85.75,2.277644344662988,2.2672648475771133,0.019383653527944092,0.8502799789002218,1.2378486298321485
85.82,2.2763742859418237,2.2645807956969657,0.018087202513658435,0.8544869210085276,1.2379291895451672
85.89,2.2751042272206594,2.261896743816818,0.016792694259329742,0.8586938631168343,1.2380097492581859
85.96,2.273834168499495,2.2592126919366704,0.015500663221597865,0.8629008052251401,1.2380903089712045
86.03,2.2725641097783305,2.256528640056522,0.0142116438571018,0.8671077473334468,1.2381708686842232
86.1,2.2712940510571666,2.2538445881763747,0.012926170622481463,0.8713146894417526,1.238251428397242
86.17,2.270023992336002,2.251160536296226,0.011644777974375776,0.8755216315500592,1.2383319881102606
86.24,2.2687539336148377,2.248476484416079,0.010368000369424691,0.879728573658365,1.238412547823279
86.31,2.2674838748936734,2.2457924325359304,0.009096372264267152,0.8839355157666717,1.2384931075362977
86.38,2.2662138161725087,2.2431083806557828,0.007830428115543063,0.8881424578749775,1.2385736672493164
86.45,2.264943757451345,2.240424328775635,0.006570702379891401,0.8923493999832842,1.238654226962335
86.52,2.26367369873018,2.2377402768954875,0.005317729513952038,0.89655634209159,1.2387347866753537
86.59,2.262403640009016,2.2350562250153394,0.004072043974363952,0.9007632841998967,1.2388153463883729
86.66,2.2611335812878517,2.2323721731351918,0.0028341802177670712,0.9049702263082025,1.238895906101391
86.73,2.2598635225666874,2.2296881212550437,0.001604672700800308,0.9091771684165092,1.23897646581441
86.8,2.258593463845523,2.227004069374896,0.000384055880103637,0.9133841105248149,1.2390570255274285
86.87,2.2573234051243585,2.224320017494748,-0.0008271357876840349,0.9175910526331215,1.2391375852404471
86.94,2.2560533464031947,2.2216359656146007,-0.002028367845922803,0.9217979947414274,1.2392181449534658
87.01,2.25478328768203,2.218951913734452,-0.003219105837973667,0.926004936849734,1.2392987046664845
87.08,2.2535132289608657,2.2162678618543046,-0.004398815307196738,0.9302118789580399,1.2393792643795032
87.15,2.2522431702397014,2.2135838099741565,-0.005566961796953065,0.9344188210663464,1.2394598240925219
87.22,2.250973111518537,2.210899758094009,-0.0067230108506027095,0.9386257631746523,1.2395403838055405
87.29,2.249703052797373,2.2082157062138608,-0.007866428011506768,0.9428327052829589,1.2396209435185592
87.36,2.2484329940762082,2.205531654333713,-0.008996678823025286,0.9470396473912647,1.239701503231578
87.43,2.247162935355044,2.2028476024535655,-0.010113228828519293,0.9512465894995714,1.2397820629445966
87.5,2.2458928766338797,2.200163550573418,-0.011215543571348937,0.9554535316078772,1.2398626226576153
87.57,2.2446228179127155,2.19747949869327,-0.012303088594874981,0.959660473716183,1.239943182370634
87.64,2.243352759191551,2.194795446813122,-0.013375329442458247,0.9638674158244896,1.2400237420836526
87.71,2.242082700470387,2.1921113949329745,-0.014431731657458797,0.9680743579327955,1.2401043017966713
87.78,2.2408126417492222,2.1894273430528264,-0.015471760783237665,0.9722813000411021,1.24018486150969
87.85,2.239542583028058,2.1867432911726787,-0.016494882363155022,0.976488242149408,1.2402654212227087
87.92,2.2382725243068937,2.1840592392925307,-0.017500561940571834,0.9806951842577146,1.2403459809357273
87.99,2.2370024655857295,2.181375187412383,-0.018488265058848197,0.9849021263660204,1.240426540648746
88.06,2.235732406864565,2.178691135532235,-0.01945745726134515,0.989109068474327,1.2405071003617647
88.13,2.234462348143401,2.1760070836520873,-0.02040760409142285,0.9933160105826327,1.2405876600747834
88.2,2.2331922894222362,2.173323031771939,-0.021338171092442255,0.9975229526909396,1.240668219787802
88.27,2.2319222307010724,2.170638979891792,-0.02224862380776349,1.0017298947992455,1.2407487795008207
88.34,2.2306521719799077,2.1679549280116435,-0.023138427780747598,1.005936836907552,1.2408293392138394
88.41,2.229382113258744,2.1652708761314963,-0.024007048554754697,1.0101437790158578,1.240909898926858
88.48,2.228112054537579,2.1625868242513477,-0.024853951673145726,1.0143507211241647,1.2409904586398768
88.55,2.226841995816415,2.1599027723712005,-0.025678602679280925,1.0185576632324704,1.2410710183528955
88.62,2.2255719370952507,2.157218720491052,-0.026480467116521186,1.022764605340777,1.2411515780659141
88.69,2.224301878374086,2.1545346686109044,-0.027259010528226775,1.0269715474490828,1.2412321377789328
88.76,2.227226413434192,2.1588112146085687,-0.028013804616239542,1.0311784895573894,1.2413126974919515
88.83,2.2301509484942974,2.163087760606232,-0.028744845716324952,1.0353854316656952,1.2413932572049702
88.9,2.2330754835544036,2.167364306603896,-0.02945223632273,1.039592373774002,1.2414738169179889
88.97,2.2360000186145093,2.17164085260156,-0.030136078929701215,1.0437993158823078,1.2415543766310075
89.04,2.238924553674615,2.175917398599224,-0.03079647603148553,1.0480062579906144,1.2416349363440262
89.11,2.24184908873472,2.1801939445968874,-0.03143353012232946,1.0522132000989202,1.2417154960570447
89.18,2.2447736237948264,2.1844704905945513,-0.032047343696480025,1.056420142207227,1.2417960557700634
89.25,2.2476981588549316,2.188747036592215,-0.032638019248183686,1.0606270843155328,1.241876615483082
89.32,2.2506226939150373,2.193023582589878,-0.033205659271687366,1.0648340264238385,1.2419571751961007
89.39,2.253547228975143,2.197300128587542,-0.033750366261237855,1.0690409685321451,1.2420377349091194
89.46,2.2564717640352487,2.2015766745852057,-0.034272242711081716,1.0732479106404509,1.2421182946221379
89.53,2.2593962990953544,2.20585322058287,-0.03477139111546588,1.0774548527487577,1.2421988543351568
89.6,2.2623208341554597,2.210129766580533,-0.03524791396863691,1.0816617948570635,1.2422794140481754
89.67,2.265245369215566,2.2144063125781974,-0.03570191376484171,1.0858687369653701,1.2423599737611941
89.74,2.2681699042756716,2.218682858575861,-0.03613349299832688,1.0900756790736759,1.2424405334742128
89.81,2.2710944393357773,2.222959404573525,-0.03654275416333932,1.0942826211819825,1.2425210931872315
89.88,2.274018974395883,2.2272359505711883,-0.03692979975412563,1.0984895632902885,1.24260165290025
89.95,2.2769435094559887,2.2315124965688526,-0.03729473226493266,1.102696505398595,1.2426822126132686
90.02,2.279868044516094,2.235789042566516,-0.03763765419000706,1.1069034475069008,1.2427627723262873
90.09,2.2827925795761996,2.24006558856418,-0.03795866802359568,1.1111103896152075,1.242843332039306
90.16,2.2857171146363053,2.2443421345618435,-0.03825787625994514,1.1153173317235132,1.2429238917523246
90.23,2.2886416496964115,2.248618680559508,-0.0385353813933023,1.1195242738318198,1.2430044514653433
90.3,2.2915661847565167,2.252895226557171,-0.03879128591791382,1.1237312159401258,1.243085011178362
90.37,2.294490719816623,2.2571717725548353,-0.03902569232802652,1.1279381580484322,1.2431655708913807
90.44,2.297415254876728,2.2614483185524987,-0.03923870311788705,1.1321451001567382,1.2432461306043994
90.51,2.3003397899368343,2.2657248645501626,-0.039430420781742234,1.1363520422650448,1.243326690317418
90.58,2.3032643249969396,2.270001410547826,-0.039600947813838785,1.1405589843733508,1.2434072500304367
90.65,2.3061888600570457,2.27427795654549,-0.039750386708423444,1.1447659264816572,1.2434878097434554
90.72,2.309113395117151,2.2785545025431535,-0.039878839959742986,1.1489728685899632,1.243568369456474
90.79,2.3120379301772567,2.2828310485408174,-0.03998641006204409,1.1531798106982696,1.2436489291694928
90.86,2.314962465237362,2.287107594538481,-0.040073199509573554,1.1573867528065755,1.2437294888825114
90.93,2.3178870002974685,2.2913841405361453,-0.04013931079657812,1.1615936949148822,1.2438100485955301
91.0,2.3208115353575733,2.2956606865338083,-0.040184846417304486,1.165800637023188,1.2438906083085488
91.07,2.323736070417679,2.299937232531472,-0.040209908865999455,1.170007579131494,1.2439711680215675
91.14,2.3266606054777847,2.304213778529136,-0.040214600636909764,1.1742145212398003,1.2440517277345862
91.21,2.3295851405378905,2.308490324526799,-0.0401990242242821,1.1784214633481065,1.2441322874476048
91.28,2.3325096755979966,2.312766870524464,-0.040163282122363274,1.182628405456413,1.2442128471606235
91.35,2.335434210658102,2.317043416522127,-0.04010747682539995,1.1868353475647189,1.2442934068736422
91.42,2.3383587457182076,2.3213199625197913,-0.04003171082763894,1.1910422896730253,1.2443739665866609
91.49,2.3412832807783133,2.325596508517455,-0.03993608662332702,1.195249231781331,1.2444545262996796
91.56,2.344207815838419,2.3298730545151187,-0.03982070670671083,1.1994561738896379,1.2445350860126982
91.63,2.3471323508985247,2.334149600512782,-0.03968567357203721,1.2036631159979436,1.2446156457257167
91.7,2.3500568859586304,2.3384261465104466,-0.0395310897135528,1.2078700581062503,1.2446962054387354
91.77,2.352981421018736,2.3427026925081096,-0.039357057625504475,1.212077000214556,1.244776765151754
91.84,2.355905956078842,2.3469792385057735,-0.039163679802138834,1.2162839423228629,1.2448573248647727
91.91,2.358830491138947,2.351255784503437,-0.03895105873770276,1.2204908844311686,1.2449378845777914
91.98,2.361755026199053,2.3555323305011013,-0.03871929692644289,1.2246978265394752,1.24501844429081
92.05,2.3646795612591585,2.3598088764987644,-0.03846849686260604,1.228904768647781,1.2450990040038288
92.12,2.3676040963192646,2.364085422496429,-0.038198761040438886,1.2331117107560876,1.2451795637168477
92.19,2.3705286313793703,2.368361968494092,-0.03791019195418831,1.2373186528643934,1.2452601234298661
92.26,2.373453166439476,2.3726385144917566,-0.0376028920981008,1.2415255949727002,1.2453406831428848
92.33,2.3763777014995813,2.37691506048942,-0.03727696396642338,1.245732537081006,1.2454212428559035
92.4,2.3793022365596874,2.381191606487084,-0.0369325100534026,1.2499394791893126,1.2455018025689222
92.47,2.3822267716197927,2.3854681524847474,-0.03656963285328536,1.2541464212976183,1.2455823622819409
92.54,2.385151306679899,2.3897446984824118,-0.0361884348603182,1.2583533634059254,1.2456629219949595
92.61,2.3880758417400036,2.394021244480075,-0.035789018568748075,1.262560305514231,1.245743481707978
92.68,2.3910003768001102,2.398297790477739,-0.03537148647282157,1.2667672476225378,1.245824041420997
92.75,2.393924911860215,2.4025743364754026,-0.03493594106678557,1.2709741897308433,1.2459046011340154
92.82,2.3968494469203208,2.4068508824730657,-0.03448248484488673,1.275181131839149,1.2459851608470343
92.89,2.399773981980427,2.4111274284707305,-0.03401122030137174,1.2793880739474561,1.246065720560053
92.96,2.402698517040532,2.4154039744683935,-0.0335222499304875,1.2835950160557619,1.2461462802730714
93.03,2.405623052100638,2.4196805204660574,-0.03301567622648055,1.2878019581640685,1.2462268399860903
93.1,2.4085475871607436,2.4239570664637213,-0.03249160168359788,1.2920089002723742,1.2463073996991088
93.17,2.4114721222208497,2.4282336124613852,-0.03195012879608597,1.2962158423806809,1.2463879594121274
93.24,2.414396657280955,2.4325101584590483,-0.03139136005819182,1.3004227844889868,1.2464685191251461
93.31,2.4173211923410607,2.436786704456712,-0.030815397964161922,1.3046297265972935,1.2465490788381648
93.38,2.4202457274011664,2.441063250454376,-0.030222345008243265,1.3088366687055992,1.2466296385511835
93.45,2.423170262461272,2.44533979645204,-0.029612303684682383,1.3130436108139059,1.2467101982642022
93.52,2.426094797521378,2.449616342449703,-0.028985376487726186,1.3172505529222116,1.2467907579772208
93.59,2.4290193325814835,2.4538928884473674,-0.02834166591162128,1.3214574950305185,1.2468713176902395
93.66,2.431943867641589,2.458169434445031,-0.027681274450614572,1.3256644371388242,1.2469518774032582
93.73,2.434868402701695,2.4624459804426952,-0.027004304598952564,1.3298713792471308,1.2470324371162769
93.8,2.4377929377618,2.4667225264403587,-0.026310858850882284,1.3340783213554366,1.2471129968292956
93.87,2.4407174728219063,2.4709990724380226,-0.025601039700650197,1.3382852634637434,1.2471935565423142
93.94,2.4436420078820116,2.475275618435686,-0.02487494964250333,1.3424922055720492,1.247274116255333
94.01,2.4465665429421177,2.47955216443335,-0.024132691170688142,1.3466991476803558,1.2473546759683516
94.08,2.4494910780022234,2.4838287104310135,-0.023374366779451664,1.3509060897886616,1.2474352356813703
94.15,2.452415613062329,2.488105256428678,-0.022600078963040338,1.3551130318969682,1.247515795394389
94.22,2.4553401481224344,2.492381802426341,-0.02180993021570121,1.3593199740052742,1.2475963551074076
94.29,2.4582646831825405,2.4966583484240052,-0.021004023031680717,1.3635269161135808,1.2476769148204263
94.36,2.461189218242646,2.5009348944216687,-0.020182459905225922,1.3677338582218865,1.247757474533445
94.43,2.464113753302752,2.505211440419333,-0.019345343330583253,1.371940800330193,1.2478380342464634
94.5,2.467038288362857,2.509487986416996,-0.018492775801999768,1.376147742438499,1.2479185939594823
94.57,2.4699628234229625,2.5137645324146596,-0.01762485981372206,1.3803546845468049,1.247999153672501
94.64,2.4728873584830686,2.518041078412324,-0.016741697859996702,1.3845616266551115,1.2480797133855197
94.71,2.475811893543174,2.522317624409987,-0.01584339243507079,1.3887685687634173,1.2481602730985384
94.78,2.47873642860328,2.5265941704076513,-0.014930046033190687,1.3929755108717239,1.248240832811557
94.85,2.4816609636633853,2.530870716405315,-0.01400176114860348,1.3971824529800296,1.2483213925245757
94.92,2.4845854987234914,2.5351472624029787,-0.013058640275555622,1.4013893950883363,1.2484019522375942
94.99,2.4875100337835967,2.539423808400642,-0.012100785908294128,1.4055963371966422,1.2484825119506129
95.06,2.4904345688437024,2.5437003543983066,-0.011128300541065487,1.4098032793049486,1.2485630716636316
95.13,2.493359103903808,2.5479769003959696,-0.01014128666811671,1.4140102214132546,1.2486436313766502
95.2,2.496283638963914,2.552253446393634,-0.009139846783694238,1.4182171635215612,1.248724191089669
95.27,2.4992081740240195,2.5565299923912974,-0.008124083382045157,1.4224241056298672,1.2488047508026876
95.34,2.502132709084125,2.5608065383889613,-0.0070940989574158255,1.4266310477381736,1.248885310515706
95.41,2.505057244144231,2.565083084386625,-0.006049996004053376,1.4308379898464796,1.2489658702287252
95.48,2.5079817792043366,2.569359630384289,-0.004991877016204172,1.435044931954786,1.2490464299417436
95.55,2.5109063142644423,2.573636176381952,-0.003919844488115392,1.4392518740630917,1.2491269896547623
95.62,2.513830849324548,2.577912722379617,-0.0028340009140333036,1.4434588161713986,1.249207549367781
95.69,2.5167553843846533,2.58218926837728,-0.0017344487882050893,1.4476657582797043,1.2492881090807997
95.76,2.5196799194447594,2.586465814374944,-0.0006212906048770703,1.451872700388011,1.2493686687938181
95.83,2.522604454504865,2.5907423603726074,0.0005053711417035527,1.4560796424963167,1.2494492285068368
95.9,2.525528989564971,2.5950189063702718,0.0016454339572904986,1.4602865846046236,1.2495297882198555
95.97,2.528453524625076,2.599295452367935,0.0027987953476365686,1.4644935267129293,1.2496103479328742
96.04,2.5313780596851823,2.603571998365599,0.003965352818495468,1.468700468821236,1.2496909076458929
96.11,2.534302594745288,2.607848544363262,0.005145003875620021,1.4729074109295417,1.2497714673589115
96.18,2.5372271298053937,2.612125090360927,0.00633764602476395,1.4771143530378485,1.2498520270719304
96.25,2.540151664865499,2.61640163635859,0.007543176771679969,1.4813212951461543,1.249932586784949
96.32,2.543076199925604,2.6206781823562535,0.008761493622121634,1.48552823725446,1.2500131464979676
96.39,2.546000734985711,2.6249547283539174,0.009992494081842447,1.4897351793627667,1.2500937062109863
96.46,2.548925270045816,2.629231274351581,0.011236075656595151,1.4939421214710724,1.250174265924005
96.53,2.5518498051059217,2.6335078203492452,0.012492135852133525,1.498149063579379,1.2502548256370236
96.6,2.554774340166027,2.6377843663469087,0.01376057217421027,1.502356005687685,1.2503353853500423
96.67,2.5576988752261327,2.642060912344572,0.01504128212857922,1.5065629477959916,1.250415945063061
96.74,2.5606234102862384,2.646337458342236,0.01633416322099305,1.5107698899042974,1.2504965047760797
96.81,2.5635479453463446,2.6506140043399,0.017639112957205584,1.514976832012604,1.2505770644890983
96.88,2.56647248040645,2.6548905503375635,0.01895602884296956,1.5191837741209098,1.250657624202117
96.95,2.569397015466556,2.659167096335228,0.02028480838403871,1.5233907162292166,1.2507381839151357
97.02,2.5723215505266612,2.663443642332891,0.021625349086165806,1.5275976583375224,1.2508187436281544
97.09,2.5752460855867674,2.6677201883305552,0.022977548455104604,1.531804600445829,1.250899303341173
97.16,2.5781706206468726,2.6719967343282187,0.024341303996607833,1.5360115425541347,1.2509798630541917
97.23,2.581095155706979,2.676273280325883,0.025716513216429326,1.5402184846624416,1.2510604227672104
97.3,2.584019690767084,2.680549826323546,0.027103073620321726,1.5444254267707473,1.251140982480229
97.37,2.5869442258271897,2.6848263723212105,0.028500882714038927,1.548632368879054,1.2512215421932478
97.44,2.5898687608872955,2.689102918318874,0.02990983800333357,1.5528393109873597,1.2513021019062665
97.51,2.592793295947401,2.693379464316538,0.031329836993959456,1.5570462530956664,1.2513826616192851
97.58,2.595717831007507,2.6976560103142013,0.03276077719166932,1.5612531952039723,1.2514632213323038
97.65,2.575591117916407,2.673127100251381,0.034202556102216966,1.565460137312279,1.2515437810453225
97.72,2.555464404825311,2.6485981901885656,0.03565507123135507,1.5696670794205847,1.251624340758341
97.79,2.5353376917342105,2.6240692801257453,0.03711822008483749,1.5738740215288913,1.2517049004713598
97.86,2.5152109786431143,2.59954037006293,0.0385919001684169,1.578080963637197,1.2517854601843785
97.93,2.4950842655520145,2.5750114600001095,0.040076008987847106,1.582287905745504,1.2518660198973972
98.0,2.474957552460918,2.550482549937294,0.04157044404888078,1.5864948478538097,1.2519465796104159
98.07,2.4548308393698224,2.5259536398744786,0.043075102857271536,1.5907017899621154,1.2520271393234343
98.14,2.4347041262787217,2.5014247298116583,0.044589882918772854,1.594908732070422,1.252107699036453
98.21,2.414577413187626,2.476895819748843,0.04611468173913743,1.5991156741787278,1.2521882587494717
98.28,2.394450700096526,2.452366909686022,0.04764939682411914,1.6033226162870349,1.2522688184624904
98.35,2.37432398700543,2.427837999623207,0.04919392567947054,1.6075295583953404,1.252349378175509
98.42,2.35419727391433,2.403309089560387,0.05074816581094562,1.6117365005036473,1.2524299378885277
98.49,2.3340705608232337,2.3787801794975714,0.05231201472429697,1.615943442611953,1.2525104976015464
98.56,2.3139438477321335,2.354251269434751,0.053885369925278426,1.6201503847202599,1.2525910573145653
98.63,2.2938171346410376,2.3297223593719356,0.05546812891964268,1.6243573268285656,1.2526716170275838
98.7,2.2736904215499374,2.3051934493091153,0.05706018921314357,1.6285642689368722,1.2527521767406025
98.77,2.2535637084588416,2.2806645392463,0.05866144831153375,1.632771211045178,1.2528327364536211
98.84,2.2334369953677413,2.25613562918348,0.06027180372056712,1.6369781531534846,1.2529132961666398
98.91,2.213310282276645,2.231606719120664,0.06189115294599626,1.6411850952617906,1.2529938558796585
98.98,2.1931835691855452,2.2070778090578442,0.0635193934935751,1.6453920373700972,1.2530744155926772
99.05,2.173056856094449,2.1825488989950284,0.06515642286905624,1.649598979478403,1.2531549753056959
99.12,2.1529301430033487,2.1580199889322085,0.06680213857819359,1.6538059215867094,1.2532355350187143
99.19,2.1328034299122525,2.1334910788693926,0.06845643812673972,1.6580128636950153,1.2533160947317332
99.26,2.1126767168211527,2.1089621688065727,0.07011921902044857,1.662219805803322,1.253396654444752
99.33,2.0925500037300564,2.084433258743757,0.07179037876507277,1.666426747911628,1.2534772141577706
99.4,2.0724232906389566,2.059904348680937,0.07346981486636621,1.6706336900199343,1.253557773870789
99.47,2.0522965775478603,2.035375438618121,0.07515742483008145,1.6748406321282403,1.2536383335838077
99.54,2.0321698644567605,2.0108465285553008,0.07685310616197248,1.679047574236547,1.2537188932968264
99.61,2.0120431513656643,1.9863176184924853,0.0785567563677918,1.683254516344853,1.2537994530098453
99.68,1.9919164382745642,1.9617887084296652,0.08026827295329339,1.6874614584531593,1.2538800127228638
99.75,1.971789725183468,1.9372597983668496,0.08198755342422982,1.691668400561465,1.2539605724358824
99.82,1.951663012092372,1.9127308883040344,0.0837144952863547,1.695875342669771,1.2540411321489011
99.89,1.9315362990012717,1.8882019782412138,0.08544899604542165,1.7000822847780774,1.2541216918619196
99.96,1.9114095859101756,1.8636730681783986,0.08719095320718317,1.7042892268863836,1.2542022515749387
100.03,1.891282872819076,1.8391441581155783,0.0889402642773933,1.70849616899469,1.2542828112879572
100.1,1.8711561597279798,1.8146152480527629,0.09069682676180447,1.712703111102996,1.2543633710009758
100.17,1.8510294466368797,1.7900863379899425,0.09246053816617077,1.7169100532113024,1.2544439307139945
100.24,1.8309027335457835,1.7655574279271269,0.09423129599624466,1.7211169953196086,1.2545244904270132
100.31,1.8107760204546834,1.7410285178643068,0.09600899775778016,1.725323937427915,1.2546050501400317
100.38,1.7906493073635872,1.7164996078014911,0.09779354095652978,1.7295308795362208,1.2546856098530506
100.45,1.7705225942724871,1.691970697738671,0.0995848230982475,1.7337378216445274,1.2547661695660692
100.52,1.750395881181391,1.6674417876758554,0.10138274168868587,1.7379447637528331,1.2548467292790877
100.59,1.730269168090291,1.6429128776130355,0.10318719423359884,1.74215170586114,1.2549272889921064
100.66,1.7101424549991948,1.6183839675502196,0.104998078238739,1.7463586479694457,1.255007848705125
100.73,1.690015741908095,1.5938550574873995,0.10681529120986027,1.7505655900777524,1.255088408418144
100.8,1.6698890288169987,1.5693261474245839,0.1086387306527152,1.754772532186058,1.2551689681311626
100.87,1.6497623157258987,1.5447972373617638,0.11046829407305779,1.7589794742943647,1.2552495278441813
100.94,1.6296356026348024,1.5202683272989481,0.11230387897664054,1.7631864164026707,1.2553300875571998
101.01,1.6095088895437024,1.495739417236128,0.11414538286921747,1.7673933585109773,1.2554106472702184
101.08,1.5893821764526062,1.4712105071733124,0.11599270325654107,1.771600300619283,1.2554912069832371
101.15,1.5692554633615063,1.4466815971104923,0.11784573764436536,1.7758072427275897,1.255571766696256
101.22,1.54912875027041,1.4221526870476766,0.11970438353844282,1.7800141848358955,1.2556523264092745
101.29,1.5290020371793103,1.3976237769848565,0.1215685384445275,1.7842211269442023,1.2557328861222932
101.36,1.508875324088214,1.3730948669220413,0.12343809986837181,1.788428069052508,1.2558134458353118
101.43,1.488748610997114,1.3485659568592208,0.1253129653157299,1.7926350111608147,1.2558940055483305
101.5,1.468621897906018,1.3240370467964055,0.1271930322923542,1.7968419532691204,1.2559745652613494
101.57,1.4484951848149217,1.29950813673359,0.12907819830399833,1.8010488953774262,1.2560551249743679
101.64,1.4283684717238219,1.2749792266707696,0.13096836085641594,1.805255837485733,1.2561356846873866
101.71,1.4082417586327256,1.250450316607954,0.1328634174553595,1.8094627795940388,1.2562162444004052
101.78,1.3881150455416256,1.2259214065451338,0.13476326560658308,1.8136697217023454,1.256296804113424
101.85,1.3679883324505293,1.2013924964823182,0.13666780281583912,1.8178766638106512,1.2563773638264424
101.92,1.3478616193594293,1.1768635864194983,0.1385769265888817,1.822083605918958,1.2564579235394613
101.99,1.327734906268333,1.1523346763566824,0.14049053443146328,1.8262905480272638,1.25653848325248
102.06,1.3076081931772332,1.127805766293862,0.14240852384933786,1.8304974901355704,1.2566190429654986
102.13,1.287481480086137,1.1032768562310469,0.14433079234825794,1.8347044322438761,1.256699602678517
102.2,1.267354766995037,1.0787479461682263,0.14625723743397762,1.8389113743521828,1.2567801623915358
102.27,1.2472280539039409,1.0542190361054113,0.14818775661224926,1.8431183164604887,1.2568607221045545
102.34,1.2271013408128406,1.0296901260425906,0.1501222473888269,1.8473252585687954,1.2569412818175734
102.41,1.2069746277217446,1.0051612159797754,0.15206060726946313,1.8515322006771011,1.257021841530592
102.48,1.1868479146306443,0.980632305916955,0.15400273375991197,1.8557391427854077,1.2571024012436107
102.55,1.1667212015395485,0.9561033958541396,0.15594852436592577,1.8599460848937135,1.2571829609566292
102.62,1.1465944884484482,0.9315744857913194,0.15789787659325866,1.8641530270020203,1.2572635206696479
102.69,1.1264677753573522,0.9070455757285039,0.1598506879476631,1.868359969110326,1.2573440803826668
102.76,1.1063410622662522,0.8825166656656837,0.1618068559348932,1.8725669112186327,1.2574246400956854
102.83,1.0862143491751561,0.857987755602868,0.1637662780607013,1.8767738533269385,1.257505199808704
102.9,1.066087636084056,0.8334588455400478,0.1657288518308415,1.8809807954352453,1.2575857595217226
102.97,1.0459609229929598,0.8089299354772322,0.16769447475106625,1.885187737543551,1.2576663192347413
103.04,1.0258342099018598,0.784401025414412,0.16966304432712967,1.8893946796518577,1.25774687894776
103.11,1.0057074968107635,0.7598721153515966,0.17163445806478417,1.8936016217601634,1.2578274386607788
103.18,0.9855807837196636,0.7353432052887763,0.1736086134697838,1.89780856386847,1.2579079983737975
103.25,0.9654540706285675,0.7108142952259608,0.17558540804788103,1.902015505976776,1.257988558086816
103.32,0.9453273575374714,0.6862853851631454,0.1775647393048294,1.9062224480850818,1.2580691177998347
103.39,0.9252006444463713,0.6617564751003251,0.17954650474638284,1.9104293901933884,1.2581496775128533
103.46,0.9050739313552754,0.6372275650375098,0.18153060187829353,1.9146363323016942,1.258230237225872
103.53,0.8849472182641751,0.6126986549746892,0.18351692820631565,1.9188432744100008,1.2583107969388907
103.6,0.8648205051730791,0.5881697449118739,0.18550538123620167,1.9230502165183068,1.2583913566519094
103.67,0.8446937920819789,0.5636408348490536,0.18749585847370565,1.9272571586266134,1.258471916364928
103.74,0.824567078990883,0.5391119247862382,0.18948825742457992,1.9314641007349191,1.2585524760779465
103.81,0.8044403658997827,0.5145830147234177,0.19148247559457868,1.9356710428432258,1.2586330357909652
103.88,0.7843136528086867,0.49005410466060245,0.19347841048945436,1.9398779849515315,1.258713595503984
103.95,0.7641869397175867,0.46552519459778213,0.19547595961496095,1.9440849270598384,1.2587941552170026
104.02,0.7440602266264905,0.44099628453496664,0.19747502047685098,1.9482918691681443,1.2588747149300215
104.09,0.7239335135353905,0.4164673744721464,0.19947549058087843,1.9524988112764508,1.25895527464304
104.16,0.7038068004442943,0.39193846440933083,0.20147726743279584,1.9567057533847567,1.2590358343560586
104.23,0.6836800873531942,0.36740955434651057,0.20348024853835722,1.9609126954930631,1.2591163940690773
104.3,0.6635533742620982,0.34288064428369514,0.20548433140331504,1.9651196376013693,1.2591969537820962
104.37,0.643426661170998,0.31835173422087476,0.2074894135334234,1.9693265797096757,1.2592775134951146
104.44,0.623299948079902,0.2938228241580593,0.2094953924344346,1.9735335218179815,1.2593580732081333
104.51,0.6031732349888018,0.2692939140952392,0.21150216561210283,1.977740463926288,1.259438632921152
104.58,0.5830465218977058,0.24476500403242363,0.21350963057218053,1.9819474060345939,1.2595191926341704
104.65,0.5629198088066057,0.22023609396960336,0.21551768482042175,1.9861543481429007,1.2595997523471891
104.72,0.5427930957155096,0.19570718390678798,0.21752622586257891,1.9903612902512064,1.259680312060208
104.79,0.5226663826244095,0.1711782738439676,0.21953515120440614,1.994568232359513,1.2597608717732267
104.86,0.5025396695333134,0.14664936378115218,0.2215443583516559,1.998775174467819,1.2598414314862454
104.93,0.48241295644221327,0.1221204537183318,0.22355374481008214,2.0029821165761255,1.259921991199264
105.0,0.46228624335111723,0.09759154365551642,0.2255632080854373,2.0071890586844314,1.2600025509122825
105.07,0.44215953026002114,0.07306263359270099,0.22757264568347524,2.011396000792737,1.2600831106253014
105.14,0.42203281716892105,0.04853372352988067,0.22958195510994941,2.015602942901044,1.26016367033832
105.21,0.40190610407782495,0.024004813467065234,0.23159103387061236,2.0198098850093493,1.2602442300513386
105.28,0.38177939098672486,-0.0005240965957550858,0.23359977947121813,2.024016827117656,1.2603247897643572
105.35,0.36165267789562877,-0.02505300665857052,0.2356080894175192,2.0282237692259617,1.260405349477376
105.42,0.3415259648045286,-0.04958191672139084,0.23761586121526956,2.032430711334269,1.2604859091903948
105.49,0.32139925171343264,-0.07411082678420627,0.23962299237022172,2.0366376534425745,1.2605664689034133
105.56,0.3012725386223325,-0.09863973684702654,0.2416293803881297,2.0408445955508814,1.260647028616432
105.63,0.28114582553123646,-0.12316864690984203,0.24363492277474605,2.045051537659187,1.2607275883294506
105.7,0.2610191124401363,-0.14769755697266232,0.2456395170358247,2.0492584797674938,1.2608081480424693
105.77,0.24089239934904028,-0.17222646703547778,0.24764306067711817,2.0534654218757993,1.2608887077554882
105.84,0.2207656862579401,-0.1967553770982981,0.24964545120438053,2.057672363984106,1.260969267468507
105.91,0.20063897316684406,-0.22128428716111354,0.2516465861233642,2.0618793060924117,1.2610498271815254
105.98,0.18051226007574392,-0.24581319722393383,0.25364636293982323,2.0660862482007185,1.261130386894544
106.05,0.16038554698464788,-0.2703421072867493,0.2556446791595102,2.070293190309024,1.2612109466075627
106.12,0.14025883389354774,-0.2948710173495696,0.25764143228817893,2.0745001324173313,1.2612915063205814
106.19,0.1201321208024517,-0.319399927412385,0.25963651983158204,2.078707074525637,1.2613720660336
106.26,0.10000540771135155,-0.34392883747520536,0.2616298392954736,2.0829140166339437,1.2614526257466188
106.33,0.07987869462025551,-0.36845774753802074,0.26362128818560593,2.0871209587422492,1.2615331854596374
106.4,0.05975198152915536,-0.3929866576008411,0.26561076400773326,2.091327900850556,1.2616137451726561
106.47,0.039498871025683294,-0.4026181439138143,0.2675981402185065,2.087454023134011,1.2597018067110772
106.54,0.01924576052220712,-0.4122496302267895,0.26958319407817216,2.083580145417465,1.257789868249498
106.61,-0.0010073499812649628,-0.4218811165397627,0.27156567879787397,2.079706267700921,1.255877929787919
106.68,-0.02126046048474113,-0.43151260285273774,0.2735453475887568,2.0758323899843747,1.2539659913263397
106.75,-0.04151357098821319,-0.441144089165711,0.2755219536619646,2.0719585122678295,1.2520540528647606
106.82,-0.06176668149168529,-0.4507755754786842,0.27749525022864163,2.0680846345512847,1.2501421144031817
106.89,-0.08201979199516145,-0.46040706179165936,0.2794649904999329,2.0642107568347394,1.2482301759416023
106.96,-0.10227290249863354,-0.47003854810463264,0.28143092768698197,2.0603368791181946,1.2463182374800235
107.03,-0.12252601300210972,-0.47967003441760775,0.2833928150009338,2.0564630014016485,1.2444062990184441
107.1,-0.14277912350558175,-0.4893015207305809,0.2853504056529322,2.0525891236851037,1.2424943605568652
107.17,-0.16303223400905797,-0.49893300704355603,0.2873034528541221,2.0487152459685576,1.240582422095286
107.24,-0.18328534451253004,-0.5085644933565293,0.2892517098156471,2.0448413682520132,1.238670483633707
107.31,-0.2035384550160062,-0.5181959796695045,0.2911949297486522,2.0409674905354676,1.2367585451721277
107.38,-0.22379156551947826,-0.5278274659824777,0.29313286586428094,2.0370936128189223,1.2348466067105488
107.45,-0.2440446760229545,-0.5374589522954528,0.2950652713736788,2.0332197351023766,1.2329346682489695
107.52,-0.2642977865264265,-0.547090438608426,0.29699189948798893,2.029345857385832,1.2310227297873906
107.59,-0.28455089702990277,-0.5106175035655782,0.2989125034183566,2.025471979669286,1.2291107913258112
107.66,-0.3048040075333748,-0.4741445685227379,0.3008268363759255,2.0215981019527414,1.2271988528642324
107.73,-0.32505711803685094,-0.43767163347989013,0.3027346515718405,2.0177242242361952,1.225286914402653
107.8,-0.345310228540323,-0.40119869843704986,0.30463570221724545,2.0138503465196504,1.223374975941074
107.87,-0.3655633390437992,-0.3647257633942021,0.30652974152328516,2.009976468803105,1.2214630374794948
107.94,-0.3858164495472713,-0.3282528283513617,0.30841652270110326,2.00610259108656,1.2195510990179157
108.01,-0.4060695600507475,-0.291779893308514,0.31029579896184517,2.0022287133700143,1.2176391605563364
108.08,-0.4263226705542195,-0.2553069582656736,0.31216732351665394,1.9983548356534695,1.2157272220947575
108.15,-0.4465757810576957,-0.2188340232228259,0.3140308495766751,1.9944809579369236,1.2138152836331781
108.22,-0.4668288915611678,-0.1823610881799856,0.31588613035305196,1.9906070802203786,1.2119033451715993
108.29,-0.4870820020646439,-0.14588815313713785,0.3177329190569299,1.986733202503833,1.20999140671002
108.36,-0.507335112568116,-0.10941521809429748,0.31957096889945213,1.982859324787288,1.208079468248441
108.43,-0.5275882230715921,-0.07294228305144973,0.32140003309176407,1.9789854470707422,1.2061675297868617
108.5,-0.5478413335750643,-0.0364693480086094,0.32321986484500903,1.9751115693541974,1.2042555913252828
108.57,-0.5680944440785364,3.5870342309438086e-06,0.32503021737033194,1.9712376916376524,1.202343652863704
108.64,-0.5883475545820125,0.03647652207707869,0.3268308438788774,1.9673638139211067,1.2004317144021246
108.71,-0.6086006650854847,-0.008979956395209418,0.32862149758178916,1.963489936204562,1.1985197759405455
108.78,-0.6288537755889608,-0.054436434867506774,0.3304019316902121,1.959616058488016,1.1966078374789664
108.85,-0.6491068860924328,-0.09989291333979486,0.3321718994152898,1.9557421807714714,1.1946958990173873
108.92,-0.669359996595909,-0.14534939181209222,0.3339311539681676,1.9518683030549255,1.1927839605558082
108.99,-0.6896131070993812,-0.1908058702843803,0.3356794485599887,1.9479944253383805,1.190872022094229
109.06,-0.7098662176028573,-0.23626234875667768,0.3374165364018985,1.9441205476218348,1.1889600836326497
109.13,-0.7301193281063292,-0.2817188272289658,0.3391421707050406,1.94024666990529,1.1870481451710708
109.2,-0.7503724386098056,-0.32717530570126313,0.34085610468055977,1.9363727921887444,1.1851362067094915
109.27,-0.7706255491132775,-0.3726317841735512,0.3425580915396,1.9324989144721993,1.1832242682479128
109.34,-0.7908786596167537,-0.4180882626458486,0.34424788449330596,1.9286250367556539,1.1813123297863333
109.41,-0.8111317701202259,-0.46354474111813665,0.34592523675282166,1.9247511590391087,1.1794003913247544
109.48,-0.8313848806237021,-0.5090012195904341,0.34758990152929187,1.920877281322563,1.177488452863175
109.55,-0.8516379911271741,-0.554457698062722,0.34924163203386027,1.9170034036060182,1.1755765144015962
109.62,-0.8718911016306503,-0.5999141765350195,0.350880181477672,1.9131295258894725,1.1736645759400168
109.69,-0.8921442121341223,-0.6453706550073075,0.3525053030718706,1.9092556481729275,1.171752637478438
109.76,-0.9123973226375984,-0.690827133479605,0.3541167500276011,1.9053817704563818,1.1698406990168586
109.83,-0.9326504331410707,-0.7362836119518931,0.3557142755560073,1.9015078927398368,1.1679287605552797
109.9,-0.9529035436445468,-0.7817400904241903,0.3572976328682342,1.8976340150232913,1.1660168220937004
109.97,-0.9731566541480188,-0.8271965688964784,0.3588665751754251,1.8937601373067463,1.1641048836321213
110.04,-0.993409764651495,-0.8726530473687759,0.3604208556887254,1.8898862595902006,1.1621929451705422
110.11,-1.0136628751549672,-0.9181095258410639,0.36196022761927865,1.8860123818736556,1.160281006708963
110.18,-1.0339159856584432,-0.9635660043133613,0.3634844441782298,1.8821385041571097,1.158369068247384
110.25,-1.0541690961619152,-1.0090224827856495,0.36499325857672266,1.8782646264405651,1.1564571297858048
110.32,-1.0744222066653872,-1.0544789612579375,0.3664864240259017,1.8743907487240201,1.1545451913242262
110.39,-1.0946753171688637,-1.0999354397302348,0.3679636937369117,1.8705168710074747,1.1526332528626466
110.46,-1.1149284276723355,-1.1453919182025227,0.36942482092089635,1.8666429932909294,1.1507213144010677
110.53,-1.135181538175812,-1.1908483966748205,0.37086955878900063,1.8627691155743835,1.1488093759394884
110.6,-1.155434648679284,-1.2363048751471084,0.37229766055236824,1.858895237857839,1.1468974374779095
110.67,-1.1756877591827601,-1.2817613536194057,0.37370887942214415,1.855021360141293,1.1449854990163302
110.74,-1.1959408696862321,-1.3272178320916936,0.3751029686094719,1.8511474824247485,1.1430735605547515
110.81,-1.2161939801897081,-1.3726743105639914,0.3764796813254967,1.8472736047082026,1.1411616220931722
110.88,-1.2364470906931804,-1.4181307890362793,0.37783877078136224,1.8433997269916576,1.139249683631593
110.95,-1.2567002011966566,-1.435868506179997,0.37918006269460497,1.8395258492751119,1.1373377451700137
111.02,-1.2769533117001286,-1.4536062233237108,0.380503672808327,1.835651971558567,1.1354258067084348
111.09,-1.2972064222036048,-1.471343940467428,0.38180978937202315,1.8317780938420212,1.1335138682468555
111.16,-1.317459532707077,-1.4890816576111416,0.383098600635187,1.8279042161254762,1.1316019297852764
111.23,-1.3377126432105528,-1.5068193747548593,0.38437029484731333,1.8240303384089307,1.1296899913236975
111.3,-1.3579657537140253,-1.5245570918985731,0.3856250602578961,1.8201564606923857,1.1277780528621182
111.37,-1.3782188642175013,-1.5422948090422905,0.38686308511642986,1.81628258297584,1.1258661144005389
111.44,-1.3984719747209733,-1.5600325261860044,0.38808455767240835,1.8124087052592952,1.1239541759389602
111.51,-1.4187250852244495,-1.5777702433297218,0.38928966617532645,1.8085348275427495,1.1220422374773806
111.58,-1.4389781957279215,-1.5955079604734355,0.3904785988746778,1.8046609498262043,1.1201302990158017
111.65,-1.459231306231398,-1.613245677617153,0.39165154401995705,1.8007870721096588,1.1182183605542224
111.72,-1.47948441673487,-1.630983394760867,0.39280868986065826,1.7969131943931138,1.1163064220926435
111.79,-1.4997375272383462,-1.6487211119045844,0.3939502246462759,1.7930393166765681,1.1143944836310642
111.86,-1.5199906377418182,-1.666458829048298,0.39507633662630376,1.7891654389600233,1.1124825451694855
111.93,-1.5402437482452942,-1.6841965461920156,0.3961872140502366,1.7852915612434777,1.1105706067079062
112.0,-1.5604968587487666,-1.7019342633357293,0.39728304516756824,1.7814176835269326,1.108658668246327
112.07,-1.5807499692522384,-1.7196719804794431,0.3983640182277931,1.7775438058103876,1.1067467297847482
112.14,-1.6010030797557147,-1.7374096976231606,0.39943032148040564,1.773669928093842,1.1048347913231689
112.21,-1.6212561902591867,-1.7551474147668744,0.4004821431748997,1.7697960503772971,1.10292285286159
112.28,-1.6415093007626629,-1.772885131910592,0.40151967156076995,1.7659221726607515,1.1010109144000106
112.35,-1.6617624112661347,-1.7906228490543055,0.4025430948875103,1.7620482949442065,1.0990989759384315
112.42,-1.6820155217696113,-1.808360566198023,0.40355260140461524,1.7581744172276608,1.0971870374768522
112.49,-1.7022686322730831,-1.826098283341737,0.4045483793615788,1.7543005395111158,1.0952750990152735
112.56,-1.7225217427765593,-1.8438360004854544,0.4055306170078953,1.7504266617945703,1.0933631605536942
112.63,-1.7427748532800313,-1.861573717629168,0.40649950259305884,1.7465527840780253,1.0914512220921153
112.7,-1.7630279637835076,-1.8793114347728856,0.40745522436656423,1.7426789063614798,1.089539283630536
112.77,-1.7832810742869798,-1.8970491519165993,0.4083979705779049,1.7388050286449346,1.087627345168957
112.84,-1.803534184790456,-1.914786869060317,0.40932792947657587,1.7349311509283887,1.0857154067073775
112.91,-1.823787295293928,-1.9325245862040306,0.4102452893120707,1.731057273211844,1.0838034682457989
112.98,-1.844040405797404,-1.9502623033477482,0.4111502383338843,1.7271833954952982,1.0818915297842195
113.05,-1.8642935163008763,-1.9680000204914618,0.4120429647915102,1.7233095177787534,1.0799795913226404
113.12,-1.8845466268043523,-1.9857377376351795,0.41292365693444333,1.7194356400622075,1.078067652861061
113.19,-1.9047997373078245,-2.003475454778893,0.41379250301217735,1.7155617623456627,1.0761557143994822
113.26,-1.9250528478113007,-2.0212131719226107,0.41464969127420703,1.711687884629117,1.0742437759379029
113.33,-1.9453059583147727,-2.0389508890663244,0.41549540997002615,1.707814006912572,1.072331837476324
113.4,-1.965559068818249,-2.0566886062100416,0.41632984734912926,1.7039401291960263,1.0704198990147449
113.47,-1.985812179321721,-2.0744263233537557,0.41715319166101056,1.7000662514794813,1.0685079605531655
113.54,-2.0060652898251976,-2.092164040497473,0.4179656311551643,1.6961923737629356,1.0665960220915864
113.61,-2.026318400328669,-2.109901757641187,0.4187673540810845,1.6923184960463908,1.0646840836300075
113.68,-2.046571510832145,-2.1276394747849046,0.41955854868826575,1.6884446183298452,1.0627721451684282
113.75,-2.0668246213356176,-2.145377191928618,0.4203394032262019,1.6845707406133004,1.0608602067068493
113.82,-2.0870777318390896,-2.163114909072332,0.42111010594438747,1.6806968628967554,1.0589482682452702
113.89,-2.1073308423425656,-2.1808526262160495,0.42187084509231704,1.6768229851802094,1.0570363297836909
113.96,-2.1275839528460376,-2.198590343359763,0.422621808919484,1.6729491074636647,1.0551243913221122
114.03,-2.1478370633495136,-2.2163280605034807,0.42336318567538345,1.669075229747119,1.0532124528605327
114.1,-2.1680901738529856,-2.2340657776471944,0.424095163609509,1.6652013520305742,1.051300514398954
114.17,-2.188343284356462,-2.251803494790912,0.42481793097135523,1.6613274743140285,1.0493885759373747
114.24,-2.208596394859934,-2.2695412119346257,0.4255316760104162,1.6574535965974833,1.0474766374757956
114.31,-2.2288495053634105,-2.2872789290783433,0.4262365869761864,1.6535797188809378,1.0455646990142162
114.38,-2.2491026158668825,-2.305016646222057,0.42693285211815984,1.6497058411643928,1.0436527605526373
114.45,-2.2693557263703585,-2.3227543633657746,0.42762065968583096,1.645831963447847,1.0417408220910582
114.52,-2.289608836873831,-2.340492080509488,0.42830019792869384,1.641958085731302,1.0398288836294791
114.59,-2.309861947377307,-2.358229797653206,0.4289716550962428,1.6380842080147564,1.0379169451678998
114.66,-2.330115057880779,-2.375967514796919,0.4296352194379721,1.6342103302982116,1.036005006706321
114.73,-2.350368168384255,-2.393705231940637,0.4302910792033759,1.630336452581666,1.0340930682447416
114.8,-2.370621278887727,-2.4114429490843508,0.4309394226419485,1.626462574865121,1.0321811297831627
114.87,-2.3908743893912034,-2.429180666228068,0.43158043800318435,1.6225886971485752,1.0302691913215833
114.94,-2.4111274998946755,-2.446918383371782,0.4322143135365772,1.6187148194320302,1.0283572528600042
115.01,-2.431380610398152,-2.464656100515499,0.4328412374916218,1.6148409417154845,1.0264453143984251
115.08,-2.451633720901624,-2.4823938176592133,0.43346139811781204,1.6109670639989397,1.0245333759368462
115.15,-2.4718868314051,-2.5001315348029305,0.4340749836646424,1.6070931862823938,1.0226214374752667
115.22,-2.492139941908572,-2.5178692519466446,0.4346821823816072,1.6032193085658493,1.020709499013688
115.29,-2.5123930524120484,-2.5356069690903618,0.4352831825182003,1.5993454308493034,1.0187975605521087
115.36,-2.5087219250942914,-2.5320916201206325,0.43587815986392925,1.5954715531327586,1.0168856220905296
115.43,-2.5050507977765335,-2.5285762711509023,0.43646724036835394,1.5915976754162127,1.0149736836289502
115.5,-2.501379670458776,-2.5250609221811726,0.4370505375210471,1.5877237976996676,1.0130617451673714
115.57,-2.4977085431410186,-2.521545573211443,0.43762816481158145,1.583849919983123,1.0111498067057927
115.64,-2.4940374158232608,-2.5180302242417127,0.43820023572953,1.5799760422665772,1.0092378682442131
115.71,-2.4903662885055033,-2.5145148752719835,0.43876686376446566,1.5761021645500324,1.0073259297826342
115.78,-2.4866951611877455,-2.5109995263022533,0.4393281624059613,1.5722282868334865,1.005413991321055
115.85,-2.4830240338699885,-2.507484177332524,0.4398842451435895,1.5683544091169417,1.003502052859476
115.92,-2.47935290655223,-2.503968828362794,0.4404352254669232,1.564480531400396,1.0015901143978967
115.99,-2.475681779234473,-2.500453479393064,0.44098121686553543,1.560606653683851,0.9996781759363177
116.06,-2.4720106519167153,-2.496938130423334,0.4415223328289989,1.5567327759673053,0.9977662374747384
116.13,-2.468339524598958,-2.4934227814536043,0.4420586868468864,1.5528588982507603,0.9958542990131596
116.2,-2.4646683972812,-2.4899074324838746,0.442590392408771,1.5489850205342146,0.9939423605515803
116.27,-2.460997269963443,-2.486392083514145,0.4431175630042253,1.5451111428176698,0.9920304220900013
116.34,-2.4573261426456847,-2.4828767345444147,0.4436403121228224,1.5412372651011241,0.990118483628422
116.41,-2.4536550153279277,-2.4793613855746854,0.44415875325413484,1.5373633873845791,0.988206545166843
116.48,-2.44998388801017,-2.4758460366049553,0.44467299988773595,1.5334895096680334,0.9862946067052636
116.55,-2.446312760692413,-2.4723306876352256,0.445183165513198,1.5296156319514884,0.9843826682436848
116.62,-2.4426416333746546,-2.4688153386654954,0.4456893636200942,1.525741754234943,0.9824707297821055
116.69,-2.438970506056897,-2.465299989695766,0.4461917076979974,1.521867876518398,0.9805587913205267
116.76,-2.4352993787391397,-2.461784640726036,0.4466903112364802,1.5179939988018523,0.9786468528589473
116.83,-2.431628251421382,-2.4582692917563063,0.4471852877251156,1.5141201210853072,0.9767349143973683
116.9,-2.4279571241036244,-2.4547539427865765,0.4476767506534767,1.5102462433687616,0.9748229759357889
116.97,-2.424285996785867,-2.451238593816847,0.4481648135111359,1.5063723656522168,0.97291103747421
117.04,-2.4206148694681087,-2.4477232448471167,0.4486495897876664,1.5024984879356709,0.9709990990126308
117.11,-2.4169437421503517,-2.444207895877387,0.44913119297264076,1.4986246102191263,0.9690871605510519
117.18,-2.413272614832594,-2.440692546907657,0.4496097365556322,1.4947507325025804,0.9671752220894725
117.25,-2.409601487514837,-2.4371771979379275,0.4500853340262131,1.4908768547860354,0.9652632836278936
117.32,-2.4059303601970794,-2.433661848968198,0.4505580988739567,1.4870029770694906,0.9633513451663147
117.39,-2.402259232879322,-2.4301464999984677,0.4510281445884357,1.483129099352945,0.9614394067047354
117.46,-2.398588105561564,-2.4266311510287384,0.4514955846592229,1.4792552216363999,0.9595274682431564
117.53,-2.3949169782438062,-2.423115802059008,0.45196053257589136,1.4753813439198542,0.957615529781577
117.6,-2.3912458509260492,-2.419600453089279,0.45242310182801365,1.4715074662033092,0.9557035913199982
117.67,-2.387574723608291,-2.4160851041195484,0.45288340590516285,1.4676335884867635,0.9537916528584188
117.74,-2.383903596290534,-2.412569755149819,0.4533415582969117,1.4637597107702187,0.95187971439684
117.81,-2.3802324689727756,-2.409054406180089,0.453797672492833,1.4598858330536728,0.9499677759352606
117.88,-2.3765613416550186,-2.405539057210359,0.4542518619824997,1.456011955337128,0.9480558374736816
117.95,-2.3728902143372608,-2.402023708240629,0.45470424025548456,1.4521380776205821,0.9461438990121024
118.02,-2.3692190870195033,-2.3985083592708993,0.4551549208013605,1.4482641999040375,0.9442319605505234
118.09,-2.365547959701746,-2.3949930103011696,0.45560401710970044,1.4443903221874916,0.942320022088944
118.16,-2.3618768323839885,-2.3914776613314404,0.456051642670077,1.4405164444709468,0.9404080836273653
118.23,-2.35820570506623,-2.3879623123617097,0.45649791097206316,1.4366425667544012,0.9384961451657859
118.3,-2.354534577748473,-2.3844469633919805,0.45694293550523196,1.432768689037856,0.936584206704207
118.37,-2.3508634504307153,-2.3809316144222503,0.45738682975915607,1.4288948113213105,0.9346722682426276
118.44,-2.347192323112958,-2.3774162654525206,0.45782970722340816,1.4250209336047654,0.9327603297810487
118.51,-2.3435211957952,-2.373900916482791,0.45827168138756136,1.4211470558882198,0.9308483913194694
118.58,-2.339850068477443,-2.370385567513061,0.45871286574118847,1.417273178171675,0.9289364528578905
118.65,-2.336178941159685,-2.366870218543331,0.45915337377386223,1.4133993004551293,0.9270245143963113
118.72,-2.3325078138419277,-2.3633548695736013,0.45959331897515543,1.4095254227385843,0.9251125759347322
118.79,-2.32883668652417,-2.359839520603871,0.46003281483464126,1.4056515450220386,0.923200637473153
118.86,-2.3251655592064124,-2.356324171634142,0.4604719748418922,1.4017776673054936,0.9212886990115741
118.93,-2.3214944318886546,-2.3528088226644117,0.4609109124864812,1.3979037895889481,0.9193767605499946
119.0,-2.317823304570897,-2.3492934736946824,0.46134974125798134,1.394029911872403,0.9174648220884158
119.07,-2.31415217725314,-2.345778124724953,0.4617885746459651,1.390156034155858,0.9155528836268368
119.14,-2.3104810499353823,-2.3422627757552226,0.4622275261400058,1.3862821564393124,0.9136409451652574
119.21,-2.3068099226176253,-2.3387474267854933,0.4626667092296756,1.3824082787227674,0.9117290067036786
119.28,-2.303138795299867,-2.335232077815763,0.4631062374045482,1.378534401006222,0.9098170682420993
119.35,-2.29946766798211,-2.3317167288460334,0.4635462241541957,1.3746605232896767,0.9079051297805203
119.42,-2.2957965406643517,-2.328201379876303,0.4639867829681914,1.370786645573131,0.905993191318941
119.49,-2.2921254133465947,-2.3246860309065736,0.46442802733610783,1.3669127678565862,0.9040812528573621
119.56,-2.288454286028837,-2.3211706819368434,0.46487007074751824,1.3630388901400405,0.9021693143957827
119.63,-2.28478315871108,-2.317655332967114,0.4653130266919952,1.3591650124234957,0.9002573759342039
119.7,-2.2811120313933215,-2.314139983997384,0.46575700865911157,1.35529113470695,0.8983454374726245
119.77,-2.277440904075564,-2.3106246350276543,0.46620213013844025,1.351417256990405,0.8964334990110455
119.84,-2.2737697767578062,-2.3071092860579245,0.46664850461955404,1.3475433792738591,0.8945215605494662
119.91,-2.2700986494400492,-2.303593937088195,0.46709624559202584,1.3436695015573143,0.8926096220878874
119.98,-2.266427522122291,-2.300078588118464,0.46754546654542845,1.3397956238407687,0.8906976836263081
120.05,-2.262756394804534,-2.2965632391487354,0.4679962809693351,1.3359217461242239,0.8887857451647292
120.12,-2.259085267486776,-2.293047890179005,0.46844880235331793,1.332047868407678,0.8868738067031499
120.19,-2.2554141401690186,-2.2895325412092755,0.4689031441869502,1.3281739906911332,0.8849618682415709
120.26,-2.2517430128512608,-2.2860171922395454,0.4693594199598049,1.3243001129745873,0.8830499297799915
120.33,-2.248071885533504,-2.2825018432698156,0.46981774316145464,1.3204262352580427,0.8811379913184126
120.4,-2.244400758215746,-2.278986494300086,0.47027822728147234,1.3165523575414968,0.8792260528568333
120.47,-2.240729630897988,-2.275471145330356,0.47074098580943063,1.3126784798249518,0.8773141143952544
120.54,-2.2370585035802306,-2.271955796360626,0.47120613223490293,1.3088046021084063,0.8754021759336751
120.61,-2.233387376262473,-2.268440447390897,0.47167378004746147,1.304930724391861,0.8734902374720962
120.68,-2.2297162489447153,-2.264925098421166,0.4721440427366796,1.3010568466753156,0.8715782990105168
120.75,-2.2260451216269583,-2.261409749451437,0.4726170337921296,1.2971829689587706,0.8696663605489379
120.82,-2.222373994309201,-2.2578944004817076,0.4730928667033849,1.2933090912422256,0.867754422087359
120.89,-2.218702866991443,-2.2543790515119775,0.473571654960018,1.28943521352568,0.8658424836257795
120.96,-2.2150317396736856,-2.2508637025422478,0.47405351205160196,1.2855613358091351,0.8639305451642008
121.03,-2.2113606123559277,-2.2473483535725176,0.4745385514677095,1.2816874580925894,0.8620186067026214
121.1,-2.2076894850381708,-2.2438330046027883,0.47502688669791343,1.2778135803760444,0.8601066682410425
121.17,-2.2040183577204124,-2.2403176556330577,0.4755186312317866,1.2739397026594987,0.8581947297794632
121.24,-2.2003472304026555,-2.2368023066633285,0.476013898558902,1.2700658249429537,0.8562827913178842
121.31,-2.1966761030848976,-2.2332869576935988,0.4765128021688325,1.266191947226408,0.8543708528563048
121.38,-2.19300497576714,-2.229771608723869,0.47701545555115077,1.2623180695098632,0.852458914394726
121.45,-2.1893338484493823,-2.226256259754139,0.4775219721954297,1.2584441917933176,0.8505469759331467
121.52,-2.185662721131625,-2.222740910784409,0.47803246559124213,1.2545703140767726,0.8486350374715679
121.59,-2.181991593813867,-2.219225561814679,0.4785470492281611,1.250696436360227,0.8467230990099884
121.66,-2.17832046649611,-2.2157102128449497,0.4790658365957592,1.2468225586436819,0.8448111605484094
121.73,-2.1746493391783517,-2.2121948638752196,0.4795889411836096,1.2429486809271362,0.8428992220868302
121.8,-2.1709782118605947,-2.20867951490549,0.48011647648128475,1.2390748032105914,0.8409872836252512
121.87,-2.167307084542837,-2.2051641659357597,0.48064855597835776,1.2352009254940457,0.8390753451636719
121.94,-2.1636359572250794,-2.2016488169660304,0.4811852931644014,1.231327047777501,0.8371634067020931
122.01,-2.159964829907322,-2.1981334679963003,0.4817268015289886,1.227453170060955,0.8352514682405139
122.08,-2.1562937025895645,-2.194618119026571,0.4822731945616921,1.2235792923444102,0.8333395297789348
122.15,-2.1526225752718062,-2.1911027700568404,0.4828245857520848,1.2197054146278643,0.8314275913173554
122.22,-2.1489514479540492,-2.1875874210871107,0.48338108858973955,1.2158315369113195,0.8295156528557766
122.29,-2.1452803206362914,-2.184072072117381,0.4839428165642293,1.2119576591947738,0.8276037143941972
122.36,-2.141609193318534,-2.1805567231476513,0.4845098831651265,1.2080837814782288,0.8256917759326182
122.43,-2.137938066000776,-2.177041374177921,0.48508240188200463,1.204209903761683,0.8237798374710389
122.5,-2.1342669386830186,-2.173526025208192,0.485660486204436,1.2003360260451381,0.82186789900946
122.57,-2.1305958113652617,-2.170010676238462,0.48624424962199364,1.1964621483285933,0.8199559605478812
122.64,-2.126924684047504,-2.1664953272687324,0.4868338056242506,1.1925882706120476,0.8180440220863019
122.71,-2.1232535567297464,-2.1629799782990027,0.4874292677007795,1.1887143928955026,0.8161320836247228
122.78,-2.1195824294119885,-2.1594646293292725,0.48803074934115326,1.1848405151789567,0.8142201451631436
122.85,-2.115911302094231,-2.155949280359543,0.48863836403494465,1.1809666374624121,0.8123082067015647
122.92,-2.112240174776473,-2.1524339313898126,0.48925222527172674,1.1770927597458662,0.8103962682399852
122.99,-2.1085690474587158,-2.1489185824200834,0.489872446541072,1.1732188820293217,0.8084843297784065
123.06,-2.1048979201409583,-2.145403233450353,0.49049914133255385,1.1693450043127758,0.8065723913168271
123.13,-2.101226792823201,-2.141887884480624,0.49113242313574434,1.1654711265962305,0.8046604528552481
123.2,-2.097555665505443,-2.138372535510894,0.49177240544021705,1.161597248879685,0.8027485143936688
123.27,-2.0938845381876856,-2.134857186541164,0.49241920173554454,1.15772337116314,0.8008365759320899
123.34,-2.0902134108699277,-2.131341837571434,0.49307292551129966,1.1538494934465946,0.7989246374705106
123.41,-2.0865422835521708,-2.127826488601704,0.4937336902570552,1.1499756157300496,0.7970126990089317
123.48,-2.082871156234413,-2.124311139631974,0.4944016094623843,1.146101738013504,0.7951007605473525
123.55,-2.0792000289166555,-2.1207957906622448,0.4950767966168593,1.1422278602969589,0.7931888220857733
123.62,-2.0755289015988976,-2.1172804416925146,0.49575936521005354,1.1383539825804132,0.7912768836241941
123.69,-2.07185777428114,-2.113765092722785,0.4964494287315395,1.1344801048638684,0.7893649451626152
123.76,-2.0681866469633823,-2.110249743753055,0.4971471006708904,1.1306062271473227,0.7874530067010359
123.83,-2.0645155196456253,-2.1067343947833255,0.4978524945176787,1.1267323494307775,0.7855410682394568
123.9,-2.0608443923278674,-2.1032190458135953,0.4985657237614778,1.122858471714232,0.7836291297778776
123.97,-2.05717326501011,-2.0997036968438656,0.49928690189185976,1.118984593997687,0.7817171913162988
124.04,-2.0535021376923517,-2.096188347874136,0.5000161423983981,1.1151107162811416,0.7798052528547194
124.11,-2.0498310103745947,-2.092672998904406,0.5007535587706653,1.1112368385645965,0.7778933143931405
124.18,-2.0509595422001823,-2.093818132238784,0.5014992321765731,1.1073629608480506,0.7759813759315612
124.25,-2.05208807402577,-2.094963265573162,0.5022531144973862,1.1034890831315058,0.7740694374699822
124.32,-2.0532166058513575,-2.09610839890754,0.503015125292709,1.0996152054149608,0.7721574990084032
124.39,-2.0543451376769446,-2.097253532241918,0.5037851841221453,1.0957413276984154,0.7702455605468239
124.46,-2.055473669502532,-2.098398665576296,0.504563210545299,1.0918674499818704,0.768333622085245
124.53,-2.0566022013281198,-2.099543798910674,0.5053491241217738,1.0879935722653247,0.7664216836236657
124.6,-2.0577307331537074,-2.100688932245052,0.5061428444111733,1.0841196945487797,0.7645097451620868
124.67,-2.058859264979295,-2.101834065579431,0.5069442909731018,1.080245816832234,0.7625978067005075
124.74,-2.0599877968048825,-2.1029791989138085,0.5077533833671631,1.0763719391156892,0.7606858682389286
124.81,-2.06111632863047,-2.104124332248187,0.508570041152961,1.0724980613991433,0.7587739297773493
124.88,-2.0622448604560573,-2.105269465582565,0.509394183890099,1.0686241836825985,0.7568619913157704
124.95,-2.063373392281645,-2.1064145989169427,0.5102257311381816,1.0647503059660526,0.754950052854191
125.02,-2.0645019241072324,-2.1075597322513206,0.5110646024568121,1.0608764282495078,0.753038114392612
125.09,-2.06563045593282,-2.1087048655856986,0.5119107174055947,1.057002550532962,0.7511261759310326
125.16,-2.0667589877584076,-2.109849998920077,0.5127639955441331,1.0531286728164173,0.7492142374694538
125.23,-2.067887519583995,-2.110995132254455,0.5136243564320313,1.0492547950998716,0.7473022990078746
125.3,-2.069016051409583,-2.112140265588833,0.514491719628893,1.0453809173833264,0.7453903605462956
125.37,-2.0701445832351704,-2.113285398923211,0.515366004694322,1.041507039666781,0.7434784220847163
125.44,-2.071273115060758,-2.1144305322575887,0.5162471311879223,1.037633161950236,0.7415664836231373
125.51,-2.0724016468863455,-2.115575665591967,0.5171350186692979,1.0337592842336902,0.739654545161558
125.58,-2.073530178711933,-2.1167207989263455,0.5180295866980522,1.0298854065171454,0.737742606699979
125.65,-2.0746587105375207,-2.1178659322607234,0.5189307548337898,1.0260115288005995,0.7358306682383998
125.72,-2.075787242363108,-2.1190110655951013,0.5198384426361136,1.0221376510840547,0.7339187297768208
125.79,-2.076915774188696,-2.1201561989294797,0.5207525696646284,1.018263773367509,0.7320067913152415
125.86,-2.078044306014283,-2.121301332263857,0.5216730554789372,1.014389895650964,0.7300948528536626
125.93,-2.079172837839871,-2.1224464655982356,0.5225998196386444,1.0105160179344184,0.7281829143920833
126.0,-2.080301369665458,-2.1235915989326135,0.5235327817033538,1.0066421402178733,0.7262709759305044
126.07,-2.081429901491046,-2.1247367322669914,0.5244718612326691,1.0027682625013286,0.7243590374689255
126.14,-2.0825584333166334,-2.12588186560137,0.5254169777861943,0.9988943847847829,0.7224470990073462
126.21,-2.083686965142221,-2.1270269989357478,0.5263680509235331,0.995020507068238,0.7205351605457672
126.28,-2.0848154969678085,-2.1281721322701257,0.5273250002042896,0.9911466293516922,0.7186232220841879
126.35,-2.0859440287933957,-2.1293172656045036,0.5282877451880674,0.9872727516351472,0.7167112836226089
126.42,-2.0870725606189837,-2.130462398938882,0.5292562054344706,0.9833988739186015,0.7147993451610296
126.49,-2.088201092444571,-2.13160753227326,0.5302303005031028,0.9795249962020566,0.7128874066994506
126.56,-2.089329624270159,-2.132752665607638,0.5312099499535682,0.975651118485511,0.7109754682378714
126.63,-2.090458156095746,-2.133897798942016,0.5321950733454701,0.9717772407689661,0.7090635297762926
126.7,-2.091586687921334,-2.135042932276394,0.533185590238413,0.9679033630524203,0.7071515913147132
126.77,-2.092715219746921,-2.136188065610772,0.5341814201920003,0.9640294853358754,0.7052396528531342
126.84,-2.093843751572509,-2.13733319894515,0.5351824827658361,0.9601556076193297,0.7033277143915548
126.91,-2.0949722833980964,-2.138478332279528,0.536188697519524,0.9562817299027848,0.701415775929976
126.98,-2.096100815223684,-2.1396234656139064,0.5371999840126683,0.952407852186239,0.6995038374683966
127.05,-2.0972293470492716,-2.1407685989482843,0.5382162618048724,0.9485339744696941,0.6975918990068178
127.12,-2.098357878874859,-2.1419137322826627,0.5392374504557405,0.9446600967531485,0.6956799605452384
127.19,-2.0994864107004467,-2.14305886561704,0.5402634695248759,0.9407862190366035,0.6937680220836595
127.26,-2.1006149425260343,-2.1442039989514186,0.5412942385718833,0.9369123413200577,0.6918560836220802
127.33,-2.1017434743516215,-2.1453491322857965,0.5423296771563657,0.9330384636035128,0.6899441451605012
127.4,-2.102872006177209,-2.1464942656201744,0.5433697048379278,0.9291645858869672,0.688032206698922
127.47,-2.1040005380027966,-2.1476393989545524,0.5444142411761728,0.9252907081704222,0.686120268237343
127.54,-2.105129069828384,-2.1487845322889307,0.5454632057307048,0.9214168304538766,0.6842083297757637
127.61,-2.106257601653972,-2.1499296656233087,0.5465165180611277,0.9175429527373317,0.6822963913141848
127.68,-2.1073861334795594,-2.151074798957687,0.5475740977270455,0.913669075020786,0.6803844528526054
127.75,-2.108514665305147,-2.152219932292065,0.5486358642880613,0.9097951973042411,0.6784725143910266
127.82,-2.109643197130734,-2.153365065626443,0.5497017373037797,0.9059213195876961,0.6765605759294475
127.89,-2.1107717289563217,-2.154510198960821,0.5507716363338047,0.9020474418711504,0.6746486374678683
127.96,-2.1119002607819097,-2.1556553322951992,0.5518454809377394,0.8981735641546056,0.6727366990062894
128.03,-2.1130287926074973,-2.156800465629577,0.5529231906751885,0.8942996864380598,0.6708247605447101
128.1,-2.1141573244330845,-2.157945598963955,0.5540046851057551,0.8904258087215149,0.6689128220831311
128.17,-2.115285856258672,-2.159090732298333,0.5550898837890433,0.88655193100497,0.6670008836215522
128.24,-2.1164143880842596,-2.1602358656327114,0.5561787062846576,0.8826780532884234,0.6650889451599725
128.31,-2.117542919909847,-2.1613809989670894,0.5572710721522008,0.8788041755718785,0.6631770066983935
128.38,-2.118671451735435,-2.1625261323014673,0.5583669009512775,0.8749302978553335,0.6612650682368146
128.45,-2.1197999835610224,-2.163671265635845,0.5594661122414911,0.8710564201387887,0.6593531297752357
128.52,-2.12092851538661,-2.164816398970223,0.5605686255824462,0.8671825424222421,0.657441191313656
128.59,-2.1220570472121976,-2.1659615323046015,0.5616743605337458,0.8633086647056973,0.6555292528520771
128.66,-2.1231855790377847,-2.1671066656389795,0.562783236654994,0.8594347869891523,0.6536173143904982
128.73,-2.1243141108633723,-2.1682517989733574,0.5638951735057945,0.8555609092726074,0.6517053759289192
128.8,-2.1254426426889603,-2.169396932307736,0.5650100906457522,0.851687031556061,0.6497934374673395
128.87,-2.126571174514548,-2.1705420656421137,0.5661279076344696,0.847813153839516,0.6478814990057605
128.94,-2.127699706340135,-2.1716871989764917,0.5672485440315513,0.8439392761229711,0.6459695605441816
129.01,-2.1288282381657226,-2.17283233231087,0.5683719193966009,0.8400653984064261,0.6440576220826028
129.08,-2.1299567699913107,-2.1739774656452484,0.5694979532892227,0.8361915206898798,0.6421456836210231
129.15,-2.131085301816898,-2.175122598979626,0.5706265652690198,0.8323176429733349,0.6402337451594441
129.22,-2.1322138336424854,-2.176267732314004,0.5717576748955961,0.82844376525679,0.6383218066978652
129.29,-2.1333423654680725,-2.1774128656483818,0.5728912017285563,0.824569887540245,0.6364098682362862
129.36,-2.134470897293661,-2.1785579989827606,0.5740270653275041,0.8206960098236985,0.6344979297747065
129.43,-2.1355994291192477,-2.179703132317138,0.5751651852520423,0.8168221321071536,0.6325859913131275
129.5,-2.1367279609448357,-2.180848265651516,0.576305481061776,0.8129482543906087,0.6306740528515486
129.57,-2.137856492770423,-2.1819933989858944,0.5774478723163082,0.8090743766740638,0.6287621143899698
129.64,-2.1389850245960105,-2.183138532320272,0.5785922785752432,0.8052004989575188,0.6268501759283909
129.71,-2.140113556421598,-2.1842836656546503,0.579738619398185,0.8013266212409723,0.6249382374668111
129.78,-2.1412420882471856,-2.1854287989890286,0.580886814344737,0.7974527435244274,0.6230262990052322
129.85,-2.1423706200727732,-2.186573932323406,0.5820367829745031,0.7935788658078824,0.6211143605436532
129.92,-2.143499151898361,-2.1877190656577845,0.5831884448470874,0.7897049880913376,0.6192024220820743
129.99,-2.1446276837239484,-2.1888641989921624,0.5843417195220941,0.785831110374791,0.6172904836204947
130.06,-2.145756215549536,-2.190009332326541,0.5854965265591263,0.7819572326582461,0.6153785451589158
130.13,-2.1468847473751236,-2.1911544656609188,0.5866527855177881,0.7780833549417012,0.6134666066973368
130.2,-2.1480132792007107,-2.1922995989952967,0.5878104159576835,0.7742094772251563,0.6115546682357578
130.27,-2.1491418110262988,-2.1934447323296746,0.5889693374384167,0.7703355995086097,0.6096427297741781
130.34,-2.1502703428518863,-2.194589865664053,0.5901294695195907,0.7664617217920648,0.6077307913125992
130.41,-2.151398874677474,-2.195734998998431,0.5912907317608099,0.76258784407552,0.6058188528510203
130.48,-2.152527406503061,-2.196880132332809,0.592453043721678,0.758713966358975,0.6039069143894413
130.55,-2.153655938328649,-2.1980252656671873,0.5936163249617995,0.7548400886424286,0.6019949759278618
130.62,-2.1547844701542362,-2.199170399001565,0.594780495040777,0.7509662109258837,0.6000830374662828
130.69,-2.155913001979824,-2.200315532335943,0.5959454735182154,0.7470923332093387,0.5981710990047038
130.76,-2.157041533805411,-2.201460665670321,0.597111179953718,0.7432184554927938,0.5962591605431249
130.83,-2.158170065630999,-2.2026057990046994,0.5982775339068893,0.7393445777762474,0.5943472220815451
130.9,-2.1592985974565866,-2.2037509323390774,0.5994444549373322,0.7354707000597023,0.5924352836199662
130.97,-2.160427129282174,-2.2048960656734553,0.6006118626046513,0.7315968223431575,0.5905233451583873
131.04,-2.1615556611077613,-2.2060411990078332,0.6017796764684501,0.7277229446266126,0.5886114066968084
131.11,-2.1626841929333493,-2.2071863323422116,0.6029478160883333,0.7238490669100661,0.5866994682352287
131.18,-2.1638127247589365,-2.2083314656765896,0.6041162010239033,0.7199751891935212,0.5847875297736498
131.25,-2.164941256584524,-2.2094765990109675,0.6052847508347647,0.7161013114769763,0.5828755913120708
131.32,-2.166069788410111,-2.2106217323453454,0.6064533850805214,0.7122274337604312,0.5809636528504919
131.39,-2.1671983202356992,-2.2117668656797234,0.6076220233207775,0.7083535560438864,0.579051714388913
131.46,-2.168326852061287,-2.2129119990141017,0.6087905851151367,0.7044796783273399,0.5771397759273332
131.53,-2.1694553838868744,-2.21405713234848,0.6099589900232023,0.700605800610795,0.5752278374657543
131.6,-2.1705839157124616,-2.2152022656828576,0.6111271576045789,0.6967319228942501,0.5733158990041753
131.67,-2.171712447538049,-2.216347399017236,0.6122950074188698,0.6928580451777052,0.5714039605425965
131.74,-2.172840979363637,-2.2174925323516144,0.6134624590256796,0.6889841674611586,0.5694920220810168
131.81,-2.1739695111892243,-2.218637665685992,0.6146294319846113,0.6851102897446137,0.5675800836194378
131.88,-2.1750980430148124,-2.2197827990203702,0.6157958458552689,0.681236412028069,0.565668145157859
131.95,-2.1762265748403995,-2.2209279323547477,0.6169616201972566,0.6773625343115239,0.56375620669628
132.02,-2.1773551066659875,-2.222073065689126,0.6181266745701788,0.6734886565949775,0.5618442682347004
132.09,-2.1784836384915747,-2.2232181990235045,0.6192909285336379,0.6696147788784326,0.5599323297731214
132.16,-2.1796121703171623,-2.224363332357882,0.6204543016472388,0.6657409011618876,0.5580203913115425
132.23,-2.1807407021427494,-2.2255084656922604,0.621616713470585,0.6618670234453427,0.5561084528499635
132.3,-2.181869233968338,-2.2266535990266387,0.6227780835632808,0.6579931457287962,0.5541965143883838
132.37,-2.1829977657939246,-2.227798732361016,0.6239383314849295,0.6541192680122512,0.5522845759268049
132.44,-2.1841262976195126,-2.2289438656953946,0.6250973767951352,0.6502453902957064,0.550372637465226
132.51,-2.1852548294450997,-2.230088999029772,0.6262551390535015,0.6463715125791615,0.548460699003647
132.58,-2.1863833612706878,-2.231234132364151,0.6274115378196332,0.6424976348626149,0.5465487605420674
132.65,-2.187511893096275,-2.232379265698529,0.6285664926531327,0.63862375714607,0.5446368220804885
132.72,-2.1886404249218625,-2.233524399032907,0.6297199231136048,0.634749879429525,0.5427248836189095
132.79,-2.18976895674745,-2.2346695323672847,0.6308717487606531,0.6308760017129801,0.5408129451573305
132.86,-2.1908974885730377,-2.235814665701663,0.6320218891538821,0.6270021239964336,0.5389010066957508
132.93,-2.1920260203986253,-2.236959799036041,0.6331702638528945,0.6231282462798888,0.5369890682341719
133.0,-2.193154552224213,-2.238104932370419,0.6343167924172949,0.6192543685633438,0.535077129772593
133.07,-2.1942830840498004,-2.2392500657047965,0.6354613944066867,0.6153804908467989,0.533165191311014
133.14,-2.1954116158753876,-2.240395199039175,0.6366039893806743,0.611506613130254,0.5312532528494351
133.21,-2.1965401477009756,-2.241540332373553,0.6377444968988617,0.6076327354137074,0.5293413143878555
133.28,-2.1976686795265628,-2.242685465707931,0.6388828365208519,0.6037588576971626,0.5274293759262765
133.35,-2.1987972113521503,-2.243830599042309,0.6400189278062492,0.5998849799806176,0.5255174374646976
133.42,-2.199925743177738,-2.2449757323766875,0.6411526903146574,0.5960111022640728,0.5236054990031187
133.49,-2.2010542750033255,-2.246120865711066,0.6422840436056811,0.5921372245475263,0.5216935605415389
133.56,-2.202182806828913,-2.2472659990454438,0.643412907238923,0.5882633468309814,0.51978162207996
133.63,-2.2033113386545007,-2.2484111323798213,0.6445392007739873,0.5843894691144365,0.517869683618381
133.7,-2.2044398704800883,-2.249556265714199,0.6456628437704781,0.5805155913978916,0.5159577451568023
133.77,-2.205568402305676,-2.2507013990485776,0.6467837557879995,0.576641713681345,0.5140458066952225
133.84,-2.2066969341312634,-2.251846532382956,0.6479018563861547,0.5727678359648001,0.5121338682336436
133.91,-2.2078254659568506,-2.2529916657173334,0.6490170651245478,0.5688939582482552,0.5102219297720646
133.98,-2.208953997782438,-2.254136799051712,0.6501293015627829,0.5650200805317103,0.5083099913104857
134.05,-2.210082529608026,-2.25528193238609,0.651238485260464,0.5611462028151638,0.5063980528489059
134.12,-2.211211061433614,-2.256427065720468,0.6523445357771942,0.5572723250986189,0.5044861143873272
134.19,-2.212339593259201,-2.2575721990548456,0.6534473726725777,0.553398447382074,0.5025741759257482
134.26,-2.2134681250847885,-2.2587173323892236,0.6545469155062187,0.549524569665529,0.5006622374641692
134.33,-2.214596656910376,-2.259862465723602,0.6556430838377211,0.5456506919489825,0.4987502990025895
134.4,-2.2157251887359637,-2.2610075990579803,0.6567357972266881,0.5417768142324376,0.4968383605410106
134.47,-2.2168537205615513,-2.2621527323923583,0.657824975232724,0.5379029365158927,0.4949264220794316
134.54,-2.2179822523871384,-2.263297865726736,0.6589105374154325,0.5340290587993478,0.4930144836178527
134.61,-2.2191107842127265,-2.2644429990611146,0.659992403334418,0.5301551810828012,0.49110254515627305
134.68,-2.220239316038314,-2.2655881323954925,0.6610704925492834,0.5262813033662563,0.4891906066946941
134.75,-2.2213678478639016,-2.2667332657298704,0.6621447246196333,0.5224074256497114,0.48727866823311516
134.82,-2.2224963796894888,-2.2678783990642484,0.6632150191050711,0.5185335479331665,0.4853667297715362
134.89,-2.2236249115150764,-2.2690235323986263,0.664281295565201,0.5146596702166216,0.4834547913099573
134.96,-2.2247534433406644,-2.2701686657330047,0.665343473559627,0.510785792500075,0.4815428528483776
135.03,-2.225881975166252,-2.2713137990673826,0.6664014726479525,0.5069119147835301,0.47963091438679867
135.1,-2.2270105069918387,-2.2724589324017606,0.6674552123897812,0.5030380370669852,0.4777189759252197
135.17,-2.2281390388174263,-2.2736040657361385,0.6685046123447176,0.49916415935044034,0.47580703746364084
135.24,-2.2292675706430143,-2.274749199070517,0.6695495920723658,0.4952902816338939,0.47389509900206106
135.31,-2.230396102468602,-2.275894332404895,0.6705900711323284,0.491416403917349,0.47198316054048217
135.38,-2.231524634294189,-2.2770394657392727,0.6716259690842101,0.487542526200804,0.47007122207890323
135.45,-2.2326531661197766,-2.2781845990736507,0.6726572054876145,0.4836686484842591,0.46815928361732434
135.52,-2.2337816979453646,-2.279329732408029,0.6736836999021462,0.47979477076771265,0.4662473451557446
135.59,-2.2349102297709518,-2.280474865742407,0.6747053718874079,0.4759208930511677,0.46433540669416573
135.66,-2.2360387615965394,-2.281619999076785,0.6757221410030041,0.4720470153346228,0.4624234682325868
135.73,-2.237167293422127,-2.282765132411163,0.6767339268085386,0.4681731376180779,0.46051152977100784
135.8,-2.2382958252477145,-2.2839102657455417,0.6777406488636155,0.46429925990153137,0.4585995913094282
135.87,-2.239424357073302,-2.285055399079919,0.678742226727838,0.4604253821849864,0.4566876528478492
135.94,-2.2405528888988897,-2.2862005324142975,0.6797385799608106,0.45655150446844156,0.4547757143862703
136.01,-2.241681420724477,-2.287345665748675,0.6807296281221363,0.4526776267518966,0.45286377592469135
136.08,-2.242809952550065,-2.288490799083054,0.6817152907714205,0.44880374903535014,0.4509518374631117
136.15,-2.2439384843756525,-2.2896359324174314,0.6826954874682655,0.4449298713188052,0.44903989900153274
136.22,-2.2450670162012396,-2.2907810657518093,0.6836701377722756,0.4410559936022603,0.4471279605399538
136.29,-2.246195548026827,-2.291926199086187,0.6846391612430551,0.4371821158857153,0.44521602207837485
136.36,-2.2473240798524152,-2.293071332420566,0.6856024774402079,0.43330823816916886,0.4433040836167952
136.43,-2.2484526116780024,-2.2942164657549435,0.6865600059233372,0.42943436045262395,0.4413921451552162
136.5,-2.24958114350359,-2.295361599089322,0.6875116662520471,0.42556048273607905,0.4394802066936373
136.57,-2.250709675329177,-2.2965067324236994,0.6884573779859415,0.4216866050195341,0.4375682682320584
136.64,-2.251838207154765,-2.2976518657580773,0.6893970606846243,0.4178127273029892,0.43565632977047947
136.71,-2.2529667389803527,-2.298796999092456,0.6903306339076998,0.4139388495864427,0.43374439130889975
136.78,-2.2540952708059403,-2.2999421324268337,0.6912580172147711,0.4100649718698978,0.4318324528473208
136.85,-2.2552238026315274,-2.301087265761212,0.6921791301654423,0.4061910941533529,0.4299205143857419
136.92,-2.256352334457115,-2.30223239909559,0.6930938923193173,0.40231721643680796,0.42800857592416297
136.99,-2.257480866282703,-2.3033775324299683,0.6940022232360006,0.3984433387202615,0.4260966374625833
137.06,-2.25860939810829,-2.3045226657643463,0.6949040424750947,0.39456946100371654,0.4241846990010043
137.13,-2.259737929933878,-2.305667799098724,0.6957992695962044,0.39069558328717163,0.4222727605394254
137.2,-2.2608664617594654,-2.306812932433102,0.6966878241589334,0.3868217055706267,0.4203608220778465
137.27,-2.261994993585053,-2.3079580657674805,0.6975696257228858,0.38294782785408027,0.41844888361626675
137.34,-2.2631235254106405,-2.3091031991018585,0.6984445938476647,0.37907395013753525,0.4165369451546878
137.41,-2.264252057236228,-2.3102483324362364,0.6993126480928747,0.3752000724209904,0.414625006693109
137.48,-2.2653805890618153,-2.3113934657706143,0.7001737080181192,0.3713261947044455,0.41271306823153
137.55,-2.2665091208874033,-2.3125385991049927,0.7010276931830028,0.367452316987899,0.4108011297699503
137.62,-2.267637652712991,-2.3136837324393706,0.7018745231471284,0.363578439271354,0.4088891913083714
137.69,-2.268766184538578,-2.3148288657737486,0.7027141174701002,0.3597045615548091,0.4069772528467924
137.76,-2.2698947163641656,-2.3159739991081265,0.703546395711522,0.3558306838382642,0.40506531438521354
137.83,-2.2710232481897537,-2.317119132442505,0.7043712774309983,0.35195680612171776,0.40315337592363376
137.9,-2.2721517800153412,-2.318264265776883,0.7051886821881319,0.34808292840517285,0.4012414374620549
137.97,-2.273280311840929,-2.319409399111261,0.7059985295425274,0.3442090506886279,0.399329499000476
138.04,-2.2744088436665155,-2.3205545324456387,0.7068007390537883,0.34033517297208293,0.397417560538897
138.11,-2.2755373754921036,-2.321699665780017,0.7075952302815189,0.3364612952555365,0.3955056220773173
138.18,-2.276665907317691,-2.322844799114395,0.7083819227853225,0.33258741753899157,0.3935936836157384
138.25,-2.2777944391432787,-2.323989932448773,0.7091607361248033,0.32871353982244667,0.3916817451541595
138.32,-2.2789229709688663,-2.325135065783151,0.7099315898595651,0.3248396621059017,0.3897698066925805
138.39,-2.2800515027944535,-2.326280199117529,0.7106944035492115,0.3209657843893568,0.3878578682310016
138.46,-2.2811800346200415,-2.3274253324519076,0.7114490967533471,0.3170919066728103,0.3859459297694219
138.53,-2.2823085664456286,-2.328570465786285,0.712195589031575,0.3132180289562654,0.384033991307843
138.6,-2.283437098271216,-2.329715599120663,0.712933799943499,0.3093441512397205,0.38212205284626405
138.67,-2.284565630096804,-2.330860732455041,0.7136636490487236,0.3054702735231755,0.3802101143846851
138.74,-2.2856941619223914,-2.3320058657894194,0.7143850559068524,0.30159639580662906,0.37829817592310544
138.81,-2.286822693747979,-2.3331509991237978,0.7150979400774891,0.29772251809008415,0.3763862374615265
138.88,-2.2879512255735666,-2.3342961324581752,0.7158022211202374,0.29384864037353925,0.37447429899994755
138.95,-2.2890797573991537,-2.335441265792553,0.7164978185947015,0.28997476265699434,0.37256236053836866
139.02,-2.2902082892247417,-2.336586399126932,0.7171846520604853,0.28610088494044783,0.370650422076789
139.09,-2.2913368210503293,-2.33773153246131,0.7178626410771923,0.2822270072239029,0.36873848361521
139.16,-2.2924653528759165,-2.338876665795688,0.7185317052044267,0.278353129507358,0.3668265451536311
139.23,-2.293593884701504,-2.340021799130066,0.7191917640017922,0.27447925179081306,0.36491460669205217
139.3,-2.294722416527092,-2.3411669324644437,0.7198427370288927,0.2706053740742666,0.3630026682304724
139.37,-2.2958509483526797,-2.342312065798822,0.720484543845332,0.26673149635772164,0.36109072976889356
139.44,-2.296979480178267,-2.3434571991331996,0.7211171040107137,0.26285761864117674,0.35917879130731456
139.51,-2.2981080120038544,-2.344602332467578,0.7217403370846422,0.25898374092463183,0.35726685284573567
139.58,-2.299236543829442,-2.345747465801956,0.7223541626267214,0.2551098632080853,0.35535491438415595
139.65,-2.3003650756550296,-2.346892599136334,0.7229585001965544,0.2512359854915404,0.353442975922577
139.72,-2.301493607480617,-2.3480377324707122,0.7235532693537458,0.2473621077749955,0.3515310374609981
139.79,-2.3026221393062047,-2.34918286580509,0.724138389657899,0.24348823005845058,0.3496190989994192
139.86,-2.3037506711317923,-2.3503279991394685,0.7247137806686181,0.2396143523419041,0.34770716053783945
139.93,-2.30487920295738,-2.3514731324738465,0.7252793619455069,0.23574047462535916,0.34579522207626057
140.0,-2.306007734782967,-2.3526182658082244,0.7258350530481692,0.23186659690881423,0.34388328361468157
140.07,-2.3071362666085546,-2.3537633991426024,0.7263807735362089,0.22799271919226932,0.3419713451531027
140.14,-2.3082647984341422,-2.3549085324769803,0.7269164429692297,0.22411884147572442,0.3400594066915238
140.21,-2.30939333025973,-2.3560536658113587,0.7274419809068361,0.22024496375917793,0.33814746822994407
140.28,-2.3105218620853174,-2.3571987991457366,0.727957306908631,0.216371086042633,0.3362355297683651
140.35,-2.311650393910905,-2.3583439324801145,0.7284623405342189,0.2124972083260881,0.33432359130678624
140.42,-2.312778925736492,-2.3594890658144925,0.7289570013432034,0.2086233306095432,0.3324116528452073
140.49,-2.3139074575620806,-2.3606341991488713,0.7294412088951889,0.20474945289299668,0.3304997143836276
140.56,-2.3150359893876677,-2.361779332483249,0.7299148827497783,0.20087557517645177,0.3285877759220487
140.63,-2.316164521213255,-2.3629244658176267,0.7303779424665761,0.19700169745990684,0.3266758374604697
140.7,-2.3172930530388425,-2.364069599152005,0.730830307605186,0.19312781974336193,0.3247638989988908
140.77,-2.3184215848644305,-2.365214732486383,0.731271897725212,0.18925394202681542,0.3228519605373111
140.84,-2.319550116690018,-2.366359865820761,0.7317026323862577,0.18538006431027051,0.3209400220757322
140.91,-2.3206786485156052,-2.3675049991551393,0.732122431147927,0.18150618659372558,0.31902808361415325
140.98,-2.3218071803411924,-2.3686501324895173,0.732531213569824,0.17763230887718068,0.3171161451525743
141.05,-2.3229357121667804,-2.369795265823895,0.7329288992115525,0.1737584311606342,0.3152042066909946
141.12,-2.324064243992368,-2.370940399158273,0.7333154076327161,0.16988455344408926,0.3132922682294157
141.19,-2.3251927758179556,-2.372085532492651,0.7336906583929189,0.16601067572754435,0.31138032976783675
141.26,-2.326321307643543,-2.373230665827029,0.7340545710517644,0.16213679801099945,0.3094683913062578
141.33,-2.3274498394691308,-2.374375799161408,0.7344070651688569,0.15826292029445294,0.30755645284467814
141.4,-2.3285783712947183,-2.3755209324957858,0.7347480603038002,0.15438904257790803,0.3056445143830992
141.47,-2.3297069031203055,-2.3766660658301633,0.735077476016198,0.15051516486136307,0.30373257592152025
141.54,-2.330835434945893,-2.377811199164541,0.7353952318656541,0.14664128714481817,0.30182063745994137
141.61,-2.3319639667714807,-2.37895633249892,0.7357012474117726,0.14276740942827168,0.2999086989983616
141.68,-2.3330924985970682,-2.380101465833298,0.7359954422141572,0.13889353171172675,0.2979967605367827
141.75,-2.334221030422656,-2.381246599167676,0.7362777358324116,0.13501965399518184,0.29608482207520376
141.82,-2.3353495622482434,-2.382391732502054,0.73654804782614,0.13114577627863694,0.29417288361362487
