X,Y,Theta,Setpoint VD,Setpoint VE,VD,VE,tempo
0.00000,1.40000,0.00000,0.00000,0.00000,0.00000,0.00000,4500.00000
0.00000,1.40000,0.00000,0.00000,0.00000,2.33000,2.33000,-3144.00000
0.00000,1.40000,0.00000,0.00000,0.00000,2.33000,2.33000,-10836.00000
0.00000,1.40000,0.00000,0.00000,0.00000,2.33000,2.33000,-18572.00000
0.00000,1.40000,0.00000,0.00000,0.00000,2.33000,2.33000,-26316.00000
0.00000,1.40000,0.00000,0.03000,0.00000,2.33000,2.33000,31488.00000
0.00000,1.40000,0.00000,0.03000,0.00000,2.33000,2.33000,23636.00000
0.00000,1.40000,0.01000,0.45000,0.00000,2.33000,2.33000,15696.00000
0.00000,1.40000,0.02000,0.47000,0.00000,2.29000,2.31000,7704.00000
0.00000,1.40000,0.02000,0.17000,0.03000,2.24000,2.29000,-184.00000
0.00000,1.40000,0.02000,0.00000,0.00000,2.23000,2.28000,-8088.00000
0.00000,1.40000,0.02000,0.08000,0.00000,2.23000,2.28000,-15824.00000
0.00000,1.40000,0.03000,0.25000,0.00000,2.22000,2.28000,-23768.00000
0.00000,1.40000,0.02000,0.61000,1.06000,2.19000,2.26000,-31692.00000
0.01000,1.40000,0.02000,1.45000,1.62000,2.24000,2.29000,25740.00000
0.01000,1.40000,0.02000,2.23000,2.12000,2.26000,2.30000,17640.00000
0.02000,1.40000,0.02000,2.93000,2.59000,2.24000,2.29000,9464.00000
0.03000,1.40000,0.03000,2.87000,2.76000,2.21000,2.27000,1364.00000
0.03000,1.40000,0.02000,2.65000,2.76000,2.20000,2.27000,-6760.00000
0.04000,1.40000,0.02000,2.37000,2.65000,2.21000,2.27000,-14904.00000
0.04000,1.40000,0.02000,2.37000,2.51000,2.24000,2.29000,-23060.00000
0.05000,1.40000,0.01000,2.09000,2.23000,2.25000,2.30000,-31188.00000
0.05000,1.40000,0.02000,2.09000,1.98000,2.26000,2.30000,26204.00000
0.06000,1.40000,0.02000,2.17000,1.92000,2.25000,2.30000,18092.00000
0.06000,1.40000,0.02000,1.98000,2.01000,2.23000,2.28000,9960.00000
0.07000,1.40000,0.02000,2.17000,2.12000,2.23000,2.29000,1892.00000
0.07000,1.40000,0.02000,1.98000,2.17000,2.22000,2.28000,-6200.00000
0.08000,1.40000,0.02000,2.23000,2.20000,2.24000,2.29000,-14296.00000
0.08000,1.40000,0.02000,2.29000,2.34000,2.24000,2.29000,-22448.00000
0.09000,1.40000,0.02000,2.20000,2.31000,2.25000,2.29000,-30584.00000
0.10000,1.40000,0.01000,2.31000,2.42000,2.26000,2.30000,26788.00000
0.10000,1.40000,0.01000,2.23000,2.40000,2.27000,2.30000,18660.00000
0.11000,1.40000,0.01000,2.37000,2.31000,2.28000,2.31000,10508.00000
0.11000,1.40000,0.01000,2.51000,2.37000,2.28000,2.31000,2348.00000
0.12000,1.40000,0.01000,2.40000,2.54000,2.26000,2.30000,-5764.00000
0.12000,1.40000,0.01000,2.45000,2.45000,2.28000,2.31000,-13876.00000
0.13000,1.40000,0.01000,2.48000,2.40000,2.28000,2.31000,-22012.00000
0.14000,1.40000,0.01000,2.03000,2.40000,2.27000,2.31000,-30148.00000
0.14000,1.40000,0.00000,1.90000,2.17000,2.30000,2.32000,27208.00000
0.15000,1.40000,-0.01000,1.92000,2.20000,2.32000,2.33000,19104.00000
0.15000,1.40000,-0.01000,2.12000,2.23000,2.32000,2.31000,10976.00000
0.16000,1.40000,-0.00000,2.37000,2.20000,2.32000,2.30000,2836.00000
0.16000,1.40000,-0.00000,2.56000,2.40000,2.33000,2.32000,-5276.00000
0.17000,1.40000,0.00000,2.59000,2.29000,2.33000,2.33000,-13388.00000
0.17000,1.40000,0.01000,2.51000,2.31000,2.30000,2.32000,-21564.00000
0.18000,1.40000,0.01000,2.23000,2.40000,2.29000,2.31000,-29692.00000
0.18000,1.40000,0.01000,2.26000,2.15000,2.30000,2.32000,27676.00000
0.19000,1.40000,0.01000,2.31000,2.06000,2.29000,2.32000,19540.00000
0.19000,1.40000,0.01000,2.12000,2.06000,2.27000,2.30000,11388.00000
0.20000,1.40000,0.02000,2.37000,2.20000,2.26000,2.30000,3260.00000
0.21000,1.40000,0.02000,2.31000,2.31000,2.25000,2.29000,-4832.00000
0.21000,1.40000,0.02000,2.45000,2.29000,2.25000,2.29000,-12924.00000
0.22000,1.40000,0.02000,2.54000,2.37000,2.23000,2.28000,-21088.00000
0.22000,1.40000,0.02000,2.31000,2.37000,2.21000,2.27000,-29236.00000
0.23000,1.40000,0.02000,2.29000,2.34000,2.21000,2.28000,28124.00000
0.23000,1.40000,0.02000,2.42000,2.31000,2.22000,2.28000,20004.00000
0.24000,1.40000,0.02000,2.12000,2.20000,2.21000,2.27000,11860.00000
0.24000,1.40000,0.02000,2.06000,2.23000,2.22000,2.28000,3712.00000
0.25000,1.40000,0.01000,2.12000,2.45000,2.23000,2.29000,-4388.00000
0.25000,1.40000,0.01000,2.03000,2.37000,2.27000,2.30000,-12496.00000
0.26000,1.40000,0.01000,2.31000,2.29000,2.30000,2.32000,-20652.00000
0.27000,1.40000,0.00000,2.17000,2.26000,2.30000,2.32000,-28812.00000
0.27000,1.40000,0.01000,2.29000,2.12000,2.30000,2.32000,28560.00000
0.28000,1.40000,0.01000,2.37000,2.12000,2.29000,2.31000,20416.00000
0.28000,1.40000,0.01000,2.20000,2.23000,2.26000,2.30000,12264.00000
0.29000,1.40000,0.01000,2.20000,2.12000,2.27000,2.30000,4108.00000
0.29000,1.40000,0.01000,2.09000,2.34000,2.26000,2.30000,-3976.00000
0.30000,1.40000,0.01000,2.03000,2.17000,2.28000,2.31000,-12052.00000
0.30000,1.40000,0.00000,2.17000,2.31000,2.29000,2.32000,-20188.00000
0.31000,1.40000,-0.00000,1.98000,2.37000,2.31000,2.32000,-28344.00000
0.31000,1.40000,-0.00000,2.45000,2.34000,2.33000,2.32000,29008.00000
0.32000,1.40000,-0.00000,2.56000,2.51000,2.33000,2.33000,20840.00000
0.33000,1.40000,-0.00000,2.68000,2.76000,2.32000,2.33000,12692.00000
0.33000,1.40000,0.00000,2.81000,2.62000,2.33000,2.33000,4516.00000
0.34000,1.40000,0.00000,2.70000,2.56000,2.32000,2.33000,-3608.00000
0.34000,1.40000,-0.00000,2.26000,2.59000,2.30000,2.32000,-11716.00000
0.35000,1.40000,-0.01000,1.87000,2.37000,2.33000,2.33000,-19880.00000
0.35000,1.40000,-0.02000,1.92000,2.15000,2.31000,2.29000,-28016.00000
0.36000,1.40000,-0.02000,2.20000,2.26000,2.30000,2.26000,29360.00000
0.36000,1.40000,-0.01000,2.31000,2.09000,2.30000,2.26000,21232.00000
0.37000,1.40000,-0.01000,2.45000,2.26000,2.31000,2.28000,13056.00000
0.38000,1.40000,-0.01000,2.51000,2.34000,2.32000,2.30000,4912.00000
0.38000,1.40000,-0.00000,2.48000,2.17000,2.32000,2.31000,-3204.00000
0.39000,1.40000,-0.00000,2.34000,2.37000,2.32000,2.33000,-11308.00000
0.39000,1.40000,0.00000,2.34000,2.23000,2.33000,2.33000,-19464.00000
0.40000,1.40000,0.01000,2.42000,2.12000,2.32000,2.33000,-27608.00000
0.40000,1.40000,0.01000,2.20000,2.29000,2.29000,2.31000,29760.00000
0.41000,1.40000,0.01000,2.48000,2.29000,2.30000,2.32000,21604.00000
0.41000,1.40000,0.01000,2.54000,2.34000,2.28000,2.31000,13468.00000
0.42000,1.40000,0.01000,2.37000,2.48000,2.26000,2.30000,5316.00000
0.43000,1.40000,0.01000,2.51000,2.31000,2.27000,2.31000,-2804.00000
0.43000,1.40000,0.02000,2.45000,2.34000,2.25000,2.30000,-10908.00000
0.44000,1.40000,0.02000,2.31000,2.34000,2.24000,2.29000,-19080.00000
0.44000,1.40000,0.02000,2.23000,2.26000,2.24000,2.29000,-27256.00000
0.45000,1.40000,0.01000,2.17000,2.34000,2.24000,2.29000,30128.00000
0.45000,1.40000,0.00000,1.95000,2.34000,2.26000,2.30000,21984.00000
0.46000,1.40000,-0.00000,2.17000,2.45000,2.30000,2.32000,13828.00000
0.46000,1.40000,-0.01000,2.15000,2.45000,2.32000,2.33000,5712.00000
0.47000,1.40000,-0.01000,2.40000,2.37000,2.32000,2.31000,-2420.00000
0.48000,1.40000,0.00000,2.48000,2.06000,2.33000,2.32000,-10512.00000
0.48000,1.40000,0.01000,2.34000,2.15000,2.31000,2.32000,-18680.00000
0.49000,1.40000,0.01000,2.28000,2.15000,2.29000,2.32000,-26828.00000
0.49000,1.40000,0.01000,2.15000,2.29000,2.28000,2.31000,30528.00000
0.50000,1.40000,0.00000,2.06000,2.34000,2.29000,2.32000,22384.00000
0.50000,1.40000,0.00000,2.31000,2.26000,2.32000,2.33000,14240.00000
0.51000,1.40000,-0.00000,2.26000,2.40000,2.31000,2.32000,6080.00000
0.51000,1.40000,-0.00000,2.29000,2.43000,2.32000,2.33000,-2052.00000
0.52000,1.40000,0.00000,2.51000,2.29000,2.33000,2.33000,-10164.00000
0.52000,1.40000,-0.00000,2.45000,2.51000,2.32000,2.33000,-18324.00000
0.53000,1.40000,-0.00000,2.40000,2.48000,2.32000,2.33000,-26500.00000
0.54000,1.40000,-0.00000,2.42000,2.48000,2.33000,2.33000,30856.00000
0.54000,1.40000,-0.00000,2.42000,2.51000,2.33000,2.33000,22672.00000
0.55000,1.40000,-0.01000,2.34000,2.40000,2.33000,2.32000,14512.00000
0.55000,1.40000,-0.01000,2.20000,2.26000,2.33000,2.32000,6348.00000
0.56000,1.40000,-0.02000,1.87000,2.40000,2.32000,2.31000,-1768.00000
0.56000,1.40000,-0.02000,2.12000,2.29000,2.30000,2.26000,-9860.00000
0.57000,1.40000,-0.02000,2.17000,2.34000,2.30000,2.25000,-17992.00000
0.57000,1.40000,-0.02000,2.45000,2.40000,2.29000,2.23000,-26152.00000
0.58000,1.40000,-0.02000,2.45000,2.23000,2.29000,2.24000,31228.00000
0.59000,1.40000,-0.02000,2.34000,2.20000,2.30000,2.26000,23044.00000
0.59000,1.40000,-0.01000,2.15000,2.06000,2.31000,2.27000,14920.00000
0.60000,1.40000,-0.01000,2.03000,1.95000,2.31000,2.28000,6788.00000
0.60000,1.40000,-0.01000,2.12000,2.09000,2.31000,2.29000,-1328.00000
0.61000,1.40000,-0.01000,2.29000,2.01000,2.31000,2.29000,-9412.00000
0.61000,1.40000,-0.00000,2.34000,2.26000,2.32000,2.31000,-17544.00000
0.62000,1.40000,-0.00000,2.54000,2.37000,2.33000,2.32000,-25696.00000
0.62000,1.40000,0.00000,2.70000,2.48000,2.33000,2.33000,31644.00000
0.63000,1.40000,0.00000,2.59000,2.54000,2.31000,2.32000,23516.00000
0.64000,1.40000,0.01000,2.59000,2.51000,2.30000,2.32000,15340.00000
0.64000,1.40000,0.01000,2.56000,2.40000,2.30000,2.32000,7160.00000
0.65000,1.40000,0.01000,2.37000,2.40000,2.28000,2.31000,-928.00000
0.65000,1.40000,0.00000,2.12000,2.29000,2.28000,2.31000,-9020.00000
0.66000,1.40000,0.00000,2.20000,2.37000,2.30000,2.32000,-17156.00000
0.66000,1.40000,-0.01000,2.03000,2.65000,2.31000,2.32000,-25264.00000
0.67000,1.40000,-0.02000,2.23000,2.59000,2.32000,2.30000,32132.00000
0.67000,1.40000,-0.02000,2.34000,2.29000,2.30000,2.26000,23956.00000
0.68000,1.40000,-0.01000,2.40000,2.17000,2.30000,2.27000,15780.00000
0.68000,1.40000,-0.01000,2.29000,2.06000,2.31000,2.29000,7656.00000
0.69000,1.40000,-0.00000,2.23000,1.92000,2.32000,2.31000,-460.00000
0.69000,1.40000,-0.00000,2.03000,2.15000,2.33000,2.33000,-8504.00000
0.70000,1.40000,0.00000,2.23000,2.01000,2.33000,2.32000,-16592.00000
0.71000,1.40000,-0.00000,2.15000,2.29000,2.32000,2.33000,-24728.00000
0.71000,1.40000,0.00000,2.34000,2.20000,2.33000,2.33000,32628.00000
0.72000,1.40000,0.00000,2.40000,2.37000,2.32000,2.33000,24488.00000
0.72000,1.40000,-0.00000,2.31000,2.48000,2.32000,2.32000,16320.00000
0.73000,1.40000,-0.00000,2.45000,2.37000,2.33000,2.33000,8160.00000
0.73000,1.40000,0.00000,2.48000,2.45000,2.32000,2.33000,16.00000
0.74000,1.40000,-0.00000,2.37000,2.62000,2.32000,2.33000,-7980.00000
0.75000,1.40000,-0.00000,2.56000,2.45000,2.33000,2.32000,-16104.00000
0.75000,1.40000,-0.00000,2.45000,2.37000,2.33000,2.33000,-24272.00000
0.76000,1.40000,-0.00000,2.29000,2.42000,2.32000,2.33000,-32444.00000
0.76000,1.40000,-0.01000,2.09000,2.20000,2.33000,2.32000,24912.00000
0.77000,1.40000,-0.01000,1.90000,2.26000,2.32000,2.32000,16764.00000
0.77000,1.40000,-0.02000,2.20000,2.40000,2.31000,2.28000,8632.00000
0.78000,1.40000,-0.02000,2.31000,2.31000,2.30000,2.26000,520.00000
0.78000,1.40000,-0.02000,2.42000,2.37000,2.30000,2.26000,-7496.00000
0.79000,1.40000,-0.01000,2.45000,2.17000,2.31000,2.27000,-15624.00000
0.79000,1.40000,-0.00000,2.40000,2.12000,2.32000,2.30000,-23780.00000
0.80000,1.40000,-0.01000,2.12000,2.23000,2.33000,2.32000,-31928.00000
0.80000,1.40000,-0.00000,2.29000,2.03000,2.32000,2.31000,25460.00000
0.81000,1.40000,-0.00000,2.26000,2.23000,2.33000,2.33000,17292.00000
0.82000,1.40000,0.00000,2.34000,2.26000,2.33000,2.33000,9164.00000
0.82000,1.40000,0.00000,2.56000,2.34000,2.32000,2.33000,1060.00000
0.83000,1.40000,0.01000,2.65000,2.54000,2.30000,2.32000,-7016.00000
0.83000,1.40000,0.01000,2.59000,2.51000,2.29000,2.32000,-15148.00000
0.84000,1.40000,0.01000,2.68000,2.45000,2.28000,2.31000,-23324.00000
0.85000,1.40000,0.01000,2.42000,2.42000,2.26000,2.30000,-31508.00000
0.85000,1.40000,0.01000,2.23000,2.37000,2.26000,2.30000,25896.00000
0.86000,1.40000,0.01000,2.31000,2.23000,2.28000,2.31000,17740.00000
0.86000,1.40000,0.01000,2.03000,2.26000,2.27000,2.30000,9592.00000
0.87000,1.40000,0.00000,2.06000,2.31000,2.29000,2.31000,1484.00000
0.87000,1.40000,-0.00000,2.29000,2.43000,2.31000,2.32000,-6604.00000
0.88000,1.40000,-0.01000,2.20000,2.56000,2.32000,2.33000,-14708.00000
0.88000,1.40000,-0.00000,2.37000,2.23000,2.32000,2.31000,-22844.00000
0.89000,1.40000,-0.00000,2.31000,2.17000,2.33000,2.32000,-31020.00000
0.89000,1.40000,-0.00000,2.12000,2.26000,2.33000,2.33000,26380.00000
0.90000,1.40000,-0.00000,2.17000,2.03000,2.33000,2.32000,18220.00000
0.90000,1.40000,-0.00000,2.06000,2.20000,2.33000,2.33000,10112.00000
0.91000,1.40000,-0.00000,2.26000,2.20000,2.33000,2.32000,1964.00000
0.91000,1.40000,0.00000,2.31000,2.12000,2.33000,2.32000,-6136.00000
0.92000,1.40000,-0.00000,2.31000,2.43000,2.32000,2.33000,-14256.00000
0.93000,1.40000,-0.00000,2.34000,2.45000,2.33000,2.33000,-22388.00000
0.93000,1.40000,-0.01000,2.34000,2.45000,2.33000,2.32000,-30548.00000
0.94000,1.40000,-0.01000,2.42000,2.59000,2.32000,2.31000,26816.00000
0.94000,1.40000,-0.01000,2.42000,2.45000,2.32000,2.30000,18640.00000
0.95000,1.40000,-0.01000,2.48000,2.51000,2.32000,2.30000,10476.00000
0.96000,1.40000,-0.01000,2.45000,2.43000,2.32000,2.29000,2308.00000
0.96000,1.40000,-0.01000,2.42000,2.31000,2.32000,2.30000,-5792.00000
0.97000,1.40000,-0.01000,2.15000,2.26000,2.32000,2.31000,-13924.00000
0.97000,1.40000,-0.02000,1.78000,2.29000,2.32000,2.30000,-22084.00000
0.98000,1.40000,-0.02000,1.84000,2.09000,2.29000,2.25000,-30216.00000
0.98000,1.40000,-0.02000,2.31000,2.26000,2.28000,2.22000,27192.00000
0.99000,1.40000,-0.02000,2.45000,2.20000,2.28000,2.23000,19048.00000
0.99000,1.40000,-0.01000,2.45000,2.23000,2.30000,2.25000,10896.00000
1.00000,1.40000,-0.01000,2.34000,2.23000,2.31000,2.27000,2756.00000
1.00000,1.40000,-0.01000,2.29000,2.03000,2.31000,2.28000,-5340.00000
1.01000,1.40000,-0.01000,2.12000,2.12000,2.32000,2.31000,-13452.00000
1.01000,1.40000,-0.01000,2.17000,2.06000,2.32000,2.31000,-21560.00000
1.02000,1.40000,-0.00000,2.23000,2.03000,2.32000,2.31000,-29732.00000
1.02000,1.40000,-0.00000,2.29000,2.26000,2.33000,2.33000,27664.00000
1.03000,1.40000,0.01000,2.65000,2.23000,2.33000,2.33000,19516.00000
1.04000,1.40000,0.01000,2.65000,2.45000,2.29000,2.32000,11364.00000
1.04000,1.40000,0.01000,2.56000,2.51000,2.27000,2.31000,3208.00000
1.05000,1.40000,0.02000,2.59000,2.40000,2.27000,2.31000,-4924.00000
1.05000,1.40000,0.02000,2.51000,2.37000,2.25000,2.30000,-13024.00000
1.06000,1.40000,0.02000,2.23000,2.34000,2.23000,2.29000,-21188.00000
1.06000,1.40000,0.02000,2.20000,2.15000,2.24000,2.29000,-29368.00000
1.07000,1.40000,0.02000,2.12000,2.15000,2.24000,2.29000,28068.00000
1.07000,1.40000,0.01000,1.95000,2.09000,2.24000,2.29000,19904.00000
1.08000,1.40000,0.01000,2.20000,2.37000,2.25000,2.30000,11768.00000
1.08000,1.40000,0.00000,2.01000,2.40000,2.27000,2.31000,3632.00000
1.09000,1.40000,0.00000,2.23000,2.15000,2.31000,2.32000,-4456.00000
1.09000,1.40000,0.00000,2.09000,2.09000,2.30000,2.32000,-12568.00000
1.10000,1.40000,0.00000,2.09000,2.09000,2.30000,2.32000,-20648.00000
1.10000,1.40000,0.01000,2.29000,2.03000,2.30000,2.32000,-28748.00000
1.11000,1.40000,0.01000,2.03000,2.23000,2.27000,2.31000,28660.00000
1.12000,1.40000,0.01000,2.31000,2.09000,2.29000,2.32000,20524.00000
1.12000,1.40000,0.01000,2.15000,2.26000,2.27000,2.31000,12372.00000
1.13000,1.40000,0.01000,2.34000,2.29000,2.28000,2.31000,4180.00000
1.13000,1.40000,0.01000,2.48000,2.40000,2.28000,2.31000,-3944.00000
1.14000,1.40000,0.01000,2.31000,2.45000,2.27000,2.30000,-12048.00000
1.14000,1.40000,0.01000,2.42000,2.26000,2.28000,2.31000,-20224.00000
1.15000,1.40000,0.01000,2.48000,2.45000,2.26000,2.30000,-28416.00000
1.15000,1.40000,0.01000,2.26000,2.51000,2.26000,2.30000,28968.00000
1.16000,1.40000,0.00000,2.45000,2.59000,2.28000,2.31000,20800.00000
1.17000,1.40000,0.01000,2.48000,2.40000,2.30000,2.32000,12644.00000
1.17000,1.40000,0.00000,2.23000,2.42000,2.29000,2.31000,4484.00000
1.18000,1.40000,-0.00000,1.98000,2.17000,2.31000,2.32000,-3632.00000
1.18000,1.40000,-0.01000,1.92000,2.23000,2.32000,2.33000,-11736.00000
1.19000,1.40000,-0.01000,2.09000,2.40000,2.32000,2.31000,-19868.00000
1.19000,1.40000,-0.01000,2.26000,2.23000,2.31000,2.29000,-28004.00000
1.20000,1.40000,-0.01000,2.45000,2.34000,2.31000,2.29000,29360.00000
1.20000,1.40000,-0.01000,2.45000,2.17000,2.32000,2.30000,21184.00000
1.21000,1.40000,-0.00000,2.42000,2.29000,2.33000,2.32000,13040.00000
1.21000,1.40000,-0.01000,2.20000,2.37000,2.33000,2.33000,4880.00000
1.22000,1.40000,-0.00000,2.29000,2.15000,2.33000,2.32000,-3220.00000
1.23000,1.40000,-0.00000,2.23000,2.17000,2.33000,2.33000,-11364.00000
1.23000,1.40000,-0.00000,2.29000,2.31000,2.32000,2.33000,-19528.00000
1.24000,1.40000,0.00000,2.56000,2.29000,2.33000,2.33000,-27680.00000
1.24000,1.40000,0.01000,2.59000,2.45000,2.30000,2.32000,29696.00000
1.25000,1.40000,0.01000,2.56000,2.45000,2.29000,2.32000,21536.00000
1.25000,1.40000,0.01000,2.62000,2.37000,2.28000,2.31000,13376.00000
1.26000,1.40000,0.01000,2.42000,2.37000,2.26000,2.30000,5228.00000
1.27000,1.40000,0.01000,2.23000,2.37000,2.25000,2.30000,-2896.00000
1.27000,1.40000,0.01000,2.29000,2.23000,2.26000,2.30000,-11028.00000
1.28000,1.40000,0.01000,2.23000,2.31000,2.26000,2.30000,-19180.00000
1.28000,1.40000,0.00000,2.03000,2.37000,2.26000,2.30000,-27332.00000
1.29000,1.40000,-0.00000,2.20000,2.48000,2.30000,2.32000,30068.00000
1.29000,1.40000,-0.01000,2.12000,2.48000,2.32000,2.33000,21900.00000
1.30000,1.40000,-0.01000,2.26000,2.29000,2.32000,2.31000,13752.00000
1.30000,1.40000,-0.01000,2.15000,2.03000,2.32000,2.31000,5600.00000
1.31000,1.40000,-0.01000,2.12000,2.20000,2.33000,2.32000,-2496.00000
1.31000,1.40000,-0.00000,2.26000,1.98000,2.32000,2.31000,-10624.00000
1.32000,1.40000,-0.00000,2.15000,2.20000,2.33000,2.33000,-18760.00000
1.32000,1.40000,-0.00000,2.20000,2.15000,2.33000,2.33000,-26908.00000
1.33000,1.40000,-0.00000,2.26000,2.15000,2.33000,2.33000,30476.00000
1.33000,1.40000,-0.00000,2.20000,2.37000,2.32000,2.33000,22288.00000
1.34000,1.40000,-0.01000,2.34000,2.40000,2.33000,2.33000,14176.00000
1.35000,1.40000,-0.01000,2.37000,2.45000,2.33000,2.33000,5996.00000
1.35000,1.40000,-0.01000,2.42000,2.56000,2.33000,2.32000,-2100.00000
1.36000,1.40000,-0.01000,2.48000,2.40000,2.32000,2.31000,-10240.00000
1.36000,1.40000,-0.01000,2.37000,2.45000,2.32000,2.31000,-18404.00000
1.37000,1.40000,-0.01000,2.45000,2.40000,2.32000,2.31000,-26596.00000
1.37000,1.40000,-0.00000,2.48000,2.23000,2.32000,2.31000,30772.00000
1.38000,1.40000,-0.01000,2.23000,2.34000,2.33000,2.33000,22608.00000
1.39000,1.40000,-0.01000,1.95000,2.34000,2.33000,2.32000,14452.00000
1.39000,1.40000,-0.02000,2.03000,2.23000,2.31000,2.29000,6284.00000
1.40000,1.40000,-0.02000,2.37000,2.40000,2.31000,2.27000,-1820.00000
1.40000,1.40000,-0.01000,2.54000,2.29000,2.30000,2.27000,-9944.00000
1.41000,1.40000,-0.01000,2.48000,2.23000,2.31000,2.29000,-18068.00000
1.41000,1.40000,-0.01000,2.34000,2.29000,2.32000,2.31000,-26268.00000
1.42000,1.40000,-0.00000,2.34000,2.12000,2.33000,2.32000,31100.00000
1.42000,1.40000,-0.00000,2.20000,2.17000,2.33000,2.33000,22948.00000
1.43000,1.40000,-0.00000,2.23000,2.17000,2.32000,2.33000,14820.00000
1.43000,1.40000,0.00000,2.40000,2.12000,2.32000,2.33000,6672.00000
1.44000,1.40000,0.00000,2.29000,2.34000,2.30000,2.32000,-1412.00000
1.45000,1.40000,0.01000,2.62000,2.37000,2.30000,2.32000,-9528.00000
1.45000,1.40000,0.02000,2.70000,2.31000,2.28000,2.31000,-17644.00000
1.46000,1.40000,0.02000,2.54000,2.51000,2.24000,2.29000,-25804.00000
1.46000,1.40000,0.02000,2.48000,2.45000,2.23000,2.29000,31568.00000
1.47000,1.40000,0.02000,2.51000,2.45000,2.23000,2.29000,23392.00000
1.47000,1.40000,0.02000,2.26000,2.29000,2.22000,2.28000,15232.00000
1.48000,1.40000,0.02000,2.09000,2.17000,2.22000,2.28000,7072.00000
1.49000,1.40000,0.02000,2.23000,2.17000,2.23000,2.29000,-1044.00000
1.49000,1.40000,0.01000,1.98000,2.26000,2.22000,2.28000,-9140.00000
1.50000,1.40000,0.01000,2.15000,2.29000,2.25000,2.30000,-17252.00000
1.50000,1.40000,0.00000,2.09000,2.37000,2.27000,2.30000,-25392.00000
1.51000,1.40000,-0.00000,2.01000,2.23000,2.29000,2.32000,31996.00000
1.51000,1.40000,0.00000,2.17000,2.06000,2.31000,2.32000,23836.00000
1.52000,1.40000,-0.00000,2.01000,2.20000,2.30000,2.32000,15704.00000
1.52000,1.40000,0.00000,2.26000,2.03000,2.32000,2.33000,7580.00000
1.53000,1.40000,0.00000,2.17000,2.12000,2.30000,2.32000,-492.00000
1.53000,1.40000,0.00000,2.26000,2.17000,2.29000,2.32000,-8548.00000
1.54000,1.40000,0.01000,2.34000,2.29000,2.28000,2.31000,-16648.00000
1.54000,1.40000,0.00000,2.28000,2.45000,2.28000,2.31000,-24812.00000
1.55000,1.40000,-0.00000,2.31000,2.42000,2.29000,2.32000,32552.00000
1.55000,1.40000,-0.00000,2.37000,2.43000,2.30000,2.32000,24376.00000
1.56000,1.40000,-0.00000,2.40000,2.56000,2.31000,2.32000,16268.00000
1.57000,1.40000,-0.00000,2.51000,2.48000,2.32000,2.33000,8112.00000
1.57000,1.40000,-0.00000,2.51000,2.45000,2.32000,2.33000,-20.00000
1.58000,1.40000,-0.00000,2.45000,2.51000,2.31000,2.32000,-8076.00000
1.58000,1.40000,-0.00000,2.40000,2.43000,2.32000,2.33000,-16188.00000
1.59000,1.40000,-0.00000,2.20000,2.23000,2.32000,2.33000,-24344.00000
1.59000,1.40000,-0.01000,1.87000,2.37000,2.32000,2.33000,-32508.00000
1.60000,1.40000,-0.02000,2.06000,2.12000,2.32000,2.30000,24864.00000
1.60000,1.40000,-0.02000,2.29000,2.29000,2.32000,2.29000,16716.00000
1.61000,1.40000,-0.01000,2.51000,2.31000,2.32000,2.29000,8632.00000
1.62000,1.40000,-0.01000,2.51000,2.17000,2.32000,2.31000,496.00000
1.62000,1.40000,-0.01000,2.40000,2.40000,2.33000,2.33000,-7588.00000
1.63000,1.40000,-0.00000,2.34000,2.29000,2.33000,2.33000,-15648.00000
1.63000,1.40000,-0.00000,2.34000,2.26000,2.32000,2.33000,-23832.00000
1.64000,1.40000,-0.00000,2.31000,2.34000,2.31000,2.32000,-31980.00000
1.64000,1.40000,0.00000,2.48000,2.23000,2.32000,2.33000,25384.00000
1.65000,1.40000,0.00000,2.40000,2.31000,2.29000,2.32000,17252.00000
1.65000,1.40000,0.01000,2.51000,2.34000,2.29000,2.31000,9096.00000
1.66000,1.40000,0.01000,2.56000,2.26000,2.27000,2.31000,964.00000
1.67000,1.40000,0.02000,2.56000,2.31000,2.24000,2.29000,-7108.00000
1.67000,1.40000,0.02000,2.37000,2.48000,2.21000,2.27000,-15232.00000
1.68000,1.40000,0.02000,2.40000,2.40000,2.22000,2.28000,-23412.00000
1.68000,1.40000,0.02000,2.37000,2.26000,2.22000,2.28000,-31520.00000
1.69000,1.40000,0.02000,2.03000,2.12000,2.20000,2.27000,25848.00000
1.69000,1.40000,0.02000,2.12000,2.15000,2.21000,2.27000,17704.00000
1.70000,1.40000,0.01000,1.90000,2.31000,2.21000,2.27000,9560.00000
1.70000,1.40000,0.01000,2.17000,2.26000,2.25000,2.30000,1464.00000
1.71000,1.40000,0.01000,2.26000,2.26000,2.26000,2.30000,-6644.00000
1.71000,1.40000,0.00000,2.20000,2.29000,2.26000,2.30000,-14680.00000
1.72000,1.40000,0.01000,2.29000,2.01000,2.26000,2.30000,-22840.00000
1.72000,1.40000,0.01000,2.17000,2.17000,2.23000,2.29000,-30956.00000
1.73000,1.40000,0.01000,2.09000,2.03000,2.23000,2.29000,26436.00000
1.73000,1.40000,0.01000,2.15000,2.09000,2.22000,2.28000,18312.00000
1.74000,1.40000,0.01000,2.03000,2.23000,2.21000,2.28000,10156.00000
1.74000,1.40000,0.01000,2.17000,2.06000,2.23000,2.29000,1996.00000
1.75000,1.40000,0.00000,1.98000,2.26000,2.22000,2.28000,-6092.00000
1.75000,1.40000,0.00000,2.17000,2.26000,2.25000,2.29000,-14196.00000
1.76000,1.40000,0.00000,2.31000,2.40000,2.25000,2.30000,-22352.00000
1.77000,1.40000,-0.01000,2.31000,2.65000,2.26000,2.30000,-30488.00000
1.77000,1.40000,-0.01000,2.42000,2.59000,2.29000,2.31000,26876.00000
1.78000,1.40000,-0.01000,2.42000,2.62000,2.30000,2.32000,18708.00000
1.78000,1.40000,-0.01000,2.59000,2.62000,2.32000,2.33000,10520.00000
1.79000,1.40000,-0.01000,2.42000,2.45000,2.32000,2.33000,2364.00000
1.80000,1.40000,-0.02000,2.20000,2.34000,2.32000,2.33000,-5776.00000
1.80000,1.40000,-0.02000,1.98000,2.40000,2.33000,2.33000,-13884.00000
1.81000,1.40000,-0.03000,2.06000,2.20000,2.32000,2.29000,-22028.00000
1.81000,1.40000,-0.03000,2.20000,2.20000,2.31000,2.28000,-30196.00000
1.82000,1.40000,-0.02000,2.37000,2.23000,2.31000,2.28000,27240.00000
1.82000,1.40000,-0.02000,2.40000,2.15000,2.31000,2.29000,19072.00000
1.83000,1.40000,-0.02000,2.31000,2.34000,2.32000,2.31000,10900.00000
1.83000,1.40000,-0.02000,2.23000,2.23000,2.32000,2.31000,2776.00000
1.84000,1.40000,-0.02000,2.17000,2.20000,2.32000,2.30000,-5308.00000
1.84000,1.40000,-0.02000,2.23000,2.29000,2.32000,2.30000,-13428.00000
1.85000,1.40000,-0.02000,2.29000,2.15000,2.32000,2.30000,-21584.00000
1.85000,1.40000,-0.02000,2.29000,2.37000,2.32000,2.31000,-29736.00000
1.86000,1.40000,-0.02000,2.40000,2.34000,2.32000,2.30000,27640.00000
1.87000,1.40000,-0.02000,2.45000,2.23000,2.32000,2.30000,19480.00000
1.87000,1.40000,-0.01000,2.56000,2.45000,2.33000,2.32000,11308.00000
1.88000,1.40000,-0.01000,2.54000,2.51000,2.33000,2.33000,3160.00000
1.88000,1.40000,-0.01000,2.59000,2.48000,2.33000,2.33000,-4964.00000
1.89000,1.40000,-0.01000,2.51000,2.51000,2.32000,2.33000,-13116.00000
1.90000,1.40000,-0.01000,2.31000,2.51000,2.32000,2.33000,-21280.00000
1.90000,1.40000,-0.01000,2.37000,2.34000,2.33000,2.32000,-29444.00000
1.91000,1.40000,-0.02000,2.15000,2.48000,2.33000,2.33000,27916.00000
1.91000,1.40000,-0.02000,2.23000,2.31000,2.32000,2.30000,19772.00000
1.92000,1.40000,-0.02000,2.15000,2.23000,2.31000,2.29000,11604.00000
1.92000,1.40000,-0.02000,2.23000,2.26000,2.31000,2.28000,3444.00000
1.93000,1.40000,-0.02000,2.26000,2.17000,2.31000,2.27000,-4656.00000
1.93000,1.40000,-0.02000,2.12000,2.03000,2.31000,2.27000,-12792.00000
1.94000,1.40000,-0.02000,2.20000,2.23000,2.31000,2.28000,-20944.00000
1.94000,1.40000,-0.02000,2.15000,2.03000,2.31000,2.27000,-29068.00000
1.95000,1.40000,-0.02000,2.20000,2.29000,2.31000,2.27000,28276.00000
1.95000,1.40000,-0.02000,2.34000,2.31000,2.30000,2.26000,20164.00000
1.96000,1.40000,-0.02000,2.31000,2.45000,2.30000,2.25000,11992.00000
1.97000,1.40000,-0.03000,2.34000,2.54000,0.46000,-0.46000,3824.00000
1.97000,1.40000,-0.03000,2.45000,2.45000,0.46000,-0.46000,-4268.00000
1.97000,1.40000,-0.02000,1.56000,1.31000,0.46000,-0.46000,-12384.00000
1.98000,1.40000,-0.00000,0.98000,0.08000,0.47000,-0.47000,-20492.00000
1.98000,1.40000,0.00000,0.36000,0.00000,0.47000,-0.47000,-28540.00000
1.98000,1.40000,0.00000,0.06000,0.00000,0.47000,-0.47000,29024.00000
1.98000,1.40000,0.01000,0.20000,0.03000,0.47000,-0.47000,21068.00000
1.98000,1.40000,0.01000,0.00000,0.00000,0.47000,-0.47000,13060.00000
1.98000,1.40000,0.01000,0.00000,0.00000,0.47000,-0.47000,5260.00000
1.98000,1.40000,0.01000,0.00000,0.00000,0.47000,-0.47000,-2496.00000
1.98000,1.40000,0.01000,0.00000,0.00000,0.47000,-0.47000,-10248.00000
1.98000,1.40000,0.01000,0.00000,0.00000,0.47000,-0.47000,-18056.00000
1.98000,1.40000,0.01000,0.00000,0.00000,0.47000,-0.47000,-25852.00000
1.98000,1.40000,0.01000,0.00000,0.00000,0.47000,-0.47000,31860.00000
1.98000,1.40000,0.01000,0.00000,0.00000,0.47000,-0.47000,24068.00000
1.98000,1.40000,0.01000,0.00000,0.00000,0.47000,-0.47000,16268.00000
1.98000,1.40000,0.01000,0.00000,0.00000,0.47000,-0.47000,8460.00000
1.98000,1.40000,0.01000,0.00000,0.00000,0.47000,-0.47000,712.00000
1.98000,1.40000,0.01000,0.00000,0.00000,0.47000,-0.47000,-7000.00000
1.98000,1.40000,0.01000,0.00000,0.00000,0.47000,-0.47000,-14756.00000
1.98000,1.40000,0.01000,0.00000,0.00000,0.47000,-0.47000,-22560.00000
1.98000,1.40000,0.01000,0.00000,0.00000,0.47000,-0.47000,-30376.00000
1.98000,1.40000,0.01000,0.00000,0.00000,0.47000,-0.47000,27364.00000
1.98000,1.40000,0.01000,0.00000,0.00000,0.47000,-0.47000,19560.00000
1.98000,1.40000,0.01000,0.06000,0.00000,0.47000,-0.47000,11764.00000
1.98000,1.40000,0.01000,0.31000,0.00000,0.47000,-0.47000,3808.00000
1.98000,1.40000,0.03000,0.86000,0.00000,0.47000,-0.47000,-4100.00000
1.98000,1.40000,0.06000,1.56000,0.00000,0.47000,-0.47000,-12028.00000
1.98000,1.40000,0.10000,1.92000,0.00000,0.48000,-0.48000,-20068.00000
1.98000,1.40000,0.13000,1.81000,0.00000,0.49000,-0.49000,-28068.00000
1.99000,1.40000,0.16000,1.28000,0.00000,0.50000,-0.50000,29416.00000
1.99000,1.40000,0.16000,0.25000,0.00000,0.51000,-0.51000,21420.00000
1.99000,1.40000,0.16000,0.06000,0.00000,0.51000,-0.51000,13448.00000
1.99000,1.40000,0.16000,0.03000,0.00000,0.51000,-0.51000,5484.00000
1.99000,1.40000,0.17000,0.17000,0.00000,0.51000,-0.51000,-2416.00000
1.99000,1.40000,0.17000,0.03000,0.00000,0.51000,-0.51000,-10344.00000
1.99000,1.40000,0.17000,0.00000,0.00000,0.51000,-0.51000,-18308.00000
1.99000,1.40000,0.17000,0.00000,0.00000,0.51000,-0.51000,-26120.00000
1.99000,1.40000,0.17000,0.00000,0.00000,0.51000,-0.51000,31612.00000
1.99000,1.40000,0.17000,0.03000,0.00000,0.51000,-0.51000,23800.00000
1.99000,1.40000,0.17000,0.28000,0.00000,0.51000,-0.51000,15848.00000
1.99000,1.40000,0.19000,0.56000,0.00000,0.51000,-0.51000,7888.00000
1.99000,1.40000,0.21000,1.25000,0.00000,0.52000,-0.52000,-36.00000
1.99000,1.40000,0.23000,1.12000,0.00000,0.53000,-0.53000,-7920.00000
1.99000,1.40000,0.24000,0.70000,0.00000,0.54000,-0.54000,-15884.00000
1.99000,1.40000,0.26000,0.64000,0.00000,0.55000,-0.55000,-23848.00000
1.99000,1.40000,0.27000,0.89000,0.00000,0.55000,-0.55000,-31824.00000
1.99000,1.40000,0.30000,1.23000,0.00000,0.56000,-0.56000,25704.00000
2.00000,1.40000,0.32000,0.89000,0.00000,0.57000,-0.57000,17688.00000
2.00000,1.40000,0.33000,0.92000,0.00000,0.58000,-0.58000,9728.00000
2.00000,1.40000,0.36000,1.20000,0.00000,0.58000,-0.58000,1808.00000
2.00000,1.40000,0.38000,1.09000,0.00000,0.59000,-0.59000,-6152.00000
2.00000,1.40000,0.39000,0.53000,0.00000,0.60000,-0.60000,-14104.00000
2.00000,1.40000,0.39000,0.28000,0.00000,0.60000,-0.60000,-22068.00000
2.00000,1.40000,0.39000,0.03000,0.00000,0.60000,-0.60000,-30012.00000
2.00000,1.40000,0.40000,0.17000,0.00000,0.60000,-0.60000,27588.00000
2.00000,1.40000,0.41000,0.47000,0.00000,0.60000,-0.60000,19628.00000
2.00000,1.40000,0.43000,1.00000,0.00000,0.60000,-0.60000,11660.00000
2.00000,1.41000,0.44000,0.92000,0.00000,0.60000,-0.61000,3680.00000
2.00000,1.41000,0.45000,0.39000,0.00000,0.60000,-0.61000,-4264.00000
2.00000,1.41000,0.45000,0.14000,0.00000,0.60000,-0.61000,-12184.00000
2.00000,1.41000,0.46000,0.11000,0.00000,0.60000,-0.61000,-20164.00000
2.00000,1.41000,0.46000,0.03000,0.00000,0.60000,-0.61000,-28128.00000
2.00000,1.41000,0.46000,0.00000,0.00000,0.60000,-0.61000,29452.00000
2.00000,1.41000,0.46000,0.00000,0.00000,0.60000,-0.61000,21640.00000
2.00000,1.41000,0.46000,0.00000,0.00000,0.60000,-0.61000,13840.00000
2.00000,1.41000,0.46000,0.00000,0.00000,0.60000,-0.61000,6044.00000
2.00000,1.41000,0.46000,0.00000,0.00000,0.60000,-0.61000,-1716.00000
2.00000,1.41000,0.46000,0.08000,0.00000,0.60000,-0.61000,-9464.00000
2.00000,1.41000,0.47000,0.67000,0.00000,0.60000,-0.61000,-17384.00000
2.01000,1.41000,0.50000,1.42000,-0.03000,0.59000,-0.62000,-25380.00000
2.01000,1.41000,0.53000,1.78000,0.00000,0.57000,-0.63000,32072.00000
2.01000,1.41000,0.57000,1.73000,0.00000,0.48000,-0.67000,24052.00000
2.01000,1.41000,0.59000,1.34000,0.00000,0.30000,-0.75000,16000.00000
2.01000,1.41000,0.61000,0.70000,0.00000,0.05000,-0.88000,8000.00000
2.01000,1.41000,0.61000,0.03000,0.00000,-0.12000,-0.96000,48.00000
2.01000,1.41000,0.61000,0.00000,-0.03000,-0.13000,-0.97000,-7780.00000
2.01000,1.41000,0.61000,0.00000,0.00000,-0.14000,-0.97000,-15716.00000
2.01000,1.41000,0.61000,0.03000,0.00000,-0.14000,-0.97000,-23540.00000
2.01000,1.41000,0.61000,0.25000,0.00000,-0.15000,-0.97000,-31512.00000
2.01000,1.41000,0.61000,0.03000,-0.03000,-0.21000,-1.01000,26020.00000
2.01000,1.41000,0.62000,0.00000,-0.11000,-0.23000,-1.02000,18072.00000
2.01000,1.41000,0.62000,0.06000,0.00000,-0.26000,-1.03000,10084.00000
2.01000,1.41000,0.62000,0.06000,0.00000,-0.27000,-1.04000,2108.00000
2.01000,1.41000,0.62000,0.03000,0.00000,-0.29000,-1.05000,-5812.00000
2.01000,1.41000,0.62000,0.11000,0.00000,-0.30000,-1.05000,-13736.00000
2.01000,1.41000,0.62000,0.00000,0.00000,-0.33000,-1.07000,-21716.00000
2.01000,1.41000,0.62000,0.00000,0.00000,-0.33000,-1.07000,-29544.00000
2.01000,1.41000,0.62000,0.00000,0.00000,-0.33000,-1.07000,28168.00000
2.01000,1.41000,0.62000,0.00000,0.00000,-0.33000,-1.07000,20352.00000
2.01000,1.41000,0.62000,0.00000,0.00000,-0.33000,-1.07000,12528.00000
2.01000,1.41000,0.62000,0.00000,0.00000,-0.33000,-1.07000,4712.00000
2.01000,1.41000,0.62000,0.00000,0.00000,-0.33000,-1.07000,-3060.00000
2.01000,1.41000,0.62000,0.00000,0.00000,-0.33000,-1.07000,-10840.00000
2.01000,1.41000,0.62000,0.00000,0.00000,-0.33000,-1.07000,-18660.00000
2.01000,1.41000,0.62000,0.00000,0.00000,-0.33000,-1.07000,-26492.00000
2.01000,1.41000,0.62000,0.00000,0.00000,-0.33000,-1.07000,31224.00000
2.01000,1.41000,0.62000,0.00000,0.00000,-0.33000,-1.07000,23408.00000
2.01000,1.41000,0.62000,0.00000,-0.03000,-0.33000,-1.07000,15588.00000
2.01000,1.41000,0.62000,0.00000,0.00000,-0.33000,-1.07000,7616.00000
2.01000,1.41000,0.62000,0.00000,0.00000,-0.33000,-1.07000,-156.00000
2.01000,1.41000,0.62000,0.00000,0.00000,-0.33000,-1.07000,-7892.00000
2.01000,1.41000,0.62000,0.00000,0.00000,-0.33000,-1.07000,-15664.00000
2.01000,1.41000,0.62000,0.00000,-0.03000,-0.33000,-1.07000,-23496.00000
2.01000,1.41000,0.62000,0.00000,-0.03000,-0.34000,-1.08000,-31472.00000
2.01000,1.41000,0.64000,0.00000,-0.92000,-0.35000,-1.08000,26100.00000
2.01000,1.41000,0.69000,0.00000,-2.70000,-0.61000,-1.22000,18108.00000
2.00000,1.40000,0.77000,0.00000,-3.79000,-1.35000,-1.71000,10040.00000
2.00000,1.40000,0.85000,0.00000,-4.10000,-2.03000,-2.25000,1936.00000
2.00000,1.40000,0.93000,0.00000,-4.10000,-2.30000,-2.10000,-6136.00000
2.00000,1.39000,1.00000,0.00000,-3.87000,-1.73000,-1.38000,-14180.00000
1.99000,1.39000,1.07000,0.00000,-3.57000,-1.04000,-0.27000,-22276.00000
1.99000,1.39000,1.12000,0.00000,-2.68000,-0.70000,0.42000,-30356.00000
1.99000,1.39000,1.15000,0.00000,-1.59000,-0.63000,0.57000,27100.00000
1.99000,1.39000,1.16000,0.00000,-0.59000,-0.61000,0.60000,19056.00000
1.99000,1.39000,1.16000,0.00000,0.00000,-0.61000,0.60000,11076.00000
1.99000,1.39000,1.16000,0.00000,0.00000,-0.61000,0.60000,3260.00000
1.99000,1.39000,1.16000,0.00000,0.00000,-0.61000,0.60000,-4508.00000
1.99000,1.39000,1.16000,0.00000,0.00000,-0.61000,0.60000,-12280.00000
1.99000,1.39000,1.16000,0.00000,0.00000,-0.61000,0.60000,-20112.00000
1.99000,1.39000,1.16000,0.00000,0.00000,-0.61000,0.60000,-27924.00000
1.99000,1.39000,1.16000,0.00000,0.00000,-0.61000,0.60000,29780.00000
1.99000,1.39000,1.16000,0.00000,0.00000,-0.61000,0.60000,21972.00000
1.99000,1.39000,1.16000,0.00000,0.00000,-0.61000,0.60000,14156.00000
1.99000,1.39000,1.16000,0.00000,0.00000,-0.61000,0.60000,6340.00000
1.99000,1.39000,1.16000,0.00000,0.00000,-0.61000,0.60000,-1432.00000
1.99000,1.39000,1.16000,0.00000,0.00000,-0.61000,0.60000,-9204.00000
1.99000,1.39000,1.16000,0.00000,0.00000,-0.61000,0.60000,-16984.00000
1.99000,1.39000,1.16000,0.00000,0.00000,-0.61000,0.60000,-24796.00000
1.99000,1.39000,1.16000,0.00000,0.00000,-0.61000,0.60000,-32628.00000
1.99000,1.39000,1.16000,0.00000,-0.03000,-0.61000,0.60000,25088.00000
1.99000,1.39000,1.16000,0.00000,0.00000,-0.61000,0.60000,17112.00000
1.99000,1.39000,1.16000,0.00000,0.00000,-0.61000,0.60000,9304.00000
1.99000,1.39000,1.16000,0.00000,0.00000,-0.61000,0.60000,1536.00000
1.99000,1.39000,1.16000,0.00000,0.00000,-0.61000,0.60000,-6236.00000
1.99000,1.39000,1.16000,0.00000,0.00000,-0.61000,0.60000,-14016.00000
1.99000,1.39000,1.16000,-0.03000,0.00000,-0.61000,0.60000,-21828.00000
1.99000,1.39000,1.16000,0.00000,0.00000,-0.61000,0.60000,-29816.00000
1.99000,1.39000,1.16000,0.00000,0.00000,-0.61000,0.60000,27892.00000
1.99000,1.39000,1.16000,0.00000,0.00000,-0.61000,0.60000,20072.00000
1.99000,1.39000,1.16000,0.00000,0.00000,-0.61000,0.60000,12264.00000
1.99000,1.39000,1.16000,0.00000,0.00000,-0.61000,0.60000,4444.00000
1.99000,1.39000,1.16000,0.00000,0.00000,-0.61000,0.60000,-3320.00000
1.99000,1.39000,1.16000,0.00000,0.00000,-0.61000,0.60000,-11104.00000
1.99000,1.39000,1.16000,0.00000,0.00000,-0.61000,0.60000,-18928.00000
1.99000,1.39000,1.16000,0.00000,0.00000,-0.61000,0.60000,-26748.00000
1.99000,1.39000,1.16000,0.00000,0.00000,-0.61000,0.60000,30964.00000
1.99000,1.39000,1.16000,0.00000,0.00000,-0.61000,0.60000,23156.00000
1.99000,1.39000,1.16000,0.00000,0.00000,-0.61000,0.60000,15340.00000
1.99000,1.39000,1.16000,0.00000,0.00000,-0.61000,0.60000,7520.00000
1.99000,1.39000,1.16000,0.00000,0.00000,-0.61000,0.60000,-240.00000
1.99000,1.39000,1.16000,0.00000,0.00000,-0.61000,0.60000,-7984.00000
1.99000,1.39000,1.16000,0.00000,0.00000,-0.61000,0.60000,-15764.00000
1.99000,1.39000,1.16000,0.00000,0.00000,-0.61000,0.60000,-23584.00000
1.99000,1.39000,1.16000,0.00000,0.00000,-0.61000,0.60000,-31412.00000
1.99000,1.39000,1.16000,0.00000,0.00000,-0.61000,0.60000,26308.00000
1.99000,1.39000,1.16000,0.00000,0.00000,-0.61000,0.60000,18492.00000
1.99000,1.39000,1.16000,0.00000,0.00000,-0.61000,0.60000,10680.00000
1.99000,1.39000,1.16000,-0.03000,0.00000,-0.61000,0.60000,2868.00000
1.99000,1.39000,1.16000,0.00000,0.00000,-0.61000,0.60000,-5056.00000
1.99000,1.39000,1.16000,0.00000,0.00000,-0.61000,0.60000,-12832.00000
1.99000,1.39000,1.16000,0.00000,0.00000,-0.61000,0.60000,-20660.00000
1.99000,1.39000,1.16000,0.00000,0.00000,-0.61000,0.60000,-28472.00000
1.99000,1.39000,1.16000,0.00000,0.00000,-0.61000,0.60000,29240.00000
1.99000,1.39000,1.16000,0.00000,0.00000,-0.61000,0.60000,21428.00000
1.99000,1.39000,1.16000,0.00000,0.00000,-0.61000,0.60000,13612.00000
1.99000,1.39000,1.16000,0.00000,0.00000,-0.61000,0.60000,5800.00000
1.99000,1.39000,1.16000,-0.03000,0.00000,-0.61000,0.60000,-1976.00000
1.99000,1.38000,1.14000,-1.31000,0.00000,-0.61000,0.60000,-9888.00000
1.99000,1.38000,1.13000,-0.50000,0.03000,-0.62000,0.59000,-17872.00000
1.99000,1.38000,1.12000,-0.08000,0.00000,-0.62000,0.58000,-25936.00000
1.99000,1.38000,1.12000,-0.03000,0.00000,-0.62000,0.58000,31612.00000
1.99000,1.38000,1.12000,-0.11000,0.00000,-0.62000,0.58000,23624.00000
1.99000,1.38000,1.12000,0.00000,0.00000,-0.62000,0.58000,15636.00000
1.99000,1.38000,1.12000,0.00000,0.00000,-0.62000,0.58000,7828.00000
1.99000,1.38000,1.12000,0.00000,0.00000,-0.62000,0.58000,48.00000
1.99000,1.38000,1.12000,0.00000,0.00000,-0.62000,0.58000,-7632.00000
1.99000,1.38000,1.12000,-0.03000,0.00000,-0.62000,0.58000,-15412.00000
1.99000,1.38000,1.12000,0.00000,0.00000,-0.62000,0.58000,-23392.00000
1.99000,1.38000,1.12000,0.00000,0.00000,-0.62000,0.58000,-31212.00000
1.99000,1.38000,1.12000,0.00000,0.00000,-0.62000,0.58000,26504.00000
1.99000,1.38000,1.12000,0.00000,0.00000,-0.62000,0.58000,18684.00000
1.99000,1.38000,1.12000,-0.14000,0.00000,-0.62000,0.58000,10884.00000
1.99000,1.38000,1.11000,-0.59000,0.00000,-0.62000,0.58000,2884.00000
1.99000,1.38000,1.09000,-1.14000,0.00000,-0.63000,0.56000,-5064.00000
1.99000,1.38000,1.06000,-1.23000,0.00000,-0.65000,0.52000,-13048.00000
1.99000,1.38000,1.04000,-1.34000,0.00000,-0.69000,0.44000,-21068.00000
1.99000,1.38000,1.01000,-1.39000,0.00000,-0.76000,0.30000,-29100.00000
1.99000,1.38000,0.99000,-1.03000,0.00000,-0.87000,0.06000,28420.00000
1.98000,1.38000,0.97000,-0.98000,0.00000,-0.99000,-0.17000,20388.00000
1.98000,1.37000,0.94000,-1.51000,0.00000,-1.12000,-0.43000,12408.00000
1.98000,1.37000,0.91000,-1.34000,0.00000,-1.37000,-0.86000,4352.00000
1.98000,1.37000,0.88000,-1.56000,0.00000,-1.61000,-1.22000,-3620.00000
1.98000,1.37000,0.86000,-1.48000,0.00000,-1.89000,-1.58000,-11648.00000
1.98000,1.37000,0.83000,-1.56000,0.00000,-2.11000,-1.85000,-19676.00000
1.98000,1.37000,0.79000,-1.98000,0.00000,-2.28000,-2.07000,-27740.00000
1.98000,1.36000,0.75000,-2.06000,0.00000,-2.41000,-2.25000,29768.00000
1.97000,1.36000,0.69000,-2.76000,0.00000,-2.07000,-2.28000,21676.00000
1.97000,1.36000,0.64000,-2.84000,0.00000,-1.62000,-1.92000,13612.00000
1.97000,1.36000,0.59000,-2.62000,0.00000,-0.88000,-1.39000,5556.00000
1.97000,1.36000,0.56000,-1.48000,0.00000,-0.11000,-0.96000,-2468.00000
1.97000,1.36000,0.54000,-1.17000,0.00000,0.21000,-0.80000,-10472.00000
1.97000,1.36000,0.53000,-0.31000,0.00000,0.38000,-0.71000,-18496.00000
1.97000,1.36000,0.53000,-0.20000,0.00000,0.42000,-0.70000,-26484.00000
1.97000,1.36000,0.52000,-0.20000,0.00000,0.44000,-0.69000,31048.00000
1.97000,1.36000,0.52000,0.00000,0.00000,0.46000,-0.68000,23056.00000
1.97000,1.36000,0.52000,0.00000,0.00000,0.46000,-0.68000,15236.00000
1.97000,1.36000,0.52000,0.00000,0.00000,0.46000,-0.68000,7412.00000
1.97000,1.36000,0.52000,0.00000,0.00000,0.46000,-0.68000,-356.00000
1.97000,1.36000,0.52000,0.00000,0.00000,0.46000,-0.68000,-8104.00000
1.97000,1.36000,0.52000,0.00000,0.00000,0.46000,-0.68000,-15876.00000
1.97000,1.36000,0.52000,0.00000,0.00000,0.46000,-0.68000,-23720.00000
1.97000,1.36000,0.52000,0.00000,0.00000,0.46000,-0.68000,-31548.00000
1.97000,1.36000,0.52000,0.00000,0.00000,0.46000,-0.68000,26160.00000
1.97000,1.36000,0.52000,0.00000,0.00000,0.46000,-0.68000,18344.00000
1.97000,1.36000,0.52000,0.00000,0.00000,0.46000,-0.68000,10524.00000
1.97000,1.36000,0.52000,0.00000,0.00000,0.46000,-0.68000,2712.00000
1.97000,1.36000,0.52000,0.00000,0.00000,0.46000,-0.68000,-5072.00000
1.97000,1.36000,0.52000,0.00000,0.00000,0.46000,-0.68000,-12852.00000
1.97000,1.36000,0.52000,0.00000,0.00000,0.46000,-0.68000,-20676.00000
1.97000,1.36000,0.52000,0.00000,0.00000,0.46000,-0.68000,-28504.00000
1.97000,1.36000,0.52000,0.00000,0.00000,0.46000,-0.68000,29208.00000
1.97000,1.36000,0.52000,0.00000,0.00000,0.46000,-0.68000,21388.00000
1.97000,1.36000,0.52000,0.00000,0.00000,0.46000,-0.68000,13560.00000
1.97000,1.36000,0.52000,0.00000,-0.03000,0.46000,-0.68000,5744.00000
1.97000,1.36000,0.52000,0.00000,0.00000,0.45000,-0.68000,-2192.00000
1.97000,1.36000,0.52000,0.00000,0.00000,0.45000,-0.68000,-9968.00000
1.97000,1.36000,0.52000,0.00000,0.00000,0.45000,-0.68000,-17740.00000
1.97000,1.36000,0.52000,0.00000,0.00000,0.45000,-0.68000,-25572.00000
1.97000,1.36000,0.52000,0.00000,0.00000,0.45000,-0.68000,32140.00000
1.97000,1.36000,0.52000,0.00000,0.00000,0.45000,-0.68000,24332.00000
1.97000,1.36000,0.52000,0.00000,0.00000,0.45000,-0.68000,16504.00000
1.97000,1.36000,0.52000,0.00000,0.00000,0.45000,-0.68000,8700.00000
1.97000,1.36000,0.52000,0.00000,0.00000,0.45000,-0.68000,920.00000
1.97000,1.36000,0.52000,0.00000,0.00000,0.45000,-0.68000,-6812.00000
1.97000,1.36000,0.52000,0.00000,0.00000,0.45000,-0.68000,-14584.00000
1.97000,1.36000,0.52000,0.00000,0.00000,0.45000,-0.68000,-22412.00000
1.97000,1.36000,0.52000,0.00000,0.00000,0.45000,-0.68000,-30232.00000
1.97000,1.36000,0.52000,0.00000,0.00000,0.45000,-0.68000,27484.00000
1.97000,1.36000,0.52000,0.00000,0.00000,0.45000,-0.68000,19660.00000
1.97000,1.36000,0.52000,0.00000,0.00000,0.45000,-0.68000,11852.00000
1.97000,1.36000,0.52000,0.00000,0.00000,0.45000,-0.68000,4028.00000
1.97000,1.36000,0.52000,0.00000,-0.03000,0.45000,-0.68000,-3748.00000
1.97000,1.36000,0.52000,0.00000,0.00000,0.45000,-0.68000,-11672.00000
1.97000,1.36000,0.52000,0.00000,0.00000,0.45000,-0.68000,-19496.00000
1.97000,1.36000,0.52000,0.00000,0.00000,0.45000,-0.68000,-27328.00000
1.97000,1.36000,0.52000,0.00000,0.00000,0.45000,-0.68000,30396.00000
1.97000,1.36000,0.52000,0.00000,0.00000,0.45000,-0.68000,22568.00000
1.97000,1.36000,0.52000,0.00000,0.00000,0.45000,-0.68000,14752.00000
1.97000,1.36000,0.52000,0.00000,-0.03000,0.45000,-0.68000,6944.00000
1.96000,1.36000,0.55000,0.00000,-1.14000,0.45000,-0.68000,-964.00000
1.96000,1.35000,0.58000,0.00000,-1.76000,0.33000,-0.74000,-8892.00000
1.96000,1.35000,0.62000,0.00000,-2.23000,0.05000,-0.87000,-16904.00000
1.96000,1.35000,0.67000,0.00000,-2.23000,-0.50000,-1.16000,-24944.00000
1.96000,1.35000,0.70000,0.00000,-1.87000,-1.12000,-1.55000,32528.00000
1.95000,1.35000,0.74000,0.00000,-1.76000,-1.57000,-1.88000,24492.00000
1.95000,1.35000,0.77000,0.00000,-1.59000,-1.88000,-2.13000,16452.00000
1.95000,1.35000,0.80000,0.00000,-1.76000,-2.09000,-2.30000,8416.00000
1.95000,1.34000,0.84000,0.00000,-1.76000,-2.25000,-2.41000,408.00000
1.95000,1.34000,0.88000,0.00000,-2.40000,-2.31000,-2.10000,-7556.00000
1.95000,1.34000,0.93000,0.00000,-2.43000,-2.03000,-1.75000,-15580.00000
1.94000,1.34000,0.98000,0.00000,-2.73000,-1.60000,-1.19000,-23664.00000
1.94000,1.33000,1.03000,-0.03000,-2.48000,-1.10000,-0.38000,-31748.00000
1.94000,1.33000,1.07000,0.00000,-1.90000,-0.79000,0.22000,25668.00000
1.94000,1.33000,1.09000,0.00000,-1.14000,-0.68000,0.46000,17636.00000
1.94000,1.33000,1.09000,0.00000,-0.08000,-0.64000,0.53000,9616.00000
1.94000,1.33000,1.09000,0.00000,0.00000,-0.64000,0.54000,1708.00000
1.94000,1.33000,1.09000,0.00000,0.00000,-0.64000,0.54000,-6064.00000
1.94000,1.33000,1.09000,0.00000,0.00000,-0.64000,0.54000,-13836.00000
1.94000,1.33000,1.09000,0.00000,0.00000,-0.64000,0.54000,-21656.00000
1.94000,1.33000,1.09000,0.00000,0.00000,-0.64000,0.54000,-29472.00000
1.94000,1.33000,1.09000,0.00000,0.00000,-0.64000,0.54000,28248.00000
1.94000,1.33000,1.09000,0.00000,0.00000,-0.64000,0.54000,20440.00000
1.94000,1.33000,1.09000,-0.03000,0.00000,-0.64000,0.54000,12620.00000
1.94000,1.33000,1.09000,-0.11000,0.00000,-0.64000,0.54000,4664.00000
1.94000,1.33000,1.08000,-0.17000,0.00000,-0.64000,0.53000,-3284.00000
1.94000,1.33000,1.08000,0.00000,0.00000,-0.65000,0.53000,-11232.00000
1.94000,1.33000,1.08000,-0.03000,0.00000,-0.65000,0.53000,-19044.00000
1.94000,1.33000,1.08000,-0.25000,0.00000,-0.65000,0.52000,-27024.00000
1.94000,1.33000,1.08000,-0.03000,0.00000,-0.65000,0.51000,30536.00000
1.94000,1.33000,1.08000,-0.11000,0.00000,-0.65000,0.51000,22568.00000
1.94000,1.33000,1.07000,-0.50000,0.00000,-0.66000,0.51000,14572.00000
1.94000,1.33000,1.05000,-0.92000,0.00000,-0.67000,0.47000,6584.00000
1.94000,1.33000,1.02000,-1.56000,0.00000,-0.71000,0.40000,-1368.00000
1.94000,1.33000,1.00000,-1.20000,0.00000,-0.80000,0.20000,-9356.00000
1.94000,1.33000,0.97000,-1.14000,0.00000,-0.92000,-0.03000,-17340.00000
1.94000,1.32000,0.95000,-1.37000,0.00000,-1.06000,-0.31000,-25348.00000
1.94000,1.32000,0.93000,-0.81000,0.00000,-1.27000,-0.68000,32144.00000
1.94000,1.32000,0.92000,-0.70000,0.00000,-1.41000,-0.91000,24128.00000
1.93000,1.32000,0.91000,-0.67000,0.00000,-1.53000,-1.10000,16096.00000
1.93000,1.32000,0.88000,-1.37000,0.00000,-1.65000,-1.27000,8100.00000
1.93000,1.32000,0.85000,-1.53000,0.00000,-1.89000,-1.58000,100.00000
1.93000,1.32000,0.81000,-1.98000,-0.03000,-2.12000,-1.86000,-7848.00000
1.93000,1.32000,0.77000,-2.09000,-0.14000,-2.32000,-2.11000,-15948.00000
1.93000,1.31000,0.72000,-2.51000,0.00000,-2.22000,-2.40000,-24084.00000
1.92000,1.31000,0.67000,-2.65000,0.00000,-1.96000,-2.19000,-32156.00000
1.92000,1.31000,0.63000,-2.45000,0.00000,-1.45000,-1.79000,25284.00000
1.92000,1.31000,0.58000,-2.15000,0.00000,-0.77000,-1.32000,17204.00000
1.92000,1.31000,0.57000,-1.39000,-0.86000,-0.13000,-0.97000,9180.00000
1.92000,1.31000,0.61000,-0.28000,-1.92000,0.03000,-0.89000,1096.00000
1.91000,1.30000,0.64000,-0.42000,-2.04000,-0.35000,-1.08000,-6972.00000
1.91000,1.30000,0.66000,-0.70000,-2.12000,-0.79000,-1.33000,-15072.00000
1.91000,1.30000,0.69000,-0.03000,-1.45000,-1.15000,-1.57000,-23200.00000
1.91000,1.30000,0.72000,0.00000,-1.31000,-1.49000,-1.82000,-31296.00000
1.91000,1.30000,0.74000,-0.33000,-1.53000,-1.75000,-2.02000,26216.00000
1.90000,1.30000,0.74000,-1.12000,-1.14000,-1.94000,-2.18000,18116.00000
1.90000,1.29000,0.73000,-2.45000,-2.03000,-1.94000,-2.18000,9980.00000
1.90000,1.29000,0.73000,-2.70000,-2.40000,-1.86000,-2.11000,1864.00000
1.89000,1.28000,0.73000,-2.37000,-2.68000,-1.78000,-2.05000,-6332.00000
1.89000,1.28000,0.74000,-2.40000,-2.93000,-1.81000,-2.08000,-14512.00000
1.88000,1.28000,0.75000,-2.15000,-2.23000,-1.88000,-2.13000,-22640.00000
1.88000,1.27000,0.75000,-2.01000,-2.12000,-1.87000,-2.12000,-30900.00000
1.88000,1.27000,0.75000,-1.98000,-2.15000,-1.87000,-2.12000,26488.00000
1.87000,1.27000,0.75000,-1.59000,-1.78000,-1.88000,-2.13000,18292.00000
1.87000,1.26000,0.76000,-1.81000,-2.09000,-1.89000,-2.14000,10128.00000
1.87000,1.26000,0.76000,-1.53000,-1.76000,-1.92000,-2.16000,1948.00000
1.86000,1.26000,0.77000,-1.84000,-2.06000,-1.94000,-2.18000,-6168.00000
1.86000,1.26000,0.77000,-1.92000,-1.98000,-1.95000,-2.19000,-14296.00000
1.86000,1.25000,0.77000,-2.12000,-2.29000,-1.95000,-2.18000,-22468.00000
1.85000,1.25000,0.78000,-2.17000,-2.40000,-1.95000,-2.19000,-30680.00000
1.85000,1.24000,0.78000,-2.29000,-2.34000,-1.96000,-2.20000,26676.00000
1.84000,1.24000,0.79000,-2.09000,-2.48000,-1.95000,-2.19000,18468.00000
1.84000,1.24000,0.79000,-2.09000,-2.56000,-1.98000,-2.21000,10288.00000
1.84000,1.23000,0.81000,-1.78000,-2.37000,-2.02000,-2.25000,2136.00000
1.83000,1.23000,0.82000,-1.67000,-2.29000,-2.08000,-2.29000,-6036.00000
1.83000,1.23000,0.83000,-1.92000,-2.29000,-2.13000,-2.33000,-14140.00000
1.83000,1.22000,0.83000,-2.06000,-2.06000,-2.16000,-2.35000,-22348.00000
1.82000,1.22000,0.83000,-2.31000,-2.37000,-2.15000,-2.34000,-30508.00000
1.82000,1.21000,0.82000,-2.42000,-2.26000,-2.15000,-2.34000,26840.00000
1.82000,1.21000,0.82000,-2.42000,-2.37000,-2.12000,-2.32000,18608.00000
1.81000,1.21000,0.83000,-2.29000,-2.62000,-2.10000,-2.31000,10432.00000
1.81000,1.20000,0.84000,-1.62000,-2.20000,-2.11000,-2.32000,2200.00000
1.81000,1.20000,0.85000,-1.84000,-2.23000,-2.15000,-2.35000,-5944.00000
1.80000,1.19000,0.86000,-1.70000,-2.20000,-2.04000,-1.77000,-14088.00000
1.80000,1.19000,0.86000,-1.64000,-1.78000,-1.96000,-1.67000,-22196.00000
1.80000,1.19000,0.86000,-1.70000,-1.87000,-1.93000,-1.63000,-30392.00000
1.79000,1.19000,0.86000,-1.70000,-1.78000,-1.89000,-1.59000,27024.00000
1.79000,1.18000,0.86000,-1.95000,-1.90000,-1.87000,-1.55000,18852.00000
1.79000,1.18000,0.86000,-1.92000,-1.76000,-1.86000,-1.55000,10728.00000
1.79000,1.17000,0.86000,-1.98000,-2.01000,-1.88000,-1.57000,2556.00000
1.78000,1.17000,0.86000,-2.20000,-1.95000,-1.86000,-1.55000,-5548.00000
1.78000,1.17000,0.86000,-2.09000,-2.09000,-1.89000,-1.59000,-13704.00000
1.78000,1.16000,0.85000,-2.23000,-1.87000,-1.88000,-1.57000,-21792.00000
1.77000,1.16000,0.85000,-1.95000,-1.87000,-1.93000,-1.63000,-30032.00000
1.77000,1.16000,0.84000,-2.17000,-1.84000,-1.93000,-1.63000,27352.00000
1.77000,1.15000,0.84000,-1.84000,-1.90000,-1.97000,-1.68000,19168.00000
1.76000,1.15000,0.84000,-1.84000,-1.70000,-1.95000,-1.66000,11032.00000
1.76000,1.15000,0.84000,-1.70000,-1.67000,-1.96000,-1.67000,2872.00000
1.76000,1.14000,0.83000,-1.78000,-1.53000,-1.95000,-1.66000,-5224.00000
1.76000,1.14000,0.84000,-1.56000,-1.67000,-1.98000,-1.70000,-13320.00000
1.75000,1.14000,0.83000,-1.81000,-1.28000,-1.96000,-1.66000,-21472.00000
1.75000,1.14000,0.83000,-1.56000,-1.70000,-2.03000,-1.75000,-29616.00000
1.75000,1.13000,0.83000,-1.95000,-1.81000,-2.00000,-1.72000,27728.00000
1.74000,1.13000,0.83000,-1.81000,-1.92000,-2.01000,-1.73000,19612.00000
1.74000,1.13000,0.83000,-1.84000,-1.70000,-1.98000,-1.69000,11416.00000
1.74000,1.12000,0.83000,-1.81000,-1.92000,-1.99000,-1.71000,3272.00000
1.74000,1.12000,0.82000,-1.81000,-1.53000,-1.96000,-1.67000,-4860.00000
1.73000,1.12000,0.82000,-1.73000,-1.76000,-1.99000,-1.71000,-12936.00000
1.73000,1.11000,0.82000,-1.81000,-1.70000,-1.98000,-1.69000,-21096.00000
1.73000,1.11000,0.82000,-1.73000,-1.84000,-1.98000,-1.69000,-29248.00000
1.72000,1.11000,0.82000,-1.92000,-1.87000,-1.95000,-1.66000,28116.00000
1.72000,1.10000,0.82000,-2.09000,-2.03000,-1.94000,-1.65000,19960.00000
1.72000,1.10000,0.82000,-2.12000,-1.90000,-1.94000,-1.64000,11792.00000
1.71000,1.10000,0.81000,-2.40000,-2.17000,-1.96000,-1.66000,3616.00000
1.71000,1.09000,0.81000,-2.06000,-1.84000,-1.97000,-1.68000,-4512.00000
1.71000,1.09000,0.81000,-2.29000,-2.23000,-1.99000,-1.71000,-12660.00000
1.70000,1.09000,0.80000,-2.09000,-1.76000,-1.98000,-1.70000,-20804.00000
1.70000,1.08000,0.80000,-2.15000,-2.09000,-2.02000,-1.74000,-29004.00000
1.70000,1.08000,0.79000,-2.26000,-1.87000,-2.01000,-1.73000,28424.00000
1.69000,1.08000,0.79000,-1.95000,-2.01000,-2.05000,-1.78000,20236.00000
1.69000,1.07000,0.79000,-2.17000,-1.95000,-2.03000,-1.75000,12072.00000
1.69000,1.07000,0.79000,-2.03000,-2.03000,-2.04000,-1.77000,3908.00000
1.68000,1.06000,0.78000,-2.34000,-1.76000,-2.03000,-1.75000,-4156.00000
1.68000,1.06000,0.76000,-2.20000,-1.59000,-2.09000,-1.83000,-12296.00000
1.68000,1.06000,0.76000,-1.92000,-1.48000,-2.16000,-1.91000,-20468.00000
1.67000,1.06000,0.75000,-1.76000,-1.62000,-2.20000,-1.97000,-28632.00000
1.67000,1.05000,0.75000,-1.67000,-1.51000,-2.21000,-1.98000,28752.00000
1.67000,1.05000,0.75000,-1.98000,-1.95000,-2.22000,-1.99000,20600.00000
1.66000,1.05000,0.74000,-2.12000,-1.76000,-2.22000,-1.98000,12444.00000
1.66000,1.04000,0.74000,-2.45000,-2.06000,-2.24000,-2.02000,4252.00000
1.66000,1.04000,0.73000,-2.40000,-1.92000,-2.27000,-2.06000,-3840.00000
1.65000,1.04000,0.72000,-2.56000,-2.17000,-2.31000,-2.10000,-12020.00000
1.65000,1.03000,0.71000,-2.56000,-2.31000,-2.33000,-2.13000,-20188.00000
1.64000,1.03000,0.71000,-2.42000,-2.26000,-2.34000,-2.15000,-28388.00000
1.64000,1.03000,0.71000,-2.20000,-2.31000,-2.35000,-2.16000,28940.00000
1.64000,1.02000,0.71000,-2.45000,-2.23000,-2.34000,-2.14000,20760.00000
1.63000,1.02000,0.70000,-2.40000,-2.23000,-2.35000,-2.16000,12564.00000
1.63000,1.01000,0.70000,-2.54000,-2.40000,-2.36000,-2.17000,4380.00000
1.62000,1.01000,0.70000,-2.51000,-2.31000,-2.36000,-2.18000,-3752.00000
1.62000,1.01000,0.70000,-2.45000,-2.37000,-2.37000,-2.19000,-11888.00000
1.61000,1.00000,0.70000,-2.28000,-2.23000,-2.37000,-2.19000,-20068.00000
1.61000,1.00000,0.69000,-2.37000,-2.23000,-2.37000,-2.19000,-28292.00000
1.61000,1.00000,0.69000,-2.17000,-2.15000,-2.38000,-2.20000,29084.00000
1.60000,0.99000,0.69000,-2.06000,-1.98000,-2.38000,-2.19000,20900.00000
1.60000,0.99000,0.69000,-2.23000,-2.06000,-2.38000,-2.20000,12728.00000
1.59000,0.99000,0.69000,-2.01000,-1.92000,-2.38000,-2.20000,4588.00000
1.59000,0.98000,0.68000,-2.20000,-2.03000,-2.39000,-2.21000,-3524.00000
1.59000,0.98000,0.68000,-2.06000,-2.15000,-2.39000,-2.21000,-11624.00000
1.58000,0.98000,0.68000,-2.03000,-1.90000,-2.20000,-2.38000,-19812.00000
1.58000,0.97000,0.68000,-2.26000,-2.17000,-2.18000,-2.37000,-27980.00000
1.58000,0.97000,0.68000,-2.01000,-1.92000,-2.17000,-2.36000,29428.00000
1.57000,0.97000,0.68000,-2.23000,-2.29000,-2.17000,-2.36000,21220.00000
1.57000,0.96000,0.68000,-2.54000,-2.56000,-2.17000,-2.36000,13072.00000
1.56000,0.96000,0.68000,-2.54000,-2.54000,-2.17000,-2.36000,4860.00000
1.56000,0.96000,0.68000,-2.65000,-2.62000,-2.17000,-2.36000,-3280.00000
1.55000,0.95000,0.68000,-2.73000,-2.68000,-2.16000,-2.36000,-11424.00000
1.55000,0.95000,0.68000,-2.17000,-2.12000,-2.16000,-2.35000,-19640.00000
1.54000,0.95000,0.68000,-2.04000,-2.40000,-2.15000,-2.34000,-27884.00000
1.54000,0.94000,0.69000,-1.84000,-2.17000,-2.18000,-2.37000,29576.00000
1.54000,0.94000,0.69000,-2.29000,-2.45000,-2.21000,-2.39000,21360.00000
1.53000,0.94000,0.70000,-2.62000,-2.79000,-2.22000,-2.39000,13168.00000
1.53000,0.93000,0.70000,-2.81000,-2.90000,-2.23000,-2.40000,4976.00000
1.52000,0.93000,0.70000,-2.54000,-2.59000,-2.24000,-2.41000,-3172.00000
1.52000,0.92000,0.70000,-2.29000,-2.31000,-2.24000,-2.41000,-11368.00000
1.51000,0.92000,0.71000,-1.95000,-2.23000,-2.24000,-2.41000,-19520.00000
1.51000,0.92000,0.71000,-2.06000,-2.03000,-2.40000,-2.24000,-27692.00000
1.51000,0.91000,0.71000,-2.03000,-2.12000,-2.41000,-2.24000,29692.00000
1.50000,0.91000,0.70000,-2.26000,-2.12000,-2.40000,-2.23000,21500.00000
1.50000,0.91000,0.70000,-2.45000,-2.01000,-2.41000,-2.24000,13344.00000
1.49000,0.90000,0.69000,-2.48000,-2.26000,-2.22000,-2.40000,5192.00000
1.49000,0.90000,0.69000,-2.37000,-2.23000,-2.21000,-2.39000,-2940.00000
1.48000,0.90000,0.69000,-2.51000,-2.56000,-2.19000,-2.38000,-11096.00000
1.48000,0.89000,0.70000,-2.20000,-2.51000,-2.20000,-2.38000,-19268.00000
1.48000,0.89000,0.70000,-2.51000,-2.59000,-2.22000,-2.39000,-27452.00000
1.47000,0.88000,0.70000,-2.65000,-2.70000,-2.23000,-2.40000,29884.00000
1.47000,0.88000,0.70000,-2.59000,-2.65000,-2.23000,-2.40000,21688.00000
1.46000,0.88000,0.70000,-2.51000,-2.65000,-2.23000,-2.40000,13488.00000
1.46000,0.87000,0.70000,-2.40000,-2.48000,-2.24000,-2.41000,5316.00000
1.45000,0.87000,0.71000,-2.06000,-2.40000,-2.25000,-2.41000,-2812.00000
1.45000,0.87000,0.71000,-2.15000,-2.23000,-2.40000,-2.23000,-10944.00000
1.44000,0.86000,0.70000,-2.23000,-1.84000,-2.39000,-2.22000,-19108.00000
1.44000,0.86000,0.70000,-2.03000,-2.01000,-2.41000,-2.25000,-27304.00000
1.44000,0.86000,0.70000,-2.15000,-2.06000,-2.25000,-2.41000,30064.00000
1.43000,0.85000,0.70000,-2.20000,-2.31000,-2.24000,-2.41000,21924.00000
1.43000,0.85000,0.70000,-2.31000,-2.17000,-2.41000,-2.25000,13752.00000
1.42000,0.85000,0.70000,-2.43000,-2.40000,-2.24000,-2.41000,5560.00000
1.42000,0.84000,0.71000,-2.12000,-2.42000,-2.24000,-2.41000,-2556.00000
1.42000,0.84000,0.71000,-2.06000,-2.20000,-2.41000,-2.24000,-10704.00000
1.41000,0.84000,0.71000,-2.40000,-2.20000,-2.40000,-2.23000,-18884.00000
1.41000,0.83000,0.70000,-2.51000,-2.42000,-2.41000,-2.24000,-27060.00000
1.40000,0.83000,0.70000,-2.54000,-2.48000,-2.41000,-2.25000,30304.00000
1.40000,0.82000,0.70000,-2.56000,-2.56000,-2.25000,-2.41000,22140.00000
1.39000,0.82000,0.71000,-2.56000,-2.70000,-2.25000,-2.41000,13972.00000
1.39000,0.82000,0.71000,-2.48000,-2.59000,-2.41000,-2.24000,5780.00000
1.39000,0.81000,0.71000,-2.42000,-2.40000,-2.40000,-2.23000,-2348.00000
1.38000,0.81000,0.71000,-2.29000,-2.43000,-2.40000,-2.23000,-10508.00000
1.38000,0.80000,0.71000,-2.40000,-2.31000,-2.39000,-2.22000,-18648.00000
1.37000,0.80000,0.71000,-2.40000,-2.45000,-2.40000,-2.22000,-26844.00000
1.37000,0.80000,0.71000,-2.56000,-2.65000,-2.39000,-2.22000,30496.00000
1.36000,0.79000,0.71000,-2.45000,-2.34000,-2.38000,-2.20000,22300.00000
1.36000,0.79000,0.71000,-2.40000,-2.23000,-2.19000,-1.96000,14132.00000
1.36000,0.79000,0.71000,-1.81000,-1.92000,-2.21000,-1.97000,5960.00000
1.35000,0.78000,0.70000,-2.26000,-1.92000,-2.19000,-1.95000,-2160.00000
1.35000,0.78000,0.70000,-1.81000,-1.95000,-2.22000,-1.99000,-10264.00000
1.35000,0.78000,0.70000,-1.78000,-1.67000,-2.20000,-1.97000,-18420.00000
1.34000,0.78000,0.71000,-1.67000,-1.84000,-2.21000,-1.98000,-26592.00000
1.34000,0.77000,0.70000,-2.12000,-1.84000,-2.19000,-1.95000,30808.00000
1.33000,0.77000,0.70000,-2.09000,-2.03000,-2.21000,-1.98000,22664.00000
1.33000,0.77000,0.70000,-2.09000,-2.09000,-2.21000,-1.98000,14512.00000
1.33000,0.76000,0.70000,-2.20000,-2.12000,-2.21000,-1.97000,6380.00000
1.32000,0.76000,0.70000,-2.23000,-2.17000,-2.21000,-1.98000,-1748.00000
1.32000,0.76000,0.69000,-2.45000,-2.12000,-2.21000,-1.98000,-9896.00000
1.31000,0.75000,0.69000,-2.34000,-2.23000,-2.24000,-2.02000,-18008.00000
1.31000,0.75000,0.68000,-2.29000,-2.12000,-2.25000,-2.02000,-26216.00000
1.31000,0.75000,0.68000,-2.43000,-2.15000,-2.26000,-2.04000,31116.00000
1.30000,0.74000,0.68000,-2.23000,-2.20000,-2.28000,-2.07000,22964.00000
1.30000,0.74000,0.68000,-2.03000,-1.87000,-2.28000,-2.06000,14764.00000
1.29000,0.74000,0.68000,-2.17000,-2.20000,-2.29000,-2.08000,6632.00000
1.29000,0.73000,0.67000,-1.90000,-1.76000,-2.28000,-2.07000,-1500.00000
1.29000,0.73000,0.67000,-2.40000,-2.31000,-2.29000,-2.08000,-9628.00000
1.28000,0.73000,0.67000,-2.12000,-1.92000,-2.30000,-2.09000,-17700.00000
1.28000,0.72000,0.66000,-2.20000,-2.06000,-2.31000,-2.10000,-25920.00000
1.27000,0.72000,0.67000,-2.42000,-2.45000,-2.32000,-2.11000,31476.00000
1.27000,0.72000,0.66000,-2.15000,-2.09000,-2.31000,-2.10000,23292.00000
1.27000,0.71000,0.66000,-2.29000,-2.29000,-2.31000,-2.11000,15088.00000
1.26000,0.71000,0.66000,-2.15000,-1.87000,-2.31000,-2.10000,6960.00000
1.26000,0.71000,0.66000,-1.84000,-1.81000,-2.33000,-2.13000,-1200.00000
1.26000,0.71000,0.65000,-2.17000,-1.78000,-2.33000,-2.12000,-9300.00000
1.25000,0.70000,0.65000,-2.04000,-1.90000,-2.35000,-2.16000,-17444.00000
1.25000,0.70000,0.64000,-2.56000,-2.20000,-2.36000,-2.17000,-25588.00000
1.24000,0.70000,0.64000,-2.70000,-2.45000,-2.38000,-2.20000,31788.00000
1.24000,0.69000,0.63000,-2.76000,-2.23000,-2.39000,-2.22000,23560.00000
1.23000,0.69000,0.61000,-2.65000,-1.90000,-2.24000,-2.41000,15356.00000
1.23000,0.69000,0.61000,-2.43000,-2.20000,-2.19000,-2.37000,7160.00000
1.22000,0.68000,0.61000,-2.31000,-2.37000,-2.16000,-2.36000,-912.00000
1.22000,0.68000,0.62000,-2.31000,-2.81000,-2.17000,-2.36000,-9052.00000
1.21000,0.67000,0.62000,-2.62000,-2.87000,-2.20000,-2.38000,-17208.00000
1.21000,0.67000,0.62000,-2.70000,-2.76000,-2.22000,-2.40000,-25400.00000
1.20000,0.67000,0.62000,-2.37000,-2.42000,-2.22000,-2.40000,31916.00000
1.20000,0.66000,0.62000,-2.31000,-2.23000,-2.23000,-2.40000,23720.00000
1.20000,0.66000,0.63000,-1.84000,-2.12000,-2.22000,-2.39000,15588.00000
1.19000,0.66000,0.62000,-1.98000,-1.62000,-2.24000,-2.41000,7428.00000
1.19000,0.66000,0.62000,-1.98000,-1.84000,-2.21000,-2.39000,-684.00000
1.18000,0.65000,0.61000,-2.20000,-1.92000,-2.20000,-2.38000,-8760.00000
1.18000,0.65000,0.61000,-2.34000,-2.37000,-2.17000,-2.36000,-16856.00000
1.17000,0.65000,0.61000,-2.31000,-2.26000,-2.17000,-2.36000,-25020.00000
1.17000,0.64000,0.61000,-2.37000,-2.29000,-2.16000,-2.35000,32284.00000
1.17000,0.64000,0.61000,-2.48000,-2.48000,-2.14000,-2.34000,24096.00000
1.16000,0.64000,0.61000,-2.15000,-2.15000,-2.13000,-2.33000,15976.00000
1.16000,0.63000,0.61000,-2.37000,-2.43000,-2.12000,-2.32000,7800.00000
1.15000,0.63000,0.62000,-2.37000,-2.51000,-2.11000,-2.31000,-288.00000
1.15000,0.63000,0.62000,-2.34000,-2.40000,-2.10000,-2.31000,-8432.00000
1.14000,0.62000,0.62000,-2.56000,-2.54000,-2.08000,-2.30000,-16600.00000
1.14000,0.62000,0.62000,-2.42000,-2.68000,-2.38000,-2.20000,-24760.00000
1.13000,0.62000,0.62000,-2.23000,-2.31000,-2.36000,-2.17000,32612.00000
1.13000,0.61000,0.62000,-2.31000,-2.26000,-2.36000,-2.17000,24396.00000
1.12000,0.61000,0.63000,-2.20000,-2.42000,-2.36000,-2.17000,16224.00000
1.12000,0.61000,0.62000,-2.23000,-2.20000,-2.34000,-2.15000,8032.00000
1.12000,0.61000,0.62000,-2.31000,-2.20000,-2.34000,-2.15000,-124.00000
1.11000,0.60000,0.62000,-2.09000,-2.03000,-2.35000,-2.15000,-8172.00000
1.11000,0.60000,0.62000,-2.01000,-1.76000,-2.35000,-2.16000,-16320.00000
1.10000,0.60000,0.62000,-1.98000,-2.15000,-2.37000,-2.18000,-24480.00000
1.10000,0.59000,0.62000,-2.03000,-1.98000,-2.35000,-2.16000,-32648.00000
1.10000,0.59000,0.62000,-2.34000,-2.34000,-2.36000,-2.17000,24708.00000
1.09000,0.59000,0.62000,-2.17000,-2.06000,-2.36000,-2.16000,16612.00000
1.09000,0.58000,0.61000,-2.56000,-2.26000,-2.36000,-2.17000,8384.00000
1.08000,0.58000,0.61000,-2.73000,-2.62000,-2.38000,-2.20000,288.00000
1.08000,0.58000,0.61000,-2.54000,-2.40000,-2.38000,-2.20000,-7804.00000
1.07000,0.57000,0.60000,-2.65000,-2.54000,-2.39000,-2.21000,-15984.00000
1.07000,0.57000,0.60000,-2.70000,-2.56000,-2.40000,-2.22000,-24160.00000
1.06000,0.57000,0.60000,-2.31000,-2.03000,-2.40000,-2.23000,-32300.00000
1.06000,0.56000,0.60000,-2.15000,-2.20000,-2.25000,-2.41000,25044.00000
1.05000,0.56000,0.60000,-2.51000,-2.51000,-2.41000,-2.25000,16884.00000
1.05000,0.56000,0.60000,-2.40000,-2.42000,-2.41000,-2.25000,8748.00000
1.04000,0.55000,0.60000,-2.70000,-2.59000,-2.41000,-2.24000,604.00000
1.04000,0.55000,0.59000,-2.70000,-2.54000,-2.24000,-2.41000,-7464.00000
1.03000,0.55000,0.59000,-2.03000,-2.12000,-2.23000,-2.40000,-15576.00000
1.03000,0.55000,0.60000,-2.01000,-2.54000,-2.24000,-2.41000,-23768.00000
1.03000,0.54000,0.61000,-1.73000,-1.92000,-2.40000,-2.22000,-31924.00000
1.02000,0.54000,0.61000,-2.15000,-2.20000,-2.38000,-2.20000,25416.00000
1.02000,0.54000,0.61000,-2.42000,-2.37000,-2.38000,-2.20000,17256.00000
1.01000,0.53000,0.60000,-2.45000,-2.28000,-2.38000,-2.20000,9096.00000
1.01000,0.53000,0.60000,-2.56000,-2.37000,-2.39000,-2.21000,928.00000
1.00000,0.53000,0.60000,-2.45000,-2.43000,-2.40000,-2.23000,-7172.00000
1.00000,0.52000,0.59000,-2.31000,-2.03000,-2.40000,-2.23000,-15236.00000
0.99000,0.52000,0.59000,-2.06000,-2.01000,-2.41000,-2.25000,-23444.00000
0.99000,0.52000,0.59000,-2.42000,-2.26000,-2.25000,-2.41000,-31560.00000
0.98000,0.52000,0.59000,-2.23000,-2.17000,-2.24000,-2.40000,25772.00000
0.98000,0.51000,0.59000,-2.45000,-2.45000,-2.23000,-2.40000,17584.00000
0.98000,0.51000,0.59000,-2.48000,-2.37000,-2.23000,-2.40000,9468.00000
0.97000,0.51000,0.59000,-2.17000,-2.34000,-2.22000,-2.40000,1316.00000
0.97000,0.50000,0.59000,-2.43000,-2.51000,-2.23000,-2.40000,-6860.00000
0.96000,0.50000,0.59000,-2.42000,-2.51000,-2.24000,-2.40000,-14944.00000
0.96000,0.50000,0.59000,-2.06000,-2.12000,-2.24000,-2.41000,-23188.00000
0.95000,0.49000,0.59000,-2.40000,-2.34000,-2.24000,-2.41000,-31312.00000
0.95000,0.49000,0.60000,-2.06000,-2.34000,-2.24000,-2.41000,26008.00000
0.94000,0.49000,0.60000,-1.87000,-2.12000,-2.41000,-2.24000,17828.00000
0.94000,0.48000,0.61000,-2.06000,-2.23000,-2.39000,-2.22000,9696.00000
0.94000,0.48000,0.61000,-1.90000,-1.81000,-2.38000,-2.20000,1572.00000
0.93000,0.48000,0.61000,-2.26000,-2.26000,-2.38000,-2.21000,-6540.00000
0.93000,0.48000,0.61000,-2.03000,-2.17000,-2.38000,-2.20000,-14640.00000
0.92000,0.47000,0.61000,-2.40000,-2.48000,-2.37000,-2.18000,-22844.00000
0.92000,0.47000,0.61000,-2.51000,-2.42000,-2.17000,-1.92000,-30988.00000
0.91000,0.47000,0.60000,-2.42000,-2.23000,-2.17000,-1.93000,26320.00000
0.91000,0.46000,0.60000,-2.48000,-2.43000,-2.19000,-1.95000,18124.00000
0.90000,0.46000,0.60000,-2.45000,-2.17000,-2.18000,-1.95000,9972.00000
0.90000,0.46000,0.60000,-2.23000,-2.20000,-2.21000,-1.98000,1848.00000
0.90000,0.45000,0.60000,-2.26000,-2.29000,-2.21000,-1.97000,-6284.00000
0.89000,0.45000,0.59000,-2.12000,-1.81000,-2.20000,-1.96000,-14404.00000
0.89000,0.45000,0.59000,-2.15000,-2.06000,-2.23000,-2.00000,-22608.00000
0.88000,0.45000,0.59000,-2.48000,-2.29000,-2.23000,-2.00000,-30720.00000
0.88000,0.44000,0.59000,-2.20000,-2.15000,-2.24000,-2.02000,26608.00000
0.87000,0.44000,0.58000,-2.65000,-2.48000,-2.24000,-2.02000,18428.00000
0.87000,0.44000,0.57000,-2.42000,-1.92000,-2.26000,-2.03000,10300.00000
0.86000,0.43000,0.58000,-2.01000,-2.26000,-2.30000,-2.09000,2096.00000
0.86000,0.43000,0.57000,-1.95000,-1.81000,-2.27000,-2.05000,-6024.00000
0.86000,0.43000,0.58000,-1.67000,-1.76000,-2.28000,-2.06000,-14128.00000
0.85000,0.43000,0.56000,-2.17000,-1.48000,-2.27000,-2.05000,-22268.00000
0.85000,0.42000,0.55000,-2.04000,-1.51000,-2.32000,-2.12000,-30424.00000
0.85000,0.42000,0.54000,-2.37000,-1.59000,-2.36000,-2.17000,26956.00000
0.84000,0.42000,0.53000,-2.45000,-1.90000,-2.40000,-2.23000,18824.00000
0.84000,0.42000,0.52000,-2.34000,-1.87000,-2.23000,-2.40000,10652.00000
0.83000,0.41000,0.52000,-2.40000,-2.37000,-2.19000,-2.37000,2452.00000
0.83000,0.41000,0.52000,-2.48000,-2.51000,-2.18000,-2.37000,-5656.00000
0.82000,0.41000,0.52000,-2.17000,-2.06000,-2.18000,-2.37000,-13820.00000
0.82000,0.41000,0.51000,-2.45000,-2.40000,-2.17000,-2.36000,-22008.00000
0.81000,0.40000,0.51000,-2.59000,-2.17000,-2.16000,-2.36000,-30136.00000
0.81000,0.40000,0.51000,-2.42000,-2.40000,-2.12000,-2.32000,27160.00000
0.80000,0.40000,0.51000,-2.40000,-2.65000,-2.11000,-2.32000,18968.00000
0.80000,0.39000,0.51000,-2.31000,-2.54000,-2.13000,-2.33000,10820.00000
0.79000,0.39000,0.52000,-2.12000,-2.20000,-2.15000,-2.34000,2620.00000
0.79000,0.39000,0.52000,-2.34000,-2.45000,-2.15000,-2.35000,-5552.00000
0.78000,0.39000,0.52000,-1.89000,-2.06000,-2.16000,-2.35000,-13616.00000
0.78000,0.38000,0.53000,-2.09000,-2.34000,-2.17000,-2.36000,-21832.00000
0.77000,0.38000,0.53000,-2.28000,-2.34000,-2.19000,-2.37000,-29976.00000
0.77000,0.38000,0.53000,-2.03000,-2.20000,-2.19000,-2.37000,27344.00000
0.77000,0.38000,0.54000,-2.23000,-2.45000,-2.20000,-2.38000,19152.00000
0.76000,0.37000,0.54000,-1.95000,-2.15000,-2.22000,-2.39000,10988.00000
0.76000,0.37000,0.54000,-1.78000,-1.95000,-2.23000,-2.40000,2764.00000
0.75000,0.37000,0.55000,-1.95000,-2.31000,-2.24000,-2.41000,-5312.00000
0.75000,0.37000,0.55000,-1.76000,-1.87000,-2.40000,-2.23000,-13452.00000
0.74000,0.36000,0.55000,-2.37000,-2.51000,-2.40000,-2.22000,-21644.00000
0.74000,0.36000,0.56000,-2.54000,-2.59000,-2.39000,-2.21000,-29788.00000
0.73000,0.36000,0.55000,-2.81000,-2.76000,-2.38000,-2.20000,27512.00000
0.73000,0.35000,0.55000,-2.98000,-2.87000,-2.38000,-2.20000,19296.00000
0.72000,0.35000,0.55000,-2.84000,-2.87000,-2.39000,-2.21000,11120.00000
0.72000,0.35000,0.56000,-2.37000,-2.59000,-2.38000,-2.20000,2908.00000
0.71000,0.34000,0.56000,-2.20000,-2.37000,-2.36000,-2.17000,-5240.00000
0.71000,0.34000,0.56000,-2.40000,-2.31000,-2.35000,-2.15000,-13400.00000
0.70000,0.34000,0.56000,-2.28000,-2.20000,-2.34000,-2.14000,-21572.00000
0.70000,0.33000,0.55000,-2.40000,-2.23000,-2.19000,-1.95000,-29780.00000
0.69000,0.33000,0.55000,-2.45000,-2.48000,-2.20000,-1.97000,27544.00000
0.69000,0.33000,0.56000,-2.29000,-2.34000,-2.19000,-1.96000,19384.00000
0.68000,0.33000,0.56000,-2.26000,-2.37000,-2.18000,-1.94000,11176.00000
0.68000,0.32000,0.56000,-1.95000,-2.34000,-2.16000,-1.92000,3032.00000
0.68000,0.32000,0.56000,-2.06000,-1.81000,-2.10000,-1.84000,-5124.00000
0.67000,0.32000,0.56000,-2.03000,-1.78000,-2.13000,-1.87000,-13252.00000
0.67000,0.32000,0.54000,-2.01000,-1.23000,-2.15000,-1.90000,-21424.00000
0.67000,0.31000,0.53000,-1.95000,-1.45000,-2.24000,-2.01000,-29540.00000
0.66000,0.31000,0.52000,-1.92000,-1.42000,-2.28000,-2.07000,27800.00000
0.66000,0.31000,0.51000,-2.31000,-1.84000,-2.32000,-2.12000,19664.00000
0.65000,0.31000,0.51000,-2.26000,-2.09000,-2.35000,-2.16000,11484.00000
0.65000,0.30000,0.50000,-2.51000,-2.23000,-2.36000,-2.17000,3300.00000
0.64000,0.30000,0.49000,-2.45000,-2.03000,-2.38000,-2.19000,-4796.00000
0.64000,0.30000,0.49000,-2.48000,-2.20000,-2.40000,-2.23000,-12964.00000
0.63000,0.30000,0.48000,-2.56000,-2.26000,-2.41000,-2.25000,-21116.00000
0.63000,0.29000,0.48000,-2.51000,-2.23000,-2.23000,-2.40000,-29304.00000
0.62000,0.29000,0.48000,-2.40000,-2.40000,-2.21000,-2.39000,28048.00000
0.62000,0.29000,0.48000,-2.29000,-2.26000,-2.21000,-2.39000,19908.00000
0.61000,0.29000,0.48000,-2.43000,-2.40000,-2.20000,-2.38000,11712.00000
0.61000,0.28000,0.48000,-2.23000,-2.37000,-2.20000,-2.38000,3576.00000
0.60000,0.28000,0.48000,-2.34000,-2.29000,-2.21000,-2.39000,-4600.00000
0.60000,0.28000,0.48000,-2.40000,-2.40000,-2.20000,-2.38000,-12724.00000
0.59000,0.28000,0.48000,-2.17000,-2.23000,-2.20000,-2.38000,-20832.00000
0.59000,0.27000,0.48000,-2.06000,-2.12000,-2.20000,-2.38000,-29000.00000
0.58000,0.27000,0.48000,-1.98000,-2.15000,-2.21000,-2.39000,28356.00000
0.58000,0.27000,0.48000,-2.03000,-1.81000,-2.22000,-2.39000,20232.00000
0.58000,0.27000,0.48000,-1.92000,-1.98000,-2.20000,-2.38000,12064.00000
0.57000,0.26000,0.48000,-1.78000,-1.98000,-2.20000,-2.38000,3912.00000
0.57000,0.26000,0.49000,-2.20000,-2.34000,-2.22000,-2.39000,-4204.00000
0.56000,0.26000,0.49000,-2.42000,-2.42000,-2.23000,-2.40000,-12340.00000
0.56000,0.26000,0.49000,-2.62000,-2.59000,-2.23000,-2.40000,-20496.00000
0.55000,0.25000,0.49000,-2.76000,-2.76000,-2.22000,-2.40000,-28704.00000
0.55000,0.25000,0.49000,-2.54000,-2.76000,-2.22000,-2.40000,28676.00000
0.54000,0.25000,0.50000,-2.42000,-2.68000,-2.24000,-2.40000,20500.00000
0.54000,0.24000,0.50000,-2.37000,-2.62000,-2.41000,-2.24000,12268.00000
0.53000,0.24000,0.51000,-2.23000,-2.54000,-2.40000,-2.23000,4124.00000
0.53000,0.24000,0.51000,-2.40000,-2.51000,-2.38000,-2.20000,-4044.00000
0.52000,0.24000,0.50000,-2.65000,-2.37000,-2.37000,-2.19000,-12140.00000
0.52000,0.23000,0.50000,-2.56000,-2.31000,-2.39000,-2.21000,-20376.00000
0.51000,0.23000,0.50000,-2.42000,-2.59000,-2.40000,-2.22000,-28600.00000
0.50000,0.23000,0.50000,-2.29000,-2.31000,-2.39000,-2.21000,28764.00000
0.50000,0.23000,0.51000,-1.90000,-2.31000,-2.38000,-2.20000,20592.00000
0.50000,0.22000,0.51000,-2.20000,-2.31000,-2.35000,-2.16000,12432.00000
0.49000,0.22000,0.51000,-2.01000,-1.92000,-2.34000,-2.14000,4256.00000
0.49000,0.22000,0.51000,-2.29000,-2.06000,-2.34000,-2.14000,-3908.00000
0.48000,0.22000,0.50000,-2.45000,-1.90000,-2.34000,-2.14000,-12000.00000
0.48000,0.21000,0.49000,-2.37000,-1.90000,-2.28000,-2.06000,-20200.00000
0.47000,0.21000,0.48000,-2.45000,-2.23000,-2.31000,-2.11000,-28356.00000
0.47000,0.21000,0.48000,-2.37000,-2.34000,-2.33000,-2.13000,28996.00000
0.46000,0.21000,0.48000,-2.12000,-2.20000,-2.33000,-2.13000,20828.00000
0.46000,0.20000,0.48000,-2.37000,-1.95000,-2.32000,-2.12000,12644.00000
0.45000,0.20000,0.47000,-2.62000,-2.26000,-2.35000,-2.15000,4476.00000
0.45000,0.20000,0.46000,-2.42000,-2.15000,-2.37000,-2.19000,-3640.00000
0.44000,0.20000,0.46000,-2.37000,-2.17000,-2.39000,-2.21000,-11816.00000
0.44000,0.19000,0.46000,-2.42000,-2.37000,-2.40000,-2.22000,-19964.00000
0.43000,0.19000,0.46000,-2.17000,-2.06000,-2.40000,-2.22000,-28136.00000
0.43000,0.19000,0.46000,-2.31000,-2.43000,-2.40000,-2.23000,29212.00000
0.42000,0.19000,0.46000,-2.34000,-2.31000,-2.40000,-2.22000,21104.00000
0.42000,0.18000,0.46000,-2.15000,-2.17000,-2.40000,-2.22000,12872.00000
0.41000,0.18000,0.46000,-2.40000,-2.51000,-2.40000,-2.22000,4708.00000
0.41000,0.18000,0.46000,-2.34000,-2.26000,-2.39000,-2.21000,-3364.00000
0.41000,0.18000,0.46000,-2.17000,-2.09000,-2.39000,-2.22000,-11520.00000
0.40000,0.17000,0.46000,-2.34000,-2.29000,-2.40000,-2.22000,-19676.00000
0.40000,0.17000,0.45000,-1.98000,-1.84000,-2.40000,-2.23000,-27824.00000
0.39000,0.17000,0.45000,-2.20000,-2.09000,-2.41000,-2.24000,29512.00000
0.39000,0.17000,0.45000,-2.51000,-2.31000,-2.41000,-2.24000,21408.00000
0.38000,0.16000,0.45000,-2.42000,-2.45000,-2.24000,-2.41000,13196.00000
0.38000,0.16000,0.45000,-2.73000,-2.68000,-2.24000,-2.41000,5028.00000
0.37000,0.16000,0.44000,-2.65000,-2.51000,-2.24000,-2.41000,-3104.00000
0.36000,0.16000,0.44000,-2.40000,-2.34000,-2.23000,-2.40000,-11292.00000
0.36000,0.15000,0.45000,-2.31000,-2.45000,-2.22000,-2.40000,-19484.00000
0.35000,0.15000,0.44000,-2.31000,-2.17000,-2.23000,-2.40000,-27628.00000
0.35000,0.15000,0.45000,-2.06000,-2.23000,-2.22000,-2.39000,29732.00000
0.35000,0.15000,0.45000,-2.37000,-2.51000,-2.23000,-2.40000,21556.00000
0.34000,0.14000,0.45000,-2.31000,-2.37000,-2.24000,-2.41000,13384.00000
0.33000,0.14000,0.45000,-2.45000,-2.40000,-2.24000,-2.41000,5176.00000
0.33000,0.14000,0.45000,-2.48000,-2.54000,-2.24000,-2.41000,-2952.00000
0.32000,0.14000,0.45000,-2.01000,-2.15000,-2.24000,-2.41000,-11060.00000
0.32000,0.14000,0.46000,-1.90000,-2.43000,-2.41000,-2.24000,-19292.00000
0.32000,0.13000,0.47000,-2.26000,-2.59000,-2.39000,-2.21000,-27444.00000
0.31000,0.13000,0.47000,-2.31000,-2.42000,-2.36000,-2.17000,29892.00000
0.30000,0.13000,0.47000,-2.48000,-2.48000,-2.35000,-2.16000,21700.00000
0.30000,0.12000,0.47000,-2.48000,-2.40000,-2.35000,-2.15000,13576.00000
0.30000,0.12000,0.46000,-2.09000,-1.78000,-2.35000,-2.15000,5380.00000
0.29000,0.12000,0.46000,-2.17000,-2.01000,-2.36000,-2.18000,-2764.00000
0.29000,0.12000,0.46000,-2.09000,-1.98000,-2.37000,-2.18000,-10852.00000
0.28000,0.12000,0.46000,-2.34000,-2.34000,-2.37000,-2.19000,-19032.00000
0.28000,0.11000,0.46000,-2.45000,-2.28000,-2.37000,-2.18000,-27124.00000
0.27000,0.11000,0.45000,-2.37000,-2.12000,-2.38000,-2.19000,30168.00000
0.27000,0.11000,0.45000,-2.56000,-2.43000,-2.39000,-2.21000,21964.00000
0.26000,0.11000,0.44000,-2.73000,-2.20000,-2.39000,-2.21000,13832.00000
0.26000,0.10000,0.44000,-2.26000,-2.20000,-2.34000,-2.14000,5628.00000
0.25000,0.10000,0.44000,-2.29000,-2.45000,-2.34000,-2.15000,-2484.00000
0.25000,0.10000,0.43000,-2.37000,-2.09000,-2.33000,-2.13000,-10580.00000
0.24000,0.10000,0.44000,-2.26000,-2.31000,-2.35000,-2.15000,-18792.00000
0.24000,0.09000,0.44000,-2.40000,-2.54000,-2.34000,-2.14000,-26968.00000
0.23000,0.09000,0.43000,-2.34000,-2.12000,-2.33000,-2.13000,30432.00000
0.23000,0.09000,0.43000,-2.26000,-2.26000,-2.34000,-2.15000,22252.00000
0.22000,0.09000,0.43000,-2.34000,-2.20000,-2.34000,-2.14000,14108.00000
0.22000,0.09000,0.43000,-2.20000,-2.01000,-2.35000,-2.15000,5944.00000
0.21000,0.08000,0.43000,-2.09000,-2.23000,-2.36000,-2.17000,-2176.00000
0.21000,0.08000,0.42000,-2.09000,-1.81000,-2.35000,-2.16000,-10268.00000
0.20000,0.08000,0.43000,-1.81000,-1.95000,-2.37000,-2.18000,-18412.00000
0.20000,0.08000,0.42000,-2.26000,-1.90000,-2.36000,-2.17000,-26580.00000
0.19000,0.08000,0.42000,-2.42000,-2.37000,-2.38000,-2.20000,30796.00000
0.19000,0.07000,0.41000,-2.51000,-2.26000,-2.38000,-2.20000,22640.00000
0.18000,0.07000,0.41000,-2.70000,-2.45000,-2.39000,-2.22000,14416.00000
0.18000,0.07000,0.41000,-2.90000,-2.73000,-2.40000,-2.23000,6284.00000
0.17000,0.07000,0.40000,-2.59000,-2.45000,-2.41000,-2.24000,-1844.00000
0.17000,0.06000,0.40000,-2.31000,-2.34000,-2.24000,-2.41000,-9996.00000
0.16000,0.06000,0.40000,-2.51000,-2.43000,-2.24000,-2.41000,-18144.00000
0.16000,0.06000,0.40000,-2.45000,-2.34000,-2.24000,-2.41000,-26300.00000
0.15000,0.06000,0.40000,-2.56000,-2.37000,-2.23000,-2.40000,31044.00000
0.14000,0.05000,0.40000,-2.62000,-2.68000,-2.21000,-2.39000,22868.00000
0.14000,0.05000,0.40000,-2.31000,-2.37000,-2.22000,-2.39000,14732.00000
0.13000,0.05000,0.40000,-2.01000,-2.29000,-2.22000,-2.39000,6512.00000
0.13000,0.05000,0.41000,-2.17000,-2.48000,-2.24000,-2.41000,-1580.00000
0.13000,0.05000,0.41000,-2.06000,-2.20000,-2.41000,-2.24000,-9664.00000
0.12000,0.04000,0.42000,-2.31000,-2.48000,-2.40000,-2.23000,-17812.00000
0.11000,0.04000,0.42000,-2.20000,-2.54000,-2.39000,-2.21000,-25944.00000
0.11000,0.04000,0.42000,-2.62000,-2.45000,-2.37000,-2.18000,31396.00000
0.10000,0.04000,0.41000,-2.62000,-2.12000,-2.38000,-2.19000,23232.00000
0.10000,0.03000,0.40000,-2.68000,-2.06000,-2.40000,-2.23000,15072.00000
0.09000,0.03000,0.39000,-2.29000,-1.73000,-2.22000,-2.40000,6932.00000
0.09000,0.03000,0.38000,-2.54000,-2.20000,-2.18000,-2.37000,-1192.00000
0.08000,0.03000,0.37000,-2.45000,-2.17000,-2.14000,-2.34000,-9284.00000
0.08000,0.03000,0.37000,-2.40000,-2.34000,-2.11000,-2.31000,-17448.00000
0.07000,0.02000,0.38000,-2.43000,-2.56000,-2.09000,-2.30000,-25628.00000
0.07000,0.02000,0.38000,-2.26000,-2.26000,-2.09000,-2.30000,31772.00000
0.06000,0.02000,0.38000,-2.09000,-2.29000,-2.07000,-2.29000,23644.00000
0.06000,0.02000,0.38000,-2.23000,-2.20000,-2.08000,-2.29000,15488.00000
0.06000,0.02000,0.38000,-1.62000,-1.62000,-2.06000,-2.27000,7308.00000
0.05000,0.01000,0.38000,-2.23000,-2.26000,-2.04000,-2.26000,-724.00000
0.05000,0.01000,0.38000,-1.92000,-2.03000,-2.02000,-2.24000,-8772.00000
0.04000,0.01000,0.39000,-2.34000,-2.48000,-2.00000,-2.23000,-16904.00000
0.03000,0.01000,0.39000,-2.48000,-2.54000,-1.98000,-2.21000,-25012.00000
0.03000,0.01000,0.39000,-2.09000,-2.12000,-0.57000,0.58000,32324.00000
0.03000,0.01000,0.38000,-1.73000,-1.14000,-0.57000,0.58000,24148.00000
0.03000,0.00000,0.36000,-0.59000,-0.03000,-0.57000,0.57000,16052.00000
0.03000,0.00000,0.36000,-0.17000,0.00000,-0.56000,0.57000,8052.00000
0.03000,0.00000,0.36000,-0.06000,0.00000,-0.56000,0.57000,136.00000
0.03000,0.00000,0.36000,0.00000,-0.20000,-0.56000,0.57000,-7676.00000
0.03000,0.00000,0.36000,0.00000,0.00000,-0.56000,0.57000,-15604.00000
0.03000,0.00000,0.36000,0.00000,0.00000,-0.56000,0.57000,-23392.00000
0.03000,0.00000,0.36000,0.00000,0.00000,-0.56000,0.57000,-31180.00000
0.03000,0.00000,0.36000,-0.03000,0.00000,-0.56000,0.57000,26576.00000
0.03000,0.00000,0.36000,0.00000,0.00000,-0.56000,0.57000,18640.00000
0.03000,0.00000,0.36000,0.00000,0.00000,-0.56000,0.57000,10868.00000
0.03000,0.00000,0.36000,0.00000,0.00000,-0.56000,0.57000,3092.00000
0.03000,0.00000,0.36000,0.00000,0.00000,-0.56000,0.57000,-4644.00000
0.03000,0.00000,0.36000,0.00000,0.00000,-0.56000,0.57000,-12384.00000
0.03000,0.00000,0.36000,0.00000,0.00000,-0.56000,0.57000,-20180.00000
0.03000,0.00000,0.36000,0.00000,0.00000,-0.56000,0.57000,-27960.00000
0.03000,0.00000,0.36000,0.00000,0.00000,-0.56000,0.57000,29784.00000
0.03000,0.00000,0.36000,0.00000,0.00000,-0.56000,0.57000,22012.00000
0.03000,0.00000,0.36000,0.00000,0.00000,-0.56000,0.57000,14236.00000
0.03000,0.00000,0.36000,-0.03000,0.00000,-0.56000,0.57000,6444.00000
0.03000,0.00000,0.36000,-0.22000,0.00000,-0.56000,0.57000,-1416.00000
0.02000,0.00000,0.34000,-0.92000,0.00000,-0.56000,0.57000,-9328.00000
0.02000,0.00000,0.31000,-1.51000,0.00000,-0.55000,0.56000,-17264.00000
0.02000,0.00000,0.28000,-1.39000,0.00000,-0.51000,0.56000,-25252.00000
0.02000,0.00000,0.26000,-1.48000,0.00000,-0.45000,0.58000,32284.00000
0.02000,0.00000,0.24000,-0.81000,0.00000,-0.34000,0.63000,24280.00000
0.02000,0.00000,0.24000,-0.20000,0.00000,-0.26000,0.68000,16320.00000
0.02000,0.00000,0.24000,0.00000,0.00000,-0.23000,0.69000,8376.00000
0.02000,0.00000,0.24000,0.00000,0.00000,-0.23000,0.69000,656.00000
0.02000,0.00000,0.24000,0.00000,0.00000,-0.23000,0.69000,-7032.00000
0.02000,0.00000,0.24000,0.00000,0.00000,-0.23000,0.69000,-14760.00000
0.02000,0.00000,0.24000,0.00000,0.00000,-0.23000,0.69000,-22548.00000
0.02000,0.00000,0.24000,0.00000,0.00000,-0.23000,0.69000,-30328.00000
0.02000,0.00000,0.24000,0.00000,0.00000,-0.23000,0.69000,27436.00000
0.02000,0.00000,0.24000,0.00000,0.00000,-0.23000,0.69000,19660.00000
0.02000,0.00000,0.24000,0.00000,0.00000,-0.23000,0.69000,11888.00000
0.02000,0.00000,0.24000,0.00000,0.00000,-0.23000,0.69000,4124.00000
0.02000,0.00000,0.24000,0.00000,0.00000,-0.23000,0.69000,-3600.00000
0.02000,0.00000,0.24000,0.00000,0.00000,-0.23000,0.69000,-11332.00000
0.02000,0.00000,0.24000,0.00000,0.00000,-0.23000,0.69000,-19112.00000
0.02000,0.00000,0.24000,0.00000,0.00000,-0.23000,0.69000,-26884.00000
0.02000,0.00000,0.24000,0.00000,0.00000,-0.23000,0.69000,30868.00000
0.02000,0.00000,0.24000,0.00000,0.00000,-0.23000,0.69000,23104.00000
0.02000,0.00000,0.24000,0.00000,0.00000,-0.23000,0.69000,15328.00000
0.02000,0.00000,0.24000,0.00000,0.00000,-0.23000,0.69000,7552.00000
0.02000,0.00000,0.24000,-0.03000,0.00000,-0.23000,0.69000,-176.00000
0.02000,0.00000,0.23000,-0.11000,0.06000,-0.23000,0.70000,-8004.00000
0.02000,0.00000,0.22000,-0.59000,0.00000,-0.20000,0.71000,-15936.00000
0.02000,0.00000,0.20000,-1.31000,0.00000,-0.12000,0.77000,-23880.00000
0.01000,0.00000,0.16000,-1.90000,0.00000,0.14000,0.94000,-31872.00000
0.01000,0.00000,0.13000,-1.59000,0.00000,0.68000,1.23000,25672.00000
0.01000,0.00000,0.10000,-1.51000,0.00000,1.15000,1.52000,17668.00000
0.01000,0.00000,0.10000,-0.11000,0.03000,1.53000,1.79000,9680.00000
0.01000,0.00000,0.10000,0.00000,0.00000,1.56000,1.82000,1740.00000
0.01000,0.00000,0.10000,0.00000,0.00000,1.56000,1.82000,-5992.00000
0.01000,0.00000,0.10000,0.00000,0.00000,1.56000,1.82000,-13732.00000
0.01000,0.00000,0.10000,0.00000,0.00000,1.56000,1.82000,-21512.00000
0.01000,0.00000,0.10000,-0.03000,0.00000,1.56000,1.82000,-29304.00000
0.01000,0.00000,0.10000,0.00000,0.03000,1.57000,1.82000,28296.00000
0.01000,0.00000,0.10000,0.00000,0.00000,1.58000,1.83000,20364.00000
0.01000,0.00000,0.10000,0.00000,0.00000,1.58000,1.83000,12576.00000
0.01000,0.00000,0.10000,0.00000,0.00000,1.58000,1.83000,4796.00000
0.01000,0.00000,0.10000,0.00000,0.00000,1.58000,1.83000,-2936.00000
0.01000,0.00000,0.10000,0.00000,0.03000,1.58000,1.83000,-10676.00000
0.01000,0.00000,0.09000,0.00000,0.03000,1.58000,1.83000,-18624.00000
0.01000,0.00000,0.08000,0.00000,0.92000,1.59000,1.83000,-26532.00000
0.01000,0.00000,0.04000,0.00000,1.87000,1.78000,1.98000,31036.00000
0.02000,0.00000,-0.01000,0.00000,2.45000,2.08000,2.20000,23056.00000
0.02000,0.00000,-0.06000,0.00000,2.56000,2.33000,2.32000,15040.00000
0.02000,0.00000,-0.11000,0.00000,2.68000,2.16000,2.03000,7016.00000
0.03000,0.00000,-0.16000,0.00000,2.43000,1.79000,1.53000,-976.00000
0.03000,0.00000,-0.19000,0.03000,2.06000,1.35000,0.88000,-8888.00000
0.03000,-0.00000,-0.23000,0.00000,1.70000,1.02000,0.28000,-16900.00000
0.03000,-0.00000,-0.25000,0.00000,0.98000,0.79000,-0.09000,-24884.00000
0.03000,-0.00000,-0.25000,0.00000,0.20000,0.69000,-0.24000,32692.00000
0.03000,-0.00000,-0.25000,0.00000,0.00000,0.67000,-0.26000,24748.00000
0.03000,-0.00000,-0.25000,0.00000,0.00000,0.67000,-0.26000,16968.00000
0.03000,-0.00000,-0.26000,0.00000,0.25000,0.67000,-0.26000,9168.00000
0.03000,-0.00000,-0.26000,0.00000,0.00000,0.66000,-0.29000,1268.00000
0.03000,-0.00000,-0.26000,0.00000,0.00000,0.66000,-0.29000,-6476.00000
0.03000,-0.00000,-0.26000,0.00000,0.00000,0.66000,-0.29000,-14224.00000
0.03000,-0.00000,-0.26000,0.00000,0.00000,0.66000,-0.29000,-22020.00000
0.03000,-0.00000,-0.26000,0.00000,0.00000,0.66000,-0.29000,-29816.00000
0.03000,-0.00000,-0.26000,0.00000,0.00000,0.66000,-0.29000,27920.00000
0.03000,-0.00000,-0.26000,0.00000,0.00000,0.66000,-0.29000,20140.00000
0.03000,-0.00000,-0.26000,0.00000,0.00000,0.66000,-0.29000,12332.00000
0.03000,-0.00000,-0.26000,0.00000,0.00000,0.66000,-0.29000,4548.00000
0.03000,-0.00000,-0.26000,0.00000,0.00000,0.66000,-0.29000,-3196.00000
0.03000,-0.00000,-0.26000,0.00000,0.00000,0.66000,-0.29000,-10952.00000
0.03000,-0.00000,-0.26000,0.00000,0.00000,0.66000,-0.29000,-18748.00000
0.03000,-0.00000,-0.25000,0.03000,0.00000,0.66000,-0.29000,-26548.00000
0.03000,-0.00000,-0.25000,0.00000,0.00000,0.66000,-0.29000,31044.00000
0.03000,-0.00000,-0.25000,0.00000,0.00000,0.66000,-0.29000,23260.00000
0.03000,-0.00000,-0.25000,0.03000,0.00000,0.66000,-0.29000,15464.00000
0.03000,-0.00000,-0.24000,0.61000,0.00000,0.66000,-0.28000,7544.00000
0.03000,-0.00000,-0.23000,0.84000,0.00000,0.71000,-0.21000,-412.00000
0.03000,-0.00000,-0.23000,0.00000,0.00000,0.79000,-0.08000,-8268.00000
0.03000,-0.00000,-0.23000,0.00000,0.00000,0.79000,-0.08000,-16004.00000
0.03000,-0.00000,-0.23000,0.00000,0.00000,0.79000,-0.08000,-23780.00000
0.03000,-0.00000,-0.23000,0.00000,0.00000,0.79000,-0.08000,-31568.00000
0.03000,-0.00000,-0.22000,0.08000,0.00000,0.79000,-0.08000,26200.00000
0.03000,-0.00000,-0.22000,0.22000,0.00000,0.80000,-0.06000,18252.00000
0.03000,-0.00000,-0.22000,0.14000,0.00000,0.83000,-0.02000,10316.00000
0.03000,-0.00000,-0.21000,0.14000,0.00000,0.85000,0.00000,2368.00000
0.03000,-0.00000,-0.21000,0.00000,0.00000,0.87000,0.03000,-5492.00000
0.03000,-0.00000,-0.21000,0.00000,0.00000,0.87000,0.03000,-13228.00000
0.03000,-0.00000,-0.21000,0.00000,0.00000,0.87000,0.03000,-20996.00000
0.03000,-0.00000,-0.21000,0.00000,0.00000,0.87000,0.03000,-28776.00000
0.03000,-0.00000,-0.21000,0.00000,0.00000,0.87000,0.03000,28980.00000
0.03000,-0.00000,-0.21000,0.00000,0.00000,0.87000,0.03000,21216.00000
0.03000,-0.00000,-0.21000,0.03000,0.00000,0.87000,0.03000,13436.00000
0.03000,-0.00000,-0.21000,0.00000,0.00000,0.87000,0.04000,5532.00000
0.03000,-0.00000,-0.21000,0.00000,0.00000,0.87000,0.04000,-2184.00000
0.03000,-0.00000,-0.21000,0.31000,0.00000,0.87000,0.04000,-9916.00000
0.04000,-0.00000,-0.19000,1.14000,0.00000,0.91000,0.10000,-17768.00000
0.04000,-0.00000,-0.14000,2.17000,0.00000,1.08000,0.40000,-25756.00000
0.04000,-0.00000,-0.09000,2.65000,0.00000,1.44000,1.03000,31748.00000
0.04000,-0.00000,-0.04000,2.65000,0.00000,1.91000,1.69000,23740.00000
0.05000,-0.00000,0.01000,2.59000,0.00000,2.23000,2.13000,15732.00000
0.05000,-0.00000,0.06000,2.48000,0.03000,2.28000,2.31000,7708.00000
0.06000,-0.00000,0.07000,2.29000,1.51000,1.98000,2.12000,-332.00000
0.06000,-0.00000,0.08000,2.56000,2.17000,1.84000,2.03000,-8304.00000
0.07000,-0.00000,0.08000,3.01000,2.81000,1.77000,1.97000,-16404.00000
0.08000,-0.00000,0.09000,3.29000,3.07000,1.73000,1.94000,-24576.00000
0.08000,-0.00000,0.09000,2.98000,2.87000,1.68000,1.90000,-32740.00000
0.09000,0.00000,0.09000,2.84000,2.65000,1.65000,1.88000,24632.00000
0.09000,0.00000,0.09000,2.34000,2.26000,1.61000,1.85000,16516.00000
0.10000,0.00000,0.09000,1.90000,2.17000,1.59000,1.83000,8372.00000
0.10000,0.00000,0.09000,1.90000,1.95000,1.64000,1.88000,316.00000
0.11000,0.00000,0.08000,1.59000,1.87000,1.65000,1.88000,-7660.00000
0.11000,0.00000,0.08000,1.59000,1.48000,1.71000,1.93000,-15716.00000
0.12000,0.00000,0.08000,1.42000,1.62000,1.68000,1.91000,-23784.00000
0.12000,0.00000,0.09000,1.76000,1.37000,1.72000,1.94000,-31892.00000
0.12000,0.00000,0.09000,1.51000,1.64000,1.64000,1.87000,25532.00000
0.13000,0.00000,0.09000,1.76000,1.78000,1.67000,1.89000,17412.00000
0.13000,0.00000,0.08000,1.48000,1.78000,1.67000,1.90000,9296.00000
0.13000,0.00000,0.08000,1.65000,1.87000,1.73000,1.94000,1240.00000
0.14000,0.00000,0.07000,1.67000,1.90000,1.77000,1.97000,-6796.00000
0.14000,0.00000,0.07000,1.73000,1.87000,1.81000,2.00000,-14828.00000
0.15000,0.01000,0.06000,1.67000,2.01000,1.84000,2.02000,-22964.00000
0.15000,0.01000,0.06000,1.87000,2.09000,1.89000,2.06000,-31056.00000
0.16000,0.01000,0.05000,1.98000,2.23000,1.93000,2.09000,26344.00000
0.16000,0.01000,0.05000,2.09000,2.09000,1.97000,2.12000,18228.00000
0.17000,0.01000,0.05000,2.15000,2.48000,1.97000,2.12000,10148.00000
0.17000,0.01000,0.04000,2.12000,2.29000,2.02000,2.15000,2020.00000
0.18000,0.01000,0.04000,2.09000,2.37000,2.04000,2.17000,-6104.00000
0.18000,0.01000,0.03000,2.20000,2.43000,2.08000,2.20000,-14188.00000
0.19000,0.01000,0.03000,1.95000,2.17000,2.11000,2.21000,-22320.00000
0.19000,0.01000,0.02000,1.73000,2.09000,2.14000,2.23000,-30464.00000
0.20000,0.01000,0.02000,1.64000,1.98000,2.18000,2.26000,26936.00000
0.20000,0.01000,0.01000,1.87000,1.90000,2.21000,2.28000,18840.00000
0.21000,0.01000,0.01000,1.92000,2.31000,2.22000,2.28000,10724.00000
0.21000,0.01000,0.01000,2.31000,2.34000,2.26000,2.30000,2608.00000
0.22000,0.01000,0.01000,2.48000,2.48000,2.26000,2.30000,-5492.00000
0.22000,0.01000,0.00000,2.31000,2.48000,2.26000,2.30000,-13556.00000
0.23000,0.01000,0.00000,2.31000,2.31000,2.28000,2.31000,-21724.00000
0.24000,0.01000,0.00000,2.26000,2.20000,2.28000,2.31000,-29820.00000
0.24000,0.01000,0.00000,2.12000,2.20000,2.27000,2.31000,27564.00000
0.25000,0.01000,0.01000,2.29000,1.95000,2.28000,2.31000,19448.00000
0.25000,0.01000,0.01000,2.06000,2.26000,2.24000,2.29000,11288.00000
0.26000,0.01000,0.01000,2.31000,2.26000,2.26000,2.30000,3172.00000
0.26000,0.01000,0.01000,2.51000,2.40000,2.26000,2.30000,-4932.00000
0.27000,0.01000,0.01000,2.42000,2.48000,2.25000,2.29000,-13028.00000
0.27000,0.01000,0.01000,2.59000,2.37000,2.25000,2.30000,-21192.00000
0.28000,0.01000,0.01000,2.48000,2.42000,2.23000,2.28000,-29340.00000
0.28000,0.01000,0.01000,2.15000,2.31000,2.22000,2.28000,28040.00000
0.29000,0.01000,0.01000,2.29000,2.34000,2.24000,2.29000,19872.00000
0.30000,0.01000,0.01000,2.09000,2.23000,2.24000,2.29000,11776.00000
0.30000,0.01000,-0.00000,1.84000,2.29000,2.26000,2.30000,3652.00000
0.31000,0.01000,-0.01000,2.09000,2.23000,2.30000,2.32000,-4456.00000
0.31000,0.01000,-0.01000,2.20000,2.48000,2.31000,2.32000,-12512.00000
0.32000,0.01000,-0.01000,2.42000,2.31000,2.33000,2.33000,-20672.00000
0.32000,0.01000,-0.01000,2.17000,2.01000,2.33000,2.33000,-28816.00000
0.33000,0.01000,-0.00000,2.31000,2.26000,2.31000,2.32000,28528.00000
0.33000,0.01000,-0.00000,2.31000,2.20000,2.31000,2.32000,20396.00000
0.34000,0.01000,-0.00000,2.31000,2.34000,2.30000,2.32000,12260.00000
0.34000,0.01000,-0.01000,2.34000,2.48000,2.30000,2.32000,4108.00000
0.35000,0.01000,-0.00000,2.42000,2.40000,2.31000,2.32000,-3984.00000
0.36000,0.01000,-0.01000,2.34000,2.54000,2.31000,2.32000,-12088.00000
0.36000,0.01000,-0.01000,2.31000,2.51000,2.33000,2.33000,-20256.00000
0.37000,0.01000,-0.01000,2.34000,2.15000,2.33000,2.32000,-28428.00000
0.37000,0.01000,-0.01000,2.51000,2.62000,2.33000,2.33000,28928.00000
0.38000,0.01000,-0.01000,2.34000,2.51000,2.33000,2.33000,20784.00000
0.38000,0.01000,-0.02000,2.42000,2.54000,2.32000,2.31000,12616.00000
0.39000,0.01000,-0.02000,2.48000,2.54000,2.32000,2.30000,4440.00000
0.40000,0.01000,-0.02000,2.45000,2.59000,2.32000,2.30000,-3656.00000
0.40000,0.01000,-0.02000,2.15000,2.26000,2.31000,2.29000,-11756.00000
0.41000,0.01000,-0.03000,1.78000,2.43000,2.31000,2.27000,-19896.00000
0.41000,0.01000,-0.04000,1.95000,2.15000,2.27000,2.21000,-28020.00000
0.42000,0.01000,-0.03000,2.43000,2.12000,2.26000,2.19000,29344.00000
0.42000,0.01000,-0.03000,2.62000,2.37000,2.28000,2.22000,21204.00000
0.43000,0.01000,-0.02000,2.56000,2.31000,2.29000,2.25000,13064.00000
0.43000,0.01000,-0.02000,2.40000,2.31000,2.31000,2.27000,4912.00000
0.44000,0.01000,-0.02000,2.23000,2.31000,2.31000,2.28000,-3208.00000
0.44000,0.01000,-0.02000,2.17000,2.03000,2.31000,2.27000,-11304.00000
0.45000,0.01000,-0.02000,2.17000,2.15000,2.31000,2.28000,-19456.00000
0.45000,0.01000,-0.02000,2.20000,2.12000,2.31000,2.29000,-27620.00000
0.46000,0.01000,-0.02000,2.29000,2.23000,2.32000,2.29000,29752.00000
0.47000,0.01000,-0.01000,2.51000,2.40000,2.32000,2.30000,21592.00000
0.47000,0.01000,-0.01000,2.59000,2.37000,2.32000,2.31000,13432.00000
0.48000,0.01000,-0.01000,2.56000,2.37000,2.33000,2.33000,5256.00000
0.48000,0.01000,-0.01000,2.48000,2.56000,2.32000,2.33000,-2892.00000
0.49000,0.01000,-0.01000,2.48000,2.42000,2.33000,2.33000,-10996.00000
0.50000,0.01000,-0.01000,2.40000,2.34000,2.32000,2.33000,-19172.00000
0.50000,0.01000,-0.01000,2.12000,2.37000,2.32000,2.33000,-27328.00000
0.51000,0.01000,-0.01000,2.23000,2.37000,2.33000,2.32000,30024.00000
0.51000,0.01000,-0.02000,2.26000,2.37000,2.32000,2.31000,21880.00000
0.52000,0.01000,-0.02000,2.37000,2.56000,2.32000,2.30000,13732.00000
0.52000,0.00000,-0.02000,2.40000,2.29000,2.31000,2.28000,5600.00000
0.53000,0.00000,-0.02000,2.20000,2.12000,2.32000,2.29000,-2516.00000
0.53000,0.00000,-0.02000,2.29000,2.34000,2.32000,2.30000,-10592.00000
0.54000,0.00000,-0.01000,2.17000,1.95000,2.32000,2.30000,-18720.00000
0.54000,0.00000,-0.01000,2.03000,2.12000,2.32000,2.32000,-26856.00000
0.55000,0.00000,-0.01000,2.17000,2.03000,2.32000,2.31000,30552.00000
0.55000,0.00000,-0.01000,2.09000,1.98000,2.33000,2.32000,22436.00000
0.56000,0.00000,-0.01000,2.40000,2.34000,2.33000,2.33000,14288.00000
0.57000,0.00000,-0.01000,2.51000,2.40000,2.33000,2.33000,6144.00000
0.57000,0.00000,-0.01000,2.48000,2.59000,2.32000,2.33000,-1976.00000
0.58000,0.00000,-0.01000,2.59000,2.68000,2.33000,2.33000,-10084.00000
0.58000,0.00000,-0.01000,2.56000,2.45000,2.33000,2.33000,-18248.00000
0.59000,0.00000,-0.01000,2.48000,2.62000,2.32000,2.33000,-26428.00000
0.60000,0.00000,-0.01000,2.48000,2.56000,2.33000,2.32000,30948.00000
0.60000,0.00000,-0.01000,2.37000,2.29000,2.33000,2.32000,22824.00000
0.61000,0.00000,-0.01000,2.15000,2.17000,2.33000,2.32000,14676.00000
0.61000,0.00000,-0.02000,1.76000,2.17000,2.33000,2.32000,6532.00000
0.62000,0.00000,-0.03000,1.92000,2.29000,2.31000,2.29000,-1540.00000
0.62000,0.00000,-0.03000,2.31000,2.37000,2.30000,2.25000,-9640.00000
0.63000,0.00000,-0.02000,2.48000,2.29000,2.29000,2.25000,-17708.00000
0.63000,0.00000,-0.02000,2.48000,2.20000,2.30000,2.26000,-25864.00000
0.64000,0.00000,-0.01000,2.51000,2.23000,2.31000,2.29000,31544.00000
0.64000,0.00000,-0.01000,2.34000,2.15000,2.32000,2.31000,23400.00000
0.65000,0.00000,-0.01000,2.26000,2.17000,2.33000,2.33000,15240.00000
0.65000,0.00000,-0.00000,2.26000,2.12000,2.32000,2.33000,7088.00000
0.66000,0.00000,0.00000,2.37000,2.09000,2.31000,2.32000,-1000.00000
0.66000,0.00000,-0.00000,2.20000,2.29000,2.29000,2.31000,-9076.00000
0.67000,0.00000,0.01000,2.56000,2.26000,2.29000,2.32000,-17184.00000
0.68000,0.00000,0.01000,2.62000,2.29000,2.27000,2.30000,-25340.00000
0.68000,0.00000,0.01000,2.56000,2.45000,2.23000,2.29000,32064.00000
0.69000,0.00000,0.02000,2.48000,2.40000,2.22000,2.28000,23924.00000
0.69000,0.00000,0.02000,2.37000,2.29000,2.21000,2.27000,15776.00000
0.70000,0.00000,0.01000,2.26000,2.45000,2.20000,2.27000,7612.00000
0.70000,0.00000,0.01000,2.17000,2.23000,2.22000,2.28000,-468.00000
0.71000,0.00000,0.01000,2.09000,2.29000,2.23000,2.28000,-8476.00000
0.71000,0.00000,-0.00000,1.78000,2.26000,2.25000,2.29000,-16560.00000
0.72000,0.00000,-0.01000,2.01000,2.34000,2.29000,2.32000,-24704.00000
0.73000,0.00000,-0.02000,1.98000,2.45000,2.32000,2.33000,32672.00000
0.73000,0.00000,-0.02000,2.15000,2.23000,2.32000,2.30000,24556.00000
0.74000,0.00000,-0.02000,2.12000,2.09000,2.32000,2.29000,16400.00000
0.74000,0.00000,-0.02000,2.23000,2.17000,2.32000,2.30000,8268.00000
0.75000,0.00000,-0.01000,2.34000,2.01000,2.32000,2.30000,196.00000
0.75000,0.00000,-0.01000,2.23000,2.17000,2.33000,2.33000,-7856.00000
0.76000,0.00000,-0.01000,2.29000,2.15000,2.33000,2.33000,-15940.00000
0.76000,0.00000,-0.01000,2.15000,2.12000,2.32000,2.33000,-24088.00000
0.77000,0.00000,-0.01000,2.37000,2.48000,2.31000,2.32000,-32268.00000
0.77000,0.00000,-0.01000,2.48000,2.42000,2.32000,2.33000,25140.00000
0.78000,0.00000,-0.01000,2.51000,2.51000,2.32000,2.33000,17016.00000
0.79000,0.00000,-0.01000,2.48000,2.70000,2.32000,2.33000,8908.00000
0.79000,0.00000,-0.01000,2.56000,2.56000,2.33000,2.32000,804.00000
0.80000,0.00000,-0.01000,2.51000,2.62000,2.33000,2.32000,-7200.00000
0.80000,0.00000,-0.01000,2.59000,2.68000,2.32000,2.32000,-15312.00000
0.81000,0.00000,-0.01000,2.56000,2.42000,2.32000,2.31000,-23460.00000
0.82000,0.00000,-0.01000,2.42000,2.51000,2.33000,2.32000,-31624.00000
0.82000,0.00000,-0.02000,2.20000,2.62000,2.32000,2.31000,25768.00000
0.83000,0.00000,-0.02000,2.31000,2.45000,2.31000,2.28000,17628.00000
0.83000,0.00000,-0.02000,2.45000,2.40000,2.30000,2.26000,9472.00000
0.84000,0.00000,-0.02000,2.70000,2.43000,2.30000,2.27000,1356.00000
0.84000,0.00000,-0.01000,2.59000,2.23000,2.32000,2.29000,-6720.00000
0.85000,0.00000,-0.00000,2.65000,2.29000,2.33000,2.32000,-14852.00000
0.86000,0.00000,-0.00000,2.42000,2.37000,2.31000,2.32000,-22976.00000
0.86000,0.00000,-0.00000,2.37000,2.26000,2.30000,2.32000,-31108.00000
0.87000,0.00000,0.00000,2.40000,2.15000,2.29000,2.32000,26296.00000
0.87000,0.00000,0.00000,2.23000,2.31000,2.27000,2.31000,18144.00000
0.88000,0.00000,0.01000,2.42000,2.23000,2.28000,2.31000,10004.00000
0.88000,0.00000,0.01000,2.31000,2.20000,2.26000,2.30000,1848.00000
0.89000,0.00000,0.01000,2.26000,2.31000,2.25000,2.29000,-6220.00000
0.89000,0.00000,0.01000,2.40000,2.15000,2.25000,2.30000,-14324.00000
0.90000,0.00000,0.01000,2.20000,2.20000,2.22000,2.28000,-22444.00000
0.90000,0.00000,0.01000,2.15000,2.20000,2.22000,2.28000,-30524.00000
0.91000,0.00000,0.01000,2.29000,2.17000,2.23000,2.29000,26900.00000
0.92000,0.00000,0.01000,2.06000,2.26000,2.22000,2.28000,18768.00000
0.92000,0.00000,0.01000,2.12000,2.31000,2.24000,2.29000,10620.00000
0.93000,0.00000,0.00000,2.15000,2.37000,2.26000,2.30000,2504.00000
0.93000,0.00000,-0.01000,2.12000,2.54000,2.28000,2.31000,-5576.00000
0.94000,0.00000,-0.00000,2.42000,2.23000,2.31000,2.32000,-13664.00000
0.94000,0.00000,-0.00000,2.15000,2.09000,2.30000,2.32000,-21796.00000
0.95000,0.00000,0.00000,2.12000,1.98000,2.29000,2.32000,-29932.00000
0.95000,0.00000,0.01000,2.23000,2.01000,2.28000,2.31000,27472.00000
0.96000,0.00000,-0.00000,1.90000,2.23000,2.26000,2.30000,19340.00000
0.96000,0.00000,-0.00000,2.09000,2.06000,2.29000,2.31000,11224.00000
0.97000,0.00000,-0.01000,1.95000,2.23000,2.29000,2.31000,3104.00000
0.97000,0.00000,-0.01000,2.23000,2.20000,2.31000,2.32000,-4956.00000
0.98000,0.00000,-0.01000,2.15000,2.34000,2.31000,2.32000,-13072.00000
0.98000,0.00000,-0.01000,2.12000,2.40000,2.32000,2.33000,-21224.00000
0.99000,0.00000,-0.02000,2.31000,2.34000,2.32000,2.31000,-29368.00000
0.99000,0.00000,-0.02000,2.37000,2.42000,2.32000,2.31000,28004.00000
1.00000,0.00000,-0.02000,2.42000,2.59000,2.32000,2.31000,19860.00000
1.01000,0.00000,-0.02000,2.34000,2.37000,2.32000,2.29000,11716.00000
1.01000,0.00000,-0.02000,2.34000,2.45000,2.31000,2.29000,3560.00000
1.02000,0.00000,-0.02000,2.28000,2.34000,2.31000,2.28000,-4476.00000
1.02000,0.00000,-0.02000,2.06000,2.12000,2.31000,2.27000,-12584.00000
1.03000,0.00000,-0.03000,1.92000,2.29000,2.30000,2.27000,-20748.00000
1.03000,0.00000,-0.04000,1.92000,2.26000,2.29000,2.23000,-28856.00000
1.04000,0.00000,-0.04000,2.17000,2.17000,2.27000,2.19000,28516.00000
1.04000,0.00000,-0.03000,2.42000,2.20000,2.26000,2.19000,20420.00000
1.05000,0.00000,-0.03000,2.34000,2.12000,2.28000,2.21000,12292.00000
1.05000,0.00000,-0.03000,2.31000,2.29000,2.29000,2.24000,4128.00000
1.06000,0.00000,-0.03000,2.26000,2.17000,2.29000,2.24000,-3952.00000
1.06000,0.00000,-0.03000,2.20000,2.17000,2.30000,2.25000,-12072.00000
1.07000,0.00000,-0.02000,2.40000,2.29000,2.30000,2.25000,-20192.00000
1.07000,0.00000,-0.02000,2.34000,2.15000,2.30000,2.26000,-28332.00000
1.08000,-0.00000,-0.02000,2.34000,2.34000,2.31000,2.28000,29052.00000
1.09000,-0.00000,-0.02000,2.51000,2.37000,2.31000,2.28000,20980.00000
1.09000,-0.00000,-0.01000,2.45000,2.06000,2.32000,2.29000,12836.00000
1.10000,-0.00000,-0.01000,2.51000,2.42000,2.33000,2.32000,4684.00000
1.10000,-0.00000,-0.01000,2.48000,2.45000,2.33000,2.33000,-3408.00000
1.11000,-0.00000,-0.01000,2.54000,2.45000,2.33000,2.33000,-11532.00000
1.12000,-0.00000,-0.01000,2.51000,2.48000,2.32000,2.33000,-19712.00000
1.12000,-0.00000,-0.01000,2.34000,2.40000,2.32000,2.33000,-27888.00000
1.13000,-0.00000,-0.01000,2.40000,2.31000,2.32000,2.33000,29508.00000
1.13000,-0.00000,-0.01000,2.29000,2.62000,2.32000,2.32000,21352.00000
1.14000,-0.00000,-0.01000,2.34000,2.37000,2.33000,2.32000,13208.00000
1.14000,-0.00000,-0.01000,2.37000,2.23000,2.33000,2.32000,5036.00000
1.15000,-0.00000,-0.01000,2.23000,2.26000,2.33000,2.33000,-3092.00000
1.15000,-0.00000,-0.01000,2.20000,2.20000,2.33000,2.32000,-11204.00000
1.16000,-0.00000,-0.01000,2.26000,2.06000,2.33000,2.32000,-19308.00000
1.16000,-0.00000,-0.01000,2.20000,2.29000,2.32000,2.33000,-27468.00000
1.17000,-0.00000,-0.01000,2.23000,2.12000,2.33000,2.33000,29924.00000
1.17000,-0.00000,-0.01000,2.17000,2.37000,2.32000,2.33000,21760.00000
1.18000,-0.00000,-0.01000,2.23000,2.42000,2.33000,2.33000,13624.00000
1.19000,-0.00000,-0.01000,2.34000,2.40000,2.32000,2.31000,5468.00000
1.19000,-0.00000,-0.02000,2.34000,2.51000,2.32000,2.31000,-2644.00000
1.20000,-0.00000,-0.02000,2.48000,2.51000,2.32000,2.29000,-10752.00000
1.20000,-0.00000,-0.02000,2.45000,2.40000,2.31000,2.29000,-18932.00000
1.21000,-0.00000,-0.02000,2.37000,2.54000,2.32000,2.29000,-27100.00000
1.22000,-0.00000,-0.02000,2.48000,2.56000,2.31000,2.28000,30308.00000
1.22000,-0.00000,-0.02000,2.34000,2.34000,2.31000,2.27000,22156.00000
1.23000,-0.00000,-0.03000,2.23000,2.40000,2.31000,2.27000,14036.00000
1.23000,-0.00000,-0.03000,2.03000,2.17000,2.30000,2.25000,5912.00000
1.24000,-0.00000,-0.03000,1.90000,2.06000,2.29000,2.24000,-2192.00000
1.24000,-0.00000,-0.03000,2.20000,2.20000,2.28000,2.22000,-10268.00000
1.25000,-0.00000,-0.03000,2.20000,2.09000,2.28000,2.22000,-18372.00000
1.25000,-0.00000,-0.03000,2.40000,2.26000,2.28000,2.23000,-26560.00000
1.26000,-0.00000,-0.03000,2.42000,2.37000,2.29000,2.24000,30876.00000
1.26000,-0.00000,-0.02000,2.34000,2.23000,2.29000,2.25000,22720.00000
1.27000,-0.00000,-0.02000,2.26000,2.31000,2.30000,2.26000,14568.00000
1.27000,-0.00000,-0.02000,2.15000,2.04000,2.30000,2.25000,6428.00000
1.28000,-0.00000,-0.02000,2.17000,2.06000,2.30000,2.26000,-1660.00000
1.28000,-0.00000,-0.02000,2.20000,2.12000,2.31000,2.27000,-9732.00000
1.29000,-0.00000,-0.02000,2.23000,2.06000,2.31000,2.28000,-17816.00000
1.29000,-0.00000,-0.01000,2.37000,2.34000,2.32000,2.29000,-25992.00000
1.30000,-0.00000,-0.01000,2.51000,2.29000,2.32000,2.30000,31412.00000
1.31000,-0.00000,-0.01000,2.59000,2.45000,2.33000,2.32000,23244.00000
1.31000,-0.00000,-0.01000,2.51000,2.59000,2.33000,2.33000,15080.00000
1.32000,-0.00000,-0.01000,2.54000,2.48000,2.33000,2.32000,6928.00000
1.32000,-0.00000,-0.00000,2.48000,2.31000,2.33000,2.32000,-1180.00000
1.33000,-0.00000,-0.01000,2.20000,2.40000,2.32000,2.33000,-9288.00000
1.33000,-0.00000,-0.01000,2.23000,2.20000,2.33000,2.32000,-17424.00000
1.34000,-0.00000,-0.01000,2.31000,2.34000,2.33000,2.32000,-25580.00000
1.35000,-0.00000,-0.01000,2.29000,2.40000,2.33000,2.32000,31792.00000
1.35000,-0.00000,-0.01000,2.40000,2.17000,2.32000,2.31000,23648.00000
1.36000,-0.00000,-0.01000,2.20000,2.15000,2.33000,2.33000,15480.00000
1.36000,-0.00000,-0.01000,2.12000,2.12000,2.32000,2.33000,7324.00000
1.37000,-0.00000,-0.00000,2.20000,1.98000,2.32000,2.33000,-744.00000
1.37000,-0.00000,-0.00000,2.01000,2.20000,2.31000,2.32000,-8792.00000
1.38000,-0.00000,-0.00000,2.23000,2.09000,2.32000,2.33000,-16880.00000
1.38000,-0.00000,-0.01000,2.12000,2.31000,2.31000,2.32000,-25032.00000
1.39000,-0.00000,-0.01000,2.26000,2.42000,2.33000,2.33000,32360.00000
1.39000,-0.00000,-0.01000,2.37000,2.40000,2.33000,2.32000,24192.00000
1.40000,-0.00000,-0.01000,2.23000,2.48000,2.33000,2.32000,16048.00000
1.40000,-0.00000,-0.02000,2.42000,2.48000,2.32000,2.30000,7924.00000
1.41000,-0.00000,-0.01000,2.54000,2.37000,2.32000,2.29000,-172.00000
1.42000,-0.00000,-0.01000,2.48000,2.54000,2.32000,2.31000,-8304.00000
1.42000,-0.00000,-0.01000,2.62000,2.68000,2.32000,2.30000,-16376.00000
1.43000,-0.00000,-0.01000,2.42000,2.37000,2.32000,2.29000,-24552.00000
1.43000,-0.00000,-0.02000,2.17000,2.40000,2.32000,2.30000,-32716.00000
1.44000,-0.00000,-0.02000,1.95000,2.15000,2.31000,2.28000,24660.00000
1.44000,-0.01000,-0.02000,1.78000,1.92000,2.30000,2.26000,16536.00000
1.45000,-0.01000,-0.02000,2.15000,2.17000,2.29000,2.24000,8416.00000
1.45000,-0.01000,-0.02000,2.23000,2.06000,2.29000,2.24000,296.00000
1.46000,-0.01000,-0.02000,2.54000,2.37000,2.30000,2.26000,-7780.00000
1.47000,-0.01000,-0.02000,2.51000,2.37000,2.31000,2.27000,-15872.00000
1.47000,-0.01000,-0.01000,2.56000,2.42000,2.31000,2.29000,-24072.00000
1.48000,-0.01000,-0.01000,2.45000,2.42000,2.32000,2.30000,-32244.00000
1.48000,-0.01000,-0.01000,2.34000,2.26000,2.32000,2.30000,25132.00000
1.49000,-0.01000,-0.01000,2.31000,2.09000,2.32000,2.31000,16980.00000
1.49000,-0.01000,-0.01000,2.23000,2.26000,2.33000,2.32000,8820.00000
1.50000,-0.01000,-0.00000,2.34000,2.12000,2.33000,2.32000,728.00000
1.50000,-0.01000,0.00000,2.62000,2.43000,2.32000,2.33000,-7352.00000
1.51000,-0.01000,0.00000,2.48000,2.54000,2.30000,2.32000,-15436.00000
1.52000,-0.01000,0.00000,2.73000,2.54000,2.31000,2.32000,-23592.00000
1.52000,-0.01000,0.01000,2.62000,2.45000,2.29000,2.32000,-31740.00000
1.53000,-0.01000,0.01000,2.48000,2.48000,2.27000,2.31000,25592.00000
1.53000,-0.01000,0.01000,2.34000,2.42000,2.27000,2.31000,17476.00000
1.54000,-0.01000,0.00000,2.29000,2.34000,2.28000,2.31000,9336.00000
1.55000,-0.01000,-0.00000,2.06000,2.45000,2.29000,2.31000,1244.00000
1.55000,-0.01000,-0.00000,2.29000,2.31000,2.32000,2.33000,-6876.00000
1.56000,-0.01000,-0.00000,2.23000,2.20000,2.32000,2.33000,-15012.00000
1.56000,-0.01000,-0.00000,2.23000,2.23000,2.32000,2.33000,-23172.00000
1.57000,-0.01000,0.00000,2.31000,2.09000,2.32000,2.33000,-31296.00000
1.57000,-0.01000,0.00000,2.23000,2.20000,2.30000,2.32000,26088.00000
1.58000,-0.01000,0.00000,2.17000,2.23000,2.30000,2.32000,17964.00000
1.58000,-0.01000,0.00000,2.17000,2.20000,2.30000,2.32000,9824.00000
1.59000,-0.01000,-0.00000,2.20000,2.45000,2.30000,2.32000,1720.00000
1.59000,-0.01000,-0.00000,2.37000,2.29000,2.32000,2.33000,-6376.00000
1.60000,-0.01000,-0.00000,2.34000,2.37000,2.32000,2.33000,-14480.00000
1.60000,-0.01000,-0.01000,2.29000,2.40000,2.32000,2.33000,-22656.00000
1.61000,-0.01000,-0.00000,2.51000,2.34000,2.33000,2.33000,-30784.00000
1.62000,-0.01000,-0.00000,2.51000,2.45000,2.31000,2.32000,26588.00000
1.62000,-0.01000,-0.01000,2.40000,2.65000,2.31000,2.32000,18464.00000
1.63000,-0.01000,-0.01000,2.51000,2.51000,2.33000,2.33000,10296.00000
1.63000,-0.01000,-0.01000,2.51000,2.51000,2.33000,2.33000,2152.00000
1.64000,-0.01000,-0.01000,2.34000,2.48000,2.33000,2.33000,-5968.00000
1.65000,-0.01000,-0.01000,2.20000,2.34000,2.33000,2.32000,-14092.00000
1.65000,-0.01000,-0.02000,2.01000,2.34000,2.32000,2.31000,-22264.00000
1.66000,-0.01000,-0.02000,2.23000,2.48000,2.31000,2.28000,-30392.00000
1.66000,-0.01000,-0.02000,2.23000,2.26000,2.30000,2.25000,26956.00000
1.67000,-0.01000,-0.02000,2.48000,2.34000,2.29000,2.25000,18788.00000
1.67000,-0.01000,-0.01000,2.40000,1.98000,2.30000,2.26000,10668.00000
1.68000,-0.01000,-0.01000,2.26000,2.09000,2.32000,2.30000,2528.00000
1.68000,-0.01000,-0.01000,2.03000,2.20000,2.32000,2.31000,-5564.00000
1.69000,-0.01000,-0.01000,2.15000,1.87000,2.32000,2.30000,-13644.00000
1.69000,-0.01000,-0.01000,2.20000,2.20000,2.33000,2.32000,-21804.00000
1.70000,-0.01000,-0.01000,2.29000,2.23000,2.33000,2.32000,-29884.00000
1.70000,-0.01000,-0.00000,2.40000,2.31000,2.33000,2.32000,27468.00000
1.71000,-0.01000,-0.00000,2.56000,2.48000,2.33000,2.33000,19348.00000
1.72000,-0.01000,0.00000,2.68000,2.45000,2.32000,2.33000,11176.00000
1.72000,-0.01000,0.01000,2.62000,2.40000,2.30000,2.32000,2996.00000
1.73000,-0.01000,0.00000,2.45000,2.48000,2.28000,2.31000,-5116.00000
1.73000,-0.01000,0.00000,2.31000,2.42000,2.28000,2.31000,-13224.00000
1.74000,-0.01000,0.00000,2.34000,2.26000,2.29000,2.32000,-21384.00000
1.74000,-0.01000,-0.00000,1.95000,2.26000,2.29000,2.31000,-29528.00000
1.75000,-0.01000,-0.00000,2.23000,2.40000,2.31000,2.32000,27836.00000
1.75000,-0.01000,-0.01000,2.20000,2.40000,2.32000,2.33000,19712.00000
1.76000,-0.01000,-0.01000,2.37000,2.59000,2.33000,2.32000,11584.00000
1.77000,-0.01000,-0.01000,2.42000,2.34000,2.32000,2.30000,3420.00000
1.77000,-0.01000,-0.01000,2.26000,2.15000,2.32000,2.31000,-4692.00000
1.78000,-0.01000,-0.01000,2.15000,2.23000,2.33000,2.32000,-12840.00000
1.78000,-0.01000,-0.01000,2.15000,1.90000,2.32000,2.31000,-21000.00000
1.79000,-0.01000,-0.01000,2.03000,2.12000,2.33000,2.33000,-29140.00000
1.79000,-0.01000,-0.01000,2.17000,2.09000,2.33000,2.32000,28256.00000
1.80000,-0.01000,-0.00000,2.26000,2.15000,2.33000,2.33000,20132.00000
1.80000,-0.01000,-0.00000,2.29000,2.31000,2.32000,2.33000,11976.00000
1.81000,-0.01000,-0.00000,2.51000,2.42000,2.32000,2.33000,3836.00000
1.81000,-0.01000,-0.00000,2.42000,2.48000,2.32000,2.33000,-4276.00000
1.82000,-0.01000,-0.01000,2.56000,2.65000,2.32000,2.33000,-12380.00000
1.83000,-0.01000,-0.01000,2.48000,2.48000,2.33000,2.33000,-20592.00000
1.83000,-0.01000,-0.01000,2.56000,2.56000,2.33000,2.33000,-28696.00000
1.84000,-0.01000,-0.01000,2.42000,2.51000,2.33000,2.33000,28708.00000
1.84000,-0.01000,-0.00000,2.42000,2.20000,2.33000,2.33000,20544.00000
1.85000,-0.01000,-0.01000,2.20000,2.34000,2.32000,2.33000,12396.00000
1.85000,-0.01000,-0.02000,1.84000,2.34000,2.33000,2.33000,4260.00000
1.86000,-0.01000,-0.02000,1.92000,2.20000,2.32000,2.29000,-3852.00000
1.86000,-0.01000,-0.02000,2.31000,2.31000,2.30000,2.26000,-11980.00000
1.87000,-0.01000,-0.02000,2.51000,2.31000,2.30000,2.26000,-20088.00000
1.88000,-0.01000,-0.01000,2.48000,2.37000,2.31000,2.28000,-28256.00000
1.88000,-0.01000,-0.02000,2.37000,2.45000,2.31000,2.28000,29100.00000
1.89000,-0.01000,-0.01000,2.31000,2.17000,2.31000,2.27000,20952.00000
1.89000,-0.01000,-0.01000,2.12000,2.12000,2.31000,2.28000,12780.00000
1.90000,-0.01000,-0.01000,2.17000,2.20000,2.31000,2.28000,4684.00000
1.90000,-0.01000,-0.01000,2.26000,2.03000,2.31000,2.27000,-3396.00000
1.91000,-0.01000,-0.01000,2.17000,2.17000,2.32000,2.29000,-11504.00000
1.91000,-0.01000,-0.01000,2.54000,2.31000,2.31000,2.29000,-19628.00000
1.92000,-0.01000,-0.00000,2.59000,2.34000,2.32000,2.31000,-27776.00000
1.93000,-0.01000,0.00000,2.56000,2.51000,2.33000,2.33000,29584.00000
1.93000,-0.01000,0.00000,2.62000,2.51000,2.33000,2.33000,21448.00000
1.94000,-0.01000,0.00000,2.54000,2.48000,2.32000,2.33000,13264.00000
1.94000,-0.01000,0.00000,2.29000,2.40000,2.32000,2.33000,5132.00000
1.95000,-0.01000,0.00000,2.23000,2.23000,2.32000,2.33000,-2988.00000
1.95000,-0.01000,0.00000,2.34000,2.29000,2.32000,2.33000,-11056.00000
1.96000,-0.01000,-0.00000,2.17000,2.40000,2.32000,2.33000,-19184.00000
1.97000,-0.01000,-0.00000,2.40000,2.34000,-0.59000,0.59000,-27352.00000
1.97000,-0.01000,0.00000,2.34000,2.26000,-0.59000,0.59000,30024.00000
1.97000,-0.01000,-0.02000,0.64000,1.59000,-0.59000,0.59000,21872.00000
1.97000,-0.01000,-0.03000,0.00000,0.70000,-0.60000,0.60000,13796.00000
1.97000,-0.01000,-0.03000,0.00000,0.06000,-0.60000,0.60000,5860.00000
1.97000,-0.01000,-0.03000,0.00000,0.00000,-0.60000,0.60000,-2056.00000
1.97000,-0.01000,-0.03000,0.00000,0.00000,-0.60000,0.60000,-9804.00000
1.97000,-0.01000,-0.03000,0.00000,0.00000,-0.60000,0.60000,-17560.00000
1.97000,-0.01000,-0.03000,0.00000,0.03000,-0.60000,0.60000,-25360.00000
1.97000,-0.01000,-0.03000,0.00000,0.00000,-0.60000,0.60000,32220.00000
1.97000,-0.01000,-0.03000,0.00000,0.00000,-0.60000,0.60000,24428.00000
1.97000,-0.01000,-0.03000,0.00000,0.00000,-0.60000,0.60000,16624.00000
1.97000,-0.01000,-0.03000,0.00000,0.00000,-0.60000,0.60000,8840.00000
1.97000,-0.01000,-0.03000,0.00000,0.00000,-0.60000,0.60000,1080.00000
1.97000,-0.01000,-0.03000,0.00000,0.00000,-0.60000,0.60000,-6672.00000
1.97000,-0.01000,-0.03000,0.00000,0.00000,-0.60000,0.60000,-14424.00000
1.97000,-0.01000,-0.03000,0.00000,0.00000,-0.60000,0.60000,-22228.00000
1.97000,-0.01000,-0.03000,0.00000,0.00000,-0.60000,0.60000,-30028.00000
1.97000,-0.01000,-0.03000,0.00000,0.00000,-0.60000,0.60000,27704.00000
1.97000,-0.01000,-0.03000,0.00000,0.00000,-0.60000,0.60000,19916.00000
1.97000,-0.01000,-0.03000,0.00000,0.00000,-0.60000,0.60000,12116.00000
1.97000,-0.01000,-0.03000,0.00000,0.00000,-0.60000,0.60000,4320.00000
1.97000,-0.01000,-0.03000,0.00000,0.00000,-0.60000,0.60000,-3424.00000
1.97000,-0.01000,-0.03000,0.00000,0.00000,-0.60000,0.60000,-11188.00000
1.97000,-0.01000,-0.03000,0.00000,0.03000,-0.60000,0.60000,-18992.00000
1.97000,-0.01000,-0.03000,0.00000,0.00000,-0.60000,0.60000,-26944.00000
1.97000,-0.01000,-0.03000,0.00000,0.06000,-0.60000,0.60000,30796.00000
1.98000,-0.01000,-0.05000,0.00000,0.81000,-0.60000,0.60000,22860.00000
1.98000,-0.01000,-0.08000,0.00000,1.78000,-0.61000,0.60000,14880.00000
1.98000,-0.01000,-0.13000,0.00000,2.34000,-0.61000,0.60000,6844.00000
1.98000,-0.01000,-0.18000,0.00000,2.40000,-0.63000,0.57000,-1168.00000
1.99000,-0.01000,-0.21000,0.00000,1.90000,-0.69000,0.43000,-9156.00000
1.99000,-0.01000,-0.24000,0.00000,1.62000,-0.82000,0.16000,-17116.00000
1.99000,-0.01000,-0.26000,0.00000,0.84000,-1.02000,-0.24000,-25128.00000
1.99000,-0.01000,-0.26000,0.00000,0.14000,-1.15000,-0.48000,32412.00000
1.99000,-0.01000,-0.26000,0.00000,0.00000,-1.18000,-0.53000,24424.00000
1.99000,-0.01000,-0.26000,0.00000,0.00000,-1.18000,-0.53000,16600.00000
1.99000,-0.01000,-0.26000,0.00000,0.00000,-1.18000,-0.53000,8780.00000
1.99000,-0.01000,-0.26000,0.00000,0.00000,-1.18000,-0.53000,1008.00000
1.99000,-0.01000,-0.26000,0.00000,0.00000,-1.18000,-0.53000,-6768.00000
1.99000,-0.01000,-0.26000,-0.03000,0.00000,-1.18000,-0.53000,-14536.00000
1.99000,-0.01000,-0.26000,0.00000,0.00000,-1.18000,-0.53000,-22544.00000
1.99000,-0.01000,-0.26000,0.00000,0.00000,-1.18000,-0.53000,-30376.00000
1.99000,-0.01000,-0.26000,0.00000,0.00000,-1.18000,-0.53000,27340.00000
1.99000,-0.01000,-0.26000,0.00000,0.00000,-1.18000,-0.53000,19524.00000
1.99000,-0.01000,-0.26000,0.00000,0.00000,-1.18000,-0.53000,11708.00000
1.99000,-0.01000,-0.26000,0.00000,0.00000,-1.18000,-0.53000,3892.00000
1.99000,-0.01000,-0.26000,0.00000,0.00000,-1.18000,-0.53000,-3892.00000
1.99000,-0.01000,-0.26000,0.00000,0.00000,-1.18000,-0.53000,-11656.00000
1.99000,-0.01000,-0.26000,0.00000,0.00000,-1.18000,-0.53000,-19492.00000
1.99000,-0.01000,-0.26000,-0.03000,0.00000,-1.18000,-0.53000,-27320.00000
1.99000,-0.01000,-0.26000,0.00000,0.00000,-1.19000,-0.54000,30236.00000
1.99000,-0.01000,-0.26000,0.00000,0.00000,-1.19000,-0.54000,22412.00000
1.99000,-0.01000,-0.26000,0.00000,0.00000,-1.19000,-0.54000,14596.00000
1.99000,-0.01000,-0.26000,0.00000,0.00000,-1.19000,-0.54000,6784.00000
1.99000,-0.01000,-0.26000,0.00000,0.03000,-1.19000,-0.54000,-996.00000
1.99000,-0.01000,-0.26000,0.00000,0.00000,-1.19000,-0.55000,-8880.00000
1.99000,-0.01000,-0.26000,0.00000,0.00000,-1.19000,-0.55000,-16656.00000
1.99000,-0.01000,-0.27000,-0.03000,0.00000,-1.19000,-0.55000,-24476.00000
1.99000,-0.01000,-0.27000,-0.03000,0.00000,-1.20000,-0.56000,-32464.00000
1.99000,-0.01000,-0.27000,-0.39000,0.00000,-1.20000,-0.57000,25108.00000
1.99000,-0.01000,-0.29000,-0.84000,0.00000,-1.26000,-0.68000,17108.00000
1.99000,-0.01000,-0.32000,-1.51000,0.00000,-1.41000,-0.91000,9112.00000
1.98000,-0.01000,-0.35000,-1.56000,0.00000,-1.68000,-1.31000,1120.00000
1.98000,-0.01000,-0.39000,-1.98000,0.00000,-1.95000,-1.65000,-6860.00000
1.98000,-0.01000,-0.42000,-1.70000,0.00000,-2.21000,-1.98000,-14864.00000
1.98000,-0.01000,-0.45000,-1.76000,0.00000,-2.36000,-2.17000,-22908.00000
1.98000,-0.01000,-0.48000,-1.28000,0.00000,-2.20000,-2.38000,-30956.00000
1.97000,-0.00000,-0.51000,-1.62000,0.00000,-2.07000,-2.28000,26552.00000
1.97000,-0.00000,-0.54000,-1.56000,0.00000,-1.84000,-2.10000,18492.00000
1.97000,-0.00000,-0.57000,-1.42000,0.00000,-1.53000,-1.85000,10464.00000
1.97000,-0.00000,-0.60000,-1.67000,0.00000,-1.18000,-1.58000,2436.00000
1.97000,-0.00000,-0.63000,-1.53000,0.00000,-0.68000,-1.26000,-5544.00000
1.97000,0.00000,-0.66000,-1.65000,0.00000,-0.22000,-1.01000,-13536.00000
1.97000,0.00000,-0.67000,-0.61000,0.00000,0.17000,-0.81000,-21568.00000
1.97000,0.00000,-0.67000,-0.03000,0.00000,0.28000,-0.76000,-29572.00000
1.97000,0.00000,-0.68000,-0.03000,0.00000,0.29000,-0.76000,28000.00000
1.97000,0.00000,-0.68000,-0.08000,0.00000,0.29000,-0.76000,20040.00000
1.97000,0.00000,-0.68000,-0.11000,0.00000,0.30000,-0.75000,12096.00000
1.97000,0.00000,-0.68000,-0.03000,0.00000,0.32000,-0.74000,4128.00000
1.97000,0.00000,-0.68000,0.00000,0.00000,0.32000,-0.74000,-3784.00000
1.97000,0.00000,-0.68000,0.00000,0.00000,0.32000,-0.74000,-11532.00000
1.97000,0.00000,-0.68000,0.00000,0.00000,0.32000,-0.74000,-19344.00000
1.97000,0.00000,-0.68000,0.00000,-0.03000,0.32000,-0.74000,-27144.00000
1.97000,0.00000,-0.68000,0.00000,0.00000,0.32000,-0.74000,30436.00000
1.97000,0.00000,-0.68000,0.00000,0.00000,0.32000,-0.74000,22624.00000
1.97000,0.00000,-0.68000,0.00000,0.00000,0.32000,-0.74000,14832.00000
1.97000,0.00000,-0.68000,0.00000,0.00000,0.32000,-0.74000,7036.00000
1.97000,0.00000,-0.68000,0.00000,0.00000,0.32000,-0.74000,-720.00000
1.97000,0.00000,-0.68000,0.00000,0.00000,0.32000,-0.74000,-8428.00000
1.97000,0.00000,-0.68000,0.00000,0.00000,0.32000,-0.74000,-16192.00000
1.97000,0.00000,-0.68000,0.00000,0.00000,0.32000,-0.74000,-23992.00000
1.97000,0.00000,-0.68000,0.00000,0.00000,0.32000,-0.74000,-31796.00000
1.97000,0.00000,-0.68000,0.00000,0.00000,0.32000,-0.74000,25932.00000
1.97000,0.00000,-0.68000,0.00000,0.00000,0.32000,-0.74000,18140.00000
1.97000,0.00000,-0.68000,0.00000,0.00000,0.32000,-0.74000,10336.00000
1.97000,0.00000,-0.68000,0.00000,0.00000,0.32000,-0.74000,2540.00000
1.97000,0.00000,-0.68000,0.00000,0.00000,0.32000,-0.74000,-5212.00000
1.97000,0.00000,-0.68000,0.00000,0.00000,0.32000,-0.74000,-12976.00000
1.97000,0.00000,-0.68000,0.00000,0.00000,0.32000,-0.74000,-20768.00000
1.97000,0.00000,-0.68000,0.00000,0.00000,0.32000,-0.74000,-28580.00000
1.97000,0.00000,-0.68000,0.00000,0.00000,0.32000,-0.74000,29156.00000
1.97000,0.00000,-0.68000,0.00000,0.00000,0.32000,-0.74000,21360.00000
1.97000,0.00000,-0.68000,0.00000,0.00000,0.32000,-0.74000,13560.00000
1.97000,0.00000,-0.68000,0.00000,-0.03000,0.32000,-0.74000,5768.00000
1.97000,0.00000,-0.68000,0.00000,0.00000,0.32000,-0.74000,-2140.00000
1.97000,0.00000,-0.68000,0.00000,0.00000,0.32000,-0.74000,-9900.00000
1.97000,0.00000,-0.68000,0.00000,0.00000,0.32000,-0.74000,-17656.00000
1.97000,0.00000,-0.68000,0.00000,0.00000,0.32000,-0.74000,-25468.00000
1.97000,0.00000,-0.68000,0.00000,0.00000,0.32000,-0.74000,32264.00000
1.97000,0.00000,-0.68000,0.00000,0.00000,0.32000,-0.74000,24468.00000
1.97000,0.00000,-0.68000,0.00000,-0.11000,0.32000,-0.74000,16676.00000
1.96000,0.00000,-0.64000,0.00000,-1.95000,0.30000,-0.75000,8704.00000
1.96000,0.00000,-0.61000,0.00000,-1.56000,-0.04000,-0.92000,756.00000
1.96000,0.00000,-0.58000,0.00000,-1.34000,-0.42000,-1.12000,-7128.00000
1.96000,0.01000,-0.56000,0.00000,-1.34000,-0.79000,-1.33000,-15136.00000
1.96000,0.01000,-0.54000,0.00000,-0.95000,-1.16000,-1.57000,-23160.00000
1.96000,0.01000,-0.52000,0.00000,-1.00000,-1.39000,-1.74000,-31168.00000
1.96000,0.01000,-0.49000,0.00000,-1.62000,-1.61000,-1.91000,26368.00000
1.95000,0.01000,-0.45000,-0.03000,-1.81000,-1.89000,-2.14000,18312.00000
1.95000,0.01000,-0.42000,-0.50000,-2.26000,-2.12000,-2.32000,10264.00000
1.95000,0.01000,-0.41000,-1.56000,-2.26000,-2.40000,-2.24000,2108.00000
1.94000,0.01000,-0.40000,-2.40000,-2.51000,-2.37000,-2.18000,-6020.00000
1.94000,0.02000,-0.41000,-2.90000,-2.76000,-2.36000,-2.17000,-14160.00000
1.93000,0.02000,-0.41000,-2.79000,-2.76000,-2.36000,-2.18000,-22340.00000
1.92000,0.02000,-0.40000,-2.42000,-2.65000,-2.36000,-2.18000,-30568.00000
1.92000,0.02000,-0.40000,-2.43000,-2.73000,-2.35000,-2.15000,26756.00000
1.91000,0.03000,-0.39000,-2.34000,-2.43000,-2.32000,-2.12000,18572.00000
1.91000,0.03000,-0.40000,-2.01000,-1.89000,-2.31000,-2.10000,10432.00000
1.90000,0.03000,-0.40000,-2.12000,-2.15000,-2.31000,-2.11000,2224.00000
1.90000,0.03000,-0.40000,-1.78000,-1.78000,-2.31000,-2.10000,-5832.00000
1.90000,0.03000,-0.39000,-1.98000,-2.23000,-2.30000,-2.09000,-13972.00000
1.89000,0.04000,-0.39000,-2.28000,-2.23000,-2.27000,-2.06000,-22072.00000
1.88000,0.04000,-0.39000,-2.40000,-2.51000,-2.27000,-2.05000,-30304.00000
1.88000,0.04000,-0.39000,-2.76000,-2.76000,-2.25000,-2.03000,27028.00000
1.87000,0.04000,-0.39000,-2.82000,-2.98000,-2.24000,-2.01000,18864.00000
1.87000,0.05000,-0.38000,-2.17000,-2.40000,-2.20000,-1.96000,10700.00000
1.86000,0.05000,-0.38000,-2.03000,-2.37000,-2.15000,-1.91000,2508.00000
1.86000,0.05000,-0.37000,-2.09000,-2.34000,-2.09000,-1.83000,-5592.00000
1.85000,0.05000,-0.37000,-1.95000,-1.90000,-2.02000,-1.74000,-13712.00000
1.85000,0.05000,-0.37000,-2.04000,-1.90000,-1.99000,-1.71000,-21876.00000
1.85000,0.05000,-0.37000,-1.64000,-1.64000,-1.97000,-1.69000,-29996.00000
1.84000,0.06000,-0.38000,-1.78000,-1.70000,-1.94000,-1.64000,27400.00000
1.84000,0.06000,-0.38000,-1.51000,-1.53000,-1.91000,-1.60000,19256.00000
1.83000,0.06000,-0.37000,-1.62000,-1.76000,-1.86000,-1.54000,11144.00000
1.83000,0.06000,-0.38000,-1.67000,-1.51000,-1.78000,-1.44000,2968.00000
1.83000,0.06000,-0.38000,-1.70000,-1.59000,-1.74000,-1.39000,-5136.00000
1.82000,0.06000,-0.38000,-1.87000,-1.67000,-1.69000,-1.32000,-13248.00000
1.82000,0.06000,-0.39000,-1.56000,-1.17000,-1.63000,-1.24000,-21352.00000
1.82000,0.07000,-0.39000,-1.84000,-1.62000,-1.62000,-1.23000,-29532.00000
1.81000,0.07000,-0.40000,-1.81000,-1.28000,-2.11000,-1.85000,27864.00000
1.81000,0.07000,-0.41000,-2.04000,-1.90000,-2.17000,-1.93000,19696.00000
1.80000,0.07000,-0.41000,-2.01000,-1.87000,-2.18000,-1.94000,11600.00000
1.80000,0.07000,-0.41000,-2.31000,-2.26000,-2.19000,-1.95000,3412.00000
1.79000,0.07000,-0.41000,-2.45000,-2.34000,-2.19000,-1.95000,-4700.00000
1.79000,0.08000,-0.41000,-2.26000,-2.26000,-2.20000,-1.96000,-12868.00000
1.78000,0.08000,-0.41000,-2.31000,-2.31000,-2.19000,-1.95000,-21000.00000
1.78000,0.08000,-0.42000,-2.26000,-1.98000,-2.18000,-1.94000,-29148.00000
1.78000,0.08000,-0.42000,-1.87000,-2.03000,-2.21000,-1.97000,28228.00000
1.77000,0.09000,-0.42000,-1.92000,-1.73000,-2.18000,-1.94000,20064.00000
1.77000,0.09000,-0.42000,-1.90000,-1.84000,-2.20000,-1.96000,11932.00000
1.76000,0.09000,-0.43000,-2.23000,-1.70000,-2.20000,-1.96000,3796.00000
1.76000,0.09000,-0.43000,-2.06000,-2.01000,-2.25000,-2.03000,-4288.00000
1.75000,0.09000,-0.44000,-2.17000,-1.98000,-2.25000,-2.03000,-12428.00000
1.75000,0.09000,-0.44000,-2.20000,-1.98000,-2.26000,-2.04000,-20592.00000
1.75000,0.10000,-0.44000,-1.92000,-1.84000,-2.28000,-2.06000,-28784.00000
1.74000,0.10000,-0.45000,-2.37000,-2.01000,-2.28000,-2.07000,28596.00000
1.74000,0.10000,-0.46000,-2.31000,-1.89000,-2.31000,-2.10000,20484.00000
1.73000,0.10000,-0.46000,-2.12000,-1.81000,-2.34000,-2.14000,12272.00000
1.73000,0.11000,-0.47000,-2.51000,-2.12000,-2.36000,-2.17000,4108.00000
1.72000,0.11000,-0.48000,-2.37000,-1.92000,-2.38000,-2.20000,-4016.00000
1.72000,0.11000,-0.49000,-2.56000,-2.20000,-2.40000,-2.23000,-12192.00000
1.71000,0.11000,-0.49000,-2.56000,-2.15000,-2.24000,-2.41000,-20348.00000
1.71000,0.12000,-0.50000,-2.48000,-2.26000,-2.21000,-2.39000,-28532.00000
1.70000,0.12000,-0.50000,-2.48000,-2.34000,-2.19000,-2.37000,28836.00000
1.70000,0.12000,-0.51000,-2.56000,-2.29000,-2.17000,-2.36000,20628.00000
1.69000,0.12000,-0.51000,-2.56000,-2.40000,-2.14000,-2.34000,12432.00000
1.69000,0.13000,-0.51000,-2.20000,-2.17000,-2.12000,-2.33000,4228.00000
1.68000,0.13000,-0.51000,-2.20000,-2.26000,-2.12000,-2.32000,-3932.00000
1.68000,0.13000,-0.50000,-1.87000,-2.37000,-2.12000,-2.32000,-12048.00000
1.67000,0.13000,-0.50000,-2.17000,-2.17000,-2.16000,-2.35000,-20228.00000
1.67000,0.14000,-0.49000,-1.81000,-2.34000,-2.15000,-2.35000,-28344.00000
1.66000,0.14000,-0.48000,-2.09000,-2.45000,-2.20000,-2.38000,29012.00000
1.66000,0.14000,-0.47000,-1.98000,-2.51000,-2.22000,-2.40000,20852.00000
1.66000,0.14000,-0.47000,-2.15000,-2.34000,-2.41000,-2.24000,12636.00000
1.65000,0.15000,-0.47000,-2.29000,-2.37000,-2.40000,-2.22000,4444.00000
1.65000,0.15000,-0.47000,-2.09000,-1.98000,-2.39000,-2.21000,-3672.00000
1.64000,0.15000,-0.47000,-2.34000,-2.09000,-2.40000,-2.22000,-11852.00000
1.64000,0.15000,-0.48000,-2.56000,-2.26000,-2.41000,-2.24000,-19976.00000
1.63000,0.16000,-0.48000,-2.42000,-2.31000,-2.24000,-2.41000,-28192.00000
1.63000,0.16000,-0.48000,-2.56000,-2.59000,-2.23000,-2.40000,29124.00000
1.62000,0.16000,-0.48000,-2.48000,-2.45000,-2.23000,-2.40000,20960.00000
1.62000,0.16000,-0.48000,-2.06000,-2.15000,-2.23000,-2.40000,12760.00000
1.61000,0.17000,-0.48000,-2.37000,-2.45000,-2.23000,-2.40000,4608.00000
1.61000,0.17000,-0.48000,-2.26000,-2.26000,-2.24000,-2.40000,-3488.00000
1.60000,0.17000,-0.48000,-2.31000,-2.40000,-2.23000,-2.40000,-11632.00000
1.60000,0.17000,-0.48000,-2.48000,-2.45000,-2.24000,-2.41000,-19760.00000
1.59000,0.18000,-0.48000,-2.15000,-2.17000,-2.24000,-2.40000,-27972.00000
1.59000,0.18000,-0.47000,-2.15000,-2.45000,-2.37000,-2.18000,29344.00000
1.58000,0.18000,-0.47000,-2.34000,-2.43000,-2.35000,-2.15000,21176.00000
1.58000,0.18000,-0.47000,-1.95000,-1.95000,-2.34000,-2.14000,13004.00000
1.57000,0.19000,-0.47000,-2.15000,-2.26000,-2.34000,-2.14000,4832.00000
1.57000,0.19000,-0.47000,-2.20000,-2.06000,-2.33000,-2.13000,-3268.00000
1.56000,0.19000,-0.46000,-2.03000,-2.26000,-2.34000,-2.14000,-11396.00000
1.56000,0.19000,-0.47000,-2.51000,-2.45000,-2.32000,-2.11000,-19600.00000
1.55000,0.20000,-0.47000,-2.28000,-1.95000,-2.32000,-2.12000,-27768.00000
1.55000,0.20000,-0.47000,-2.31000,-2.26000,-2.34000,-2.15000,29552.00000
1.54000,0.20000,-0.48000,-2.40000,-2.12000,-2.34000,-2.15000,21376.00000
1.54000,0.20000,-0.48000,-2.01000,-1.98000,-2.36000,-2.17000,13216.00000
1.54000,0.21000,-0.48000,-2.42000,-2.15000,-2.36000,-2.17000,5036.00000
1.53000,0.21000,-0.49000,-2.23000,-1.78000,-2.38000,-2.20000,-3104.00000
1.53000,0.21000,-0.49000,-2.23000,-2.26000,-2.40000,-2.23000,-11284.00000
1.52000,0.21000,-0.50000,-2.62000,-2.45000,-2.40000,-2.23000,-19448.00000
1.52000,0.22000,-0.50000,-2.73000,-2.65000,-2.41000,-2.24000,-27648.00000
1.51000,0.22000,-0.50000,-2.87000,-2.76000,-2.41000,-2.24000,29672.00000
1.50000,0.22000,-0.50000,-2.73000,-2.70000,-2.25000,-2.41000,21456.00000
1.50000,0.23000,-0.50000,-2.42000,-2.48000,-2.24000,-2.41000,13252.00000
1.49000,0.23000,-0.49000,-2.06000,-2.48000,-2.25000,-2.41000,5084.00000
1.49000,0.23000,-0.49000,-2.15000,-2.37000,-2.39000,-2.22000,-3060.00000
1.48000,0.23000,-0.48000,-2.15000,-2.29000,-2.38000,-2.20000,-11172.00000
1.48000,0.24000,-0.48000,-2.01000,-2.34000,-2.37000,-2.19000,-19384.00000
1.47000,0.24000,-0.48000,-2.43000,-2.31000,-2.35000,-2.15000,-27560.00000
1.47000,0.24000,-0.48000,-2.15000,-2.01000,-2.35000,-2.16000,29784.00000
1.47000,0.24000,-0.48000,-2.48000,-2.40000,-2.36000,-2.17000,21616.00000
1.46000,0.25000,-0.49000,-2.43000,-2.15000,-2.36000,-2.18000,13424.00000
1.46000,0.25000,-0.49000,-2.51000,-2.45000,-2.38000,-2.20000,5268.00000
1.45000,0.25000,-0.50000,-2.65000,-2.40000,-2.38000,-2.20000,-2864.00000
1.44000,0.25000,-0.50000,-2.79000,-2.62000,-2.39000,-2.22000,-11040.00000
1.44000,0.26000,-0.50000,-2.68000,-2.59000,-2.40000,-2.23000,-19232.00000
1.43000,0.26000,-0.50000,-2.42000,-2.54000,-2.40000,-2.23000,-27436.00000
1.43000,0.26000,-0.50000,-2.40000,-2.26000,-2.40000,-2.22000,29900.00000
1.42000,0.27000,-0.50000,-2.34000,-2.34000,-2.40000,-2.23000,21708.00000
1.42000,0.27000,-0.50000,-2.29000,-2.29000,-2.40000,-2.23000,13592.00000
1.41000,0.27000,-0.50000,-2.29000,-2.15000,-2.40000,-2.23000,5400.00000
1.41000,0.27000,-0.50000,-2.34000,-2.40000,-2.41000,-2.24000,-2700.00000
1.41000,0.28000,-0.51000,-2.23000,-1.98000,-2.40000,-2.23000,-10848.00000
1.40000,0.28000,-0.51000,-2.45000,-2.42000,-2.25000,-2.41000,-19048.00000
1.40000,0.28000,-0.51000,-2.23000,-1.98000,-2.24000,-2.41000,-27236.00000
1.39000,0.28000,-0.51000,-2.20000,-2.40000,-2.23000,-2.40000,30084.00000
1.39000,0.29000,-0.51000,-1.98000,-2.15000,-2.24000,-2.41000,21884.00000
1.38000,0.29000,-0.50000,-2.12000,-2.29000,-2.25000,-2.41000,13684.00000
1.38000,0.29000,-0.51000,-2.29000,-2.12000,-2.41000,-2.24000,5472.00000
1.37000,0.29000,-0.51000,-2.48000,-2.31000,-2.41000,-2.25000,-2624.00000
1.37000,0.30000,-0.52000,-2.29000,-1.76000,-2.24000,-2.41000,-10796.00000
1.36000,0.30000,-0.52000,-2.54000,-2.29000,-2.36000,-2.17000,-18996.00000
1.36000,0.30000,-0.53000,-2.31000,-2.12000,-2.37000,-2.19000,-27140.00000
1.35000,0.30000,-0.53000,-2.17000,-2.06000,-2.38000,-2.21000,30176.00000
1.35000,0.31000,-0.53000,-2.37000,-2.17000,-2.39000,-2.21000,21984.00000
1.35000,0.31000,-0.54000,-2.31000,-1.81000,-2.40000,-2.23000,13856.00000
1.34000,0.31000,-0.55000,-2.51000,-2.29000,-2.23000,-2.40000,5672.00000
1.34000,0.32000,-0.55000,-2.70000,-2.45000,-2.22000,-2.39000,-2460.00000
1.33000,0.32000,-0.55000,-2.59000,-2.65000,-2.20000,-2.38000,-10664.00000
1.32000,0.32000,-0.54000,-2.23000,-2.68000,-2.20000,-2.38000,-18872.00000
1.32000,0.33000,-0.54000,-2.40000,-2.73000,-2.23000,-2.40000,-27060.00000
1.32000,0.33000,-0.53000,-1.62000,-2.06000,-2.41000,-2.24000,30292.00000
1.31000,0.33000,-0.52000,-2.09000,-2.51000,-2.39000,-2.21000,22080.00000
1.31000,0.33000,-0.52000,-2.48000,-2.51000,-2.36000,-2.17000,13900.00000
1.30000,0.34000,-0.53000,-2.59000,-2.26000,-2.36000,-2.16000,5708.00000
1.30000,0.34000,-0.53000,-2.68000,-2.48000,-2.38000,-2.19000,-2472.00000
1.29000,0.34000,-0.54000,-2.68000,-2.31000,-2.39000,-2.21000,-10600.00000
1.29000,0.34000,-0.54000,-2.12000,-2.01000,-2.40000,-2.23000,-18784.00000
1.28000,0.35000,-0.54000,-2.23000,-2.12000,-2.41000,-2.24000,-26988.00000
1.28000,0.35000,-0.55000,-2.17000,-1.92000,-2.41000,-2.25000,30404.00000
1.27000,0.35000,-0.55000,-2.40000,-2.12000,-2.23000,-2.40000,22200.00000
1.27000,0.36000,-0.56000,-2.73000,-2.37000,-2.21000,-2.39000,14036.00000
1.26000,0.36000,-0.56000,-2.65000,-2.51000,-2.18000,-2.37000,5848.00000
1.26000,0.36000,-0.56000,-2.45000,-2.62000,-2.16000,-2.35000,-2336.00000
1.25000,0.37000,-0.56000,-2.42000,-2.54000,-2.17000,-2.36000,-10496.00000
1.25000,0.37000,-0.56000,-2.26000,-2.17000,-2.18000,-2.37000,-18680.00000
1.24000,0.37000,-0.55000,-2.20000,-2.34000,-2.17000,-2.36000,-26916.00000
1.24000,0.37000,-0.56000,-2.34000,-2.29000,-2.18000,-2.37000,30476.00000
1.23000,0.38000,-0.55000,-2.06000,-2.20000,-2.17000,-2.36000,22272.00000
1.23000,0.38000,-0.55000,-2.20000,-2.45000,-2.18000,-2.37000,14072.00000
1.23000,0.38000,-0.55000,-2.29000,-2.23000,-2.20000,-2.38000,5900.00000
1.22000,0.39000,-0.55000,-2.09000,-2.06000,-2.19000,-2.38000,-2272.00000
1.22000,0.39000,-0.55000,-2.20000,-2.34000,-2.19000,-2.37000,-10412.00000
1.21000,0.39000,-0.54000,-2.01000,-2.15000,-2.20000,-2.38000,-18552.00000
1.21000,0.39000,-0.54000,-1.98000,-2.43000,-2.21000,-2.39000,-26780.00000
1.20000,0.40000,-0.54000,-2.54000,-2.48000,-2.24000,-2.41000,30584.00000
1.20000,0.40000,-0.54000,-2.34000,-2.31000,-2.23000,-2.40000,22376.00000
1.19000,0.40000,-0.53000,-2.31000,-2.45000,-2.23000,-2.40000,14176.00000
1.19000,0.41000,-0.53000,-2.40000,-2.45000,-2.24000,-2.41000,6016.00000
1.18000,0.41000,-0.53000,-2.01000,-2.03000,-2.24000,-2.41000,-2152.00000
1.18000,0.41000,-0.53000,-2.45000,-2.54000,-2.24000,-2.41000,-10324.00000
1.17000,0.41000,-0.53000,-2.31000,-2.26000,-2.41000,-2.25000,-18444.00000
1.17000,0.42000,-0.53000,-2.20000,-2.42000,-2.25000,-2.41000,-26688.00000
1.16000,0.42000,-0.53000,-2.70000,-2.76000,-2.40000,-2.24000,30624.00000
1.16000,0.42000,-0.52000,-2.26000,-2.68000,-2.40000,-2.23000,22456.00000
1.15000,0.43000,-0.52000,-2.54000,-2.34000,-2.38000,-2.20000,14240.00000
1.15000,0.43000,-0.52000,-2.43000,-2.48000,-2.38000,-2.20000,6008.00000
1.14000,0.43000,-0.52000,-1.92000,-2.20000,-2.14000,-1.89000,-2076.00000
1.14000,0.43000,-0.51000,-1.84000,-2.15000,-2.09000,-1.83000,-10272.00000
1.14000,0.44000,-0.50000,-1.90000,-2.34000,-2.04000,-1.77000,-18420.00000
1.13000,0.44000,-0.50000,-1.98000,-1.92000,-1.96000,-1.67000,-26592.00000
1.13000,0.44000,-0.50000,-1.81000,-1.95000,-1.96000,-1.67000,30760.00000
1.12000,0.44000,-0.50000,-1.81000,-1.76000,-1.93000,-1.63000,22596.00000
1.12000,0.44000,-0.50000,-1.62000,-1.78000,-1.92000,-1.62000,14456.00000
1.12000,0.45000,-0.51000,-1.70000,-1.31000,-1.88000,-1.57000,6284.00000
1.11000,0.45000,-0.51000,-1.70000,-1.67000,-1.94000,-1.64000,-1808.00000
1.11000,0.45000,-0.51000,-1.78000,-1.37000,-1.93000,-1.63000,-9932.00000
1.11000,0.45000,-0.52000,-1.51000,-1.39000,-1.99000,-1.70000,-18036.00000
1.10000,0.45000,-0.52000,-1.95000,-1.53000,-1.99000,-1.71000,-26204.00000
1.10000,0.45000,-0.53000,-1.81000,-1.31000,-2.05000,-1.78000,31244.00000
1.10000,0.46000,-0.54000,-2.37000,-1.92000,-2.11000,-1.85000,23024.00000
1.09000,0.46000,-0.55000,-2.56000,-2.03000,-2.16000,-1.91000,14900.00000
1.09000,0.46000,-0.56000,-2.54000,-2.31000,-2.21000,-1.98000,6676.00000
1.08000,0.47000,-0.56000,-2.48000,-2.34000,-2.23000,-2.00000,-1456.00000
1.08000,0.47000,-0.56000,-2.37000,-2.20000,-2.24000,-2.01000,-9596.00000
1.07000,0.47000,-0.56000,-2.01000,-2.09000,-2.25000,-2.02000,-17724.00000
1.07000,0.47000,-0.57000,-2.20000,-1.76000,-2.23000,-2.01000,-25884.00000
1.06000,0.48000,-0.57000,-1.95000,-2.01000,-2.27000,-2.06000,31476.00000
1.06000,0.48000,-0.57000,-2.09000,-1.84000,-2.26000,-2.04000,23332.00000
1.06000,0.48000,-0.58000,-2.15000,-2.01000,-2.28000,-2.07000,15196.00000
1.05000,0.48000,-0.58000,-2.17000,-1.78000,-2.29000,-2.08000,7032.00000
1.05000,0.49000,-0.59000,-2.29000,-2.06000,-2.32000,-2.11000,-1100.00000
1.04000,0.49000,-0.59000,-2.12000,-2.03000,-2.33000,-2.13000,-9212.00000
1.04000,0.49000,-0.59000,-2.09000,-1.95000,-2.34000,-2.14000,-17372.00000
1.04000,0.50000,-0.59000,-2.26000,-2.17000,-2.34000,-2.15000,-25520.00000
1.03000,0.50000,-0.60000,-2.17000,-2.03000,-2.35000,-2.15000,31816.00000
1.03000,0.50000,-0.60000,-2.48000,-2.40000,-2.35000,-2.16000,23624.00000
1.02000,0.51000,-0.61000,-2.76000,-2.12000,-2.36000,-2.17000,15492.00000
1.02000,0.51000,-0.62000,-2.68000,-2.45000,-2.39000,-2.22000,7280.00000
1.01000,0.51000,-0.62000,-2.62000,-2.40000,-2.40000,-2.23000,-892.00000
1.01000,0.52000,-0.63000,-2.76000,-2.09000,-2.41000,-2.25000,-8968.00000
1.00000,0.52000,-0.64000,-2.40000,-2.26000,-2.20000,-2.38000,-17112.00000
1.00000,0.52000,-0.64000,-2.17000,-2.01000,-2.19000,-2.37000,-25312.00000
1.00000,0.52000,-0.65000,-2.37000,-1.98000,-2.17000,-2.36000,32048.00000
0.99000,0.53000,-0.65000,-2.26000,-2.17000,-2.13000,-2.33000,23856.00000
0.99000,0.53000,-0.66000,-2.43000,-2.01000,-2.11000,-2.32000,15688.00000
0.98000,0.53000,-0.66000,-2.45000,-2.37000,-2.06000,-2.28000,7520.00000
0.98000,0.54000,-0.65000,-2.01000,-2.34000,-2.04000,-2.26000,-580.00000
0.97000,0.54000,-0.65000,-2.06000,-2.37000,-2.06000,-2.28000,-8720.00000
0.97000,0.54000,-0.64000,-1.90000,-2.34000,-2.09000,-2.30000,-16820.00000
0.97000,0.55000,-0.63000,-2.23000,-2.34000,-2.12000,-2.33000,-25000.00000
0.96000,0.55000,-0.63000,-2.28000,-2.42000,-2.13000,-2.33000,32372.00000
0.96000,0.55000,-0.63000,-2.15000,-2.48000,-2.13000,-2.33000,24140.00000
0.95000,0.56000,-0.62000,-2.45000,-2.48000,-2.15000,-2.35000,15972.00000
0.95000,0.56000,-0.62000,-2.17000,-2.29000,-2.15000,-2.34000,7780.00000
0.94000,0.56000,-0.62000,-2.15000,-2.51000,-2.15000,-2.34000,-364.00000
0.94000,0.57000,-0.61000,-2.15000,-2.26000,-2.17000,-2.36000,-8460.00000
0.93000,0.57000,-0.61000,-2.03000,-2.09000,-2.17000,-2.36000,-16624.00000
0.93000,0.57000,-0.61000,-2.31000,-2.23000,-2.17000,-2.36000,-24796.00000
0.93000,0.58000,-0.62000,-2.26000,-2.09000,-2.15000,-2.35000,32588.00000
0.92000,0.58000,-0.62000,-2.23000,-2.34000,-2.35000,-2.16000,24372.00000
0.92000,0.58000,-0.62000,-2.56000,-2.40000,-2.34000,-2.15000,16184.00000
0.91000,0.59000,-0.62000,-2.34000,-2.40000,-2.35000,-2.16000,7996.00000
0.91000,0.59000,-0.62000,-2.40000,-2.45000,-2.35000,-2.15000,-132.00000
0.90000,0.59000,-0.62000,-2.06000,-1.87000,-2.34000,-2.14000,-8256.00000
0.90000,0.59000,-0.62000,-1.98000,-1.98000,-2.35000,-2.16000,-16380.00000
0.90000,0.60000,-0.63000,-2.20000,-1.87000,-2.35000,-2.16000,-24484.00000
0.89000,0.60000,-0.62000,-2.01000,-2.20000,-2.37000,-2.19000,-32620.00000
0.89000,0.60000,-0.62000,-2.01000,-2.26000,-2.36000,-2.17000,24712.00000
0.88000,0.61000,-0.62000,-2.29000,-2.01000,-2.34000,-2.14000,16548.00000
0.88000,0.61000,-0.62000,-2.20000,-2.26000,-2.36000,-2.17000,8336.00000
0.87000,0.61000,-0.62000,-2.29000,-2.26000,-2.35000,-2.16000,236.00000
0.87000,0.62000,-0.62000,-2.01000,-2.09000,-2.35000,-2.16000,-7848.00000
0.87000,0.62000,-0.62000,-2.15000,-2.29000,-2.35000,-2.15000,-16016.00000
0.86000,0.62000,-0.62000,-2.45000,-2.23000,-2.34000,-2.14000,-24184.00000
0.86000,0.62000,-0.62000,-2.37000,-2.29000,-2.35000,-2.15000,-32392.00000
0.85000,0.63000,-0.63000,-2.54000,-2.34000,-2.35000,-2.16000,24960.00000
0.85000,0.63000,-0.63000,-2.48000,-2.15000,-2.36000,-2.18000,16780.00000
0.84000,0.63000,-0.64000,-2.48000,-2.26000,-2.38000,-2.20000,8572.00000
0.84000,0.64000,-0.65000,-2.54000,-1.95000,-2.39000,-2.22000,424.00000
0.84000,0.64000,-0.66000,-2.34000,-1.87000,-2.24000,-2.41000,-7628.00000
0.83000,0.64000,-0.66000,-2.20000,-2.12000,-2.20000,-2.38000,-15764.00000
0.83000,0.65000,-0.66000,-2.17000,-2.29000,-2.19000,-2.38000,-23980.00000
0.82000,0.65000,-0.66000,-2.48000,-2.51000,-2.20000,-2.38000,-32128.00000
0.82000,0.65000,-0.66000,-2.48000,-2.15000,-2.20000,-2.38000,25232.00000
0.81000,0.66000,-0.67000,-2.45000,-2.29000,-2.17000,-2.36000,17008.00000
0.81000,0.66000,-0.67000,-2.17000,-2.29000,-2.15000,-2.35000,8852.00000
0.81000,0.66000,-0.66000,-1.67000,-1.95000,-2.16000,-2.35000,728.00000
0.80000,0.67000,-0.65000,-1.78000,-2.26000,-2.18000,-2.37000,-7368.00000
0.80000,0.67000,-0.65000,-1.92000,-2.20000,-2.22000,-2.39000,-15464.00000
0.79000,0.67000,-0.64000,-2.17000,-2.40000,-2.24000,-2.41000,-23636.00000
0.79000,0.68000,-0.63000,-2.23000,-2.70000,-2.41000,-2.24000,-31832.00000
0.78000,0.68000,-0.63000,-2.56000,-2.62000,-2.39000,-2.21000,25500.00000
0.78000,0.68000,-0.63000,-2.59000,-2.48000,-2.38000,-2.20000,17328.00000
0.77000,0.69000,-0.64000,-2.73000,-2.54000,-2.39000,-2.21000,9120.00000
0.77000,0.69000,-0.64000,-2.20000,-1.95000,-2.40000,-2.22000,964.00000
0.77000,0.69000,-0.65000,-2.51000,-2.20000,-2.41000,-2.24000,-7112.00000
0.76000,0.70000,-0.65000,-2.48000,-2.29000,-2.24000,-2.41000,-15232.00000
0.76000,0.70000,-0.66000,-2.56000,-2.23000,-2.22000,-2.40000,-23440.00000
0.75000,0.70000,-0.66000,-2.54000,-2.37000,-2.19000,-2.38000,-31648.00000
0.75000,0.71000,-0.66000,-2.48000,-2.54000,-2.18000,-2.36000,25724.00000
0.74000,0.71000,-0.66000,-2.23000,-2.29000,-2.18000,-2.36000,17524.00000
0.74000,0.71000,-0.66000,-2.37000,-2.31000,-2.18000,-2.37000,9316.00000
0.73000,0.72000,-0.66000,-2.01000,-2.15000,-2.17000,-2.36000,1212.00000
0.73000,0.72000,-0.66000,-2.12000,-2.15000,-2.17000,-2.36000,-6972.00000
0.73000,0.72000,-0.65000,-2.20000,-2.37000,-2.17000,-2.36000,-15096.00000
0.72000,0.73000,-0.65000,-1.98000,-2.09000,-2.18000,-2.37000,-23296.00000
0.72000,0.73000,-0.65000,-2.34000,-2.26000,-2.18000,-2.37000,-31492.00000
0.71000,0.73000,-0.65000,-2.06000,-2.15000,-2.17000,-2.36000,25876.00000
0.71000,0.74000,-0.65000,-2.09000,-2.20000,-2.17000,-2.36000,17696.00000
0.71000,0.74000,-0.64000,-1.98000,-2.29000,-2.17000,-2.36000,9516.00000
0.70000,0.74000,-0.64000,-2.26000,-2.37000,-2.19000,-2.37000,1368.00000
0.70000,0.75000,-0.64000,-2.40000,-2.42000,-2.23000,-2.00000,-6764.00000
0.69000,0.75000,-0.64000,-2.34000,-2.54000,-2.22000,-1.99000,-14892.00000
0.69000,0.75000,-0.64000,-2.34000,-2.29000,-2.19000,-1.95000,-23116.00000
0.68000,0.76000,-0.64000,-2.48000,-2.29000,-2.19000,-1.95000,-31304.00000
0.68000,0.76000,-0.64000,-2.20000,-2.20000,-2.21000,-1.97000,26028.00000
0.68000,0.76000,-0.65000,-2.09000,-1.62000,-2.20000,-1.97000,17912.00000
0.67000,0.77000,-0.65000,-2.04000,-1.90000,-2.25000,-2.02000,9756.00000
0.67000,0.77000,-0.66000,-1.92000,-1.78000,-2.26000,-2.04000,1676.00000
0.66000,0.77000,-0.65000,-2.15000,-2.29000,-2.27000,-2.05000,-6436.00000
0.66000,0.77000,-0.65000,-2.12000,-2.09000,-2.25000,-2.03000,-14552.00000
0.66000,0.78000,-0.66000,-2.65000,-2.34000,-2.25000,-2.03000,-22776.00000
0.65000,0.78000,-0.67000,-2.70000,-2.45000,-2.27000,-2.06000,-30928.00000
0.65000,0.78000,-0.67000,-2.34000,-2.20000,-2.29000,-2.08000,26384.00000
0.64000,0.79000,-0.67000,-2.26000,-2.23000,-2.30000,-2.09000,18180.00000
0.64000,0.79000,-0.67000,-1.76000,-1.70000,-2.30000,-2.09000,10060.00000
0.63000,0.79000,-0.67000,-2.29000,-2.29000,-2.30000,-2.09000,1880.00000
0.63000,0.80000,-0.67000,-2.12000,-2.06000,-2.30000,-2.09000,-6184.00000
0.63000,0.80000,-0.67000,-1.98000,-2.06000,-2.30000,-2.09000,-14320.00000
0.62000,0.80000,-0.67000,-2.26000,-2.31000,-2.29000,-2.08000,-22472.00000
0.62000,0.81000,-0.67000,-2.17000,-2.03000,-2.28000,-2.07000,-30616.00000
0.61000,0.81000,-0.67000,-2.37000,-2.29000,-2.29000,-2.08000,26704.00000
0.61000,0.81000,-0.67000,-2.48000,-2.37000,-2.29000,-2.08000,18552.00000
0.61000,0.82000,-0.67000,-2.17000,-2.23000,-2.30000,-2.09000,10340.00000
0.60000,0.82000,-0.67000,-2.48000,-2.43000,-2.29000,-2.08000,2164.00000
0.60000,0.82000,-0.68000,-2.23000,-1.90000,-2.29000,-2.08000,-5936.00000
0.59000,0.83000,-0.68000,-2.12000,-2.09000,-2.31000,-2.11000,-14080.00000
0.59000,0.83000,-0.69000,-2.29000,-1.87000,-2.31000,-2.11000,-22260.00000
0.59000,0.83000,-0.69000,-1.92000,-1.95000,-2.34000,-2.14000,-30428.00000
0.58000,0.84000,-0.69000,-2.17000,-1.98000,-2.34000,-2.14000,26948.00000
0.58000,0.84000,-0.70000,-2.15000,-1.98000,-2.35000,-2.15000,18776.00000
0.57000,0.84000,-0.70000,-2.34000,-1.92000,-2.36000,-2.17000,10592.00000
0.57000,0.85000,-0.71000,-2.48000,-2.26000,-2.38000,-2.20000,2408.00000
0.57000,0.85000,-0.71000,-2.31000,-2.31000,-2.39000,-2.22000,-5704.00000
0.56000,0.85000,-0.71000,-2.29000,-2.20000,-2.39000,-2.22000,-13820.00000
0.56000,0.86000,-0.71000,-2.40000,-2.20000,-2.40000,-2.22000,-22040.00000
0.55000,0.86000,-0.71000,-2.31000,-2.37000,-2.40000,-2.23000,-30184.00000
0.55000,0.86000,-0.72000,-2.26000,-2.12000,-2.40000,-2.23000,27152.00000
0.55000,0.87000,-0.72000,-2.37000,-2.12000,-2.41000,-2.24000,18952.00000
0.54000,0.87000,-0.72000,-2.20000,-2.01000,-2.24000,-2.41000,10812.00000
0.54000,0.87000,-0.73000,-2.31000,-2.23000,-2.23000,-2.40000,2608.00000
0.53000,0.88000,-0.72000,-2.40000,-2.51000,-2.22000,-2.39000,-5524.00000
0.53000,0.88000,-0.72000,-2.31000,-2.28000,-2.23000,-2.40000,-13628.00000
0.53000,0.89000,-0.73000,-2.48000,-2.34000,-2.22000,-2.40000,-21872.00000
0.52000,0.89000,-0.73000,-2.68000,-2.65000,-2.21000,-2.39000,-30040.00000
0.52000,0.89000,-0.73000,-2.29000,-2.23000,-2.21000,-2.39000,27280.00000
0.51000,0.90000,-0.73000,-2.26000,-2.06000,-2.20000,-2.38000,19080.00000
0.51000,0.90000,-0.73000,-2.20000,-2.09000,-2.18000,-2.37000,10940.00000
0.51000,0.90000,-0.74000,-1.90000,-1.78000,-2.16000,-2.36000,2748.00000
0.50000,0.91000,-0.74000,-2.45000,-2.34000,-2.15000,-2.34000,-5376.00000
0.50000,0.91000,-0.74000,-2.34000,-2.17000,-2.13000,-2.33000,-13492.00000
0.49000,0.91000,-0.74000,-2.48000,-2.51000,-2.10000,-2.31000,-21732.00000
0.49000,0.92000,-0.74000,-2.42000,-2.54000,-2.08000,-2.30000,-29904.00000
0.48000,0.92000,-0.73000,-1.98000,-2.26000,-2.08000,-2.29000,27456.00000
0.48000,0.93000,-0.73000,-2.15000,-2.26000,-2.09000,-2.30000,19244.00000
0.48000,0.93000,-0.72000,-1.95000,-2.40000,-2.08000,-2.29000,11072.00000
0.47000,0.93000,-0.72000,-1.73000,-2.15000,-2.34000,-2.14000,2908.00000
0.47000,0.94000,-0.70000,-1.76000,-2.45000,-2.30000,-2.10000,-5232.00000
0.47000,0.94000,-0.70000,-2.17000,-2.45000,-2.24000,-2.01000,-13364.00000
0.46000,0.94000,-0.70000,-2.45000,-2.34000,-2.20000,-1.97000,-21532.00000
0.46000,0.95000,-0.70000,-2.40000,-2.42000,-2.21000,-1.98000,-29732.00000
0.45000,0.95000,-0.71000,-2.42000,-2.01000,-2.20000,-1.97000,27620.00000
0.45000,0.95000,-0.70000,-2.34000,-2.40000,-2.24000,-2.02000,19440.00000
0.44000,0.96000,-0.71000,-2.29000,-2.09000,-2.23000,-2.00000,11236.00000
0.44000,0.96000,-0.72000,-2.37000,-1.87000,-2.25000,-2.02000,3088.00000
0.44000,0.96000,-0.72000,-2.12000,-2.03000,-2.29000,-2.08000,-5020.00000
0.43000,0.97000,-0.72000,-1.95000,-1.73000,-2.29000,-2.08000,-13164.00000
0.43000,0.97000,-0.72000,-2.04000,-2.09000,-2.31000,-2.10000,-21332.00000
0.43000,0.97000,-0.73000,-2.06000,-1.95000,-2.30000,-2.10000,-29488.00000
0.42000,0.98000,-0.73000,-2.45000,-2.34000,-2.31000,-2.10000,27868.00000
0.42000,0.98000,-0.73000,-2.31000,-2.20000,-2.32000,-2.11000,19728.00000
0.41000,0.98000,-0.74000,-2.37000,-2.09000,-2.32000,-2.12000,11484.00000
0.41000,0.99000,-0.73000,-2.37000,-2.43000,-2.34000,-2.14000,3296.00000
0.41000,0.99000,-0.74000,-2.26000,-2.09000,-2.33000,-2.14000,-4808.00000
0.40000,0.99000,-0.74000,-2.20000,-2.12000,-2.34000,-2.15000,-12980.00000
0.40000,1.00000,-0.74000,-2.23000,-2.17000,-2.35000,-2.15000,-21140.00000
0.40000,1.00000,-0.74000,-1.87000,-1.87000,-2.35000,-2.16000,-29360.00000
0.39000,1.00000,-0.75000,-2.20000,-1.90000,-2.35000,-2.16000,28064.00000
0.39000,1.01000,-0.75000,-2.20000,-1.98000,-2.37000,-2.18000,19948.00000
0.38000,1.01000,-0.75000,-2.43000,-2.45000,-2.38000,-2.20000,11756.00000
0.38000,1.02000,-0.76000,-2.81000,-2.42000,-2.38000,-2.20000,3584.00000
0.37000,1.02000,-0.76000,-2.84000,-2.65000,-2.40000,-2.22000,-4564.00000
0.37000,1.02000,-0.76000,-2.65000,-2.68000,-2.41000,-2.24000,-12732.00000
0.37000,1.03000,-0.76000,-2.59000,-2.54000,-2.40000,-2.24000,-20944.00000
0.36000,1.03000,-0.77000,-2.62000,-2.26000,-2.41000,-2.24000,-29128.00000
0.36000,1.04000,-0.78000,-2.37000,-1.98000,-2.23000,-2.40000,28232.00000
0.35000,1.04000,-0.78000,-2.40000,-1.95000,-2.20000,-2.38000,20064.00000
0.35000,1.04000,-0.79000,-2.34000,-2.01000,-2.16000,-2.35000,11884.00000
0.35000,1.05000,-0.79000,-2.37000,-2.23000,-2.13000,-2.33000,3724.00000
0.34000,1.05000,-0.79000,-2.20000,-2.23000,-2.11000,-2.31000,-4464.00000
0.34000,1.06000,-0.79000,-2.34000,-2.37000,-2.11000,-2.31000,-12572.00000
0.34000,1.06000,-0.79000,-1.73000,-1.98000,-2.10000,-2.31000,-20796.00000
0.33000,1.06000,-0.79000,-2.12000,-2.17000,-2.12000,-2.33000,-28952.00000
0.33000,1.07000,-0.78000,-1.84000,-2.17000,-2.12000,-2.33000,28404.00000
0.33000,1.07000,-0.78000,-1.95000,-2.01000,-2.15000,-2.35000,20200.00000
0.32000,1.07000,-0.77000,-1.73000,-2.29000,-2.15000,-2.35000,12028.00000
0.32000,1.08000,-0.76000,-2.12000,-2.40000,-2.20000,-2.38000,3864.00000
0.31000,1.08000,-0.75000,-2.03000,-2.45000,-2.22000,-2.39000,-4268.00000
0.31000,1.08000,-0.75000,-2.23000,-2.59000,-2.25000,-2.41000,-12432.00000
0.31000,1.09000,-0.75000,-2.37000,-2.48000,-2.40000,-2.22000,-20596.00000
0.30000,1.09000,-0.74000,-2.12000,-2.17000,-2.39000,-2.21000,-28804.00000
0.30000,1.09000,-0.75000,-2.51000,-2.43000,-2.39000,-2.21000,28512.00000
0.29000,1.10000,-0.75000,-2.48000,-2.12000,-2.39000,-2.21000,20388.00000
0.29000,1.10000,-0.76000,-2.48000,-2.29000,-2.41000,-2.24000,12140.00000
0.28000,1.11000,-0.76000,-2.45000,-2.51000,-2.25000,-2.41000,3952.00000
0.28000,1.11000,-0.76000,-2.37000,-2.29000,-2.41000,-2.25000,-4176.00000
0.28000,1.11000,-0.76000,-2.26000,-2.29000,-2.24000,-2.41000,-12352.00000
0.27000,1.12000,-0.77000,-2.37000,-1.84000,-2.25000,-2.41000,-20544.00000
0.27000,1.12000,-0.77000,-2.17000,-2.23000,-2.21000,-2.39000,-28752.00000
0.27000,1.12000,-0.76000,-2.12000,-2.34000,-2.21000,-2.39000,28556.00000
0.26000,1.13000,-0.77000,-2.23000,-2.03000,-2.22000,-2.40000,20384.00000
0.26000,1.13000,-0.76000,-2.03000,-2.17000,-2.20000,-2.38000,12172.00000
0.25000,1.14000,-0.76000,-2.26000,-2.17000,-2.21000,-2.39000,4016.00000
0.25000,1.14000,-0.76000,-2.01000,-2.17000,-2.28000,-2.06000,-4148.00000
0.25000,1.14000,-0.76000,-2.06000,-2.29000,-2.26000,-2.04000,-12284.00000
0.24000,1.15000,-0.76000,-2.17000,-1.98000,-2.23000,-2.01000,-20472.00000
0.24000,1.15000,-0.76000,-1.84000,-2.03000,-2.25000,-2.03000,-28652.00000
0.24000,1.15000,-0.76000,-2.29000,-2.01000,-2.23000,-2.00000,28688.00000
0.23000,1.16000,-0.76000,-2.17000,-2.09000,-2.25000,-2.03000,20524.00000
0.23000,1.16000,-0.77000,-2.42000,-2.26000,-2.26000,-2.03000,12344.00000
0.23000,1.16000,-0.77000,-2.45000,-2.12000,-2.27000,-2.05000,4152.00000
0.22000,1.17000,-0.78000,-2.51000,-2.40000,-2.30000,-2.08000,-4000.00000
0.22000,1.17000,-0.78000,-2.42000,-2.37000,-2.30000,-2.09000,-12148.00000
0.21000,1.18000,-0.78000,-2.20000,-2.12000,-2.30000,-2.10000,-20332.00000
0.21000,1.18000,-0.78000,-2.37000,-2.31000,-2.31000,-2.10000,-28544.00000
0.21000,1.18000,-0.79000,-2.43000,-1.78000,-2.31000,-2.10000,28780.00000
0.20000,1.19000,-0.80000,-2.54000,-2.01000,-2.36000,-2.16000,20600.00000
0.20000,1.19000,-0.82000,-2.48000,-1.62000,-2.39000,-2.21000,12404.00000
0.19000,1.19000,-0.82000,-2.31000,-2.20000,-2.23000,-2.40000,4212.00000
0.19000,1.20000,-0.83000,-2.23000,-1.90000,-2.22000,-2.39000,-3872.00000
0.19000,1.20000,-0.83000,-1.81000,-1.81000,-2.19000,-2.37000,-12048.00000
0.19000,1.20000,-0.83000,-2.09000,-2.09000,-2.19000,-2.37000,-20168.00000
0.18000,1.21000,-0.83000,-2.03000,-2.03000,-2.19000,-2.37000,-28316.00000
0.18000,1.21000,-0.83000,-2.40000,-2.51000,-2.19000,-2.37000,29060.00000
0.17000,1.22000,-0.82000,-2.31000,-2.48000,-2.19000,-2.38000,20900.00000
0.17000,1.22000,-0.82000,-2.40000,-2.48000,-2.21000,-2.39000,12636.00000
0.17000,1.23000,-0.81000,-2.48000,-2.84000,-2.21000,-2.39000,4432.00000
0.16000,1.23000,-0.82000,-2.56000,-2.42000,-2.24000,-2.41000,-3688.00000
0.16000,1.23000,-0.81000,-2.03000,-2.26000,-2.23000,-2.40000,-11888.00000
0.15000,1.24000,-0.81000,-2.45000,-2.43000,-2.24000,-2.41000,-20080.00000
0.15000,1.24000,-0.81000,-2.62000,-2.76000,-2.24000,-2.41000,-28264.00000
0.15000,1.25000,-0.81000,-2.62000,-2.56000,-2.41000,-2.25000,29044.00000
0.14000,1.25000,-0.81000,-2.62000,-2.54000,-2.25000,-2.41000,20800.00000
0.14000,1.26000,-0.82000,-2.59000,-2.26000,-2.24000,-2.41000,12624.00000
0.13000,1.26000,-0.82000,-2.09000,-2.06000,-2.22000,-2.39000,4412.00000
0.13000,1.26000,-0.82000,-2.12000,-2.17000,-2.21000,-2.39000,-3724.00000
0.13000,1.27000,-0.82000,-2.01000,-1.95000,-2.22000,-2.39000,-11828.00000
0.12000,1.27000,-0.82000,-2.15000,-2.17000,-2.21000,-2.39000,-20080.00000
0.12000,1.27000,-0.82000,-2.31000,-2.26000,-2.21000,-2.39000,-28228.00000
0.12000,1.28000,-0.82000,-2.03000,-2.12000,-2.21000,-2.39000,29088.00000
0.11000,1.28000,-0.82000,-2.31000,-2.34000,-2.21000,-2.39000,20864.00000
0.11000,1.29000,-0.82000,-2.17000,-2.12000,-2.21000,-2.39000,12712.00000
0.11000,1.29000,-0.81000,-2.09000,-2.31000,-2.21000,-2.39000,4500.00000
0.10000,1.29000,-0.81000,-2.17000,-2.28000,-2.22000,-2.40000,-3632.00000
0.10000,1.30000,-0.81000,-1.84000,-1.98000,-2.23000,-2.40000,-11784.00000
0.10000,1.30000,-0.81000,-2.29000,-2.37000,-2.24000,-2.41000,-19984.00000
0.09000,1.30000,-0.81000,-2.42000,-2.45000,-2.25000,-2.41000,-28128.00000
0.09000,1.31000,-0.81000,-2.42000,-2.54000,-2.25000,-2.41000,29192.00000
0.08000,1.31000,-0.81000,-2.82000,-2.84000,-2.41000,-2.24000,20960.00000
0.08000,1.32000,-0.80000,-2.59000,-2.70000,-2.41000,-2.24000,12836.00000
0.07000,1.32000,-0.80000,-2.29000,-2.40000,-2.40000,-2.23000,4612.00000
0.07000,1.33000,-0.80000,-2.26000,-2.40000,-2.40000,-2.22000,-3540.00000
0.07000,1.33000,-0.80000,-2.34000,-2.28000,-2.39000,-2.21000,-11620.00000
0.06000,1.33000,-0.81000,-2.03000,-1.67000,-2.39000,-2.21000,-19828.00000
0.06000,1.34000,-0.82000,-2.65000,-2.12000,-2.41000,-2.24000,-28028.00000
0.06000,1.34000,-0.83000,-2.45000,-1.95000,-2.22000,-2.40000,29356.00000
0.05000,1.35000,-0.82000,-2.03000,-2.37000,-2.18000,-2.37000,21152.00000
0.05000,1.35000,-0.81000,-2.12000,-2.51000,-2.20000,-2.38000,12976.00000
0.05000,1.35000,-0.81000,-1.51000,-1.87000,-2.23000,-2.40000,4812.00000
0.04000,1.36000,-0.80000,-2.23000,-2.51000,-2.41000,-2.24000,-3320.00000
0.04000,1.36000,-0.80000,-2.37000,-2.28000,-2.40000,-2.22000,-11424.00000
0.03000,1.36000,-0.80000,-2.62000,-2.56000,-2.40000,-2.22000,-19640.00000
0.03000,1.37000,-0.80000,-2.82000,-2.82000,-2.40000,-2.23000,-27828.00000
