,Wd,We,"theta(Wd,We)"
0.0,0.6955302926067986,0.5778429071268436,-0.10327233665228958
0.07,0.7051465041651873,0.5904825708663756,-0.10372317530120305
0.14,0.7147627157235763,0.6031222346059079,-0.1041740139501165
0.21,0.724378927281965,0.6157618983454399,-0.10462485259902997
0.28,0.7339951388403538,0.628401562084972,-0.10507569124794343
0.35,0.7436113503987427,0.6410412258245042,-0.10552652989685689
0.42,0.7532275619571314,0.6536808895640364,-0.10597736854577035
0.49,0.7628437735155201,0.6663205533035684,-0.10642820719468378
0.56,0.7724599850739089,0.6789602170431006,-0.10687904584359724
0.63,0.7820761966322978,0.6915998807826328,-0.1073298844925107
0.7,0.7916924081906866,0.704239544522165,-0.10778072314142416
0.77,0.8013086197490753,0.716879208261697,-0.10823156179033762
0.84,0.8109248313074641,0.7295188720012292,-0.10868240043925108
0.91,0.8205410428658528,0.7421585357407613,-0.10913323908816454
0.98,0.8301572544242417,0.7547981994802935,-0.109584077737078
1.05,0.8397734659826306,0.7674378632198257,-0.11003491638599146
1.12,0.8493896775410194,0.7800775269593577,-0.11048575503490492
1.19,0.8590058890994081,0.7927171906988899,-0.11093659368381838
1.26,0.868622100657797,0.8053568544384221,-0.11138743233273182
1.33,0.8782383122161858,0.8179965181779542,-0.11183827098164527
1.4,0.8878545237745745,0.8306361819174863,-0.11228910963055874
1.47,0.8974707353329633,0.8432758456570185,-0.11273994827947219
1.54,0.9070869468913522,0.8559155093965506,-0.11319078692838566
1.61,0.9167031584497408,0.8685551731360828,-0.11364162557729912
1.68,0.9263193700081296,0.8811948368756148,-0.11409246422621258
1.75,0.9359355815665186,0.893834500615147,-0.11454330287512604
1.82,0.9455517931249072,0.9064741643546792,-0.1149941415240395
1.89,0.9551680046832961,0.9191138280942114,-0.11544498017295296
1.96,0.9647842162416849,0.9317534918337433,-0.11589581882186642
2.03,0.9744004278000736,0.9443931555732755,-0.11634665747077988
2.1,0.9840166393584625,0.9570328193128078,-0.11679749611969333
2.17,0.9936328509168513,0.9696724830523399,-0.11724833476860679
2.24,1.00324906247524,0.982312146791872,-0.11769917341752024
2.31,1.0128652740336288,0.9949518105314042,-0.11815001206643369
2.38,1.0224814855920177,1.0075914742709364,-0.11860085071534715
2.45,1.0320976971504063,1.0202311380104685,-0.11905168936426061
2.52,1.0417139087087952,1.0328708017500006,-0.11950252801317408
2.59,1.0513301202671839,1.0455104654895329,-0.11995336666208753
2.66,1.0609463318255727,1.058150129229065,-0.120404205311001
2.73,1.0705625433839614,1.070789792968597,-0.12085504395991445
2.8,1.0801787549423503,1.0834294567081293,-0.12130588260882792
2.87,1.0897949665007391,1.0960691204476616,-0.12175672125774137
2.94,1.099411178059128,1.1087087841871934,-0.12220755990665483
3.01,1.1090273896175167,1.1213484479267257,-0.12265839855556827
3.08,1.1186436011759056,1.1339881116662578,-0.12310923720448175
3.15,1.1282598127342944,1.1466277754057899,-0.1235600758533952
3.22,1.137876024292683,1.159267439145322,-0.12401091450230867
3.29,1.147492235851072,1.1719071028848542,-0.12446175315122211
3.36,1.1571084474094606,1.1845467666243863,-0.12491259180013557
3.43,1.1667246589678495,1.1971864303639184,-0.12536343044904902
3.5,1.1763408705262381,1.2098260941034507,-0.12581426909796248
3.57,1.185957082084627,1.2224657578429825,-0.12626510774687594
3.64,1.195573293643016,1.2351054215825148,-0.1267159463957894
3.71,1.2051895052014046,1.2477450853220469,-0.12716678504470286
3.78,1.2148057167597934,1.2603847490615792,-0.12761762369361632
3.85,1.2244219283181823,1.2730244128011114,-0.12806846234252978
3.92,1.234038139876571,1.2856640765406435,-0.12851930099144324
3.99,1.24365435143496,1.2983037402801756,-0.1289701396403567
4.06,1.2532705629933487,1.3109434040197077,-0.12942097828927016
4.13,1.2628867745517374,1.32358306775924,-0.12987181693818362
4.2,1.2725029861101265,1.336222731498772,-0.13032265558709705
4.27,1.2821191976685151,1.348862395238304,-0.13077349423601053
4.34,1.2917354092269038,1.3615020589778364,-0.13122433288492397
4.41,1.3013516207852927,1.3741417227173685,-0.13167517153383745
4.48,1.3109678323436815,1.3867813864569005,-0.13212601018275089
4.55,1.3205840439020702,1.3994210501964326,-0.13257684883166437
4.62,1.330200255460459,1.4120607139359649,-0.1330276874805778
4.69,1.339816467018848,1.424700377675497,-0.1334785261294913
4.76,1.3494326785772366,1.4373400414150292,-0.13392936477840472
4.83,1.3487393937184025,1.4348882087176336,-0.1343802034273182
4.9,1.3480461088595683,1.4324363760202383,-0.13483104207623164
4.97,1.3473528240007342,1.4299845433228426,-0.13528188072514508
5.04,1.3466595391418998,1.4275327106254472,-0.13573271937405856
5.11,1.3459662542830657,1.425080877928052,-0.13618355802297202
5.18,1.3452729694242316,1.4226290452306563,-0.13663439667188548
5.25,1.3445796845653974,1.4201772125332608,-0.13708523532079891
5.32,1.3438863997065633,1.4177253798358656,-0.1375360739697124
5.39,1.3431931148477292,1.4152735471384699,-0.13798691261862583
5.46,1.342499829988895,1.4128217144410744,-0.13843775126753932
5.53,1.341806545130061,1.410369881743679,-0.13888858991645278
5.6,1.341113260271227,1.4079180490462837,-0.13933942856536624
5.67,1.3404199754123924,1.4054662163488878,-0.1397902672142797
5.74,1.3397266905535583,1.4030143836514926,-0.14024110586319316
5.81,1.3390334056947244,1.4005625509540973,-0.1406919445121066
5.88,1.3383401208358903,1.3981107182567016,-0.14114278316102005
5.95,1.3376468359770561,1.3956588855593064,-0.14159362180993354
6.02,1.336953551118222,1.3932070528619107,-0.14204446045884697
6.09,1.3362602662593879,1.3907552201645155,-0.14249529910776043
6.16,1.3355669814005537,1.3883033874671198,-0.1429461377566739
6.23,1.3348736965417196,1.3858515547697243,-0.14339697640558738
6.3,1.3341804116828853,1.3833997220723289,-0.1438478150545008
6.37,1.3334871268240511,1.3809478893749334,-0.14429865370341427
6.44,1.332793841965217,1.378496056677538,-0.14474949235232773
6.51,1.3321005571063829,1.3760442239801425,-0.1452003310012412
6.58,1.3314072722475487,1.373592391282747,-0.14565116965015465
6.65,1.3307139873887146,1.3711405585853516,-0.14610200829906808
6.72,1.3300207025298805,1.368688725887956,-0.14655284694798154
6.79,1.3293274176710463,1.3662368931905606,-0.147003685596895
6.86,1.3286341328122122,1.363785060493165,-0.1474545242458085
6.93,1.3279408479533779,1.3613332277957697,-0.14790536289472192
7.0,1.327247563094544,1.3588813950983745,-0.1483562015436354
7.07,1.3265542782357096,1.3564295624009786,-0.14880704019254884
7.14,1.3258609933768757,1.3539777297035833,-0.14925787884146233
7.21,1.3251677085180413,1.3515258970061879,-0.14970871749037576
7.28,1.3244744236592074,1.3490740643087924,-0.15015955613928925
7.35,1.323781138800373,1.3466222316113972,-0.15061039478820268
7.42,1.3230878539415392,1.3441703989140015,-0.15106123343711617
7.49,1.3223945690827046,1.341718566216606,-0.1515120720860296
7.56,1.3217012842238707,1.3392667335192108,-0.15196291073494303
7.63,1.3210079993650365,1.336814900821815,-0.15241374938385652
7.7,1.3203147145062024,1.3343630681244196,-0.15286458803276995
7.77,1.319621429647368,1.3319112354270242,-0.15331542668168344
7.84,1.3189281447885342,1.329459402729629,-0.15376626533059687
7.91,1.3182348599297,1.3270075700322332,-0.15421710397951036
7.98,1.317541575070866,1.3245557373348378,-0.1546679426284238
8.05,1.3168482902120318,1.322103904637442,-0.15511878127733728
8.12,1.3161550053531974,1.3196520719400469,-0.1555696199262507
8.19,1.3154617204943633,1.3172002392426514,-0.1560204585751642
8.26,1.3147684356355291,1.314748406545256,-0.15647129722407763
8.33,1.314075150776695,1.3122965738478605,-0.1569221358729911
8.4,1.3133818659178609,1.3098447411504648,-0.15737297452190455
8.47,1.312688581059027,1.3073929084530695,-0.157823813170818
8.54,1.3119952962001926,1.3049410757556739,-0.15827465181973147
8.61,1.3113020113413587,1.3024892430582788,-0.15872549046864493
8.68,1.3106087264825246,1.3000374103608832,-0.15917632911755838
8.75,1.30991544162369,1.2975855776634877,-0.15962716776647182
8.82,1.309222156764856,1.295133744966092,-0.1600780064153853
8.89,1.3085288719060217,1.2926819122686968,-0.16052884506429876
8.96,1.3078355870471876,1.290230079571301,-0.16097968371321222
9.03,1.3071423021883537,1.2877782468739059,-0.16143052236212566
9.1,1.3064490173295193,1.2853264141765102,-0.16188136101103914
9.17,1.3057557324706854,1.2828745814791147,-0.1623321996599526
9.24,1.3050624476118513,1.2804227487817192,-0.16278303830886603
9.31,1.3043691627530172,1.277970916084324,-0.16323387695777952
9.38,1.3036758778941826,1.2755190833869285,-0.16368471560669295
9.45,1.3029825930353487,1.273067250689533,-0.16413555425560641
9.52,1.3030638826141645,1.2730498163035489,-0.16458639290451987
9.59,1.30314517219298,1.2730323819175644,-0.16503723155343333
9.66,1.3032264617717955,1.27301494753158,-0.1654880702023468
9.73,1.3033077513506113,1.2729975131455955,-0.16593890885126028
9.8,1.3033890409294266,1.272980078759611,-0.1663897475001737
9.87,1.3034703305082425,1.2729626443736266,-0.16684058614908717
9.94,1.303551620087058,1.2729452099876424,-0.16729142479800063
10.01,1.3036329096658736,1.272927775601658,-0.16774226344691406
10.08,1.3037141992446895,1.2729103412156737,-0.16819310209582755
10.15,1.303795488823505,1.2728929068296893,-0.16864394074474098
10.22,1.3038767784023209,1.2728754724437048,-0.16909477939365447
10.29,1.3039580679811362,1.2728580380577206,-0.1695456180425679
10.36,1.3040393575599518,1.272840603671736,-0.1699964566914814
10.43,1.3041206471387674,1.2728231692857515,-0.17044729534039482
10.5,1.304201936717583,1.2728057348997672,-0.1708981339893083
10.57,1.3042832262963988,1.2727883005137828,-0.17134897263822174
10.64,1.3043645158752144,1.2727708661277986,-0.17179981128713523
10.71,1.30444580545403,1.272753431741814,-0.17225064993604866
10.78,1.3045270950328456,1.2727359973558297,-0.1727014885849621
10.85,1.3046083846116612,1.2727185629698452,-0.17315232723387558
10.92,1.304689674190477,1.2727011285838608,-0.17360316588278904
10.99,1.3047709637692924,1.2726836941978765,-0.1740540045317025
11.06,1.3048522533481082,1.272666259811892,-0.17450484318061596
11.13,1.3049335429269238,1.2726488254259078,-0.17495568182952942
11.2,1.3050148325057394,1.2726313910399234,-0.17540652047844288
11.27,1.3050961220845547,1.272613956653939,-0.17585735912735634
11.34,1.3051774116633705,1.2725965222679543,-0.1763081977762698
11.41,1.3052587012421863,1.27257908788197,-0.17675903642518326
11.48,1.305339990821002,1.2725616534959856,-0.17720987507409672
11.55,1.3054212803998175,1.2725442191100012,-0.17766071372301018
11.62,1.3055025699786331,1.272526784724017,-0.1781115523719236
11.69,1.3055838595574487,1.2725093503380327,-0.17856239102083707
11.76,1.3056651491362643,1.2724919159520482,-0.17901322966975053
11.83,1.30574643871508,1.2724744815660638,-0.179464068318664
11.9,1.3058277282938957,1.2724570471800791,-0.17991490696757748
11.97,1.305909017872711,1.272439612794095,-0.1803657456164909
12.04,1.3059903074515269,1.2724221784081104,-0.18081658426540437
12.11,1.3060715970303425,1.2724047440221262,-0.18126742291431783
12.18,1.3061528866091583,1.272387309636142,-0.1817182615632313
12.25,1.3062341761879739,1.2723698752501575,-0.18216910021214475
12.32,1.3063154657667895,1.272352440864173,-0.1826199388610582
12.39,1.306396755345605,1.2723350064781886,-0.18307077750997167
12.46,1.3064780449244207,1.2723175720922042,-0.1835216161588851
12.53,1.3065593345032365,1.2723001377062197,-0.18397245480779859
12.6,1.3066406240820518,1.2722827033202355,-0.18442329345671202
12.67,1.3067219136608674,1.272265268934251,-0.1848741321056255
12.74,1.3068032032396832,1.2722478345482666,-0.18532497075453894
12.81,1.3068844928184988,1.2722304001622824,-0.18577580940345242
12.88,1.3069657823973144,1.2722129657762982,-0.18622664805236586
12.95,1.3070470719761298,1.2721955313903133,-0.18667748670127934
13.02,1.3071283615549456,1.272178097004329,-0.18712832535019278
13.09,1.3072096511337614,1.2721606626183446,-0.18757916399910626
13.16,1.307290940712577,1.2721432282323604,-0.1880300026480197
13.23,1.3073722302913926,1.272125793846376,-0.18848084129693318
13.3,1.3074535198702082,1.2721083594603917,-0.18893167994584661
13.37,1.3075348094490238,1.2720909250744072,-0.18938251859476005
13.44,1.3076160990278392,1.2720734906884228,-0.18983335724367353
13.51,1.307697388606655,1.2720560563024383,-0.190284195892587
13.58,1.3077786781854708,1.272038621916454,-0.19073503454150045
13.65,1.3078599677642861,1.2720211875304694,-0.19118587319041389
13.72,1.307941257343102,1.2720037531444852,-0.19163671183932737
13.79,1.3080225469219176,1.271986318758501,-0.19208755048824083
13.86,1.3081038365007331,1.2719688843725165,-0.1925383891371543
13.93,1.3081851260795485,1.271951449986532,-0.19298922778606772
14.0,1.3082664156583643,1.2719340156005476,-0.1934400664349812
14.07,1.3083477052371801,1.2719165812145632,-0.19389090508389467
14.14,1.3084289948159957,1.2718991468285787,-0.1943417437328081
14.21,1.3085102843948113,1.2718817124425945,-0.1947925823817216
14.28,1.3085915739736267,1.27186427805661,-0.19524342103063502
14.35,1.3086728635524425,1.2718468436706256,-0.19569425967954848
14.42,1.3087541531312583,1.2718294092846414,-0.19614509832846194
14.49,1.308835442710074,1.271811974898657,-0.1965959369773754
14.56,1.3089167322888893,1.2717945405126723,-0.19704677562628886
14.63,1.3089980218677049,1.271777106126688,-0.19749761427520232
14.7,1.3090793114465207,1.2717596717407038,-0.19794845292411578
14.77,1.3091606010253365,1.2717422373547194,-0.19839929157302924
14.84,1.3092418906041519,1.271724802968735,-0.19885013022194267
14.91,1.3093231801829677,1.2717073685827507,-0.19930096887085616
14.98,1.309404469761783,1.2716899341967662,-0.19975180751976962
15.05,1.3094857593405989,1.2716724998107816,-0.20020264616868305
15.12,1.3095670489194144,1.2716550654247973,-0.2006534848175965
15.19,1.30964833849823,1.2716376310388129,-0.20110432346650997
15.26,1.3097296280770458,1.2716201966528287,-0.20155516211542346
15.33,1.3098109176558612,1.2716027622668442,-0.2020060007643369
15.4,1.309892207234677,1.27158532788086,-0.20245683941325038
15.47,1.3099734968134924,1.2715678934948753,-0.2029076780621638
15.54,1.3100547863923082,1.271550459108891,-0.2033585167110773
15.61,1.310136075971124,1.2715330247229066,-0.20380935535999073
15.68,1.3102173655499394,1.2715155903369222,-0.2042601940089042
15.75,1.3102986551287552,1.2714981559509377,-0.20471103265781765
15.82,1.3103799447075706,1.2714807215649535,-0.2051618713067311
15.89,1.3104612342863864,1.271463287178969,-0.20561270995564457
15.96,1.3105425238652018,1.2714458527929848,-0.206063548604558
16.03,1.3106238134440176,1.2714284184070004,-0.2065143872534715
16.1,1.3107051030228332,1.2714109840210157,-0.20696522590238495
16.17,1.3107863926016488,1.2713935496350313,-0.2074160645512984
16.24,1.3108676821804646,1.271376115249047,-0.20786690320021184
16.31,1.31094897175928,1.2713586808630628,-0.2083177418491253
16.38,1.3110302613380957,1.2713412464770784,-0.20876858049803876
16.45,1.3111115509169111,1.271323812091094,-0.20921941914695225
16.52,1.311192840495727,1.2713063777051097,-0.20967025779586568
16.59,1.3112741300745425,1.2712889433191252,-0.21012109644477917
16.66,1.3113554196533581,1.2712715089331406,-0.21057193509369262
16.73,1.3114367092321737,1.2712540745471563,-0.21102277374260606
16.8,1.3115179988109895,1.271236640161172,-0.21147361239151952
16.87,1.311599288389805,1.2712192057751877,-0.21192445104043298
16.94,1.3116805779686207,1.2712017713892032,-0.21237528968934646
17.01,1.3117618675474363,1.271184337003219,-0.2128261283382599
17.08,1.3118431571262519,1.2711669026172345,-0.21327696698717336
17.15,1.3119244467050675,1.2711494682312503,-0.2137278056360868
17.22,1.3120057362838833,1.2711320338452656,-0.21417864428500027
17.29,1.3120870258626987,1.2711145994592812,-0.21462948293391373
17.36,1.3121683154415145,1.271097165073297,-0.2150803215828272
17.43,1.31224960502033,1.2710797306873125,-0.21553116023174063
17.5,1.3123308945991454,1.271062296301328,-0.21598199888065409
17.57,1.3124121841779612,1.2710448619153438,-0.21643283752956757
17.64,1.3124934737567768,1.2710274275293594,-0.216883676178481
17.71,1.3125747633355926,1.2710099931433747,-0.2173345148273945
17.78,1.3126560529144082,1.2709925587573905,-0.21778535347630795
17.85,1.3127373424932236,1.270975124371406,-0.2182361921252214
17.92,1.3128186320720394,1.2709576899854216,-0.21868703077413484
17.99,1.312899921650855,1.2709402555994374,-0.2191378694230483
18.06,1.3129812112296708,1.270922821213453,-0.21958870807196174
18.13,1.3130625008084862,1.2709053868274687,-0.22003954672087525
18.2,1.3131437903873018,1.2708879524414844,-0.22049038536978868
18.27,1.3132250799661176,1.2708705180554996,-0.22094122401870211
18.34,1.3133063695449332,1.2708530836695153,-0.2213920626676156
18.41,1.3133876591237488,1.270835649283531,-0.22184290131652906
18.48,1.3134689487025644,1.2708182148975466,-0.22229373996544252
18.55,1.3135502382813802,1.2708007805115624,-0.22274457861435595
18.62,1.3136315278601955,1.270783346125578,-0.22319541726326944
18.69,1.3137128174390111,1.2707659117395935,-0.2236462559121829
18.76,1.313794107017827,1.2707484773536089,-0.22409709456109636
18.83,1.3138753965966425,1.2707310429676246,-0.2245479332100098
18.9,1.312936037660912,1.2727191721477205,-0.2219872520274166
18.97,1.3119966787251816,1.274707301327816,-0.21942657084482337
19.04,1.3110573197894513,1.2766954305079115,-0.21686588966223014
19.11,1.310117960853721,1.2786835596880073,-0.21430520847963688
19.18,1.3091786019179907,1.2806716888681031,-0.21174452729704366
19.25,1.3082392429822602,1.2826598180481987,-0.20918384611445046
19.32,1.30729988404653,1.2846479472282946,-0.20662316493185726
19.39,1.3063605251107993,1.2866360764083902,-0.20406248374926403
19.46,1.305421166175069,1.2886242055884858,-0.20150180256667077
19.53,1.3044818072393385,1.2906123347685814,-0.19894112138407757
19.6,1.3035424483036082,1.2926004639486772,-0.19638044020148437
19.67,1.3026030893678777,1.2945885931287728,-0.19381975901889112
19.74,1.3016637304321474,1.2965767223088687,-0.19125907783629803
19.81,1.3007243714964172,1.2985648514889643,-0.18869839665370483
19.88,1.2997850125606867,1.3005529806690599,-0.18613771547111158
19.95,1.2988456536249564,1.3025411098491557,-0.18357703428851838
20.02,1.297906294689226,1.3045292390292513,-0.18101635310592515
20.09,1.2969669357534954,1.306517368209347,-0.17845567192333192
20.16,1.296027576817765,1.3085054973894428,-0.17589499074073872
20.23,1.2950882178820347,1.3104936265695384,-0.1733343095581455
20.3,1.2941488589463044,1.3124817557496342,-0.17077362837555227
20.37,1.2932095000105739,1.3144698849297296,-0.16821294719295904
20.44,1.2922701410748436,1.3164580141098254,-0.1656522660103658
20.51,1.2913307821391131,1.3184461432899213,-0.1630915848277726
20.58,1.2903914232033828,1.3204342724700167,-0.16053090364517952
20.65,1.2894520642676524,1.3224224016501125,-0.1579702224625863
20.72,1.288512705331922,1.3244105308302083,-0.15540954127999304
20.79,1.2875733463961914,1.3263986600103037,-0.15284886009739984
20.86,1.286633987460461,1.3283867891903995,-0.15028817891480664
20.93,1.2856946285247308,1.3303749183704954,-0.14772749773221341
21.0,1.2847552695890005,1.332363047550591,-0.1451668165496202
21.07,1.28381591065327,1.3343511767306868,-0.14260613536702696
21.14,1.2828765517175396,1.3363393059107822,-0.14004545418443376
21.21,1.2819371927818093,1.338327435090878,-0.1374847730018405
21.28,1.280997833846079,1.3403155642709736,-0.1349240918192473
21.35,1.2800584749103487,1.3423036934510695,-0.13236341063665408
21.42,1.2791191159746182,1.344291822631165,-0.12980272945406082
21.49,1.2781797570388875,1.3462799518112607,-0.12724204827146776
21.56,1.2772403981031573,1.3482680809913565,-0.12468136708887453
21.63,1.276301039167427,1.3502562101714521,-0.12212068590628132
21.7,1.2753616802316965,1.3522443393515478,-0.11956000472368811
21.77,1.274422321295966,1.3542324685316436,-0.11699932354109487
21.84,1.2734829623602357,1.3562205977117392,-0.11443864235850164
21.91,1.2725436034245055,1.358208726891835,-0.11187796117590842
21.98,1.2716042444887752,1.3601968560719306,-0.1093172799933152
22.05,1.2706648855530447,1.3621849852520262,-0.10675659881072197
22.12,1.2697255266173142,1.3641731144321219,-0.10419591762812876
22.19,1.268786167681584,1.3661612436122177,-0.10163523644553554
22.26,1.2678468087458532,1.3681493727923133,-0.09907455526294233
22.33,1.266907449810123,1.3701375019724087,-0.09651387408034923
22.4,1.2659680908743927,1.3721256311525047,-0.093953192897756
22.47,1.2650287319386622,1.3741137603326004,-0.09139251171516279
22.54,1.264089373002932,1.376101889512696,-0.08883183053256956
22.61,1.2631500140672014,1.3780900186927918,-0.08627114934997633
22.68,1.2622106551314711,1.3800781478728872,-0.08371046816738312
22.75,1.2612712961957409,1.382066277052983,-0.0811497869847899
22.82,1.2603319372600104,1.3840544062330788,-0.07858910580219669
22.89,1.2593925783242796,1.3860425354131747,-0.07602842461960346
22.96,1.2584532193885494,1.3880306645932703,-0.07346774343701022
23.03,1.257513860452819,1.3900187937733661,-0.07090706225441701
23.1,1.2565745015170888,1.3920069229534617,-0.0683463810718238
23.17,1.2556351425813583,1.3939950521335573,-0.06578569988923058
23.24,1.2546957836456278,1.3959831813136527,-0.06322501870663748
23.31,1.2537564247098976,1.3979713104937486,-0.06066433752404426
23.38,1.252817065774167,1.3999594396738442,-0.058103656341451024
23.45,1.251877706838437,1.40194756885394,-0.0555429751588578
23.52,1.2509383479027065,1.4039356980340358,-0.05298229397626459
23.59,1.238265758187505,1.3844779505859697,-0.05042161279367137
23.66,1.2255931684723034,1.365020203137904,-0.047860931611078135
23.73,1.2129205787571016,1.345562455689838,-0.04530025042848492
23.8,1.2002479890419002,1.3261047082417723,-0.04273956924589169
23.87,1.1875753993266986,1.3066469607937066,-0.04017888806329848
23.94,1.1749028096114973,1.2871892133456408,-0.037618206880705274
24.01,1.1622302198962957,1.2677314658975747,-0.03505752569811206
24.08,1.1495576301810948,1.2482737184495103,-0.03249684451551895
24.15,1.1368850404658932,1.2288159710014441,-0.02993616333292572
24.22,1.1242124507506916,1.2093582235533784,-0.0273754821503325
24.29,1.11153986103549,1.1899004761053125,-0.024814800967739283
24.36,1.0988672713202887,1.1704427286572467,-0.022254119785146048
24.43,1.086194681605087,1.150984981209181,-0.019693438602552845
24.5,1.0735220918898856,1.1315272337611153,-0.01713275741995961
24.57,1.0608495021746842,1.1120694863130491,-0.014572076237366408
24.64,1.0481769124594826,1.0926117388649834,-0.012011395054773203
24.71,1.035504322744281,1.0731539914169175,-0.00945071387217997
24.78,1.0228317330290795,1.0536962439688518,-0.006890032689586738
24.85,1.010159143313878,1.034238496520786,-0.004329351506993505
24.92,0.9974865535986764,1.01478074907272,-0.0017686703244002727
24.99,0.9848139638834755,0.9953230016246553,0.0007920108581928192
25.06,0.9721413741682742,0.9758652541765894,0.003352692040786024
25.13,0.9594687844530725,0.9564075067285237,0.005913373223379228
25.2,0.946796194737871,0.9369497592804578,0.008474054405972433
25.27,0.9341236050226694,0.9174920118323918,0.011034735588565665
25.34,0.9214510153074679,0.8980342643843261,0.013595416771158926
25.41,0.9087784255922664,0.8785765169362603,0.01615609795375213
25.48,0.8961058358770648,0.8591187694881944,0.018716779136345365
25.55,0.8834332461618633,0.8396610220401287,0.021277460318938596
25.62,0.8707606564466618,0.8202032745920628,0.0238381415015318
25.69,0.8580880667314602,0.800745527143997,0.026398822684125033
25.76,0.8454154770162587,0.7812877796959312,0.028959503866718236
25.83,0.8327428873010577,0.7618300322478664,0.031520185049311304
25.9,0.8200702975858561,0.7423722847998006,0.03408086623190456
25.97,0.8073977078706547,0.7229145373517346,0.036641547414497794
26.04,0.7947251181554531,0.7034567899036688,0.039202228597091
26.11,0.7820525284402516,0.6839990424556031,0.041762909779684235
26.18,0.7693799387250501,0.6645412950075371,0.044323590962277434
26.25,0.7567073490098485,0.6450835475594713,0.04688427214487067
26.32,0.744034759294647,0.6256258001114056,0.0494449533274639
26.39,0.7313621695794454,0.6061680526633396,0.05200563451005711
26.46,0.7186895798642439,0.5867103052152738,0.05456631569265034
26.53,0.7060169901490424,0.5672525577672081,0.05712699687524357
26.6,0.6933444004338409,0.5477948103191421,0.05968767805783675
26.67,0.6806718107186395,0.5283370628710764,0.06224835924042998
26.74,0.6679992210034384,0.5088793154230115,0.0648090404230231
26.81,0.6553266312882369,0.4894215679749457,0.0673697216056163
26.88,0.6426540415730354,0.4699638205268799,0.06993040278820954
26.95,0.6299814518578339,0.4505060730788141,0.07249108397080274
27.02,0.6173088621426323,0.43104832563074824,0.07505176515339597
27.09,0.6046362724274308,0.4115905781826824,0.07761244633598921
27.16,0.5919636827122292,0.39213283073461663,0.08017312751858241
27.23,0.5792910929970277,0.3726750832865507,0.08273380870117562
27.3,0.5666185032818262,0.3532173358384849,0.08529448988376885
27.37,0.5539459135666246,0.3337595883904191,0.08785517106636205
27.44,0.5412733238514231,0.31430184094235325,0.09041585224895529
27.51,0.5286007341362216,0.29484409349428736,0.09297653343154852
27.58,0.5159281444210206,0.27538634604622253,0.09553721461414161
27.65,0.5032555547058191,0.25592859859815675,0.09809789579673485
27.72,0.4905829649906176,0.2364708511500909,0.10065857697932808
27.79,0.4779103752754161,0.2170131037020251,0.10321925816192128
27.86,0.4652377855602145,0.19755535625395926,0.10577993934451449
27.93,0.452565195845013,0.17809760880589345,0.10834062052710774
28.0,0.43989260612981146,0.1586398613578276,0.11090130170970094
28.07,0.4272200164146099,0.13918211390976176,0.11346198289229416
28.14,0.41454742669940847,0.11972436646169593,0.11602266407488741
28.21,0.4018748369842069,0.10026661901363011,0.11858334525748063
28.28,0.3983731347161591,0.0970446207155532,0.1387235411488057
28.35,0.39487143244811135,0.09382262241747628,0.15886373704013074
28.42,0.3913697301800635,0.09060062411939936,0.1790039329314558
28.49,0.38786802791201586,0.08737862582132262,0.19914412882277988
28.56,0.3843663256439681,0.0841566275232457,0.21928432471410486
28.63,0.3808646233759203,0.08093462922516878,0.23942452060542987
28.7,0.3773629211078726,0.07771263092709187,0.25956471649675494
28.77,0.3738612188398248,0.07449063262901495,0.27970491238808
28.84,0.370359516571777,0.07126863433093804,0.2998451082794051
28.91,0.36685781430372916,0.06804663603286111,0.3199853041707301
28.98,0.3633561120356814,0.06482463773478421,0.34012550006205516
29.05,0.3598544097676336,0.061602639436707296,0.36026569595338026
29.12,0.3563527074995858,0.05838064113863038,0.3804058918447053
29.19,0.35285100523153806,0.05515864284055347,0.4005460877360304
29.26,0.3493493029634902,0.051936644542476554,0.42068628362735533
29.33,0.3458476006954427,0.0487146462443998,0.44082647951867937
29.4,0.3423458984273949,0.045492647946322885,0.46096667541000447
29.47,0.3388441961593471,0.04227064964824597,0.4811068713013295
29.54,0.33534249389129933,0.03904865135016905,0.5012470671926545
29.61,0.33184079162325153,0.035826653052092136,0.5213872630839798
29.68,0.32833908935520373,0.03260465475401523,0.5415274589753046
29.75,0.3248373870871559,0.029382656455938315,0.5616676548666298
29.82,0.32133568481910824,0.026160658157861397,0.5818078507579548
29.89,0.3178339825510604,0.02293865985978448,0.6019480466492797
29.96,0.31433228028301263,0.019716661561707562,0.6220882425406049
30.03,0.31083057801496483,0.016494663263630648,0.6422284384319299
30.1,0.30732887574691703,0.013272664965553745,0.662368634323255
30.17,0.3038271734788693,0.010050666667476827,0.68250883021458
30.24,0.30032547121082165,0.00682866836940007,0.7026490261059041
30.31,0.2968237689427739,0.003606670071323167,0.722789221997229
30.38,0.2933220666747261,0.0003846717732462356,0.7429294178885542
30.45,0.28982036440667835,-0.002837326524830667,0.7630696137798791
30.52,0.28631866213863055,-0.006059324822907584,0.7832098096712043
30.59,0.28281695987058275,-0.009281323120984501,0.8033500055625292
30.66,0.27931525760253495,-0.012503321419061403,0.8234902014538544
30.73,0.2758135553344872,-0.01572531971713832,0.8436303973451794
30.8,0.2723118530664394,-0.01894731801521525,0.8637705932365045
30.87,0.2688101507983916,-0.022169316313292168,0.8839107891278297
30.94,0.26530844853034385,-0.02539131461136907,0.9040509850191547
31.01,0.26180674626229605,-0.02861331290944599,0.9241911809104796
31.08,0.2583050439942484,-0.03183531120752275,0.9443313768018037
31.15,0.25480334172620067,-0.03505730950559965,0.9644715726931287
31.22,0.25130163945815287,-0.03827930780367657,0.9846117685844538
31.29,0.2477999371901051,-0.04150130610175347,1.0047519644757787
31.36,0.24429823492205735,-0.044723304399830396,1.024892160367104
31.43,0.24079653265400955,-0.04794530269790732,1.045032356258429
31.5,0.23729483038596175,-0.05116730099598423,1.0651725521497541
31.57,0.23379312811791397,-0.05438929929406115,1.085312748041079
31.64,0.23029142584986617,-0.05761129759213807,1.1054529439324041
31.71,0.22678972358181837,-0.06083329589021499,1.125593139823729
31.78,0.22328802131377057,-0.0640552941882919,1.1457333357150543
31.85,0.2197863190457228,-0.06727729248636882,1.1658735316063793
31.92,0.21628461677767505,-0.07049929078444571,1.1860137274977043
31.99,0.21278291450962747,-0.07372128908252248,1.2061539233890286
32.06,0.20928121224157947,-0.07694328738059954,1.2262941192803543
32.13,0.20577950997353164,-0.08016528567867645,1.2464343151716795
32.2,0.20227780770548393,-0.08338728397675338,1.2665745110630044
32.27,0.19877610543743612,-0.0866092822748303,1.2867147069543297
32.34,0.19527440316938832,-0.08983128057290721,1.3068549028456546
32.41,0.19177270090134094,-0.09305327887098377,1.3269950987369776
32.48,0.18827099863329314,-0.09627527716906073,1.3471352946283028
32.55,0.1847692963652454,-0.09949727546713762,1.3672754905196278
32.62,0.18126759409719756,-0.10271927376521453,1.3874156864109528
32.69,0.17776589182914976,-0.10594127206329144,1.4075558823022778
32.76,0.17426418956110198,-0.10916327036136836,1.427696078193603
32.83,0.1707624872930542,-0.11238526865944529,1.4478362740849282
32.9,0.16726078502500644,-0.1156072669575222,1.467976469976253
32.97,0.16375908275695863,-0.1530024464114081,1.4724626169339479
33.04,0.16025738048891083,-0.190397625865294,1.476948763891643
33.11,0.15675567822086306,-0.2277928053191799,1.4814349108493379
33.18,0.1532539759528153,-0.26518798477306577,1.4859210578070328
33.25,0.1497522736847675,-0.3025831642269517,1.4904072047647279
33.32,0.1462505714167197,-0.33997834368083757,1.4948933517224228
33.39,0.14274886914867194,-0.37737352313472344,1.4993794986801174
33.46,0.1392471668806242,-0.4147687025886094,1.5038656456378126
33.53,0.13574546461257636,-0.45216388204249525,1.5083517925955077
33.6,0.1322437623445286,-0.4387539208465083,1.5128379395532023
33.67,0.1287420600764808,-0.4253439596505215,1.5173240865108975
33.74,0.12524035780843304,-0.4119339984545346,1.5218102334685926
33.81,0.12173865554038525,-0.39852403725854774,1.5262963804262875
33.88,0.11823695327233748,-0.38511407606256093,1.5307825273839823
33.95,0.11473525100428969,-0.371704114866574,1.5352686743416775
34.02,0.1112335487362419,-0.35829415367058715,1.5397548212993724
34.09,0.1077318464681941,-0.3448841924746003,1.544240968257067
34.16,0.10423014420014669,-0.3203603236765812,1.548727115214762
34.23,0.10072844193209889,-0.29583645487855964,1.5532132621724566
34.3,0.09722673966405113,-0.27131258608053804,1.557699409130152
34.37,0.09372503739600332,-0.2467887172825165,1.5621855560878466
34.44,0.09022333512795555,-0.22226484848449493,1.5666717030455415
34.51,0.08672163285990776,-0.19774097968647336,1.5711578500032366
34.58,0.08321993059185998,-0.17321711088845182,1.5756439969609317
34.65,0.0797182283238122,-0.14869324209043028,1.5801301439186264
34.72,0.07621652605576441,-0.1241693732924087,1.5846162908763213
34.79,0.07271482378771663,-0.09964550449438712,1.5891024378340166
34.86,0.06921312151966887,-0.07512163569636555,1.5935885847917113
34.93,0.06571141925162106,-0.05059776689834401,1.5980747317494064
35.0,0.062209716983573304,-0.026073898100322446,1.6025608787071015
35.07,0.058708014715525524,-0.0015500293023008901,1.6070470256647962
35.14,0.05520631244747772,0.022973839495720665,1.611533172622491
35.21,0.05170461017942994,0.047497708293742225,1.6160193195801862
35.28,0.04820290791138213,0.0720215770917638,1.6205054665378813
35.35,0.044701205643334366,0.07328122260742058,1.624991613495576
35.42,0.041199503375286585,0.07454086812307739,1.629477760453271
35.49,0.03769780110723879,0.07580051363873418,1.6339639074109662
35.56,0.03419609883919101,0.07706015915439098,1.6384500543686609
35.63,0.03069439657114323,0.07831980467004776,1.642936201326356
35.7,0.027192694303095462,0.07957945018570457,1.647422348284051
35.77,0.023690992035047653,0.08083909570136136,1.6519084952417458
35.84,0.020189289766999872,0.08209874121701816,1.6563946421994409
35.91,0.016687587498952453,0.08335838673267482,1.6608807891571353
35.98,0.013185885230904686,0.08461803224833161,1.6653669361148302
36.05,0.009684182962856905,0.08587767776398841,1.6698530830725251
36.12,0.0061824806948090946,0.0871373232796452,1.6743392300302202
36.19,0.0026807784267613285,0.088396968795302,1.6788253769879151
36.26,-0.000820923841286467,0.0896566143109588,1.68331152394561
36.33,-0.004322626109334248,0.0909162598266156,1.6877976709033051
36.4,-0.007824328377382029,0.09217590534227238,1.692283817861
36.47,-0.011326030645429825,0.09343555085792918,1.6967699648186951
36.54,-0.01482773291347759,0.09469519637358598,1.7012561117763898
36.61,-0.018329435181525373,0.09595484188924278,1.7057422587340847
36.68,-0.02183113744957318,0.09721448740489956,1.7102284056917798
36.75,-0.025332839717620948,0.09847413292055636,1.7147145526494747
36.82,-0.028834541985668715,0.09973377843621316,1.7192006996071696
36.89,-0.0323362442537165,0.10099342395186996,1.7236868465648647
36.96,-0.03583794652176431,0.10225306946752674,1.7281729935225596
37.03,-0.039339648789812075,0.10351271498318355,1.7326591404802545
37.1,-0.04284135105785984,0.10477236049884034,1.7371452874379496
37.17,-0.046343053325907636,0.10603200601449714,1.7416314343956447
37.24,-0.04984475559395543,0.10729165153015392,1.7461175813533394
37.31,-0.0533464578620032,0.10855129704581072,1.7506037283110343
37.38,-0.056848160130050965,0.10981094256146752,1.7550898752687294
37.45,-0.06034986239809879,0.11107058807712432,1.7595760222264243
37.52,-0.06385156466614658,0.1123302335927811,1.7640621691841192
37.59,-0.06735326693419436,0.11358987910843792,1.7685483161418145
37.66,-0.06898990803843759,0.11271008569018076,1.766515861761797
37.73,-0.070626549142681,0.11183029227192354,1.7644834073817794
37.8,-0.07226319024692442,0.1109504988536663,1.7624509530017618
37.87,-0.07389983135116782,0.11007070543540907,1.7604184986217442
37.94,-0.07553647245541123,0.10919091201715185,1.7583860442417265
38.01,-0.07717311355965467,0.10831111859889463,1.756353589861709
38.08,-0.07880975466389809,0.10743132518063737,1.7543211354816914
38.15,-0.0804463957681415,0.10655153176238015,1.7522886811016738
38.22,-0.08208303687238491,0.10567173834412291,1.7502562267216561
38.29,-0.08371967797662833,0.10479194492586569,1.7482237723416385
38.36,-0.08535631908087174,0.10391215150760846,1.746191317961621
38.43,-0.08699296018511514,0.10303235808935124,1.7441588635816034
38.5,-0.08862960128935855,0.102152564671094,1.7421264092015858
38.57,-0.09026624239360197,0.10127277125283676,1.7400939548215684
38.64,-0.09190288349784541,0.10039297783457954,1.7380615004415505
38.71,-0.0935395246020888,0.09951318441632231,1.7360290460615326
38.78,-0.09517616570633224,0.09863339099806509,1.7339965916815154
38.85,-0.09681280681057565,0.09775359757980785,1.7319641373014976
38.92,-0.09844944791481906,0.09687380416155063,1.7299316829214801
38.99,-0.10008608901906246,0.09599401074329339,1.7278992285414625
39.06,-0.10172273012330588,0.09511421732503617,1.7258667741614448
39.13,-0.10335937122754929,0.09423442390677894,1.723834319781427
39.2,-0.10499601233179273,0.0933546304885217,1.7218018654014098
39.27,-0.10663265343603609,0.09247483707026448,1.719769411021392
39.34,-0.10826929454027953,0.09159504365200724,1.7177369566413747
39.41,-0.10990593564452276,0.0907152502337501,1.7157045022613568
39.48,-0.1115425767487662,0.08983545681549288,1.7136720478813394
39.55,-0.11317921785300962,0.08895566339723565,1.7116395935013218
39.62,-0.11481585895725303,0.0880758699789784,1.7096071391213044
39.69,-0.11645250006149648,0.08719607656072118,1.7075746847412865
39.76,-0.11808914116573989,0.08631628314246394,1.705542230361269
39.83,-0.11972578226998326,0.08543648972420671,1.7035097759812512
39.9,-0.12136242337422667,0.08455669630594949,1.7014773216012338
39.97,-0.12299906447847012,0.08367690288769226,1.6994448672212163
40.04,-0.11739526420310589,0.08279710946943503,1.6974124128411987
40.11,-0.11179146392774168,0.0819173160511778,1.695379958461181
40.18,-0.10618766365237746,0.08103752263292056,1.6933475040811636
40.25,-0.10058386337701328,0.08015772921466334,1.6913150497011458
40.32,-0.09498006310164908,0.07927793579640612,1.689282595321128
40.39,-0.08937626282628487,0.07839814237814888,1.6872501409411107
40.46,-0.08377246255092068,0.07751834895989165,1.6852176865610928
40.53,-0.07816866227555644,0.07663855554163441,1.6831852321810754
40.6,-0.07256486200019224,0.07575876212337719,1.6811527778010578
40.67,-0.06696106172482803,0.07487896870511997,1.6791203234210403
40.74,-0.06135726144946384,0.07399917528686274,1.6770878690410223
40.81,-0.055753461174099635,0.0731193818686055,1.675055414661005
40.88,-0.050149660898735404,0.07223958845034828,1.6730229602809872
40.95,-0.04454586062337123,0.07135979503209103,1.67099050590097
41.02,-0.03894206034800703,0.0704800016138338,1.6689580515209521
41.09,-0.03333826007264277,0.06960020819557658,1.6669255971409345
41.16,-0.02773445979727916,0.06872041477731945,1.664893142760917
41.23,-0.022130659521914942,0.06784062135906221,1.6628606883808996
41.3,-0.01652685924655074,0.06696082794080498,1.6608282340008818
41.37,-0.010923058971186539,0.06608103452254774,1.6587957796208646
41.44,-0.005319258695822337,0.06520124110429051,1.6567633252408465
41.51,0.00028454157954186564,0.06432144768603329,1.654730870860829
41.58,0.0058883418549060965,0.06344165426777605,1.6526984164808114
41.65,0.011492142130270298,0.06256186084951883,1.650665962100794
41.72,0.0170959424056345,0.061682067431261596,1.6486335077207763
41.79,0.022699742680998704,0.060802274013004365,1.6466010533407587
41.86,0.028303542956362907,0.05992248059474714,1.644568598960741
41.93,0.03390734323172712,0.05904268717648991,1.6425361445807232
42.0,0.039511143507091326,0.05816289375823268,1.640503690200706
42.07,0.045114943782455535,0.057283100339975454,1.638471235820688
42.14,0.050718744057819745,0.05640330692171823,1.6364387814406707
42.21,0.056322544333183955,0.05552351350346099,1.634406327060653
42.28,0.06192634460854815,0.05464372008520376,1.6323738726806356
42.35,0.05157091439773501,0.032371007953200893,1.6303414183006177
42.42,0.041215484186921864,0.010098295821198026,1.6283089639206003
42.49,0.03086005397610871,-0.012174416310804848,1.6262765095405824
42.56,0.02050462376529557,-0.03444712844280771,1.6242440551605648
42.63,0.01014919355448243,-0.05671984057481057,1.6222116007805474
42.7,-0.00020623665633072568,-0.07899255270681346,1.6201791464005297
42.77,-0.010561666867143852,-0.10126526483881632,1.618146692020512
42.84,-0.020917097077957008,-0.12353797697081918,1.6161142376404947
42.91,-0.03127252728876909,-0.14581068910281975,1.614081783260477
42.98,-0.04162795749958225,-0.16808340123482265,1.6120493288804598
43.05,-0.0519833877103954,-0.19035611336682554,1.6100168745004417
43.12,-0.06233881792120856,-0.21262882549882836,1.6079844201204243
43.19,-0.07269424813202169,-0.23490153763083127,1.6059519657404067
43.26,-0.0830496783428348,-0.25717424976283415,1.603919511360389
43.33,-0.09340510855364799,-0.27944696189483703,1.6018870569803714
43.4,-0.10376053876446112,-0.3017196740268399,1.599854602600354
43.47,-0.11411596897527428,-0.32399238615884274,1.5978221482203363
43.54,-0.12447139918608743,-0.3122697118440813,1.5957896938403184
43.61,-0.13482682939690052,-0.3005470375293198,1.5937572394603012
43.68,-0.14518225960771372,-0.28882436321455834,1.5917247850802834
43.75,-0.1555376898185268,-0.27710168889979686,1.589692330700266
43.82,-0.16589312002933998,-0.2653790145850354,1.5876598763202483
43.89,-0.17624855024015312,-0.2536563402702739,1.5856274219402309
43.96,-0.1866039804509663,-0.2419336659555124,1.583594967560213
44.03,-0.19695941066177938,-0.23021099164075096,1.5815625131801956
44.1,-0.20731484087259253,-0.21848831732598953,1.579530058800178
44.17,-0.2176702710834057,-0.20676564301122802,1.5774976044201603
44.24,-0.22802570129421884,-0.19504296869646662,1.5754651500401426
44.31,-0.238381131505032,-0.18332029438170513,1.573432695660125
44.38,-0.24873656171584516,-0.17159762006694368,1.5714002412801076
44.45,-0.25909199192665827,-0.15987494575218217,1.56936778690009
44.52,-0.2694474221374714,-0.1481522714374207,1.567335332520072
44.59,-0.27980285234828456,-0.13642959712265923,1.5653028781400546
44.66,-0.2901582825590967,-0.12470692280789898,1.563270423760037
44.73,-0.30051371276990974,-0.14261918918203506,1.5612379693800196
44.8,-0.310869142980723,-0.16053145555617118,1.559205515000002
44.87,-0.3212245731915361,-0.1784437219303073,1.5571730606199845
44.94,-0.3315800034023492,-0.19635598830444342,1.5551406062399666
45.01,-0.34193543361316237,-0.21426825467857954,1.5531081518599492
45.08,-0.35229086382397556,-0.23218052105271567,1.5510756974799316
45.15,-0.3626462940347887,-0.25009278742685187,1.5490432430999137
45.22,-0.3730017242456018,-0.2680050538009879,1.5470107887198965
45.29,-0.38335715445641494,-0.285917320175124,1.5449783343398786
45.36,-0.39371258466722814,-0.3038295865492601,1.542945879959861
45.43,-0.4040680148780413,-0.3217418529233963,1.5409134255798436
45.5,-0.4144234450888544,-0.3396541192975324,1.5388809711998261
45.57,-0.42477887529966746,-0.3575663856716685,1.5368485168198083
45.64,-0.43513430551048066,-0.3754786520458046,1.5348160624397906
45.71,-0.4454897357212939,-0.3933909184199407,1.5327836080597732
45.78,-0.455845165932107,-0.41130318479407685,1.5307511536797556
45.85,-0.4662005961429202,-0.42921545116821297,1.528718699299738
45.92,-0.4765560263537333,-0.4471277175423491,1.5266862449197203
45.99,-0.4869114565645464,-0.46503998391648516,1.5246537905397028
46.06,-0.4972668867753595,-0.48295225029062133,1.5226213361596852
46.13,-0.5076223169861727,-0.5008645166647574,1.5205888817796673
46.2,-0.5179777471969857,-0.5187767830388936,1.51855642739965
46.27,-0.5283331774077991,-0.5366890494130298,1.5165239730196323
46.34,-0.5386886076186123,-0.554601315787166,1.5144915186396146
46.41,-0.5490440378294241,-0.5725135821613001,1.5124590642595972
46.48,-0.5593994680402374,-0.5904258485354363,1.5104266098795798
46.55,-0.5697548982510506,-0.6083381149095722,1.508394155499562
46.62,-0.5801103284618637,-0.6262503812837085,1.5063617011195445
46.69,-0.5904657586726769,-0.6441626476578445,1.5043292467395268
46.76,-0.6008211888834899,-0.6620749140319807,1.502296792359509
46.83,-0.611176619094303,-0.6799871804061168,1.5002643379794918
46.9,-0.6215320493051163,-0.6978994467802528,1.498231883599474
46.97,-0.6318874795159294,-0.7158117131543891,1.4961994292194565
47.04,-0.6357783969386063,-0.7186890782057618,1.4941669748394388
47.11,-0.639669314361283,-0.7215664432571344,1.4921345204594212
47.18,-0.6435602317839598,-0.724443808308507,1.4901020660794035
47.25,-0.6474511492066366,-0.7273211733598796,1.488069611699386
47.32,-0.6513420666293135,-0.7301985384112522,1.4860371573193685
47.39,-0.6552329840519903,-0.7330759034626247,1.4840047029393508
47.46,-0.6591239014746672,-0.7359532685139973,1.4819722485593332
47.53,-0.6630148188973439,-0.73883063356537,1.4799397941793155
47.6,-0.6669057363200207,-0.7417079986167426,1.477907339799298
47.67,-0.6707966537426976,-0.7445853636681153,1.4758748854192805
47.74,-0.6746875711653745,-0.7474627287194879,1.4738424310392626
47.81,-0.6785784885880514,-0.7503400937708606,1.4718099766592452
47.88,-0.6824694060107281,-0.7532174588222332,1.4697775222792275
47.95,-0.6863603234334049,-0.7560948238736057,1.4677450678992099
48.02,-0.6902512408560817,-0.7589721889249784,1.4657126135191925
48.09,-0.6941421582787587,-0.761849553976351,1.4636801591391748
48.16,-0.6980330757014349,-0.7647269190277234,1.4616477047591572
48.23,-0.7019239931241119,-0.767604284079096,1.4596152503791398
48.3,-0.7058149105467887,-0.7704816491304687,1.457582795999122
48.37,-0.7097058279694655,-0.7733590141818413,1.4555503416191045
48.44,-0.7135967453921422,-0.7762363792332138,1.453517887239087
48.51,-0.7174876628148191,-0.7791137442845865,1.4514854328590692
48.58,-0.7213785802374959,-0.7819911093359591,1.4494529784790515
48.65,-0.7252694976601729,-0.7848684743873318,1.447420524099034
48.72,-0.7291604150828496,-0.7877458394387044,1.4453880697190165
48.79,-0.7330513325055265,-0.790623204490077,1.4433556153389988
48.86,-0.7369422499282032,-0.7935005695414497,1.4413231609589812
48.93,-0.7408331673508801,-0.7963779345928224,1.4392907065789637
49.0,-0.7447240847735569,-0.7992552996441948,1.437258252198946
49.07,-0.7486150021962337,-0.8021326646955675,1.4352257978189285
49.14,-0.7525059196189106,-0.8050100297469402,1.4331933434389108
49.21,-0.7563968370415873,-0.8078873947983127,1.4311608890588932
49.28,-0.7602877544642642,-0.8107647598496854,1.4291284346788757
49.35,-0.764178671886941,-0.8136421249010579,1.4270959802988579
49.42,-0.7680695893096178,-0.8165194899524306,1.4250635259188404
49.49,-0.7719605067322947,-0.8193968550038032,1.4230310715388228
49.56,-0.7758514241549713,-0.8222742200551758,1.4209986171588052
49.63,-0.7797423415776483,-0.8251515851065485,1.4189661627787877
49.7,-0.7836332590003252,-0.8280289501579211,1.4169337083987699
49.77,-0.787524176423002,-0.8309063152092937,1.4149012540187524
49.84,-0.7914150938456788,-0.8337836802606663,1.4128687996387348
49.91,-0.7953060112683552,-0.8366610453120387,1.4108363452587174
49.98,-0.7991969286910322,-0.8395384103634114,1.4088038908786995
50.05,-0.8030878461137089,-0.842415775414784,1.406771436498682
50.12,-0.8069787635363858,-0.8452931404661566,1.4047389821186644
50.19,-0.8108696809590625,-0.8481705055175291,1.4027065277386468
50.26,-0.8147605983817393,-0.8510478705689019,1.4006740733586294
50.33,-0.8186515158044162,-0.8539252356202744,1.3986416189786117
50.4,-0.822542433227093,-0.856802600671647,1.396609164598594
50.47,-0.8264333506497697,-0.8596799657230196,1.3945767102185764
50.54,-0.8303242680724466,-0.8625573307743923,1.392544255838559
50.61,-0.8342151854951234,-0.8654346958257648,1.3905118014585414
50.68,-0.8381061029178003,-0.8683120608771374,1.3884793470785237
50.75,-0.8419970203404771,-0.8711894259285101,1.386446892698506
50.82,-0.845887937763154,-0.8740667909798828,1.3844144383184884
50.89,-0.8497788551858306,-0.8769441560312554,1.382381983938471
50.96,-0.8536697726085076,-0.879821521082628,1.3803495295584531
51.03,-0.8575606900311843,-0.8826988861340006,1.3783170751784357
51.1,-0.8614516074538613,-0.8855762511853734,1.376284620798418
51.17,-0.8653425248765381,-0.8884536162367459,1.3742521664184004
51.24,-0.869233442299215,-0.8913309812881185,1.372219712038383
51.31,-0.8731243597218916,-0.8942083463394912,1.3701872576583651
51.38,-0.8770152771445685,-0.8970857113908638,1.3681548032783475
51.45,-0.8809061945672454,-0.8999630764422365,1.36612234889833
51.52,-0.8847971119899222,-0.9028404414936091,1.3640898945183124
51.59,-0.8886880294125991,-0.9057178065449817,1.3620574401382946
51.66,-0.8925789468352755,-0.908595171596354,1.3600249857582776
51.73,-0.8964698642579522,-0.9114725366477265,1.35799253137826
51.8,-0.9003607816806292,-0.9143499016990994,1.355960076998242
51.87,-0.904251699103306,-0.917227266750472,1.3539276226182246
51.94,-0.9081426165259828,-0.9201046318018445,1.3518951682382068
52.01,-0.9120335339486596,-0.9229819968532171,1.3498627138581893
52.08,-0.9159244513713365,-0.9258593619045898,1.3478302594781717
52.15,-0.9198153687940133,-0.9287367269559623,1.3457978050981543
52.22,-0.92370628621669,-0.931614092007335,1.3437653507181366
52.29,-0.9275972036393669,-0.9344914570587076,1.3417328963381188
52.36,-0.9314881210620436,-0.9373688221100802,1.3397004419581013
52.43,-0.9353790384847205,-0.9402461871614528,1.3376679875780837
52.5,-0.9392699559073973,-0.9431235522128254,1.3356355331980663
52.57,-0.943160873330074,-0.9460009172641981,1.3336030788180484
52.64,-0.9470517907527509,-0.9488782823155707,1.3315706244380312
52.71,-0.9509427081754279,-0.9517556473669434,1.3295381700580131
52.78,-0.9548336255981046,-0.9546330124183159,1.3275057156779955
52.85,-0.9587245430207814,-0.9575103774696885,1.325473261297978
52.92,-0.962615460443458,-0.9603877425210611,1.3234408069179604
52.99,-0.9665063778661352,-0.9632651075724339,1.3214083525379428
53.06,-0.9703972952888119,-0.9661424726238065,1.3193758981579253
53.13,-0.9742882127114887,-0.9690198376751791,1.3173434437779077
53.2,-0.9781791301341657,-0.9718972027265519,1.3153109893978898
53.27,-0.9820700475568426,-0.9747745677779242,1.3132785350178724
53.34,-0.9859609649795193,-0.977651932829297,1.3112460806378547
53.41,-0.9898518824021956,-0.9805292978806691,1.309213626257837
53.48,-0.9937427998248726,-0.9834066629320419,1.30718117187782
53.55,-0.9976337172475492,-0.9862840279834145,1.305148717497802
53.62,-1.0015246346702262,-0.9891613930347871,1.3031162631177846
53.69,-1.005415552092903,-0.9920387580861597,1.301083808737767
53.76,-1.0093064695155798,-0.9949161231375322,1.2990513543577495
53.83,-1.0131973869382567,-0.997793488188905,1.297018899977732
53.9,-1.0170883043609333,-1.0006708532402777,1.294986445597714
53.97,-1.0209792217836102,-1.0035482182916502,1.2929539912176966
54.04,-1.0248701392062871,-1.0064255833430231,1.290921536837679
54.11,-1.028761056628964,-1.0093029483943956,1.2888890824576613
54.18,-1.0326519740516407,-1.012180313445768,1.2868566280776437
54.25,-1.0365428914743176,-1.0150576784971408,1.2848241736976262
54.32,-1.0404338088969944,-1.0179350435485133,1.2827917193176084
54.39,-1.0443247263196713,-1.020812408599886,1.280759264937591
54.46,-1.048215643742348,-1.0236897736512587,1.2787268105575735
54.53,-1.052106561165025,-1.0265671387026314,1.2766943561775557
54.6,-1.0559974785877018,-1.0294445037540039,1.274661901797538
54.67,-1.0598883960103784,-1.0323218688053766,1.2726294474175206
54.74,-1.0637793134330553,-1.035199233856749,1.270596993037503
54.81,-1.0676702308557322,-1.0380765989081218,1.268564538657485
54.88,-1.071561148278409,-1.0409539639594945,1.2665320842774679
54.95,-1.0754520657010858,-1.043831329010867,1.26449962989745
55.02,-1.0793429831237626,-1.0467086940622397,1.2624671755174324
55.09,-1.0832339005464395,-1.0495860591136121,1.260434721137415
55.16,-1.0871248179691162,-1.0524634241649846,1.2584022667573975
55.23,-1.0910157353917929,-1.0553407892163573,1.2563698123773797
55.3,-1.0949066528144697,-1.0582181542677298,1.2543373579973622
55.37,-1.0987975702371466,-1.0610955193191025,1.2523049036173446
55.44,-1.1026884876598233,-1.063972884370475,1.2502724492373272
55.51,-1.1065794050825,-1.0668502494218477,1.2482399948573095
55.58,-1.110470322505177,-1.0697276144732204,1.2462075404772919
55.65,-1.1143612399278537,-1.072604979524593,1.2441750860972742
55.72,-1.1182521573505306,-1.0754823445759654,1.2421426317172566
55.79,-1.1221430747732073,-1.078359709627338,1.240110177337239
55.86,-1.1260339921958842,-1.0812370746787108,1.2380777229572215
55.93,-1.129924909618561,-1.0841144397300835,1.2360452685772036
56.0,-1.1338158270412377,-1.0869918047814562,1.2340128141971862
56.07,-1.1377067444639144,-1.0898691698328284,1.2319803598171688
56.14,-1.1415976618865915,-1.0927465348842014,1.229947905437151
56.21,-1.1454885793092684,-1.0956238999355739,1.2279154510571333
56.28,-1.1493794967319453,-1.0985012649869466,1.2258829966771159
56.35,-1.153270414154622,-1.1013786300383193,1.2238505422970982
56.42,-1.1530231809455607,-1.101498935669956,1.2221275794421218
56.49,-1.1527759477364996,-1.1016192413015928,1.2204046165871454
56.56,-1.1525287145274385,-1.1017395469332294,1.218681653732169
56.63,-1.1522814813183775,-1.1018598525648662,1.2169586908771928
56.7,-1.1520342481093162,-1.101980158196503,1.2152357280222161
56.77,-1.151787014900255,-1.1021004638281395,1.2135127651672395
56.84,-1.1515397816911939,-1.1022207694597765,1.2117898023122633
56.91,-1.151292548482133,-1.102341075091413,1.210066839457287
56.98,-1.1510453152730717,-1.1024613807230497,1.2083438766023105
57.05,-1.1507980820640105,-1.1025816863546867,1.2066209137473343
57.12,-1.1505508488549492,-1.1027019919863235,1.2048979508923578
57.19,-1.1503036156458881,-1.10282229761796,1.2031749880373812
57.26,-1.150056382436827,-1.1029426032495968,1.2014520251824048
57.33,-1.149809149227766,-1.1030629088812336,1.1997290623274286
57.4,-1.1495619160187047,-1.1031832145128704,1.198006099472452
57.47,-1.1493146828096434,-1.1033035201445072,1.1962831366174753
57.54,-1.1490674496005824,-1.1034238257761437,1.1945601737624991
57.61,-1.1488202163915213,-1.1035441314077805,1.1928372109075227
57.68,-1.1485729831824603,-1.1036644370394175,1.191114248052546
57.75,-1.1483257499733988,-1.103784742671054,1.1893912851975696
57.82,-1.1480785167643377,-1.103905048302691,1.1876683223425935
57.89,-1.1478312835552764,-1.1040253539343277,1.1859453594876168
57.96,-1.1475840503462154,-1.1041456595659642,1.1842223966326406
58.03,-1.1473368171371543,-1.104265965197601,1.1824994337776642
58.1,-1.147089583928093,-1.1043862708292378,1.1807764709226878
58.17,-1.146842350719032,-1.1045065764608746,1.1790535080677111
58.24,-1.1465951175099707,-1.1046268820925111,1.177330545212735
58.31,-1.1463478843009096,-1.104747187724148,1.1756075823577585
58.38,-1.1461006510918483,-1.1048674933557847,1.1738846195027817
58.45,-1.1458534178827873,-1.1049877989874217,1.1721616566478055
58.52,-1.145606184673726,-1.1051081046190583,1.170438693792829
58.59,-1.145358951464665,-1.105228410250695,1.1687157309378526
58.66,-1.1451117182556037,-1.1053487158823319,1.1669927680828767
58.73,-1.1448644850465426,-1.1054690215139684,1.1652698052279
58.8,-1.1446172518374815,-1.1055893271456054,1.1635468423729236
58.87,-1.1443700186284202,-1.105709632777242,1.1618238795179472
58.94,-1.1441227854193592,-1.105829938408879,1.160100916662971
59.01,-1.143875552210298,-1.1059502440405156,1.1583779538079941
59.08,-1.1436283190012366,-1.1060705496721521,1.1566549909530177
59.15,-1.1433810857921756,-1.106190855303789,1.1549320280980415
59.22,-1.1431338525831143,-1.1063111609354255,1.1532090652430649
59.29,-1.1428866193740532,-1.1064314665670625,1.1514861023880885
59.36,-1.142639386164992,-1.106551772198699,1.149763139533112
59.43,-1.1423921529559309,-1.106672077830336,1.1480401766781356
59.5,-1.1421449197468698,-1.1067923834619726,1.1463172138231592
59.57,-1.1418976865378088,-1.1069126890936094,1.144594250968183
59.64,-1.1416504533287475,-1.1070329947252462,1.1428712881132066
59.71,-1.1414032201196864,-1.1071533003568832,1.14114832525823
59.78,-1.141155986910625,-1.1072736059885198,1.1394253624032535
59.85,-1.1409087537015639,-1.1073939116201563,1.1377023995482771
59.92,-1.1406615204925028,-1.1075142172517933,1.1359794366933007
59.99,-1.1404142872834417,-1.10763452288343,1.134256473838324
60.06,-1.1401670540743805,-1.107754828515067,1.1325335109833479
60.13,-1.1399198208653194,-1.1078751341467035,1.1308105481283715
60.2,-1.1396725876562583,-1.1079954397783405,1.129087585273395
60.27,-1.139425354447197,-1.1081157454099768,1.1273646224184184
60.34,-1.139178121238136,-1.1082360510416136,1.1256416595634422
60.41,-1.138930888029075,-1.1083563566732504,1.123918696708466
60.48,-1.1386836548200137,-1.1084766623048872,1.1221957338534896
60.55,-1.1384364216109522,-1.1085969679365237,1.120472770998513
60.62,-1.138189188401891,-1.1087172735681605,1.1187498081435365
60.69,-1.13794195519283,-1.1088375791997973,1.11702684528856
60.76,-1.137694721983769,-1.108957884831434,1.1153038824335837
60.83,-1.137447488774708,-1.1090781904630707,1.1135809195786073
60.9,-1.1372002555656466,-1.1091984960947077,1.1118579567236309
60.97,-1.1369530223565856,-1.1093188017263445,1.1101349938686544
61.04,-1.1367057891475243,-1.1094391073579812,1.108412031013678
61.11,-1.136458555938463,-1.1095594129896178,1.1066890681587016
61.18,-1.136211322729402,-1.1096797186212548,1.1049661053037254
61.25,-1.1359640895203407,-1.1098000242528914,1.1032431424487488
61.32,-1.1357168563112796,-1.109920329884528,1.1015201795937721
61.39,-1.1354696231022183,-1.1100406355161647,1.099797216738796
61.46,-1.1352223898931573,-1.1101609411478015,1.0980742538838195
61.53,-1.1349751566840962,-1.1102812467794383,1.096351291028843
61.6,-1.1347279234750351,-1.1104015524110749,1.0946283281738665
61.67,-1.1344806902659739,-1.1105218580427119,1.0929053653188903
61.74,-1.1342334570569128,-1.1106421636743484,1.0911824024639138
61.81,-1.1339862238478513,-1.1107624693059854,1.0894594396089372
61.88,-1.1337389906387902,-1.110882774937622,1.0877364767539608
61.95,-1.1334917574297292,-1.1110030805692588,1.0860135138989844
62.02,-1.133244524220668,-1.1111233862008956,1.0842905510440082
62.09,-1.1329972910116068,-1.1112436918325324,1.0825675881890318
62.16,-1.1327500578025458,-1.1113639974641691,1.0808446253340553
62.23,-1.1325028245934845,-1.1114843030958057,1.0791216624790791
62.3,-1.1322555913844234,-1.1116046087274425,1.0773986996241023
62.37,-1.1320083581753624,-1.1117249143590793,1.075675736769126
62.44,-1.1317611249663009,-1.1118452199907158,1.0739527739141495
62.51,-1.1315138917572398,-1.1119655256223526,1.0722298110591733
62.58,-1.1312666585481788,-1.1120858312539894,1.0705068482041968
62.65,-1.1310194253391175,-1.1122061368856262,1.0687838853492204
62.72,-1.1307721921300564,-1.1123264425172628,1.067060922494244
62.79,-1.1305249589209954,-1.1124467481488998,1.0653379596392674
62.86,-1.1302777257119343,-1.1125670537805366,1.063614996784291
62.93,-1.130030492502873,-1.1126873594121731,1.0618920339293145
63.0,-1.1297832592938117,-1.11280766504381,1.0601690710743383
63.07,-1.1295360260847507,-1.1129279706754467,1.0584461082193617
63.14,-1.1292887928756894,-1.1130482763070835,1.0567231453643855
63.21,-1.1290415596666283,-1.11316858193872,1.0550001825094089
63.28,-1.128794326457567,-1.113288887570357,1.0532772196544327
63.35,-1.128547093248506,-1.1134091932019936,1.051554256799456
63.42,-1.1282998600394447,-1.1135294988336306,1.0498312939444796
63.49,-1.1280526268303837,-1.1136498044652672,1.0481083310895032
63.56,-1.1278053936213226,-1.113770110096904,1.0463853682345268
63.63,-1.1275581604122613,-1.1138904157285405,1.0446624053795506
63.7,-1.1273109272032003,-1.1140107213601773,1.042939442524574
63.77,-1.1270636939941387,-1.114131026991814,1.0412164796695977
63.84,-1.1268164607850777,-1.1142513326234509,1.0394935168146209
63.91,-1.1265692275760166,-1.1143716382550877,1.0377705539596447
63.98,-1.1263219943669556,-1.1144919438867245,1.0360475911046685
64.05,-1.1260747611578943,-1.114612249518361,1.0343246282496918
64.12,-1.1258275279488332,-1.1147325551499978,1.0326016653947152
64.19,-1.125580294739772,-1.1148528607816346,1.0308787025397392
64.26,-1.1253330615307109,-1.1149731664132714,1.0291557396847626
64.33,-1.1250858283216498,-1.115093472044908,1.0274327768297862
64.4,-1.1248385951125885,-1.115213777676545,1.0257098139748095
64.47,-1.1245913619035277,-1.1153340833081817,1.0239868511198333
64.54,-1.1243441286944662,-1.1154543889398185,1.022263888264857
64.61,-1.124096895485405,-1.115574694571455,1.0205409254098807
64.68,-1.1238496622763439,-1.1156950002030919,1.018817962554904
64.75,-1.1236024290672828,-1.1158153058347284,1.017094999699928
64.82,-1.1233551958582217,-1.1159356114663652,1.0153720368449517
64.89,-1.1231079626491605,-1.116055917098002,1.0136490739899748
64.96,-1.1228607294400992,-1.1161762227296386,1.0119261111349986
65.03,-1.1226134962310381,-1.1162965283612756,1.010203148280022
65.1,-1.122366263021977,-1.1164168339929121,1.0084801854250458
65.17,-1.1221190298129158,-1.1165371396245491,1.0067572225700692
65.24,-1.1218717966038545,-1.1166574452561857,1.005034259715093
65.31,-1.1216245633947934,-1.1167777508878225,1.0033112968601163
65.38,-1.1213773301857322,-1.1168980565194593,1.00158833400514
65.45,-1.121130096976671,-1.117018362151096,0.9998653711501634
65.52,-1.12088286376761,-1.1171386677827329,0.9981424082951871
65.59,-1.120635630558549,-1.1172589734143694,0.9964194454402104
65.66,-1.1203883973494877,-1.1173792790460062,0.9946964825852342
65.73,-1.1201411641404266,-1.117499584677643,0.9929735197302577
65.8,-1.1198939309313656,-1.11761989030928,0.9912505568752813
65.87,-1.119646697722304,-1.1177401959409163,0.9895275940203049
65.94,-1.119399464513243,-1.1178605015725531,0.9878046311653287
66.01,-1.119152231304182,-1.11798080720419,0.9860816683103519
66.08,-1.118904998095121,-1.1181011128358267,0.9843587054553757
66.15,-1.1186577648860594,-1.1182214184674635,0.9826357426003993
66.22,-1.1184105316769986,-1.1183417240991,0.9809127797454231
66.29,-1.1181632984679373,-1.118462029730737,0.9791898168904464
66.36,-1.1179160652588762,-1.1185823353623736,0.97746685403547
66.43,-1.1176688320498152,-1.1187026409940104,0.9757438911804933
66.5,-1.1174215988407536,-1.1188229466256472,0.974020928325517
66.57,-1.1171743656316924,-1.118943252257284,0.972297965470541
66.64,-1.1169271324226313,-1.1190635578889208,0.9705750026155644
66.71,-1.1166798992135702,-1.1191838635205573,0.968852039760588
66.78,-1.1164326660045092,-1.1193041691521943,0.9671290769056115
66.85,-1.1161854327954481,-1.119424474783831,0.9654061140506353
66.92,-1.1159381995863866,-1.1195447804154677,0.9636831511956586
66.99,-1.1156909663773256,-1.1196650860471042,0.9619601883406824
67.06,-1.1154437331682645,-1.119785391678741,0.9602372254857057
67.13,-1.1151964999592034,-1.1199056973103778,0.9585142626307295
67.2,-1.1149492667501422,-1.1200260029420146,0.9567912997757528
67.27,-1.114702033541081,-1.1201463085736514,0.9550683369207765
67.34,-1.1144548003320198,-1.1202666142052882,0.9533453740657999
67.41,-1.1142075671229585,-1.120386919836925,0.9516224112108237
67.48,-1.1139603339138975,-1.1205072254685615,0.9498994483558473
67.55,-1.1137131007048364,-1.1206275311001983,0.9481764855008707
67.62,-1.1134658674957751,-1.120747836731835,0.9464535226458943
67.69,-1.113218634286714,-1.1208681423634719,0.9447305597909181
67.76,-1.112971401077653,-1.1209884479951087,0.9430075969359415
67.83,-1.1127241678685917,-1.1211087536267452,0.9412846340809652
67.9,-1.1124769346595305,-1.1212290592583822,0.9395616712259888
67.97,-1.1122297014504694,-1.1213493648900188,0.9378387083710124
68.04,-1.1119824682414081,-1.1214696705216556,0.9361157455160356
68.11,-1.111735235032347,-1.1215899761532924,0.9343927826610594
68.18,-1.1114880018232858,-1.121710281784929,0.932669819806083
68.25,-1.1112407686142247,-1.1218305874165657,0.9309468569511068
68.32,-1.1109935354051637,-1.1219508930482025,0.9292238940961303
68.39,-1.1107463021961024,-1.1220711986798393,0.9275009312411536
68.46,-1.1104990689870415,-1.1221915043114759,0.9257779683861777
68.53,-1.1102518357779803,-1.1223118099431129,0.924055005531201
68.6,-1.1100046025689188,-1.1224321155747494,0.9223320426762247
68.67,-1.1097573693598577,-1.1225524212063864,0.9206090798212481
68.74,-1.1095101361507966,-1.122672726838023,0.9188861169662719
68.81,-1.1092629029417356,-1.1227930324696598,0.9171631541112951
68.88,-1.1090156697326745,-1.1229133381012966,0.9154401912563189
68.95,-1.1087684365236132,-1.1230336437329334,0.9137172284013423
69.02,-1.108521203314552,-1.1231539493645701,0.9119942655463661
69.09,-1.108273970105491,-1.1232742549962067,0.9102713026913896
69.16,-1.1080267368964298,-1.1233945606278435,0.9085483398364131
69.23,-1.1077795036873683,-1.1235148662594803,0.9068253769814367
69.3,-1.1075322704783073,-1.1236351718911168,0.9051024141264605
69.37,-1.1072850372692462,-1.1237554775227536,0.9033794512714838
69.44,-1.107037804060185,-1.1238757831543904,0.9016564884165076
69.51,-1.1067905708511239,-1.1239960887860272,0.899933525561531
69.58,-1.1065433376420628,-1.1241163944176638,0.8982105627065546
69.65,-1.1062961044330015,-1.1242367000493005,0.896487599851578
69.72,-1.1060488712239405,-1.1243570056809373,0.8947646369966018
69.79,-1.1058016380148792,-1.1244773113125741,0.8930416741416254
69.86,-1.1055544048058181,-1.124597616944211,0.8913187112866491
69.93,-1.1053071715967568,-1.1247179225758477,0.8895957484316724
70.0,-1.1050599383876956,-1.1248382282074845,0.887872785576696
70.07,-1.1048127051786345,-1.124958533839121,0.88614982272172
70.14,-1.1045654719695734,-1.125078839470758,0.8844268598667433
70.21,-1.1043182387605122,-1.1251991451023946,0.8827038970117671
70.28,-1.104071005551451,-1.1253194507340316,0.8809809341567905
70.35,-1.10382377234239,-1.1254397563656682,0.8792579713018142
70.42,-1.103576539133329,-1.1255600619973047,0.8775350084468375
70.49,-1.1033293059242677,-1.1256803676289415,0.8758120455918613
70.56,-1.1030820727152066,-1.1258006732605783,0.8740890827368847
70.63,-1.1028348395061451,-1.125920978892215,0.8723661198819084
70.7,-1.102587606297084,-1.1260412845238519,0.8706431570269317
70.77,-1.102340373088023,-1.1261615901554887,0.8689201941719555
70.84,-1.1020931398789617,-1.1262818957871252,0.8671972313169789
70.91,-1.1018459066699007,-1.126402201418762,0.8654742684620026
70.98,-1.1015986734608394,-1.1265225070503988,0.8637513056070262
71.05,-1.1013514402517783,-1.1266428126820356,0.8620283427520498
71.12,-1.1011042070427173,-1.1267631183136724,0.8603053798970732
71.19,-1.1008569738336562,-1.1268834239453092,0.858582417042097
71.26,-1.1006097406245947,-1.127003729576946,0.8568594541871204
71.33,-1.1003625074155337,-1.1271240352085825,0.8551364913321442
71.4,-1.1001152742064724,-1.1272443408402195,0.8534135284771674
71.47,-1.0998680409974113,-1.127364646471856,0.8516905656221913
71.54,-1.09962080778835,-1.1274849521034926,0.8499676027672146
71.61,-1.099373574579289,-1.1276052577351294,0.8482446399122384
71.68,-1.099126341370228,-1.1277255633667662,0.8465216770572617
71.75,-1.0988791081611669,-1.127845868998403,0.8447987142022857
71.82,-1.0986318749521058,-1.1279661746300398,0.8430757513473093
71.89,-1.0983846417430445,-1.1280864802616766,0.8413527884923325
71.96,-1.0981374085339832,-1.1282067858933134,0.8396298256373566
72.03,-1.097890175324922,-1.12832709152495,0.8379068627823799
72.1,-1.0976429421158609,-1.1284473971565867,0.8361838999274037
72.17,-1.0973957089067998,-1.1285677027882235,0.834460937072427
72.24,-1.0971484756977385,-1.1286880084198603,0.8327379742174508
72.31,-1.0969012424886775,-1.128808314051497,0.8310150113624741
72.38,-1.0966540092796164,-1.1289286196831338,0.8292920485074979
72.45,-1.0964067760705551,-1.1290489253147706,0.8275690856525212
72.52,-1.096159542861494,-1.1291692309464074,0.825846122797545
72.59,-1.095912309652433,-1.129289536578044,0.8241231599425686
72.66,-1.0956650764433715,-1.1294098422096805,0.822400197087592
72.73,-1.0954178432343102,-1.1295301478413173,0.8206772342326154
72.8,-1.0951706100252494,-1.1296504534729541,0.8189542713776392
72.87,-1.094923376816188,-1.1297707591045907,0.8172313085226628
72.94,-1.094676143607127,-1.1298910647362275,0.8155083456676865
73.01,-1.0944289103980658,-1.1300113703678645,0.8137853828127098
73.08,-1.0941816771890047,-1.130131675999501,0.8120624199577334
73.15,-1.0939344439799434,-1.1302519816311378,0.8103394571027569
73.22,-1.0936872107708826,-1.1303722872627748,0.8086164942477807
73.29,-1.0934399775618209,-1.1304925928944114,0.8068935313928041
73.36,-1.09319274435276,-1.1306128985260482,0.8051705685378281
73.43,-1.0929455111436988,-1.130733204157685,0.8034476056828511
73.5,-1.0926982779346377,-1.1308535097893218,0.8017246428278749
73.57,-1.0924510447255766,-1.1309738154209585,0.8000016799728987
73.64,-1.0922038115165154,-1.131094121052595,0.7982787171179223
73.71,-1.0919565783074543,-1.1312144266842319,0.796555754262946
73.78,-1.091709345098393,-1.1313347323158687,0.7948327914079694
73.85,-1.091462111889332,-1.1314550379475052,0.793109828552993
73.92,-1.091214878680271,-1.1315753435791418,0.7913868656980165
73.99,-1.0909676454712096,-1.1316956492107788,0.7896639028430402
74.06,-1.0907204122621483,-1.1318159548424156,0.7879409399880636
74.13,-1.0904731790530873,-1.1319362604740524,0.7862179771330874
74.2,-1.090225945844026,-1.1320565661056892,0.7844950142781106
74.27,-1.089978712634965,-1.1321768717373257,0.7827720514231344
74.34,-1.0897314794259039,-1.1322971773689625,0.7810490885681578
74.41,-1.0894842462168426,-1.1324174830005993,0.7793261257131816
74.48,-1.0892370130077815,-1.132537788632236,0.7776031628582051
74.55,-1.0889897797987202,-1.1326580942638727,0.7758802000032287
74.62,-1.0887425465896592,-1.1327783998955094,0.774157237148252
74.69,-1.0884953133805977,-1.1328987055271462,0.7724342742932757
74.76,-1.0882480801715368,-1.1330190111587832,0.7707113114382993
74.83,-1.0880008469624756,-1.13313931679042,0.7689883485833231
74.9,-1.0877536137534145,-1.1332596224220568,0.7672653857283465
74.97,-1.0875063805443534,-1.1333799280536931,0.7655424228733702
75.04,-1.0872591473352922,-1.13350023368533,0.7638194600183935
75.11,-1.087011914126231,-1.1336205393169667,0.7620964971634173
75.18,-1.0732010419262854,-1.1140958095484552,0.7537366926141559
75.25,-1.0593901697263424,-1.0945710797799477,0.7453768880648965
75.32,-1.0455792975263993,-1.0750463500114402,0.7370170835156367
75.39,-1.0317684253264539,-1.0555216202429287,0.7286572789663752
75.46,-1.0179575531265106,-1.0359968904744215,0.7202974744171157
75.53,-1.004146680926565,-1.0164721607059102,0.7119376698678542
75.6,-0.990335808726622,-0.9969474309374026,0.7035778653185947
75.67,-0.9765249365266765,-0.9774227011688911,0.6952180607693335
75.74,-0.9627140643267336,-0.9578979714003836,0.6868582562200737
75.81,-0.9489031921267879,-0.9383732416318722,0.6784984516708125
75.88,-0.9350923199268448,-0.9188485118633647,0.6701386471215526
75.95,-0.9212814477268991,-0.8993237820948532,0.6617788425722915
76.02,-0.9074705755269562,-0.8797990523263458,0.6534190380230316
76.09,-0.8936597033270106,-0.8602743225578344,0.6450592334737703
76.16,-0.8798488311270676,-0.8407495927893268,0.6366994289245108
76.23,-0.8660379589271218,-0.8212248630208154,0.6283396243752494
76.3,-0.852227086727179,-0.801700133252308,0.6199798198259896
76.37,-0.8384162145272333,-0.7821754034837965,0.6116200152767284
76.44,-0.8246053423272903,-0.7626506737152889,0.6032602107274688
76.51,-0.8107944701273446,-0.7431259439467777,0.5949004061782074
76.58,-0.7969835979274017,-0.7236012141782703,0.5865406016289478
76.65,-0.783172725727456,-0.7040764844097587,0.5781807970796864
76.72,-0.769361853527513,-0.6845517546412512,0.5698209925304265
76.79,-0.7555509813275674,-0.6650270248727399,0.5614611879811654
76.86,-0.7417401091276244,-0.6455022951042323,0.5531013834319057
76.93,-0.7279292369276786,-0.6259775653357209,0.5447415788826443
77.0,-0.7141183647277358,-0.6064528355672135,0.5363817743333847
77.07,-0.7003074925277928,-0.586928105798706,0.5280219697841251
77.14,-0.6864966203278472,-0.5674033760301945,0.5196621652348637
77.21,-0.6726857481279044,-0.5478786462616871,0.5113023606856039
77.28,-0.6588748759279586,-0.5283539164931756,0.5029425561363426
77.35,-0.6450640037280156,-0.508829186724668,0.49458275158708304
77.42,-0.6312531315280699,-0.48930445695615665,0.48622294703782165
77.49,-0.617442259328127,-0.46977972718764927,0.47786314248856215
77.56,-0.6036313871281813,-0.4502549974191378,0.4695033379393007
77.63,-0.5898205149282383,-0.43073026765063027,0.461143533390041
77.7,-0.5760096427282927,-0.4112055378821189,0.4527837288407797
77.77,-0.5621987705283498,-0.39168080811361133,0.44442392429152
77.84,-0.548387898328404,-0.37215607834509995,0.4360641197422586
77.91,-0.5345770261284611,-0.3526313485765925,0.427704315192999
77.98,-0.5207661539285153,-0.333106618808081,0.4193445106437377
78.05,-0.5069552817285725,-0.3135818890395736,0.41098470609447796
78.12,-0.4931444095286267,-0.2940571592710622,0.4026249015452166
78.19,-0.4793335373286838,-0.2745324295025547,0.3942650969959571
78.26,-0.46552266512873813,-0.25500769973404325,0.3859052924466957
78.33,-0.4517117929287952,-0.23548296996553572,0.37754548789743597
78.4,-0.43790092072884945,-0.21595824019702425,0.36918568334817464
78.47,-0.4240900485289065,-0.19643351042851684,0.36082587879891503
78.54,-0.4102791763289608,-0.17690878066000537,0.3524660742496537
78.61,-0.3964683041290179,-0.15738405089149793,0.344106269700394
78.68,-0.38265743192907226,-0.13785932112298646,0.3357464651511326
78.75,-0.3688465597291293,-0.11833459135447902,0.327386660601873
78.82,-0.35503568752918635,-0.09880986158597152,0.3190268560526134
78.89,-0.34122481532924065,-0.07928513181746007,0.3106670515033521
78.96,-0.3274139431292977,-0.059760402048952624,0.3023072469540923
79.03,-0.313603070929352,-0.04023567228044116,0.29394744240483095
79.1,-0.2997921987294091,-0.020710942511933714,0.28558763785557134
79.17,-0.2859813265294634,-0.0011862127434222533,0.27722783330630996
79.24,-0.2721704543295205,0.018338517025085224,0.2688680287570504
79.31,-0.2583595821295747,0.03786324679359666,0.26050822420778896
79.38,-0.24454870992963185,0.05738797656210412,0.2521484196585294
79.45,-0.23073783772968612,0.07691270633061556,0.24378861510926805
79.52,-0.21692696552974322,0.09643743609912304,0.23542881056000828
79.59,-0.2031160933297975,0.11596216586763448,0.22706900601074692
79.66,-0.18930522112985454,0.13548689563614197,0.21870920146148734
79.73,-0.17549434892990884,0.15501162540465338,0.21034939691222604
79.8,-0.16168347672996594,0.17453635517316088,0.20198959236296637
79.87,-0.15288632599894753,0.1756269342442382,0.19362978781370502
79.94,-0.14408917526793089,0.1767175133153153,0.1852699832644453
80.01,-0.13529202453691247,0.17780809238639264,0.176910178715184
80.08,-0.12649487380589586,0.1788986714574697,0.1685503741659244
80.15,-0.11769772307487743,0.17998925052854703,0.16019056961666298
80.22,-0.10890057234386079,0.18107982959962413,0.1518307650674034
80.29,-0.10010342161284239,0.18217040867070147,0.14347096051814198
80.36,-0.09130627088182572,0.18326098774177857,0.13511115596888237
80.43,-0.0825091201508073,0.18435156681285586,0.12675135141962096
80.5,-0.07371196941979069,0.18544214588393299,0.11839154687036135
80.57,-0.06491481868877402,0.18653272495501008,0.11003174232110169
80.64,-0.05611766795775559,0.1876233040260874,0.10167193777184032
80.71,-0.04732051722673896,0.18871388309716453,0.09331213322258071
80.78,-0.03852336649572056,0.18980446216824182,0.08495232867331938
80.85,-0.029726215764703908,0.19089504123931894,0.07659252412405966
80.92,-0.02092906503368548,0.19198562031039623,0.06823271957479832
80.99,-0.012131914302668873,0.19307619938147336,0.05987291502553874
81.06,-0.003334763571650459,0.19416677845255068,0.05151311047627735
81.13,0.005462387159366192,0.19525735752362777,0.04315330592701767
81.2,0.014259537890384635,0.1963479365947051,0.03479350137775631
81.27,0.023056688621401242,0.1974385156657822,0.026433696828496677
81.34,0.031853839352419686,0.1985290947368595,0.018073892279235327
81.41,0.04065099008343633,0.19961967380793663,0.009714087729975665
81.48,0.04944814081445472,0.20071025287901395,0.001354283180714368
81.55,0.05824529154547136,0.20180083195009105,-0.0070055213685453225
81.62,0.06704244227648978,0.20289141102116837,-0.015365325917806703
81.69,0.07583959300750641,0.20398199009224546,-0.02372513046706628
81.76,0.08463674373852481,0.2050725691633228,-0.032084935016327636
81.83,0.09343389446954146,0.20616314823439988,-0.04044473956558732
81.9,0.1022310452005599,0.2072537273054772,-0.04880454411484868
81.97,0.1110281959315765,0.2083443063765543,-0.05716434866410831
82.04,0.11982534666259496,0.20943488544763164,-0.06552415321336966
82.11,0.1286224973936116,0.21052546451870874,-0.07388395776262932
82.18,0.13741964812463,0.21161604358978606,-0.08224376231189068
82.25,0.14621679885564665,0.21270662266086315,-0.09060356686115034
82.32,0.1550139495866633,0.21379720173194025,-0.09896337141041
82.39,0.1638111003176817,0.2148877808030176,-0.10732317595967132
82.46,0.1726082510486983,0.21597835987409467,-0.11568298050893096
82.53,0.18140540177971676,0.21706893894517199,-0.12404278505819231
82.6,0.1902025525107334,0.2181595180162491,-0.13240258960745196
82.67,0.19899970324175179,0.2192500970873264,-0.14076239415671332
82.74,0.20779685397276845,0.22034067615840353,-0.14912219870597296
82.81,0.21659400470378687,0.22143125522948084,-0.15748200325523434
82.88,0.22539115543480345,0.22252183430055794,-0.16584180780449398
82.95,0.23418830616582192,0.22361241337163526,-0.17420161235375534
83.02,0.2429854568968386,0.22470299244271236,-0.18256141690301497
83.09,0.251782607627857,0.22579357151378968,-0.19092122145227633
83.16,0.2605797583588736,0.22688415058486677,-0.199281026001536
83.23,0.26937690908989204,0.2279747296559441,-0.20764083055079735
83.3,0.2781740598209087,0.22906530872702122,-0.216000635100057
83.37,0.2869712105519271,0.23015588779809854,-0.22436043964931832
83.44,0.2957683612829437,0.23124646686917563,-0.23272024419857798
83.51,0.3045655120139621,0.23233704594025295,-0.24108004874783934
83.58,0.31336266274497876,0.23342762501133008,-0.24943985329709897
83.65,0.32215981347599726,0.2345182040824074,-0.25779965784636033
83.72,0.33095696420701387,0.23560878315348446,-0.26615946239562
83.79,0.33975411493803226,0.23669936222456178,-0.2745192669448813
83.86,0.3485512656690489,0.23778994129563893,-0.282879071494141
83.93,0.3573484164000673,0.23888052036671623,-0.2912388760434023
84.0,0.366145567131084,0.23997109943779332,-0.299598680592662
84.07,0.37494271786210065,0.24106167850887042,-0.30795848514192165
84.14,0.383739868593119,0.24215225757994774,-0.316318289691183
84.21,0.39253701932413565,0.24324283665102484,-0.32467809424044264
84.28,0.40133417005515404,0.24433341572210215,-0.333037898789704
84.35,0.4101313207861707,0.24542399479317925,-0.3413977033389637
84.42,0.4189284715171891,0.24651457386425657,-0.349757507888225
84.49,0.42772562224820576,0.2476051529353337,-0.3581173124374846
84.56,0.4408751438296344,0.26508790473682015,-0.35547349642742954
84.63,0.45402466541106035,0.28257065653830316,-0.35282968041737484
84.7,0.4671741869924889,0.3000534083397896,-0.35018586440731975
84.77,0.4803237085739149,0.31753616014127256,-0.3475420483972651
84.84,0.49347323015534345,0.33501891194275907,-0.34489823238720996
84.91,0.5066227517367694,0.35250166374424197,-0.34225441637715526
84.98,0.5197722733181981,0.36998441554572853,-0.33961060036710017
85.05,0.532921794899624,0.3874671673472114,-0.3369667843570455
85.12,0.5460713164810526,0.40494991914869793,-0.33432296834699043
85.19,0.5592208380624786,0.4224326709501809,-0.3316791523369358
85.26,0.5723703596439071,0.43991542275166734,-0.32903533632688065
85.33,0.585519881225333,0.45739817455315035,-0.326391520316826
85.4,0.5986694028067616,0.4748809263546368,-0.3237477043067709
85.47,0.6118189243881876,0.49236367815611976,-0.32110388829671627
85.54,0.6249684459696163,0.5098464299576062,-0.3184600722866611
85.61,0.6381179675510422,0.5273291817590892,-0.3158162562766065
85.68,0.6512674891324708,0.5448119335605756,-0.31317244026655133
85.75,0.6644170107138967,0.5622946853620586,-0.31052862425649674
85.82,0.6775665322953228,0.5797774371635416,-0.3078848082464421
85.89,0.6907160538767514,0.5972601889650281,-0.30524099223638695
85.96,0.7038655754581773,0.6147429407665109,-0.3025971762263323
86.03,0.7170150970396059,0.6322256925679974,-0.2999533602162772
86.1,0.7301646186210318,0.6497084443694804,-0.2973095442062225
86.17,0.7433141402024604,0.6671911961709669,-0.29466572819616743
86.24,0.7564636617838865,0.68467394797245,-0.2920219121861128
86.31,0.769613183365315,0.7021566997739365,-0.28937809617605764
86.38,0.7827627049467409,0.7196394515754193,-0.28673428016600305
86.45,0.7959122265281695,0.7371222033769058,-0.28409046415594785
86.52,0.8090617481095955,0.7546049551783888,-0.28144664814589326
86.59,0.8222112696910241,0.7720877069798752,-0.2788028321358381
86.66,0.8353607912724501,0.789570458781358,-0.27615901612578353
86.73,0.8485103128538786,0.8070532105828447,-0.27351520011572833
86.8,0.8616598344353047,0.8245359623843276,-0.27087138410567374
86.87,0.8748093560167333,0.8420187141858142,-0.26822756809561854
86.94,0.8879588775981593,0.859501465987297,-0.26558375208556395
87.01,0.9011083991795876,0.8769842177887834,-0.26293993607550875
87.08,0.9142579207610138,0.8944669695902665,-0.26029612006545416
87.15,0.9274074423424423,0.911949721391753,-0.257652304055399
87.22,0.9405569639238682,0.929432473193236,-0.25500848804534443
87.29,0.9537064855052968,0.9469152249947225,-0.25236467203528923
87.36,0.9668560070867228,0.9643979767962053,-0.24972085602523464
87.43,0.9800055286681513,0.9818807285976918,-0.2470770400151795
87.5,0.9931550502495774,0.9993634803991749,-0.24443322400512485
87.57,1.0063045718310033,1.0168462322006577,-0.24178940799507026
87.64,1.019454093412432,1.0343289840021441,-0.2391455919850151
87.71,1.0326036149938578,1.0518117358036272,-0.2365017759749605
87.78,1.0457531365752866,1.0692944876051136,-0.23385795996490535
87.85,1.0589026581567123,1.0867772394065967,-0.23121414395485074
87.92,1.072052179738141,1.104259991208083,-0.22857032794479556
87.99,1.085201701319567,1.121742743009566,-0.22592651193474095
88.06,1.0983512229009955,1.1392254948110525,-0.2232826959246858
88.13,1.1115007444824214,1.1567082466125354,-0.2206388799146312
88.2,1.1246502660638502,1.174190998414022,-0.21799506390457604
88.27,1.137799787645276,1.191673750215505,-0.21535124789452142
88.34,1.1509493092267047,1.2091565020169914,-0.21270743188446628
88.41,1.1640988308081306,1.2266392538184745,-0.21006361587441164
88.48,1.1772483523895592,1.244122005619961,-0.2074197998643565
88.55,1.190397873970985,1.2616047574214437,-0.2047759838543019
88.62,1.2035473955524139,1.2790875092229306,-0.20213216784424673
88.69,1.2166969171338395,1.2965702610244134,-0.1994883518341921
88.76,1.2298464387152683,1.3140530128258998,-0.19684453582413694
88.83,1.2429959602966942,1.3315357646273824,-0.19420071981408232
88.9,1.2561454818781228,1.3490185164288693,-0.19155690380402718
88.97,1.2692950034595487,1.366501268230352,-0.1889130877939726
89.04,1.2824445250409775,1.3839840200318387,-0.18626927178391742
89.11,1.2955940466224032,1.4014667718333216,-0.18362545577386283
89.18,1.308743568203832,1.418949523634808,-0.18098163976380766
89.25,1.308807202348818,1.4167792177528742,-0.17833782375375304
89.32,1.3088708364938042,1.4146089118709406,-0.1756940077436984
89.39,1.3089344706387904,1.4124386059890066,-0.17305019173364325
89.46,1.3089981047837764,1.4102683001070728,-0.17040637572358863
89.53,1.3090617389287627,1.4080979942251386,-0.1677625597135335
89.6,1.3091253730737489,1.405927688343205,-0.16511874370347887
89.67,1.3091890072187349,1.4037573824612708,-0.16247492769342373
89.74,1.309252641363721,1.4015870765793372,-0.1598311116833691
89.81,1.309316275508707,1.3994167706974032,-0.15718729567331396
89.88,1.3093799096536933,1.3972464648154694,-0.15454347966325935
89.95,1.3094435437986793,1.3950761589335354,-0.1518996636532042
90.02,1.3095071779436656,1.3929058530516016,-0.14925584764314956
90.09,1.3095708120886516,1.3907355471696679,-0.14661203163309441
90.16,1.3096344462336378,1.388565241287734,-0.14396821562303982
90.23,1.309698080378624,1.3863949354058,-0.14132439961298465
90.3,1.3097617145236102,1.3842246295238663,-0.13868058360293004
90.37,1.3098253486685962,1.382054323641932,-0.13603676759287486
90.44,1.3098889828135822,1.3798840177599985,-0.13339295158282027
90.51,1.3099526169585685,1.3777137118780645,-0.1307491355727651
90.58,1.3100162511035547,1.3755434059961307,-0.1281053195627105
90.65,1.3100798852485407,1.3733731001141967,-0.12546150355265534
90.72,1.310143519393527,1.3712027942322629,-0.12281768754260072
90.79,1.310207153538513,1.3690324883503289,-0.12017387153254558
90.86,1.310270787683499,1.3668621824683953,-0.11753005552249098
90.93,1.3103344218284854,1.3646918765864613,-0.1148862395124358
91.0,1.3103980559734714,1.3625215707045273,-0.1122424235023812
91.07,1.3104616901184578,1.3603512648225937,-0.10959860749232657
91.14,1.3105253242634438,1.3581809589406597,-0.10695479148227144
91.21,1.3105889584084298,1.356010653058726,-0.10431097547221681
91.28,1.310652592553416,1.353840347176792,-0.10166715946216166
91.35,1.310716226698402,1.3516700412948583,-0.09902334345210705
91.42,1.310779860843388,1.349499735412924,-0.09637952744205189
91.49,1.3108434949883745,1.3473294295309906,-0.09373571143199726
91.56,1.3109071291333605,1.3451591236490565,-0.09109189542194213
91.63,1.3109707632783467,1.3429888177671228,-0.0884480794118875
91.7,1.311034397423333,1.3408185118851885,-0.08580426340183235
91.77,1.311098031568319,1.338648206003255,-0.08316044739177773
91.84,1.3111616657133052,1.3364779001213207,-0.08051663138172258
91.91,1.3112252998582912,1.3343075942393872,-0.07787281537166797
91.98,1.3112889340032774,1.3321372883574532,-0.07522899936161281
92.05,1.3113525681482634,1.3299669824755194,-0.07258518335155821
92.12,1.3114162022932496,1.3277966765935854,-0.06994136734150304
92.19,1.3114798364382356,1.3256263707116516,-0.06729755133144844
92.26,1.3115434705832218,1.3234560648297176,-0.06465373532139326
92.33,1.311607104728208,1.3212857589477838,-0.06200991931133867
92.4,1.311670738873194,1.3191154530658498,-0.05936610330128351
92.47,1.3117343730181803,1.316945147183916,-0.0567222872912289
92.54,1.3117980071631663,1.3147748413019817,-0.05407847128117375
92.61,1.3118616413081525,1.3126045354200484,-0.05143465527111914
92.68,1.3119252754531388,1.3104342295381144,-0.04879083926106397
92.75,1.3119889095981248,1.3082639236561806,-0.046147023251009375
92.82,1.3120525437431112,1.3060936177742468,-0.04350320724095474
92.89,1.3121161778880972,1.3039233118923128,-0.0408593912308996
92.96,1.3121798120330832,1.3017530060103792,-0.038215575220844976
93.03,1.3122434461780694,1.299582700128445,-0.03557175921078984
93.1,1.3123070803230557,1.2974123942465114,-0.0329279432007352
93.17,1.3123707144680414,1.2952420883645772,-0.030284127190680066
93.24,1.3124343486130277,1.2930717824826434,-0.02764031118062544
93.31,1.3124979827580139,1.2909014766007096,-0.02499649517057029
93.38,1.3125616169030003,1.2887311707187759,-0.022352679160515664
93.45,1.3126252510479863,1.2865608648368418,-0.019708863150460533
93.52,1.312688885192972,1.284390558954908,-0.017065047140405906
93.59,1.3127525193379586,1.2822202530729738,-0.014421231130350771
93.66,1.3128161534829446,1.2800499471910405,-0.011777415120296116
93.73,1.3128797876279306,1.2778796413091063,-0.009133599110240982
93.8,1.312943421772917,1.2757093354271725,-0.0064897831001863564
93.87,1.313007055917903,1.2735390295452385,-0.0038459670901311947
93.94,1.3130613812315808,1.273628844544824,-0.006103566740600159
94.01,1.3131157065452583,1.2737186595444099,-0.008361166391069602
94.08,1.3131700318589359,1.2738084745439953,-0.010618766041538538
94.15,1.3132243571726137,1.2738982895435809,-0.012876365692007981
94.22,1.3132786824862912,1.2739881045431667,-0.015133965342476945
94.29,1.313333007799969,1.2740779195427523,-0.01739156499294636
94.36,1.3133873331136465,1.2741677345423377,-0.019649164643415352
94.43,1.313441658427324,1.2742575495419237,-0.02190676429388477
94.5,1.3134959837410018,1.2743473645415093,-0.024164363944353704
94.57,1.3135503090546792,1.274437179541095,-0.026421963594822684
94.64,1.3136046343683567,1.2745269945406803,-0.02867956324529211
94.71,1.3136589596820345,1.2746168095402661,-0.03093716289576109
94.78,1.3137132849957123,1.2747066245398517,-0.033194762546230494
94.85,1.3137676103093898,1.2747964395394373,-0.035452362196699456
94.92,1.3138219356230676,1.274886254539023,-0.0377099618471689
94.99,1.3138762609367454,1.2749760695386088,-0.03996756149763786
95.06,1.3139305862504227,1.2750658845381941,-0.04222516114810726
95.13,1.3139849115641007,1.27515569953778,-0.04448276079857624
95.2,1.314039236877778,1.2752455145373656,-0.046740360449045656
95.27,1.3140935621914558,1.275335329536951,-0.04899796009951463
95.34,1.3141478875051333,1.2754251445365368,-0.05125555974998403
95.41,1.314202212818811,1.2755149595361226,-0.05351315940045303
95.48,1.3142565381324887,1.275604774535708,-0.05577075905092244
95.55,1.3143108634461664,1.2756945895352938,-0.058028358701391405
95.62,1.314365188759844,1.2757844045348794,-0.060285958351860854
95.69,1.3144195140735215,1.275874219534465,-0.06254355800232982
95.76,1.314473839387199,1.2759640345340508,-0.06480115765279922
95.83,1.3145281647008766,1.2760538495336362,-0.0670587573032682
95.9,1.3145824900145544,1.2761436645332218,-0.06931635695373763
95.97,1.314636815328232,1.2762334795328076,-0.07157395660420658
96.04,1.3146911406419095,1.2763232945323932,-0.073831556254676
96.11,1.3147454659555875,1.2764131095319788,-0.07608915590514496
96.18,1.314799791269265,1.2765029245315644,-0.07834675555561439
96.25,1.3148541165829426,1.2765927395311503,-0.08060435520608336
96.32,1.3149084418966202,1.2766825545307356,-0.08286195485655232
96.39,1.3149627672102981,1.2767723695303215,-0.08511955450702174
96.46,1.3150170925239755,1.276862184529907,-0.0873771541574907
96.53,1.3150714178376532,1.2769519995294925,-0.08963475380796013
96.6,1.3151257431513308,1.2770418145290783,-0.09189235345842911
96.67,1.3151800684650086,1.277131629528664,-0.09414995310889852
96.74,1.3152343937786863,1.2772214445282497,-0.09640755275936749
96.81,1.315288719092364,1.277311259527835,-0.0986651524098369
96.88,1.3153430444060412,1.2774010745274211,-0.10092275206030589
96.95,1.315397369719719,1.2774908895270065,-0.1031803517107753
97.02,1.3154516950333965,1.277580704526592,-0.10543795136124427
97.09,1.315506020347074,1.2776705195261777,-0.10769555101171369
97.16,1.3155603456607519,1.2777603345257633,-0.10995315066218266
97.23,1.3156146709744294,1.277850149525349,-0.11221075031265207
97.3,1.3156689962881072,1.2779399645249347,-0.11446834996312105
97.37,1.315723321601785,1.2780297795245203,-0.11672594961359047
97.44,1.3157776469154625,1.278119594524106,-0.11898354926405943
97.51,1.31583197222914,1.2782094095236916,-0.12124114891452885
97.58,1.3158862975428176,1.2782992245232772,-0.12349874856499782
97.65,1.3159406228564956,1.278389039522863,-0.12575634821546725
97.72,1.3159949481701732,1.2784788545224484,-0.1280139478659362
97.79,1.3160492734838507,1.2785686695220342,-0.13027154751640563
97.86,1.3161035987975283,1.2786584845216198,-0.1325291471668746
97.93,1.316157924111206,1.2787482995212054,-0.13478674681734404
98.0,1.3162122494248836,1.278838114520791,-0.137044346467813
98.07,1.3162665747385611,1.2789279295203768,-0.13930194611828195
98.14,1.3163209000522387,1.2790177445199622,-0.1415595457687514
98.21,1.3163752253659162,1.279107559519548,-0.14381714541922033
98.28,1.316429550679594,1.2791973745191336,-0.1460747450696898
98.35,1.3164838759932718,1.2792871895187192,-0.14833234472015874
98.42,1.3165382013069493,1.279377004518305,-0.15058994437062814
98.49,1.3165925266206269,1.2794668195178904,-0.15284754402109713
98.56,1.3166468519343046,1.2795566345174763,-0.15510514367156655
98.63,1.3167011772479822,1.2796464495170619,-0.1573627433220355
98.7,1.31675550256166,1.2797362645166475,-0.15962034297250494
98.77,1.3168098278753375,1.279826079516233,-0.16187794262297386
98.84,1.316864153189015,1.2799158945158184,-0.16413554227344332
98.91,1.3169184785026928,1.2800057095154045,-0.16639314192391227
98.98,1.3169728038163706,1.2800955245149899,-0.1686507415743817
99.05,1.3170271291300482,1.2801853395145757,-0.17090834122485069
99.12,1.3170814544437255,1.2802751545141613,-0.1731659408753201
99.19,1.3171357797574033,1.280364969513747,-0.17542354052578907
99.26,1.3171901050710808,1.2804547845133325,-0.17768114017625852
99.33,1.3172444303847586,1.280544599512918,-0.17993873982672748
99.4,1.3172987556984361,1.280634414512504,-0.18219633947719688
99.47,1.317353081012114,1.2807242295120893,-0.18445393912766586
99.54,1.3174074063257915,1.2808140445116751,-0.18671153877813526
99.61,1.3174617316394692,1.2809038595112607,-0.18896913842860424
99.68,1.3175160569531468,1.2809936745108463,-0.19122673807907367
99.75,1.3175703822668243,1.2810834895104322,-0.19348433772954263
99.82,1.317624707580502,1.2811733045100175,-0.19574193738001158
99.89,1.3176790328941799,1.2812631195096031,-0.19799953703048098
99.96,1.3177333582078574,1.281352934509189,-0.20025713668094997
100.03,1.317787683521535,1.2814427495087746,-0.2025147363314194
100.1,1.3178420088352127,1.2815325645083602,-0.2047723359818884
100.17,1.3178963341488905,1.281622379507946,-0.2070299356323578
100.24,1.317950659462568,1.2817121945075316,-0.2092875352828268
100.31,1.3180049847762454,1.281802009507117,-0.21154513493329619
100.38,1.318059310089923,1.2818918245067026,-0.21380273458376514
100.45,1.3181136354036007,1.2819816395062884,-0.21606033423423457
100.52,1.3181679607172783,1.282071454505874,-0.21831793388470352
100.59,1.318222286030956,1.2821612695054596,-0.22057553353517295
100.66,1.3182766113446336,1.2822510845050454,-0.22283313318564194
100.73,1.3183309366583114,1.282340899504631,-0.22509073283611136
100.8,1.3183852619719891,1.2824307145042164,-0.2273483324865803
100.87,1.3184395872856667,1.2825205295038025,-0.22960593213704977
100.94,1.3184939125993442,1.2826103445033878,-0.2318635317875187
101.01,1.3185482379130218,1.2827001595029734,-0.23412113143798813
101.08,1.3186025632266996,1.2827899745025593,-0.2363787310884571
101.15,1.3186568885403773,1.2828797895021447,-0.2386363307389265
101.22,1.3187112138540549,1.2829696045017303,-0.24089393038939547
101.29,1.3187655391677324,1.283059419501316,-0.2431515300398649
101.36,1.3188198644814102,1.283149234500902,-0.24540912969033388
101.43,1.318874189795088,1.2832390495004873,-0.24766672934080328
101.5,1.3189285151087653,1.283328864500073,-0.24992432899127223
101.57,1.3189828404224428,1.2834186794996585,-0.2521819286417412
101.64,1.3190371657361204,1.283508494499244,-0.2544395282922106
101.71,1.3190914910497982,1.2835983094988297,-0.2566971279426796
101.78,1.3191458163634757,1.2836881244984155,-0.258954727593149
101.85,1.3192001416771535,1.2837779394980011,-0.26121232724361804
101.92,1.3192544669908313,1.2838677544975867,-0.26346992689408744
101.99,1.3193087923045086,1.2839575694971725,-0.2657275265445564
102.06,1.3193631176181864,1.2840473844967581,-0.2679851261950258
102.13,1.3194174429318641,1.2841371994963435,-0.2702427258454948
102.2,1.3194717682455417,1.2842270144959296,-0.2725003254959642
102.27,1.3195260935592195,1.284316829495515,-0.27475792514643316
102.34,1.319580418872897,1.2844066444951006,-0.27701552479690256
102.41,1.3196347441865748,1.2844964594946864,-0.27927312444737157
102.48,1.3196890695002523,1.284586274494272,-0.28153072409784097
102.55,1.31974339481393,1.2846760894938576,-0.28378832374831
102.62,1.3197977201276074,1.2847659044934434,-0.2860459233987794
102.69,1.3198520454412852,1.2848557194930288,-0.28830352304924833
102.76,1.3199063707549628,1.2849455344926146,-0.2905611226997178
102.83,1.3199606960686403,1.2850353494922002,-0.29281872235018674
102.9,1.3200150213823179,1.2851251644917858,-0.29507632200065614
102.97,1.3200693466959956,1.2852149794913712,-0.2973339216511251
103.04,1.3201236720096732,1.2853047944909572,-0.29959152130159455
103.11,1.320177997323351,1.2853946094905426,-0.3018491209520635
103.18,1.3202323226370285,1.2854844244901285,-0.30410672060253297
103.25,1.3202866479507063,1.2855742394897138,-0.3063643202530019
103.32,1.3200431891465947,1.2866617034408445,-0.3086219199034708
103.39,1.3197997303424829,1.2877491673919752,-0.31087951955394033
103.46,1.3195562715383715,1.288836631343106,-0.3131371192044093
103.53,1.31931281273426,1.2899240952942368,-0.3153947188548787
103.6,1.3190693539301481,1.2910115592453673,-0.3176523185053476
103.67,1.3188258951260368,1.2920990231964982,-0.31990991815581704
103.74,1.318582436321925,1.2931864871476288,-0.32216751780628605
103.81,1.3183389775178134,1.2942739510987595,-0.32442511745675545
103.88,1.318095518713702,1.2953614150498904,-0.32668271710722446
103.95,1.3178520599095904,1.2964488790010213,-0.3289403167576938
104.02,1.3176086011054786,1.2975363429521518,-0.3311979164081628
104.09,1.3173651423013668,1.2986238069032825,-0.3334555160586323
104.16,1.3171216834972557,1.2997112708544132,-0.33571311570910123
104.23,1.3168782246931439,1.300798734805544,-0.33797071535957063
104.3,1.316634765889032,1.3018861987566748,-0.3402283150100396
104.37,1.3163913070849207,1.3029736627078055,-0.34248591466050904
104.44,1.316147848280809,1.3040611266589361,-0.344743514310978
104.51,1.3159043894766973,1.3051485906100668,-0.34700111396144745
104.58,1.315660930672586,1.3062360545611975,-0.34925871361191635
104.65,1.3154174718684741,1.3073235185123282,-0.35151631326238575
104.72,1.3151740130643625,1.308410982463459,-0.35377391291285476
104.79,1.3149305542602512,1.3094984464145898,-0.35603151256332416
104.86,1.3146870954561394,1.3105859103657203,-0.3582891122137931
104.93,1.3144436366520278,1.3116733743168514,-0.3605467118642625
105.0,1.314200177847916,1.3127608382679818,-0.3628043115147315
105.07,1.3139567190438046,1.3138483022191125,-0.36506191116520054
105.14,1.313713260239693,1.3149357661702432,-0.36731951081566994
105.21,1.3134698014355812,1.3160232301213737,-0.3695771104661389
105.28,1.3132263426314699,1.3171106940725048,-0.3718347101166083
105.35,1.3129828838273583,1.3181981580236355,-0.3740923097670773
105.42,1.3127394250232465,1.3192856219747662,-0.37634990941754676
105.49,1.3124959662191351,1.3203730859258966,-0.37860750906801566
105.56,1.3122525074150233,1.3214605498770275,-0.3808651087184851
105.63,1.3120090486109117,1.322548013828158,-0.383122708368954
105.7,1.3117655898068001,1.3236354777792891,-0.38538030801942347
105.77,1.3115221310026888,1.3247229417304198,-0.3876379076698924
105.84,1.311278672198577,1.3258104056815507,-0.3898955073203619
105.91,1.3110352133944654,1.326897869632681,-0.3921531069708308
105.98,1.310791754590354,1.3279853335838119,-0.3944107066213003
106.05,1.3105482957862422,1.3290727975349428,-0.3966683062717692
106.12,1.3103048369821304,1.3301602614860735,-0.39892590592223864
106.19,1.3100613781780193,1.3312477254372042,-0.4011835055727076
106.26,1.3098179193739075,1.3323351893883346,-0.403441105223177
106.33,1.3095744605697957,1.3334226533394653,-0.40569870487364607
106.4,1.309331001765684,1.3345101172905962,-0.40795630452411547
106.47,1.3090875429615727,1.335597581241727,-0.4102139041745844
106.54,1.308844084157461,1.3366850451928578,-0.4124715038250538
106.61,1.3086006253533493,1.3377725091439885,-0.4147291034755227
106.68,1.308357166549238,1.338859973095119,-0.41698670312599223
106.75,1.3081137077451261,1.3399474370462499,-0.4192443027764612
106.82,1.3078702489410146,1.3410349009973803,-0.42150190242693014
106.89,1.3076267901369032,1.3421223649485112,-0.42375950207739954
106.96,1.3073833313327914,1.343209828899642,-0.42601710172786855
107.03,1.3071398725286798,1.3442972928507726,-0.42827470137833795
107.1,1.3068964137245682,1.345384756801903,-0.4305323010288069
107.17,1.3066529549204566,1.3464722207530342,-0.43278990067927636
107.24,1.306409496116345,1.3475596847041649,-0.43504750032974526
107.31,1.3061660373122335,1.3486471486552956,-0.4373050999802147
107.38,1.3059225785081219,1.349734612606426,-0.4395626996306837
107.45,1.3056791197040103,1.350822076557557,-0.4418202992811531
107.52,1.3054356608998985,1.3519095405086876,-0.4440778989316221
107.59,1.305192202095787,1.3529970044598185,-0.44633549858209154
107.66,1.3049487432916753,1.3540844684109492,-0.4485930982325605
107.73,1.3047052844875637,1.35517193236208,-0.45085069788302995
107.8,1.3044618256834521,1.3562593963132104,-0.45310829753349885
107.87,1.3042183668793406,1.3573468602643413,-0.45536589718396825
107.94,1.303974908075229,1.358434324215472,-0.45762349683443726
108.01,1.287346530819664,1.3457115521158551,-0.45988109648490666
108.08,1.2707181535641026,1.3329887800162412,-0.46213869613537567
108.15,1.2540897763085377,1.3202660079166244,-0.46439629578584507
108.22,1.2374613990529761,1.3075432358170103,-0.46665389543631397
108.29,1.2208330217974113,1.2948204637173937,-0.4689114950867835
108.36,1.2042046445418495,1.2820976916177795,-0.4711690947372524
108.43,1.1875762672862848,1.2693749195181627,-0.4734266943877218
108.5,1.1709478900307229,1.2566521474185486,-0.4756842940381908
108.57,1.1543195127751615,1.2439293753189347,-0.4779418936886597
108.64,1.1376911355195967,1.2312066032193179,-0.4801994933391292
108.71,1.1210627582640351,1.218483831119704,-0.48245709298959816
108.78,1.1044343810084702,1.2057610590200871,-0.48471469264006756
108.85,1.0878060037529087,1.193038286920473,-0.48697229229053657
108.92,1.0711776264973438,1.1803155148208562,-0.48922989194100597
108.99,1.054549249241782,1.1675927427212422,-0.491487491591475
109.06,1.0379208719862172,1.1548699706216254,-0.4937450912419444
109.13,1.0212924947306556,1.1421471985220115,-0.4960026908924133
109.2,1.0046641174750908,1.1294244264223947,-0.4982602905428828
109.27,0.9880357402195292,1.1167016543227806,-0.5005178901933517
109.34,0.9714073629639642,1.1039788822231638,-0.5027754898438211
109.41,0.9547789857084028,1.0912561101235498,-0.5050330894942902
109.48,0.9381506084528379,1.078533338023933,-0.5072906891447595
109.55,0.9215222311972762,1.0658105659243189,-0.5095482887952285
109.62,0.9048938539417113,1.053087793824702,-0.5118058884456979
109.69,0.8882654766861499,1.0403650217250882,-0.5140634880961668
109.76,0.8716370994305849,1.0276422496254716,-0.5163210877466363
109.83,0.8550087221750233,1.0149194775258574,-0.5185786873971053
109.9,0.8383803449194585,1.0021967054262406,-0.5208362870475747
109.97,0.8217519676638968,0.9894739333266267,-0.5230938866980437
110.04,0.8051235904083318,0.9767511612270099,-0.5253514863485131
110.11,0.7884952131527704,0.9640283891273957,-0.527609085998982
110.18,0.7718668358972055,0.951305617027779,-0.5298666856494514
110.25,0.7552384586416439,0.9385828449281649,-0.5321242852999205
110.32,0.7386100813860822,0.9258600728285509,-0.5343818849503894
110.39,0.7219817041305173,0.9033453559260131,-0.5366394846008589
110.46,0.7053533268749558,0.8808306390234798,-0.5388970842513278
110.53,0.6887249496193909,0.8583159221209422,-0.5411546839017972
110.6,0.6720965723638294,0.835801205218409,-0.5434122835522662
110.67,0.6554681951082645,0.8132864883158712,-0.5456698832027356
110.74,0.6388398178527028,0.7907717714133381,-0.5479274828532045
110.81,0.6222114405971378,0.7682570545108003,-0.550185082503674
110.88,0.6055830633415764,0.7457423376082671,-0.5524426821541429
110.95,0.5889546860860114,0.7232276207057294,-0.5547002818046123
111.02,0.5723263088304499,0.7007129038031963,-0.5569578814550813
111.09,0.5556979315748849,0.6781981869006585,-0.5592154811055507
111.16,0.5390695543193235,0.6556834699981253,-0.5614730807560198
111.23,0.5224411770637585,0.6331687530955875,-0.5637306804064891
111.3,0.5058127998081969,0.6106540361930544,-0.5659882800569582
111.37,0.489184422552632,0.5881393192905168,-0.5682458797074276
111.44,0.47255604529707046,0.5656246023879835,-0.5705034793578965
111.51,0.45592766804150553,0.5431098854854458,-0.5727610790083659
111.58,0.439299290785944,0.5205951685829127,-0.5750186786588349
111.65,0.42267091353037906,0.49808045168037485,-0.5772762783093044
111.72,0.40604253627481746,0.4755657347778417,-0.5795338779597733
111.79,0.3894141590192526,0.453051017875304,-0.5817914776102427
111.86,0.372785781763691,0.4305363009727708,-0.5840490772607118
111.93,0.3561574045081261,0.40802158407023303,-0.5863066769111811
112.0,0.33952902725256456,0.3855068671676999,-0.58856427656165
112.07,0.32290064999700296,0.3629921502651666,-0.590821876212119
112.14,0.30627227274143803,0.3404774333626289,-0.5930794758625885
112.21,0.28964389548587655,0.3179627164600958,-0.5953370755130574
112.28,0.27301551823031156,0.29544799955755807,-0.5975946751635268
112.35,0.25638714097475,0.27293328265502487,-0.5998522748139958
112.42,0.2397587637191851,0.2504185657524871,-0.6021098744644653
112.49,0.22313038646362354,0.22790384884995393,-0.6043674741149342
112.56,0.20650200920805864,0.2053891319474162,-0.6066250737654038
112.63,0.18987363195249707,0.18287441504488303,-0.6088826734158727
112.7,0.18365045859876672,0.18088153994809816,-0.6118109745429856
112.77,0.1774272852450377,0.17888866485131372,-0.6147392756700981
112.84,0.17120411189130735,0.17689578975452883,-0.6176675767972108
112.91,0.16498093853757834,0.17490291465774438,-0.6205958779243232
112.98,0.158757765183848,0.17291003956095952,-0.6235241790514363
113.05,0.15253459183011897,0.17091716446417507,-0.6264524801785487
113.12,0.14631141847638862,0.16892428936739018,-0.6293807813056617
113.19,0.1400882451226596,0.1669314142706057,-0.6323090824327741
113.26,0.13386507176892926,0.16493853917382087,-0.635237383559887
113.33,0.12764189841520018,0.1629456640770364,-0.6381656846869995
113.4,0.1214187250614699,0.16095278898025153,-0.6410939858141124
113.47,0.11519555170774085,0.15895991388346706,-0.6440222869412248
113.54,0.10897237835401052,0.1569670387866822,-0.6469505880683377
113.61,0.10274920500028147,0.15497416368989775,-0.64987888919545
113.68,0.09652603164655114,0.15298128859311286,-0.6528071903225631
113.75,0.09030285829282209,0.1509884134963284,-0.6557354914496755
113.82,0.08407968493909306,0.14899553839954396,-0.6586637925767879
113.89,0.07785651158536273,0.14700266330275907,-0.6615920937039008
113.96,0.07163333823163366,0.14500978820597463,-0.6645203948310132
114.03,0.06541016487790334,0.14301691310918976,-0.6674486959581263
114.1,0.0591869915241743,0.14102403801240532,-0.6703769970852387
114.17,0.052963818170443974,0.13903116291562043,-0.6733052982123516
114.24,0.04674064481671492,0.13703828781883595,-0.6762335993394638
114.31,0.040517471462984615,0.13504541272205112,-0.6791619004665771
114.38,0.03429429810925554,0.13305253762526664,-0.6820902015936893
114.45,0.028071124755525246,0.13105966252848178,-0.6850185027208022
114.52,0.021847951401796194,0.1290667874316973,-0.6879468038479146
114.59,0.015624778048065875,0.12707391233491247,-0.6908751049750277
114.66,0.009401604694336825,0.125081037238128,-0.6938034061021401
114.73,0.003178431340606489,0.12308816214134312,-0.696731707229253
114.8,-0.003044742013122546,0.12109528704455867,-0.6996600083563654
114.87,-0.009267915366852867,0.11910241194777381,-0.7025883094834783
114.94,-0.015491088720581917,0.11710953685098933,-0.7055166106105909
115.01,-0.021714262074312266,0.11511666175420447,-0.7084449117377036
115.08,-0.0279374354280413,0.11312378665742001,-0.7113732128648163
115.15,-0.03416060878177161,0.11113091156063515,-0.7143015139919291
115.22,-0.04038378213550069,0.10913803646385069,-0.7172298151190415
115.29,-0.04660695548923098,0.10714516136706582,-0.7201581162461544
115.36,-0.052830128842960025,0.10515228627028135,-0.7230864173732668
115.43,-0.059053302196690347,0.10315941117349649,-0.7260147185003799
115.5,-0.0652764755504194,0.10116653607671203,-0.7289430196274923
115.57,-0.07149964890414845,0.09917366097992757,-0.7318713207546046
115.64,-0.0777228222578788,0.0971807858831427,-0.7347996218817177
115.71,-0.08394599561160782,0.09518791078635824,-0.73772792300883
115.78,-0.09016916896533814,0.09319503568957338,-0.7406562241359429
115.85,-0.09639234231906722,0.0912021605927889,-0.7435845252630554
115.92,-0.10261551567279754,0.08920928549600404,-0.7465128263901682
115.99,-0.10883868902652659,0.08721641039921958,-0.7494411275172806
116.06,-0.11506186238025688,0.0852235353024347,-0.7523694286443937
116.13,-0.12128503573398595,0.08323066020565024,-0.755297729771506
116.2,-0.1275082090877163,0.08123778510886538,-0.7582260308986191
116.27,-0.13373138244144528,0.07924491001208094,-0.7611543320257315
116.34,-0.13995455579517563,0.07725203491529606,-0.7640826331528445
116.41,-0.14617772914890473,0.07525915981851161,-0.7670109342799568
116.48,-0.15240090250263502,0.07326628472172672,-0.7699392354070699
116.55,-0.15862407585636404,0.07127340962494227,-0.7728675365341823
116.62,-0.1648472492100944,0.06928053452815741,-0.7757958376612953
116.69,-0.1710704225638234,0.06728765943137295,-0.7787241387884074
116.76,-0.1772935959175537,0.06529478433458809,-0.7816524399155205
116.83,-0.18351676927128283,0.06330190923780361,-0.7845807410426329
116.9,-0.18973994262501312,0.06130903414101875,-0.7875090421697459
116.97,-0.19596311597874214,0.0593161590442343,-0.7904373432968582
117.04,-0.20218628933247243,0.05732328394744943,-0.7933656444239713
117.11,-0.2084094626862015,0.05533040885066497,-0.7962939455510837
117.18,-0.21463263603993185,0.053337533753880104,-0.7992222466781964
117.25,-0.2208558093936609,0.05134465865709564,-0.802150547805309
117.32,-0.22707898274738997,0.049351783560311176,-0.8050788489324214
117.39,-0.23994626356970564,0.017715573604916,-0.8080071500595345
117.46,-0.25281354439201864,-0.013920636350472753,-0.8109354511866466
117.53,-0.2656808252143343,-0.04555684630586794,-0.8138637523137596
117.6,-0.2785481060366473,-0.07719305626125669,-0.816792053440872
117.67,-0.29141538685896295,-0.10882926621665182,-0.8197203545679851
117.74,-0.304282667681276,-0.1404654761720406,-0.8226486556950974
117.81,-0.3171499485035916,-0.1721016861274358,-0.8255769568222104
117.88,-0.3300172293259047,-0.20373789608282458,-0.8285052579493228
117.95,-0.34288451014822025,-0.23537410603821976,-0.8314335590764359
118.02,-0.3557517909705334,-0.26701031599360847,-0.8343618602035482
118.09,-0.3686190717928491,-0.29864652594900365,-0.837290161330661
118.16,-0.38148635261516195,-0.3302827359043924,-0.8402184624577734
118.23,-0.39435363343747765,-0.36191894585978757,-0.8431467635848865
118.3,-0.4072209142597907,-0.3935551558151763,-0.8460750647119988
118.37,-0.4200881950821063,-0.42519136577057154,-0.8490033658391118
118.44,-0.4329554759044194,-0.4568275757259603,-0.8519316669662242
118.51,-0.445822756726735,-0.48846378568135546,-0.8548599680933373
118.58,-0.45869003754904797,-0.5200999956367441,-0.8577882692204496
118.65,-0.47155731837136367,-0.5517362055921394,-0.8607165703475627
118.72,-0.48442459919367675,-0.5833724155475282,-0.8636448714746751
118.79,-0.49729188001599234,-0.6150086255029233,-0.8665731726017881
118.86,-0.5101591608383054,-0.6466448354583121,-0.8695014737289002
118.93,-0.5230264416606211,-0.678281045413707,-0.8724297748560133
119.0,-0.5358937224829341,-0.7099172553690959,-0.8753580759831259
119.07,-0.5487610033052471,-0.7415534653244847,-0.8782863771102383
119.14,-0.5616282841275628,-0.7731896752798799,-0.881214678237351
119.21,-0.5744955649498759,-0.8048258852352685,-0.8841429793644634
119.28,-0.5873628457721913,-0.8364620951906638,-0.8870712804915765
119.35,-0.6002301265945045,-0.8680983051460526,-0.8899995816186889
119.42,-0.6130974074168201,-0.8997345151014478,-0.8929278827458018
119.49,-0.6259646882391331,-0.9313707250568365,-0.8958561838729142
119.56,-0.6388319690614488,-0.9630069350122318,-0.8987844850000271
119.63,-0.6516992498837618,-0.9946431449676204,-0.9017127861271397
119.7,-0.6645665307060774,-1.0262793549230156,-0.9046410872542526
119.77,-0.6774338115283904,-1.0275177450618973,-0.907569388381365
119.84,-0.6903010923507059,-1.028756135200779,-0.9104976895084779
119.91,-0.7031683731730192,-1.0299945253396607,-0.9134259906355902
119.98,-0.7160356539953348,-1.0312329154785427,-0.9163542917627032
120.05,-0.7289029348176478,-1.0324713056174244,-0.9192825928898156
120.12,-0.7417702156399634,-1.0337096957563061,-0.9222108940169287
120.19,-0.7546374964622764,-1.0349480858951878,-0.925139195144041
120.26,-0.7675047772845921,-1.0361864760340695,-0.928067496271154
120.33,-0.7803720581069052,-1.0374248661729515,-0.9309957973982664
120.4,-0.7932393389292207,-1.0386632563118332,-0.9339240985253793
120.47,-0.8061066197515337,-1.039901646450715,-0.9368523996524918
120.54,-0.8189739005738496,-1.0411400365895969,-0.9397807007796046
120.61,-0.8318411813961626,-1.0423784267284784,-0.942709001906717
120.68,-0.8447084622184782,-1.0436168168673603,-0.9456373030338301
120.75,-0.8575757430407911,-1.044855207006242,-0.9485656041609424
120.82,-0.8704430238631042,-1.0460935971451235,-0.951493905288055
120.89,-0.8833103046854198,-1.0473319872840052,-0.9544222064151678
120.96,-0.8961775855077329,-1.0485703774228872,-0.9573505075422802
121.03,-0.9090448663300486,-1.049808767561769,-0.9602788086693932
121.1,-0.9219121471523616,-1.0510471577006504,-0.9632071097965056
121.17,-0.9347794279746772,-1.0522855478395325,-0.9661354109236187
121.24,-0.9476467087969904,-1.053523937978414,-0.969063712050731
121.31,-0.9605139896193057,-1.0547623281172958,-0.9719920131778438
121.38,-0.9733812704416189,-1.0560007182561777,-0.9749203143049564
121.45,-0.9862485512639345,-1.0572391083950594,-0.9778486154320692
121.52,-0.9991158320862478,-1.0584774985339411,-0.9807769165591816
121.59,-1.0119831129085632,-1.059715888672823,-0.9837052176862946
121.66,-1.0248503937308762,-1.0609542788117046,-0.986633518813407
121.73,-1.0377176745531922,-1.0621926689505865,-0.9895618199405201
121.8,-1.050584955375505,-1.0634310590894682,-0.9924901210676325
121.87,-1.0634522361978207,-1.06466944922835,-0.9954184221947454
121.94,-1.0763195170201338,-1.0659078393672317,-0.9983467233218578
122.01,-1.0891867978424494,-1.0671462295061136,-1.0012750244489708
122.08,-1.0891193674242285,-1.0670709196826822,-1.004203325576083
122.15,-1.0890519370060077,-1.066995609859251,-1.0071316267031962
122.22,-1.0889845065877863,-1.0669203000358198,-1.0100599278303086
122.29,-1.0889170761695652,-1.0668449902123884,-1.0129882289574215
122.36,-1.0888496457513448,-1.066769680388957,-1.0159165300845339
122.43,-1.0887822153331237,-1.0666943705655259,-1.018844831211647
122.5,-1.0887147849149028,-1.0666190607420947,-1.0217731323387593
122.57,-1.0886473544966817,-1.0665437509186633,-1.0247014334658715
122.64,-1.0885799240784606,-1.0664684410952319,-1.0276297345929846
122.71,-1.0885124936602397,-1.0663931312718007,-1.030558035720097
122.78,-1.088445063242019,-1.0663178214483693,-1.0334863368472098
122.85,-1.088377632823798,-1.0662425116249379,-1.0364146379743224
122.92,-1.088310202405577,-1.0661672018015065,-1.0393429391014355
122.99,-1.088242771987356,-1.0660918919780755,-1.0422712402285477
123.06,-1.088175341569135,-1.0660165821546441,-1.0451995413556607
123.13,-1.0881079111509142,-1.0659412723312127,-1.0481278424827731
123.2,-1.088040480732693,-1.0658659625077815,-1.051056143609886
123.27,-1.0879730503144722,-1.0657906526843501,-1.0539844447369984
123.34,-1.0879056198962513,-1.0657153428609187,-1.0569127458641114
123.41,-1.0878381894780305,-1.0656400330374876,-1.0598410469912238
123.48,-1.0877707590598096,-1.0655647232140564,-1.062769348118337
123.55,-1.0877033286415885,-1.065489413390625,-1.0656976492454493
123.62,-1.0876358982233676,-1.0654141035671936,-1.0686259503725624
123.69,-1.0875684678051465,-1.0653387937437624,-1.0715542514996743
123.76,-1.0875010373869256,-1.0652634839203312,-1.0744825526267874
123.83,-1.0874336069687047,-1.0651881740968998,-1.0774108537538998
123.9,-1.0873661765504838,-1.0651128642734684,-1.0803391548810128
123.97,-1.0872987461322627,-1.065037554450037,-1.0832674560081252
124.04,-1.0872313157140419,-1.0649622446266058,-1.0861957571352383
124.11,-1.0871638852958208,-1.0648869348031744,-1.0891240582623507
124.18,-1.0870964548776,-1.0648116249797432,-1.0920523593894635
124.25,-1.087029024459379,-1.0647363151563118,-1.094980660516576
124.32,-1.086961594041158,-1.0646610053328809,-1.0979089616436883
124.39,-1.086894163622937,-1.0645856955094495,-1.1008372627708012
124.46,-1.0868267332047161,-1.064510385686018,-1.1037655638979138
124.53,-1.0867593027864952,-1.064435075862587,-1.1066938650250269
124.6,-1.0866918723682744,-1.0643597660391555,-1.109622166152139
124.67,-1.0866244419500533,-1.064284456215724,-1.112550467279252
124.74,-1.0865570115318324,-1.0642091463922927,-1.1154787684063643
124.81,-1.0864895811136113,-1.0641338365688615,-1.1184070695334773
124.88,-1.0864221506953906,-1.0640585267454303,-1.1213353706605897
124.95,-1.0863547202771695,-1.063983216921999,-1.1242636717877028
125.02,-1.0862872898589484,-1.0639079070985675,-1.1271919729148152
125.09,-1.0862198594407275,-1.0638325972751363,-1.130120274041928
125.16,-1.0861524290225064,-1.0637572874517052,-1.1330485751690407
125.23,-1.0860849986042858,-1.0636819776282738,-1.1359768762961535
125.3,-1.0860175681860649,-1.0636066678048424,-1.138905177423266
125.37,-1.0859501377678438,-1.0635313579814112,-1.141833478550379
125.44,-1.0858827073496227,-1.0634560481579798,-1.1447617796774914
125.51,-1.0858152769314018,-1.0633807383345484,-1.1476900808046042
125.58,-1.085747846513181,-1.0633054285111172,-1.1506183819317166
125.65,-1.08568041609496,-1.063230118687686,-1.1535466830588297
125.72,-1.085612985676739,-1.0631548088642546,-1.156474984185942
125.79,-1.085545555258518,-1.0630794990408232,-1.1594032853130551
125.86,-1.0854781248402972,-1.0630041892173923,-1.1623315864401673
125.93,-1.085410694422076,-1.0629288793939609,-1.1652598875672804
126.0,-1.0853432640038552,-1.0628535695705295,-1.1681881886943926
126.07,-1.0852758335856343,-1.062778259747098,-1.171116489821505
126.14,-1.0852084031674132,-1.0627029499236669,-1.174044790948618
126.21,-1.0851409727491925,-1.0626276401002357,-1.1769730920757304
126.28,-1.0850735423309712,-1.062552330276804,-1.1799013932028435
126.35,-1.0850061119127505,-1.0624770204533727,-1.1828296943299557
126.42,-1.0849386814945297,-1.0624017106299415,-1.1857579954570687
126.49,-1.0848712510763088,-1.0623264008065103,-1.1886862965841811
126.56,-1.0848038206580874,-1.0622510909830791,-1.1916145977112942
126.63,-1.0847363902398666,-1.0621757811596477,-1.1945428988384066
126.7,-1.084668959821646,-1.0621004713362165,-1.1974711999655197
126.77,-1.0846015294034248,-1.0620251615127851,-1.2003995010926318
126.84,-1.0845340989852037,-1.0619498516893537,-1.2033278022197451
126.91,-1.0844666685669828,-1.0618745418659223,-1.2062561033468573
126.98,-1.084399238148762,-1.0617992320424912,-1.2091844044739701
127.05,-1.084331807730541,-1.0617239222190598,-1.2121127056010825
127.12,-1.08426437731232,-1.0616486123956284,-1.2150410067281956
127.19,-1.084196946894099,-1.0615733025721974,-1.217969307855308
127.26,-1.0841295164758782,-1.061497992748766,-1.2208976089824208
127.33,-1.084062086057657,-1.0614226829253348,-1.2238259101095335
127.4,-1.0839946556394362,-1.0613473731019032,-1.2267542112366463
127.47,-1.0839272252212155,-1.0612720632784722,-1.2296825123637585
127.54,-1.0838597948029944,-1.0611967534550408,-1.2326108134908715
127.61,-1.0837923643847736,-1.0611214436316094,-1.2355391146179842
127.68,-1.0837249339665525,-1.061046133808178,-1.238467415745097
127.75,-1.0836575035483316,-1.0609708239847468,-1.2413957168722094
127.82,-1.0835900731301107,-1.0608955141613157,-1.244324017999322
127.89,-1.0835226427118896,-1.0608202043378843,-1.2472523191264349
127.96,-1.0834552122936685,-1.0607448945144526,-1.2501806202535473
128.03,-1.0833877818754476,-1.0606695846910217,-1.25310892138066
128.1,-1.083320351457227,-1.0605942748675905,-1.2560372225077725
128.17,-1.0832529210390058,-1.060518965044159,-1.258965523634885
128.24,-1.0831854906207847,-1.0604436552207277,-1.2618938247619984
128.31,-1.0831180602025638,-1.0603683453972965,-1.264822125889111
128.38,-1.0830506297843427,-1.0602930355738651,-1.2677504270162232
128.45,-1.0829831993661219,-1.0602177257504337,-1.2706787281433358
128.52,-1.082915768947901,-1.0601424159270023,-1.2736070292704493
128.59,-1.08284833852968,-1.0600671061035714,-1.2765353303975615
128.66,-1.0827809081114592,-1.0599917962801397,-1.2794636315246737
128.73,-1.0827134776932381,-1.0599164864567086,-1.2823919326517863
128.8,-1.082646047275017,-1.0598411766332774,-1.2853202337789
128.87,-1.0825786168567963,-1.059765866809846,-1.2882485349060124
128.94,-1.0825111864385755,-1.0596905569864148,-1.2911768360331248
129.01,-1.0824437560203544,-1.0596152471629834,-1.2941051371602372
129.08,-1.0823763256021333,-1.0595399373395522,-1.297033438287351
129.15,-1.0823088951839124,-1.0594646275161208,-1.299961739414463
129.22,-1.0822414647656917,-1.0593893176926894,-1.3028900405415753
129.29,-1.0821740343474706,-1.059314007869258,-1.305818341668688
129.36,-1.0821066039292495,-1.0592386980458268,-1.3087466427958014
129.43,-1.0820391735110286,-1.0591633882223956,-1.3116749439229138
129.5,-1.0819717430928077,-1.0590880783989642,-1.3146032450500262
129.57,-1.0819043126745869,-1.0590127685755328,-1.3175315461771386
129.64,-1.081836882256366,-1.0589374587521019,-1.3204598473042508
129.71,-1.0817694518381449,-1.0588621489286703,-1.3233881484313643
129.78,-1.081702021419924,-1.058786839105239,-1.326316449558477
129.85,-1.081634591001703,-1.0587115292818077,-1.3292447506855891
129.92,-1.0815671605834822,-1.0586362194583765,-1.3321730518127017
129.99,-1.0814997301652611,-1.058560909634945,-1.335101352939815
130.06,-1.0814322997470402,-1.058485599811514,-1.3380296540669276
130.13,-1.0813648693288191,-1.0584102899880827,-1.3409579551940403
130.2,-1.081297438910598,-1.0583349801646513,-1.3438862563211522
130.27,-1.0812300084923774,-1.05825967034122,-1.346814557448266
130.34,-1.0811625780741565,-1.0581843605177885,-1.3497428585753783
130.41,-1.0810951476559354,-1.0581090506943576,-1.3526711597024907
130.48,-1.0810277172377143,-1.058033740870926,-1.355599460829603
130.55,-1.0809602868194934,-1.0579584310474948,-1.3585277619567167
130.62,-1.0808928564012725,-1.0578831212240634,-1.3614560630838293
130.69,-1.0808254259830516,-1.0578078114006324,-1.3643843642109414
130.76,-1.0807579955648308,-1.0577325015772008,-1.3673126653380538
130.83,-1.0806905651466097,-1.0576571917537696,-1.3702409664651674
130.9,-1.0806231347283886,-1.0575818819303382,-1.3731692675922798
130.97,-1.0805557043101677,-1.0575065721069072,-1.3760975687193922
131.04,-1.0804882738919468,-1.0574312622834756,-1.3790258698465045
131.11,-1.080420843473726,-1.0573559524600442,-1.3819541709736183
131.18,-1.080353413055505,-1.057280642636613,-1.3848824721007305
131.25,-1.080285982637284,-1.0572053328131816,-1.387810773227843
131.32,-1.080218552219063,-1.0571300229897505,-1.3907390743549553
131.39,-1.080151121800842,-1.0570547131663188,-1.3936673754820674
131.46,-1.0801895698596355,-1.0571831820046553,-1.395209755373246
131.53,-1.080228017918429,-1.0573116508429916,-1.3967521352644245
131.6,-1.0802664659772225,-1.057440119681328,-1.3982945151556023
131.67,-1.0803049140360157,-1.0575685885196642,-1.39983689504678
131.74,-1.080343362094809,-1.0576970573580007,-1.401379274937959
131.81,-1.0803818101536025,-1.057825526196337,-1.4029216548291368
131.88,-1.080420258212396,-1.057953995034673,-1.4044640347203148
131.95,-1.0804587062711892,-1.0580824638730093,-1.4060064146114928
132.02,-1.080497154329983,-1.0582109327113456,-1.4075487945026715
132.09,-1.0805356023887764,-1.058339401549682,-1.4090911743938492
132.16,-1.0805740504475696,-1.0584678703880184,-1.4106335542850272
132.23,-1.0806124985063632,-1.0585963392263544,-1.4121759341762055
132.3,-1.0806509465651566,-1.058724808064691,-1.413718314067384
132.37,-1.08068939462395,-1.0588532769030274,-1.4152606939585621
132.44,-1.0807278426827434,-1.0589817457413633,-1.41680307384974
132.51,-1.0807662907415367,-1.0591102145796998,-1.418345453740918
132.58,-1.0808047388003303,-1.059238683418036,-1.4198878336320966
132.65,-1.0808431868591237,-1.0593671522563723,-1.4214302135232746
132.72,-1.0808816349179171,-1.0594956210947086,-1.4229725934144524
132.79,-1.0809200829767107,-1.059624089933045,-1.4245149733056301
132.86,-1.0809585310355043,-1.0597525587713814,-1.4260573531968093
132.93,-1.0809969790942975,-1.0598810276097177,-1.4275997330879873
133.0,-1.0810354271530909,-1.0600094964480538,-1.4291421129791653
133.07,-1.0810738752118845,-1.0601379652863903,-1.430684492870343
133.14,-1.0811123232706776,-1.0602664341247265,-1.432226872761521
133.21,-1.0811507713294712,-1.0603949029630626,-1.4337692526527
133.28,-1.0811892193882644,-1.0605233718013989,-1.4353116325438777
133.35,-1.0812276674470578,-1.0606518406397352,-1.4368540124350555
133.42,-1.0812661155058516,-1.0607803094780714,-1.4383963923262335
133.49,-1.081304563564645,-1.0609087783164077,-1.4399387722174122
133.56,-1.0813430116234384,-1.061037247154744,-1.4414811521085902
133.63,-1.0813814596822318,-1.0611657159930803,-1.4430235319997682
133.7,-1.0814199077410251,-1.0612941848314166,-1.4445659118909464
133.77,-1.0814583557998187,-1.061422653669753,-1.4461082917821249
133.84,-1.081496803858612,-1.0615511225080891,-1.4476506716733026
133.91,-1.0815352519174053,-1.0616795913464254,-1.4491930515644809
133.98,-1.081573699976199,-1.061808060184762,-1.4507354314556586
134.05,-1.0816121480349925,-1.0619365290230982,-1.4522778113468373
134.12,-1.0816505960937859,-1.0620649978614345,-1.4538201912380153
134.19,-1.0816890441525793,-1.0621934666997708,-1.4553625711291933
134.26,-1.0817274922113727,-1.062321935538107,-1.4569049510203713
134.33,-1.081765940270166,-1.0624504043764433,-1.45844733091155
134.4,-1.0818043883289594,-1.0625788732147796,-1.459989710802728
134.47,-1.0818428363877528,-1.062707342053116,-1.4615320906939058
134.54,-1.0818812844465462,-1.0628358108914522,-1.463074470585084
134.61,-1.0819197325053398,-1.0629642797297887,-1.4646168504762624
134.68,-1.081958180564133,-1.0630927485681247,-1.4661592303674404
134.75,-1.0819966286229268,-1.0632212174064612,-1.4677016102586184
134.82,-1.0820350766817202,-1.0633496862447975,-1.4692439901497965
134.89,-1.0820735247405135,-1.0634781550831338,-1.4707863700409742
134.96,-1.082111972799307,-1.06360662392147,-1.4723287499321531
135.03,-1.0821504208581003,-1.0637350927598064,-1.4738711298233311
135.1,-1.0821888689168937,-1.0638635615981427,-1.4754135097145091
135.17,-1.0822273169756873,-1.063992030436479,-1.4769558896056871
135.24,-1.0822657650344805,-1.0641204992748152,-1.4784982694968656
135.31,-1.082304213093274,-1.0642489681131515,-1.4800406493880436
135.38,-1.0823426611520675,-1.0643774369514878,-1.4815830292792216
135.45,-1.082381109210861,-1.064505905789824,-1.4831254091703996
135.52,-1.0824195572696544,-1.0646343746281606,-1.484667789061578
135.59,-1.0824580053284478,-1.0647628434664964,-1.4862101689527563
135.66,-1.0824964533872412,-1.0648913123048327,-1.4877525488439343
135.73,-1.0825349014460346,-1.0650197811431692,-1.4892949287351123
135.8,-1.082573349504828,-1.0651482499815055,-1.4908373086262907
135.87,-1.0826117975636214,-1.0652767188198418,-1.4923796885174687
135.94,-1.082650245622415,-1.065405187658178,-1.4939220684086467
136.01,-1.0826886936812083,-1.0655336564965143,-1.4954644482998247
136.08,-1.0827271417400017,-1.0656621253348506,-1.4970068281910034
136.15,-1.0827655897987953,-1.065790594173187,-1.4985492080821812
136.22,-1.0828040378575887,-1.0659190630115232,-1.5000915879733592
136.29,-1.0828424859163823,-1.0660475318498595,-1.5016339678645374
136.36,-1.0828809339751755,-1.066176000688196,-1.5031763477557158
136.43,-1.0829193820339689,-1.066304469526532,-1.5047187276468938
136.5,-1.0829578300927625,-1.0664329383648685,-1.506261107538072
136.57,-1.0829962781515559,-1.0665614072032048,-1.50780348742925
136.64,-1.0830347262103492,-1.066689876041541,-1.5093458673204279
136.71,-1.0830731742691426,-1.0668183448798774,-1.5108882472116065
136.78,-1.083111622327936,-1.0669468137182136,-1.5124306271027843
136.85,-1.0831500703867296,-1.06707528255655,-1.5139730069939623
136.92,-1.083188518445523,-1.0672037513948862,-1.5155153868851403
136.99,-1.0832269665043164,-1.0673322202332225,-1.5170577667763192
137.06,-1.0832654145631098,-1.067460689071559,-1.5186001466674972
137.13,-1.0833038626219034,-1.067589157909895,-1.5201425265586752
137.2,-1.0833423106806965,-1.0677176267482313,-1.521684906449853
137.27,-1.08338075873949,-1.0678460955865676,-1.5232272863410317
137.34,-1.0834192067982835,-1.0679745644249041,-1.5247696662322097
137.41,-1.083457654857077,-1.0681030332632404,-1.5263120461233877
137.48,-1.0834961029158703,-1.0682315021015767,-1.5278544260145654
137.55,-1.083534550974664,-1.068359970939913,-1.5293968059057441
137.62,-1.0835729990334573,-1.0684884397782493,-1.5309391857969223
137.69,-1.0836114470922509,-1.0686169086165855,-1.5324815656881003
137.76,-1.0836498951510443,-1.0687453774549218,-1.5340239455792783
137.83,-1.0836883432098374,-1.068873846293258,-1.5355663254704568
137.9,-1.083726791268631,-1.0690023151315946,-1.5371087053616348
137.97,-1.0837652393274244,-1.0691307839699304,-1.5386510852528128
138.04,-1.0838036873862178,-1.069259252808267,-1.5401934651439906
138.11,-1.0838421354450112,-1.0693877216466032,-1.5417358450351693
138.18,-1.0838805835038046,-1.0695161904849395,-1.5432782249263473
138.25,-1.0839190315625982,-1.0696446593232758,-1.5448206048175253
138.32,-1.0839574796213918,-1.069773128161612,-1.5463629847087035
138.39,-1.083995927680185,-1.0699015969999484,-1.5479053645998815
138.46,-1.0840343757389783,-1.0700300658382846,-1.5494477444910602
138.53,-1.084072823797772,-1.070158534676621,-1.550990124382238
138.6,-1.0841112718565653,-1.0702870035149572,-1.5525325042734157
138.67,-1.0841497199153587,-1.0704154723532935,-1.554074884164594
138.74,-1.084188167974152,-1.0705439411916298,-1.5556172640557726
138.81,-1.0842266160329455,-1.070672410029966,-1.5571596439469504
138.88,-1.0842650640917393,-1.0708008788683023,-1.5587020238381284
138.95,-1.0843035121505324,-1.0709293477066386,-1.5602444037293064
139.02,-1.084341960209326,-1.071057816544975,-1.5617867836204853
139.09,-1.0843804082681194,-1.0711862853833114,-1.563329163511663
139.16,-1.0844188563269128,-1.0713147542216477,-1.5648715434028413
139.23,-1.0844573043857062,-1.071443223059984,-1.566413923294019
139.3,-1.0844957524444996,-1.0715716918983202,-1.5679563031851977
139.37,-1.084534200503293,-1.0717001607366565,-1.5694986830763755
139.44,-1.0845726485620863,-1.071828629574993,-1.5710410629675535
139.51,-1.0846110966208797,-1.071957098413329,-1.5725834428587315
139.58,-1.0846495446796731,-1.0720855672516656,-1.5741258227499102
139.65,-1.0846879927384667,-1.0722140360900019,-1.5756682026410882
139.72,-1.08472644079726,-1.0723425049283382,-1.5772105825322664
139.79,-1.0847648888560535,-1.0724709737666744,-1.5787529624234442
139.86,-1.0848033369148469,-1.0725994426050107,-1.5802953423146229
139.93,-1.0848417849736405,-1.072727911443347,-1.5818377222058009
140.0,-1.0848802330324339,-1.0728563802816833,-1.5833801020969789
140.07,-1.0849186810912272,-1.0729848491200196,-1.5849224819881567
140.14,-1.0849571291500208,-1.0731133179583559,-1.5864648618793349
140.21,-1.0849955772088142,-1.0732417867966921,-1.5880072417705131
140.28,-1.0850340252676078,-1.0733702556350282,-1.5895496216616913
140.35,-1.0850724733264012,-1.0734987244733645,-1.5910920015528693
140.42,-1.0851109213851946,-1.0736271933117008,-1.5926343814440476
140.49,-1.085149369443988,-1.073755662150037,-1.594176761335226
140.56,-1.0851878175027814,-1.0738841309883733,-1.595719141226404
140.63,-1.0852262655615748,-1.0740125998267096,-1.5972615211175818
140.7,-1.0852647136203681,-1.074141068665046,-1.59880390100876
140.77,-1.0853031616791615,-1.0742695375033824,-1.6003462808999385
140.84,-1.085341609737955,-1.0743980063417187,-1.6018886607911165
140.91,-1.0853800577967483,-1.0745264751800547,-1.6034310406822943
140.98,-1.085418505855542,-1.0746549440183912,-1.6049734205734725
141.05,-1.0854569539143355,-1.0747834128567277,-1.6065158004646514
141.12,-1.0854954019731289,-1.074911881695064,-1.6080581803558291
141.19,-1.0855338500319223,-1.0750403505334,-1.6096005602470072
141.26,-1.0855722980907156,-1.0751688193717366,-1.6111429401381852
141.33,-1.0856107461495093,-1.0752972882100729,-1.6126853200293638
141.4,-1.0856491942083026,-1.0754257570484091,-1.6142276999205416
141.47,-1.085687642267096,-1.0755542258867454,-1.6157700798117194
141.54,-1.0857260903258894,-1.0756826947250817,-1.6173124597028976
141.61,-1.0857645383846828,-1.075811163563418,-1.6188548395940763
141.68,-1.0858029864434764,-1.0759396324017543,-1.6203972194852545
141.75,-1.0858414345022698,-1.0760681012400906,-1.6219395993764323
141.82,-1.0858798825610632,-1.0761965700784268,-1.6234819792676103
141.89,-1.0859183306198565,-1.0763250389167631,-1.6250243591587883
141.96,-1.08595677867865,-1.0764535077550994,-1.6265667390499667
142.03,-1.0859952267374433,-1.0765819765934357,-1.628109118941145
142.1,-1.0860336747962367,-1.076710445431772,-1.6296514988323227
142.17,-1.08607212285503,-1.0768389142701082,-1.6311938787235005
142.24,-1.0861105709138237,-1.0769673831084445,-1.6327362586146792
142.31,-1.0861490189726168,-1.0770958519467808,-1.6342786385058572
142.38,-1.0861874670314107,-1.0772243207851173,-1.6358210183970354
142.45,-1.086225915090204,-1.0773527896234536,-1.6373633982882134
142.52,-1.0862643631489974,-1.0774812584617899,-1.6389057781793919
142.59,-1.0863028112077908,-1.0776097273001262,-1.64044815807057
142.66,-1.0863412592665842,-1.0777381961384624,-1.6419905379617479
142.73,-1.0863797073253776,-1.0778666649767985,-1.6435329178529259
142.8,-1.086418155384171,-1.0779951338151348,-1.6450752977441045
142.87,-1.0864566034429646,-1.078123602653471,-1.6466176776352823
142.94,-1.086495051501758,-1.0782520714918076,-1.6481600575264603
143.01,-1.0865334995605513,-1.0783805403301436,-1.6497024374176386
143.08,-1.086571947619345,-1.0785090091684801,-1.651244817308817
143.15,-1.0866103956781383,-1.0786374780068164,-1.652787197199995
143.22,-1.0866488437369317,-1.0787659468451527,-1.6543295770911732
143.29,-1.086687291795725,-1.078894415683489,-1.6558719569823512
143.36,-1.0867257398545185,-1.0790228845218253,-1.65741433687353
143.43,-1.0867641879133119,-1.0791513533601615,-1.6589567167647077
143.5,-1.0868026359721052,-1.0792798221984978,-1.6604990966558855
143.57,-1.0868410840308986,-1.0794082910368341,-1.6620414765470635
143.64,-1.0868795320896922,-1.0795367598751704,-1.6635838564382415
143.71,-1.0869179801484854,-1.0796652287135067,-1.6651262363294204
143.78,-1.0869564282072792,-1.079793697551843,-1.6666686162205981
143.85,-1.0869948762660726,-1.0799221663901792,-1.6682109961117761
143.92,-1.087033324324866,-1.0800506352285155,-1.6697533760029541
143.99,-1.0870717723836594,-1.0801791040668518,-1.6712957558941328
144.06,-1.087110220442453,-1.0803075729051883,-1.6728381357853108
144.13,-1.0871486685012461,-1.0804360417435246,-1.6743805156764888
144.2,-1.0871871165600397,-1.0805645105818606,-1.6759228955676666
144.27,-1.0872255646188331,-1.0806929794201972,-1.6774652754588453
144.34,-1.0872640126776265,-1.0808214482585334,-1.6790076553500233
144.41,-1.08730246073642,-1.0809499170968697,-1.6805500352412015
144.48,-1.0873409087952135,-1.081078385935206,-1.6820924151323793
144.55,-1.0873793568540069,-1.0812068547735423,-1.683634795023558
144.62,-1.0874178049128003,-1.0813353236118786,-1.685177174914736
144.69,-1.0874562529715937,-1.081463792450215,-1.686719554805914
144.76,-1.087494701030387,-1.0815922612885511,-1.688261934697092
144.83,-1.0875331490891806,-1.0817207301268876,-1.6898043145882704
144.9,-1.0875715971479738,-1.081849198965224,-1.6913466944794484
144.97,-1.0876100452067674,-1.0819776678035602,-1.6928890743706264
145.04,-1.0876484932655608,-1.0821061366418965,-1.6944314542618044
145.11,-1.0876869413243544,-1.0822346054802325,-1.695973834152983
145.18,-1.0877253893831478,-1.0823630743185688,-1.6975162140441613
145.25,-1.0877638374419412,-1.082491543156905,-1.699058593935339
145.32,-1.0878022855007345,-1.0826200119952414,-1.700600973826517
145.39,-1.087840733559528,-1.0827484808335777,-1.7021433537176949
145.46,-1.0878791816183215,-1.082876949671914,-1.7036857336088735
145.53,-1.0879176296771147,-1.0830054185102502,-1.7052281135000515
145.6,-1.0879560777359083,-1.0831338873485865,-1.7067704933912293
145.67,-1.0879945257947017,-1.0832623561869228,-1.7083128732824076
145.74,-1.088032973853495,-1.083390825025259,-1.7098552531735862
145.81,-1.0880714219122887,-1.0835192938635956,-1.7113976330647642
145.88,-1.088109869971082,-1.0836477627019316,-1.7129400129559422
145.95,-1.0881483180298754,-1.083776231540268,-1.7144823928471202
146.02,-1.0881867660886688,-1.0839047003786044,-1.716024772738299
146.09,-1.0882252141474622,-1.0840331692169407,-1.7175671526294767
146.16,-1.0882636622062558,-1.084161638055277,-1.7191095325206547
146.23,-1.088302110265049,-1.0842901068936133,-1.7206519124118327
146.3,-1.0883405583238424,-1.0844185757319496,-1.7221942923030114
146.37,-1.088379006382636,-1.0845470445702858,-1.7237366721941891
146.44,-1.0884174544414293,-1.0846755134086221,-1.7252790520853674
146.51,-1.088455902500223,-1.0848039822469584,-1.7268214319765454
146.58,-1.0884943505590163,-1.084932451085295,-1.728363811867724
146.65,-1.0885327986178097,-1.0850609199236312,-1.7299061917589018
146.72,-1.088571246676603,-1.0851893887619675,-1.73144857165008
146.79,-1.0886096947353967,-1.0853178576003037,-1.7329909515412578
146.86,-1.08864814279419,-1.08544632643864,-1.7345333314324365
146.93,-1.0886865908529835,-1.0855747952769763,-1.7360757113236145
147.0,-1.0887250389117769,-1.0857032641153126,-1.7376180912147925
147.07,-1.0887634869705702,-1.0858317329536489,-1.7391604711059703
147.14,-1.0888019350293636,-1.0859602017919852,-1.7407028509971483
147.21,-1.0888403830881572,-1.0860886706303214,-1.7422452308883272
147.28,-1.0888788311469506,-1.0862171394686577,-1.743787610779505
147.35,-1.088917279205744,-1.086345608306994,-1.745329990670683
147.42,-1.0889557272645374,-1.08647407714533,-1.746872370561861
147.49,-1.0889941753233308,-1.0866025459836668,-1.7484147504530394
147.56,-1.0890326233821244,-1.0867310148220028,-1.7499571303442174
147.63,-1.0890710714409175,-1.086859483660339,-1.7514995102353956
147.7,-1.0891095194997111,-1.0869879524986752,-1.7530418901265734
147.77,-1.0891479675585045,-1.0871164213370117,-1.754584270017752
147.84,-1.089186415617298,-1.087244890175348,-1.7561266499089303
147.91,-1.0892248636760915,-1.0873733590136843,-1.757669029800108
147.98,-1.0892633117348849,-1.0875018278520205,-1.759211409691286
148.05,-1.0893017597936783,-1.0876302966903568,-1.7607537895824648
148.12,-1.0893402078524719,-1.087758765528693,-1.7622961694736428
148.19,-1.0893786559112653,-1.0878872343670294,-1.7638385493648205
148.26,-1.0894171039700584,-1.0880157032053657,-1.7653809292559985
148.33,-1.0894555520288518,-1.088144172043702,-1.7669233091471772
148.4,-1.0894940000876454,-1.0882726408820385,-1.7684656890383552
148.47,-1.0895324481464388,-1.0884011097203747,-1.7700080689295332
148.54,-1.0895708962052322,-1.0885295785587108,-1.7715504488207114
148.61,-1.0896093442640258,-1.0886580473970473,-1.77309282871189
148.68,-1.0896477923228194,-1.0887865162353834,-1.774635208603068
148.75,-1.0896862403816125,-1.0889149850737199,-1.776177588494246
148.82,-1.089724688440406,-1.0890434539120561,-1.777719968385424
148.89,-1.0897631364991995,-1.0891719227503924,-1.779262348276602
148.96,-1.089801584557993,-1.0893003915887287,-1.7808047281677803
149.03,-1.0898400326167863,-1.089428860427065,-1.7823471080589584
149.1,-1.0898784806755797,-1.0895573292654013,-1.7838894879501361
149.17,-1.0899169287343733,-1.0896857981037376,-1.7854318678413146
149.24,-1.0899553767931665,-1.0898142669420738,-1.786974247732493
149.31,-1.0899938248519603,-1.0899427357804101,-1.788516627623671
149.38,-1.0900322729107534,-1.0900712046187466,-1.790059007514849
149.45,-1.090070720969547,-1.090199673457083,-1.7916013874060273
149.52,-1.0901091690283402,-1.0903281422954192,-1.7931437672972055
149.59,-1.0901476170871338,-1.0904566111337552,-1.7946861471883835
149.66,-1.0901860651459272,-1.090585079972092,-1.7962285270795617
149.73,-1.0902245132047208,-1.090713548810428,-1.7977709069707395
149.8,-1.090262961263514,-1.0908420176487643,-1.7993132868619184
149.87,-1.0903014093223073,-1.0909704864871004,-1.8008556667530962
149.94,-1.0903398573811007,-1.0910989553254367,-1.8023980466442744
150.01,-1.0903783054398946,-1.0912274241637732,-1.8039404265354522
150.08,-1.0904167534986877,-1.0913558930021094,-1.8054828064266306
150.15,-1.090455201557481,-1.0914843618404455,-1.8070251863178086
