,Wd,We,"theta(Wd,We)","x(Wd,We)","y(Wd,We)"
0.0,1.1508502169431087,0.9414553823249435,0.023852195139159867,0.0,1.4
0.07,1.1693216359317347,0.9656766043316405,0.02363008765424753,0.0,1.4
0.14,1.187793054920361,0.9898978263383377,0.02340798016933519,0.0,1.4
0.21,1.206264473908987,1.0141190483450346,0.02318587268442285,0.0,1.4
0.28,1.224735892897613,1.0383402703517317,0.02296376519951051,0.0,1.4
0.35,1.2432073118862392,1.0625614923584288,0.02274165771459817,0.0,1.4
0.42,1.2616787308748652,1.0867827143651259,0.022519550229685832,0.0,1.4
0.49,1.280150149863491,1.111003936371823,0.0222974427447735,0.0,1.4
0.56,1.2986215688521172,1.13522515837852,0.022075335259861162,0.0,1.4
0.63,1.3170929878407434,1.159446380385217,0.021853227774948823,0.0,1.4
0.7,1.3355644068293695,1.1836676023919144,0.021631120290036485,0.0,1.4
0.77,1.3540358258179954,1.2078888243986112,0.021409012805124146,0.0,1.4
0.84,1.3725072448066213,1.2321100464053083,0.021186905320211807,0.0,1.4
0.91,1.3909786637952475,1.2563312684120054,0.02096479783529947,0.0,1.4
0.98,1.4094500827838736,1.2805524904187024,0.02074269035038713,0.01,1.4
1.05,1.4279215017724998,1.3047737124253995,0.02052058286547479,0.01,1.4
1.12,1.446392920761126,1.3289949344320966,0.020298475380562453,0.02,1.4
1.19,1.4648643397497518,1.3532161564387937,0.020076367895650114,0.03,1.4
1.26,1.4833357587383782,1.3774373784454907,0.019854260410737776,0.03,1.4
1.33,1.5018071777270041,1.4016586004521878,0.01963215292582544,0.04,1.4
1.4,1.52027859671563,1.425879822458885,0.019410045440913102,0.04,1.4
1.47,1.5387500157042562,1.450101044465582,0.019187937956000763,0.05,1.4
1.54,1.5572214346928823,1.474322266472279,0.018965830471088425,0.05,1.4
1.61,1.5756928536815082,1.4985434884789761,0.018743722986176083,0.06,1.4
1.68,1.5941642726701342,1.522764710485673,0.018521615501263747,0.06,1.4
1.75,1.6126356916587605,1.5469859324923703,0.018299508016351405,0.07,1.4
1.82,1.6311071106473864,1.5712071544990673,0.018077400531439067,0.07,1.4
1.89,1.6495785296360126,1.5954283765057644,0.017855293046526728,0.08,1.4
1.96,1.6680499486246385,1.6196495985124613,0.01763318556161439,0.08,1.4
2.03,1.6865213676132647,1.6438708205191583,0.01741107807670205,0.09,1.4
2.1,1.7049927866018908,1.6680920425258556,0.017188970591789712,0.1,1.4
2.17,1.723464205590517,1.6923132645325527,0.016966863106877374,0.1,1.4
2.24,1.7419356245791429,1.7165344865392496,0.016744755621965035,0.11,1.4
2.31,1.760407043567769,1.7407557085459469,0.0165226481370527,0.11,1.4
2.38,1.7788784625563951,1.764976930552644,0.016300540652140365,0.12,1.4
2.45,1.797349881545021,1.789198152559341,0.016078433167228023,0.12,1.4
2.52,1.8158213005336472,1.8134193745660379,0.015856325682315684,0.13,1.4
2.59,1.8342927195222734,1.8376405965727352,0.015634218197403345,0.14,1.4
2.66,1.8527641385108993,1.8618618185794322,0.015412110712491007,0.14,1.4
2.73,1.8712355574995252,1.886083040586129,0.015190003227578668,0.15,1.4
2.8,1.8897069764881513,1.9103042625928264,0.01496789574266633,0.15,1.4
2.87,1.9081783954767775,1.9345254845995237,0.014745788257753991,0.16,1.4
2.94,1.9266498144654036,1.9587467066062205,0.014523680772841652,0.16,1.4
3.01,1.9451212334540298,1.9829679286129174,0.014301573287929314,0.17,1.4
3.08,1.9635926524426557,2.0071891506196144,0.014079465803016975,0.17,1.4
3.15,1.9820640714312818,2.0314103726263117,0.013857358318104637,0.18,1.4
3.22,2.000535490419908,2.0556315946330086,0.013635250833192298,0.18,1.4
3.29,2.019006909408534,2.079852816639706,0.013413143348279963,0.19,1.4
3.36,2.03747832839716,2.1040740386464027,0.013191035863367624,0.19,1.4
3.43,2.055949747385786,2.1282952606530996,0.012968928378455286,0.2,1.4
3.5,2.074421166374412,2.152516482659797,0.012746820893542947,0.21,1.4
3.57,2.092892585363038,2.1767377046664937,0.012524713408630608,0.21,1.4
3.64,2.1113640043516644,2.200958926673191,0.01230260592371827,0.22,1.4
3.71,2.1298354233402903,2.225180148679888,0.012080498438805931,0.22,1.4
3.78,2.148306842328916,2.249401370686585,0.011858390953893596,0.23,1.4
3.85,2.1667782613175426,2.2736225926932825,0.011636283468981257,0.23,1.4
3.92,2.1852496803061685,2.2978438146999793,0.011414175984068919,0.24,1.4
3.99,2.203721099294795,2.3220650367066766,0.01119206849915658,0.24,1.4
4.06,2.222192518283421,2.3462862587133735,0.010969961014244241,0.25,1.4
4.13,2.2406639372720467,2.370507480720071,0.010747853529331903,0.25,1.4
4.2,2.259135356260673,2.3947287027267676,0.010525746044419563,0.26,1.4
4.27,2.277606775249299,2.4189499247334645,0.010303638559507226,0.27,1.4
4.34,2.296078194237925,2.443171146740162,0.010081531074594887,0.27,1.4
4.41,2.3145496132265513,2.467392368746859,0.009859423589682548,0.28,1.4
4.48,2.333021032215177,2.491613590753556,0.009637316104770208,0.28,1.4
4.55,2.351492451203803,2.515834812760253,0.009415208619857871,0.29,1.4
4.62,2.3699638701924295,2.54005603476695,0.00919310113494553,0.29,1.4
4.69,2.3884352891810554,2.564277256773647,0.008970993650033192,0.3,1.4
4.76,2.4069067081696813,2.5884984787803442,0.008748886165120859,0.3,1.4
4.83,2.4055750033680305,2.5838000639086607,0.00852677868020852,0.31,1.4
4.9,2.4042432985663797,2.5791016490369776,0.00830467119529618,0.31,1.4
4.97,2.402911593764729,2.574403234165294,0.008082563710383845,0.32,1.4
5.04,2.401579888963078,2.5697048192936105,0.007860456225471506,0.33,1.4
5.11,2.4002481841614274,2.565006404421928,0.007638348740559166,0.33,1.4
5.18,2.3989164793597766,2.560307989550244,0.007416241255646829,0.34,1.4
5.25,2.397584774558126,2.5556095746785608,0.00719413377073449,0.34,1.4
5.32,2.396253069756475,2.5509111598068777,0.006972026285822152,0.35,1.4
5.39,2.394921364954824,2.546212744935194,0.006749918800909815,0.35,1.4
5.46,2.3935896601531734,2.5415143300635106,0.006527811315997471,0.36,1.4
5.53,2.3922579553515226,2.5368159151918275,0.006305703831085132,0.36,1.4
5.6,2.3909262505498723,2.5321175003201444,0.006083596346172797,0.37,1.4
5.67,2.389594545748221,2.5274190854484604,0.005861488861260457,0.38,1.4
5.74,2.3882628409465703,2.5227206705767773,0.005639381376348118,0.38,1.4
5.81,2.38693113614492,2.518022255705094,0.005417273891435781,0.39,1.4
5.88,2.385599431343269,2.5133238408334106,0.005195166406523443,0.39,1.4
5.95,2.3842677265416183,2.5086254259617276,0.004973058921611102,0.4,1.4
6.02,2.3829360217399675,2.503927011090044,0.0047509514366987655,0.4,1.4
6.09,2.3816043169383168,2.499228596218361,0.004528843951786427,0.41,1.4
6.16,2.380272612136666,2.4945301813466774,0.004306736466874088,0.41,1.4
6.23,2.378940907335015,2.489831766474994,0.004084628981961748,0.42,1.4
6.3,2.3776092025333644,2.4851333516033107,0.0038625214970494093,0.43,1.4
6.37,2.3762774977317136,2.480434936731627,0.003640414012137074,0.43,1.4
6.44,2.374945792930063,2.475736521859944,0.0034183065272247355,0.44,1.4
6.51,2.373614088128412,2.4710381069882605,0.0031961990423123986,0.44,1.4
6.58,2.3722823833267612,2.4663396921165774,0.00297409155740006,0.45,1.4
6.65,2.3709506785251104,2.461641277244894,0.0027519840724877214,0.45,1.4
6.72,2.3696189737234596,2.456942862373211,0.0025298765875753845,0.46,1.4
6.79,2.368287268921809,2.4522444475015273,0.002307769102663044,0.46,1.4
6.86,2.366955564120158,2.4475460326298437,0.0020856616177507056,0.47,1.4
6.93,2.3656238593185073,2.4428476177581606,0.001863554132838367,0.48,1.4
7.0,2.364292154516857,2.4381492028864775,0.0016414466479260283,0.48,1.4
7.07,2.3629604497152057,2.4334507880147935,0.001419339163013688,0.49,1.4
7.14,2.3616287449135553,2.4287523731431104,0.001197231678101351,0.49,1.4
7.21,2.360297040111904,2.4240539582714273,0.0009751241931890125,0.5,1.4
7.28,2.3589653353102538,2.419355543399744,0.0007530167082766739,0.5,1.4
7.35,2.3576336305086025,2.414657128528061,0.0005309092233643387,0.51,1.4
7.42,2.356301925706952,2.409958713656377,0.0003088017384519984,0.51,1.4
7.49,2.354970220905301,2.405260298784694,8.669425353965976e-05,0.52,1.4
7.56,2.3536385161036506,2.400561883913011,-0.00013541323137267539,0.52,1.4
7.63,2.352306811302,2.3958634690413274,-0.00035752071628501574,0.53,1.4
7.7,2.350975106500349,2.391165054169644,-0.0005796282011973544,0.54,1.4
7.77,2.349643401698698,2.3864666392979608,-0.0008017356861096912,0.54,1.4
7.84,2.3483116968970474,2.3817682244262777,-0.0010238431710220298,0.55,1.4
7.91,2.3469799920953966,2.377069809554594,-0.0012459506559343702,0.55,1.4
7.98,2.345648287293746,2.3723713946829106,-0.0014680581408467088,0.56,1.4
8.05,2.344316582492095,2.367672979811227,-0.001690165625759051,0.56,1.4
8.12,2.3429848776904443,2.362974564939544,-0.0019122731106713843,0.57,1.4
8.19,2.3416531728887935,2.3582761500678604,-0.0021343805955837247,0.57,1.4
8.26,2.3403214680871427,2.3535777351961773,-0.0023564880804960615,0.58,1.4
8.33,2.338989763285492,2.3488793203244938,-0.0025785955654084036,0.59,1.4
8.4,2.337658058483841,2.34418090545281,-0.0028007030503207422,0.59,1.4
8.47,2.3363263536821908,2.339482490581127,-0.003022810535233081,0.6,1.4
8.54,2.3349946488805395,2.3347840757094436,-0.0032449180201454125,0.6,1.4
8.61,2.333662944078889,2.330085660837761,-0.003467025505057751,0.61,1.4
8.68,2.3323312392772384,2.3253872459660774,-0.0036891329899700898,0.61,1.4
8.75,2.330999534475587,2.320688831094394,-0.003911240474882428,0.62,1.4
8.82,2.329667829673937,2.3159904162227103,-0.004133347959794767,0.62,1.4
8.89,2.3283361248722856,2.311292001351027,-0.004355455444707109,0.63,1.4
8.96,2.327004420070635,2.3065935864793436,-0.004577562929619448,0.64,1.4
9.03,2.3256727152689844,2.3018951716076606,-0.004799670414531781,0.64,1.4
9.1,2.324341010467333,2.297196756735977,-0.00502177789944412,0.65,1.4
9.17,2.323009305665683,2.2924983418642935,-0.005243885384356462,0.65,1.4
9.24,2.321677600864032,2.2877999269926104,-0.0054659928692688,0.66,1.4
9.31,2.3203458960623813,2.2831015121209273,-0.005688100354181141,0.66,1.4
9.38,2.31901419126073,2.2784030972492437,-0.005910207839093479,0.67,1.4
9.45,2.3176824864590797,2.2737046823775606,-0.006132315324005811,0.67,1.4
9.52,2.3178386325526423,2.2736712730921416,-0.00635442280891815,0.68,1.4
9.59,2.317994778646205,2.273637863806722,-0.00657653029383049,0.68,1.4
9.66,2.3181509247397667,2.2736044545213026,-0.006798637778742829,0.69,1.4
9.73,2.3183070708333293,2.273571045235883,-0.007020745263655171,0.69,1.4
9.8,2.3184632169268915,2.273537635950464,-0.007242852748567509,0.7,1.4
9.87,2.318619363020454,2.2735042266650445,-0.0074649602334798445,0.71,1.4
9.94,2.3187755091140168,2.2734708173796254,-0.007687067718392183,0.71,1.4
10.01,2.318931655207579,2.273437408094206,-0.007909175203304522,0.72,1.4
10.08,2.3190878013011416,2.273403998808787,-0.00813128268821686,0.72,1.4
10.15,2.319243947394704,2.2733705895233673,-0.008353390173129199,0.73,1.4
10.22,2.319400093488267,2.273337180237948,-0.008575497658041541,0.73,1.4
10.29,2.319556239581829,2.273303770952529,-0.008797605142953874,0.74,1.4
10.36,2.319712385675391,2.2732703616671093,-0.009019712627866213,0.75,1.4
10.43,2.319868531768954,2.2732369523816898,-0.009241820112778552,0.75,1.4
10.5,2.320024677862516,2.2732035430962707,-0.00946392759769089,0.76,1.4
10.57,2.3201808239560786,2.273170133810851,-0.009686035082603229,0.76,1.4
10.64,2.3203369700496412,2.273136724525432,-0.009908142567515568,0.77,1.4
10.71,2.3204931161432034,2.2731033152400126,-0.010130250052427906,0.77,1.4
10.78,2.320649262236766,2.273069905954593,-0.01035235753734024,0.78,1.4
10.85,2.3208054083303282,2.273036496669174,-0.010574465022252582,0.78,1.4
10.92,2.320961554423891,2.2730030873837546,-0.01079657250716492,0.79,1.4
10.99,2.321117700517453,2.2729696780983355,-0.011018679992077259,0.79,1.4
11.06,2.3212738466110157,2.272936268812916,-0.011240787476989597,0.8,1.4
11.13,2.3214299927045783,2.272902859527497,-0.011462894961901936,0.8,1.4
11.2,2.3215861387981405,2.2728694502420774,-0.011685002446814273,0.81,1.4
11.27,2.3217422848917026,2.272836040956658,-0.011907109931726612,0.82,1.4
11.34,2.3218984309852653,2.2728026316712384,-0.012129217416638954,0.82,1.4
11.41,2.322054577078828,2.2727692223858194,-0.012351324901551292,0.83,1.4
11.48,2.3222107231723905,2.2727358131004,-0.012573432386463631,0.83,1.4
11.55,2.3223668692659527,2.2727024038149803,-0.01279553987137597,0.84,1.4
11.62,2.3225230153595153,2.2726689945295613,-0.013017647356288303,0.85,1.4
11.69,2.3226791614530775,2.272635585244142,-0.013239754841200642,0.85,1.4
11.76,2.32283530754664,2.2726021759587227,-0.01346186232611298,0.86,1.4
11.83,2.3229914536402023,2.272568766673303,-0.013683969811025319,0.86,1.4
11.9,2.323147599733765,2.2725353573878837,-0.01390607729593766,0.87,1.4
11.97,2.323303745827327,2.2725019481024646,-0.01412818478085,0.87,1.4
12.04,2.3234598919208898,2.272468538817045,-0.014350292265762331,0.88,1.4
12.11,2.3236160380144524,2.272435129531626,-0.01457239975067467,0.88,1.4
12.18,2.323772184108015,2.272401720246207,-0.01479450723558701,0.89,1.4
12.25,2.323928330201577,2.2723683109607875,-0.015016614720499349,0.89,1.4
12.32,2.32408447629514,2.272334901675368,-0.015238722205411687,0.9,1.4
12.39,2.324240622388702,2.2723014923899485,-0.015460829690324026,0.9,1.4
12.46,2.3243967684822646,2.2722680831045294,-0.015682937175236368,0.91,1.4
12.53,2.3245529145758272,2.27223467381911,-0.015905044660148707,0.91,1.4
12.6,2.3247090606693894,2.272201264533691,-0.016127152145061042,0.92,1.4
12.67,2.3248652067629516,2.2721678552482714,-0.01634925962997338,0.93,1.4
12.74,2.3250213528565142,2.272134445962852,-0.01657136711488572,0.93,1.4
12.81,2.325177498950077,2.272101036677433,-0.016793474599798058,0.94,1.4
12.88,2.325333645043639,2.2720676273920137,-0.017015582084710396,0.94,1.4
12.95,2.3254897911372012,2.272034218106594,-0.01723768956962273,0.95,1.4
13.02,2.325645937230764,2.2720008088211747,-0.017459797054535073,0.96,1.4
13.09,2.3258020833243265,2.271967399535755,-0.017681904539447412,0.96,1.4
13.16,2.325958229417889,2.271933990250336,-0.01790401202435975,0.97,1.4
13.23,2.3261143755114513,2.2719005809649166,-0.01812611950927209,0.97,1.4
13.3,2.326270521605014,2.2718671716794976,-0.018348226994184428,0.98,1.4
13.37,2.326426667698576,2.271833762394078,-0.01857033447909676,0.98,1.4
13.44,2.3265828137921383,2.2718003531086586,-0.0187924419640091,0.99,1.4
13.51,2.326738959885701,2.2717669438232395,-0.01901454944892144,0.99,1.4
13.58,2.3268951059792635,2.27173353453782,-0.01923665693383378,1.0,1.4
13.65,2.3270512520728257,2.2717001252524005,-0.019458764418746118,1.0,1.4
13.72,2.3272073981663883,2.2716667159669814,-0.019680871903658456,1.01,1.4
13.79,2.327363544259951,2.2716333066815624,-0.019902979388570795,1.01,1.4
13.86,2.327519690353513,2.271599897396143,-0.020125086873483133,1.02,1.4
13.93,2.3276758364470753,2.2715664881107234,-0.020347194358395472,1.02,1.4
14.0,2.327831982540638,2.2715330788253043,-0.02056930184330781,1.03,1.4
14.07,2.3279881286342006,2.271499669539885,-0.02079140932822015,1.04,1.4
14.14,2.328144274727763,2.2714662602544653,-0.02101351681313249,1.04,1.4
14.21,2.3283004208213254,2.2714328509690462,-0.02123562429804483,1.05,1.4
14.28,2.3284565669148876,2.2713994416836267,-0.02145773178295716,1.05,1.4
14.35,2.32861271300845,2.2713660323982072,-0.0216798392678695,1.06,1.4
14.42,2.328768859102013,2.271332623112788,-0.02190194675278184,1.06,1.4
14.49,2.3289250051955754,2.2712992138273687,-0.022124054237694177,1.07,1.4
14.56,2.329081151289137,2.271265804541949,-0.022346161722606516,1.07,1.4
14.63,2.3292372973827,2.27123239525653,-0.022568269207518855,1.08,1.4
14.7,2.3293934434762624,2.271198985971111,-0.02279037669243119,1.08,1.4
14.77,2.329549589569825,2.2711655766856915,-0.02301248417734353,1.09,1.4
14.84,2.3297057356633872,2.271132167400272,-0.023234591662255867,1.09,1.4
14.91,2.32986188175695,2.271098758114853,-0.023456699147168206,1.1,1.4
14.98,2.330018027850512,2.2710653488294335,-0.023678806632080544,1.1,1.4
15.05,2.3301741739440747,2.271031939544014,-0.023900914116992886,1.11,1.4
15.12,2.3303303200376373,2.270998530258595,-0.02412302160190522,1.12,1.4
15.19,2.3304864661311995,2.2709651209731754,-0.02434512908681756,1.12,1.4
15.26,2.330642612224762,2.2709317116877563,-0.024567236571729902,1.13,1.4
15.33,2.3307987583183243,2.270898302402337,-0.02478934405664224,1.13,1.4
15.4,2.330954904411887,2.2708648931169177,-0.02501145154155458,1.14,1.4
15.47,2.331111050505449,2.270831483831498,-0.025233559026466918,1.14,1.4
15.54,2.3312671965990117,2.2707980745460787,-0.025455666511379253,1.15,1.4
15.61,2.3314233426925743,2.2707646652606597,-0.025677773996291592,1.15,1.4
15.68,2.3315794887861365,2.27073125597524,-0.02589988148120393,1.16,1.4
15.75,2.331735634879699,2.2706978466898207,-0.02612198896611627,1.17,1.4
15.82,2.3318917809732613,2.2706644374044016,-0.026344096451028608,1.17,1.4
15.89,2.332047927066824,2.270631028118982,-0.026566203935940946,1.18,1.4
15.96,2.332204073160386,2.270597618833563,-0.026788311420853285,1.18,1.4
16.03,2.3323602192539488,2.2705642095481435,-0.027010418905765624,1.19,1.4
16.1,2.332516365347511,2.270530800262724,-0.027232526390677966,1.19,1.4
16.17,2.3326725114410736,2.2704973909773045,-0.027454633875590304,1.2,1.4
16.24,2.332828657534636,2.2704639816918855,-0.027676741360502632,1.2,1.4
16.31,2.3329848036281984,2.2704305724064664,-0.02789884884541497,1.21,1.4
16.38,2.333140949721761,2.270397163121047,-0.028120956330327313,1.21,1.4
16.45,2.333297095815323,2.2703637538356274,-0.028343063815239652,1.22,1.4
16.52,2.333453241908886,2.2703303445502083,-0.028565171300151987,1.23,1.4
16.59,2.333609388002448,2.270296935264789,-0.02878727878506433,1.23,1.4
16.66,2.3337655340960106,2.2702635259793693,-0.02900938626997667,1.24,1.4
16.73,2.333921680189573,2.2702301166939503,-0.02923149375488901,1.24,1.4
16.8,2.334077826283136,2.270196707408531,-0.02945360123980135,1.25,1.4
16.87,2.334233972376698,2.2701632981231117,-0.029675708724713687,1.25,1.4
16.94,2.3343901184702602,2.270129888837692,-0.029897816209626026,1.26,1.4
17.01,2.334546264563823,2.270096479552273,-0.030119923694538364,1.27,1.4
17.08,2.334702410657385,2.2700630702668536,-0.030342031179450692,1.27,1.4
17.15,2.3348585567509477,2.2700296609814345,-0.030564138664363028,1.28,1.4
17.22,2.3350147028445103,2.269996251696015,-0.03078624614927537,1.28,1.4
17.29,2.3351708489380725,2.2699628424105955,-0.03100835363418771,1.29,1.4
17.36,2.335326995031635,2.2699294331251765,-0.031230461119100047,1.29,1.4
17.43,2.3354831411251973,2.269896023839757,-0.03145256860401239,1.3,1.4
17.5,2.3356392872187595,2.2698626145543375,-0.03167467608892473,1.3,1.4
17.57,2.335795433312322,2.2698292052689184,-0.031896783573837066,1.31,1.4
17.64,2.3359515794058847,2.269795795983499,-0.032118891058749405,1.31,1.4
17.71,2.3361077254994473,2.2697623866980794,-0.03234099854366175,1.32,1.4
17.78,2.3362638715930095,2.2697289774126603,-0.03256310602857409,1.32,1.4
17.85,2.3364200176865717,2.269695568127241,-0.03278521351348643,1.33,1.4
17.92,2.3365761637801343,2.2696621588418213,-0.033007320998398766,1.33,1.4
17.99,2.336732309873697,2.2696287495564023,-0.0332294284833111,1.34,1.4
18.06,2.3368884559672596,2.2695953402709828,-0.03345153596822343,1.35,1.4
18.13,2.3370446020608218,2.2695619309855637,-0.033673643453135775,1.35,1.4
18.2,2.337200748154384,2.2695285217001446,-0.03389575093804811,1.36,1.4
18.27,2.3373568942479466,2.2694951124147247,-0.03411785842296045,1.36,1.4
18.34,2.337513040341509,2.2694617031293056,-0.03433996590787279,1.37,1.4
18.41,2.3376691864350714,2.2694282938438866,-0.03456207339278513,1.37,1.4
18.48,2.337825332528634,2.269394884558467,-0.03478418087769747,1.38,1.4
18.55,2.3379814786221966,2.269361475273048,-0.03500628836260981,1.39,1.4
18.62,2.338137624715759,2.2693280659876285,-0.035228395847522145,1.39,1.4
18.69,2.338293770809321,2.269294656702209,-0.035450503332434484,1.4,1.4
18.76,2.3384499169028836,2.2692612474167895,-0.03567261081734682,1.4,1.4
18.83,2.3386060629964462,2.2692278381313704,-0.035894718302259154,1.41,1.4
18.9,2.336801683758611,2.273037664028754,-0.034633188354685145,1.41,1.4
18.97,2.3349973045207757,2.2768474899261375,-0.033371658407111135,1.42,1.4
19.04,2.333192925282941,2.280657315823521,-0.03211012845953712,1.42,1.4
19.11,2.331388546045106,2.2844671417209046,-0.030848598511963102,1.43,1.4
19.18,2.329584166807271,2.2882769676182884,-0.029587068564389092,1.43,1.4
19.25,2.327779787569436,2.292086793515672,-0.028325538616815082,1.44,1.4
19.32,2.325975408331601,2.295896619413056,-0.027064008669241076,1.45,1.4
19.39,2.324171029093766,2.299706445310439,-0.02580247872166706,1.45,1.4
19.46,2.322366649855931,2.303516271207823,-0.02454094877409305,1.46,1.4
19.53,2.3205622706180957,2.3073260971052063,-0.02327941882651904,1.46,1.4
19.6,2.318757891380261,2.31113592300259,-0.022017888878945034,1.47,1.4
19.67,2.3169535121424256,2.314945748899974,-0.020756358931371014,1.47,1.4
19.74,2.315149132904591,2.3187555747973576,-0.01949482898379707,1.48,1.4
19.81,2.313344753666756,2.322565400694741,-0.01823329903622306,1.49,1.4
19.88,2.3115403744289207,2.3263752265921247,-0.016971769088649044,1.49,1.4
19.95,2.309735995191086,2.3301850524895085,-0.015710239141075038,1.5,1.4
20.02,2.3079316159532506,2.333994878386892,-0.014448709193501028,1.5,1.4
20.09,2.3061272367154158,2.3378047042842756,-0.013187179245927012,1.51,1.4
20.16,2.3043228574775805,2.3416145301816593,-0.011925649298353005,1.51,1.4
20.23,2.3025184782397456,2.3454243560790426,-0.010664119350778992,1.52,1.4
20.3,2.300714099001911,2.3492341819764264,-0.009402589403204983,1.52,1.4
20.37,2.2989097197640755,2.3530440078738097,-0.008141059455630973,1.53,1.4
20.44,2.2971053405262407,2.3568538337711935,-0.00687952950805696,1.53,1.4
20.51,2.2953009612884054,2.3606636596685773,-0.00561799956048295,1.54,1.4
20.58,2.2934965820505706,2.3644734855659606,-0.004356469612909003,1.54,1.4
20.65,2.2916922028127353,2.3682833114633444,-0.00309493966533499,1.55,1.4
20.72,2.2898878235749005,2.372093137360728,-0.0018334097177609768,1.55,1.4
20.79,2.2880834443370652,2.3759029632581115,-0.0005718797701869706,1.56,1.4
20.86,2.2862790650992304,2.3797127891554952,0.0006896501773870425,1.57,1.4
20.93,2.2844746858613956,2.383522615052879,0.0019511801249610557,1.57,1.4
21.0,2.2826703066235607,2.3873324409502628,0.003212710072535062,1.58,1.4
21.07,2.2808659273857255,2.3911422668476465,0.0044742400201090715,1.58,1.4
21.14,2.27906154814789,2.3949520927450294,0.005735769967683081,1.59,1.4
21.21,2.2772571689100554,2.3987619186424136,0.006997299915257098,1.59,1.4
21.28,2.2754527896722205,2.402571744539797,0.008258829862831111,1.6,1.4
21.35,2.2736484104343857,2.4063815704371807,0.009520359810405127,1.6,1.4
21.42,2.2718440311965504,2.4101913963345645,0.01078188975797914,1.61,1.4
21.49,2.270039651958715,2.414001222231948,0.012043419705553077,1.62,1.4
21.56,2.2682352727208803,2.4178110481293316,0.01330494965312709,1.62,1.4
21.63,2.2664308934830455,2.4216208740267153,0.0145664796007011,1.63,1.4
21.7,2.26462651424521,2.4254306999240987,0.015828009548275106,1.63,1.4
21.77,2.262822135007375,2.4292405258214824,0.017089539495849123,1.64,1.4
21.84,2.26101775576954,2.433050351718866,0.01835106944342314,1.64,1.4
21.91,2.2592133765317053,2.43686017761625,0.019612599390997153,1.65,1.4
21.98,2.2574089972938705,2.4406700035136333,0.020874129338571162,1.65,1.4
22.05,2.255604618056035,2.444479829411017,0.022135659286145176,1.66,1.4
22.12,2.2538002388182,2.4482896553084004,0.023397189233719178,1.67,1.4
22.19,2.251995859580365,2.452099481205784,0.02465871918129319,1.67,1.4
22.26,2.25019148034253,2.455909307103168,0.0259202491288672,1.68,1.4
22.33,2.248387101104695,2.459719133000551,0.027181779076441145,1.68,1.4
22.4,2.24658272186686,2.463528958897935,0.028443309024015165,1.69,1.4
22.47,2.244778342629025,2.4673387847953188,0.029704838971589174,1.69,1.4
22.54,2.24297396339119,2.471148610692702,0.030966368919163188,1.7,1.4
22.61,2.2411695841533548,2.474958436590086,0.0322278988667372,1.7,1.4
22.68,2.23936520491552,2.478768262487469,0.03348942881431121,1.71,1.4
22.75,2.237560825677685,2.482578088384853,0.03475095876188521,1.71,1.4
22.82,2.23575644643985,2.4863879142822367,0.03601248870945922,1.72,1.4
22.89,2.2339520672020146,2.4901977401796205,0.03727401865703324,1.72,1.4
22.96,2.2321476879641797,2.4940075660770042,0.038535548604607256,1.73,1.4
23.03,2.230343308726345,2.497817391974388,0.039797078552181266,1.73,1.4
23.1,2.22853892948851,2.5016272178717713,0.04105860849975527,1.74,1.4
23.17,2.226734550250675,2.505437043769155,0.04232013844732928,1.74,1.4
23.24,2.2249301710128395,2.509246869666538,0.04358166839490323,1.75,1.4
23.31,2.2231257917750047,2.5130566955639217,0.04484319834247724,1.75,1.4
23.38,2.2213214125371694,2.5168665214613055,0.04610472829005126,1.76,1.4
23.45,2.219517033299335,2.5206763473586893,0.04736625823762527,1.77,1.4
23.52,2.2177126540614998,2.524486173256073,0.04862778818519928,1.77,1.4
23.59,2.1933703532625706,2.487199546775985,0.04988931813277329,1.78,1.4
23.66,2.169028052463641,2.449912920295897,0.051150848080347304,1.78,1.4
23.73,2.1446857516647113,2.412626293815809,0.052412378027921314,1.79,1.4
23.8,2.120343450865782,2.375339667335721,0.05367390797549533,1.8,1.4
23.87,2.096001150066853,2.3380530408556335,0.05493543792306933,1.8,1.4
23.94,2.0716588492679238,2.3007664143755457,0.056196967870643336,1.81,1.4
24.01,2.0473165484689946,2.2634797878954576,0.057458497818217345,1.81,1.4
24.08,2.0229742476700663,2.226193161415372,0.0587200277657913,1.82,1.4
24.15,1.9986319468711369,2.188906534935284,0.059981557713365316,1.82,1.4
24.22,1.9742896460722075,2.151619908455196,0.061243087660939326,1.83,1.4
24.29,1.9499473452732783,2.114333281975108,0.06250461760851334,1.83,1.4
24.36,1.925605044474349,2.07704665549502,0.06376614755608735,1.84,1.4
24.43,1.9012627436754195,2.0397600290149325,0.06502767750366135,1.84,1.4
24.5,1.8769204428764903,2.0024734025348447,0.06628920745123537,1.85,1.4
24.57,1.8525781420775609,1.9651867760547568,0.06755073739880937,1.85,1.4
24.64,1.8282358412786317,1.9279001495746688,0.06881226734638338,1.86,1.4
24.71,1.8038935404797023,1.8906135230945806,0.0700737972939574,1.87,1.4
24.78,1.779551239680773,1.853326896614493,0.07133532724153141,1.87,1.4
24.85,1.7552089388818435,1.8160402701344052,0.07259685718910543,1.88,1.4
24.92,1.7308666380829143,1.7787536436543172,0.07385838713667944,1.88,1.4
24.99,1.7065243372839862,1.7414670171742312,0.07511991708425339,1.89,1.4
25.06,1.682182036485057,1.7041803906941433,0.07638144703182739,1.9,1.4
25.13,1.6578397356861274,1.6668937642140556,0.0776429769794014,1.9,1.4
25.2,1.6334974348871982,1.6296071377339676,0.0789045069269754,1.91,1.4
25.27,1.6091551340882688,1.5923205112538794,0.08016603687454942,1.91,1.4
25.34,1.5848128332893394,1.5550338847737917,0.08142756682212345,1.92,1.4
25.41,1.5604705324904102,1.517747258293704,0.08268909676969745,1.92,1.4
25.48,1.5361282316914808,1.480460631813616,0.08395062671727146,1.93,1.4
25.55,1.5117859308925514,1.4431740053335282,0.08521215666484548,1.93,1.4
25.62,1.4874436300936222,1.4058873788534403,0.08647368661241948,1.94,1.4
25.69,1.4631013292946928,1.3686007523733525,0.0877352165599935,1.94,1.4
25.76,1.4387590284957636,1.3313141258932646,0.0889967465075675,1.95,1.4
25.83,1.4144167276968354,1.2940274994131786,0.09025827645514144,1.95,1.4
25.9,1.390074426897906,1.2567408729330907,0.09151980640271547,1.96,1.4
25.97,1.3657321260989768,1.2194542464530027,0.09278133635028948,1.97,1.4
26.04,1.3413898253000474,1.1821676199729148,0.09404286629786349,1.97,1.4
26.11,1.3170475245011182,1.144880993492827,0.0953043962454375,1.97,1.4
26.18,1.2927052237021888,1.107594367012739,0.0965659261930115,1.98,1.4
26.25,1.2683629229032594,1.070307740532651,0.09782745614058552,1.98,1.4
26.32,1.2440206221043302,1.0330211140525634,0.09908898608815954,1.98,1.4
26.39,1.2196783213054008,0.9957344875724755,0.10035051603573354,1.98,1.4
26.46,1.1953360205064714,0.9584478610923874,0.10161204598330756,1.98,1.4
26.53,1.1709937197075422,0.9211612346122997,0.10287357593088158,1.98,1.4
26.6,1.1466514189086128,0.8838746081322119,0.10413510587845556,1.98,1.4
26.67,1.1223091181096836,0.846587981652124,0.10539663582602958,1.98,1.4
26.74,1.0979668173107553,0.8093013551720378,0.10665816577360354,1.98,1.4
26.81,1.0736245165118259,0.77201472869195,0.10791969572117754,1.98,1.4
26.88,1.0492822157128967,0.7347281022118622,0.10918122566875156,1.98,1.4
26.95,1.0249399149139675,0.6974414757317744,0.11044275561632556,1.98,1.4
27.02,1.000597614115038,0.6601548492516864,0.11170428556389958,1.98,1.4
27.09,0.9762553133161087,0.6228682227715986,0.1129658155114736,1.98,1.4
27.16,0.9519130125171794,0.5855815962915107,0.1142273454590476,1.98,1.4
27.23,0.9275707117182501,0.5482949698114227,0.1154888754066216,1.98,1.4
27.3,0.9032284109193207,0.5110083433313349,0.11675040535419562,1.98,1.4
27.37,0.8788861101203913,0.473721716851247,0.11801193530176962,1.98,1.4
27.44,0.8545438093214621,0.43643509037115913,0.11927346524934364,1.98,1.4
27.51,0.8302015085225327,0.3991484638910712,0.12053499519691765,1.98,1.4
27.58,0.8058592077236046,0.3618618374109852,0.1217965251444916,1.98,1.4
27.65,0.7815169069246752,0.32457521093089736,0.12305805509206562,1.98,1.4
27.72,0.7571746061257459,0.28728858445080946,0.12431958503963964,1.98,1.4
27.79,0.7328323053268166,0.2500019579707216,0.12558111498721364,1.98,1.4
27.86,0.7084900045278872,0.2127153314906337,0.12684264493478764,1.98,1.4
27.93,0.684147703728958,0.17542870501054583,0.12810417488236167,1.98,1.4
28.0,0.6598054029300287,0.13814207853045796,0.12936570482993567,1.98,1.4
28.07,0.6354631021310992,0.10085545205037005,0.13062723477750968,1.99,1.4
28.14,0.6111208013321701,0.06356882557028218,0.1318887647250837,1.99,1.4
28.21,0.5867785005332407,0.026282199090194292,0.1331502946726577,1.99,1.4
28.28,0.5800522123922411,0.020107925969396083,0.14307244368504796,1.99,1.4
28.35,0.5733259242512417,0.013933652848597875,0.1529945926974382,1.99,1.4
28.42,0.5665996361102421,0.0077593797277996646,0.16291674170982845,1.99,1.4
28.49,0.5598733479692429,0.001585106607001771,0.1728388907222182,1.99,1.4
28.56,0.5531470598282435,-0.004589166513796435,0.18276103973460842,1.99,1.4
28.63,0.546420771687244,-0.010763439634594644,0.19268318874699863,1.99,1.4
28.7,0.5396944835462446,-0.016937712755392857,0.20260533775938888,1.99,1.4
28.77,0.5329681954052451,-0.023111985876191062,0.21252748677177913,1.99,1.4
28.84,0.5262419072642456,-0.02928625899698927,0.22244963578416937,1.99,1.4
28.91,0.519515619123246,-0.03546053211778748,0.23237178479655962,1.99,1.4
28.98,0.5127893309822465,-0.041634805238585676,0.24229393380894984,1.99,1.4
29.05,0.506063042841247,-0.04780907835938389,0.2522160828213401,1.99,1.4
29.12,0.4993367547002475,-0.0539833514801821,0.26213823183373036,1.99,1.4
29.19,0.4926104665592481,-0.0601576246009803,0.2720603808461206,1.99,1.4
29.26,0.48588417841824855,-0.06633189772177851,0.2819825298585108,1.99,1.4
29.33,0.4791578902772495,-0.0725061708425764,0.29190467887090055,2.0,1.4
29.4,0.47243160213624996,-0.07868044396337462,0.3018268278832908,2.0,1.4
29.47,0.4657053139952504,-0.08485471708417283,0.31174897689568104,2.0,1.4
29.54,0.458979025854251,-0.09102899020497104,0.3216711259080713,2.0,1.4
29.61,0.4522527377132515,-0.09720326332576926,0.33159327492046153,2.0,1.4
29.68,0.44552644957225196,-0.10337753644656744,0.3415154239328517,2.0,1.4
29.75,0.4388001614312525,-0.10955180956736565,0.351437572945242,2.0,1.4
29.82,0.43207387329025304,-0.11572608268816387,0.3613597219576322,2.0,1.4
29.89,0.42534758514925347,-0.12190035580896208,0.37128187097002247,2.0,1.4
29.96,0.418621297008254,-0.1280746289297603,0.3812040199824127,2.0,1.4
30.03,0.41189500886725455,-0.1342489020505585,0.39112616899480296,2.0,1.41
30.1,0.40516872072625504,-0.1404231751713567,0.4010483180071932,2.0,1.41
30.17,0.3984424325852556,-0.1465974482921549,0.41097046701958345,2.0,1.41
30.24,0.3917161444442564,-0.1527717214129528,0.4208926160319732,2.0,1.41
30.31,0.3849898563032569,-0.158945994533751,0.4308147650443634,2.0,1.41
30.38,0.3782635681622574,-0.16512026765454924,0.4407369140567537,2.0,1.41
30.45,0.37153728002125797,-0.17129454077534742,0.4506590630691439,2.0,1.41
30.52,0.36481099188025845,-0.17746881389614563,0.4605812120815342,2.0,1.41
30.59,0.35808470373925894,-0.18364308701694385,0.4705033610939244,2.0,1.41
30.66,0.3513584155982595,-0.18981736013774203,0.4804255101063146,2.0,1.41
30.73,0.34463212745726,-0.19599163325854024,0.4903476591187048,2.0,1.41
30.8,0.3379058393162605,-0.20216590637933848,0.5002698081310951,2.0,1.41
30.87,0.331179551175261,-0.2083401795001367,0.5101919571434854,2.01,1.41
30.94,0.3244532630342615,-0.21451445262093488,0.5201141061558756,2.01,1.41
31.01,0.317726974893262,-0.2206887257417331,0.5300362551682658,2.01,1.41
31.08,0.31100068675226283,-0.226862998862531,0.5399584041806555,2.01,1.41
31.15,0.3042743986112634,-0.2330372719833292,0.5498805531930457,2.01,1.41
31.22,0.29754811047026386,-0.2392115451041274,0.559802702205436,2.01,1.41
31.29,0.2908218223292644,-0.24538581822492558,0.5697248512178262,2.01,1.41
31.36,0.28409553418826494,-0.2515600913457238,0.5796470002302165,2.01,1.41
31.43,0.2773692460472654,-0.25773436446652204,0.5895691492426067,2.01,1.41
31.5,0.2706429579062659,-0.26390863758732025,0.599491298254997,2.01,1.41
31.57,0.26391666976526645,-0.27008291070811846,0.6094134472673872,2.01,1.41
31.64,0.2571903816242669,-0.2762571838289167,0.6193355962797775,2.01,1.41
31.71,0.2504640934832674,-0.2824314569497149,0.6292577452921677,2.01,1.41
31.78,0.2437378053422679,-0.2886057300705131,0.639179894304558,2.01,1.41
31.85,0.2370115172012684,-0.2947800031913113,0.6491020433169482,2.01,1.41
31.92,0.23028522906026894,-0.30095427631210947,0.6590241923293384,2.01,1.41
31.99,0.22355894091926987,-0.3071285494329074,0.6689463413417283,2.01,1.41
32.06,0.21683265277827,-0.3133028225537059,0.6788684903541189,2.01,1.41
32.13,0.21010636463727045,-0.3194770956745041,0.6887906393665092,2.01,1.41
32.2,0.203380076496271,-0.3256513687953023,0.6987127883788994,2.01,1.41
32.27,0.1966537883552715,-0.33182564191610053,0.7086349373912897,2.01,1.41
32.34,0.18992750021427202,-0.33799991503689875,0.7185570864036799,2.01,1.41
32.41,0.18320121207327322,-0.3441741881576963,0.7284792354160691,2.01,1.41
32.48,0.17647492393227376,-0.35034846127849456,0.7384013844284595,2.01,1.41
32.55,0.16974863579127428,-0.3565227343992927,0.7483235334408497,2.01,1.41
32.62,0.16302234765027468,-0.36269700752009093,0.7582456824532399,2.01,1.41
32.69,0.15629605950927522,-0.36887128064088914,0.7681678314656301,2.01,1.41
32.76,0.14956977136827573,-0.37504555376168736,0.7780899804780204,2.01,1.41
32.83,0.14284348322727625,-0.38121982688248557,0.7880121294904107,2.01,1.41
32.9,0.13611719508627676,-0.3873941000032838,0.7979342785028007,2.01,1.41
32.97,0.12939090694527725,-0.4590539924021597,0.800144396956758,2.01,1.41
33.04,0.12266461880427776,-0.5307138848010357,0.8023545154107152,2.01,1.41
33.11,0.11593833066327827,-0.6023737771999116,0.8045646338646724,2.01,1.41
33.18,0.10921204252227878,-0.6740336695987875,0.8067747523186296,2.01,1.41
33.25,0.10248575438127933,-0.7456935619976635,0.8089848707725869,2.01,1.41
33.32,0.09575946624027978,-0.8173534543965394,0.811194989226544,2.01,1.41
33.39,0.08903317809928032,-0.8890133467954153,0.8134051076805011,2.01,1.41
33.46,0.08230688995828084,-0.9606732391942913,0.8156152261344584,2.0,1.4
33.53,0.0755806018172813,-1.0323331315931672,0.8178253445884156,2.0,1.4
33.6,0.06885431367628184,-1.0066357986638645,0.8200354630423727,2.0,1.4
33.67,0.06212802553528235,-0.9809384657345621,0.82224558149633,2.0,1.39
33.74,0.05540173739428286,-0.9552411328052595,0.8244556999502872,1.99,1.39
33.81,0.048675449253283376,-0.9295437998759569,0.8266658184042445,1.99,1.39
33.88,0.04194916111228392,-0.9038464669466544,0.8288759368582016,1.99,1.39
33.95,0.0352228729712844,-0.8781491340173517,0.8310860553121588,1.99,1.39
34.02,0.028496584830284916,-0.8524518010880492,0.8332961737661161,1.99,1.39
34.09,0.0217702966892854,-0.8267544681587466,0.8355062922200731,1.99,1.39
34.16,0.015044008548286608,-0.779759699717073,0.8377164106740302,1.99,1.39
34.23,0.008317720407287094,-0.7327649312753947,0.8399265291279874,1.99,1.39
34.3,0.0015914322662876346,-0.6857701628337163,0.8421366475819447,1.99,1.39
34.37,-0.00513485587471188,-0.6387753943920379,0.8443467660359018,1.99,1.39
34.44,-0.011861144015711367,-0.5917806259503595,0.846556884489859,1.99,1.39
34.51,-0.018587432156710854,-0.5447858575086811,0.8487670029438162,1.99,1.39
34.58,-0.025313720297710368,-0.4977910890670028,0.8509771213977735,1.99,1.39
34.65,-0.03204000843870983,-0.4507963206253245,0.8531872398517306,1.99,1.39
34.72,-0.03876629657970934,-0.4038015521836461,0.8553973583056877,1.99,1.39
34.79,-0.04549258472070883,-0.3568067837419677,0.8576074767596451,1.99,1.39
34.86,-0.05221887286170829,-0.30981201530028935,0.8598175952136022,1.99,1.39
34.93,-0.0589451610027078,-0.262817246858611,0.8620277136675595,1.99,1.39
35.0,-0.06567144914370726,-0.21582247841693264,0.8642378321215167,1.99,1.39
35.07,-0.07239773728470675,-0.1688277099752543,0.8664479505754739,1.99,1.39
35.14,-0.07912402542570626,-0.12183294153357593,0.868658069029431,1.99,1.39
35.21,-0.08585031356670575,-0.07483817309189757,0.8708681874833882,1.99,1.39
35.28,-0.09257660170770529,-0.0278434046502192,0.8730783059373455,1.99,1.39
35.35,-0.09930288984870475,-0.02542956245368676,0.8752884243913026,1.99,1.39
35.42,-0.10602917798970424,-0.023015720257154326,0.8774985428452599,1.99,1.39
35.49,-0.11275546613070375,-0.02060187806062189,0.8797086612992171,1.99,1.39
35.56,-0.11948175427170324,-0.018188035864089458,0.8819187797531742,1.99,1.39
35.63,-0.12620804241270273,-0.015774193667557022,0.8841288982071315,1.99,1.39
35.7,-0.13293433055370218,-0.013360351471024583,0.8863390166610887,1.99,1.39
35.77,-0.13966061869470173,-0.01094650927449215,0.8885491351150459,1.99,1.39
35.84,-0.1463869068357012,-0.008532667077959716,0.8907592535690031,1.99,1.39
35.91,-0.1531131949767,-0.006118824881427525,0.89296937202296,1.99,1.39
35.98,-0.15983948311769947,-0.003704982684895091,0.8951794904769173,1.99,1.39
36.05,-0.16656577125869895,-0.0012911404883626555,0.8973896089308744,1.99,1.39
36.12,-0.1732920593996985,0.0011227017081697835,0.8995997273848316,1.99,1.39
36.19,-0.18001834754069795,0.003536543904702219,0.9018098458387889,1.99,1.39
36.26,-0.18674463568169747,0.005950386101234651,0.904019964292746,1.99,1.39
36.33,-0.19347092382269696,0.008364228297767092,0.9062300827467032,1.99,1.39
36.4,-0.20019721196369644,0.010778070494299526,0.9084402012006605,1.99,1.39
36.47,-0.20692350010469596,0.013191912690831958,0.9106503196546177,1.99,1.39
36.54,-0.21364978824569542,0.015605754887364398,0.9128604381085748,1.99,1.39
36.61,-0.2203760763866949,0.018019597083896832,0.915070556562532,1.99,1.39
36.68,-0.22710236452769444,0.020433439280429264,0.9172806750164892,1.99,1.39
36.75,-0.2338286526686939,0.022847281476961703,0.9194907934704464,1.99,1.39
36.82,-0.24055494080969336,0.02526112367349414,0.9217009119244036,1.99,1.39
36.89,-0.24728122895069285,0.027674965870026574,0.9239110303783609,1.99,1.39
36.96,-0.2540075170916924,0.030088808066559006,0.926121148832318,1.99,1.39
37.03,-0.26073380523269185,0.032502650263091445,0.9283312672862752,1.99,1.39
37.1,-0.2674600933736913,0.03491649245962388,0.9305413857402325,1.99,1.39
37.17,-0.2741863815146908,0.037330334656156317,0.9327515041941897,1.99,1.39
37.24,-0.28091266965569034,0.039744176852688745,0.9349616226481469,1.99,1.39
37.31,-0.2876389577966898,0.04215801904922118,0.937171741102104,1.99,1.39
37.38,-0.29436524593768926,0.044571861245753616,0.9393818595560612,1.99,1.39
37.45,-0.3010915340786888,0.04698570344228606,0.9415919780100185,1.99,1.39
37.52,-0.30781782221968834,0.04939954563881849,0.9438020964639756,1.99,1.39
37.59,-0.3145441103606878,0.05181338783535093,0.946012214917933,1.99,1.39
37.66,-0.3176878726819433,0.050127451235867794,0.9450109180423597,1.99,1.39
37.73,-0.32083163500319917,0.04844151463638449,0.9440096211667862,1.99,1.38
37.8,-0.323975397324455,0.04675557803690118,0.9430083242912128,1.99,1.38
37.87,-0.32711915964571087,0.04506964143741788,0.9420070274156395,1.99,1.38
37.94,-0.3302629219669667,0.04338370483793457,0.941005730540066,1.99,1.38
38.01,-0.3334066842882226,0.04169776823845127,0.9400044336644927,1.99,1.38
38.08,-0.33655044660947847,0.04001183163896796,0.9390031367889193,1.99,1.38
38.15,-0.3396942089307343,0.03832589503948466,0.9380018399133458,1.99,1.38
38.22,-0.34283797125199017,0.036639958440001355,0.9370005430377725,1.99,1.38
38.29,-0.345981733573246,0.034954021840518046,0.9359992461621991,1.99,1.38
38.36,-0.34912549589450187,0.033268085241034744,0.9349979492866257,1.99,1.38
38.43,-0.3522692582157577,0.03158214864155144,0.9339966524110523,1.99,1.38
38.5,-0.35541302053701357,0.029896212042068136,0.932995355535479,1.99,1.38
38.57,-0.3585567828582694,0.028210275442584823,0.9319940586599056,1.99,1.38
38.64,-0.3617005451795253,0.02652433884310152,0.9309927617843321,1.99,1.38
38.71,-0.3648443075007811,0.02483840224361821,0.9299914649087586,1.99,1.38
38.78,-0.367988069822037,0.02315246564413491,0.9289901680331853,1.99,1.38
38.85,-0.3711318321432929,0.021466529044651603,0.9279888711576119,1.99,1.38
38.92,-0.3742755944645487,0.019780592445168294,0.9269875742820386,1.99,1.38
38.99,-0.37741935678580457,0.01809465584568499,0.9259862774064651,1.99,1.38
39.06,-0.3805631191070604,0.016408719246201686,0.9249849805308917,1.99,1.38
39.13,-0.38370688142831627,0.014722782646718387,0.9239836836553182,1.99,1.38
39.2,-0.3868506437495722,0.013036846047235075,0.922982386779745,1.98,1.38
39.27,-0.3899944060708279,0.011350909447751772,0.9219810899041715,1.98,1.37
39.34,-0.3931381683920838,0.009664972848268467,0.9209797930285982,1.98,1.37
39.41,-0.39628193071333934,0.007979036248785328,0.9199784961530247,1.98,1.37
39.48,-0.39942569303459524,0.006293099649302029,0.9189771992774515,1.98,1.37
39.55,-0.4025694553558511,0.004607163049818723,0.917975902401878,1.98,1.37
39.62,-0.40571321767710694,0.0029212264503354173,0.9169746055263047,1.98,1.37
39.69,-0.40885697999836285,0.0012352898508521115,0.9159733086507312,1.98,1.36
39.76,-0.4120007423196187,-0.0004506467486311977,0.9149720117751579,1.97,1.36
39.83,-0.4151445046408745,-0.0021365833481145034,0.9139707148995844,1.97,1.36
39.9,-0.41828826696213034,-0.0038225199475978022,0.9129694180240111,1.97,1.36
39.97,-0.42143202928338624,-0.005508456547081108,0.9119681211484377,1.97,1.36
40.04,-0.4106679001680557,-0.007194393146564414,0.9109668242728644,1.97,1.36
40.11,-0.39990377105272523,-0.008880329746047726,0.909965527397291,1.97,1.36
40.18,-0.3891396419373947,-0.010566266345531029,0.9089642305217176,1.97,1.36
40.25,-0.3783755128220643,-0.012252202945014331,0.9079629336461441,1.97,1.36
40.32,-0.3676113837067338,-0.013938139544497637,0.9069616367705706,1.97,1.36
40.39,-0.3568472545914033,-0.015624076143980946,0.9059603398949974,1.97,1.36
40.46,-0.34608312547607284,-0.01731001274346425,0.9049590430194239,1.97,1.36
40.53,-0.3353189963607423,-0.018995949342947557,0.9039577461438506,1.97,1.36
40.6,-0.3245548672454118,-0.020681885942430856,0.9029564492682771,1.97,1.36
40.67,-0.31379073813008135,-0.02236782254191416,0.9019551523927039,1.97,1.36
40.74,-0.30302660901475087,-0.02405375914139747,0.9009538555171303,1.97,1.36
40.81,-0.2922624798994204,-0.025739695740880773,0.899952558641557,1.97,1.36
40.88,-0.28149835078408986,-0.027425632340364076,0.8989512617659835,1.97,1.36
40.95,-0.27073422166875943,-0.029111568939847385,0.8979499648904102,1.97,1.36
41.02,-0.25997009255342896,-0.030797505539330694,0.8969486680148367,1.97,1.36
41.09,-0.24920596343809837,-0.032483442138813996,0.8959473711392634,1.97,1.36
41.16,-0.23844183432276903,-0.034169378738297125,0.89494607426369,1.97,1.36
41.23,-0.22767770520743852,-0.03585531533778044,0.8939447773881167,1.97,1.36
41.3,-0.21691357609210804,-0.037541251937263743,0.8929434805125432,1.97,1.36
41.37,-0.20614944697677756,-0.039227188536747046,0.89194218363697,1.97,1.36
41.44,-0.19538531786144708,-0.04091312513623035,0.8909408867613964,1.97,1.36
41.51,-0.1846211887461166,-0.04259906173571366,0.8899395898858231,1.97,1.36
41.58,-0.17385705963078607,-0.044284998335196966,0.8889382930102496,1.97,1.36
41.65,-0.1630929305154556,-0.04597093493468027,0.8879369961346764,1.97,1.36
41.72,-0.1523288014001251,-0.04765687153416358,0.886935699259103,1.97,1.36
41.79,-0.14156467228479463,-0.04934280813364688,0.8859344023835295,1.97,1.36
41.86,-0.13080054316946416,-0.05102874473313018,0.8849331055079561,1.97,1.36
41.93,-0.12003641405413365,-0.05271468133261349,0.8839318086323826,1.97,1.36
42.0,-0.10927228493880317,-0.054400617932096794,0.8829305117568094,1.97,1.36
42.07,-0.09850815582347268,-0.056086554531580096,0.8819292148812359,1.97,1.36
42.14,-0.08774402670814219,-0.0577724911310634,0.8809279180056626,1.97,1.36
42.21,-0.0769798975928117,-0.059458427730546715,0.8799266211300891,1.97,1.36
42.28,-0.06621576847748122,-0.06114436433003002,0.8789253242545159,1.97,1.36
42.35,-0.08610712476368329,-0.10382527074949661,0.8779240273789424,1.97,1.36
42.42,-0.10599848104988535,-0.14650617716896322,0.876922730503369,1.97,1.36
42.49,-0.12588983733608744,-0.18918708358842984,0.8759214336277955,1.97,1.36
42.56,-0.1457811936222895,-0.23186799000789643,0.8749201367522221,1.97,1.36
42.63,-0.16567254990849156,-0.274548896427363,0.8739188398766488,1.97,1.36
42.7,-0.18556390619469365,-0.31722980284682967,0.8729175430010754,1.97,1.36
42.77,-0.20545526248089568,-0.35991070926629626,0.8719162461255019,1.97,1.36
42.84,-0.22534661876709777,-0.40259161568576285,0.8709149492499286,1.97,1.36
42.91,-0.2452379750532978,-0.44527252210522505,0.8699136523743553,1.97,1.36
42.98,-0.2651293313394999,-0.4879534285246917,0.868912355498782,1.97,1.36
43.05,-0.285020687625702,-0.5306343349441583,0.8679110586232084,1.97,1.36
43.12,-0.3049120439119041,-0.5733152413636249,0.8669097617476351,1.97,1.36
43.19,-0.3248034001981061,-0.6159961477830915,0.8659084648720616,1.97,1.36
43.26,-0.34469475648430814,-0.6586770542025582,0.8649071679964883,1.97,1.36
43.33,-0.3645861127705103,-0.7013579606220248,0.8639058711209149,1.97,1.36
43.4,-0.3844774690567123,-0.7440388670414915,0.8629045742453415,1.97,1.36
43.47,-0.4043688253429144,-0.786719773460958,0.8619032773697681,1.96,1.36
43.54,-0.4242601816291165,-0.7642557662736471,0.8609019804941946,1.96,1.35
43.61,-0.4441515379153185,-0.7417917590863362,0.8599006836186214,1.96,1.35
43.68,-0.4640428942015206,-0.7193277518990253,0.8588993867430479,1.96,1.35
43.75,-0.48393425048772265,-0.6968637447117144,0.8578980898674746,1.96,1.35
43.82,-0.5038256067739247,-0.6743997375244034,0.8568967929919011,1.95,1.35
43.89,-0.5237169630601268,-0.6519357303370925,0.8558954961163279,1.95,1.35
43.96,-0.5436083193463289,-0.6294717231497816,0.8548941992407544,1.95,1.35
44.03,-0.5634996756325309,-0.6070077159624707,0.853892902365181,1.95,1.34
44.1,-0.583391031918733,-0.5845437087751599,0.8528916054896076,1.95,1.34
44.17,-0.6032823882049351,-0.5620797015878489,0.8518903086140341,1.95,1.34
44.24,-0.6231737444911372,-0.5396156944005381,0.8508890117384608,1.94,1.34
44.31,-0.6430651007773392,-0.5171516872132272,0.8498877148628874,1.94,1.33
44.38,-0.6629564570635413,-0.49468768002591634,0.848886417987314,1.94,1.33
44.45,-0.6828478133497433,-0.4722236728386054,0.8478851211117406,1.94,1.33
44.52,-0.7027391696359454,-0.4497596656512945,0.8468838242361671,1.94,1.33
44.59,-0.7226305259221475,-0.4272956584639836,0.8458825273605938,1.94,1.33
44.66,-0.7425218822083476,-0.40483165127667503,0.8448812304850204,1.94,1.33
44.73,-0.7624132384945495,-0.43915669262521206,0.8438799336094471,1.94,1.33
44.8,-0.7823045947807518,-0.47348173397374915,0.8428786367338736,1.94,1.33
44.87,-0.8021959510669537,-0.5078067753222862,0.8418773398583004,1.94,1.33
44.94,-0.8220873073531558,-0.5421318166708233,0.8408760429827269,1.94,1.33
45.01,-0.8419786636393578,-0.5764568580193604,0.8398747461071535,1.94,1.33
45.08,-0.86187001992556,-0.6107818993678975,0.8388734492315801,1.94,1.33
45.15,-0.8817613762117621,-0.6451069407164347,0.8378721523560066,1.94,1.33
45.22,-0.9016527324979641,-0.6794319820649717,0.8368708554804334,1.94,1.33
45.29,-0.9215440887841662,-0.7137570234135088,0.8358695586048599,1.94,1.33
45.36,-0.9414354450703682,-0.7480820647620459,0.8348682617292865,1.94,1.33
45.43,-0.9613268013565703,-0.7824071061105831,0.8338669648537131,1.94,1.33
45.5,-0.9812181576427724,-0.8167321474591202,0.8328656679781399,1.94,1.33
45.57,-1.0011095139289743,-0.8510571888076571,0.8318643711025664,1.94,1.33
45.64,-1.0210008702151765,-0.8853822301561942,0.8308630742269929,1.94,1.33
45.71,-1.0408922265013787,-0.9197072715047313,0.8298617773514196,1.94,1.33
45.78,-1.0607835827875807,-0.9540323128532684,0.8288604804758462,1.94,1.33
45.85,-1.0806749390737829,-0.9883573542018055,0.8278591836002728,1.94,1.33
45.92,-1.1005662953599848,-1.0226823955503426,0.8268578867246994,1.94,1.33
45.99,-1.1204576516461868,-1.0570074368988795,0.825856589849126,1.94,1.32
46.06,-1.1403490079323888,-1.0913324782474167,0.8248552929735526,1.94,1.32
46.13,-1.160240364218591,-1.1256575195959537,0.8238539960979792,1.94,1.32
46.2,-1.180131720504793,-1.159982560944491,0.8228526992224058,1.93,1.32
46.27,-1.2000230767909952,-1.1943076022930281,0.8218514023468324,1.93,1.32
46.34,-1.2199144330771974,-1.2286326436415653,0.820850105471259,1.93,1.32
46.41,-1.2398057893633971,-1.2629576849900988,0.8198488085956857,1.93,1.32
46.48,-1.2596971456495993,-1.297282726338636,0.8188475117201124,1.93,1.32
46.55,-1.2795885019358015,-1.3316077676871727,0.8178462148445389,1.93,1.31
46.62,-1.2994798582220035,-1.36593280903571,0.8168449179689655,1.92,1.31
46.69,-1.3193712145082057,-1.4002578503842469,0.8158436210933921,1.92,1.31
46.76,-1.3392625707944075,-1.434582891732784,0.8148423242178187,1.92,1.31
46.83,-1.3591539270806094,-1.4689079330813213,0.8138410273422454,1.92,1.31
46.9,-1.3790452833668119,-1.503232974429858,0.8128397304666719,1.92,1.31
46.97,-1.3989366396530138,-1.5375580157783955,0.8118384335910986,1.91,1.3
47.04,-1.4064105565409708,-1.5430718727242598,0.8108371367155252,1.91,1.3
47.11,-1.4138844734289278,-1.548585729670124,0.8098358398399518,1.91,1.3
47.18,-1.4213583903168845,-1.5540995866159881,0.8088345429643784,1.91,1.3
47.25,-1.4288323072048414,-1.5596134435618523,0.8078332460888049,1.91,1.3
47.32,-1.4363062240927984,-1.5651273005077164,0.8068319492132316,1.9,1.3
47.39,-1.4437801409807554,-1.5706411574535808,0.8058306523376582,1.9,1.29
47.46,-1.4512540578687123,-1.576155014399445,0.8048293554620848,1.9,1.29
47.53,-1.4587279747566693,-1.5816688713453093,0.8038280585865114,1.89,1.28
47.6,-1.466201891644626,-1.5871827282911735,0.8028267617109379,1.89,1.28
47.67,-1.4736758085325832,-1.5926965852370378,0.8018254648353647,1.88,1.28
47.74,-1.4811497254205401,-1.598210442182902,0.8008241679597912,1.88,1.27
47.81,-1.488623642308497,-1.6037242991287664,0.7998228710842178,1.88,1.27
47.88,-1.496097559196454,-1.6092381560746305,0.7988215742086444,1.87,1.27
47.95,-1.5035714760844108,-1.6147520130204946,0.797820277333071,1.87,1.26
48.02,-1.5110453929723677,-1.620265869966359,0.7968189804574977,1.87,1.26
48.09,-1.518519309860325,-1.6257797269122232,0.7958176835819243,1.86,1.26
48.16,-1.5259932267482808,-1.6312935838580869,0.7948163867063509,1.86,1.26
48.23,-1.533467143636238,-1.636807440803951,0.7938150898307775,1.86,1.25
48.3,-1.5409410605241949,-1.6423212977498154,0.7928137929552042,1.85,1.25
48.37,-1.5484149774121516,-1.6478351546956795,0.7918124960796308,1.85,1.24
48.44,-1.5558888943001086,-1.6533490116415437,0.7908111992040574,1.84,1.24
48.51,-1.5633628111880655,-1.658862868587408,0.7898099023284839,1.84,1.24
48.58,-1.5708367280760225,-1.6643767255332722,0.7888086054529105,1.84,1.23
48.65,-1.5783106449639797,-1.6698905824791366,0.7878073085773372,1.83,1.23
48.72,-1.5857845618519364,-1.6754044394250007,0.7868060117017638,1.83,1.23
48.79,-1.5932584787398933,-1.6809182963708649,0.7858047148261904,1.83,1.22
48.86,-1.6007323956278503,-1.6864321533167292,0.7848034179506169,1.82,1.22
48.93,-1.6082063125158073,-1.6919460102625936,0.7838021210750437,1.82,1.21
49.0,-1.6156802294037642,-1.6974598672084578,0.7828008241994702,1.82,1.21
49.07,-1.623154146291721,-1.7029737241543221,0.7817995273238968,1.81,1.21
49.14,-1.6306280631796781,-1.7084875811001865,0.7807982304483234,1.81,1.2
49.21,-1.6381019800676349,-1.7140014380460504,0.7797969335727499,1.81,1.2
49.28,-1.645575896955592,-1.7195152949919148,0.7787956366971767,1.8,1.19
49.35,-1.6530498138435488,-1.7250291519377787,0.7777943398216032,1.8,1.19
49.42,-1.6605237307315057,-1.730543008883643,0.7767930429460298,1.8,1.19
49.49,-1.6679976476194627,-1.7360568658295072,0.7757917460704564,1.79,1.19
49.56,-1.6754715645074194,-1.7415707227753716,0.774790449194883,1.79,1.18
49.63,-1.6829454813953766,-1.747084579721236,0.7737891523193097,1.79,1.18
49.7,-1.6904193982833335,-1.7525984366671001,0.7727878554437362,1.79,1.17
49.77,-1.6978933151712905,-1.7581122936129643,0.7717865585681629,1.78,1.17
49.84,-1.7053672320592472,-1.7636261505588284,0.7707852616925894,1.78,1.17
49.91,-1.7128411489472035,-1.7691400075046921,0.7697839648170162,1.78,1.16
49.98,-1.7203150658351607,-1.7746538644505565,0.7687826679414427,1.77,1.16
50.05,-1.7277889827231174,-1.7801677213964209,0.7677813710658693,1.77,1.16
50.12,-1.7352628996110744,-1.785681578342285,0.7667800741902959,1.77,1.15
50.19,-1.7427368164990313,-1.7911954352881492,0.7657787773147225,1.76,1.15
50.26,-1.750210733386988,-1.7967092922340135,0.7647774804391492,1.76,1.15
50.33,-1.7576846502749452,-1.8022231491798777,0.7637761835635758,1.76,1.14
50.4,-1.765158567162902,-1.8077370061257418,0.7627748866880024,1.76,1.14
50.47,-1.772632484050859,-1.813250863071606,0.7617735898124289,1.75,1.14
50.54,-1.780106400938816,-1.8187647200174704,0.7607722929368557,1.75,1.14
50.61,-1.7875803178267728,-1.8242785769633345,0.7597709960612822,1.75,1.13
50.68,-1.7950542347147298,-1.8297924339091987,0.7587696991857088,1.74,1.13
50.75,-1.8025281516026868,-1.835306290855063,0.7577684023101354,1.74,1.13
50.82,-1.8100020684906437,-1.8408201478009274,0.7567671054345619,1.74,1.12
50.89,-1.8174759853786004,-1.8463340047467915,0.7557658085589887,1.74,1.12
50.96,-1.8249499022665576,-1.8518478616926557,0.7547645116834152,1.73,1.12
51.03,-1.8324238191545144,-1.8573617186385198,0.7537632148078418,1.73,1.11
51.1,-1.8398977360424715,-1.8628755755843844,0.7527619179322684,1.73,1.11
51.17,-1.8473716529304285,-1.8683894325302486,0.751760621056695,1.72,1.11
51.24,-1.8548455698183854,-1.8739032894761127,0.7507593241811217,1.72,1.1
51.31,-1.8623194867063422,-1.879417146421977,0.7497580273055482,1.72,1.1
51.38,-1.8697934035942991,-1.8849310033678413,0.7487567304299748,1.71,1.1
51.45,-1.877267320482256,-1.8904448603137056,0.7477554335544014,1.71,1.09
51.52,-1.884741237370213,-1.8959587172595698,0.7467541366788281,1.71,1.09
51.59,-1.89221515425817,-1.901472574205434,0.7457528398032546,1.7,1.09
51.66,-1.8996890711461263,-1.9069864311512976,0.7447515429276814,1.7,1.08
51.73,-1.907162988034083,-1.9125002880971618,0.743750246052108,1.7,1.08
51.8,-1.9146369049220402,-1.9180141450430264,0.7427489491765346,1.69,1.08
51.87,-1.9221108218099971,-1.9235280019888905,0.7417476523009612,1.69,1.07
51.94,-1.929584738697954,-1.9290418589347547,0.7407463554253877,1.69,1.07
52.01,-1.9370586555859108,-1.9345557158806188,0.7397450585498144,1.68,1.06
52.08,-1.944532572473868,-1.9400695728264832,0.7387437616742409,1.68,1.06
52.15,-1.9520064893618247,-1.945583429772347,0.7377424647986677,1.68,1.06
52.22,-1.9594804062497817,-1.9510972867182117,0.7367411679230942,1.67,1.06
52.29,-1.9669543231377387,-1.9566111436640758,0.7357398710475207,1.67,1.05
52.36,-1.9744282400256954,-1.96212500060994,0.7347385741719474,1.67,1.05
52.43,-1.9819021569136523,-1.9676388575558041,0.733737277296374,1.66,1.05
52.5,-1.9893760738016093,-1.9731527145016683,0.7327359804208007,1.66,1.04
52.57,-1.996849990689566,-1.9786665714475327,0.7317346835452272,1.66,1.04
52.64,-2.004323907577523,-1.9841804283933968,0.7307333866696539,1.65,1.04
52.71,-2.0117978244654804,-1.9896942853392612,0.7297320897940803,1.65,1.03
52.78,-2.019271741353437,-1.9952081422851253,0.728730792918507,1.64,1.03
52.85,-2.026745658241394,-2.0007219992309895,0.7277294960429336,1.64,1.03
52.92,-2.0342195751293506,-2.0062358561768536,0.7267281991673602,1.64,1.02
52.99,-2.041693492017308,-2.011749713122718,0.7257269022917868,1.63,1.02
53.06,-2.049167408905265,-2.0172635700685824,0.7247256054162134,1.63,1.01
53.13,-2.0566413257932217,-2.0227774270144465,0.7237243085406401,1.62,1.01
53.2,-2.064115242681179,-2.028291283960311,0.7227230116650666,1.62,1.01
53.27,-2.071589159569136,-2.033805140906175,0.7217217147894932,1.61,1.0
53.34,-2.0790630764570928,-2.0393189978520394,0.7207204179139198,1.61,1.0
53.41,-2.0865369933450486,-2.0448328547979027,0.7197191210383465,1.61,1.0
53.48,-2.094010910233006,-2.0503467117437673,0.7187178241627732,1.6,0.99
53.55,-2.1014848271209625,-2.0558605686896314,0.7177165272871997,1.6,0.99
53.62,-2.1089587440089197,-2.0613744256354956,0.7167152304116264,1.59,0.99
53.69,-2.1164326608968764,-2.0668882825813597,0.715713933536053,1.59,0.98
53.76,-2.1239065777848336,-2.072402139527224,0.7147126366604797,1.59,0.98
53.83,-2.1313804946727903,-2.0779159964730884,0.7137113397849062,1.58,0.98
53.9,-2.138854411560747,-2.0834298534189526,0.7127100429093327,1.58,0.97
53.97,-2.1463283284487042,-2.0889437103648167,0.7117087460337594,1.58,0.97
54.04,-2.1538022453366614,-2.0944575673106813,0.710707449158186,1.57,0.97
54.11,-2.161276162224618,-2.0999714242565455,0.7097061522826126,1.57,0.96
54.18,-2.168750079112575,-2.1054852812024096,0.7087048554070392,1.56,0.96
54.25,-2.176223996000532,-2.110999138148274,0.7077035585314658,1.56,0.96
54.32,-2.1836979128884892,-2.116512995094138,0.7067022616558923,1.55,0.95
54.39,-2.191171829776446,-2.122026852040002,0.7057009647803191,1.55,0.95
54.46,-2.1986457466644027,-2.1275407089858667,0.7046996679047457,1.54,0.95
54.53,-2.20611966355236,-2.133054565931731,0.7036983710291722,1.54,0.94
54.6,-2.2135935804403166,-2.138568422877595,0.7026970741535988,1.54,0.94
54.67,-2.2210674973282734,-2.1440822798234596,0.7016957772780255,1.53,0.94
54.74,-2.2285414142162305,-2.1495961367693233,0.7006944804024521,1.53,0.93
54.81,-2.2360153311041873,-2.155109993715188,0.6996931835268786,1.52,0.93
54.88,-2.2434892479921444,-2.160623850661052,0.6986918866513053,1.52,0.92
54.95,-2.250963164880101,-2.166137707606916,0.6976905897757318,1.51,0.92
55.02,-2.258437081768058,-2.1716515645527803,0.6966892929001585,1.51,0.92
55.09,-2.265910998656015,-2.1771654214986444,0.6956879960245851,1.51,0.91
55.16,-2.273384915543972,-2.1826792784445086,0.6946866991490118,1.5,0.91
55.23,-2.2808588324319286,-2.1881931353903727,0.6936854022734383,1.5,0.91
55.3,-2.2883327493198853,-2.193706992336237,0.692684105397865,1.49,0.9
55.37,-2.2958066662078425,-2.199220849282101,0.6916828085222916,1.49,0.9
55.44,-2.303280583095799,-2.204734706227965,0.6906815116467182,1.48,0.9
55.51,-2.310754499983756,-2.2102485631738293,0.6896802147711448,1.48,0.89
55.58,-2.318228416871713,-2.215762420119694,0.6886789178955715,1.48,0.89
55.65,-2.32570233375967,-2.221276277065558,0.687677621019998,1.47,0.88
55.72,-2.333176250647627,-2.226790134011422,0.6866763241444246,1.47,0.88
55.79,-2.3406501675355837,-2.2323039909572864,0.6856750272688512,1.46,0.88
55.86,-2.3481240844235405,-2.2378178479031505,0.6846737303932778,1.46,0.87
55.93,-2.3555980013114977,-2.243331704849015,0.6836724335177043,1.45,0.87
56.0,-2.3630719181994544,-2.2488455617948793,0.6826711366421311,1.45,0.87
56.07,-2.370545835087411,-2.254359418740743,0.6816698397665577,1.44,0.86
56.14,-2.3780197519753683,-2.2598732756866076,0.6806685428909842,1.44,0.86
56.21,-2.3854936688633255,-2.2653871326324717,0.6796672460154108,1.44,0.86
56.28,-2.3929675857512827,-2.2709009895783363,0.6786659491398375,1.43,0.85
56.35,-2.4004415026392394,-2.2764148465242005,0.6776646522642641,1.43,0.85
56.42,-2.3999666016696897,-2.2766453866297427,0.6768158276410015,1.42,0.85
56.49,-2.3994917007001404,-2.276875926735285,0.6759670030177388,1.42,0.84
56.56,-2.399016799730591,-2.2771064668408267,0.6751181783944762,1.42,0.84
56.63,-2.398541898761042,-2.277337006946369,0.6742693537712137,1.41,0.84
56.7,-2.398066997791492,-2.2775675470519112,0.673420529147951,1.41,0.83
56.77,-2.3975920968219424,-2.2777980871574535,0.6725717045246883,1.4,0.83
56.84,-2.397117195852393,-2.278028627262996,0.6717228799014258,1.4,0.82
56.91,-2.3966422948828443,-2.278259167368538,0.6708740552781632,1.39,0.82
56.98,-2.3961673939132946,-2.2784897074740798,0.6700252306549005,1.39,0.82
57.05,-2.3956924929437453,-2.2787202475796224,0.669176406031638,1.39,0.81
57.12,-2.3952175919741956,-2.2789507876851647,0.6683275814083753,1.38,0.81
57.19,-2.3947426910046463,-2.2791813277907065,0.6674787567851127,1.38,0.8
57.26,-2.394267790035097,-2.2794118678962487,0.6666299321618501,1.37,0.8
57.33,-2.3937928890655478,-2.279642408001791,0.6657811075385875,1.37,0.8
57.4,-2.393317988095998,-2.279872948107333,0.6649322829153248,1.36,0.79
57.47,-2.3928430871264483,-2.2801034882128755,0.6640834582920621,1.36,0.79
57.54,-2.392368186156899,-2.2803340283184172,0.6632346336687995,1.36,0.79
57.61,-2.39189328518735,-2.2805645684239595,0.6623858090455369,1.35,0.78
57.68,-2.3914183842178005,-2.280795108529502,0.6615369844222743,1.35,0.78
57.75,-2.390943483248251,-2.281025648635044,0.6606881597990116,1.35,0.78
57.82,-2.3904685822787015,-2.2812561887405867,0.6598393351757491,1.34,0.78
57.89,-2.389993681309152,-2.2814867288461285,0.6589905105524864,1.34,0.77
57.96,-2.3895187803396025,-2.2817172689516707,0.6581416859292238,1.33,0.77
58.03,-2.3890438793700532,-2.281947809057213,0.6572928613059612,1.33,0.77
58.1,-2.3885689784005035,-2.282178349162755,0.6564440366826986,1.33,0.76
58.17,-2.3880940774309543,-2.2824088892682974,0.6555952120594359,1.32,0.76
58.24,-2.3876191764614045,-2.2826394293738392,0.6547463874361734,1.32,0.76
58.31,-2.3871442754918553,-2.2828699694793815,0.6538975628129108,1.31,0.75
58.38,-2.386669374522306,-2.2831005095849237,0.6530487381896479,1.31,0.75
58.45,-2.3861944735527567,-2.2833310496904664,0.6521999135663854,1.31,0.75
58.52,-2.385719572583207,-2.283561589796008,0.6513510889431228,1.3,0.74
58.59,-2.3852446716136577,-2.2837921299015504,0.6505022643198601,1.3,0.74
58.66,-2.384769770644108,-2.2840226700070927,0.6496534396965977,1.29,0.74
58.73,-2.3842948696745587,-2.2842532101126345,0.6488046150733351,1.29,0.73
58.8,-2.3838199687050095,-2.284483750218177,0.6479557904500725,1.29,0.73
58.87,-2.3833450677354597,-2.284714290323719,0.6471069658268098,1.28,0.73
58.94,-2.3828701667659105,-2.2849448304292617,0.6462581412035473,1.28,0.72
59.01,-2.3823952657963607,-2.2851753705348035,0.6454093165802844,1.27,0.72
59.08,-2.3819203648268115,-2.2854059106403457,0.6445604919570218,1.27,0.72
59.15,-2.381445463857262,-2.285636450745888,0.6437116673337593,1.27,0.71
59.22,-2.3809705628877125,-2.2858669908514297,0.6428628427104967,1.26,0.71
59.29,-2.380495661918163,-2.2860975309569724,0.642014018087234,1.26,0.71
59.36,-2.3800207609486135,-2.2863280710625142,0.6411651934639714,1.26,0.71
59.43,-2.379545859979064,-2.286558611168057,0.6403163688407087,1.25,0.7
59.5,-2.379070959009515,-2.2867891512735987,0.6394675442174461,1.25,0.7
59.57,-2.3785960580399657,-2.287019691379141,0.6386187195941836,1.24,0.7
59.64,-2.378121157070416,-2.287250231484683,0.637769894970921,1.24,0.69
59.71,-2.3776462561008667,-2.287480771590226,0.6369210703476583,1.23,0.69
59.78,-2.377171355131317,-2.2877113116957677,0.6360722457243957,1.23,0.69
59.85,-2.3766964541617677,-2.2879418518013095,0.6352234211011331,1.22,0.68
59.92,-2.3762215531922184,-2.288172391906852,0.6343745964778704,1.22,0.68
59.99,-2.375746652222669,-2.288402932012394,0.6335257718546077,1.21,0.67
60.06,-2.3752717512531194,-2.2886334721179367,0.6326769472313452,1.21,0.67
60.13,-2.37479685028357,-2.2888640122234785,0.6318281226080825,1.2,0.67
60.2,-2.374321949314021,-2.289094552329021,0.6309792979848199,1.2,0.66
60.27,-2.373847048344471,-2.289325092434563,0.6301304733615573,1.2,0.66
60.34,-2.373372147374922,-2.289555632540105,0.6292816487382947,1.19,0.66
60.41,-2.3728972464053726,-2.2897861726456474,0.6284328241150322,1.19,0.66
60.48,-2.3724223454358233,-2.2900167127511897,0.6275839994917696,1.18,0.65
60.55,-2.371947444466273,-2.2902472528567315,0.6267351748685068,1.18,0.65
60.62,-2.371472543496724,-2.2904777929622737,0.6258863502452442,1.17,0.65
60.69,-2.3709976425271746,-2.290708333067816,0.6250375256219816,1.17,0.64
60.76,-2.3705227415576253,-2.290938873173358,0.624188700998719,1.17,0.64
60.83,-2.370047840588076,-2.2911694132789,0.6233398763754564,1.16,0.64
60.9,-2.3695729396185263,-2.2913999533844427,0.6224910517521938,1.16,0.63
60.97,-2.369098038648977,-2.291630493489985,0.6216422271289311,1.15,0.63
61.04,-2.3686231376794273,-2.291861033595527,0.6207934025056685,1.15,0.63
61.11,-2.368148236709878,-2.292091573701069,0.6199445778824059,1.14,0.62
61.18,-2.367673335740329,-2.2923221138066117,0.6190957532591433,1.14,0.62
61.25,-2.367198434770779,-2.2925526539121535,0.6182469286358807,1.13,0.62
61.32,-2.36672353380123,-2.2927831940176957,0.617398104012618,1.13,0.61
61.39,-2.36624863283168,-2.293013734123238,0.6165492793893554,1.12,0.61
61.46,-2.365773731862131,-2.29324427422878,0.6157004547660928,1.12,0.61
61.53,-2.3652988308925815,-2.2934748143343224,0.6148516301428302,1.12,0.61
61.6,-2.3648239299230323,-2.2937053544398642,0.6140028055195674,1.11,0.6
61.67,-2.3643490289534825,-2.293935894545407,0.6131539808963049,1.11,0.6
61.74,-2.3638741279839333,-2.2941664346509487,0.6123051562730423,1.1,0.6
61.81,-2.3633992270143835,-2.2943969747564914,0.6114563316497796,1.1,0.59
61.88,-2.3629243260448343,-2.294627514862033,0.610607507026517,1.1,0.59
61.95,-2.362449425075285,-2.2948580549675754,0.6097586824032544,1.09,0.59
62.02,-2.3619745241057353,-2.2950885950731177,0.6089098577799918,1.09,0.58
62.09,-2.361499623136186,-2.29531913517866,0.6080610331567292,1.08,0.58
62.16,-2.3610247221666367,-2.295549675284202,0.6072122085334666,1.08,0.58
62.23,-2.360549821197087,-2.295780215389744,0.6063633839102041,1.07,0.57
62.3,-2.3600749202275377,-2.296010755495286,0.6055145592869413,1.07,0.57
62.37,-2.3596000192579885,-2.2962412956008285,0.6046657346636788,1.06,0.57
62.44,-2.3591251182884387,-2.2964718357063707,0.603816910040416,1.06,0.56
62.51,-2.3586502173188895,-2.296702375811913,0.6029680854171535,1.05,0.56
62.58,-2.35817531634934,-2.296932915917455,0.6021192607938909,1.05,0.56
62.65,-2.3577004153797905,-2.2971634560229974,0.6012704361706283,1.04,0.55
62.72,-2.357225514410241,-2.2973939961285392,0.6004216115473656,1.04,0.55
62.79,-2.356750613440692,-2.297624536234082,0.599572786924103,1.03,0.55
62.86,-2.3562757124711426,-2.297855076339624,0.5987239623008404,1.03,0.55
62.93,-2.355800811501593,-2.298085616445166,0.5978751376775777,1.03,0.54
63.0,-2.355325910532043,-2.298316156550708,0.5970263130543152,1.02,0.54
63.07,-2.354851009562494,-2.2985466966562504,0.5961774884310524,1.02,0.54
63.14,-2.3543761085929447,-2.2987772367617927,0.5953286638077899,1.01,0.53
63.21,-2.3539012076233954,-2.2990077768673345,0.5944798391845272,1.01,0.53
63.28,-2.3534263066538457,-2.299238316972877,0.5936310145612647,1.0,0.53
63.35,-2.3529514056842964,-2.299468857078419,0.592782189938002,1.0,0.52
63.42,-2.3524765047147467,-2.2996993971839617,0.5919333653147394,0.99,0.52
63.49,-2.3520016037451974,-2.2999299372895035,0.5910845406914768,0.99,0.52
63.56,-2.351526702775648,-2.3001604773950457,0.5902357160682141,0.98,0.52
63.63,-2.3510518018060984,-2.300391017500588,0.5893868914449516,0.98,0.51
63.7,-2.350576900836549,-2.30062155760613,0.5885380668216889,0.98,0.51
63.77,-2.3501019998669994,-2.3008520977116724,0.5876892421984263,0.97,0.51
63.84,-2.34962709889745,-2.3010826378172147,0.5868404175751636,0.97,0.5
63.91,-2.349152197927901,-2.301313177922757,0.5859915929519011,0.96,0.5
63.98,-2.3486772969583516,-2.301543718028299,0.5851427683286385,0.96,0.5
64.05,-2.348202395988802,-2.301774258133841,0.5842939437053758,0.95,0.49
64.12,-2.3477274950192526,-2.302004798239383,0.583445119082113,0.95,0.49
64.19,-2.347252594049703,-2.3022353383449254,0.5825962944588506,0.94,0.49
64.26,-2.3467776930801536,-2.3024658784504677,0.5817474698355879,0.94,0.48
64.33,-2.3463027921106043,-2.3026964185560095,0.5808986452123254,0.94,0.48
64.4,-2.3458278911410546,-2.302926958661552,0.5800498205890626,0.93,0.48
64.47,-2.345352990171506,-2.3031574987670944,0.5792009959658001,0.93,0.48
64.54,-2.344878089201956,-2.3033880388726367,0.5783521713425375,0.92,0.47
64.61,-2.3444031882324063,-2.3036185789781785,0.577503346719275,0.92,0.47
64.68,-2.343928287262857,-2.3038491190837207,0.5766545220960122,0.91,0.47
64.75,-2.343453386293308,-2.304079659189263,0.5758056974727497,0.91,0.46
64.82,-2.3429784853237585,-2.304310199294805,0.5749568728494872,0.9,0.46
64.89,-2.342503584354209,-2.3045407394003474,0.5741080482262244,0.9,0.46
64.96,-2.342028683384659,-2.3047712795058892,0.5732592236029619,0.9,0.45
65.03,-2.34155378241511,-2.305001819611432,0.5724103989796991,0.89,0.45
65.1,-2.3410788814455605,-2.3052323597169737,0.5715615743564366,0.89,0.45
65.17,-2.3406039804760113,-2.3054628998225164,0.5707127497331739,0.88,0.45
65.24,-2.3401290795064615,-2.305693439928058,0.5698639251099114,0.88,0.44
65.31,-2.3396541785369123,-2.3059239800336004,0.5690151004866486,0.87,0.44
65.38,-2.3391792775673625,-2.3061545201391427,0.5681662758633861,0.87,0.44
65.45,-2.3387043765978133,-2.306385060244685,0.5673174512401233,0.86,0.43
65.52,-2.338229475628264,-2.306615600350227,0.5664686266168608,0.86,0.43
65.59,-2.3377545746587147,-2.306846140455769,0.5656198019935981,0.86,0.43
65.66,-2.337279673689165,-2.307076680561311,0.5647709773703355,0.85,0.43
65.73,-2.3368047727196157,-2.3073072206668535,0.5639221527470729,0.85,0.42
65.8,-2.3363298717500665,-2.307537760772396,0.5630733281238103,0.85,0.42
65.87,-2.3358549707805167,-2.307768300877938,0.5622245035005476,0.84,0.42
65.94,-2.3353800698109675,-2.30799884098348,0.5613756788772851,0.84,0.42
66.01,-2.334905168841418,-2.3082293810890224,0.5605268542540224,0.83,0.41
66.08,-2.334430267871869,-2.3084599211945647,0.5596780296307599,0.83,0.41
66.15,-2.3339553669023188,-2.308690461300107,0.5588292050074972,0.82,0.41
66.22,-2.33348046593277,-2.3089210014056487,0.5579803803842347,0.82,0.41
66.29,-2.33300556496322,-2.3091515415111914,0.557131555760972,0.81,0.4
66.36,-2.332530663993671,-2.309382081616733,0.5562827311377093,0.81,0.4
66.43,-2.3320557630241217,-2.3096126217222754,0.5554339065144466,0.8,0.4
66.5,-2.331580862054572,-2.3098431618278177,0.554585081891184,0.8,0.39
66.57,-2.331105961085022,-2.31007370193336,0.5537362572679216,0.79,0.39
66.64,-2.330631060115473,-2.310304242038902,0.5528874326446589,0.79,0.39
66.71,-2.3301561591459237,-2.310534782144444,0.5520386080213963,0.78,0.39
66.78,-2.3296812581763744,-2.3107653222499867,0.5511897833981336,0.78,0.38
66.85,-2.329206357206825,-2.3109958623555285,0.5503409587748711,0.77,0.38
66.92,-2.328731456237275,-2.3112264024610707,0.5494921341516084,0.77,0.38
66.99,-2.3282565552677257,-2.311456942566613,0.5486433095283458,0.77,0.38
67.06,-2.3277816542981764,-2.311687482672155,0.5477944849050831,0.76,0.37
67.13,-2.327306753328627,-2.3119180227776974,0.5469456602818206,0.76,0.37
67.2,-2.326831852359078,-2.3121485628832397,0.5460968356585578,0.75,0.37
67.27,-2.3263569513895286,-2.312379102988782,0.5452480110352953,0.75,0.37
67.34,-2.325882050419979,-2.312609643094324,0.5443991864120326,0.74,0.36
67.41,-2.325407149450429,-2.3128401831998664,0.54355036178877,0.74,0.36
67.48,-2.32493224848088,-2.313070723305408,0.5427015371655074,0.73,0.36
67.55,-2.3244573475113306,-2.3133012634109504,0.5418527125422448,0.73,0.35
67.62,-2.323982446541781,-2.3135318035164927,0.5410038879189821,0.72,0.35
67.69,-2.3235075455722316,-2.313762343622035,0.5401550632957196,0.72,0.35
67.76,-2.3230326446026823,-2.313992883727577,0.5393062386724569,0.71,0.34
67.83,-2.3225577436331326,-2.314223423833119,0.5384574140491943,0.71,0.34
67.9,-2.3220828426635833,-2.3144539639386617,0.5376085894259317,0.7,0.34
67.97,-2.321607941694034,-2.3146845040442035,0.5367597648026691,0.7,0.33
68.04,-2.3211330407244843,-2.3149150441497457,0.5359109401794063,0.69,0.33
68.11,-2.320658139754935,-2.315145584255288,0.5350621155561438,0.69,0.33
68.18,-2.3201832387853853,-2.31537612436083,0.5342132909328812,0.68,0.33
68.25,-2.319708337815836,-2.3156066644663724,0.5333644663096186,0.68,0.32
68.32,-2.319233436846287,-2.3158372045719147,0.532515641686356,0.68,0.32
68.39,-2.318758535876737,-2.316067744677457,0.5316668170630933,0.67,0.32
68.46,-2.3182836349071883,-2.3162982847829987,0.5308179924398309,0.67,0.32
68.53,-2.3178087339376385,-2.3165288248885414,0.5299691678165681,0.67,0.31
68.6,-2.317333832968089,-2.316759364994083,0.5291203431933056,0.66,0.31
68.67,-2.3168589319985395,-2.316989905099626,0.5282715185700428,0.66,0.31
68.74,-2.3163840310289903,-2.3172204452051677,0.5274226939467803,0.65,0.31
68.81,-2.315909130059441,-2.31745098531071,0.5265738693235176,0.65,0.3
68.88,-2.3154342290898917,-2.317681525416252,0.525725044700255,0.64,0.3
68.95,-2.314959328120342,-2.3179120655217944,0.5248762200769923,0.64,0.3
69.02,-2.3144844271507923,-2.3181426056273366,0.5240273954537298,0.63,0.3
69.09,-2.314009526181243,-2.3183731457328784,0.5231785708304671,0.63,0.29
69.16,-2.3135346252116937,-2.3186036858384207,0.5223297462072045,0.62,0.29
69.23,-2.313059724242144,-2.318834225943963,0.5214809215839419,0.62,0.29
69.3,-2.3125848232725947,-2.319064766049505,0.5206320969606794,0.61,0.29
69.37,-2.3121099223030455,-2.3192953061550474,0.5197832723374166,0.61,0.28
69.44,-2.3116350213334957,-2.3195258462605897,0.5189344477141541,0.6,0.28
69.51,-2.3111601203639465,-2.319756386366132,0.5180856230908913,0.6,0.28
69.58,-2.310685219394397,-2.3199869264716737,0.5172367984676288,0.59,0.28
69.65,-2.3102103184248475,-2.320217466577216,0.5163879738443661,0.59,0.27
69.72,-2.309735417455298,-2.320448006682758,0.5155391492211036,0.58,0.27
69.79,-2.3092605164857485,-2.3206785467883004,0.5146903245978409,0.58,0.27
69.86,-2.308785615516199,-2.3209090868938427,0.5138414999745784,0.58,0.27
69.93,-2.30831071454665,-2.321139626999385,0.5129926753513157,0.57,0.26
70.0,-2.3078358135771,-2.321370167104927,0.512143850728053,0.57,0.26
70.07,-2.307360912607551,-2.321600707210469,0.5112950261047906,0.56,0.26
70.14,-2.3068860116380017,-2.3218312473160116,0.5104462014815279,0.56,0.26
70.21,-2.306411110668452,-2.3220617874215534,0.5095973768582653,0.55,0.25
70.28,-2.3059362096989027,-2.322292327527096,0.5087485522350026,0.55,0.25
70.35,-2.3054613087293534,-2.322522867632638,0.5078997276117401,0.54,0.25
70.42,-2.304986407759804,-2.32275340773818,0.5070509029884773,0.54,0.24
70.49,-2.3045115067902544,-2.3229839478437224,0.5062020783652148,0.53,0.24
70.56,-2.304036605820705,-2.3232144879492647,0.5053532537419521,0.53,0.24
70.63,-2.3035617048511554,-2.323445028054807,0.5045044291186895,0.52,0.24
70.7,-2.303086803881606,-2.323675568160349,0.5036556044954268,0.52,0.23
70.77,-2.302611902912057,-2.3239061082658914,0.5028067798721643,0.51,0.23
70.84,-2.302137001942507,-2.324136648371433,0.5019579552489015,0.5,0.23
70.91,-2.301662100972958,-2.3243671884769754,0.501109130625639,0.5,0.23
70.98,-2.301187200003408,-2.3245977285825177,0.5002603060023764,0.5,0.22
71.05,-2.300712299033859,-2.32482826868806,0.49941148137911373,0.49,0.22
71.12,-2.3002373980643096,-2.325058808793602,0.4985626567558511,0.49,0.22
71.19,-2.2997624970947603,-2.3252893488991444,0.4977138321325886,0.48,0.22
71.26,-2.2992875961252106,-2.3255198890046866,0.49686500750932583,0.48,0.21
71.33,-2.2988126951556613,-2.3257504291102284,0.4960161828860633,0.47,0.21
71.4,-2.2983377941861116,-2.325980969215771,0.49516735826280056,0.47,0.21
71.47,-2.2978628932165623,-2.326211509321313,0.49431853363953804,0.46,0.21
71.54,-2.2973879922470126,-2.326442049426855,0.4934697090162753,0.46,0.2
71.61,-2.2969130912774633,-2.3266725895323974,0.49262088439301277,0.45,0.2
71.68,-2.296438190307914,-2.3269031296379397,0.4917720597697501,0.45,0.2
71.75,-2.295963289338365,-2.327133669743482,0.4909232351464876,0.44,0.2
71.82,-2.2954883883688155,-2.327364209849024,0.49007441052322503,0.44,0.19
71.89,-2.295013487399266,-2.3275947499545664,0.4892255858999623,0.43,0.19
71.96,-2.2945385864297165,-2.3278252900601086,0.4883767612766998,0.43,0.19
72.03,-2.294063685460167,-2.3280558301656504,0.4875279366534371,0.42,0.19
72.1,-2.2935887844906175,-2.3282863702711927,0.48667911203017455,0.42,0.18
72.17,-2.2931138835210683,-2.328516910376735,0.48583028740691186,0.41,0.18
72.24,-2.2926389825515185,-2.328747450482277,0.4849814627836493,0.41,0.18
72.31,-2.2921640815819693,-2.3289779905878194,0.48413263816038654,0.41,0.18
72.38,-2.29168918061242,-2.3292085306933616,0.483283813537124,0.4,0.17
72.45,-2.2912142796428703,-2.329439070798904,0.48243498891386133,0.4,0.17
72.52,-2.290739378673321,-2.329669610904446,0.4815861642905988,0.39,0.17
72.59,-2.2902644777037717,-2.329900151009988,0.4807373396673361,0.39,0.17
72.66,-2.289789576734222,-2.33013069111553,0.4798885150440735,0.38,0.16
72.73,-2.2893146757646723,-2.3303612312210724,0.4790396904208108,0.38,0.16
72.8,-2.2888397747951235,-2.3305917713266147,0.47819086579754827,0.37,0.16
72.87,-2.2883648738255733,-2.3308223114321565,0.4773420411742856,0.36,0.16
72.94,-2.2878899728560245,-2.3310528515376987,0.47649321655102306,0.36,0.15
73.01,-2.2874150718864747,-2.3312833916432414,0.4756443919277603,0.35,0.15
73.08,-2.2869401709169255,-2.331513931748783,0.47479556730449773,0.35,0.15
73.15,-2.2864652699473758,-2.3317444718543254,0.47394674268123504,0.35,0.15
73.22,-2.285990368977827,-2.331975011959868,0.4730979180579726,0.34,0.14
73.29,-2.2855154680082768,-2.33220555206541,0.47224909343470983,0.33,0.14
73.36,-2.285040567038728,-2.332436092170952,0.47140026881144736,0.33,0.14
73.43,-2.284565666069178,-2.3326666322764944,0.47055144418818456,0.32,0.14
73.5,-2.284090765099629,-2.3328971723820366,0.46970261956492204,0.32,0.14
73.57,-2.2836158641300797,-2.333127712487579,0.4688537949416595,0.32,0.13
73.64,-2.28314096316053,-2.3333582525931207,0.46800497031839683,0.31,0.13
73.71,-2.2826660621909807,-2.333588792698663,0.4671561456951343,0.3,0.13
73.78,-2.282191161221431,-2.333819332804205,0.46630732107187156,0.3,0.12
73.85,-2.2817162602518817,-2.3340498729097474,0.465458496448609,0.3,0.12
73.92,-2.2812413592823324,-2.334280413015289,0.4646096718253463,0.29,0.12
73.99,-2.280766458312783,-2.334510953120832,0.46376084720208377,0.29,0.12
74.06,-2.2802915573432334,-2.334741493226374,0.4629120225788211,0.28,0.12
74.13,-2.279816656373684,-2.3349720333319164,0.4620631979555585,0.28,0.11
74.2,-2.2793417554041344,-2.3352025734374586,0.46121437333229576,0.27,0.11
74.27,-2.278866854434585,-2.3354331135430004,0.46036554870903323,0.27,0.11
74.34,-2.278391953465036,-2.3356636536485427,0.45951672408577054,0.26,0.11
74.41,-2.277917052495486,-2.335894193754085,0.458667899462508,0.26,0.1
74.48,-2.277442151525937,-2.336124733859627,0.45781907483924533,0.25,0.1
74.55,-2.276967250556387,-2.336355273965169,0.4569702502159827,0.25,0.1
74.62,-2.276492349586838,-2.336585814070711,0.45612142559272,0.24,0.1
74.69,-2.276017448617288,-2.3368163541762534,0.4552726009694575,0.24,0.09
74.76,-2.2755425476477393,-2.337046894281796,0.4544237763461948,0.23,0.09
74.83,-2.2750676466781896,-2.3372774343873384,0.45357495172293233,0.23,0.09
74.9,-2.2745927457086403,-2.3375079744928806,0.4527261270996696,0.22,0.09
74.97,-2.274117844739091,-2.3377385145984224,0.451877302476407,0.22,0.09
75.04,-2.2736429437695413,-2.3379690547039647,0.4510284778531443,0.21,0.08
75.11,-2.273168042799992,-2.338199594809507,0.4501796532298818,0.21,0.08
75.18,-2.246639258002093,-2.3007846109864176,0.4460611616869094,0.2,0.08
75.25,-2.2201104732041994,-2.263369627163336,0.44194267014393795,0.2,0.08
75.32,-2.1935816884063057,-2.225954643340254,0.43782417860096634,0.19,0.08
75.39,-2.167052903608407,-2.188539659517165,0.43370568705799395,0.19,0.07
75.46,-2.140524118810513,-2.1511246756940836,0.42958719551502245,0.18,0.07
75.53,-2.113995334012614,-2.1137096918709943,0.4254687039720501,0.18,0.07
75.6,-2.0874665492147204,-2.0762947080479126,0.4213502124290786,0.17,0.07
75.67,-2.060937764416822,-2.0388797242248233,0.41723172088610627,0.17,0.06
75.74,-2.034408979618928,-2.0014647404017416,0.4131132293431347,0.16,0.06
75.81,-2.007880194821029,-1.9640497565786526,0.4089947378001624,0.16,0.06
75.88,-1.9813514100231355,-1.9266347727555708,0.40487624625719076,0.15,0.06
75.95,-1.9548226252252365,-1.8892197889324815,0.4007577547142185,0.14,0.05
76.02,-1.9282938404273429,-1.8518048051094,0.3966392631712469,0.14,0.05
76.09,-1.901765055629444,-1.814389821286311,0.39252077162827453,0.13,0.05
76.16,-1.8752362708315502,-1.776974837463229,0.3884022800853031,0.13,0.05
76.23,-1.8487074860336512,-1.7395598536401398,0.3842837885423307,0.13,0.05
76.3,-1.8221787012357578,-1.7021448698170585,0.38016529699935914,0.12,0.04
76.37,-1.7956499164378588,-1.664729885993969,0.3760468054563868,0.11,0.04
76.44,-1.769121131639965,-1.6273149021708873,0.3719283139134153,0.11,0.04
76.51,-1.742592346842066,-1.5898999183477982,0.3678098223704429,0.1,0.04
76.58,-1.7160635620441727,-1.5524849345247167,0.3636913308274714,0.1,0.03
76.65,-1.6895347772462737,-1.5150699507016272,0.359572839284499,0.09,0.03
76.72,-1.6630059924483798,-1.4776549668785455,0.35545434774152745,0.09,0.03
76.79,-1.636477207650481,-1.4402399830554566,0.3513358561985551,0.08,0.03
76.86,-1.6099484228525873,-1.4028249992323747,0.3472173646555836,0.08,0.03
76.93,-1.5834196380546883,-1.3654100154092856,0.3430988731126112,0.07,0.02
77.0,-1.5568908532567949,-1.3279950315862041,0.3389803815696397,0.07,0.02
77.07,-1.530362068458901,-1.2905800477631224,0.3348618900266682,0.06,0.02
77.14,-1.5038332836610022,-1.2531650639400331,0.3307433984836958,0.06,0.02
77.21,-1.4773044988631088,-1.2157500801169516,0.32662490694072427,0.06,0.02
77.28,-1.4507757140652098,-1.1783350962938623,0.32250641539775193,0.05,0.01
77.35,-1.424246929267316,-1.1409201124707804,0.31838792385478043,0.05,0.01
77.42,-1.3977181444694171,-1.1035051286476913,0.31426943231180804,0.04,0.01
77.49,-1.3711893596715234,-1.0660901448246098,0.3101509407688366,0.03,0.01
77.56,-1.3446605748736244,-1.0286751610015206,0.3060324492258642,0.03,0.01
77.63,-1.3181317900757308,-0.9912601771784388,0.30191395768289264,0.03,0.01
77.7,-1.291603005277832,-0.9538451933553497,0.2977954661399203,0.03,0.0
77.77,-1.2650742204799383,-0.916430209532268,0.29367697459694875,0.03,0.0
77.84,-1.2385454356820391,-0.8790152257091788,0.28955848305397636,0.03,0.0
77.91,-1.2120166508841457,-0.8416002418860972,0.28543999151100485,0.03,0.0
77.98,-1.1854878660862467,-0.8041852580630079,0.2813214999680325,0.03,0.0
78.05,-1.1589590812883532,-0.7667702742399264,0.27720300842506096,0.03,0.0
78.12,-1.132430296490454,-0.7293552904168371,0.27308451688208857,0.03,0.0
78.19,-1.1059015116925603,-0.6919403065937555,0.2689660253391171,0.03,0.0
78.26,-1.0793727268946616,-0.6545253227706662,0.26484753379614473,0.03,0.0
78.33,-1.052843942096768,-0.6171103389475845,0.26072904225317317,0.03,0.0
78.4,-1.026315157298869,-0.5796953551244952,0.25661055071020084,0.03,0.0
78.47,-0.9997863725009752,-0.5422803713014137,0.25249205916722933,0.03,0.0
78.54,-0.9732575877030762,-0.5048653874783244,0.24837356762425697,0.03,0.0
78.61,-0.9467288029051827,-0.4674504036552428,0.2442550760812854,0.03,0.0
78.68,-0.9202000181072838,-0.43003541983215354,0.24013658453831305,0.03,0.0
78.75,-0.8936712333093901,-0.392620436009072,0.23601809299534154,0.03,0.0
78.82,-0.8671424485114965,-0.3552054521859903,0.23189960145237,0.03,0.0
78.89,-0.8406136637135975,-0.31779046836290104,0.2277811099093977,0.03,0.0
78.96,-0.8140848789157039,-0.2803754845398195,0.2236626183664261,0.03,0.0
79.03,-0.7875560941178049,-0.2429605007167302,0.21954412682345373,0.03,0.0
79.1,-0.7610273093199114,-0.2055455168936486,0.21542563528048222,0.02,0.0
79.17,-0.7344985245220124,-0.16813053307055933,0.21130714373750986,0.02,0.0
79.24,-0.7079697397241187,-0.1307155492474777,0.2071886521945384,0.02,0.0
79.31,-0.6814409549262197,-0.09330056542438847,0.20307016065156597,0.02,0.0
79.38,-0.6549121701283261,-0.055885581601306855,0.1989516691085945,0.02,0.0
79.45,-0.6283833853304271,-0.018470597778217634,0.19483317756562213,0.02,0.0
79.52,-0.6018546005325336,0.018944386044864037,0.19071468602265054,0.02,0.0
79.59,-0.5753258157346346,0.05635936986795327,0.18659619447967818,0.02,0.0
79.66,-0.5487970309367409,0.0937743536910349,0.18247770293670668,0.02,0.0
79.73,-0.5222682461388419,0.1311893375141241,0.17835921139373434,0.02,0.0
79.8,-0.4957394613409484,0.16860432133720576,0.1742407198507628,0.02,0.0
79.87,-0.47884134547982377,0.1706941837212662,0.17012222830779045,0.02,0.0
79.94,-0.46194322961870254,0.17278404610532627,0.1660037367648189,0.02,0.0
80.01,-0.44504511375757805,0.17487390848938675,0.16188524522184655,0.02,0.0
80.08,-0.4281469978964569,0.17696377087344678,0.15776675367887505,0.02,0.0
80.15,-0.4112488820353323,0.17905363325750723,0.15364826213590266,0.02,0.0
80.22,-0.3943507661742111,0.1811434956415673,0.14952977059293115,0.02,0.0
80.29,-0.37745265031308656,0.1832333580256278,0.14541127904995876,0.02,0.0
80.36,-0.36055453445196534,0.1853232204096878,0.14129278750698726,0.02,0.0
80.43,-0.34365641859084073,0.18741308279374824,0.13717429596401487,0.02,0.0
80.5,-0.3267583027297196,0.1895029451778083,0.13305580442104337,0.02,0.0
80.57,-0.3098601868685984,0.19159280756186836,0.12893731287807184,0.02,0.0
80.64,-0.2929620710074738,0.1936826699459288,0.12481882133509946,0.02,0.0
80.71,-0.2760639551463526,0.19577253232998887,0.12070032979212796,0.02,0.0
80.78,-0.2591658392852281,0.19786239471404932,0.1165818382491556,0.02,0.0
80.85,-0.24226772342410688,0.19995225709810938,0.11246334670618405,0.02,0.0
80.92,-0.22536960756298227,0.20204211948216982,0.10834485516321168,0.02,0.0
80.99,-0.20847149170186116,0.20413198186622988,0.1042263636202402,0.02,0.0
81.06,-0.19157337584073658,0.20622184425029033,0.10010787207726782,0.01,0.0
81.13,-0.1746752599796154,0.2083117066343504,0.09598938053429627,0.01,0.0
81.2,-0.15777714411849075,0.21040156901841084,0.09187088899132391,0.01,0.0
81.27,-0.14087902825736964,0.2124914314024709,0.08775239744835239,0.01,0.0
81.34,-0.12398091239624501,0.21458129378653135,0.08363390590538003,0.01,0.0
81.41,-0.10708279653512381,0.2166711561705914,0.0795154143624085,0.01,0.0
81.48,-0.09018468067399929,0.21876101855465188,0.07539692281943616,0.01,0.0
81.55,-0.07328656481287812,0.2208508809387119,0.07127843127646462,0.01,0.0
81.62,-0.05638844895175352,0.22294074332277236,0.06715993973349224,0.01,0.0
81.69,-0.03949033309063238,0.22503060570683242,0.06304144819052075,0.01,0.0
81.76,-0.022592217229507827,0.2271204680908929,0.05892295664754839,0.01,0.0
81.83,-0.005694101368386606,0.22921033047495293,0.054804465104576844,0.01,0.0
81.9,0.011204014492738001,0.23130019285901338,0.05068597356160448,0.01,0.0
81.97,0.02810213035385911,0.23339005524307344,0.046567482018632964,0.01,0.0
82.04,0.045000246214983775,0.2354799176271339,0.0424489904756606,0.01,0.0
82.11,0.06189836207610494,0.23756978001119394,0.03833049893268907,0.01,0.0
82.18,0.07879647793722952,0.23965964239525445,0.034212007389716706,0.01,0.0
82.25,0.09569459379835066,0.24174950477931445,0.030093515846745175,0.01,0.0
82.32,0.11259270965947188,0.2438393671633745,0.025975024303773644,0.02,0.0
82.39,0.12949082552059643,0.24592922954743499,0.021856532760801295,0.02,0.0
82.46,0.14638894138171757,0.24801909193149502,0.017738041217829778,0.02,0.0
82.53,0.16328705724284218,0.25010895431555547,0.013619549674857415,0.03,0.0
82.6,0.18018517310396337,0.2521988166996155,0.009501058131885884,0.03,0.0
82.67,0.1970832889650879,0.254288679083676,0.0053825665889135205,0.03,0.0
82.74,0.2139814048262091,0.25637854146773603,0.0012640750459420036,0.03,0.0
82.81,0.23087952068733372,0.2584684038517965,-0.0028544164970303737,0.03,0.0
82.88,0.2477776365484548,0.26055826623585654,-0.006972908040001891,0.03,0.0
82.95,0.2646757524095794,0.262648128619917,-0.011091399582974254,0.03,0.0
83.02,0.28157386827070063,0.26473799100397705,-0.015209891125945785,0.03,0.0
83.09,0.29847198413182524,0.2668278533880375,-0.019328382668918148,0.03,0.0
83.16,0.31537009999294635,0.26891771577209755,-0.02344687421188968,0.03,0.0
83.23,0.33226821585407096,0.271007578156158,-0.027565365754862042,0.03,0.0
83.3,0.3491663317151922,0.27309744054021806,-0.03168385729783356,0.03,0.0
83.37,0.3660644475763168,0.27518730292427857,-0.035802348840805916,0.03,0.0
83.44,0.38296256343743784,0.27727716530833857,-0.03992084038377744,0.03,0.0
83.51,0.39986067929856245,0.279367027692399,-0.04403933192674981,0.03,0.0
83.58,0.4167587951596836,0.28145689007645913,-0.048157823469721334,0.03,0.0
83.65,0.43365691102080833,0.2835467524605196,-0.0522763150126937,0.03,0.0
83.72,0.4505550268819294,0.2856366148445796,-0.056394806555665214,0.03,0.0
83.79,0.467453142743054,0.28772647722864003,-0.06051329809863757,0.03,0.0
83.86,0.48435125860417516,0.28981633961270015,-0.06463178964160912,0.03,0.0
83.93,0.5012493744652997,0.2919062019967606,-0.06875028118458147,0.03,0.0
84.0,0.5181474903264209,0.2939960643808206,-0.07286877272755299,0.03,0.0
84.07,0.5350456061875422,0.29608592676488066,-0.07698726427052452,0.03,0.0
84.14,0.5519437220486666,0.2981757891489411,-0.08110575581349688,0.03,0.0
84.21,0.5688418379097878,0.30026565153300117,-0.08522424735646841,0.03,0.0
84.28,0.5857399537709124,0.3023555139170616,-0.08934273889944078,0.03,0.0
84.35,0.6026380696320336,0.3044453763011216,-0.09346123044241231,0.03,0.0
84.42,0.6195361854931581,0.3065352386851821,-0.09757972198538467,0.03,0.0
84.49,0.6364343013542794,0.3086251010692422,-0.10169821352835617,0.03,0.0
84.56,0.6616927226312802,0.34212706927013525,-0.1003957268715899,0.03,0.0
84.63,0.6869511439082759,0.3756290374710216,-0.09909324021482385,0.03,0.0
84.7,0.7122095651852767,0.4091310056719147,-0.09779075355805757,0.03,0.0
84.77,0.7374679864622724,0.442632973872801,-0.09648826690129153,0.03,0.0
84.84,0.7627264077392731,0.4761349420736941,-0.09518578024452523,0.03,0.0
84.91,0.7879848290162689,0.5096369102745804,-0.0938832935877592,0.03,0.0
84.98,0.8132432502932697,0.5431388784754736,-0.09258080693099291,0.03,0.0
85.05,0.8385016715702653,0.5766408466763598,-0.09127832027422687,0.03,0.0
85.12,0.8637600928472662,0.610142814877253,-0.08997583361746059,0.03,0.0
85.19,0.8890185141242619,0.6436447830781393,-0.08867334696069455,0.03,0.0
85.26,0.9142769354012628,0.6771467512790323,-0.08737086030392827,0.03,0.0
85.33,0.9395353566782584,0.7106487194799187,-0.08606837364716222,0.03,0.0
85.4,0.9647937779552592,0.7441506876808117,-0.08476588699039594,0.03,0.0
85.47,0.990052199232255,0.7776526558816981,-0.0834634003336299,0.03,0.0
85.54,1.015310620509256,0.8111546240825911,-0.08216091367686362,0.03,0.0
85.61,1.0405690417862514,0.8446565922834774,-0.08085842702009757,0.04,0.0
85.68,1.0658274630632523,0.8781585604843706,-0.07955594036333127,0.04,0.0
85.75,1.0910858843402478,0.9116605286852568,-0.07825345370656525,0.04,0.0
85.82,1.1163443056172437,0.9451624968861432,-0.07695096704979922,0.04,0.0
85.89,1.1416027268942446,0.9786644650870364,-0.07564848039303292,0.05,0.0
85.96,1.16686114817124,1.0121664332879226,-0.07434599373626688,0.05,0.0
86.03,1.192119569448241,1.0456684014888156,-0.0730435070795006,0.06,0.0
86.1,1.2173779907252364,1.079170369689702,-0.07174102042273456,0.06,0.0
86.17,1.2426364120022375,1.1126723378905952,-0.07043853376596827,0.07,0.0
86.24,1.2678948332792332,1.1461743060914815,-0.06913604710920224,0.08,0.0
86.31,1.293153254556234,1.1796762742923748,-0.06783356045243594,0.08,0.0
86.38,1.3184116758332296,1.213178242493261,-0.06653107379566991,0.09,0.0
86.45,1.3436700971102304,1.246680210694154,-0.06522858713890362,0.09,0.0
86.52,1.3689285183872262,1.2801821788950403,-0.0639261004821376,0.1,0.0
86.59,1.394186939664227,1.3136841470959333,-0.0626236138253713,0.1,0.0
86.66,1.4194453609412228,1.3471861152968194,-0.061321127168605265,0.11,0.0
86.73,1.4447037822182234,1.3806880834977129,-0.06001864051183897,0.11,0.0
86.8,1.4699622034952193,1.414190051698599,-0.05871615385507294,0.12,0.0
86.87,1.4952206247722202,1.4476920198994923,-0.05741366719830664,0.12,0.0
86.94,1.520479046049216,1.4811939881003784,-0.0561111805415406,0.12,0.0
87.01,1.5457374673262163,1.5146959563012714,-0.054808693884774315,0.13,0.0
87.08,1.5709958886032123,1.548197924502158,-0.05350620722800828,0.13,0.0
87.15,1.596254309880213,1.581699892703051,-0.05220372057124199,0.13,0.0
87.22,1.6215127311572086,1.6152018609039374,-0.05090123391447596,0.14,0.0
87.29,1.6467711524342095,1.6487038291048306,-0.04959874725770966,0.14,0.0
87.36,1.6720295737112052,1.6822057973057167,-0.048296260600943636,0.15,0.01
87.43,1.6972879949882058,1.7157077655066097,-0.046993773944177336,0.15,0.01
87.5,1.7225464162652018,1.7492097337074963,-0.0456912872874113,0.16,0.01
87.57,1.7478048375421975,1.7827117019083825,-0.04438880063064528,0.16,0.01
87.64,1.7730632588191984,1.8162136701092755,-0.04308631397387898,0.17,0.01
87.71,1.7983216800961939,1.8497156383101616,-0.041783827317112957,0.17,0.01
87.78,1.823580101373195,1.8832176065110549,-0.04048134066034666,0.18,0.01
87.85,1.8488385226501904,1.9167195747119412,-0.039178854003580635,0.18,0.01
87.92,1.874096943927191,1.9502215429128342,-0.03787636734681432,0.19,0.01
87.99,1.899355365204187,1.9837235111137208,-0.0365738806900483,0.19,0.01
88.06,1.9246137864811876,2.0172254793146136,-0.035271394033282,0.2,0.01
88.13,1.9498722077581834,2.0507274475155,-0.03396890737651598,0.2,0.01
88.2,1.9751306290351844,2.084229415716393,-0.03266642071974968,0.21,0.01
88.27,2.00038905031218,2.1177313839172798,-0.031363934062983656,0.21,0.01
88.34,2.025647471589181,2.151233352118173,-0.030061447406217353,0.22,0.01
88.41,2.0509058928661767,2.184735320319059,-0.028758960749451324,0.22,0.01
88.48,2.076164314143177,2.218237288519952,-0.027456474092685024,0.23,0.01
88.55,2.101422735420173,2.251739256720838,-0.026153987435919006,0.24,0.01
88.62,2.126681156697174,2.285241224921732,-0.0248515007791527,0.24,0.01
88.69,2.1519395779741695,2.318743193122618,-0.023549014122386677,0.25,0.01
88.76,2.1771979992511703,2.352245161323511,-0.02224652746562037,0.25,0.01
88.83,2.2024564205281663,2.385747129524397,-0.02094404080885435,0.26,0.01
88.9,2.2277148418051667,2.4192490977252903,-0.01964155415208805,0.26,0.01
88.97,2.2529732630821626,2.452751065926176,-0.018339067495322027,0.27,0.01
89.04,2.2782316843591635,2.48625303412707,-0.01703658083855572,0.27,0.01
89.11,2.303490105636159,2.519755002327956,-0.0157340941817897,0.28,0.01
89.18,2.32874852691316,2.553256970528849,-0.014431607525023399,0.28,0.01
89.25,2.3288707593481353,2.5490980418047924,-0.013129120868257363,0.29,0.01
89.32,2.328992991783111,2.5449391130807357,-0.011826634211491334,0.3,0.01
89.39,2.3291152242180866,2.5407801843566786,-0.010524147554725034,0.3,0.01
89.46,2.329237456653062,2.536621255632622,-0.009221660897959005,0.31,0.01
89.53,2.3293596890880375,2.5324623269085644,-0.007919174241192713,0.31,0.01
89.6,2.3294819215230134,2.528303398184508,-0.006616687584426684,0.32,0.01
89.67,2.329604153957989,2.5241444694604507,-0.005314200927660384,0.32,0.01
89.74,2.3297263863929643,2.519985540736394,-0.004011714270894355,0.33,0.01
89.81,2.3298486188279397,2.515826612012337,-0.0027092276141280625,0.33,0.01
89.88,2.3299708512629156,2.5116676832882803,-0.0014067409573620335,0.34,0.01
89.95,2.3300930836978906,2.507508754564223,-0.00010425430059573387,0.34,0.01
90.02,2.3302153161328665,2.5033498258401665,0.0011982323561702951,0.35,0.01
90.09,2.330337548567842,2.4991908971161094,0.0025007190129365947,0.36,0.01
90.16,2.3304597810028174,2.4950319683920528,0.0038032056697026168,0.36,0.01
90.23,2.3305820134377933,2.4908730396679957,0.005105692326468916,0.37,0.01
90.3,2.3307042458727687,2.486714110943939,0.006408178983234945,0.37,0.01
90.37,2.330826478307744,2.4825551822198815,0.007710665640001245,0.38,0.01
90.44,2.3309487107427196,2.478396253495825,0.009013152296767274,0.38,0.01
90.51,2.331070943177695,2.4742373247717677,0.010315638953533567,0.39,0.01
90.58,2.331193175612671,2.470078396047711,0.011618125610299596,0.4,0.01
90.65,2.3313154080476464,2.465919467323654,0.012920612267065895,0.4,0.01
90.72,2.331437640482622,2.4617605385995973,0.014223098923831924,0.41,0.01
90.79,2.3315598729175973,2.4576016098755398,0.015525585580598217,0.41,0.01
90.86,2.3316821053525727,2.4534426811514836,0.016828072237364246,0.42,0.01
90.93,2.3318043377875486,2.4492837524274265,0.018130558894130545,0.42,0.01
91.0,2.331926570222524,2.4451248237033694,0.019433045550896574,0.43,0.01
91.07,2.3320488026575,2.440965894979313,0.020735532207662607,0.43,0.01
91.14,2.3321710350924754,2.4368069662552556,0.0220380188644289,0.44,0.01
91.21,2.332293267527451,2.432648037531199,0.023340505521194932,0.44,0.01
91.28,2.3324154999624263,2.428489108807142,0.024642992177961225,0.45,0.01
91.35,2.3325377323974017,2.4243301800830857,0.025945478834727257,0.45,0.01
91.42,2.332659964832377,2.4201712513590277,0.02724796549149355,0.46,0.01
91.49,2.332782197267353,2.4160123226349715,0.028550452148259586,0.47,0.01
91.56,2.3329044297023285,2.4118533939109144,0.02985293880502588,0.47,0.01
91.63,2.3330266621373044,2.4076944651868577,0.031155425461791907,0.48,0.01
91.7,2.33314889457228,2.4035355364628,0.0324579121185582,0.48,0.01
91.77,2.3332711270072553,2.399376607738744,0.03376039877532423,0.49,0.01
91.84,2.3333933594422307,2.3952176790146864,0.03506288543209053,0.5,0.01
91.91,2.333515591877206,2.3910587502906298,0.036365372088856554,0.5,0.01
91.98,2.333637824312182,2.3868998215665727,0.037667858745622854,0.51,0.01
92.05,2.333760056747157,2.382740892842516,0.03897034540238888,0.51,0.01
92.12,2.333882289182133,2.378581964118459,0.04027283205915518,0.52,0.01
92.19,2.3340045216171084,2.3744230353944022,0.04157531871592121,0.52,0.0
92.26,2.334126754052084,2.3702641066703447,0.04287780537268751,0.53,0.0
92.33,2.3342489864870597,2.366105177946288,0.04418029202945353,0.53,0.0
92.4,2.334371218922035,2.361946249222231,0.04548277868621983,0.54,0.0
92.47,2.3344934513570106,2.3577873204981743,0.04678526534298586,0.54,0.0
92.54,2.334615683791986,2.3536283917741168,0.048087751999752154,0.55,0.0
92.61,2.3347379162269615,2.3494694630500605,0.04939023865651818,0.55,0.0
92.68,2.3348601486619374,2.3453105343260034,0.05069272531328448,0.56,0.0
92.75,2.334982381096913,2.341151605601947,0.051995211970050505,0.57,0.0
92.82,2.3351046135318887,2.33699267687789,0.05329769862681655,0.57,0.0
92.89,2.335226845966864,2.332833748153833,0.05460018528358283,0.58,0.0
92.96,2.3353490784018396,2.3286748194297764,0.05590267194034887,0.58,0.0
93.03,2.335471310836815,2.324515890705719,0.057205158597115155,0.59,0.0
93.1,2.335593543271791,2.3203569619816626,0.0585076452538812,0.6,0.0
93.17,2.335715775706766,2.316198033257605,0.059810131910647484,0.6,0.0
93.24,2.3358380081417414,2.3120391045335484,0.06111261856741352,0.61,0.0
93.31,2.3359602405767173,2.3078801758094913,0.06241510522417981,0.61,0.0
93.38,2.336082473011693,2.3037212470854347,0.06371759188094585,0.62,0.0
93.45,2.3362047054466686,2.2995623183613776,0.06502007853771213,0.62,0.0
93.52,2.3363269378816436,2.295403389637321,0.06632256519447817,0.63,0.0
93.59,2.3364491703166195,2.2912444609132634,0.06762505185124446,0.63,0.0
93.66,2.336571402751595,2.287085532189207,0.0689275385080105,0.64,0.0
93.73,2.3366936351865704,2.2829266034651496,0.07023002516477679,0.64,0.0
93.8,2.3368158676215462,2.278767674741093,0.07153251182154283,0.65,0.0
93.87,2.3369381000565217,2.274608746017036,0.07283499847830913,0.65,0.0
93.94,2.337042451507666,2.274780857323897,0.07172278287409439,0.66,0.0
94.01,2.3371468029588103,2.274952968630758,0.07061056726987942,0.66,0.0
94.08,2.3372511544099543,2.275125079937619,0.0694983516656647,0.67,0.0
94.15,2.337355505861099,2.27529719124448,0.06838613606144973,0.68,0.0
94.22,2.337459857312243,2.275469302551341,0.067273920457235,0.68,0.0
94.29,2.3375642087633874,2.275641413858202,0.06616170485302005,0.69,0.0
94.36,2.3376685602145315,2.275813525165063,0.0650494892488053,0.69,0.0
94.43,2.3377729116656756,2.2759856364719244,0.06393727364459034,0.7,0.0
94.5,2.33787726311682,2.2761577477787855,0.06282505804037562,0.7,0.0
94.57,2.337981614567964,2.2763298590856467,0.06171284243616088,0.71,0.0
94.64,2.3380859660191082,2.2765019703925073,0.06060062683194592,0.71,0.0
94.71,2.3381903174702527,2.2766740816993685,0.05948841122773118,0.72,0.0
94.78,2.3382946689213973,2.2768461930062296,0.05837619562351623,0.73,0.0
94.85,2.3383990203725413,2.2770183043130907,0.0572639800193015,0.73,0.0
94.92,2.338503371823686,2.2771904156199514,0.05615176441508653,0.74,0.0
94.99,2.3386077232748304,2.277362526926813,0.055039548810871794,0.74,0.0
95.06,2.338712074725974,2.2775346382336736,0.053927333206656845,0.75,0.0
95.13,2.338816426177119,2.2777067495405348,0.052815117602442105,0.75,0.0
95.2,2.3389207776282626,2.277878860847396,0.05170290199822715,0.76,0.0
95.27,2.339025129079407,2.2780509721542566,0.05059068639401241,0.76,0.0
95.34,2.339129480530551,2.2782230834611177,0.04947847078979746,0.77,0.0
95.41,2.3392338319816957,2.2783951947679792,0.04836625518558271,0.77,0.0
95.48,2.3393381834328397,2.27856730607484,0.04725403958136776,0.78,0.0
95.55,2.3394425348839842,2.278739417381701,0.046141823977153024,0.79,0.0
95.62,2.3395468863351283,2.278911528688562,0.045029608372938054,0.79,0.0
95.69,2.339651237786273,2.2790836399954233,0.04391739276872332,0.8,0.0
95.76,2.339755589237417,2.2792557513022844,0.04280517716450837,0.8,0.0
95.83,2.339859940688561,2.279427862609145,0.04169296156029363,0.81,0.0
95.9,2.3399642921397055,2.279599973916006,0.04058074595607867,0.82,0.0
95.97,2.3400686435908495,2.2797720852228673,0.039468530351863935,0.82,0.0
96.04,2.3401729950419936,2.2799441965297285,0.03835631474764899,0.83,0.0
96.11,2.3402773464931386,2.2801163078365896,0.037244099143434246,0.83,0.0
96.18,2.3403816979442826,2.2802884191434507,0.036131883539219284,0.84,0.0
96.25,2.3404860493954267,2.280460530450312,0.03501966793500455,0.84,0.0
96.32,2.3405904008465708,2.2806326417571725,0.033907452330789824,0.85,0.0
96.39,2.3406947522977157,2.280804753064034,0.03279523672657486,0.86,0.0
96.46,2.3407991037488594,2.2809768643708948,0.03168302112236013,0.86,0.0
96.53,2.340903455200004,2.2811489756777554,0.030570805518145165,0.87,0.0
96.6,2.341007806651148,2.281321086984617,0.029458589913930425,0.87,0.0
96.67,2.3411121581022925,2.281493198291478,0.02834637430971547,0.88,0.0
96.74,2.341216509553437,2.2816653095983392,0.027234158705500736,0.88,0.0
96.81,2.341320861004581,2.2818374209052,0.02612194310128578,0.89,0.0
96.88,2.341425212455725,2.2820095322120615,0.02500972749707104,0.89,0.0
96.95,2.3415295639068696,2.282181643518922,0.023897511892856084,0.9,0.0
97.02,2.3416339153580137,2.282353754825783,0.022785296288641343,0.9,0.0
97.09,2.3417382668091578,2.282525866132644,0.021673080684426388,0.91,0.0
97.16,2.3418426182603023,2.282697977439505,0.020560865080211654,0.92,0.0
97.23,2.3419469697114463,2.282870088746366,0.0194486494759967,0.92,0.0
97.3,2.342051321162591,2.2830422000532273,0.01833643387178196,0.93,0.0
97.37,2.3421556726137354,2.2832143113600885,0.017224218267567003,0.93,0.0
97.44,2.3422600240648794,2.2833864226669496,0.01611200266335227,0.94,0.0
97.51,2.3423643755160235,2.2835585339738107,0.014999787059137314,0.94,0.0
97.58,2.3424687269671676,2.2837306452806714,0.013887571454922573,0.95,0.0
97.65,2.3425730784183125,2.283902756587533,0.012775355850707618,0.95,0.0
97.72,2.3426774298694566,2.2840748678943936,0.011663140246492884,0.96,0.0
97.79,2.3427817813206007,2.2842469792012547,0.010550924642277928,0.96,0.0
97.86,2.3428861327717447,2.284419090508116,0.009438709038063181,0.97,0.0
97.93,2.3429904842228892,2.284591201814977,0.008326493433848212,0.97,0.0
98.0,2.3430948356740338,2.2847633131218377,0.007214277829633492,0.98,0.0
98.07,2.343199187125178,2.2849354244286992,0.006102062225418758,0.98,0.0
98.14,2.343303538576322,2.28510753573556,0.004989846621203789,0.99,0.0
98.21,2.343407890027466,2.285279647042421,0.0038776310169890624,0.99,0.0
98.28,2.3435122414786105,2.285451758349282,0.0027654154127741,1.0,0.0
98.35,2.343616592929755,2.2856238696561433,0.0016531998085593663,1.01,0.0
98.42,2.343720944380899,2.2857959809630044,0.0005409842043444107,1.01,0.0
98.49,2.343825295832043,2.285968092269865,-0.0005712313998703228,1.02,0.0
98.56,2.3439296472831876,2.2861402035767266,-0.0016834470040852853,1.02,0.0
98.63,2.3440339987343317,2.2863123148835873,-0.002795662608300012,1.03,0.0
98.7,2.3441383501854762,2.2864844261904484,-0.003907878212514974,1.03,0.0
98.77,2.3442427016366203,2.2866565374973096,-0.005020093816729701,1.04,0.0
98.84,2.3443470530877644,2.2868286488041702,-0.0061323094209446635,1.04,0.0
98.91,2.344451404538909,2.287000760111032,-0.007244525025159404,1.05,0.0
98.98,2.3445557559900534,2.2871728714178925,-0.008356740629374367,1.05,0.0
99.05,2.3446601074411975,2.287344982724754,-0.009468956233589107,1.06,0.0
99.12,2.3447644588923415,2.2875170940316147,-0.010581171837804063,1.06,0.0
99.19,2.344868810343486,2.287689205338476,-0.011693387442018796,1.07,0.0
99.26,2.34497316179463,2.287861316645337,-0.012805603046233759,1.07,0.0
99.33,2.3450775132457746,2.2880334279521977,-0.013917818650448492,1.08,0.0
99.4,2.3451818646969187,2.2882055392590592,-0.01503003425466344,1.09,0.0
99.47,2.345286216148063,2.28837765056592,-0.016142249858878188,1.09,0.0
99.54,2.3453905675992073,2.288549761872781,-0.017254465463093137,1.1,0.0
99.61,2.345494919050352,2.288721873179642,-0.018366681067307884,1.1,0.0
99.68,2.345599270501496,2.2888939844865033,-0.019478896671522847,1.11,0.0
99.75,2.34570362195264,2.2890660957933644,-0.020591112275737566,1.12,0.0
99.82,2.3458079734037844,2.289238207100225,-0.021703327879952293,1.12,0.0
99.89,2.345912324854929,2.289410318407086,-0.022815543484167262,1.13,0.0
99.96,2.346016676306073,2.2895824297139473,-0.02392775908838199,1.13,0.0
100.03,2.346121027757217,2.2897545410208084,-0.02503997469259696,1.14,0.0
100.1,2.3462253792083616,2.2899266523276696,-0.0261521902968117,1.14,0.0
100.17,2.346329730659506,2.2900987636345307,-0.027264405901026655,1.15,0.0
100.24,2.34643408211065,2.290270874941392,-0.028376621505241388,1.15,0.0
100.31,2.3465384335617943,2.2904429862482525,-0.029488837109456358,1.16,0.0
100.38,2.3466427850129383,2.2906150975551136,-0.030601052713671084,1.16,0.0
100.45,2.346747136464083,2.2907872088619747,-0.03171326831788604,1.17,0.0
100.52,2.346851487915227,2.290959320168836,-0.032825483922100766,1.17,0.0
100.59,2.3469558393663714,2.291131431475697,-0.033937699526315736,1.18,0.0
100.66,2.3470601908175155,2.291303542782558,-0.035049915130530476,1.19,0.0
100.73,2.34716454226866,2.2914756540894192,-0.03616213073474543,1.19,0.0
100.8,2.3472688937198045,2.29164776539628,-0.03727434633896016,1.2,0.0
100.87,2.3473732451709486,2.2918198767031415,-0.03838656194317513,1.2,0.0
100.94,2.3474775966220927,2.291991988010002,-0.039498777547389854,1.21,0.0
101.01,2.3475819480732367,2.2921640993168633,-0.040610993151604824,1.22,0.0
101.08,2.3476862995243812,2.2923362106237244,-0.04172320875581955,1.22,0.0
101.15,2.3477906509755258,2.292508321930585,-0.042835424360034506,1.23,0.0
101.22,2.34789500242667,2.292680433237446,-0.04394763996424923,1.23,0.0
101.29,2.347999353877814,2.2928525445443073,-0.0450598555684642,1.24,0.0
101.36,2.3481037053289584,2.293024655851169,-0.04617207117267894,1.24,0.0
101.43,2.348208056780103,2.2931967671580296,-0.0472842867768939,1.25,0.0
101.5,2.348312408231247,2.2933688784648907,-0.04839650238110863,1.25,0.0
101.57,2.348416759682391,2.2935409897717514,-0.049508717985323365,1.26,0.0
101.64,2.348521111133535,2.2937131010786125,-0.05062093358953833,1.26,0.0
101.71,2.3486254625846796,2.2938852123854736,-0.05173314919375306,1.27,0.0
101.78,2.3487298140358237,2.2940573236923347,-0.05284536479796801,1.27,0.0
101.85,2.348834165486968,2.294229434999196,-0.05395758040218276,1.28,0.0
101.92,2.3489385169381127,2.294401546306057,-0.05506979600639772,1.28,0.0
101.99,2.3490428683892564,2.294573657612918,-0.05618201161061245,1.29,0.0
102.06,2.349147219840401,2.294745768919779,-0.057294227214827416,1.29,0.0
102.13,2.3492515712915454,2.29491788022664,-0.058406442819042136,1.3,0.0
102.2,2.3493559227426895,2.2950899915335015,-0.0595186584232571,1.31,0.0
102.27,2.349460274193834,2.295262102840362,-0.06063087402747183,1.31,0.0
102.34,2.349564625644978,2.2954342141472233,-0.061743089631686794,1.32,0.0
102.41,2.3496689770961225,2.2956063254540844,-0.06285530523590155,1.32,0.0
102.48,2.3497733285472666,2.2957784367609455,-0.06396752084011648,1.33,0.0
102.55,2.349877679998411,2.2959505480678066,-0.06507973644433124,1.33,0.0
102.62,2.349982031449555,2.2961226593746678,-0.0661919520485462,1.34,0.0
102.69,2.3500863829006997,2.2962947706815284,-0.06730416765276093,1.35,0.0
102.76,2.350190734351844,2.29646688198839,-0.06841638325697588,1.35,0.0
102.83,2.350295085802988,2.2966389932952507,-0.06952859886119062,1.36,0.0
102.9,2.350399437254132,2.296811104602112,-0.07064081446540557,1.36,0.0
102.97,2.3505037887052764,2.2969832159089725,-0.0717530300696203,1.37,0.0
103.04,2.3506081401564205,2.297155327215834,-0.07286524567383527,1.37,0.0
103.11,2.350712491607565,2.2973274385226947,-0.07397746127805,1.38,0.0
103.18,2.350816843058709,2.2974995498295563,-0.07508967688226498,1.38,0.0
103.25,2.3509211945098536,2.297671661136417,-0.0762018924864797,1.39,0.0
103.32,2.3504535436527663,2.299755554056941,-0.07731410809069442,1.39,0.0
103.39,2.3499858927956785,2.301839446977465,-0.0784263236949094,1.4,0.0
103.46,2.349518241938591,2.3039233398979895,-0.07953853929912413,1.4,0.0
103.53,2.349050591081504,2.3060072328185135,-0.08065075490333909,1.41,0.0
103.6,2.348582940224416,2.3080911257390375,-0.08176297050755381,1.42,0.0
103.67,2.3481152893673287,2.310175018659562,-0.08287518611176878,1.42,0.0
103.74,2.347647638510241,2.312258911580086,-0.08398740171598351,1.43,0.0
103.81,2.3471799876531536,2.31434280450061,-0.08509961732019847,1.43,0.0
103.88,2.3467123367960663,2.3164266974211345,-0.08621183292441321,1.44,0.0
103.95,2.346244685938979,2.318510590341659,-0.08732404852862816,1.44,-0.01
104.02,2.345777035081891,2.320594483262183,-0.08843626413284292,1.45,-0.01
104.09,2.3453093842248034,2.322678376182707,-0.08954847973705787,1.45,-0.01
104.16,2.3448417333677165,2.324762269103231,-0.0906606953412726,1.46,-0.01
104.23,2.3443740825106287,2.3268461620237555,-0.09177291094548756,1.47,-0.01
104.3,2.343906431653541,2.3289300549442795,-0.09288512654970228,1.47,-0.01
104.37,2.3434387807964536,2.331013947864804,-0.09399734215391725,1.48,-0.01
104.44,2.3429711299393663,2.333097840785328,-0.09510955775813199,1.48,-0.01
104.51,2.3425034790822785,2.335181733705852,-0.09622177336234695,1.49,-0.01
104.58,2.342035828225191,2.337265626626376,-0.09733398896656167,1.49,-0.01
104.65,2.3415681773681034,2.3393495195469,-0.09844620457077663,1.5,-0.01
104.72,2.341100526511016,2.3414334124674245,-0.09955842017499136,1.5,-0.01
104.79,2.3406328756539287,2.343517305387949,-0.10067063577920632,1.51,-0.01
104.86,2.340165224796841,2.3456011983084726,-0.10178285138342107,1.52,-0.01
104.93,2.3396975739397536,2.3476850912289975,-0.10289506698763601,1.52,-0.01
105.0,2.339229923082666,2.349768984149521,-0.10400728259185074,1.53,-0.01
105.07,2.3387622722255785,2.351852877070045,-0.10511949819606549,1.53,-0.01
105.14,2.338294621368491,2.3539367699905696,-0.10623171380028046,1.54,-0.01
105.21,2.3378269705114034,2.356020662911093,-0.1073439294044952,1.55,-0.01
105.28,2.337359319654316,2.358104555831618,-0.10845614500871015,1.55,-0.01
105.35,2.3368916687972288,2.360188448752142,-0.10956836061292488,1.56,-0.01
105.42,2.336424017940141,2.362272341672666,-0.11068057621713986,1.56,-0.01
105.49,2.3359563670830537,2.36435623459319,-0.11179279182135457,1.57,-0.01
105.56,2.335488716225966,2.3664401275137146,-0.11290500742556954,1.57,-0.01
105.63,2.3350210653688785,2.368524020434238,-0.11401722302978426,1.58,-0.01
105.7,2.334553414511791,2.370607913354763,-0.11512943863399921,1.58,-0.01
105.77,2.334085763654704,2.372691806275287,-0.11624165423821396,1.59,-0.01
105.84,2.333618112797616,2.3747756991958116,-0.11735386984242893,1.59,-0.01
105.91,2.3331504619405288,2.376859592116335,-0.11846608544664365,1.6,-0.01
105.98,2.3326828110834414,2.3789434850368596,-0.11957830105085862,1.6,-0.01
106.05,2.3322151602263537,2.381027377957384,-0.12069051665507333,1.61,-0.01
106.12,2.331747509369266,2.383111270877908,-0.1218027322592883,1.62,-0.01
106.19,2.331279858512179,2.385195163798432,-0.12291494786350304,1.62,-0.01
106.26,2.3308122076550912,2.387279056718956,-0.12402716346771799,1.63,-0.01
106.33,2.3303445567980035,2.38936294963948,-0.12513937907193276,1.63,-0.01
106.4,2.329876905940916,2.3914468425600046,-0.12625159467614772,1.64,-0.01
106.47,2.329409255083829,2.3935307354805286,-0.12736381028036245,1.65,-0.01
106.54,2.328941604226741,2.395614628401053,-0.1284760258845774,1.65,-0.01
106.61,2.3284739533696537,2.397698521321577,-0.1295882414887921,1.66,-0.01
106.68,2.3280063025125664,2.399782414242101,-0.1307004570930071,1.66,-0.01
106.75,2.3275386516554786,2.4018663071626256,-0.13181267269722183,1.67,-0.01
106.82,2.3270710007983912,2.403950200083149,-0.13292488830143656,1.67,-0.01
106.89,2.326603349941304,2.4060340930036737,-0.13403710390565152,1.68,-0.01
106.96,2.326135699084216,2.4081179859241977,-0.13514931950986625,1.68,-0.01
107.03,2.325668048227129,2.410201878844722,-0.1362615351140812,1.69,-0.01
107.1,2.3252003973700415,2.4122857717652457,-0.13737375071829594,1.69,-0.01
107.17,2.3247327465129537,2.4143696646857706,-0.13848596632251092,1.7,-0.01
107.24,2.3242650956558664,2.4164535576062947,-0.13959818192672563,1.7,-0.01
107.31,2.323797444798779,2.4185374505268187,-0.14071039753094058,1.71,-0.01
107.38,2.3233297939416913,2.4206213434473427,-0.14182261313515532,1.72,-0.01
107.45,2.322862143084604,2.422705236367867,-0.14293482873937027,1.72,-0.01
107.52,2.322394492227516,2.424789129288391,-0.14404704434358503,1.73,-0.01
107.59,2.3219268413704284,2.4268730222089157,-0.1451592599478,1.73,-0.01
107.66,2.321459190513341,2.4289569151294397,-0.14627147555201472,1.74,-0.01
107.73,2.3209915396562537,2.4310408080499637,-0.1473836911562297,1.74,-0.01
107.8,2.3205238887991664,2.4331247009704877,-0.1484959067604444,1.75,-0.01
107.87,2.3200562379420786,2.435208593891012,-0.14960812236465937,1.75,-0.01
107.94,2.3195885870849913,2.437292486811536,-0.1507203379688741,1.76,-0.01
108.01,2.2876477628296708,2.412912005343377,-0.15183255357308906,1.77,-0.01
108.08,2.2557069385743564,2.3885315238752227,-0.15294476917730382,1.77,-0.01
108.15,2.223766114319036,2.3641510424070633,-0.15405698478151877,1.78,-0.01
108.22,2.1918252900637216,2.3397705609389092,-0.15516920038573348,1.78,-0.01
108.29,2.159884465808401,2.3153900794707503,-0.15628141598994846,1.79,-0.01
108.36,2.127943641553087,2.2910095980025957,-0.15739363159416317,1.79,-0.01
108.43,2.0960028172977663,2.2666291165344363,-0.15850584719837812,1.8,-0.01
108.5,2.0640619930424515,2.2422486350662822,-0.15961806280259289,1.8,-0.01
108.57,2.0321211687871377,2.217868153598128,-0.1607302784068076,1.81,-0.01
108.64,2.000180344531817,2.1934876721299688,-0.16184249401102258,1.81,-0.01
108.71,1.9682395202765028,2.1691071906618147,-0.1629547096152373,1.82,-0.01
108.78,1.936298696021182,2.1447267091936553,-0.16406692521945226,1.83,-0.01
108.85,1.904357871765868,2.120346227725501,-0.16517914082366703,1.83,-0.01
108.92,1.8724170475105473,2.0959657462573418,-0.16629135642788195,1.84,-0.01
108.99,1.840476223255233,2.0715852647891877,-0.16740357203209671,1.84,-0.01
109.06,1.8085353989999124,2.0472047833210283,-0.16851578763631167,1.85,-0.01
109.13,1.7765945747445981,2.022824301852874,-0.16962800324052638,1.85,-0.01
109.2,1.7446537504892774,1.9984438203847148,-0.17074021884474136,1.86,-0.01
109.27,1.7127129262339633,1.9740633389165607,-0.1718524344489561,1.86,-0.01
109.34,1.6807721019786426,1.9496828574484013,-0.17296465005317105,1.87,-0.01
109.41,1.6488312777233287,1.9253023759802472,-0.17407686565738578,1.88,-0.01
109.48,1.616890453468008,1.9009218945120878,-0.17518908126160074,1.88,-0.01
109.55,1.5849496292126934,1.8765414130439337,-0.17630129686581547,1.89,-0.01
109.62,1.553008804957373,1.8521609315757743,-0.17741351247003043,1.89,-0.01
109.69,1.5210679807020588,1.8277804501076202,-0.17852572807424516,1.9,-0.01
109.76,1.489127156446738,1.803399968639461,-0.17963794367846012,1.9,-0.01
109.83,1.457186332191424,1.7790194871713068,-0.18075015928267485,1.91,-0.01
109.9,1.4252455079361035,1.7546390057031476,-0.18186237488688983,1.91,-0.01
109.97,1.393304683680789,1.7302585242349935,-0.18297459049110457,1.92,-0.01
110.04,1.3613638594254682,1.705878042766834,-0.18408680609531952,1.93,-0.01
110.11,1.3294230351701544,1.6814975612986798,-0.18519902169953426,1.93,-0.01
110.18,1.2974822109148336,1.6571170798305206,-0.1863112373037492,1.94,-0.01
110.25,1.2655413866595193,1.6327365983623663,-0.18742345290796397,1.94,-0.01
110.32,1.233600562404205,1.6083561168942122,-0.18853566851217868,1.95,-0.01
110.39,1.2016597381488845,1.5652114599039553,-0.18964788411639363,1.95,-0.01
110.46,1.1697189138935702,1.522066802913707,-0.19076009972060837,1.96,-0.01
110.53,1.1377780896382497,1.4789221459234503,-0.19187231532482332,1.97,-0.01
110.6,1.1058372653829356,1.435777488933202,-0.19298453092903808,1.97,-0.01
110.67,1.0738964411276148,1.3926328319429453,-0.194096746533253,1.97,-0.01
110.74,1.0419556168723005,1.3494881749526972,-0.19520896213746775,1.97,-0.01
110.81,1.0100147926169798,1.3063435179624403,-0.19632117774168273,1.97,-0.01
110.88,0.9780739683616657,1.2631988609721923,-0.19743339334589743,1.97,-0.01
110.95,0.9461331441063451,1.2200542039819353,-0.19854560895011242,1.97,-0.01
111.02,0.9141923198510309,1.1769095469916873,-0.19965782455432712,1.97,-0.01
111.09,0.8822514955957103,1.1337648900014303,-0.20077004015854208,1.97,-0.01
111.16,0.8503106713403961,1.0906202330111823,-0.20188225576275687,1.97,-0.01
111.23,0.8183698470850753,1.0474755760209253,-0.2029944713669718,1.97,-0.01
111.3,0.7864290228297611,1.0043309190306773,-0.20410668697118656,1.97,-0.01
111.37,0.7544881985744405,0.9611862620404206,-0.2052189025754015,1.97,-0.01
111.44,0.7225473743191263,0.9180416050501723,-0.20633111817961622,1.97,-0.01
111.51,0.6906065500638057,0.8748969480599155,-0.2074433337838312,1.97,-0.01
111.58,0.6586657258084915,0.8317522910696674,-0.20855554938804594,1.97,-0.01
111.65,0.6267249015531707,0.7886076340794105,-0.2096677649922609,1.97,-0.01
111.72,0.5947840772978565,0.7454629770891624,-0.21077998059647562,1.97,-0.01
111.79,0.5628432530425359,0.7023183200989056,-0.21189219620069058,1.97,-0.01
111.86,0.5309024287872217,0.6591736631086574,-0.2130044118049053,1.97,-0.01
111.93,0.4989616045319011,0.6160290061184006,-0.21411662740912027,1.97,-0.01
112.0,0.4670207802765869,0.5728843491281526,-0.21522884301333498,1.97,-0.01
112.07,0.4350799560212727,0.5297396921379043,-0.21634105861754974,1.97,-0.01
112.14,0.403139131765952,0.48659503514764746,-0.2174532742217647,1.97,-0.01
112.21,0.37119830751063787,0.4434503781573994,-0.21856548982597945,1.97,-0.01
112.28,0.3392574832553172,0.4003057211671426,-0.21967770543019438,1.97,-0.01
112.35,0.307316659000003,0.3571610641768944,-0.22078992103440911,1.97,-0.01
112.42,0.2753758347446823,0.3140164071866376,-0.2219021366386241,1.98,-0.01
112.49,0.2434350104893681,0.2708717501963894,-0.22301435224283883,1.98,-0.01
112.56,0.21149418623404748,0.2277270932061326,-0.22412656784705381,1.98,-0.01
112.63,0.17955336197873328,0.1845824362158845,-0.22523878345126852,1.98,-0.01
112.7,0.1675995024200459,0.1807635157805351,-0.2266814228522527,1.99,-0.01
112.77,0.15564564286136096,0.17694459534518645,-0.22812406225323661,1.99,-0.01
112.84,0.14369178330267357,0.17312567490983705,-0.22956670165422077,1.99,-0.01
112.91,0.13173792374398863,0.16930675447448845,-0.23100934105520465,1.99,-0.01
112.98,0.11978406418530124,0.16548783403913903,-0.23245198045618887,1.99,-0.01
113.05,0.10783020462661631,0.1616689136037904,-0.23389461985717275,1.99,-0.01
113.12,0.09587634506792891,0.157849993168441,-0.23533725925815693,1.99,-0.01
113.19,0.08392248550924397,0.15403107273309236,-0.2367798986591408,1.99,-0.01
113.26,0.07196862595055657,0.15021215229774296,-0.23822253806012497,1.99,-0.01
113.33,0.06001476639187163,0.14639323186239434,-0.23966517746110888,1.99,-0.01
113.4,0.04806090683318427,0.14257431142704496,-0.24110781686209307,1.99,-0.01
113.47,0.036107047274499315,0.13875539099169631,-0.24255045626307695,1.99,-0.01
113.54,0.02415318771581193,0.1349364705563469,-0.24399309566406113,1.99,-0.01
113.61,0.012199328157126987,0.1311175501209983,-0.245435735065045,1.99,-0.01
113.68,0.0002454685984396021,0.12729862968564887,-0.2468783744660292,1.99,-0.01
113.75,-0.011708390960245368,0.12347970925030023,-0.2483210138670131,1.99,-0.01
113.82,-0.023662250518930283,0.11966078881495162,-0.249763653267997,1.99,-0.01
113.89,-0.03561611007761767,0.11584186837960221,-0.25120629266898115,1.99,-0.01
113.96,-0.04756996963630264,0.1120229479442536,-0.2526489320699651,1.99,-0.01
114.03,-0.059523829194990024,0.10820402750890418,-0.25409157147094924,1.99,-0.01
114.1,-0.07147768875367495,0.10438510707355557,-0.2555342108719332,1.99,-0.01
114.17,-0.08343154831236235,0.10056618663820616,-0.25697685027291733,1.99,-0.01
114.24,-0.0953854078710473,0.09674726620285752,-0.25841948967390116,1.99,-0.01
114.31,-0.10733926742973465,0.09292834576750814,-0.25986212907488543,1.99,-0.01
114.38,-0.11929312698841964,0.08910942533215951,-0.26130476847586925,1.99,-0.01
114.45,-0.13124698654710698,0.0852905048968101,-0.26274740787685347,1.99,-0.01
114.52,-0.14320084610579192,0.08147158446146148,-0.26419004727783735,1.99,-0.01
114.59,-0.1551547056644793,0.0776526640261121,-0.2656326866788215,1.99,-0.01
114.66,-0.16710856522316425,0.07383374359076345,-0.26707532607980544,1.99,-0.01
114.73,-0.17906242478185166,0.07001482315541403,-0.2685179654807896,1.99,-0.01
114.8,-0.19101628434053658,0.06619590272006542,-0.2699606048817735,1.99,-0.01
114.87,-0.20297014389922396,0.06237698228471602,-0.27140324428275764,1.99,-0.01
114.94,-0.2149240034579089,0.058558061849367384,-0.2728458836837416,1.98,-0.01
115.01,-0.22687786301659635,0.05473914141401798,-0.27428852308472573,1.98,-0.01
115.08,-0.23883172257528126,0.050920220978669356,-0.27573116248570967,1.98,-0.01
115.15,-0.2507855821339686,0.04710130054331996,-0.2771738018866938,1.98,-0.01
115.22,-0.2627394416926536,0.04328238010797133,-0.2786164412876777,1.98,-0.01
115.29,-0.27469330125134095,0.03946345967262192,-0.2800590806886619,1.97,0.0
115.36,-0.2866471608100259,0.0356445392372733,-0.2815017200896458,1.97,0.0
115.43,-0.2986010203687133,0.03182561880192389,-0.28294435949062996,1.97,0.0
115.5,-0.3105548799273982,0.028006698366575267,-0.2843869988916139,1.97,0.0
115.57,-0.32250873948608316,0.024187777931226638,-0.2858296382925977,1.97,0.0
115.64,-0.3344625990447706,0.02036885749587724,-0.28727227769358193,1.97,0.0
115.71,-0.3464164586034555,0.016549937060528618,-0.2887149170945658,1.97,0.0
115.78,-0.3583703181621429,0.012731016625179212,-0.29015755649555,1.97,0.0
115.85,-0.3703241777208279,0.008912096189830583,-0.2916001958965339,1.97,0.0
115.92,-0.38227803727951526,0.00509317575448117,-0.29304283529751807,1.97,0.0
115.99,-0.3942318968382002,0.0012742553191325487,-0.29448547469850195,1.97,0.0
116.06,-0.40618575639688753,-0.002544665116216857,-0.29592811409948616,1.97,0.0
116.13,-0.41813961595557253,-0.006363585551565486,-0.29737075350047004,1.97,0.0
116.2,-0.4300934755142599,-0.010182505986914885,-0.29881339290145426,1.97,0.0
116.27,-0.4420473350729448,-0.014001426422263506,-0.30025603230243814,1.97,0.0
116.34,-0.45400119463163224,-0.017820346857612912,-0.3016986717034223,1.97,0.0
116.41,-0.4659550541903172,-0.02163926729296154,-0.30314131110440623,1.97,0.0
116.48,-0.4779089137490045,-0.025458187728310953,-0.3045839505053904,1.97,0.0
116.55,-0.48986277330768946,-0.02927710816365957,-0.30602658990637427,1.97,0.0
116.62,-0.5018166328663769,-0.033096028599008974,-0.3074692293073585,1.97,0.0
116.69,-0.5137704924250618,-0.0369149490343576,-0.3089118687083423,1.97,0.0
116.76,-0.5257243519837491,-0.040733869469707,-0.3103545081093265,1.97,0.0
116.83,-0.5376782115424342,-0.04455278990505564,-0.3117971475103104,1.97,0.0
116.9,-0.5496320711011216,-0.048371710340405036,-0.3132397869112946,1.97,0.0
116.97,-0.5615859306598064,-0.05219063077575366,-0.3146824263122785,1.97,0.0
117.04,-0.5735397902184938,-0.05600955121110306,-0.31612506571326265,1.97,0.0
117.11,-0.5854936497771788,-0.059828471646451685,-0.31756770511424653,1.97,0.0
117.18,-0.5974475093358662,-0.06364739208180109,-0.3190103445152307,1.97,0.0
117.25,-0.6094013688945511,-0.06746631251714971,-0.32045298391621463,1.97,0.0
117.32,-0.6213552284532361,-0.07128523295249835,-0.3218956233171985,1.97,0.0
117.39,-0.6460715040748936,-0.13190928756112752,-0.3233382627181827,1.97,0.0
117.46,-0.6707877796965459,-0.19253334216974438,-0.32478090211916655,1.97,0.0
117.53,-0.6955040553182034,-0.25315739677837357,-0.32622354152015076,1.97,0.0
117.6,-0.7202203309398557,-0.31378145138699043,-0.32766618092113464,1.97,0.0
117.67,-0.7449366065615132,-0.3744055059956195,-0.32910882032211886,1.97,0.0
117.74,-0.7696528821831655,-0.4350295606042364,-0.33055145972310274,1.97,0.0
117.81,-0.794369157804823,-0.4956536152128656,-0.33199409912408695,1.97,0.0
117.88,-0.8190854334264754,-0.5562776698214825,-0.33343673852507083,1.97,0.0
117.95,-0.8438017090481327,-0.6169017244301117,-0.334879377926055,1.97,0.0
118.02,-0.8685179846697852,-0.6775257790387285,-0.33632201732703887,1.97,0.0
118.09,-0.8932342602914427,-0.7381498336473576,-0.337764656728023,1.97,0.0
118.16,-0.9179505359130948,-0.7987738882559745,-0.3392072961290069,1.97,0.0
118.23,-0.9426668115347523,-0.8593979428646037,-0.3406499355299911,1.97,0.0
118.3,-0.9673830871564048,-0.9200219974732206,-0.342092574930975,1.97,0.0
118.37,-0.9920993627780621,-0.9806460520818497,-0.3435352143319592,1.96,0.0
118.44,-1.0168156383997147,-1.0412701066904666,-0.3449778537329431,1.96,0.0
118.51,-1.041531914021372,-1.1018941612990958,-0.3464204931339273,1.96,0.0
118.58,-1.0662481896430243,-1.1625182159077125,-0.3478631325349112,1.96,0.01
118.65,-1.0909644652646817,-1.223142270516342,-0.34930577193589535,1.96,0.01
118.72,-1.1156807408863343,-1.2837663251249587,-0.3507484113368793,1.96,0.01
118.79,-1.1403970165079915,-1.3443903797335879,-0.35219105073786344,1.96,0.01
118.86,-1.1651132921296439,-1.4050144343422049,-0.35363369013884727,1.95,0.01
118.93,-1.1898295677513016,-1.4656384889508336,-0.3550763295398315,1.95,0.01
119.0,-1.214545843372954,-1.5262625435594506,-0.3565189689408154,1.95,0.01
119.07,-1.2392621189946063,-1.5868865981680675,-0.3579616083417993,1.94,0.01
119.14,-1.2639783946162637,-1.6475106527766967,-0.35940424774278346,1.94,0.02
119.21,-1.288694670237916,-1.7081347073853135,-0.36084688714376734,1.93,0.02
119.28,-1.3134109458595733,-1.7687587619939427,-0.36228952654475155,1.92,0.02
119.35,-1.3381272214812259,-1.8293828166025596,-0.36373216594573543,1.92,0.02
119.42,-1.362843497102883,-1.8900068712111888,-0.3651748053467196,1.91,0.03
119.49,-1.3875597727245355,-1.9506309258198056,-0.3666174447477035,1.91,0.03
119.56,-1.4122760483461931,-2.011254980428435,-0.3680600841486876,1.9,0.03
119.63,-1.4369923239678455,-2.0718790350370515,-0.36950272354967156,1.9,0.03
119.7,-1.4617085995895027,-2.132503089645681,-0.3709453629506558,1.9,0.03
119.77,-1.486424875211155,-2.134876200442208,-0.37238800235163966,1.89,0.04
119.84,-1.5111411508328123,-2.1372493112387354,-0.3738306417526238,1.88,0.04
119.91,-1.535857426454465,-2.139622422035263,-0.3752732811536077,1.88,0.04
119.98,-1.5605737020761223,-2.1419955328317903,-0.3767159205545919,1.87,0.04
120.05,-1.5852899776977747,-2.144368643628318,-0.3781585599555758,1.87,0.05
120.12,-1.6100062533194321,-2.1467417544248453,-0.37960119935656,1.86,0.05
120.19,-1.6347225289410845,-2.1491148652213723,-0.3810438387575439,1.86,0.05
120.26,-1.659438804562742,-2.1514879760178998,-0.3824864781585281,1.85,0.05
120.33,-1.6841550801843945,-2.1538610868144272,-0.383929117559512,1.85,0.05
120.4,-1.7088713558060518,-2.1562341976109547,-0.3853717569604961,1.85,0.05
120.47,-1.7335876314277041,-2.158607308407482,-0.38681439636148,1.84,0.06
120.54,-1.7583039070493618,-2.1609804192040096,-0.3882570357624642,1.84,0.06
120.61,-1.7830201826710141,-2.1633535300005367,-0.38969967516344806,1.83,0.06
120.68,-1.8077364582926714,-2.1657266407970646,-0.39114231456443227,1.83,0.06
120.75,-1.8324527339143237,-2.1680997515935916,-0.39258495396541615,1.83,0.06
120.82,-1.8571690095359763,-2.1704728623901186,-0.3940275933664001,1.82,0.06
120.89,-1.8818852851576335,-2.172845973186646,-0.39547023276738424,1.82,0.06
120.96,-1.9066015607792859,-2.1752190839831735,-0.3969128721683681,1.82,0.07
121.03,-1.9313178364009436,-2.1775921947797015,-0.3983555115693523,1.81,0.07
121.1,-1.956034112022596,-2.179965305576228,-0.3997981509703362,1.81,0.07
121.17,-1.9807503876442532,-2.182338416372756,-0.4012407903713204,1.8,0.07
121.24,-2.005466663265906,-2.184711527169283,-0.40268342977230426,1.8,0.07
121.31,-2.0301829388875627,-2.1870846379658104,-0.4041260691732884,1.79,0.07
121.38,-2.0548992145092155,-2.189457748762338,-0.40556870857427235,1.79,0.08
121.45,-2.0796154901308728,-2.1918308595588654,-0.4070113479752565,1.78,0.08
121.52,-2.1043317657525256,-2.1942039703553924,-0.4084539873762404,1.78,0.08
121.59,-2.129048041374183,-2.1965770811519203,-0.40989662677722455,1.78,0.08
121.66,-2.1537643169958347,-2.1989501919484473,-0.4113392661782085,1.77,0.09
121.73,-2.178480592617493,-2.201323302744975,-0.4127819055791927,1.77,0.09
121.8,-2.2031968682391447,-2.2036964135415023,-0.4142245449801765,1.76,0.09
121.87,-2.2279131438608024,-2.2060695243380297,-0.41566718438116074,1.76,0.09
121.94,-2.2526294194824548,-2.2084426351345567,-0.4171098237821446,1.75,0.09
122.01,-2.277345695104112,-2.2108157459310847,-0.41855246318312883,1.75,0.09
122.08,-2.2772161705507084,-2.210671430703227,-0.41999510258411266,1.75,0.1
122.15,-2.2770866459973047,-2.210527115475369,-0.4214377419850969,1.74,0.1
122.22,-2.2769571214439,-2.210382800247512,-0.4228803813860808,1.74,0.1
122.29,-2.276827596890496,-2.210238485019654,-0.42432302078706496,1.73,0.1
122.36,-2.276698072337093,-2.2100941697917964,-0.42576566018804884,1.73,0.11
122.43,-2.276568547783689,-2.2099498545639387,-0.42720829958903306,1.72,0.11
122.5,-2.276439023230285,-2.2098055393360814,-0.42865093899001694,1.72,0.11
122.57,-2.276309498676881,-2.2096612241082236,-0.4300935783910008,1.71,0.11
122.64,-2.276179974123477,-2.209516908880366,-0.431536217791985,1.71,0.12
122.71,-2.2760504495700733,-2.209372593652508,-0.43297885719296886,1.7,0.12
122.78,-2.2759209250166696,-2.2092282784246504,-0.434421496593953,1.7,0.12
122.85,-2.2757914004632656,-2.2090839631967927,-0.435864135994937,1.69,0.12
122.92,-2.275661875909862,-2.208939647968935,-0.4373067753959212,1.69,0.13
122.99,-2.275532351356458,-2.2087953327410776,-0.438749414796905,1.68,0.13
123.06,-2.275402826803054,-2.20865101751322,-0.4401920541978892,1.68,0.13
123.13,-2.27527330224965,-2.208506702285362,-0.44163469359887314,1.67,0.13
123.2,-2.275143777696246,-2.2083623870575044,-0.4430773329998573,1.67,0.14
123.27,-2.2750142531428423,-2.2082180718296467,-0.4445199724008412,1.66,0.14
123.34,-2.2748847285894387,-2.208073756601789,-0.44596261180182534,1.66,0.14
123.41,-2.274755204036035,-2.2079294413739317,-0.4474052512028093,1.66,0.14
123.48,-2.274625679482631,-2.207785126146074,-0.44884789060379343,1.65,0.15
123.55,-2.274496154929227,-2.207640810918216,-0.4502905300047773,1.65,0.15
123.62,-2.274366630375823,-2.2074964956903584,-0.4517331694057615,1.64,0.15
123.69,-2.274237105822419,-2.207352180462501,-0.45317580880674535,1.64,0.15
123.76,-2.2741075812690155,-2.2072078652346434,-0.45461844820772956,1.63,0.16
123.83,-2.2739780567156114,-2.2070635500067857,-0.45606108760871344,1.63,0.16
123.9,-2.2738485321622077,-2.206919234778928,-0.45750372700969766,1.62,0.16
123.97,-2.2737190076088036,-2.20677491955107,-0.45894636641068154,1.62,0.16
124.04,-2.2735894830554,-2.2066306043232125,-0.4603890058116657,1.61,0.17
124.11,-2.273459958501996,-2.2064862890953547,-0.46183164521264963,1.61,0.17
124.18,-2.2733304339485922,-2.2063419738674974,-0.4632742846136338,1.6,0.17
124.25,-2.273200909395188,-2.2061976586396397,-0.46471692401461767,1.6,0.17
124.32,-2.2730713848417845,-2.2060533434117824,-0.4661595634156016,1.59,0.18
124.39,-2.2729418602883804,-2.2059090281839246,-0.4676022028165857,1.59,0.18
124.46,-2.2728123357349768,-2.205764712956067,-0.46904484221756965,1.58,0.18
124.53,-2.2726828111815727,-2.205620397728209,-0.47048748161855386,1.58,0.18
124.6,-2.272553286628169,-2.2054760825003514,-0.4719301210195377,1.57,0.19
124.67,-2.272423762074765,-2.2053317672724937,-0.4733727604205219,1.57,0.19
124.74,-2.2722942375213613,-2.205187452044636,-0.4748153998215058,1.56,0.19
124.81,-2.272164712967957,-2.205043136816778,-0.47625803922249,1.56,0.19
124.88,-2.2720351884145535,-2.204898821588921,-0.4777006786234739,1.55,0.2
124.95,-2.2719056638611494,-2.204754506361063,-0.47914331802445803,1.55,0.2
125.02,-2.2717761393077454,-2.2046101911332054,-0.4805859574254419,1.54,0.2
125.09,-2.2716466147543417,-2.2044658759053477,-0.48202859682642607,1.54,0.2
125.16,-2.2715170902009376,-2.2043215606774904,-0.48347123622741006,1.54,0.21
125.23,-2.271387565647534,-2.2041772454496327,-0.48491387562839416,1.53,0.21
125.3,-2.2712580410941303,-2.204032930221775,-0.48635651502937816,1.53,0.21
125.37,-2.2711285165407262,-2.203888614993917,-0.4877991544303623,1.52,0.21
125.44,-2.270998991987322,-2.2037442997660595,-0.4892417938313462,1.52,0.22
125.51,-2.2708694674339185,-2.2035999845382017,-0.49068443323233035,1.51,0.22
125.58,-2.270739942880515,-2.2034556693103444,-0.49212707263331423,1.5,0.22
125.65,-2.2706104183271107,-2.2033113540824867,-0.4935697120342984,1.5,0.23
125.72,-2.2704808937737067,-2.203167038854629,-0.4950123514352823,1.49,0.23
125.79,-2.270351369220303,-2.203022723626771,-0.4964549908362665,1.49,0.23
125.86,-2.2702218446668994,-2.202878408398914,-0.49789763023725037,1.48,0.23
125.93,-2.2700923201134953,-2.202734093171056,-0.4993402696382346,1.48,0.24
126.0,-2.269962795560091,-2.2025897779431984,-0.5007829090392184,1.47,0.24
126.07,-2.2698332710066875,-2.2024454627153407,-0.5022255484402023,1.47,0.24
126.14,-2.2697037464532834,-2.202301147487483,-0.5036681878411865,1.47,0.24
126.21,-2.2695742218998802,-2.2021568322596257,-0.5051108272421704,1.46,0.25
126.28,-2.2694446973464757,-2.2020125170317675,-0.5065534666431546,1.46,0.25
126.35,-2.269315172793072,-2.2018682018039097,-0.5079961060441385,1.45,0.25
126.42,-2.2691856482396684,-2.201723886576052,-0.5094387454451227,1.44,0.25
126.49,-2.2690561236862647,-2.2015795713481947,-0.5108813848461066,1.44,0.26
126.56,-2.26892659913286,-2.2014352561203374,-0.5123240242470908,1.43,0.26
126.63,-2.2687970745794566,-2.2012909408924797,-0.5137666636480747,1.43,0.26
126.7,-2.268667550026053,-2.201146625664622,-0.5152093030490589,1.42,0.27
126.77,-2.268538025472649,-2.201002310436764,-0.5166519424500426,1.42,0.27
126.84,-2.2684085009192447,-2.2008579952089065,-0.518094581851027,1.41,0.27
126.91,-2.268278976365841,-2.2007136799810487,-0.5195372212520109,1.41,0.27
126.98,-2.2681494518124374,-2.200569364753191,-0.520979860652995,1.41,0.28
127.05,-2.2680199272590333,-2.2004250495253332,-0.5224225000539788,1.4,0.28
127.12,-2.2678904027056292,-2.2002807342974755,-0.523865139454963,1.4,0.28
127.19,-2.2677608781522256,-2.200136419069618,-0.5253077788559469,1.39,0.28
127.26,-2.267631353598822,-2.1999921038417605,-0.526750418256931,1.39,0.29
127.33,-2.267501829045418,-2.199847788613903,-0.528193057657915,1.38,0.29
127.4,-2.2673723044920138,-2.199703473386045,-0.5296356970588991,1.38,0.29
127.47,-2.2672427799386106,-2.1995591581581877,-0.531078336459883,1.37,0.29
127.54,-2.2671132553852065,-2.19941484293033,-0.5325209758608672,1.37,0.3
127.61,-2.266983730831803,-2.1992705277024722,-0.5339636152618512,1.36,0.3
127.68,-2.2668542062783987,-2.1991262124746145,-0.5354062546628353,1.36,0.3
127.75,-2.2667246817249946,-2.1989818972467567,-0.5368488940638192,1.35,0.3
127.82,-2.266595157171591,-2.1988375820188995,-0.5382915334648032,1.35,0.31
127.89,-2.266465632618187,-2.1986932667910417,-0.5397341728657873,1.35,0.31
127.96,-2.266336108064783,-2.1985489515631835,-0.5411768122667712,1.34,0.31
128.03,-2.266206583511379,-2.1984046363353262,-0.5426194516677554,1.34,0.32
128.1,-2.2660770589579755,-2.198260321107469,-0.5440620910687393,1.33,0.32
128.17,-2.2659475344045714,-2.198116005879611,-0.5455047304697231,1.32,0.32
128.24,-2.2658180098511673,-2.1979716906517535,-0.5469473698707076,1.32,0.33
128.31,-2.2656884852977637,-2.1978273754238957,-0.5483900092716916,1.32,0.33
128.38,-2.2655589607443596,-2.197683060196038,-0.5498326486726753,1.31,0.33
128.45,-2.265429436190956,-2.1975387449681802,-0.5512752880736593,1.31,0.33
128.52,-2.265299911637552,-2.1973944297403225,-0.5527179274746438,1.3,0.34
128.59,-2.265170387084148,-2.197250114512465,-0.5541605668756276,1.3,0.34
128.66,-2.2650408625307445,-2.197105799284607,-0.5556032062766114,1.29,0.34
128.73,-2.2649113379773405,-2.1969614840567497,-0.5570458456775954,1.29,0.34
128.8,-2.2647818134239364,-2.196817168828892,-0.55848848507858,1.28,0.35
128.87,-2.2646522888705327,-2.1966728536010343,-0.5599311244795638,1.28,0.35
128.94,-2.264522764317129,-2.196528538373177,-0.5613737638805477,1.27,0.35
129.01,-2.264393239763725,-2.1963842231453192,-0.5628164032815316,1.27,0.36
129.08,-2.264263715210321,-2.1962399079174615,-0.5642590426825161,1.26,0.36
129.15,-2.2641341906569172,-2.1960955926896037,-0.5657016820834999,1.26,0.36
129.22,-2.2640046661035136,-2.195951277461746,-0.5671443214844838,1.25,0.37
129.29,-2.2638751415501095,-2.1958069622338883,-0.5685869608854678,1.25,0.37
129.36,-2.2637456169967054,-2.1956626470060305,-0.5700296002864522,1.24,0.37
129.43,-2.2636160924433018,-2.1955183317781732,-0.5714722396874361,1.24,0.37
129.5,-2.263486567889898,-2.1953740165503155,-0.57291487908842,1.23,0.38
129.57,-2.263357043336494,-2.1952297013224578,-0.5743575184894039,1.23,0.38
129.64,-2.2632275187830904,-2.1950853860946005,-0.5758001578903877,1.23,0.38
129.71,-2.2630979942296863,-2.1949410708667423,-0.5772427972913722,1.22,0.39
129.78,-2.2629684696762826,-2.194796755638885,-0.5786854366923562,1.22,0.39
129.85,-2.2628389451228785,-2.1946524404110272,-0.5801280760933399,1.21,0.39
129.92,-2.262709420569475,-2.1945081251831695,-0.5815707154943239,1.21,0.39
129.99,-2.262579896016071,-2.1943638099553118,-0.5830133548953083,1.2,0.4
130.06,-2.262450371462667,-2.1942194947274545,-0.5844559942962922,1.2,0.4
130.13,-2.262320846909263,-2.1940751794995967,-0.5858986336972762,1.19,0.4
130.2,-2.262191322355859,-2.193930864271739,-0.58734127309826,1.19,0.41
130.27,-2.2620617978024553,-2.1937865490438813,-0.5887839124992446,1.18,0.41
130.34,-2.2619322732490517,-2.1936422338160235,-0.5902265519002284,1.18,0.41
130.41,-2.2618027486956476,-2.1934979185881662,-0.5916691913012123,1.17,0.41
130.48,-2.2616732241422435,-2.193353603360308,-0.5931118307021961,1.17,0.42
130.55,-2.26154369958884,-2.1932092881324508,-0.5945544701031806,1.16,0.42
130.62,-2.2614141750354357,-2.193064972904593,-0.5959971095041646,1.16,0.42
130.69,-2.261284650482032,-2.1929206576767357,-0.5974397489051484,1.15,0.43
130.76,-2.2611551259286284,-2.1927763424488775,-0.5988823883061324,1.15,0.43
130.83,-2.2610256013752243,-2.1926320272210202,-0.6003250277071168,1.14,0.43
130.9,-2.2608960768218203,-2.1924877119931625,-0.6017676671081007,1.14,0.43
130.97,-2.2607665522684166,-2.192343396765305,-0.6032103065090846,1.14,0.44
131.04,-2.2606370277150125,-2.192199081537447,-0.6046529459100685,1.13,0.44
131.11,-2.260507503161609,-2.1920547663095893,-0.606095585311053,1.13,0.44
131.18,-2.260377978608205,-2.191910451081732,-0.6075382247120368,1.12,0.44
131.25,-2.260248454054801,-2.191766135853874,-0.6089808641130208,1.12,0.44
131.32,-2.2601189295013975,-2.1916218206260165,-0.6104235035140047,1.12,0.45
131.39,-2.259989404947993,-2.1914775053981583,-0.6118661429149884,1.11,0.45
131.46,-2.2600632583775857,-2.191723688549737,-0.6126260026103244,1.11,0.45
131.53,-2.260137111807178,-2.191969871701315,-0.6133858623056602,1.11,0.45
131.6,-2.260210965236771,-2.192216054852893,-0.6141457220009957,1.1,0.45
131.67,-2.2602848186663627,-2.192462238004471,-0.6149055816963312,1.1,0.45
131.74,-2.260358672095955,-2.1927084211560497,-0.6156654413916673,1.1,0.46
131.81,-2.2604325255255473,-2.192954604307628,-0.6164253010870029,1.09,0.46
131.88,-2.26050637895514,-2.1932007874592054,-0.6171851607823385,1.09,0.46
131.95,-2.260580232384732,-2.1934469706107835,-0.6179450204776742,1.08,0.47
132.02,-2.2606540858143247,-2.1936931537623616,-0.6187048801730102,1.08,0.47
132.09,-2.260727939243917,-2.19393933691394,-0.6194647398683457,1.07,0.47
132.16,-2.260801792673509,-2.1941855200655183,-0.6202245995636814,1.07,0.47
132.23,-2.2608756461031017,-2.194431703217096,-0.620984459259017,1.06,0.48
132.3,-2.260949499532694,-2.1946778863686744,-0.6217443189543529,1.06,0.48
132.37,-2.2610233529622863,-2.194924069520253,-0.6225041786496887,1.06,0.48
132.44,-2.2610972063918786,-2.19517025267183,-0.6232640383450242,1.05,0.48
132.51,-2.261171059821471,-2.1954164358234087,-0.6240238980403598,1.05,0.49
132.58,-2.2612449132510637,-2.195662618974987,-0.6247837577356958,1.04,0.49
132.65,-2.261318766680656,-2.195908802126565,-0.6255436174310315,1.04,0.49
132.72,-2.261392620110248,-2.196154985278143,-0.626303477126367,1.04,0.5
132.79,-2.2614664735398406,-2.196401168429721,-0.6270633368217026,1.03,0.5
132.86,-2.2615403269694334,-2.1966473515812996,-0.6278231965170387,1.03,0.5
132.93,-2.2616141803990253,-2.1968935347328777,-0.6285830562123743,1.02,0.51
133.0,-2.2616880338286176,-2.1971397178844554,-0.62934291590771,1.02,0.51
133.07,-2.2617618872582104,-2.197385901036034,-0.6301027756030455,1.01,0.51
133.14,-2.2618357406878022,-2.197632084187612,-0.6308626352983812,1.01,0.52
133.21,-2.261909594117395,-2.19787826733919,-0.6316224949937173,1.0,0.52
133.28,-2.261983447546987,-2.198124450490768,-0.6323823546890528,1.0,0.52
133.35,-2.262057300976579,-2.1983706336423463,-0.6331422143843883,1.0,0.52
133.42,-2.262131154406172,-2.1986168167939244,-0.633902074079724,0.99,0.53
133.49,-2.2622050078357643,-2.1988629999455025,-0.63466193377506,0.99,0.53
133.56,-2.2622788612653566,-2.1991091830970806,-0.6354217934703955,0.98,0.53
133.63,-2.262352714694949,-2.1993553662486587,-0.6361816531657312,0.98,0.54
133.7,-2.2624265681245412,-2.1996015494002368,-0.6369415128610669,0.97,0.54
133.77,-2.262500421554134,-2.1998477325518153,-0.6377013725564028,0.97,0.54
133.84,-2.262574274983726,-2.200093915703393,-0.6384612322517383,0.97,0.55
133.91,-2.262648128413318,-2.200340098854971,-0.6392210919470741,0.96,0.55
133.98,-2.262721981842911,-2.2005862820065496,-0.6399809516424096,0.96,0.55
134.05,-2.2627958352725033,-2.2008324651581277,-0.6407408113377456,0.95,0.56
134.12,-2.2628696887020956,-2.201078648309706,-0.6415006710330813,0.95,0.56
134.19,-2.262943542131688,-2.201324831461284,-0.6422605307284169,0.94,0.56
134.26,-2.2630173955612802,-2.201571014612862,-0.6430203904237525,0.94,0.57
134.33,-2.2630912489908726,-2.20181719776444,-0.6437802501190885,0.93,0.57
134.4,-2.263165102420465,-2.202063380916018,-0.6445401098144241,0.93,0.57
134.47,-2.263238955850057,-2.2023095640675963,-0.6452999695097597,0.93,0.58
134.54,-2.2633128092796495,-2.2025557472191744,-0.6460598292050954,0.92,0.58
134.61,-2.2633866627092423,-2.202801930370753,-0.6468196889004313,0.92,0.58
134.68,-2.263460516138834,-2.2030481135223305,-0.6475795485957669,0.91,0.59
134.75,-2.263534369568427,-2.203294296673909,-0.6483394082911026,0.91,0.59
134.82,-2.2636082229980192,-2.203540479825487,-0.6490992679864382,0.9,0.59
134.89,-2.2636820764276115,-2.2037866629770653,-0.6498591276817738,0.9,0.59
134.96,-2.263755929857204,-2.2040328461286434,-0.6506189873771098,0.9,0.6
135.03,-2.263829783286796,-2.2042790292802215,-0.6513788470724454,0.89,0.6
135.1,-2.2639036367163885,-2.2045252124317996,-0.6521387067677811,0.89,0.6
135.17,-2.2639774901459813,-2.2047713955833776,-0.6528985664631167,0.88,0.61
135.24,-2.264051343575573,-2.2050175787349557,-0.6536584261584526,0.88,0.61
135.31,-2.264125197005166,-2.205263761886534,-0.6544182858537883,0.87,0.61
135.38,-2.264199050434758,-2.205509945038112,-0.6551781455491239,0.87,0.62
135.45,-2.2642729038643505,-2.20575612818969,-0.6559380052444596,0.87,0.62
135.52,-2.264346757293943,-2.2060023113412686,-0.6566978649397954,0.86,0.62
135.59,-2.264420610723535,-2.206248494492846,-0.6574577246351311,0.86,0.62
135.66,-2.2644944641531275,-2.2064946776444243,-0.6582175843304667,0.85,0.63
135.73,-2.26456831758272,-2.206740860796003,-0.6589774440258024,0.85,0.63
135.8,-2.264642171012312,-2.206987043947581,-0.6597373037211383,0.84,0.63
135.87,-2.2647160244419045,-2.207233227099159,-0.6604971634164739,0.84,0.64
135.94,-2.264789877871497,-2.207479410250737,-0.6612570231118096,0.84,0.64
136.01,-2.2648637313010895,-2.2077255934023152,-0.6620168828071452,0.83,0.64
136.08,-2.264937584730682,-2.2079717765538933,-0.6627767425024812,0.83,0.65
136.15,-2.265011438160274,-2.2082179597054714,-0.6635366021978167,0.82,0.65
136.22,-2.2650852915898665,-2.2084641428570495,-0.6642964618931524,0.82,0.65
136.29,-2.2651591450194593,-2.2087103260086276,-0.665056321588488,0.81,0.66
136.36,-2.265232998449051,-2.208956509160206,-0.6658161812838239,0.81,0.66
136.43,-2.2653068518786434,-2.209202692311784,-0.6665760409791596,0.81,0.66
136.5,-2.265380705308236,-2.2094488754633623,-0.6673359006744953,0.8,0.67
136.57,-2.2654545587378285,-2.2096950586149404,-0.668095760369831,0.8,0.67
136.64,-2.265528412167421,-2.2099412417665185,-0.6688556200651665,0.79,0.67
136.71,-2.265602265597013,-2.2101874249180966,-0.6696154797605025,0.79,0.68
136.78,-2.2656761190266055,-2.2104336080696747,-0.670375339455838,0.78,0.68
136.85,-2.265749972456198,-2.210679791221253,-0.6711351991511737,0.78,0.68
136.92,-2.26582382588579,-2.210925974372831,-0.6718950588465094,0.77,0.69
136.99,-2.2658976793153824,-2.211172157524409,-0.6726549185418453,0.77,0.69
137.06,-2.2659715327449748,-2.2114183406759875,-0.673414778237181,0.77,0.69
137.13,-2.2660453861745675,-2.211664523827565,-0.6741746379325166,0.76,0.7
137.2,-2.2661192396041594,-2.2119107069791433,-0.6749344976278522,0.76,0.7
137.27,-2.2661930930337517,-2.2121568901307214,-0.6756943573231882,0.75,0.7
137.34,-2.2662669464633445,-2.2124030732823,-0.6764542170185238,0.75,0.71
137.41,-2.266340799892937,-2.212649256433878,-0.6772140767138595,0.74,0.71
137.48,-2.266414653322529,-2.212895439585456,-0.677973936409195,0.74,0.71
137.55,-2.2664885067521214,-2.213141622737034,-0.678733796104531,0.73,0.72
137.62,-2.2665623601817138,-2.2133878058886123,-0.6794936557998666,0.73,0.72
137.69,-2.2666362136113065,-2.2136339890401904,-0.6802535154952023,0.73,0.72
137.76,-2.266710067040899,-2.2138801721917685,-0.681013375190538,0.72,0.73
137.83,-2.2667839204704907,-2.2141263553433466,-0.6817732348858738,0.72,0.73
137.9,-2.2668577739000835,-2.214372538494925,-0.6825330945812095,0.71,0.73
137.97,-2.266931627329676,-2.2146187216465028,-0.6832929542765451,0.71,0.74
138.04,-2.267005480759268,-2.2148649047980813,-0.6840528139718807,0.71,0.74
138.11,-2.2670793341888604,-2.2151110879496594,-0.6848126736672167,0.7,0.74
138.18,-2.2671531876184527,-2.2153572711012375,-0.6855725333625523,0.7,0.75
138.25,-2.267227041048045,-2.2156034542528156,-0.686332393057888,0.69,0.75
138.32,-2.267300894477638,-2.2158496374043937,-0.6870922527532236,0.69,0.75
138.39,-2.2673747479072297,-2.2160958205559718,-0.6878521124485593,0.68,0.76
138.46,-2.267448601336822,-2.21634200370755,-0.6886119721438952,0.68,0.76
138.53,-2.267522454766415,-2.216588186859128,-0.6893718318392308,0.68,0.76
138.6,-2.267596308196007,-2.216834370010706,-0.6901316915345663,0.67,0.77
138.67,-2.2676701616255994,-2.217080553162284,-0.6908915512299021,0.67,0.77
138.74,-2.2677440150551917,-2.2173267363138622,-0.6916514109252381,0.66,0.77
138.81,-2.267817868484784,-2.2175729194654403,-0.6924112706205736,0.66,0.77
138.88,-2.267891721914377,-2.2178191026170184,-0.6931711303159093,0.66,0.78
138.95,-2.2679655753439687,-2.2180652857685965,-0.6939309900112449,0.65,0.78
139.02,-2.2680394287735615,-2.2183114689201746,-0.6946908497065809,0.65,0.78
139.09,-2.268113282203154,-2.218557652071753,-0.6954507094019164,0.64,0.79
139.16,-2.268187135632746,-2.2188038352233312,-0.6962105690972522,0.64,0.79
139.23,-2.2682609890623384,-2.2190500183749093,-0.6969704287925877,0.63,0.79
139.3,-2.2683348424919307,-2.2192962015264874,-0.6977302884879237,0.63,0.8
139.37,-2.268408695921523,-2.2195423846780655,-0.6984901481832593,0.63,0.8
139.44,-2.2684825493511154,-2.219788567829644,-0.6992500078785949,0.62,0.8
139.51,-2.2685564027807077,-2.2200347509812217,-0.7000098675739306,0.62,0.81
139.58,-2.2686302562103,-2.2202809341328003,-0.7007697272692666,0.61,0.81
139.65,-2.2687041096398923,-2.2205271172843783,-0.7015295869646021,0.61,0.81
139.72,-2.2687779630694846,-2.2207733004359564,-0.7022894466599379,0.61,0.82
139.79,-2.268851816499077,-2.2210194835875345,-0.7030493063552734,0.6,0.82
139.86,-2.2689256699286693,-2.2212656667391126,-0.7038091660506094,0.6,0.82
139.93,-2.268999523358262,-2.2215118498906907,-0.704569025745945,0.59,0.83
140.0,-2.2690733767878544,-2.221758033042269,-0.7053288854412807,0.59,0.83
140.07,-2.2691472302174467,-2.222004216193847,-0.7060887451366162,0.59,0.83
140.14,-2.2692210836470394,-2.222250399345425,-0.706848604831952,0.58,0.84
140.21,-2.2692949370766318,-2.222496582497003,-0.7076084645272878,0.58,0.84
140.28,-2.269368790506224,-2.222742765648581,-0.7083683242226235,0.57,0.84
140.35,-2.2694426439358164,-2.2229889488001593,-0.7091281839179591,0.57,0.85
140.42,-2.2695164973654087,-2.2232351319517374,-0.7098880436132948,0.57,0.85
140.49,-2.269590350795001,-2.2234813151033155,-0.7106479033086307,0.56,0.85
140.56,-2.2696642042245934,-2.2237274982548936,-0.7114077630039664,0.56,0.86
140.63,-2.2697380576541857,-2.2239736814064717,-0.7121676226993019,0.55,0.86
140.7,-2.269811911083778,-2.22421986455805,-0.7129274823946377,0.55,0.86
140.77,-2.2698857645133703,-2.2244660477096283,-0.7136873420899735,0.55,0.87
140.84,-2.2699596179429626,-2.2247122308612064,-0.7144472017853092,0.54,0.87
140.91,-2.270033471372555,-2.224958414012784,-0.7152070614806447,0.54,0.87
140.98,-2.2701073248021473,-2.2252045971643626,-0.7159669211759805,0.53,0.88
141.05,-2.27018117823174,-2.225450780315941,-0.7167267808713165,0.53,0.88
141.12,-2.2702550316613324,-2.225696963467519,-0.717486640566652,0.53,0.89
141.19,-2.2703288850909247,-2.225943146619097,-0.7182465002619877,0.52,0.89
141.26,-2.270402738520517,-2.2261893297706754,-0.7190063599573233,0.52,0.89
141.33,-2.2704765919501098,-2.2264355129222535,-0.7197662196526593,0.51,0.9
141.4,-2.270550445379702,-2.2266816960738316,-0.7205260793479948,0.51,0.9
141.47,-2.2706242988092944,-2.2269278792254097,-0.7212859390433304,0.51,0.9
141.54,-2.2706981522388867,-2.227174062376988,-0.7220457987386661,0.5,0.91
141.61,-2.270772005668479,-2.227420245528566,-0.7228056584340021,0.5,0.91
141.68,-2.2708458590980714,-2.227666428680144,-0.7235655181293378,0.49,0.91
141.75,-2.2709197125276637,-2.227912611831722,-0.7243253778246733,0.49,0.92
141.82,-2.270993565957256,-2.2281587949833,-0.725085237520009,0.48,0.92
141.89,-2.2710674193868483,-2.2284049781348783,-0.7258450972153446,0.48,0.93
141.96,-2.2711412728164406,-2.2286511612864564,-0.7266049569106805,0.48,0.93
142.03,-2.271215126246033,-2.2288973444380344,-0.7273648166060163,0.47,0.93
142.1,-2.2712889796756253,-2.2291435275896125,-0.7281246763013518,0.47,0.94
142.17,-2.2713628331052176,-2.2293897107411906,-0.7288845359966873,0.47,0.94
142.24,-2.2714366865348103,-2.2296358938927687,-0.7296443956920233,0.46,0.94
142.31,-2.271510539964402,-2.229882077044347,-0.730404255387359,0.46,0.95
142.38,-2.271584393393995,-2.2301282601959254,-0.7311641150826946,0.45,0.95
142.45,-2.2716582468235873,-2.2303744433475035,-0.7319239747780303,0.45,0.95
142.52,-2.2717321002531796,-2.2306206264990815,-0.7326838344733662,0.44,0.96
142.59,-2.271805953682772,-2.2308668096506596,-0.7334436941687019,0.44,0.96
142.66,-2.2718798071123643,-2.2311129928022377,-0.7342035538640375,0.44,0.96
142.73,-2.2719536605419566,-2.231359175953816,-0.7349634135593731,0.43,0.97
142.8,-2.272027513971549,-2.231605359105394,-0.7357232732547091,0.43,0.97
142.87,-2.2721013674011417,-2.231851542256972,-0.7364831329500446,0.43,0.97
142.94,-2.272175220830734,-2.2320977254085506,-0.7372429926453803,0.42,0.98
143.01,-2.2722490742603263,-2.232343908560128,-0.738002852340716,0.42,0.98
143.08,-2.2723229276899186,-2.2325900917117067,-0.7387627120360518,0.41,0.98
143.15,-2.272396781119511,-2.232836274863285,-0.7395225717313875,0.41,0.99
143.22,-2.2724706345491033,-2.233082458014863,-0.7402824314267232,0.41,0.99
143.29,-2.2725444879786956,-2.233328641166441,-0.7410422911220589,0.4,0.99
143.36,-2.272618341408288,-2.233574824318019,-0.7418021508173949,0.4,1.0
143.43,-2.27269219483788,-2.233821007469597,-0.7425620105127304,0.4,1.0
143.5,-2.2727660482674725,-2.2340671906211753,-0.743321870208066,0.39,1.0
143.57,-2.272839901697065,-2.2343133737727534,-0.7440817299034016,0.39,1.01
143.64,-2.2729137551266576,-2.2345595569243315,-0.7448415895987373,0.38,1.01
143.71,-2.2729876085562495,-2.2348057400759096,-0.7456014492940732,0.38,1.02
143.78,-2.2730614619858422,-2.2350519232274877,-0.7463613089894088,0.37,1.02
143.85,-2.2731353154154346,-2.235298106379066,-0.7471211686847444,0.37,1.02
143.92,-2.273209168845027,-2.235544289530644,-0.7478810283800801,0.37,1.03
143.99,-2.273283022274619,-2.235790472682222,-0.7486408880754161,0.36,1.03
144.06,-2.273356875704212,-2.2360366558338005,-0.7494007477707517,0.36,1.04
144.13,-2.273430729133804,-2.2362828389853786,-0.7501606074660874,0.35,1.04
144.2,-2.2735045825633966,-2.2365290221369563,-0.7509204671614229,0.35,1.04
144.27,-2.273578435992989,-2.236775205288535,-0.7516803268567589,0.35,1.05
144.34,-2.2736522894225812,-2.237021388440113,-0.7524401865520945,0.34,1.05
144.41,-2.2737261428521736,-2.237267571591691,-0.7532000462474302,0.34,1.06
144.48,-2.273799996281766,-2.237513754743269,-0.7539599059427657,0.34,1.06
144.55,-2.273873849711358,-2.237759937894847,-0.7547197656381017,0.33,1.06
144.62,-2.2739477031409505,-2.2380061210464253,-0.7554796253334374,0.33,1.07
144.69,-2.274021556570543,-2.238252304198004,-0.756239485028773,0.33,1.07
144.76,-2.274095410000135,-2.2384984873495815,-0.7569993447241087,0.32,1.07
144.83,-2.274169263429728,-2.23874467050116,-0.7577592044194446,0.32,1.08
144.9,-2.27424311685932,-2.238990853652738,-0.7585190641147802,0.31,1.08
144.97,-2.2743169702889126,-2.239237036804316,-0.7592789238101159,0.31,1.08
145.04,-2.274390823718505,-2.2394832199558943,-0.7600387835054515,0.31,1.09
145.11,-2.274464677148097,-2.2397294031074724,-0.7607986432007874,0.3,1.09
145.18,-2.2745385305776895,-2.2399755862590505,-0.7615585028961231,0.3,1.09
145.25,-2.274612384007282,-2.2402217694106286,-0.7623183625914587,0.29,1.1
145.32,-2.274686237436874,-2.2404679525622067,-0.7630782222867943,0.29,1.1
145.39,-2.2747600908664665,-2.2407141357137847,-0.7638380819821299,0.28,1.11
145.46,-2.2748339442960592,-2.240960318865363,-0.7645979416774659,0.28,1.11
145.53,-2.274907797725651,-2.241206502016941,-0.7653578013728015,0.28,1.11
145.6,-2.274981651155244,-2.241452685168519,-0.7661176610681371,0.27,1.12
145.67,-2.275055504584836,-2.241698868320097,-0.7668775207634728,0.27,1.12
145.74,-2.2751293580144285,-2.241945051471675,-0.7676373804588087,0.27,1.12
145.81,-2.275203211444021,-2.2421912346232538,-0.7683972401541443,0.26,1.13
145.88,-2.275277064873613,-2.2424374177748314,-0.76915709984948,0.26,1.13
145.95,-2.2753509183032055,-2.2426836009264095,-0.7699169595448156,0.25,1.14
146.02,-2.275424771732798,-2.242929784077988,-0.7706768192401516,0.25,1.14
146.09,-2.27549862516239,-2.243175967229566,-0.7714366789354872,0.25,1.14
146.16,-2.275572478591983,-2.2434221503811442,-0.7721965386308228,0.24,1.15
146.23,-2.2756463320215747,-2.2436683335327223,-0.7729563983261585,0.24,1.15
146.3,-2.275720185451167,-2.2439145166843004,-0.7737162580214945,0.24,1.15
146.37,-2.27579403888076,-2.2441606998358785,-0.77447611771683,0.23,1.16
146.44,-2.275867892310352,-2.2444068829874566,-0.7752359774121657,0.23,1.16
146.51,-2.2759417457399445,-2.2446530661390347,-0.7759958371075013,0.23,1.16
146.58,-2.2760155991695368,-2.2448992492906132,-0.7767556968028373,0.22,1.17
146.65,-2.276089452599129,-2.2451454324421913,-0.7775155564981728,0.22,1.17
146.72,-2.2761633060287214,-2.2453916155937694,-0.7782754161935086,0.21,1.18
146.79,-2.276237159458314,-2.2456377987453475,-0.7790352758888441,0.21,1.18
146.86,-2.2763110128879065,-2.2458839818969256,-0.7797951355841801,0.21,1.18
146.93,-2.276384866317499,-2.2461301650485037,-0.7805549952795158,0.2,1.19
147.0,-2.276458719747091,-2.246376348200082,-0.7813148549748514,0.2,1.19
147.07,-2.2765325731766834,-2.24662253135166,-0.782074714670187,0.19,1.19
147.14,-2.2766064266062758,-2.246868714503238,-0.7828345743655225,0.19,1.2
147.21,-2.276680280035868,-2.247114897654816,-0.7835944340608586,0.19,1.2
147.28,-2.2767541334654604,-2.247361080806394,-0.7843542937561941,0.19,1.2
147.35,-2.2768279868950527,-2.2476072639579723,-0.7851141534515298,0.18,1.21
147.42,-2.276901840324645,-2.2478534471095504,-0.7858740131468654,0.18,1.21
147.49,-2.2769756937542374,-2.248099630261129,-0.7866338728422013,0.17,1.22
147.56,-2.27704954718383,-2.248345813412707,-0.787393732537537,0.17,1.22
147.63,-2.277123400613422,-2.2485919965642847,-0.7881535922328727,0.17,1.23
147.7,-2.2771972540430148,-2.2488381797158628,-0.7889134519282083,0.16,1.23
147.77,-2.277271107472607,-2.2490843628674413,-0.7896733116235441,0.16,1.23
147.84,-2.2773449609021994,-2.2493305460190194,-0.7904331713188799,0.15,1.24
147.91,-2.2774188143317917,-2.2495767291705975,-0.7911930310142155,0.15,1.24
147.98,-2.277492667761384,-2.2498229123221756,-0.7919528907095511,0.15,1.25
148.05,-2.2775665211909764,-2.2500690954737537,-0.7927127504048871,0.14,1.25
148.12,-2.277640374620569,-2.2503152786253318,-0.7934726101002227,0.14,1.26
148.19,-2.2777142280501614,-2.25056146177691,-0.7942324697955583,0.13,1.26
148.26,-2.2777880814797533,-2.250807644928488,-0.7949923294908939,0.13,1.26
148.33,-2.2778619349093456,-2.251053828080066,-0.7957521891862299,0.13,1.27
148.4,-2.2779357883389384,-2.2513000112316446,-0.7965120488815656,0.12,1.27
148.47,-2.2780096417685307,-2.2515461943832227,-0.7972719085769011,0.12,1.27
148.54,-2.278083495198123,-2.2517923775348003,-0.7980317682722369,0.12,1.28
148.61,-2.2781573486277154,-2.252038560686379,-0.7987916279675727,0.11,1.28
148.68,-2.278231202057308,-2.2522847438379565,-0.7995514876629084,0.11,1.29
148.75,-2.2783050554869,-2.252530926989535,-0.800311347358244,0.11,1.29
148.82,-2.2783789089164923,-2.252777110141113,-0.8010712070535797,0.1,1.29
148.89,-2.278452762346085,-2.2530232932926912,-0.8018310667489154,0.1,1.3
148.96,-2.2785266157756774,-2.2532694764442693,-0.8025909264442512,0.1,1.3
149.03,-2.2786004692052697,-2.2535156595958474,-0.8033507861395869,0.09,1.3
149.1,-2.278674322634862,-2.2537618427474255,-0.8041106458349224,0.09,1.31
149.17,-2.278748176064455,-2.2540080258990036,-0.8048705055302582,0.08,1.31
149.24,-2.2788220294940467,-2.2542542090505817,-0.8056303652255941,0.08,1.32
149.31,-2.2788958829236394,-2.25450039220216,-0.8063902249209297,0.07,1.32
149.38,-2.2789697363532313,-2.2547465753537383,-0.8071500846162654,0.07,1.33
149.45,-2.279043589782824,-2.2549927585053164,-0.8079099443116011,0.07,1.33
149.52,-2.279117443212416,-2.2552389416568945,-0.8086698040069369,0.06,1.33
149.59,-2.2791912966420087,-2.255485124808472,-0.8094296637022725,0.06,1.34
149.66,-2.279265150071601,-2.255731307960051,-0.8101895233976083,0.06,1.34
149.73,-2.279339003501194,-2.255977491111629,-0.8109493830929438,0.05,1.35
149.8,-2.2794128569307857,-2.256223674263207,-0.8117092427882798,0.05,1.35
149.87,-2.279486710360378,-2.256469857414785,-0.8124691024836154,0.05,1.35
149.94,-2.2795605637899703,-2.256716040566363,-0.8132289621789511,0.04,1.36
150.01,-2.279634417219563,-2.2569622237179416,-0.8139888218742867,0.04,1.36
150.08,-2.279708270649155,-2.2572084068695197,-0.8147486815696225,0.03,1.36
150.15,-2.2797821240787473,-2.2574545900210974,-0.8155085412649582,0.03,1.37
