tempo_s,phi_d,phi_e,x_m,y_m,theta_rad
0.0,0.04398993711599863,0.047130524276854574,0.0,0.0,0.0
0.0010002000400080016,0.08804457121965371,0.09427256314285568,1.549357715221549e-06,0.0,-7.265396172370679e-07
0.002000400080016003,0.13215694534150058,0.14140932069898138,4.649369001640675e-06,-2.252281013465938e-12,-2.167315700269094e-06
0.0030006001200240046,0.17632006441160974,0.18852399298446845,9.300925835684755e-06,-1.2333673170599457e-11,-4.307748971646821e-06
0.004000800160032006,0.22052689628204564,0.2355997740380178,1.5504515529299262e-05,-3.905718029395146e-11,-7.130990977035628e-06
0.005001000200040008,0.2647703727626108,0.2826198619632035,2.3260220065450418e-05,-9.43630393627371e-11,-1.061793219999487e-05
0.006001200240048009,0.3090433906697722,0.32956746499584594,3.2567715554362475e-05,-1.9318939541947735e-10,-1.4747211340313762e-05
0.007001400280056011,0.35333881288866487,0.37642580757110744,4.342627181074874e-05,-3.5332281939470043e-10,-1.9495225753308654e-05
0.008001600320064013,0.39764946944806007,0.4231781363880683,5.583475205225564e-05,-5.952289429889938e-10,-2.4836143046992204e-05
0.009001800360072015,0.4419681586081868,0.4698077264695381,6.979161271929957e-05,-9.418635310739076e-10,-3.074191383353237e-05
0.010002000400080016,0.48628764796128787,0.5162978872148637,8.529490341643598e-05,-1.4184643579716186e-09,-3.718228563092549e-05
0.011002200440088018,0.5306006755447906,0.5626319684434888,0.00010234226697536052,-2.05232429936589e-09,-4.4124817910317274e-05
0.012002400480096018,0.574899950966967,0.6087933664270301,0.00012093093963960165,-2.8725460964023454e-09,-5.153489828391402e-05
0.01300260052010402,0.6191781565449559,0.6547655299076326,0.00014105775137092437,-3.909779292673793e-09,-5.93757598279381e-05
0.014002800560112022,0.6634279484550144,0.7005319661003733,0.00016271912627742393,-5.195939888176481e-09,-6.760849953459376e-05
0.015003000600120024,0.7076419578948666,0.7460762466774882,0.00018591108316324913,-6.763913296887134e-09,-7.619209788652403e-05
0.016003200640128026,0.7518127922580041,0.7913820137321987,0.00021062923619985348,-8.647241236270562e-09,-8.508343954675495e-05
0.017003400680136026,0.7959330363198035,0.8364329857199269,0.00023686879571863304,-1.0879793217707411e-08,-9.423733515664301e-05
0.01800360072014403,0.8399952534353098,0.8812129633746913,0.00026462456912476937,-1.3495423346456174e-08,-0.00010360654423386115
0.01900380076015203,0.8839919867485366,0.9257058355984862,0.00029389096193205484,-1.6527613178259248e-08,-0.00011314179916198264
0.020004000800160033,0.9279157604131317,0.9698955853214508,0.00032466197891844003,-2.0009101416998386e-08,-0.00012279183026274896
0.021004200840168033,0.9717590808242489,1.0137662953306572,0.00035693122540199807,-2.3971501273829057e-08,-0.0001325033919416347
0.022004400880176037,1.0155144378614653,1.0573021540653402,0.00039069190863696713,-2.844490634290962e-08,-0.00014222128989685762
0.023004600920184037,1.0591743061425833,1.1004874613764188,0.0004259368393294848,-3.345748588212114e-08,-0.00015188840938151472
0.024004800960192037,1.102731146288145,1.1433066342481621,0.0004626584332725959,-3.903507041898594e-08,-0.0001614457445080666
0.02500500100020004,1.1461774061964876,1.1857442124798658,0.0005008487131000686,-4.5200728632272404e-08,-0.00017083242858393336
0.02600520104020804,1.1895055223291708,1.2277848643254312,0.0005404993101585181,-5.19743364884633e-08,-0.000179985765466513
0.027005401080216044,1.2327079210065899,1.2694133920887356,0.0005816014664972977,-5.937213963930647e-08,-0.0001888412619254841
0.028005601120224044,1.2757770197135962,1.3106147376727122,0.0006241460369755741,-6.740631011200412e-08,-0.00019733266099980886
0.029005801160232048,1.3187052284149368,1.3513739880800695,0.0006681234914859697,-7.608449834718195e-08,-0.00020539197633641322
0.030006001200240048,1.3614849508803293,1.3916763808636001,0.0007135239172941098,-8.540938166155662e-08,-0.0002129495274970842
0.03100620124024805,1.4041085860189704,1.4315073095240385,0.0007603370214933801,-9.537821023215017e-08,-0.0002199339762196941
0.03200640128025605,1.4465685292232886,1.4708523288534587,0.0008085521335741551,-1.059823517169307e-07,-0.00022627236361943468
0.033006601320264055,1.4888571737217378,1.509697160222216,0.0008581582081067251,-1.1720683564285864e-07,-0.0002318901483153248
0.03400680136027205,1.5309669119404261,1.5480276968074533,0.0009091438275371064,-1.2902989870643915e-07,-0.00023671124546683847
0.035007001400280055,1.5728901368733805,1.5858300087612212,0.0009614972050948875,-1.4142253214399936e-07,-0.00024065806670509242
0.03600720144028806,1.6146192434612248,1.6230903483162802,0.0010152061878122174,-1.5434803233898162e-07,-0.00024365156094262417
0.03700740148029606,1.656146629978068,1.6597951548276755,0.0010702582596530171,-1.6776155584155406e-07,-0.00024561125604539904
0.03800760152030406,1.6974646994263767,1.6959310597481974,0.0011266405447514468,-1.8160967998175134e-07,-0.0002464553013502876
0.03900780156031206,1.7385658609396164,1.7314848915358694,0.0011843398107586336,-1.9582997026115746e-07,-0.0002461005110108721
0.040008001600320066,1.7794425311924347,1.7664436804916206,0.0012433424722966201,-2.1035055570980615e-07,-0.0002444624081540599
0.04100820164032806,1.8200871358181565,1.8007946635253387,0.0013036345945184684,-2.250897133944913e-07,-0.0002414552698296081
0.042008401680336066,1.8604921108333614,1.8345252888485157,0.001365201896773411,-2.399554632620338e-07,-0.0002369921727342992
0.04300860172034407,1.9006499040693132,1.867623220591729,0.001428029756375904,-2.548451744962358e-07,-0.0002309850396921482
0.04400880176035207,1.940552976609993,1.9000763433452235,0.0014921032124774135,-2.6964518456026977e-07,-0.00022334468687166664
0.04500900180036007,1.9801938042365015,1.9318727666209021,0.0015574069700397214,-2.8423043208708455e-07,-0.00021398087172086672
0.04600920184036807,2.019564878877587,1.9630008292340442,0.0016239254039085089,-2.9846410476907743e-07,-0.00020280234160035022
0.04700940188037608,2.0586587100660454,1.9934491036031121,0.0016916425629859384,-3.1219730338478014e-07,-0.00018971688309449625
0.048009601920384073,2.097467826400745,2.0232063999660337,0.0017605421745009301,-3.252687230846504e-07,-0.0001746313719804386
0.04900980196039208,2.135984777014018,2.052261770511372,0.0018306076483757918,-3.375043530402568e-07,-0.0001574518238342094
0.05001000200040008,2.1742021330441648,2.0806045134228466,0.0019018220816878213,-3.48717195541215e-07,-0.00013808344525311923
0.051010202040408084,2.212112489112806,2.108224176835669,0.0019741682632244922,-3.5870700560219813e-07,-0.0001164306856731432
0.05201040208041608,2.249708464806826,2.1351105627032236,0.002047628678130778,-3.672600521182193e-07,-9.23972897597929e-05
0.053010602120424084,2.286982706164623,2.1612537305726325,0.002122185512647161,-3.7414890158020633e-07,-6.588635035066967e-05
0.05401080216043209,2.3239278871664175,2.1866440012677844,0.0021978206589368184,-3.791322253346818e-07,-3.680036192762669e-05
0.05501100220044009,2.360536711228334,2.211271960478452,0.00227451572000049,-3.8195463134116043e-07,-5.041274596190758e-06
0.05601120224044809,2.396801912699975,2.23512846225414,0.002352252014677453,-3.823465213487207e-07,2.9489451450351713e-05
0.05701140228045609,2.432716258365215,2.2582046324013514,0.0024310105827310452,-3.8002397437913184e-07,6.689079100505457e-05
0.058011602320464095,2.468272548945937,2.280491871783003,0.002510772190017128,-3.746886573679738e-07,0.00010726209848268192
0.05901180236047209,2.5034636206084104,2.3019818595187322,0.002591517333733863,-3.660277637774161e-07,0.0001507030521396699
0.060012002400480095,2.538282346472039,2.3226665560849056,0.002673226247751151,-3.5371398095477177e-07,0.00019731359790221747
0.0610122024404881,2.5727216381201745,2.3425382063131535,0.0027558789080180507,-3.3740548696967584e-07,0.00024719389282625373
0.0620124024804961,2.606774447112712,2.361589342286305,0.0028394550380464816,-3.1674597761979634e-07,0.00030044424821324084
0.0630126025205041,2.640433766500166,2.379812786130633,0.002923934114469486,-2.913647242504435e-07,0.0003571650724059555
0.0640128025605121,2.673692632338925,2.3972016527033455,0.003009295372672304,-2.6087666298734825e-07,0.00041745681328858196
0.0650130026005201,2.706544125207392,2.41374935217433,0.0030955178124944887,-2.2488251593431017e-07,0.00048141990051561734
0.06601320264052811,2.7389813717226916,2.429449592501157,0.0031825802040012833,-1.8296894483842263e-07,0.0005491546874942657
0.06701340268053611,2.770997546057656,2.4442963817964234,0.0032704610933224436,-1.3470873767525174e-07,0.0006207613931451387
0.0680136027205441,2.8025858714577607,2.458284030586528,0.003359138808556679,-7.966102855473856e-08,0.0006963400434662354
0.0690138027605521,2.8337396217577115,2.47140715396104,0.0034485914657398763,-1.7371551295783208e-08,0.0007759904129253105
0.07001400280056011,2.864452122897364,2.4836606736118365,0.003538796974875222,5.2627073036442255e-08,0.0008598119657058453
0.07101420284056811,2.894716754436652,2.4950398197612413,0.0036297330460233652,1.308150143914003e-07,0.0009479037968319886
0.07201440288057612,2.924526951069222,2.505540132978439,0.00372137719545071,2.1768487760916962e-07,0.0010403645731979013
0.07301460292058412,2.9538762041344317,2.5151574658834694,0.0038137067518339302,3.1374131178518365e-07,0.001137292474527056
0.07401480296059212,2.982758063127405,2.5238879847381592,0.0039066988625187805,4.1950058505500735e-07,0.0012387851342871218
0.07501500300060011,3.0111661372068133,2.531728170923389,0.004000330499831257,5.354901247887484e-07,0.001344939580586138
0.07601520304060812,3.039094096700046,2.5386748223021303,0.0040945784674391705,6.622480232436422e-07,0.001455852177075752
0.07701540308061612,3.066535674605456,2.544725054467734,0.004189419406762136,8.003225087827845e-07,0.0015716185638873263
0.07801560312062412,3.0934846680913344,2.549876301877,0.004284829803428038,9.502713828279428e-07,0.0016923335986268088
0.07901580316063213,3.119934939991289,2.554126318867588,0.004380785993773958,1.1126614227745815e-06,0.0018180912974542437
0.08001600320064013,3.145880420295685,2.5574731805593798,0.004477264171389569,1.2880677511577766e-06,0.0019489847762738572
0.08101620324064814,3.1713151076388155,2.559915283639457,0.004574240393701003,1.4770731714183585e-06,0.00208510619206065
0.08201640328065612,3.1962330707814566,2.561451347030378,0.004671690588593156,1.6802674706793632e-06,0.002226546684349434
0.08301660332066413,3.220628450088474,2.5620804124415075,0.004769590561068432,1.898246690003606e-06,0.002373396316912251
0.08401680336067213,3.2444954590011275,2.561801844803167,0.004867915999939859,2.131612362663725e-06,0.0025257440196500567
0.08501700340068014,3.26782838550374,2.5606153325834584,0.004966642484556578,2.380970721016515e-06,0.0026836775307245895
0.08601720344068814,3.290621593584377,2.5585208879876062,0.005065745491559639,2.6469318726333393e-06,0.0028472833389562332
0.08701740348069614,3.3128695246891944,2.5555188470397603,0.005165200401666059,2.930108946398112e-06,0.0030166466265136786
0.08801760352070415,3.334566699170107,2.5516098695471974,0.005264982506479093,3.231117209343476e-06,0.0031918512119211056
0.08901780356071214,3.3557077177254158,2.5467949389469378,0.0053650670153226636,3.5505731550543436e-06,0.00337297949340855
0.09001800360072014,3.3762872628330647,2.5410753620348285,0.00546542906209789,3.889093564525846e-06,0.003560112392631036
0.09101820364072814,3.3963001001761546,2.534452768577168,0.005566043712159641,4.24729454041971e-06,0.003753329298781927
0.09201840368073615,3.415741080060369,2.526929110805029,0.005666885969211069,4.625790515719402e-06,0.003952708013125922
0.09301860372074415,3.43460513882296,2.518506662791449,0.005767930782214056,5.025193237839435e-06,0.004158324693976934
0.09401880376075215,3.452887300232933,2.5091880197117025,0.005869153052313491,5.446110729298434e-06,0.004370253802145992
0.09501900380076016,3.4705826768820804,2.498976096986945,0.005970527639773337,5.889146226118519e-06,0.004588568046884204
0.09601920384076815,3.4876864715665024,2.487874129311519,0.0060720293709224,6.354897095165258e-06,0.0048133383323456114
0.09701940388077615,3.504193978658259,2.4758856695642852,0.006173633045107763,6.843953731692867e-06,0.005044633704594684
0.09801960392078415,3.520100585466795,2.4630145876043756,0.006275313441653796,7.356898438408176e-06,0.005282521299182956
0.09901980396079216,3.535401773589781,2.4492650689518087,0.006377045326824704,7.894304287414507e-06,0.005527066289319231
0.10002000400080016,3.550093120253009,2.4346416133534445,0.006478803460788547,8.456733966442274e-06,0.00577833183465749
0.10102020404080816,3.56417029963898,2.4191490332348207,0.0065805626045806805,9.044738610817387e-06,0.006036379030726536
0.10202040408081617,3.5776290842038336,2.402792452038418,0.006682297527064566,9.658856622660948e-06,0.00630126685902513
0.10302060412082417,3.590465345982246,2.385577302448989,0.006783983011887907,1.029961247885428e-05,0.0065730521378062215
0.10402080416083216,3.60267505787995,2.367509324506577,0.006885593864432073,1.0967515529342036e-05,0.006851789473573581
0.10502100420084017,3.6142542949535015,2.348594563607945,0.006987104918752773,1.1663058787382875e-05,0.0071375312133140105
0.10602120424084817,3.6251992356769485,2.3288393683971393,0.0070884910445099345,1.2386717713391644e-05,0.007430327397487914
0.10702140428085617,3.635506163195028,2.308250388545965,0.0071897271538848,1.3138948994049876e-05,0.007730225713800928
0.10802160432086418,3.645171466562542,2.2868345724251915,0.007290788208482177,1.3920189318391415e-05,0.00803727145177892
0.10902180436087218,3.6541916419695397,2.2645991646673584,0.007391649226215871,1.4730854152598312e-05,0.00835150745816843
0.11002200440088018,3.662563293951965,2.241551703622065,0.0074922852881752645,1.5571336515267817e-05,0.008672974093184373
0.11102220444088817,3.6702831365873907,2.2177000187046954,0.007592671545471068,1.6442005754934804e-05,0.0090017091876265
0.11202240448089618,3.6773479946754963,2.1930522276395568,0.007692783226058246,1.7343206331655002e-05,0.00933774800088583
0.11302260452090418,3.683754804902921,2.167616733598442,0.007792595641534123,1.8275256604472805e-05,0.00968112317986191
0.11402280456091218,3.689500616992139,2.1414022222356848,0.007892084193909726,1.9238447626613843e-05,0.010031864718811553
0.11502300460092019,3.694582594834008,2.114417658620791,0.007991224382352368,2.0233041950255635e-05,0.010389999920149233
0.11602320464092819,3.698998017603619,2.086672284069792,0.008089991809897544,2.1259272442740803e-05,0.010755553356219097
0.1170234046809362,3.70274428085911,2.0581756128764845,0.008188362190128171,2.2317341116105563e-05,0.011128546832058144
0.11802360472094418,3.7058188976230753,2.028937428944763,0.008286311353819254,2.3407417971801807e-05,0.011508999349169787
0.11902380476095219,3.7082194994462396,1.9989677823232932,0.008383815255546045,2.4529639862494185e-05,0.01189692707032669
0.12002400480096019,3.709943837453013,1.96827698564381,0.008480849980253766,2.568410937281353e-05,0.012292343285421276
0.1210242048409682,3.7109897833686163,1.9368756104643525,0.008577391749787017,2.6870893720945986e-05,0.012695258378382134
0.1220244048809762,3.7113553305273923,1.9047744835187868,0.008673416929376964,2.8090023682931447e-05,0.013105679795173962
0.1230246049209842,3.7110385948619906,1.8719846828740037,0.008768902034084402,2.934149254153726e-05,0.013523612012898409
0.1240248049609922,3.7100378158730467,1.8385175339962192,0.008863823735196855,3.062525506156223e-05,0.013949056510012742
0.1250250050010002,3.7083513575790445,1.8043846057278166,0.008958158866577833,3.194122649341247e-05,0.014382011737682844
0.1260252050410082,3.7059777094459965,1.7695977061762334,0.009051884430966408,3.328928160677441e-05,0.014822473092286702
0.1270254050810162,3.7029154872966195,1.7341688785163956,0.009144977606225254,3.46692537561908e-05,0.015270432889083967
0.1280256051210242,3.699163434198654,1.6981103967082645,0.00923741575153536,3.608093398032435e-05,0.01572588033706695
0.1290258051610322,3.6947204213320086,1.6614347611310714,0.009329176413535574,3.7524070136668366e-05,0.016188801515007796
0.1300260052010402,3.6895854488343796,1.6241546941358513,0.0094202373324052,3.8998366073436757e-05,0.016659179348716253
0.13102620524104822,3.683757646625029,1.5862831355179197,0.00951057644788787,4.050348084033556e-05,0.0171369935895219
0.13202640528105622,3.677236275206384,1.5478332379109656,0.009600171905254895,4.203902793988543e-05,0.01762222079399437
0.13302660532106422,3.6700207264431413,1.5088183621044637,0.009689002061206368,4.3604574620928935e-05,0.018114834304914545
0.13402680536107223,3.662110524318538,1.4692520722861215,0.009777045489708277,4.519964121591852e-05,0.01861480423350921
0.13502700540108023,3.6535053256674943,1.4291481312111336,0.009864280987763875,4.682370052354026e-05,0.01912209744296132
0.1360272054410882,3.6442049208862777,1.388520495300017,0.009950687581117635,4.847617723818504e-05,0.01963667753320736
0.1370274054810962,3.6342092346184085,1.3473833096668324,0.010036244529890076,5.015644742773352e-05,0.020158504827033016
0.1380276055211042,3.623518326416468,1.3057509030796315,0.010120931334141782,5.1863838061071814e-05,0.020687536357477564
0.13902780556111222,3.6121323913795176,1.263637782854984,0.010204727739364958,5.3597626586705734e-05,0.02122372585655733
0.14002800560112022,3.600051760765819,1.2210586296884762,0.010287613741900889,5.5357040563786697e-05,0.02176702374531763
0.14102820564112822,3.587276902580548,1.1780282924230647,0.010369569594281659,5.7141257346807995e-05,0.022317377125222387
0.14202840568113623,3.5738084221382183,1.1345617827572356,0.010450575810494533,5.8949403825172006e-05,0.022874729770889987
0.14302860572114423,3.559647062599505,1.0906742698949095,0.010530613171167418,6.0780556218769154e-05,0.02343902212418346
0.14402880576115223,3.544793705482185,1.0463810751390512,0.01060966272867382,6.263373993064736e-05,0.024010191289662516
0.14502900580116024,3.5292493711459088,1.0016976664310007,0.010687705812155758,6.450792945778668e-05,0.024588171031404517
0.14602920584116824,3.5130152192505157,0.9566396528374979,0.010764724032463103,6.640204836092778e-05,0.025172891771200825
0.14702940588117624,3.4960925491876145,0.911222778987471,0.010840699287007836,6.831496929433484e-05,0.02576428058813457
0.14802960592118425,3.478482800485155,0.8654629194605971,0.010915613764531732,7.024551409630395e-05,0.02636226121954524
0.14902980596119225,3.4601875531847215,0.8193760731297224,0.010989449949786003,7.219245394115618e-05,0.026966754063384998
0.15003000600120023,3.4412085281912725,0.7729783574592107,0.011062190628121474,7.415450955338166e-05,0.02757767618197108
0.15103020604120823,3.42154758759508,0.7262860027613188,0.011133818889987863,7.613035148452648e-05,0.028194941307138222
0.15203040608121624,3.4012067349655912,0.6793153464126985,0.011204318135340749,7.811860045333685e-05,0.028818459846794098
0.15303060612122424,3.380188115616978,0.6320828270331695,0.011273672077954905,8.011782774959949e-05,0.029448138892880855
0.15403080616123224,3.3584940168451043,0.5846049786288726,0.011341864749642609,8.212655570203641e-05,0.030083882230744683
0.15503100620124025,3.336126868135691,0.5368984247019747,0.011408880504375633,8.414325821053334e-05,0.03072559034991513
0.15603120624124825,3.313089241343422,0.4889798723290695,0.01147470402230962,8.616636134289968e-05,0.03137316045629523
0.15703140628125625,3.28938385084176,0.44086610621045325,0.011539320313709576,8.819424399627603e-05,0.032026486485762944
0.15803160632126426,3.2650135536432474,0.3925739826924539,0.011602714722775248,9.022523862322217e-05,0.03268545911918395
0.15903180636127226,3.239981349490066,0.3441204237650033,0.011664872931365176,9.225763202243514e-05,0.03334996579883503
0.16003200640128026,3.214290380914638,0.2955224110366395,0.011725780962618256,9.428966619396248e-05,0.03401989074623711
0.16103220644128827,3.1879439332700468,0.2467969796891659,0.011785425184471647,9.631953925869111e-05,0.03469511498139606
0.16203240648129627,3.1609454347300865,0.1979612124141536,0.011843792313073927,9.83454064418072e-05,0.035375516343449084
0.16303260652130427,3.133298456258718,0.1490322333335206,0.011900869416092407,0.00010036538111983669,0.036060969512713835
0.16403280656131225,3.1050067115487465,0.10002720190639991,0.011956643915913555,0.00010237753593079063,0.03675134603413686
0.16503300660132025,3.0760740569295306,0.05096330682452608,0.012011103592735524,0.00010437990394685415,0.037446514342137506
0.16603320664132826,3.04650449124353,0.0018577598983729056,0.012064236587551787,0.00010637047990897092,0.03814633978684257
0.16703340668133626,3.016302155691518,-0.04727221006374408,0.012116031405024952,0.0001083472215225916,0.0388506846617069
0.16803360672134426,2.985471333646279,-0.09640936338134924,0.012166476916249844,0.00011030805081376746,0.039559408232514116
0.16903380676135227,2.9540164504346387,-0.14553645563004672,0.01221556236140499,0.000112250855544687,0.040272366767751366
0.17003400680136027,2.921942073087646,-0.19463624377009492,0.012263277352291657,0.00011417349068766845,0.04098941357035134
0.17103420684136827,2.8892529100587634,-0.24369149227307138,0.012309611874759674,0.00011607377995653776,0.04171039901079428
0.17203440688137628,2.8559538109099214,-0.2926849792444054,0.012354556291019277,0.00011794951739423861,0.04243517056156214
0.17303460692138428,2.822049765965287,-0.3415995025395588,0.012398101341838252,0.0001197984690154393,0.04316357283293646
0.17403480696139229,2.787545905932605,-0.39041788587161314,0.012440238148623732,0.00012161837450282021,0.043895447610131116
0.1750350070014003,2.7524475014920027,-0.43912298490807006,0.012480958215388,0.00012340694895564568,0.04463063389175032
0.1760352070414083,2.7167599628521213,-0.48769769335462765,0.012520253430597714,0.00012516188468914572,0.045368967929561986
0.1770354070814163,2.68048883927346,-0.5361249490237522,0.012558116068906035,0.0001268808530831557,0.046110283269575766
0.17803560712142427,2.643639818558831,-0.5843877398858172,0.012594538792767127,0.00012856150647838602,0.04685441079441476
0.17903580716143228,2.606218726510818,-0.6324691101006397,0.012629514653932614,0.00013020148011862054,0.04760117876696926
0.18003600720144028,2.568231526356143,-0.6803521660272234,0.012663037094829565,0.00013179839413706787,0.04835041287532011
0.18103620724144828,2.5296843181368724,-0.7280200822095292,0.012695099949819651,0.00013334985558502207,0.049101936278919435
0.1820364072814563,2.4905833380683453,-0.7754561073361218,0.012725697446339192,0.00013485346050091742,0.04985556965601511
0.1830366073214643,2.4509349578637947,-0.8226435701715284,0.012754824205919781,0.00013630679601779673,0.05061113125230547
0.1840368073614723,2.410745684025562,-0.869565885457169,0.012782475245089324,0.00013770744250714753,0.05136843693080989
0.1850370074014803,2.370022157102875,-0.9162065597797477,0.012808645976153289,0.00013905297575699785,0.052127300222940515
0.1860372074414883,2.328771150916108,-0.9625491974049604,0.012833332207856082,0.000140340969182103,0.0528875323807599
0.1870374074814963,2.2869995717475224,-1.0085775060744504,0.012856530145922458,0.00014156899606399714,0.053648942430408714
0.1880376075215043,2.2447144574984015,-1.0542753027638976,0.01287823639347897,0.0001427346318186275,0.05441133722668734
0.1890378075615123,2.20192297681261,-1.099626519400195,0.012898447951355486,0.00014383545628923717,0.05517452150877449
0.19003800760152031,2.1586324281665132,-1.1446152085356447,0.012917162218266871,0.0001448690560621112,0.05593829795706575
0.19103820764152832,2.114850238925258,-1.1892255489771417,0.01293437699087495,0.00014583302680275392,0.05670246725111418
0.1920384076815363,2.0705839643654373,-1.2334418513683336,0.012950090463730975,0.00014672497561002063,0.05746682812865485
0.1930386077215443,2.025841286664095,-1.2772485637227426,0.012964301229098812,0.00014754252338568526,0.058231177445694775
0.1940388077615523,1.9806300138541333,-1.320630276905888,0.012977008276659164,0.0001482833072168858,0.058995310237648764
0.1950390078015603,1.9349580787461051,-1.3635717300644314,0.012988210993095165,0.00014894498276885534,0.05975901978150203
0.1960392078415683,1.8888335378164496,-1.4060578160004276,0.01299790916155975,0.00014952522668531184,0.060522097658979285
0.1970394078815763,1.842264570062185,-1.4480735864887402,0.013006102961025254,0.00015002173899385184,0.061284333820699886
0.19803960792158432,1.7952594758221267,-1.489604257535747,0.013012792965515748,0.00015043224551366564,0.06204551665129819
0.19903980796159232,1.7478266755646614,-1.530635214577454,0.013017980143222656,0.00015075450026286953,0.06280543303548773
0.20004000800160032,1.6999747086421597,-1.5711520176151708,0.013021665855504289,0.00015098628786272962,0.06356386842504749
0.20104020804160833,1.651712232012096,-1.61114040628693,0.01302385185576992,0.0001511254259360365,0.06432060690670811
0.20204040808161633,1.6030480189249392,-1.6505863048728475,0.01302454028824915,0.0001511697674968757,0.06507543127091543
0.20304060812162433,1.5539909575789272,-1.6894758272326442,0.013023733686647306,0.00015111720332902995,0.06582812308144846
0.20404080816163234,1.5045500497417938,-1.727795281673599,0.013021434972687682,0.00015096566435024255,0.06657846274586837
0.20504100820164034,1.454734409339593,-1.765531175747202,0.013017647454541512,0.00015071312395956827,0.06732622958677481
0.20604120824164834,1.4045532610126876,-1.8026702209728227,0.013012374825146562,0.00015035760036503898,0.06807120191384533
0.20704140828165632,1.3540159386390629,-1.8391993374867122,0.013005621160415322,0.00014989715888887495,0.06881315709663362
0.20804160832166432,1.3031318838250843,-1.8751056586147394,0.012997390917333793,0.00014932991424748056,0.06955187163810161
0.20904180836167233,1.2519106443638464,-1.9103765353672202,0.01298768893195196,0.00014865403280347412,0.07028712124886019
0.21004200840168033,1.2003618726612342,-1.9449995408542828,0.012976520417267018,0.00014786773478701586,0.07101868092209318
0.21104220844168833,1.1484953241299147,-1.97896247462022,0.012963890961000523,0.00014696929648371623,0.07174632500913868
0.21204240848169634,1.0963208555513606,-2.0122533668953184,0.012949806523270676,0.0001459570523864283,0.07246982729570146
0.21304260852170434,1.0438484234061287,-2.0448604827636716,0.01293427343416096,0.00014482939730825253,0.07318896107867022
0.21404280856171234,0.9910880821725556,-2.076772326245542,0.012917298391186428,0.000143584788454111,0.07390349924351253
0.21504300860172035,0.9380499825940908,-2.1079776442928364,0.012898888456658963,0.00014222174744827945,0.0746132143422208
0.21604320864172835,0.8847443699154304,-2.13846543069633,0.01287905105495289,0.00014073886231530134,0.07531787867178165
0.21704340868173636,0.8311815820877102,-2.1682249299032685,0.012857793969672321,0.00013913478941174549,0.07601726435314105
0.21804360872174436,0.777372047942943,-2.1972456407440473,0.012835125340721714,0.0001374082553063119,0.07671114341063753
0.21904380876175236,0.7233262853379605,-2.225517320066676,0.0128110536612811,0.0001355580586058345,0.07739928785187515
0.22004400880176037,0.6690548992680836,-2.253029986277778,0.012785587774687517,0.00013358307172477813,0.07808146974800784
0.22104420884176834,0.6145685799507626,-2.279773922788929,0.012758736871224188,0.00013148224259587876,0.07875746131440654
0.22204440888177635,0.559878100879486,-2.305739681367141,0.012730510484819048,0.00012925459631962937,0.07942703499168043
0.22304460892178435,0.5049943168481671,-2.3309180853883547,0.01270091848965422,0.00012689923675037387,0.08008996352702277
0.22404480896179235,0.44992816194634366,-2.3553002329928456,0.012669971096688106,0.0001244153480168285,0.08074602005585263
0.22504500900180036,0.39469064752542987,-2.37887750014147,0.012637678850091755,0.00012180219597491694,0.08139497818372264
0.22604520904180836,0.3392928601363532,-2.4016415435717207,0.012604052623601224,0.00011905912959086973,0.08203661206846337
0.22704540908181636,0.2837459594388522,-2.4235843036526075,0.012569103616787649,0.00011618558225260807,0.08267069650253436
0.22804560912182437,0.22806117608277474,-2.444698007137393,0.012532843351246797,0.00011318107300750405,0.08329700699555208
0.22904580916183237,0.17224980956167077,-2.4649751698132962,0.012495283666709855,0.00011004520772468359,0.0839153198569644
0.23004600920184037,0.11632322603904766,-2.484408599047253,0.012456436717077263,0.00010677768018011485,0.08452541227884162
0.23104620924184838,0.060292856147587864,-2.502991396226924,0.012416314966377403,0.00010337827306280484,0.08512706241875351
0.23204640928185638,0.004170192761728973,-2.5207169590961316,0.012374931184651971,9.984685890050776e-05,0.0857200494827019
0.23304660932186438,-0.05203321125609549,-2.537578983983982,0.012332298443769893,9.618340090343293e-05,0.08630415380807832
0.2340468093618724,-0.10830574533511705,-2.553571467926934,0.012288430113171612,9.238795372452601e-05,0.08687915694661588
0.23504700940188036,-0.16463574350147428,-2.5686887106831504,0.01224333985554567,8.846066413498505e-05,0.08744484174730473
0.23604720944188837,-0.22101148670862086,-2.5829253166384927,0.012197041622439396,8.440177161376226e-05,0.08800099243924024
0.23704740948189637,-0.27742120519250785,-2.596276196603535,0.01214954964980567,8.021160884989632e-05,0.08854739471437292
0.23804760952190437,-0.33385308085112925,-2.6087365695010707,0.01210087845348759,7.58906021566095e-05,0.08908383581012932
0.23904780956191238,-0.39029524964804596,-2.6203019639435743,0.012051042824642977,7.143927179620287e-05,0.08961010459187274
0.24004800960192038,-0.4467358040394222,-2.6309682197001343,0.012000057825110617,6.685823221487685e-05,0.09012599163517289
0.24104820964192838,-0.5031627954241651,-2.640731489052437,0.01194793878272014,6.21481921867029e-05,0.09063128930785344
0.2420484096819364,-0.5595642366167538,-2.649588238039394,0.011894701286547451,5.7309954866071544e-05,0.09112579185178646
0.2430486097219444,-0.6159281043422422,-2.6575352475900584,0.011840361182117586,5.2344417748041304e-05,0.09160929546440265
0.2440488097619524,-0.6722423417530461,-2.6645696145445146,0.01178493456655693,4.725257253611517e-05,0.0920815983798866
0.2450490098019604,-0.7284948609670074,-2.6706887525624743,0.011728437783696664,4.203550491707265e-05,0.09254250095002586
0.2460492098419684,-0.7846735456262722,-2.6758903929193454,0.011670887419129332,3.66943942425886e-05,0.09299180572468314
0.2470494098819764,-0.8407662534764985,-2.6801725851895672,0.011612300295220397,3.123051311747346e-05,0.09342931753186066
0.2480496099219844,-0.8967608189659005,-2.6835336978170905,0.011552693466076685,2.5645226894473427e-05,0.09385484355732593
0.24904980996199239,-0.9526450558636301,-2.6859724185728706,0.011492084212473514,1.993999307567362e-05,0.09426819342376819
0.2500500100020004,-1.0084067598969877,-2.687487754899319,0.011430490036742407,1.4116360620650964e-05,0.0946691792694551
0.2510502100420084,-1.0640337114069374,-2.688079034141677,0.011367928657621186,8.175969161631392e-06,0.09505761582635885
0.2520504100820164,-1.119513678021404,-2.687745903666344,0.011304418005068255,2.1205481260054665e-06,0.09543332049772157
0.2530506101220244,-1.1748344173458327,-2.6864883308661955,0.011239976215042882,-4.0480842333334855e-06,0.09579611343502964
0.2540508101620324,-1.2299836796704369,-2.6843066030530056,0.011174621624253245,-1.0328021899263344e-05,0.09614581761436682
0.2550510102020404,-1.2849492106936273,-2.681201327237105,0.011108372764874,-1.6717272242648776e-05,0.09648225891211622
0.2560512102420484,-1.339718754261021,-2.6771734297944536,0.011041248359235097,-2.321375726472444e-05,0.09680526617998121
0.2570514102820564,-1.3942800551194887,-2.6722241560213473,0.010973267314483578,-2.9815314928768812e-05,0.09711467131929571
0.2580516103220644,-1.4486208616856682,-2.666355069577026,0.010904448717220024,-3.6519700580089364e-05,0.09741030935459435
0.2590518103620724,-1.5027289288283556,-2.6595680518144755,0.010834811828111326,-4.332458845323836e-05,0.0976920185064132
0.2600520104020804,-1.5565920206641841,-2.6518653009997677,0.01076437607648143,-5.022757326527809e-05,0.09795964026329197
0.26105221044208843,-1.610197913365994,-2.643249331420323,0.01069316105488165,-5.722617189381487e-05,0.09821301945294902
0.26205241048209643,-1.6635343979833,-2.6337229723825137,0.010621186513642165,-6.431782513842304e-05,0.09845200431260019
0.26305261052210444,-1.7165892832742293,-2.6232893670990687,0.01054847235540624,-7.149989956398328e-05,0.09867644655839339
0.26405281056211244,-1.7693503985483316,-2.6119519714667776,0.01047503862964872,-7.876968942436386e-05,0.09888620145393062
0.26505301060212044,-1.8218055965196092,-2.5997145527350507,0.01040090552718029,-8.612441866478005e-05,0.0990811278778496
0.26605321064212845,-1.8739427561691644,-2.5865811880658782,0.010326093374639002,-9.356124300107389e-05,0.09926108839043732
0.26705341068213645,-1.9257497856168078,-2.5725562629858443,0.0102506226289705,-0.00010107725207406665,0.09942594929924825
0.26805361072214445,-1.9772146250009783,-2.557644469730831,0.010174513871898359,-0.00010866947167704726,0.09957558072370012
0.26905381076215246,-2.028325249366338,-2.5418508054841022,0.01009778780438595,-0.00011633486605437321,0.09970985665862055
0.27005401080216046,-2.0790696715583685,-2.5251805705085166,0.010020465241091178,-0.00012407034026907618,0.09982865503671796
0.2710542108421684,-2.1294359451243117,-2.507639366173618,0.009942567104815425,-0.00013187274263728118,0.09993185778995095
0.2720544108821764,-2.1794121672197826,-2.489233092878425,0.009864114420947995,-0.00013973886722717108,0.10001935090976999
0.2730546109221844,-2.2289864815203666,-2.4699679478707597,0.009785128311907382,-0.0001476654564201415,0.10009102450620624
0.2740548109621924,-2.278147081137537,-2.4498504229639795,0.009705629991580509,-0.00015564920353173034,0.10014677286578233
0.2750550110022004,-2.326882211538189,-2.4288873021520527,0.009625640759761247,-0.0001636867554898184,0.10018649450822033
0.2760552110422084,-2.375180173467093,-2.4070856591239083,0.009545181996589354,-0.00017177471556753643,0.10021009224192265
0.27705541108221643,-2.4230293258715743,-2.384452854678056,0.009464275156990994,-0.00017990964616824284,0.10021747321820179
0.27805561112222443,-2.470418088827718,-2.3609965340384873,0.009382941765121975,-0.00018808807165987215,0.10020854898423541
0.27905581116223244,-2.517334946467369,-2.336724624072932,0.009301203408814802,-0.00019630648125589217,0.10018323553472351
0.28005601120224044,-2.563768449905232,-2.311645330414536,0.009219081734030628,-0.00020456133194004882,0.10014145336222499
0.28105621124224844,-2.6097072201653315,-2.285767134488093,0.009136598439317137,-0.00021284905143202117,0.10008312750615117
0.28205641128225645,-2.6551399511061247,-2.2590987904420015,0.009053775270273404,-0.00022116604119105633,0.10000818760039433
0.28305661132226445,-2.700055412343512,-2.2316493219870996,0.008970634014022708,-0.00022950867945460392,0.09991656791956986
0.28405681136227245,-2.74444245217104,-2.2034280191436326,0.008887196493694289,-0.00023787332430892264,0.09980820742385087
0.28505701140228046,-2.788290000476529,-2.1744444348975924,0.008803484562914998,-0.0002462563167885886,0.09968304980237465
0.28605721144228846,-2.831587071654394,-2.1447083817676904,0.008719520100311762,-0.0002546539840017939,0.099541043515201
0.28705741148229647,-2.8743227675129175,-2.114229928284321,0.008635325004025784,-0.00026306264227828757,0.09938214183380249
0.28805761152230447,-2.916486280175716,-2.083019395381818,0.008550921186239355,-0.000271478600336777,0.09920630288006771
0.28905781156231247,-2.958066894976624,-2.0510873527054017,0.008466330567716151,-0.00027989816246857857,0.09901348966379865
0.2900580116023205,-2.9990539933472924,-2.0184446148342006,0.00838157507235588,-0.00028831763173427796,0.09880367011868404
0.2910582116423285,-3.0394370556966694,-1.9851022374217966,0.00829667662176409,-0.00029673331317013884,0.09857681713673089
0.2920584116823365,-3.0792056642816568,-1.9510715132557332,0.008211657129837962,-0.00030514151700097836,0.09833290860113707
0.2930586117223445,-3.11834950606814,-1.9163639682374827,0.008126538497368928,-0.0003135385618562112,0.09807192741758824
0.2940588117623525,-3.1568583755816264,-1.8809913572843748,0.008041342606662836,-0.0003219207779857523,0.09779386154396288
0.2950590118023605,-3.194722177746739,-1.8449656601550426,0.007956091316178512,-0.00033028451047245817,0.09749870401842985
0.2960592118423685,-3.231930930714754,-1.8082990771999168,0.007870806455185436,-0.00033862612243778226,0.09718645298592322
0.2970594118823765,-3.2684747686784377,-1.771004025038389,0.00778550981844132,-0.00034694199823731786,0.09685711172298013
0.2980596119223845,-3.304343944673385,-1.7330931321642395,0.00770022316089033,-0.00035522854664290306,0.09651068866092716
0.29905981196239245,-3.33952883336508,-1.6945792344809492,0.007614968192382685,-0.0003634822040079683,0.09614719740740225
0.30006001200240046,-3.374019933820906,-1.6554753707685974,0.007529766572416372,-0.0003716994374128187,0.09576665676619878
0.30106021204240846,-3.4078078722662895,-1.6157947780839708,0.007444639904901754,-0.00037987674778654706,0.0953690907554199
0.30206041208241646,-3.440883404824242,-1.5755508870956407,0.007359609732949719,-0.0003880106730023041,0.09495452862393101
0.30306061212242447,-3.473237420237469,-1.534757317355674,0.007274697533684172,-0.0003960977909426597,0.09452300486609937
0.30406081216243247,-3.50486094257227,-1.4934278725097696,0.0071899247130795575,-0.0004041347225318182,0.09407455923480997
0.3050610122024405,-3.535745133903459,-1.4515765354475632,0.007105312600824158,-0.00041211813473147755,0.09360923675274807
0.3060612122424485,-3.565881296979495,-1.409217463394876,0.0070208824452098854,-0.00042004474349715274,0.0931270877219385
0.3070614122824565,-3.5952608778670436,-1.3663649829496995,0.006936655408049314,-0.0004279113166918165,0.0926281677315331
0.3080616123224645,-3.6238754685741856,-1.3230335850637824,0.006852652559620671,-0.0004357146769537505,0.09211253766383799
0.3090618123624725,-3.6517168096514623,-1.279237919971573,0.00676889487364155,-0.0004434517045155402,0.09158026369857314
0.3100620124024805,-3.6787767927700115,-1.23499279206845,0.0066854032222720735,-0.00045111933997119035,0.09103141731535692
0.3110622124424885,-3.7050474632759496,-1.1903131547400458,0.006602198371148279,-0.00045871458698838876,0.09046607529440952
0.3120624124824965,-3.7305210227202794,-1.1452141051445557,0.0065193009744464745,-0.00046623451496299433,0.08988431971546909
0.3130626125225045,-3.7551898313634706,-1.0997108789499763,0.006436731569979355,-0.00047367626161288286,0.08928623795491579
0.3140628125625125,-3.779046410653992,-1.053818845028095,0.006354510574324642,-0.0004810370355083401,0.08867192268109872
0.3150630126025205,-3.802083445679965,-1.0075535001072196,0.006272658277987067,-0.0004883141185362543,0.08804147184786214
0.3160632126425285,-3.8242937875931875,-0.9609304633855515,0.006191194840594468,-0.0004955048682954234,0.08739498868626741
0.3170634126825365,-3.845670456004737,-0.9139654711071478,0.006110140286128858,-0.000502606720420362,0.0867325816945081
0.3180636127225445,-3.8662066413513765,-0.8666743711024274,0.006029514498193262,-0.0005096171908310591,0.08605436462601605
0.3190638127625525,-3.8858957072320055,-0.8190731172951777,0.005949337215315193,-0.0005165338779062184,0.08536045647575699
0.3200640128025605,-3.904731192713361,-0.7711777641780517,0.005869628026287597,-0.0005233544645775807,0.08465098146471497
0.32106421284256853,-3.92270681460422,-0.723004461258511,0.005790406365548178,-0.0005300767203430143,0.08392606902256532
0.32206441288257653,-3.9398164696973277,-0.6745694474772066,0.005711691508597955,-0.0005366985031961379,0.08318585376853659
0.32306461292258454,-3.9560542369783045,-0.625889045600829,0.005633502567459973,-0.000543217761470325,0.08243047549046272
0.32406481296259254,-3.9714143798007595,-0.5769796565913584,0.005555858486179092,-0.0005496325355950268,0.08166007912202689
0.32506501300260054,-3.9858913480268585,-0.5278577539537861,0.005478778036363765,-0.0005559409597624407,0.08087481471819973
0.32606521304260855,-3.9994797801326145,-0.4785398780642718,0.005402279812770786,-0.0005621412635026425,0.08007483742887461
0.32706541308261655,-4.012174505277135,-0.429042630480782,0.005326382228933942,-0.0005682317731653945,0.07926030747070391
0.3280656131226245,-4.023970545335094,-0.37938266823819405,0.005251103512837586,-0.0005742109133069404,0.07843139009714029
0.3290658131626325,-4.034863116891702,-0.3295766981299156,0.005176461702636071,-0.0005800772079801952,0.07758825556668797
0.3300660132026405,-4.044847633199428,-0.279641470978023,0.005102474642420148,-0.0005858292819268351,0.07673107910936997
0.3310662132426485,-4.053919706095757,-0.2295937758939364,0.005029159978031248,-0.0005914658616699058,0.07586004089141667
0.3320664132826565,-4.062075147881274,-0.17945043453165302,0.004956535152924765,-0.000596985776505658,0.07497532597818325
0.3330666133226645,-4.069309973157339,-0.12922829533557634,0.004884617404083365,-0.0006023879593934368,0.07407712429530322
0.3340668133626725,-4.075620400622663,-0.07894422778494839,0.004813423757981396,-0.0006076714477425513,0.07316563058808599
0.3350670134026805,-4.0810028548280775,-0.02861511663687963,0.0047429710266014705,-0.0006128353840951654,0.07224104437916745
0.33606721344268853,-4.085453967888806,0.021742143829967427,0.004673275803504324,-0.000617879016704357,0.07130356992442276
0.33706741348269653,-4.088970581153551,0.07211065556905695,0.004604354459953046,-0.0006228017000066067,0.07035341616715131
0.33806761352270454,-4.091549746829705,0.12247352251501747,0.0045362231410928005,-0.0006276028949880903,0.06939079669054464
0.33906781356271254,-4.093188729564028,0.17281385632602325,0.004468897762187154,-0.0006322821694442605,0.06841592966844824
0.34006801360272054,-4.093885007978116,0.2231147821175438,0.004402394004912145,-0.0006368391981323207,0.0674290378144294
0.34106821364272855,-4.093636276158004,0.27335944418543345,0.004336727313709234,-0.0006412737628163077,0.06643034832916328
0.34206841368273655,-4.092440445097258,0.32353101171643445,0.004271912892198275,-0.0006455857522046146,0.06542009284615051
0.34306861372274455,-4.090295644092906,0.3736126844840865,0.004207965699651655,-0.0006497751617799059,0.0643985073757798
0.34406881376275256,-4.087200222093585,0.4235876985280748,0.004144900447530765,-0.0006538420935214871,0.06336583224775
0.34506901380276056,-4.083152748999267,0.47343933181506503,0.00408273159608593,-0.0006577867555203145,0.062322312051866356
0.34606921384276856,-4.078152016911967,0.5231509098791198,0.004021473351020986,-0.0006616094614869436,0.06126819557722661
0.34706941388277657,-4.072197041336798,0.5727058114396689,0.003961139660223631,-0.0006653106301528313,0.060203735749812845
0.34806961392278457,-4.065287062332812,0.6220874739952174,0.003901744210562711,-0.0006688907845655284,0.05912918956850583
0.3490698139627926,-4.057421545613007,0.6712793993908037,0.0038433004247535865,-0.0006723505512784084,0.058044818039539134
0.3500700140028006,-4.048600183592941,0.7202651593573421,0.003785821458292721,-0.0006756906594357004,0.05695088610941073
0.3510702140428086,-4.038822896387388,0.7690284010209557,0.0037293201964626248,-0.0006789119397537061,0.055847662596270616
0.3520704140828166,-4.028089832754456,0.8175528523804151,0.003673809251408277,-0.0006820153233991958,0.05473542011980332
0.3530706141228246,-4.016401370986659,0.8658223277508644,0.003619300959286145,-0.0006850018407660932,0.05361443502962483
0.3540708141628326,-4.003758119748363,0.9138207331719337,0.0035658073774868966,-0.00068787262015167,0.052484987332214086
0.3550710142028406,-3.9901609188591194,0.9615320717784805,0.003513340281932896,-0.0006906288863335833,0.05134736061639956
0.35607121424284854,-3.975610840022359,1.00894044913209,0.0034619111644515603,-0.0006932719590492004,0.050201841977422314
0.35707141428285655,-3.9601091874989254,1.0560300785115673,0.003411531230225607,-0.0006958032513787615,0.04904872193959671
0.35807161432286455,-3.9436574987249946,1.1027852861606695,0.003362211395321276,-0.0006982242680340413,0.04788829437759208
0.35907181436287255,-3.926257544873877,1.1491905164912652,0.003313962284295478,-0.000700536603554274,0.04672085643635681
0.36007201440288056,-3.907911331361244,1.195230337240244,0.0032667942278829017,-0.0007027419404112113,0.04554670844970904
0.36107221444288856,-3.8886210982933207,1.2408894445784142,0.003220717260764032,-0.0007048420470252831,0.04436615385761748
0.36207241448289657,-3.868389320857612,1.286152668169723,0.003175741119415014,-0.0007068387756949344,0.04317949912219666
0.36307261452290457,-3.847218709655731,1.331004976179091,0.0031318752400402764,-0.0007087340604413034,0.04198705364244132
0.3640728145629126,-3.825112210977912,1.3754314802272325,0.003089128756588793,-0.0007105299147705077,0.040789129667725396
0.3650730146029206,-3.8020730070188056,1.4194174402908144,0.003047510498854828,-0.0007122284293558952,0.03958604221009118
0.3660732146429286,-3.778104516034177,1.4629482695463252,0.0030070289906639802,-0.0007138317696427049,0.03837810895535501
0.3670734146829366,-3.753210392438115,1.506009539156123,0.0029676924481453035,-0.0007153421733776764,0.03716565017305612
0.3680736147229446,-3.727394526840421,1.548586982995015,0.0029295087780902454,-0.000716761948066226,0.035948988625275784
0.3690738147629526,-3.700661046023788,1.5906665023158886,0.0028924855763991053,-0.0007180934683598932,0.034728449474354404
0.3700740148029606,-3.6730143128604773,1.6322341703528664,0.0028566301266156747,-0.0007193391733768398,0.03350436018953452
0.3710742148429686,-3.644458926168157,1.67327623686046,0.002821949398550683,-0.0007205015639582591,0.03227705045255818
0.3720744148829766,-3.614999720504598,1.7137791325872966,0.0027884500469946226,-0.0007215831998636275,0.031046852062247644
0.3730746149229846,-3.5846417659009453,1.7537294736829496,0.0027561384105204883,-0.0007225866969077997,0.029814098838098563
0.3740748149629926,-3.5533903675332787,1.7931140660364802,0.002725020510376919,-0.0007235147240430145,0.02857912652291544
0.3750750150030006,-3.521251065332227,1.8319199095452563,0.0026951020494721846,-0.0007243700003889434,0.02734227268451938
0.3760752150430086,-3.4882296335303655,1.870134202312771,0.002666388411449402,-0.0007251552922139712,0.02610387661655861
0.3770754150830166,-3.4543320801471955,1.9077443447740283,0.002638884659853335,-0.0007258734098709569,0.0248642792384526
0.3780756151230246,-3.419564646411476,1.9447379437472658,0.0026125955373890617,-0.0007265272046907721,0.02362382299450094
0.3790758151630326,-3.3839338061207083,1.9811028164107019,0.002587525465272756,-0.0007271195658369665,0.022382851752188546
0.38007601520304063,-3.34744626493763,2.01682699420306,0.0025636785426747695,-0.0007276534171249517,0.021141710699719082
0.38107621524304863,-3.3101089596234936,2.0518987266466624,0.002541058546255155,-0.0007281317138091383,0.019900746242808763
0.38207641528305664,-3.271929057208043,2.086306485091908,0.0025196689297917086,-0.0007285574393414965,0.018660305900773107
0.38307661532306464,-3.232913954096024,2.120038966381944,0.002499512823900567,-0.0007289336021050449,0.01742073820193947
0.3840768153630726,-3.193071275110114,2.153085096436433,0.0024805930358493267,-0.0007292632321258023,0.016182392578418567
0.3850770154030806,-3.1524088724702004,2.185434033753319,0.0024629120494626087,-0.0007295493777667586,0.014945619260267978
0.3860772154430886,-3.110934824708893,2.217075172827481,0.002446472025119938,-0.0007297951024074496,0.013710769169082393
0.3870774154830966,-3.0686574355232317,2.247998147485292,0.002431274799845734,-0.0007300034811127287,0.012478193811043186
0.3880776155231046,-3.0255852325625416,2.2781928341340465,0.0024173218874911757,-0.0007301775972943498,0.011248245169462556
0.3890778155631126,-2.98172696615239,2.3076493549252786,0.0024046144790076346,-0.0007303205393689796,0.010021275596856304
0.3900780156031206,-2.9370916079546605,2.3363580808310576,0.0023931534428113205,-0.0007304353974162643,0.00879763770658001
0.3910782156431286,-2.891688349563733,2.3643096346323182,0.0023829393252387224,-0.0007305252598405758,0.007577684264063515
0.3920784156831366,-2.8455266010387987,2.391494893818371,0.002373972351092379,-0.000730593210040062,0.00636176807767885
0.3930786157231446,-2.798615989372359,2.4179049933967445,0.0023662524242764565,-0.0007306423230866127,0.005150241889276924
0.3940788157631526,-2.750966356894941,2.4435313286125364,0.002359779128521556,-0.000730675662420347,0.0039434582644284856
0.3950790158031606,-2.702587759616186,2.468365557576517,0.002354551728198118,-0.0007306962765622098,0.002741769482405043
0.39607921584316863,-2.6534904655022853,2.4923996038012195,0.0023505691692177456,-0.0007307071958482453,0.0015455274259355701
0.39707941588317663,-2.6036849526900028,2.5156256586443217,0.0023478300800217067,-0.0007307114291890905,0.00035508347077501745
0.39807961592318464,-2.553181907637319,2.5380361836586323,0.0023463327726558317,-0.0007307119608582092,-0.0008292116248792658
0.39907981596319264,-2.50199222321094,2.5596239128480422,0.0023460752439309687,-0.0007307117473123478,-0.0020070078310869205
0.40008001600320064,-2.4501269967107504,2.5803818548288406,0.0023470551766681144,-0.000730713714047666,-0.0031779559569434235
0.40108021604320865,-2.3975975278314663,2.6003032948957974,0.0023492699410272836,-0.0007307207524949491,-0.0043417077614019105
0.40208041608321665,-2.344415316561689,2.619381796992503,0.0023527165959191408,-0.0007307357169572729,-0.005497916064101412
0.40308061612322466,-2.2905920610205213,2.637611205585431,0.0023573918904983685,-0.000730761421593437,-0.006646234856164878
0.40408081616323266,-2.236139655232114,2.6549856474412747,0.002363292265737706,-0.0007308006374504389,-0.007786319410930271
0.40508101620324066,-2.1810701868382787,2.6714995333071,0.0023704138560815442,-0.0007308560895482015,-0.00891782639457799
0.40608121624324867,-2.1253959347495393,2.6871475594929337,0.00237875249117793,-0.0007309304540197126,-0.010040413976617821
0.40708141628325667,-2.0691293667348876,2.7019247093564003,0.0023883036976877887,-0.0007310263553096697,-0.011153741940198594
0.4080816163232647,-2.012283136950575,2.715826254689093,0.0023990627011701393,-0.000731146363434662,-0.012257471792203717
0.4090818163632727,-1.9548700834082673,2.728847757004357,0.002411024428042038,-0.0007312929913078522,-0.013351266873095739
0.4100820164032807,-1.8969032253829545,2.7409850687262547,0.002424183507611958,-0.0007314686921310465,-0.014434792466473119
0.4110822164432887,-1.838395760760976,2.7522343342794504,0.002438534274185277,-0.0007316758568569711,-0.015507715908302393
0.4120824164832967,-1.7793610633285153,2.7625919910798498,0.002454070769240516,-0.0007319168117244935,-0.01656970669578897
0.41308261652330464,-1.7198126800010927,2.772054770425813,0.0024707867436749463,-0.0007321938158694446,-0.017620436595849776
0.41408281656331264,-1.659764327994376,2.780619698289837,0.002488675660118163,-0.0007325090590136173,-0.018659579753151405
0.41508301660332064,-1.5992298919368388,2.788284096010599,0.002507730695312173,-0.0007328646592344288,-0.019686812797676388
0.41608321664332865,-1.5382234209246959,2.795045580885326,0.0025279447425565716,-0.0007332626608176452,-0.020701814951782128
0.41708341668333665,-1.4767591255196821,2.800902066662454,0.002549310414217316,-0.0007337050321954763,-0.02170426813671531
0.41808361672334465,-1.414851374690071,2.805851763934603,0.002571820044297615,-0.0007341936639722534,-0.022693857078545807
0.41908381676335266,-1.3525146926955893,2.8098931804319096,0.002595465691069432,-0.0007347303670398076,-0.02367026941348381
0.42008401680336066,-1.2897637559167,2.8130251212158037,0.0026202391397640874,-0.0007353168707845655,-0.024633195792544214
0.42108421684336866,-1.2266133896288542,2.815246688773351,0.0026461319053204336,-0.0007359548213882831,-0.025582329985522304
0.42208441688337667,-1.1630785647223059,2.816557283012302,0.0026731352351890727,-0.000736645780224229,-0.026517368984245008
0.42308461692338467,-1.0991743943680732,2.816956601157049,0.002701240112191081,-0.0007373912223505325,-0.027438013105062213
0.4240848169633927,-1.0349161306306909,2.816444637545689,0.002730437257429696,-0.0007381925351022962,-0.028343966090542672
0.4250850170034007,-0.9703191610284483,2.8150216833284722,0.0027607171332534337,-0.0007390510167839734,-0.029234935210339402
0.4260852170434087,-0.9053990050416464,2.8126883260678976,0.0027920699462690847,-0.0007399678754633968,-0.030110631361189542
0.4270854170834167,-0.8401713105697342,2.8094454492407888,0.002824485650403067,-0.0007409442278687339,-0.03097076916601394
0.4280856171234247,-0.7746518503378754,2.8052942316427054,0.002857953950009599,-0.0007419810983895358,-0.03181506707208195
0.4290858171634327,-0.7088565182537551,2.800236146695059,0.002892464303024171,-0.0007430794181829308,-0.032643247448207104
0.4300860172034407,-0.6428013257153489,2.794272961655375,0.002928005924160809,-0.000744240024385899,-0.03345503668093977
0.4310862172434487,-0.5765023978703817,2.787406736731128,0.00296456778815163,-0.0007454636594344538,-0.03425016526972287
0.4320864172834567,-0.5099759698282879,2.7796398240976523,0.003002138633027203,-0.0007467509704904354,-0.03502836792097728
0.4330866173234647,-0.4432383828254845,2.770974866820628,0.003040706963436252,-0.0007481025089765086,-0.03578938364108376
0.4340868173634727,-0.3763060803447085,2.761414797683695,0.003080261054003252,-0.0007495187302198386,-0.03653295582822846
0.4350870174034807,-0.3091956041892847,2.750962837921773,0.003120788952722482,-0.0007509999932048041,-0.03725883236307941
0.4360872174434887,-0.24192359051322154,2.7396224958606967,0.00316227848438714,-0.0007525465604349856,-0.037966765698261934
0.4370874174834967,-0.17450676580789723,2.727397565463793,0.003204717254052125,-0.0007541585979045542,-0.03865651294660081
0.4380876175235047,-0.10696194284632185,2.7142921247860934,0.003248092650529139,-0.0007558361751790648,-0.03932783596809788
0.43908781756351273,-0.03930601658581537,2.7003105343368516,0.0032923918499127695,-0.0007575792655855433,-0.039980501455613764
0.44008801760352073,0.028444039969967527,2.6854574353511307,0.003337601819136257,-0.0007593877465116388,-0.04061428101922289
0.4410882176435287,0.0962711799487023,2.669737747971177,0.0033837093195556696,-0.0007612613998134954,-0.041228951269211354
0.4420884176835367,0.16415828682581857,2.6531566693384128,0.003430700910561262,-0.0007631999123318845,-0.041824293897687825
0.4430886177235447,0.23208817867872442,2.635719671596827,0.0034785629532147685,-0.0007652028765160183,-0.04240009575877724
0.4440888177635527,0.300043612477814,2.6174324998086265,0.0035272816139115142,-0.0007672697911543556,-0.04295614894736881
0.4450890178035607,0.36800728841327346,2.5983011697830296,0.0035768428680661556,-0.0007694000622115948,-0.04349225087638895
0.4460892178435687,0.4359618542566702,2.5783319658190815,0.003627232503820974,-0.0007715930037709353,-0.04400820435257107
0.4470894178835767,0.5038899097562666,2.5575314383634264,0.003678436125775645,-0.0007738478390805786,-0.04450381765069411
0.4480896179235847,0.5717740110650377,2.535906401584011,0.0037304391587374554,-0.0007761637017033287,-0.044978904586262476
0.4490898179635927,0.639596675200299,2.513463930860666,0.0037832268514909778,-0.0007785396367680425,-0.045433284586600266
0.4500900180036007,0.7073403845338913,2.490211360193604,0.0038367842805862497,-0.0007809746023215726,-0.04586678276033333
0.4510902180436087,0.7749875913117703,2.466156279530832,0.003891096354144541,-0.0007834674707797393,-0.046279229965233024
0.4520904180836167,0.842520722201978,2.441306532015588,0.003946147815680838,-0.0007860170304757617,-0.046670462874396135
0.4530906181236247,0.9099221828697692,2.415670211154826,0.004001923247942205,-0.0007886219873044785,-0.04704032404073595
0.4540908181636327,0.97717436257881,2.3892556579098967,0.004058407076761241,-0.0007912809664605829,-0.04738866195975984
0.45509101820364073,1.044259638817299,2.362071457710529,0.004115583574923851,-0.0007939925142690008,-0.04771533113060936
0.45609121824364873,1.1111603819478115,2.334126437393299,0.004173436866050645,-0.0007967551001054416,-0.048020192115339436
0.45709141828365674,1.1778589598796825,2.305429662065713,0.004231950928491272,-0.0007995671184050556,-0.04830311159641352
0.45809161832366474,1.2443377427627476,2.2759904318971675,0.004291109599231047,-0.0008024268907570397,-0.04856396243239245
0.45909181836367274,1.3105791077012474,2.2458182788379326,0.004350896577809296,-0.0008053326680829424,-0.04880262371179507
0.46009201840368075,1.3765654434866206,2.2149229632674756,0.004411295430248827,-0.0008082826328963273,-0.049018980805109295
0.46109221844368875,1.4422791553480119,2.18331447057333,0.004472289592996034,-0.0008112749016413717,-0.049212925414932954
0.46209241848369675,1.5077026697191793,2.1510030076618256,0.0045338623768711285,-0.000814307527107892,-0.049384355624224205
0.46309261852370476,1.5728184390206132,2.1179989994019746,0.004595996971028058,-0.0008173785009202041,-0.04953317594264197
0.46409281856371276,1.6376089464555377,2.0843130850038443,0.004658676446923695,-0.0008204857560971505,-0.04965929735095742
0.46509301860372076,1.7020567108185416,2.0499561143327147,0.004721883762295913,-0.0008236271696805498,-0.04976263734351813
0.46609321864372877,1.7661442913155274,2.014939144160477,0.004785601765150208,-0.0008268005654292494,-0.049843119968747136
0.46709341868373677,1.8298542923936862,1.9792734343555383,0.0048498131977545485,-0.0008300037165758932,-0.04990067586765976
0.4680936187237448,1.893169368580172,1.9429704440127042,0.004914500700642158,-0.0008332343486434483,-0.04993524231038166
0.4690938187637528,1.9560722293281747,1.9060418275244146,0.004979646816621989,-0.0008364901423184682,-0.049946763230652155
0.4700940188037607,2.0185456438690097,1.8684994305948026,0.005045233994796653,-0.0008397687363780116,-0.04993518925829763
0.47109421884376873,2.080572446068923,1.830355286197953,0.005111244594587615,-0.0008430677306670756,-0.049900477749660374
0.47209441888377673,2.1421355392892267,1.7916216104818983,0.005177660889767435,-0.0008463846891233436,-0.049842592815968784
0.47309461892378474,2.2032179012484474,1.7523107986197504,0.00524446507249896,-0.0008497171428460024,-0.04976150534963573
0.47409481896379274,2.2638025888850364,1.7124354206095231,0.005311639257381293,-0.0008530625932053285,-0.049657193048472256
0.47509501900380074,2.3238727432193587,1.6720082170241,0.005379165485502434,-0.0008564185149896988,-0.049529640437804764
0.47609521904380875,2.383411594213499,1.6310420947128677,0.005447025728498496,-0.0008597823595866399,-0.04937883889048415
0.47709541908381675,2.442402465627512,1.5895501224565907,0.00551520189261942,-0.0008631515581944889,-0.049204786644776365
0.47809561912382476,2.500828779870739,1.547545526576971,0.005583675822801112,-0.0008665235250612045,-0.04900748882012428
0.47909581916383276,2.558674062846764,1.505041686502552,0.00565242930674395,-0.0008698956607468324,-0.04878695743077166
0.48009601920384076,2.6159219487905787,1.4620521302924443,0.0057214440789976236,-0.0008732653554061027,-0.048543211397240445
0.48109621924384877,2.672556185096568,1.418590530119462,0.005790701825052243,-0.0008766299920876081,-0.04827627655565351
0.48209641928385677,2.7285606371358804,1.3746706977142995,0.005860184185435715,-0.0008799869500459931,-0.04798618566489562
0.4830966193238648,2.7839192930617322,1.3303065797722702,0.00592987275981733,-0.0008833336080635622,-0.047672978411605955
0.4840968193638728,2.838616268601254,1.2855122533242287,0.005999749111117549,-0.0008866673477777032,-0.047336701412996424
0.4850970194038808,2.8926358118323843,1.240301921073304,0.006069794769623949,-0.0008899855570105072,-0.046977408217490524
0.4860972194438888,2.94596230794443,1.1946899066990302,0.006139991237113305,-0.0008932856330969617,-0.04659515930317835
0.4870974194838968,2.9985802839808042,1.1486906501305016,0.006210319990979761,-0.000896564986208087,-0.04619002207408393
0.4880976195239048,3.0504744135624846,1.1023187027901764,0.006280762488369057,-0.0008998210426653847,-0.04576207085424193
0.4890978195639128,3.101629521590798,1.0555887228099587,0.006351300170318749,-0.000903051248242974,-0.04531138687958129
0.4900980196039208,3.1520305889280182,1.008515470221196,0.006421914465904366,-0.0009062530714537921,-0.044838058287614266
0.4910982196439288,3.2016627570543497,0.9611138021202482,0.006492586796391411,-0.0009094240068162488,-0.04434218010492989
0.4920984196839368,3.2505113326998316,0.91339866781122,0.006563298579393138,-0.00091256157809774,-0.04382385423249174
0.4930986197239448,3.2985617924497315,0.8653851039275743,0.006634031233033971,-0.0009156633415314389,-0.043283189428740425
0.4940988197639528,3.34579978732191,0.8170882295342317,0.006704766180118446,-0.0009187268890028063,-0.04272030129050221
0.4950990198039608,3.3922111473147933,0.7685232412117835,0.006775484852305528,-0.0009217498512022872,-0.042135312231705545
0.4960992198439688,3.4377818859243954,0.7197054081245619,0.006846168694288121,-0.0009247299007406873,-0.04152835145990831
0.4970994198839768,3.482498204629007,0.6706500670741232,0.006916799167977581,-0.0009276647552237555,-0.04089955495063915
0.49809961992398477,3.5263464973400716,0.6213726175398396,0.006987357756693005,-0.0009305521802825335,-0.04024906541955701
0.4990998199639928,3.569313354817787,0.5718885167082657,0.007057825969355053,-0.0009333899925560749,-0.03957703229243357
0.5001000200040008,3.6113855690500043,0.5222132744929249,0.007128185344683985,-0.0009361760626231732,-0.03888361167296461
0.5011002200440088,3.652550137592972,0.47236244854613096,0.007198417455401655,-0.0009389083178797914,-0.038168966308415916
0.5021004200840168,3.6927942678724466,0.42235163926455155,0.007268503912437076,-0.0009415847453589306,-0.03743326555311116
0.5031006201240248,3.732105381443807,0.372196484790148,0.007338426369135191,-0.0009442033944897276,-0.03667668532976943
0.5041008201640328,3.7704711182096453,0.3219126560080681,0.0074081665254684325,-0.0009467623797926315,-0.03589940808870064
0.5051010202040408,3.807879340593485,0.27151585154324726,0.007477706132250629,-0.0009492598835075665,-0.03510162276486816
0.5061012202440488,3.8443181376681337,0.22102179275725775,0.007547026995352751,-0.0009516941581520515,-0.03428352473282836
0.5071014202840568,3.879775829237303,0.1704462187470806,0.007616110979919998,-0.0009540635290063142,-0.033445315759557726
0.5081016203240648,3.9142409698690597,0.11980488134743975,0.007684940014589635,-0.0009563663965225077,-0.0325872039551787
0.5091018203640728,3.947702352879685,0.06911354013825924,0.007753496095708994,-0.0009586012386552079,-0.03170940372159637
0.5101020204040808,3.980149014266575,0.018387957458955516,0.00782176129155298,-0.0009607666131104507,-0.03081213569905847
0.5111022204440888,4.011570236588773,-0.032356106568935755,0.007889717746540409,-0.0009628611595106415,-0.02989562671065222
0.5121024204840968,4.0419555527937385,-0.08310289900913091,0.00795734768544844,-0.0009648836014727575,-0.028960109704751977
0.5131026205241048,4.071294749989005,-0.13383667906637509,0.008024633417624338,-0.0009668327485973438,-0.02800582369543244
0.5141028205641128,4.099577873157324,-0.18454172302906074,0.00809155734119375,-0.0009687074983658953,-0.02703301370086289
0.5151030206041208,4.126795228813978,-0.2352023291971285,0.008158101947264648,-0.0009705068379443066,-0.02604193067969854
0.5161032206441288,4.1529373886048875,-0.2858028227936375,0.008224249824126046,-0.0009722298458901649,-0.025032831465485777
0.5171034206841368,4.177995192844165,-0.3363275608584913,0.008289983661440535,-0.000973875693761759,-0.024005978699098825
0.5181036207241448,4.201959753989837,-0.386760937122747,0.008355286254429686,-0.0009754436476267748,-0.02296164075922588
0.5191038207641528,4.224822460056366,-0.4370873868619946,0.008420140508051278,-0.0009769330694687506,-0.021900091690923593
0.5201040208041608,4.246574977962706,-0.4872913917272664,0.008484529441167303,-0.000978343418489468,-0.02082161113225931
0.5211042208441689,4.267209256814579,-0.5373574845519663,0.008548436190701642,-0.0009796742523055621,-0.01972648423906122
0.5221044208841769,4.286717531119714,-0.5872702541333452,0.008611844015786274,-0.0009809252280377424,-0.018615001607797124
0.5231046209241849,4.305092323934759,-0.6370143499869687,0.008674736301894845,-0.0009820961032911241,-0.017487459196603293
0.5241048209641929,4.322326449942657,-0.6865744870728163,0.008737096564962368,-0.0009831867370252878,-0.01634415824448539
0.5251050210042009,4.338413018459188,-0.7359354504914283,0.008798908455489822,-0.0009841970903127942,-0.015185405188714193
0.5261052210442089,4.353345436367524,-0.7850821001487406,0.008860155762632342,-0.000985127226985,-0.014011511580439331
0.5271054210842169,4.367117410979539,-0.8339993753881725,0.008920822418269697,-0.0009859773141641386,-0.012822793998545037
0.5281056211242249,4.379722952822699,-0.8826722995884532,0.008980892501057687,-0.0009867476226807484,-0.011619573961772359
0.5291058211642329,4.391156378351379,-0.9310859847259562,0.009040350240459096,-0.0009874385273756531,-0.010402177839133005
0.5301060212042409,4.401412312581407,-0.9792256359000058,0.009099180020752754,-0.0009880505072858215,-0.009170936758640513
0.5311062212442489,4.410485691646731,-1.0270765558198383,0.009157366385019303,-0.0009885841457135548,-0.007926186514385074
0.5321064212842569,4.418371765277074,-1.0746241492519346,0.009214894039102181,-0.0009890401301785791,-0.006668267471978881
0.5331066213242649,4.425066099195449,-1.1218539274262527,0.009271747855542325,-0.0009894192522527424,-0.005397524472399464
0.5341068213642729,4.430564577434493,-1.1687515124001655,0.009327912877485101,-0.000989722407277143,-0.004114306734259059
0.5351070214042809,4.434863404570504,-1.215302641378747,0.009383374322557914,-0.000989950593961644,-0.0028189677545285632
0.5361072214442889,4.437959107874167,-1.261493170990148,0.009438117586716945,-0.000990104913866858,-0.0015118652077452273
0.5371074214842969,4.439848539376918,-1.3073090815147685,0.009492128248061461,-0.0009901865707688075,-0.00019336084373373723
0.5381076215243049,4.440528877851948,-1.3527364810670006,0.009545392070614103,-0.0009901968699066051,0.0011361796161291043
0.5391078215643129,4.439997630708855,-1.3977616097283618,0.009597895008065568,-0.000990137217113617,0.0024763865840753785
0.5401080216043209,4.43825263580098,-1.4423708436307268,0.00964962320748209,-0.0009900091178327076,0.003826886712501511
0.5411082216443288,4.4352920631444706,-1.4865506989885393,0.0097005630129741,-0.000989814176016287,0.005187303001886302
0.5421084216843368,4.431114416548167,-1.5302878360788277,0.009750700969324488,-0.000989554092912016,0.006557254910040196
0.5431086217243448,4.425718535153384,-1.5735690631678536,0.009800023825574777,-0.0009892306657351484,0.007936358462650842
0.5441088217643528,4.4191035948827375,-1.616381340383326,0.009848518538567705,-0.0009888457862286132,0.00932422636509475
0.5451090218043608,4.411269109797143,-1.6587117835310017,0.009896172276444534,-0.0009884014391120753,0.010720468115479158
0.5461092218443688,4.402214933360142,-1.700547667854666,0.009942972422095506,-0.0009878997004213292,0.012124690118880909
0.5471094218843768,4.391941259608786,-1.7418764317384037,0.00998890657656185,-0.0009873427357395092,0.013536495802747642
0.5481096219243848,4.380448624230254,-1.7826856803501083,0.010033962562387781,-0.0009867327983217225,0.014955485733426328
0.5491098219643928,4.3677379055434695,-1.822963189225254,0.010078128426920884,-0.0009860722271148304,0.016381257733783766
0.5501100220044008,4.3538103253849725,-1.8626969077899191,0.010121392445559381,-0.0009853634446742288,0.017813407001883216
0.5511102220444088,4.338667449898347,-1.9018749628220732,0.010163743124944705,-0.00098460895497959,0.019251526230680993
0.5521104220844169,4.322311190226496,-1.9404856618502202,0.01020516920609791,-0.0009838113411516523,0.020695205728706412
0.5531106221244249,4.304743803106158,-1.9785174964884749,0.010245659667498404,-0.000982973263072252,0.022144033541688115
0.5541108221644329,4.285967891363975,-2.01595914570713,0.010285203728103568,-0.0009820974549099124,0.023597595575089475
0.5551110222044409,4.265986404313552,-2.0527994790378856,0.01032379085030781,-0.0009811867225534075,0.02505547571751536
0.5561112222444489,4.2448026380529225,-2.0890275597128682,0.010361410742839673,-0.0009802439409558313,0.026517255964952257
0.5571114222844569,4.222420235661848,-2.124632647736642,0.01039805336359564,-0.0009792720513918081,0.027982516545803374
0.5581116223244649,4.198843187298492,-2.1596042028903546,0.010433708922409279,-0.0009782740586305831,0.029450836046680074
0.5591118223644729,4.174075830194885,-2.1939318876673033,0.010468367883754463,-0.0009772530280278292,0.03092179153891064
0.5601120224044809,4.148122848550819,-2.2276055701391435,0.010502020969381416,-0.0009762120825391094,0.032394958705727096
0.5611122224444889,4.12098927332566,-2.2606153267519726,0.010534659160884365,-0.0009751543996580243,0.03386991197009057
0.5621124224844969,4.092680481927702,-2.2929514450516755,0.010566273702199647,-0.0009740832082821663,0.035346224623115326
0.5631126225245049,4.063202197800708,-2.324604426337766,0.010596856102033151,-0.0009730017855100918,0.03682346895305138
0.5641128225645129,4.0325604899072545,-2.3555649882451353,0.010626398136216032,-0.0009719134533726062,0.038301216374785445
0.5651130226045209,4.000761772108583,-2.3858240672530324,0.010654891849987677,-0.0009708215755017374,0.039779037559819604
0.5661132226445289,3.9678128024406933,-2.4153728211207204,0.010682329560204956,-0.0009697295537408533,0.041256502566686934
0.5671134226845369,3.9337206822863777,-2.4442026312492056,0.010708703857476855,-0.0009686408246994502,0.04273318097176311
0.5681136227245449,3.8984928554430005,-2.4723051049684988,0.010734007608223621,-0.0009675588562562111,0.04420864200043286
0.5691138227645529,3.8621371070858714,-2.4996720777498647,0.010758233956659632,-0.0009664871440139988,0.04568245465856987
0.5701140228045609,3.8246615626269507,-2.526295615342614,0.010781376326699229,-0.0009654292077105115,0.04715418786428867
0.5711142228445689,3.7860746864688584,-2.552168015834915,0.010803428423784841,-0.0009643885875883863,0.0486234105799268
0.5721144228845769,3.746385280654049,-2.577281811638199,0.010824384236636772,-0.000963368840728591,0.050089691944215496
0.5731146229245849,3.705602483409047,-2.6016297713947294,0.010844238038924071,-0.0009623735373509942,0.051552601404596936
0.5741148229645929,3.6637357675838005,-2.625204901807971,0.010862984390855993,-0.0009614062570860512,0.053011708849646004
0.5751150230046009,3.6207949389860676,-2.648000449395353,0.01088061814069359,-0.0009604705852215816,0.054466584741554455
0.5761152230446089,3.5767901346109245,-2.670009902163121,0.010897134426181076,-0.0009595701089286559,0.055916800248635254
0.5771154230846169,3.531731820765424,-2.6912269912029285,0.010912528675896599,-0.0009587084134706369,0.057361927377804746
0.5781156231246249,3.485630791088502,-2.7116456922098995,0.010926796610522198,-0.0009578890783994546,0.05880153910700041
0.579115823164633,3.4384981644663353,-2.7312602269219135,0.010939934244032735,-0.0009571156737432127,0.060235209517491665
0.580116023204641,3.390345382843176,-2.750065064479838,0.010951937884803654,-0.0009563917561892472,0.06166251392604141
0.581116223244649,3.341184208928022,-2.768054922708527,0.010962804136637505,-0.0009557208652667716,0.06308302901687579
0.582116423284657,3.2910267237972124,-2.785224769318419,0.010972529899709212,-0.0009551065195332534,0.06449633297341978
0.583116623324665,3.239885324393305,-2.801569823027504,0.010981112371430138,-0.0009545522127686709,0.0659020056097561
0.584116823364673,3.187772720920522,-2.8170855546036235,0.01098854904723104,-0.0009540614101818033,0.06729962850176517
0.585117023404681,3.134701934137043,-2.831767687826931,0.0109948377212641,-0.0009536375446327007,0.06868878511790351
0.586117223444689,3.0806862925445557,-2.845612200372449,0.010999976487024225,-0.0009532840128754734,0.07006906094957852
0.587117423484697,3.0257394294754936,-2.8586153246126793,0.011003963737889939,-0.0009530041718255274,0.07144004364107721
0.588117623524705,2.9698752800783086,-2.8707735483402375,0.011006798167584165,-0.0009528013348553566,0.0728013231190068
0.589117823564713,2.9131080782013417,-2.882083615410492,0.011008478770555302,-0.0009526787681229773,0.07415249172120501
0.590118023604721,2.8554523531757345,-2.892542526304249,0.011009004842279051,-0.0009526396869370666,0.07549314432507818
0.591118223644729,2.7969229264979187,-2.902147538610525,0.011008375979481474,-0.0009526872521628363,0.07682287847532537
0.592118423684737,2.737534908412285,-2.9108961674294798,0.011006592080283834,-0.0009528245666726347,0.07814129451100657
0.593118623724745,2.677303694394669,-2.9187861856956157,0.011003653344269818,-0.0009530546718452331,0.07944799569191364
0.594118823764753,2.6162449615371393,-2.925815624421349,0.010999560272475766,-0.0009533805441177064,0.08074258832420249
0.595119023804761,2.5543746648349956,-2.9319827728611334,0.01099431366730462,-0.00095380509159377,0.08202468188524524
0.596119223844769,2.491709033376473,-2.9372861785962843,0.010987914632364279,-0.0009543311507123832,0.08329388914766146
0.597119423884777,2.428264566436008,-2.941724647540705,0.010980364572231172,-0.000954961482980371,0.08454982630248749
0.5981196239247849,2.3640580294718148,-2.9452972438677545,0.010971665192139818,-0.000955698771772754,0.0857921130814432
0.5991198239647929,2.2991064500286003,-2.9480032898584896,0.010961818497599227,-0.0009565456192044154,0.08702037287825662
0.6001200240048009,2.233427113546231,-2.9498423656715556,0.010950826793937022,-0.0009575045430766578,0.08823423286900417
0.6011202240448089,2.167037559075219,-2.9508143090350263,0.010938692685772172,-0.0009585779739021372,0.08943332413142947
0.6021204240848169,2.0999555748999876,-2.9509192148605123,0.010925419076417267,-0.0009597682520115777,0.09061728176319901
0.6031206241248249,2.0321991940708637,-2.9501574347798702,0.010911009167211317,-0.0009610776247455953,0.09178574499905609
0.6041208241648329,1.9637866898456753,-2.9485295766048973,0.010895466456784013,-0.0009625082437348694,0.09293835732683406
0.6051210242048409,1.8947365710421213,-2.946036503710388,0.010878794740252483,-0.0009640621622718185,0.09407476660228997
0.6061212242448489,1.825067577301813,-2.9426793343409656,0.010860998108351545,-0.0009657413327768398,0.09519462516272033
0.6071214242848569,1.7547986742671569,-2.9384594408421343,0.010842080946498488,-0.0009675476043620816,0.09629758993932092
0.6081216243248649,1.6839490486721649,-2.9333784488159993,0.010822047933793428,-0.000969482720495617,0.09738332256825294
0.6091218243648729,1.6125381033483395,-2.9274382362021374,0.010800904041956286,-0.0009715483167687878,0.09845148950037813
0.610122024404881,1.5405854521467504,-2.920640932284127,0.010778654534201446,-0.0009737459187693814,0.09950176210962594
0.611122224444889,1.468110914777661,-2.912988916622254,0.010755304964051157,-0.0009760769400631993,0.10053381679995618
0.612122424484897,1.3951345115687481,-2.904484817912938,0.01073086117408873,-0.0009785426802864624,0.10154733511088093
0.613122624524905,1.3216764581433496,-2.8951315127754556,0.0107053292946526,-0.0009811443233513884,0.10254200382150998
0.614122824564913,1.2477571600199724,-2.884932124466537,0.010678715742472297,-0.0009838829357671599,0.10351751505308446
0.615123024604921,1.1733972071343697,-2.8738900215234584,0.010651027219247374,-0.0009867594650783851,0.10447356636996376
0.616123224644929,1.0986173682856746,-2.8620088163362327,0.010622270710170332,-0.0009897747384230323,0.10540986087903133
0.617123424684937,1.0234385855077863,-2.849292363649586,0.01059245348239455,-0.000992929461211696,0.10632610732748528
0.618123624724945,0.9478819683676536,-2.8357447589953475,0.010561583083448232,-0.000996224215929933,0.10722202019898033
0.619123824764953,0.8719687881917266,-2.821370337055983,0.010529667339595365,-0.0009996594610652725,0.10809731980808816
0.620124024804961,0.7957204722222864,-2.8061736699599344,0.010496714354144634,-0.0010032355301603855,0.1089517323930434
0.621124224844969,0.719158597704834,-2.790159565509535,0.010462732505707258,-0.00100695263099376,0.10978499020674352
0.622124424884977,0.642304885908477,-2.77333306534222,0.010427730446404642,-0.0010108108448891049,0.11059683160597092
0.623124624924985,0.5651811960805768,-2.7556994430257897,0.01039171710002675,-0.0010148101261545665,0.11138700113880622
0.624124824964993,0.48780951933743016,-2.737264202088543,0.010354701660142046,-0.0010189503016527124,0.11215524963020257
0.625125025005001,0.41021197249256564,-2.718033073985029,0.010316693588159825,-0.0010232310705020984,0.11290133426569078
0.626125225045009,0.33241079182428523,-2.698012015998289,0.010277702611345743,-0.0010276520039111004,0.11362501867318614
0.627125425085017,0.2544283267842089,-2.677207209079361,0.010237738720791275,-0.0010322125451445534,0.11432607300286818
0.628125625125025,0.17628703364846401,-2.6556250556249683,0.01019681216933784,-0.0010369120096236056,0.1150042740051051
0.629125825165033,0.09800946911334087,-2.6332721771941863,0.010154933469456251,-0.001041749585159051,0.1156594051063954
0.630126025205041,0.01961828383703338,-2.610155412165014,0.010112113391082143,-0.0010467243323182727,0.11629125648329973
0.631126225245049,-0.058863784070513264,-2.586281813331747,0.010068362959407953,-0.0010518351849257794,0.11689962513433654
0.632126425285057,-0.13741391560808533,-2.561658645444053,0.010023693452632024,-0.0010570809506971882,0.11748431494981583
0.633126625325065,-0.21600921749195068,-2.5362933826886596,0.009978116399665312,-0.0010624603120063583,0.11804513677958602
0.634126825365073,-0.2946267288111733,-2.5101937061146566,0.00993164357779617,-0.0010679718267852455,0.1185819084986692
0.635127025405081,-0.3732434277275219,-2.483367501003301,0.009884287010313629,-0.0010736139295559042,0.1190944550707613
0.636127225445089,-0.4518362382180583,-2.455822854183336,0.009836058964089503,-0.0010793849325939262,0.11958260860957366
0.637127425485097,-0.5303820368584958,-2.4275680512927926,0.009786971947119682,-0.0010852830272224648,0.1200462084379939
0.638127625525105,-0.6088576596453599,-2.3986115739882927,0.009737038706024841,-0.0010913062852358551,0.12048510114504393
0.639127825565113,-0.6872399088550053,-2.368962097102833,0.009686272223510808,-0.0010974526604517023,0.1208991406406142
0.640128025605121,-0.7655055599373923,-2.3386284857530923,0.009634685715788743,-0.001103719990390172,0.1212881882079537
0.6411282256451291,-0.8436313684427038,-2.3076197923972765,0.009582292629955266,-0.0011101059980790822,0.12165211255389591
0.6421284256851371,-0.921594076978739,-2.275945253844587,0.00952910664133259,-0.001116608293983259,0.12199078985680177
0.6431286257251451,-0.999370422196977,-2.243614288217331,0.009475141650768695,-0.0011232243780564838,0.12230410381220128
0.6441288257651531,-1.0769371418052336,-2.210636491866738,0.009420411781897516,-0.001129951641914229,0.12259194567611618
0.6451290258051611,-1.1542709816049561,-2.177021636243615,0.009364931378359065,-0.0011367873711252427,0.12285421430604687
0.6461292258451691,-1.2313487025507701,-2.1427796647248485,0.009308715000979385,-0.001143728747619921,0.12309081619960731
0.6471294258851771,-1.3081470878304242,-2.1079206893969107,0.009251777424910169,-0.0011507728522132665,0.12330166553079272
0.6481296259251851,-1.3846429499627846,-2.0724549877974936,0.009194133636727827,-0.0011579166672401166,0.12348668418386524
0.6491298259651931,-1.46081313791186,-2.0363929996162726,0.009135798831491768,-0.0011651570793001895,0.1236458017848438
0.6501300260052011,-1.5366345442145162,-1.9997453233560905,0.009076788409761598,-0.001172490882110383,0.12377895573058499
0.6511302260452091,-1.612084112119873,-1.962522712955546,0.009017117974572903,-0.001179914779461632,0.1238860912154426
0.6521304260852171,-1.6871388427380192,-1.9247360743742268,0.00895680332837125,-0.0011874253882775156,0.12396716125549423
0.6531306261252251,-1.7617758021958996,-1.886396462141676,0.008895860469904005,-0.0011950192417716898,0.12402212671032418
0.6541308261652331,-1.8359721287981474,-1.8475150758712768,0.008834305591069532,-0.0012026927927011035,0.1240509563023525
0.655131026205241,-1.90970504019055,-1.808103256740192,0.008772155073723292,-0.0012104424167118494,0.12405362663370098
0.656131226245249,-1.9829518405239643,-1.7681724839365798,0.008709425486440317,-0.0012182644157743916,0.12403012220058775
0.657131426285257,-2.0556899276164278,-1.727734371075141,0.008646133581233636,-0.001226155021704796,0.12398043540524248
0.658131626325265,-2.1278968001110243,-1.6868006625823537,0.008582296290227949,-0.001234110399768508,0.1239045665653357
0.659131826365273,-2.199550064627493,-1.6453832300523858,0.008517930722288078,-0.001242126652363101,0.12380252392091583
0.660132026405281,-2.2706274429049893,-1.6034940685750239,0.00845305415960158,-0.001250199822776331,0.12367432363884885
0.661132226445289,-2.341106778933974,-1.561145293036715,0.008387684054214882,-0.0012583258990157445,0.12351998981475601
0.662132426485297,-2.4109660460746545,-1.51834913439598,0.008321838024522347,-0.001266500817705984,0.123339554472446
0.663132626525305,-2.4801833541599154,-1.4751179359343445,0.008255533851707608,-0.0012747204680498617,0.12313305756083869
0.664132826565313,-2.5487369565801994,-1.4314641494840155,0.008188789476136538,-0.0012829806958491803,0.1229005469483783
0.665133026605321,-2.6166052573481973,-1.3874003316335368,0.008121622993701208,-0.0012912773075812018,0.12264207841493509
0.666133226645329,-2.6837668181408696,-1.3429391399125319,0.008054052652114167,-0.0012996060745265937,0.12235771564119463
0.667133426685337,-2.7502003653165557,-1.2980933289568939,0.00798609684715241,-0.001307962736944605,0.12204753019553567
0.668133626725345,-2.8158847969048177,-1.252875746655457,0.00791777411885039,-0.0013163430082911575,0.12171160151839733
0.669133826765353,-2.8807991895666607,-1.2072993302795056,0.00784910314764142,-0.0013247425794754774,0.1213500169041379
0.670134026805361,-2.9449228055228303,-1.1613771025962687,0.007780102750446856,-0.001333157123150828,0.12096287148038809
0.671134226845369,-3.008235099447802,-1.1151221679675885,0.007710791876712453,-0.0013415822980348514,0.12055026818490244
0.6721344268853771,-3.0707157253271733,-1.0685477084350274,0.007641189604391284,-0.001350013753254974,0.12011231773991325
0.6731346269253851,-3.1323445432760884,-1.0216669797925817,0.007571315135872675,-0.0013584471327142884,0.11964913862399257
0.6741348269653931,-3.193101626316409,-0.9744933076482385,0.007501187793856602,-0.0013668780794732739,0.11916085704142816
0.6751350270054011,-3.2529672671102317,-0.927040083475556,0.007430827017173029,-0.0013753022401426884,0.11864760688912071
0.6761352270454091,-3.31192198464747,-0.8793207606565107,0.007360252356545713,-0.0013837152692829269,0.11810952972100967
0.6771354270854171,-3.3699465308852363,-0.8313488505168046,0.0072894834703000335,-0.0013921128338051129,0.11754677471003679
0.6781356271254251,-3.427021897336575,-0.7831379183547617,0.007218540120014413,-0.00140049061736917,0.11695949860765627
0.6791358271654331,-3.4831293216063175,-0.734701579465163,0.007147442166114997,-0.001408844324774097,0.11634786570090225
0.6801360272054411,-3.538250293871841,-0.6860534951590621,0.0070762095634132405,-0.0014171696863356591,0.11571204776702432
0.6811362272454491,-3.5923665633062343,-0.6372073687808628,0.007004862356586153,-0.0014254624622466999,0.11505222402570303
0.6821364272854571,-3.6454601444417607,-0.5881769417238587,0.0069334206755989605,-0.0014337184469152716,0.1143685810888581
0.6831366273254651,-3.697513323471302,-0.5389759894453175,0.006861904731070041,-0.0014419334732757878,0.1136613129080627
0.6841368273654731,-3.7485086644854224,-0.4896183174824155,0.006790334809577999,-0.0014501034170684044,0.11293062071957817
0.6851370274054811,-3.7984290156429896,-0.4401177574701194,0.006718731268910857,-0.001458224201081849,0.11217671298702415
0.6861372274454891,-3.847257515272878,-0.3904881631621995,0.0066471145332573575,-0.0014662917993549373,0.1113998053417
0.6871374274854971,-3.894977597904722,-0.3407434064565722,0.006575505088340478,-0.0014743022413320347,0.11060012052057412
0.6881376275255051,-3.94157300022642,-0.2908973734260491,0.006503923476493282,-0.0014822516159677512,0.10977788830195871
0.6891378275655131,-3.987027766966159,-0.24096396035574966,0.006432390291677362,-0.00149013607577619,0.10893334543888805
0.6901380276055211,-4.031326256696843,-0.19095706978826202,0.006360926174444127,-0.001497951840820108,0.10806673559021931
0.6911382276455291,-4.07445314756073,-0.14089060657766658,0.006289551806839345,-0.0015056952026353933,0.1071783092494757
0.6921384276855371,-4.116393442912078,-0.09077847395362332,0.006218287907251355,-0.00151336252808631,0.10626832367145245
0.6931386277255451,-4.157132476875765,-0.04063456959659403,0.0061471552252034874,-0.0015209502631470175,0.10533704279660681
0.6941388277655531,-4.196655919819661,0.009527218274664358,0.0060761745360913,-0.001528454936604933,0.1043847371732543
0.6951390278055611,-4.23494978373872,0.05969301480225441,0.006005366635865314,-0.0015358731636815675,0.10341168387759377
0.6961392278455691,-4.27200042754871,0.10984896237377705,0.005934752335660025,-0.0015432016495665413,0.10241816643158488
0.6971394278855771,-4.307794562287503,0.15998122449145039,0.005864352456370038,-0.0015504371928605556,0.10140447471870241
0.6981396279255851,-4.342319256221897,0.21007598962456298,0.005794187823174286,-0.0015575766889231843,0.10037090489759204
0.6991398279655932,-4.375561939857971,0.260119475044211,0.005724279260009337,-0.0015646171331214315,0.09931775931365362
0.7001400280056012,-4.407510410852983,0.3100979306392575,0.00565464758399293,-0.0015715556239750965,0.09824534640857822
0.7011402280456092,-4.438152838826831,0.3599976427124765,0.005585313599798931,-0.001578389366195082,0.09715398062786605
0.7021404280856172,-4.467477770071154,0.4098049377558047,0.005516298093984996,-0.0015851156736108858,0.09604398232635311
0.7031406281256252,-4.495474132154161,0.4595061862036932,0.005447621829274341,-0.0015917319719836228,0.09491567767177514
0.7041408281656332,-4.522131238419273,0.5090878061635462,0.005379305538793061,-0.001598235801701035,0.0937693985463979
0.7051410282056412,-4.54743879237577,0.5585362671222149,0.005311369920264583,-0.0016046248203510677,0.09260548244674385
0.7061412282456492,-4.571386891979555,0.6078380936275625,0.005243835630162863,-0.0016108968051707104,0.09142427238144554
0.7071414282856572,-4.593966033802274,0.6569798689441012,0.005176723277826085,-0.0016170496553669245,0.09022611676725711
0.7081416283256652,-4.615167117086992,0.7059482386817547,0.00511005341953266,-0.0016230813943066188,0.08901136932325554
0.7091418283656732,-4.634981447688704,0.7547299143967412,0.005043846552541428,-0.0016289901715727606,0.08778038896326423
0.7101420284056812,-4.653400741897941,0.803311677163655,0.004978123109098046,-0.001634774264883859,0.08653353968653198
0.7111422284456892,-4.67041713014582,0.8516803811178164,0.004912903450409626,-0.0016404320818741937,0.08527119046670097
0.7121424284856971,-4.686023160588868,0.8998229569669283,0.004848207860589771,-0.0016459621617323165,0.08399371513909842
0.7131426285257051,-4.700211802572021,0.9477264154711483,0.00478405654057619,-0.0016513631766955075,0.08270149228638572
0.7141428285657131,-4.712976449968193,0.9953778508907057,0.004720469602023296,-0.0016566339333980073,0.08139490512260285
0.7151430286057211,-4.724310924392898,1.0427644444001019,0.004657467061172017,-0.0016617733740710375,0.08007434137564119
0.7161432286457291,-4.734209478292396,1.0898734674681199,0.004595068832699363,-0.001666780577592752,0.07874019316818363
0.7171434286857371,-4.742666797903884,1.1366922852027008,0.004533294723550232,-0.0016716547603864514,0.07739285689714807
0.7181436287257451,-4.749678006086306,1.1832083596598697,0.004472164426754025,-0.0016763952771655518,0.07603273311167244
0.7191438287657531,-4.755238665020367,1.2294092531159184,0.0044116975152287225,-0.0016810016215239758,0.07466022638967926
0.7201440288057611,-4.759344778776398,1.2752826313019778,0.004351913435575116,-0.0016854734263708072,0.07327574521305867
0.7211442288457691,-4.761992795748742,1.3208162666001617,0.004292831501863956,-0.0016898104642082306,0.07187970184150909
0.7221444288857771,-4.76317961095537,1.365998041200621,0.004234470889418834,-0.0016940126472519577,0.07047251218507533
0.7231446289257851,-4.762902568201488,1.410815950218557,0.004176850628597648,-0.0016980800273935209,0.0690545956754244
0.7241448289657931,-4.761159462105926,1.4552581047705713,0.004119989598575573,-0.001702012796004005,0.0676263751358996
0.7251450290058011,-4.757948539989142,1.4993127350095607,0.004063906521132485,-0.001705811283578969,0.06618827665039433
0.7261452290458091,-4.753268503621718,1.5429681931174266,0.004008619954447828,-0.0017094759592244989,0.06474072943108682
0.7271454290858171,-4.747118510832269,1.5862129562549223,0.003954148286905946,-0.0017130074299845249,0.06328416568507822
0.7281456291258251,-4.739498176973725,1.629035629467898,0.003900509730914955,-0.0017164064400097183,0.061819020479976214
0.7291458291658331,-4.730407576246989,1.671424948549278,0.0038477223167422132,-0.001719673869568482,0.06034573160846711
0.7301460292058412,-4.719847242881023,1.7133697828561536,0.0037958038863695276,-0.0017228107339007342,0.058864739451919654
0.7311462292458492,-4.707818172168444,1.754859138081269,0.003744772087371198,-0.0017258181819153778,0.05737648684306411
0.7321464292858572,-4.694321821355782,1.795882158978319,0.003694644366818055,-0.0017286974947325407,0.05588141892779064
0.7331466293258652,-4.679360110387585,1.8364281320404385,0.0036454379652106415,-0.0017314500840718595,0.05437998302611126
0.7341468293658732,-4.66293542250357,1.8764864881312795,0.0035971699104446904,-0.0017340774904882734,0.05287262849232999
0.7351470294058812,-4.6450506046881355,1.9160468050680635,0.003549857011812063,-0.001736581381456981,0.05135980657446624
0.7361472294458892,-4.62570896797152,1.9550988101561209,0.003503515854040303,-0.0017389635493094073,0.04984197027297661
0.7371474294858972,-4.604914287582014,1.9936323826742952,0.0034581627913739536,-0.0017412259090222057,0.04831957419882069
0.7381476295259052,-4.582670802948603,2.0316375563106943,0.0034138139417007824,-0.001743370495861517,0.04679307443091667
0.7391478295659132,-4.558983217553535,2.069104521548323,0.0033704851807260243,-0.0017453994628848822,0.04526292837303287
0.7401480296059212,-4.5338566986343025,2.1060236280000217,0.003328192136197759,-0.0017473150783033934,0.043729594610161494
0.7411482296459292,-4.507296876734627,2.1423853866923057,0.0032869501821864875,-0.001749119722706843,0.042193532764421136
0.7421484296859372,-4.47930984510404,2.178180472297584,0.0032467744334219663,-0.0017508158861548125,0.040655203350534845
0.7431486297259452,-4.449902158945714,2.213399725314355,0.00320767973969031,-0.0017524061651368102,0.03911506763093068
0.7441488297659532,-4.419080834512268,2.2480341541948885,0.003169680680294345,-0.0017538932594047478,0.03757358747051191
0.7451490298059612,-4.38685334804932,2.28207493742009,0.003132791558580151,-0.0017552799686812008,0.03603122519114418
0.7461492298459692,-4.353227634586554,2.3155134255209884,0.0030970263965326857,-0.0017565691892470752,0.034488443425907046
0.7471494298859772,-4.318212086576232,2.3483411430466554,0.003062398929443337,-0.001757763910412452,0.0329457049731576
0.7481496299259852,-4.281815552378956,2.38054979047805,0.0030289226006521984,-0.0017588672108745475,0.03140347265045375
0.7491498299659932,-4.244047334596797,2.412131246087518,0.0029966105563678036,-0.0017598822549668683,0.029862209148385045
0.7501500300060012,-4.204917188253644,2.4430775677435976,0.0029654756405669987,-0.0017608122888037997,0.028322376884358992
0.7511502300460092,-4.16443531882299,2.473380994660818,0.002935530389977571,-0.0017616606363249983,0.02678443785639077
0.7521504300860172,-4.122612380103127,2.503033949094221,0.00290678702914618,-0.0017624306952441033,0.02524885349694439
0.7531506301260252,-4.079459471940069,2.53202903797832,0.00287925746559408,-0.0017631259329064144,0.023716084526873436
0.7541508301660332,-4.034988137798311,2.5603590545102297,0.0028529532850630384,-0.001763749882060307,0.02218659080950938
0.7551510302060412,-3.989210362179754,2.588016979676728,0.0028278857468537907,-0.001764306136547281,0.020660831204945673
0.7561512302460492,-3.94213856789114,2.61499598372506,0.00280406577925929,-0.001764798346915656,0.019139263424565647
0.7571514302860572,-3.893785613160337,2.6412894275772345,0.0027815039750949374,-0.0017652302159630313,0.01762234388586232
0.7581516303260653,-3.844164788601925,2.6668908641876516,0.0027602105873278855,-0.0017656054942127403,0.016110527567598138
0.7591518303660733,-3.793289814032586,2.691794039843894,0.002740195524807442,-0.0017659279753296203,0.014604267865352613
0.7601520304060813,-3.7411748351368175,2.7159928954105,0.002721468348098501,-0.0017662014914805139,0.013104016447505773
0.7611522304460893,-3.6878344199835964,2.739481567515638,0.002704038265419851,-0.0017664299086450025,0.011610223111705217
0.7621524304860973,-3.633283555394578,2.762254389680492,0.002687914128689122,-0.0017666171218819506,0.010123335641864484
0.7631526305261053,-3.577537643164601,2.784305893391317,0.0026731044296760343,-0.0017667670505575098,0.008643799665740328
0.7641528305661133,-3.5206124961351914,2.8056308091140405,0.0026596172962655446,-0.0017668836335402993,0.007172058513136326
0.7651530306061213,-3.462524334121956,2.8262240672513723,0.002647460488832369,-0.0017669708243695343,0.005708553074780122
0.7661532306461293,-3.4032897796965815,2.846080799042358,0.00263664139672829,-0.0017670325864019246,0.004253721661921403
0.7671534306861373,-3.342925853824498,2.8651963374043095,0.002627167034883555,-0.0017670728879432107,0.002807999866697567
0.7681536307261452,-3.2814499713591037,2.883566217717176,0.0026190440405235906,-0.0017670956973702403,0.001371820423313948
0.7691538307661532,-3.2188799363935408,2.9011861785502657,0.0026122786700021514,-0.0017671049782495148,-5.438692991584031e-05
0.7701540308061612,-3.1552339374711855,2.9180521623313904,0.002606876795751953,-0.0017671046844581584,-0.001470195587620782
0.7711542308461692,-3.0905305426558285,2.9341603159584544,0.0026028439033537274,-0.0017670987553132774,-0.002875182213471721
0.7721544308861772,-3.024788694462895,2.949506991353515,0.002600185088724561,-0.0017670911107156816,-0.004268926875280859
0.7731546309261852,-2.9580277046527756,2.9640887459594074,0.0025989050554262928,-0.0017670856463139393,-0.0056510131790569774
0.7741548309661932,-2.8902672488876466,2.9779023431789997,0.0025990081120946433,-0.0017670862286947296,-0.007021028401971048
0.7751550310062012,-2.8215273612530414,2.9909447527571795,0.002600498169989684,-0.0017670966906054378,-0.00837856362418737
0.7761552310462092,-2.751828428645638,3.0032131511056828,0.002603378740668151,-0.00176712082621492,-0.009723213859515715
0.7771554310862172,-2.6811911850285854,3.0147049215708903,0.002607652933778039,-0.0017671623864183254,-0.011054578184840272
0.7781556311262252,-2.6096367055559466,3.025417654644761,0.002613323454975822,-0.001767225074191835,-0.012372259868281603
0.7791558311662332,-2.537186400567739,3.0353491481190176,0.002620392603966571,-0.001767312540003121,-0.013675866496048138
0.7801560312062412,-2.4638620094571566,3.044497407182803,0.002628862272667168,-0.0017674283772832822,-0.014965010097934163
0.7811562312462492,-2.38968559441163,3.0528606444639745,0.0026387339434927317,-0.0017675761179659522,-0.016239307271421644
0.7821564312862572,-2.3146795340294415,3.060437280014257,0.0026500086877663067,-0.001767759228099203,-0.017498379304343677
0.7831566313262652,-2.2388665168134954,3.067225941238453,0.0026626871642517935,-0.0017679811035357987,-0.018741852296067778
0.7841568313662732,-2.1622695345441536,3.073225462767977,0.002676769617810036,-0.0017682450657072666,-0.019969357277157648
0.7851570314062812,-2.08491187553294,3.0784348862789437,0.002692255878177915,-0.0017685543574871665,-0.02118053032747256
0.7861572314462892,-2.0068171177589442,3.082853460255077,0.00270914535887024,-0.001768912139148843,-0.022375012692663995
0.7871574314862972,-1.9280091218898554,3.086480639695729,0.0027274370562041703,-0.0017693214844228422,-0.023552450899029603
0.7881576315263052,-1.8485120241896567,3.0893160857693025,0.002747129548445846,-0.0017697853766590651,-0.02471249686668511
0.7891578315663133,-1.7683502293149358,3.091359665412372,0.0027682209950788596,-0.0017703067050986146,-0.02585480802101533
0.7901580316063213,-1.6875484030018522,3.092611450874841,0.0027907091361941442,-0.0017708882612601704,-0.026979047402365945
0.7911582316463293,-1.6061314646459894,3.093071719211468,0.0028145912920008245,-0.0017715327354455976,-0.028084883773938273
0.7921584316863373,-1.5241245797770722,3.0927409517201054,0.0028398643624575207,-0.0017722427133693615,-0.02917199172784983
0.7931586317263453,-1.4415531524308958,3.0916198333270213,0.0028665248270235704,-0.0017730206729161784,-0.03024005178932406
0.7941588317663533,-1.358442817420645,3.0897092519196776,0.002894568744529595,-0.0017738689810311884,-0.03128875051897319
0.7951590318063613,-1.2748194325098294,3.087010297627353,0.0029239917531668075,-0.001774789890746783,-0.032317780613138766
0.7961592318463693,-1.1907090704892909,3.0835242620500187,0.002954789070594438,-0.001775785538350064,-0.03332684100225512
0.7971594318863773,-1.1061380111604713,3.0792526374358746,0.002986955494164619,-0.0017768579406947488,-0.03431563694720151
0.7981596319263853,-1.0211327332276139,3.0741971158079826,0.0030204854012640674,-0.0017780089926611655,-0.03528388013360938
0.7991598319663933,-0.9357199061010191,3.068359588040434,0.0030553727497718776,-0.001779240464767816,-0.036231288764092005
0.8001600320064013,-0.8499263816140494,3.0617421428844946,0.0030916110786327233,-0.001780554000937803,-0.03715758764836417
0.8011602320464093,-0.7637791856564586,3.054347065945202,0.0031291935085447724,-0.0017819511164232369,-0.03806250829122029
0.8021604320864173,-0.6773055097263929,3.0461768386089023,0.0031681127427615947,-0.001783433195890557,-0.03894578897834042
0.8031606321264253,-0.590532702403844,3.037234136922178,0.003208361068007356,-0.0017850014916695046,-0.0398071748598936
0.8041608321664333,-0.503488260748131,3.0275218304227063,0.0032499303555045883,-0.0017866571221683,-0.040646418031909534
0.8051610322064413,-0.41619982162208374,3.0170429809225356,0.003292812062113825,-0.0017884010704573765,-0.04146327761538955
0.8061612322464493,-0.32869515294568363,3.005800841244303,0.0033369972315844087,-0.0017902341830238191,-0.042257519833129135
0.8071614322864573,-0.24100214488175,2.993798853910928,0.003382476495915778,-0.0017921571686984647,-0.04302891808422466
0.8081616323264653,-0.15314880095669148,2.9810406497893323,0.0034292400768285635,-0.001794170597757399,-0.043777253016237944
0.8091618323664733,-0.06516322911894756,2.967530046688721,0.0034772777873448286,-0.0017962749011993936,-0.04450231259499291
0.8101620324064813,0.022926367262048258,2.953271047914006,0.0035265790334768196,-0.0017984703702006006,-0.045203892171979475
0.8111622324464893,0.11109169845332055,2.938267840774932,0.003577132816023605,-0.0018007571557476214,-0.04588179454934044
0.8121624324864973,0.19930439746959863,2.9225247950514857,0.0036289277324750026,-0.0018031352684498437,-0.0465358300424182
0.8131626325265053,0.28753602923514,2.9060464614162007,0.003681951979022233,-0.0018056045785317277,-0.047165816539838666
0.8141628325665133,0.37575809979341723,2.8888375698139392,0.0037361933526747428,-0.0018081648160055035,-0.04777157956111065
0.8151630326065213,0.4639420655615273,2.8709030277997445,0.0037916392534826935,-0.001810815571024525,-0.048352952311719946
0.8161632326465293,0.5520593426263904,2.85224791883544,0.0038482766868646245,-0.001813556294417301,-0.048909775735697936
0.8171634326865373,0.6400813160796521,2.8328775005455378,0.003906092266039838,-0.0018163862984020092,-0.04944189856564561
0.8181636327265454,0.7279793493882699,2.8127972029331416,0.003965072214565087,-0.0018193047574810734,-0.04994917737019455
0.8191638327665534,0.8157247937976685,2.7920126265564336,0.004025202368975177,-0.0018223107095151677,-0.05043147659888741
0.8201640328065614,0.9032889977644193,2.770529540666475,0.00408646818152713,-0.0018254030569757843,-0.05088866862446122
0.8211642328465694,0.9906433164152215,2.7483538813069,0.0041488547230475945,-0.0018285805683752878,-0.05132063378251779
0.8221644328865774,1.0777591210291186,2.7254917493762156,0.004212346685883217,-0.0018318418798731544,-0.05172726040856625
0.8231646329265854,1.1646078085397642,2.701949408653362,0.004276928386953732,-0.0018351854970568766,-0.05210844487242365
0.8241648329665934,1.2511608110545223,2.6777332837872407,0.004342583770907555,-0.0018386097968957954,-0.0524640916099607
0.8251650330066013,1.33738960538723,2.652849958250859,0.004409296413379701,-0.0018421130298659077,-0.05279411315218008
0.8261652330466093,1.4232657226014491,2.6273061722608086,0.004477049524351924,-0.0018456933222434806,-0.05309843015161645
0.8271654330866173,1.508760757560869,2.601108820662773,0.004545825951614868,-0.001849348678565084,-0.05337697140604705
0.8281656331266253,1.5938463784837313,2.5742649507837747,0.004615608184332298,-0.0018530769842514576,-0.05362967387950409
0.8291658331666333,1.6784943364978862,2.546781760251871,0.004686378356707255,-0.001856876008392405,-0.0538564827205798
0.8301660332066413,1.7626764751934154,2.518666594784002,0.004758118251750177,-0.0018607434066897056,-0.0540573512780167
0.8311662332466493,1.8463647401693124,2.4899269459427398,0.004830809305148987,-0.0018646767245548378,-0.0542322411135762
0.8321664332866573,1.9295311885710633,2.460570448862638,0.004904432609241198,-0.0018686734003580982,-0.054381122012179706
0.8331666333266653,2.012147998615868,2.4306048799469373,0.004978968917088097,-0.001872730768825509,-0.054503971989317404
0.8341668333666733,2.0941874791020556,2.40003815453536,0.005054398646651117,-0.0018768460645797146,-0.05460077729572056
0.8351670334066813,2.1756220788995035,2.368878324543714,0.005130701885070494,-0.001881016425820871,-0.054671532419294476
0.8361672334466893,2.2564243964177875,2.337133576076087,0.005207858393046352,-0.0018852388981433585,-0.054716240084309815
0.8371674334866973,2.3365671890484916,2.304812227010319,0.005285847609322362,-0.0018895104384839523,-0.054734911247851244
0.8381676335267053,2.4160233825787616,2.271922724557618,0.005364648655272138,-0.001893827919196921,-0.05472756509352311
0.8391678335667133,2.4947660805723855,2.238473642796929,0.0054442403395885365,-0.0018981881322513454,-0.05469422902241284
0.8401680336067213,2.572768573715338,2.204473680184941,0.005524601163076045,-0.0019025877935457808,-0.054634938641313725
0.8411682336467293,2.650004349122365,2.16993165704244,0.005605709323546443,-0.001907023547335232,-0.0545497377482097
0.8421684336867373,2.726447099601354,2.1348565130177404,0.005687542720817902,-0.0019114919707652423,-0.05443867831502567
0.8431686337267453,2.8020707328720924,2.099257304528048,0.005770078961817732,-0.0019159895785077566,-0.05430182046764774
0.8441688337667533,2.87684938073618,2.0631432021794556,0.005853295365788918,-0.0019205128274932684,-0.05413923246321898
0.8451690338067613,2.950757408194777,2.0265234881663474,0.005937168969600629,-0.0019250581217336207,-0.053950990664716904
0.8461692338467693,3.0237694225108704,1.989407553651039,0.006021676533162843,-0.0019296218172297004,-0.05373717951282009
0.8471694338867773,3.0958602822127896,1.9518048961243584,0.006106794544945201,-0.0019342002269581364,-0.053497891495072086
0.8481696339267853,3.1670051060357296,1.9137251167480045,0.00619249922760023,-0.0019387896259309924,-0.05323322711235196
0.8491698339667934,3.237179281797959,1.8751779176793935,0.006278766543690981,-0.0019433862563223315,-0.05294329484266141
0.8501700340068014,3.3063584752085005,1.8361730993798704,0.006365572201523157,-0.0019479863326554213,-0.05262821110223964
0.8511702340468094,3.374518638603,1.796720557906965,0.006452891661081739,-0.0019525860470442533,-0.052288100204018
0.8521704340868174,3.4416360196046414,1.7568302821915085,0.006540700140072084,-0.0019571815744829505,-0.0519230943134272
0.8531706341268254,3.5076871697068213,1.716512351300434,0.006628972620065437,-0.0019617690781765576,-0.05153333340157104
0.8541708341668334,3.5726489527744194,1.6757769316859548,0.006717683852748742,-0.0019663447149066322,-0.05111896519578146
0.8551710342068414,3.6364985534605165,1.6346342744220126,0.00680680836627859,-0.0019709046404249747,-0.050680145127570485
0.8561712342468494,3.6992134855353695,1.5930947124286263,0.00689632047173909,-0.0019754450148687865,-0.050217036277995744
0.8571714342868574,3.7607716001245004,1.5511686576850598,0.006986194269703379,-0.001979962008190484,-0.0497298093204571
0.8581716343268654,3.8211510938528646,1.5088665984325293,0.007076403656898441,-0.0019844518055953464,-0.049218642460942735
0.8591718343668734,3.8803305168919224,1.4661990963672116,0.007166922332972825,-0.0019889106129801484,-0.04868372137574412
0.8601720344068814,3.938288780906603,1.4231767838243288,0.007257723807366782,-0.0019933346623658877,-0.048125239146659934
0.8611722344468894,3.995005166899095,1.3798103609541408,0.00734878140628428,-0.0019977202173177026,-0.047543396193710175
0.8621724344868974,4.050459332946473,1.3361105928905306,0.007440068279766257,-0.0020020635783450603,-0.04693840020538238
0.8631726345269054,4.104631321829173,1.292088306913034,0.0075315574088644106,-0.002006361088275289,-0.04631046606643281
0.8641728345669134,4.157501568547342,1.2477543896030219,0.007623221612914724,-0.0020106091375935394,-0.04565981578326632
0.8651730346069214,4.20905090772216,1.2031197839948302,0.007715033556909847,-0.002014804169742263,-0.04498667840691957
0.8661732346469294,4.259260580879245,1.1581954867225832,0.007806965758969361,-0.0020189426863733246,-0.04429128995367294
0.8671734346869374,4.308112243611245,1.1129925451635143,0.007898990597906854,-0.002023021252545893,-0.04357389332331743
0.8681736347269454,4.3555879726168145,1.0675220545784745,0.007991080320892645,-0.0020270365018632925,-0.04283473821510379
0.8691738347669534,4.401670272613223,1.021795155250415,0.008083207051210888,-0.0020309851415420506,-0.04207408104140168
0.8701740348069614,4.446342083119763,0.9758230296216295,0.008175342796109701,-0.0020348639574064233,-0.04129218483909771
0.8711742348469694,4.489586785109258,0.9296168994304547,0.008267459454742835,-0.0020386698188017594,-0.040489319178761994
0.8721744348869774,4.531388207525048,0.8831880228481638,0.00835952882620132,-0.002042399683420123,-0.039665760071613494
0.8731746349269854,4.571730633660741,0.8365476916168573,0.008451522617633399,-0.0020460506020316916,-0.038821789874315435
0.8741748349669934,4.610598807400172,0.789707228189032,0.00854341245245095,-0.0020496197231155287,-0.037957697191632694
0.8751750350070014,4.647977939314971,0.7426779828695703,0.008635169878620515,-0.0020531042973834317,-0.037073776776983924
0.8761752350470094,4.683853712617266,0.6954713309608815,0.00872676637703689,-0.0020565016821906695,-0.036170329430921896
0.8771754350870175,4.71821228896501,0.6480986699119428,0.00881817336997719,-0.0020598093458275347,-0.03524766189757633
0.8781756351270255,4.751040314117537,0.6005714164719037,0.008909362229633103,-0.002063024871685765,-0.03430608675909418
0.8791758351670335,4.782324923438914,0.5529010038490109,0.009000304286719022,-0.002066145962294024,-0.03334592232811308
0.8801760352070415,4.812053747246813,0.5050988788755402,0.009090970839153565,-0.002069170443216769,-0.03236749253830439
0.8811762352470495,4.840214916004564,0.45717649917947395,0.009181333160811912,-0.002072096266810982,-0.03137112683302304
0.8821764352870574,4.866797065354165,0.40914533036353784,0.009271362510346265,-0.0020749215158354143,-0.030357160052101977
0.8831766353270654,4.89178934098807,0.3610168431924205,0.009361030140071676,-0.002077644406907134,-0.029325932316829197
0.8841768353670734,4.915181403357595,0.31280251078868554,0.00945030730491419,-0.0020802632938003644,-0.028277788913148104
0.8851770354070814,4.9369634322158555,0.264513805838267,0.009539165271418473,-0.0020827766705827687,-0.027213080173118853
0.8861772354470894,4.957126130993222,0.21616219780601564,0.009627575326811666,-0.0020851831745845265,-0.026132161354682798
0.8871774354870974,4.975660731003273,0.1677591501621257,0.009715508788120249,-0.002087481589195747,-0.025035392519770473
0.8881776355271054,4.992558995477341,0.11931611761998698,0.009802937011336613,-0.0020896708464879597,-0.02392313841079494
0.8891778355671134,5.007813223425786,0.07084454338620554,0.009889831400631864,-0.0020917500296556398,-0.022795768325572792
0.8901780356071214,5.021416253324134,0.02235585642337521,0.00997616341761133,-0.0020937183752739287,-0.02165365599071571
0.8911782356471294,5.033361466622386,-0.026138531273708843,0.010061904590609148,-0.002095575275368948,-0.02049717943353607
0.8921784356871374,5.043642791075732,-0.07462722738779871,0.010147026524018173,-0.002097320279297313,-0.01932672085251056
0.8931786357271454,5.052254703895062,-0.12309886197424888,0.010231500907651422,-0.0020989530954317014,-0.01814266648634644
0.8941788357671534,5.05919223471568,-0.17154209014078,0.010315299526131128,-0.0021004735926495595,-0.016945406481695464
0.8951790358071614,5.064450968382688,-0.21994559471131542,0.010398394268301421,-0.002101881801622274,-0.015735334759561105
0.8961792358471694,5.068027047551583,-0.26829808887329615,0.010480757136660574,-0.002103177915902389,-0.01451284888044517
0.8971794358871774,5.069917175102671,-0.3165883188078875,0.010562360256808668,-0.002104362292806692,-0.013278349908280354
0.8981796359271854,5.070118616367932,-0.3648050663024799,0.010643175886906478,-0.002105435454093256,-0.012032242273195791
0.8991798359671934,5.068629201169088,-0.4129371513448526,0.010723176427141292,-0.0021063980864307816,-0.01077493363316306
0.9001800360072014,5.065447325665647,-0.46097343469853563,0.01080233442919533,-0.0021072510416588414,-0.00950683473457059
0.9011802360472094,5.0605719540117695,-0.5089028204586694,0.010880622605712393,-0.002107995336837905,-0.008228359271774748
0.9021804360872174,5.054002619820873,-0.5567142585879323,0.010958013839758259,-0.0021086321540882795,-0.006939923745676362
0.9031806361272254,5.045739427436971,-0.604396747431883,0.01103448119427039,-0.0021091628402173856,-0.005641947321371775
0.9041808361672334,5.0357830530117695,-0.6519393362132052,0.011109997921492386,-0.0021095889061350463,-0.004334851684927878
0.9051810362072414,5.024134745386656,-0.6993311275043871,0.011184537472388643,-0.0021099120260567542,-0.003019060899330966
0.9061812362472494,5.010796326778742,-0.746561279678192,0.011258073506034626,-0.0021101340364951485,-0.0016950012596595224
0.9071814362872574,4.995770193270235,-0.793619009335504,0.011330579898978137,-0.002110256935040218,-0.00036310114753140875
0.9081816363272655,4.979059315100421,-0.8404935937099756,0.01140203075456696,-0.0021102828789290144,0.0009762091151238128
0.9091818363672735,4.960667236759673,-0.8871743730490437,0.011472400412238237,-0.002110214183405946,0.002322497412916391
0.9101820364072815,4.940598076884933,-0.9336507529707386,0.011541663456764932,-0.0021100533198749895,0.003675329984420466
0.9111822364472895,4.918856527956177,-0.9799122067958351,0.011609794727454732,-0.0021098029138454464,0.005034271570119192
0.9121824364872975,4.895447855793475,-1.025948277855006,0.011676769327296752,-0.002109465742673127,0.006398885560819161
0.9131826365273055,4.870377898854309,-1.071748581770211,0.01174256263205142,-0.0021090447330991357,0.007768734146482204
0.9141828365673135,4.843653067330864,-1.1173028087101915,0.011807150299278923,-0.002108542958588692,0.009143378465422415
0.9151830366073215,4.8152803420471315,-1.1626007256194286,0.011870508277301647,-0.0021079636364726958,0.010522378753816123
0.9161832366473295,4.78526727315567,-1.2076321784202164,0.01193261281409604,-0.002107310124895004,0.011905294495472368
0.9171834366873375,4.7536219786339995,-1.25238709418734,0.011993440466109381,-0.0021065859195686628,0.013291684571811313
0.9181836367273455,4.720353142580627,-1.2968554832950094,0.012052968106997007,-0.0021057946503445827,0.014681107411997895
0.9191838367673535,4.685470013310819,-1.3410274415356889,0.01211117293627552,-0.0021049400775964107,0.016073121143177955
0.9201840368073615,4.648982401252265,-1.3848931522102215,0.012168032487887644,-0.002104026088425601,0.017467283740764013
0.9211842368473695,4.6109006766408696,-1.428442888189162,0.012223524638674385,-0.002103056692690933,0.01886315317871776
0.9221844368873775,4.571235767017023,-1.471667013944619,0.012277627616750253,-0.0021020360188669656,0.02026028757977635
0.9231846369273855,4.529999154522672,-1.5145559875525099,0.012330320009777357,-0.0021009683097361564,0.02165824536556954
0.9241848369673935,4.487202872999691,-1.5571003626646591,0.01238158077313426,-0.002099857917919603,0.023056585406574723
0.9251850370074015,4.442859504890057,-1.5992907904505205,0.012431389237975566,-0.0020987093012515843,0.02445486717185695
0.9261852370474095,4.396982177938457,-1.6411180215081753,0.012479725119178286,-0.0020975270180033073,0.02585265087854101
0.9271854370874175,4.349584561697983,-1.6825729077441478,0.012526568523171121,-0.002096315721961464,0.027249497640962784
0.9281856371274255,4.300680863839616,-1.7236464042218915,0.012571899955642899,-0.002095080157367421,0.02864496961944714
0.9291858371674335,4.250285826266442,-1.7643295709785287,0.012615700329126487,-0.0020938251537230457,0.030038630168659645
0.9301860372074415,4.198414721033352,-1.8046135748095524,0.012657950970454612,-0.0020925556204693767,0.031430043985479675
0.9311862372474495,4.145083346073286,-1.8444896910212027,0.012698633628084119,-0.002091276541544519,0.03281877725634241
0.9321864372874575,4.090308020730996,-1.8839493051502958,0.012737730479285307,-0.0020899929698273167,0.03420439780399761
0.9331866373274655,4.0341055811055,-1.9229839146511183,0.012775224137193095,-0.0020887100214735306,0.03558647523363295
0.9341868373674735,3.976493375202343,-1.961585130549245,0.012811097657716881,-0.0020874328701513843,0.03696458107831022
0.9351870374074815,3.9174892578969858,-1.9997446790619176,0.012845334546306068,-0.002086166741183516,0.03833828894366258
0.9361872374474896,3.8571115857105402,-2.0374544031848534,0.01287791876456837,-0.002084916905602484,0.039707174651801506
0.9371874374874976,3.795379211399414,-2.074706264245125,0.012908834736738107,-0.0020836886741271202,0.041070816384382335
0.9381876375275056,3.732311478360133,-2.1114923434200503,0.012938067355991826,-0.002082487391067137,0.042428794824777315
0.9391878375675135,3.6679282148510444,-2.147804843221683,0.012965601990608727,-0.0020813184281635046,0.04378069329930558
0.9401880376075215,3.6022497280324126,-2.1836360889468946,0.0129914244899735,-0.00208018717837221,0.04512609791747053
0.9411882376475295,3.535296797826642,-2.2189785300926803,0.013015521190419231,-0.0020790990495991044,0.04646459771115237
0.9421884376875375,3.467090670600311,-2.2538247417366817,0.0130378789209083,-0.002078059458393618,0.047795784772709286
0.9431886377275455,3.397653052669894,-2.2881674258825946,0.013058485008549208,-0.0020770738236091926,0.04911925439193557
0.9441888377675535,3.3270061036330434,-2.3219994127703907,0.013077327283947419,-0.0020761475600383425,0.050434605191828775
0.9451890378075615,3.255172429527318,-2.355313662151155,0.013094394086388482,-0.002075286072030293,0.0517414392631173
0.9461892378475695,3.1821750758185177,-2.388103264526477,0.013109674268851764,-0.0020744947470991916,0.05303936229750015
0.9471894378875775,3.1080375202205297,-2.420361442352095,0.013123157202853291,-0.0020737789495309084,0.05432798371955143
0.9481896379275855,3.032783665349057,-2.45208155120588,0.01313483278311631,-0.002073144013996458,0.05560691681724219
0.9491898379675935,2.9564378312112236,-2.4832570809198677,0.01314469143206829,-0.0020725952391800768,0.056875778871033005
0.9501900380076015,2.879024747533467,-2.5138816566763365,0.013152724104163236,-0.0020721378814299914,0.058134191281491
0.9511902380476095,2.8005695459301285,-2.5439490400677847,0.0131589222900283,-0.002071777148439888,0.05938177969538557
0.9521904380876175,2.7210977519149817,-2.573453130120787,0.013163278020433763,-0.002071518192969067,0.06061817413021764
0.9531906381276255,2.6406352767583186,-2.602387964283533,0.013165783870085634,-0.002071366106609237,0.06184300909713766
0.9541908381676335,2.559208409192078,-2.6307477193771245,0.013166432961240187,-0.002071325913605837,0.06305592372220842
0.9551910382076415,2.476843806965624,-2.658526712510464,0.013165218967139866,-0.002071402564741735,0.06425656186596883
0.9561912382476495,2.3935684882548145,-2.685719401958764,0.01316213611527014,-0.0020716009312910662,0.06544457224125605
0.9571914382876575,2.309409822927127,-2.7123203880055895,0.013157179190436944,-0.002071925799050901,0.06661960852924333
0.9581916383276655,2.2243955236655855,-2.738324413748381,0.01315034353766448,-0.0020723818624583416,0.06778132949365194
0.9591918383676735,2.138553636954392,-2.763726365867576,0.013141625064913249,-0.0020729737188005448,0.06892939909309614
0.9601920384076815,2.051912533928991,-2.788521275359099,0.013131020245618245,-0.0020737058625250574,0.07006348659152065
0.9611922384476895,1.9645009010937577,-2.8127043182304448,0.013118526121047403,-0.00207458267965773,0.07118326666669075
0.9621924384876975,1.8763477309101657,-2.836270816160196,0.013104140302480409,-0.0020756084423353485,0.07228841951669629
0.9631926385277055,1.7874823122584813,-2.859216237121082,0.013087860973208113,-0.0020767873034599777,0.07337863096443069
0.9641928385677135,1.6979342207762418,-2.881536195966567,0.013069686890352837,-0.002078123291481866,0.07445359256000766
0.9651930386077215,1.6077333090765107,-2.9032264549810223,0.01304961738650998,-0.002079620305317601,0.07551300168107852
0.9661932386477295,1.5169096968493128,-2.9242829243935073,0.013027652371211349,-0.002081282109410046,0.07655656163101379
0.9671934386877376,1.4254937608493181,-2.944701662855243,0.013003792332210754,-0.002083112328936394,0.07758398173491386
0.9681936387277456,1.3335161247733316,-2.9644788778807905,0.012978038336592435,-0.002085114445170517,0.0785949774334138
0.9691938387677536,1.241007649030744,-2.9836109262530712,0.01295039203170298,-0.0020872917910055772,0.0795892703742485
0.9701940388077616,1.147999420410499,-3.0020943143922243,0.012920855645907411,-0.002089647546642674,0.08056658850154505
0.9711942388477696,1.0545227416479817,-3.0199256986884797,0.012889431989170187,-0.0020921847354510963,0.08152666614280998
0.9721944388877776,0.9606091208953664,-3.0371018857990713,0.01285612445346192,-0.0020949062200055334,0.08246924409358
0.9731946389277856,0.8662902610989495,-3.0536198329093156,0.012820937012992636,-0.002097814698305369,0.08339406969970538
0.9741948389677936,0.7715980492870832,-3.069476647958,0.012783874224272409,-0.0021009127001809695,0.08430089693723643
0.9751950390078016,0.6765645457723127,-3.084669589827149,0.01274494122600032,-0.002104202583891629,0.08518948648988392
0.9761952390478096,0.581221973271497,-3.0991960684963287,0.012704143738782616,-0.0021076865329196022,0.08605960582402546
0.9771954390878176,0.4856027059474713,-3.1130536451616293,0.01266148806468103,-0.002111366552964404,0.08691102926123062
0.9781956391278256,0.3897392583761342,-3.1262400323194472,0.01261698108659223,-0.002115244469141306,0.08774353804827857
0.9791958391678336,0.2936642744426581,-3.138753093815235,0.012570630267459354,-0.0021193219233877057,0.08855692042464262
0.9801960392078416,0.19741051617077668,-3.150590844857395,0.012522443649316643,-0.002123600372080769,0.08935097168741742
0.9811962392478496,0.1010108524888616,-3.1617514519964356,0.01247242985216813,-0.002128081083869506,0.09012549425366508
0.9821964392878576,0.00449824793676161,-3.1722332330696235,0.012420598072701404,-0.0021327651377241372,0.0908802977201577
0.9831966393278656,-0.09209424868273737,-3.182034657111277,0.012366958082837436,-0.0021376534212053638,0.09161519892049448
0.9841968393678736,-0.18873351570371283,-3.1911543442288908,0.01231152022811743,-0.0021427466289558558,0.09233002197957277
0.9851970394078816,-0.2853863700444558,-3.1995910654453357,0.012254295425927717,-0.0021480452614160025,0.09302459836539317
0.9861972394478896,-0.3820195786980943,-3.207343742507248,0.012195295163563612,-0.0021535496237656856,0.09369876693818005
0.9871974394878976,-0.47859987026267126,-3.214411447659922,0.012134531496133229,-0.0021592598250935453,0.09435237399679934
0.9881976395279056,-0.5750939465064353,-3.2207934033888677,0.012072017044302148,-0.002165175777794925,0.09498527332245703
0.9891978395679136,-0.6714684939644596,-3.2264889821282448,0.012007764991879883,-0.0021712971971993913,0.09559732621966234
0.9901980396079216,-0.7676901955622962,-3.231497705936462,0.01194178908324901,-0.002177623601428439,0.09618840155444065
0.9911982396479296,-0.8637257422627004,-3.2358192461391253,0.011874103620637852,-0.0021841543114836845,0.09675837578978243
0.9921984396879376,-0.9595418447311804,-3.2394534229396186,0.01180472346123755,-0.0021908884515655855,0.0973071330183152
0.9931986397279456,-1.0551052450163003,-3.2424002049975433,0.011733664014164312,-0.002197824949622404,0.09783456499218676
0.9941988397679536,-1.1503827282405086,-3.2446597089752984,0.011660941237267675,-0.0022049625381288596,0.09834057115014871
0.9951990398079616,-1.245341134297352,-3.2462321990530425,0.011586571633785478,-0.002212299755093619,0.09882505864183061
0.9961992398479695,-1.3399473695508022,-3.2471180864123226,0.011510572248846315,-0.0022198349452944776,0.0992879423491958
0.9971994398879775,-1.4341684185326378,-3.2473179286886555,0.011432960665820098,-0.002227566261739807,0.09972914490517157
0.9981996399279855,-1.5279713556334775,-3.2468324293933124,0.011353755002517504,-0.0022354916673545406,0.10014859670944606
0.9991998399679936,-1.621323356783448,-3.245662437304636,0.011272973907238783,-0.002243608936888703,0.10054623594142739
1.0002000400080016,-1.7141917111180016,-3.2438089458291532,0.01119063655467263,-0.0022519156590461954,0.10092200857035943
1.0012002400480096,-1.8065438326250003,-3.241273092332795,0.011106762641645642,-0.002260409238831262,0.10127586836259121
1.0022004400880176,-1.898347271768472,-3.238056157442533,0.0110213723827229,-0.0022690869001098075,0.10160777688599702
1.0032006401280256,-1.9895697270850394,-3.2341595643187397,0.010934486505660168,-0.002277945688382434,0.10191770351154607
1.0042008401680336,-2.08017905674866,-3.2295848778985774,0.010846126246708195,-0.0022869824737658234,0.10220562541202104
1.0052010402080416,-2.170143290099602,-3.2243338041107634,0.010756313345769536,-0.0022961939541788043,0.10247152755788624
1.0062012402480496,-2.259430639133217,-3.2184081890620058,0.010665070041408351,-0.002305576658729192,0.10271540271030706
1.0072014402880576,-2.348009509944442,-3.2118100181954614,0.010572419065713526,-0.0023151269512972335,0.10293725141132332
1.0082016403280656,-2.435848514123746,-3.2045414154215597,0.010478383639015527,-0.002324841034311232,0.10313708197118042
1.0092018403680736,-2.522916480100295,-3.1966046422214953,0.010382987464457307,-0.0023347149527106867,0.10331491045282318
1.0102020404080816,-2.6091824644282666,-3.1880020967237783,0.010286254722419624,-0.0023447445980920387,0.10347076065355802
1.0112022404480896,-2.6946157630119494,-3.1787363127541712,0.010188210064801057,-0.00235492571303188,0.10360466408389067
1.0122024404880976,-2.7791859222655146,-3.1688099588593523,0.010088878609153053,-0.0023652538955822562,0.1037166599435472
1.0132026405281056,-2.8628627502033854,-3.1582258373046956,0.009988285932670295,-0.0023757246039324744,0.10380679509468757
1.0142028405681136,-2.945616327456997,-3.146986883046507,0.009886458066036654,-0.0023863331612316067,0.10387512403232166
1.0152030406081216,-3.0274170182137183,-3.135096162679085,0.009783421487127056,-0.002397074760565679,0.10392170885193894
1.0162032406481296,-3.1082354810740487,-3.1225568733569733,0.009679203114565523,-0.0024079444700833325,0.10394661921436396
1.0172034406881376,-3.188042679822868,-3.1093723416928065,0.009573830301139686,-0.0024189372382635538,0.10394993230785082
1.0182036407281456,-3.2668098941105757,-3.095546022631082,0.00946733082707209,-0.002430047899318885,0.10393173280743086
1.0192038407681536,-3.34450873004042,-3.0810814982982637,0.009359732893148582,-0.002441271178727348,0.10389211283152885
1.0202040408081616,-3.421111130657578,-3.0659824768295993,0.009251065113704132,-0.0024526016988861603,0.10383117189586394
1.0212042408481696,-3.496589386336363,-3.050252791173066,0.00914135650946644,-0.0024640339848801375,0.10374901686465259
1.0222044408881776,-3.570916145061387,-3.033896397870742,0.009030636500257688,-0.0024755624703575595,0.10364576189913191
1.0232046409281856,-3.6440644225987975,-3.016917375818133,0.00891893489755488,-0.0024871815035061094,0.10352152840342269
1.0242048409681936,-3.7160076125538355,-2.999319925001734,0.008806281896909173,-0.0024988853531213787,0.10337644496775227
1.0252050410082016,-3.7867194963106092,-2.981108365215282,0.008692708070224717,-0.0025106682147603074,0.10321064730905881
1.0262052410482096,-3.856174252850481,-2.9622871347551003,0.00857824435789749,-0.0025225242169718107,0.10302427820899906
1.0272054410882177,-3.9243464684451435,-2.942860789094908,0.008462922060814733,-0.0025344474275967505,0.1028174874493829
1.0282056411282257,-3.99121114622072,-2.9228339995405297,0.008346772832215582,-0.0025464318601293107,0.102590431745059
1.0292058411682337,-4.056743715589117,-2.9022115518649243,0.008229828669413585,-0.002558471480131756,0.10234327467427663
1.0302060412082417,-4.120920041543014,-2.8809983449238854,0.008112121905381842,-0.0025705602116944865,0.10207618660655
1.0312062412482497,-4.183716433810811,-2.859199389252912,0.007993685200201568,-0.002582691943933231,0.10178934462805192
1.0322064412882577,-4.245109655868061,-2.83681980564559,0.007874551532374948,-0.002594860537515178,0.10148293246456501
1.0332066413282657,-4.305076933801574,-2.8138648237139465,0.007754754190003244,-0.002607059831205805,0.10115714040201941
1.0342068413682737,-4.363595965023225,-2.7903397804311574,0.007634326761831142,-0.0026192836484281302,0.10081216520464674
1.0352070414082817,-4.4206449268293575,-2.7662501186570756,0.007513303128158479,-0.002631525803826099,0.10044821003078115
1.0362072414482897,-4.476202484802981,-2.7416013856469923,0.007391717451620514,-0.0026437801098238073,0.1000654843463391
1.0372074414882977,-4.530247801055097,-2.716399231543975,0.007269604167838023,-0.0026560403831722727,0.09966420383601049
1.0382076415283057,-4.582760542301902,-2.6906494078553638,0.007146997975938586,-0.0026683004514754674,0.0992445903121943
1.0392078415683137,-4.633720887774786,-2.664357765913658,0.007023933828950536,-0.002680554159687368,0.09880687162171348
1.0402080416083217,-4.6831095369597575,-2.6375302553224196,0.006900446924071119,-0.0026927953765717985,0.09835128155034356
1.0412082416483297,-4.730907717163318,-2.61017292238747,0.006776572692810534,-0.0027050180011169043,0.09787805972519166
1.0422084416883377,-4.777097190901588,-2.5822919085338354,0.006652346791013621,-0.0027172159688961424,0.097387451514962
1.0432086417283457,-4.821660263109878,-2.5538934487089695,0.006527805088761078,-0.0027293832583677475,0.09687970792814597
1.0442088417683537,-4.86457978816955,-2.5249838697725617,0.006402983660152172,-0.002741513897104718,0.09635508550917489
1.0452090418083617,-4.905839176749383,-2.4955695888734186,0.006277918772971063,-0.002753601967947445,0.09581384623257469
1.0462092418483697,-4.945422402458662,-2.4656571118138144,0.006152646878238936,-0.0027656416150712245,0.09525625739516243
1.0472094418883777,-4.983314008309163,-2.4352530314018326,0.006027204599654265,-0.0027776270499609928,0.09468259150632531
1.0482096419283857,-5.019499112983368,-2.404364025792016,0.005901628722923663,-0.002789552557285753,0.09409312617642362
1.0492098419683937,-5.053963416906333,-2.372996856814811,0.005775956184985861,-0.0028014125006652984,0.09348814400335972
1.0502100420084017,-5.0866932081185245,-2.3411583682952157,0.005650224063131513,-0.0028132013283219725,0.09286793245735589
1.0512102420484097,-5.117675367947322,-2.3088554843611373,0.005524469564021602,-0.0028249135786103654,0.09223278376398461
1.0522104420884177,-5.146897376474612,-2.2760952077417573,0.0053987300126073934,-0.002836543885418011,0.0915829947854955
1.0532106421284257,-5.174347317798182,-2.2428846180564452,0.00527304284095495,-0.002848086983430315,0.09091886690048369
1.0542108421684337,-5.20001388508468,-2.2092308700946264,0.0051474455769773796,-0.0028595377132531376,0.09024070588194516
1.0552110422084418,-5.223886385411834,-2.175141192087004,0.005021975833078088,-0.0028708910263866346,0.08954882177376527
1.0562112422484498,-5.245954744397939,-2.1406228839685655,0.004896671294708442,-0.0028821419900441716,0.08884352876568717
1.0572114422884578,-5.2662095106164495,-2.105683315633842,0.004771569708843349,-0.00289328579181033,0.08812514506680727
1.0582116423284658,-5.284641859793697,-2.070329925184801,0.004646708872378392,-0.0029043177441322454,0.08739399277764598
1.0592118423684738,-5.301243598787949,-2.034570217171849,0.004522126620452258,-0.0029152332886387402,0.08665039776084192
1.0602120424084818,-5.316007169347827,-1.9984117608283092,0.004397860814698333,-0.002926028000281955,0.08589468951051875
1.0612122424484898,-5.328925651648465,-1.9618621882988252,0.004273949331429428,-0.002936697591296416,0.08512720102037402
1.0622124424884978,-5.339992767603657,-1.9249291928621837,0.0041504300497597155,-0.0029472379149707364,0.08434826865054028
1.0632126425285058,-5.349202883952459,-1.887620527148815,0.004027340839668068,-0.0029576449692273908,0.08355823199326862
1.0642128425685138,-5.356551015118715,-1.8499440013535202,0.003904719550007087,-0.0029679149000062842,0.08275743373748601
1.0652130426085218,-5.362032825842079,-1.8119074814438763,0.003782603996462219,-0.00297804400444809,0.0819462195322775
1.0662132426485298,-5.365644633579199,-1.7735188873645924,0.0036610319494654402,-0.002988028733873614,0.08112493784934541
1.0672134426885378,-5.367383410673807,-1.7347861912383218,0.0035400411220680938,-0.002997865696555725,0.08029393984449752
1.0682136427285458,-5.367246786294522,-1.695717415563361,0.003419669157777558,-0.0030075516602806733,0.07945357921821712
1.0692138427685538,-5.365233048139287,-1.656320631408606,0.0032999536183624958,-0.003017083554695909,0.07860421207536773
1.0702140428085618,-5.36134114390543,-1.6166039566061603,0.0031809319716315245,-0.003026458473441817,0.07774619678408605
1.0712142428485698,-5.35557068252441,-1.5765755539420754,0.003062641579190232,-0.0030356736760650737,0.0768798938339166
1.0722144428885778,-5.347921935160435,-1.5362436293455488,0.002945119684181513,-0.0030447265897116348,0.0760056656932422
1.0732146429285858,-5.338395835972183,-1.4956164300770496,0.0028284033990142966,-0.003053614810597679,0.07512387666606461
1.0742148429685938,-5.326993982636965,-1.4547022429156784,0.002712529693085772,-0.00306233610525713,0.07423489274818965
1.0752150430086018,-5.313718636636753,-1.4135093923463242,0.0025975353805022957,-0.003070888411564695,0.0733390814828718
1.0762152430486098,-5.298572723305588,-1.3720462387467773,0.0024834571078042097,-0.0030792698395336712,0.07243681181597328
1.0772154430886178,-5.2815598316379475,-1.3303211765754621,0.002370331341699841,-0.003087478671888084,0.07152845395069274
1.0782156431286258,-5.262684213857792,-1.2883426325599305,0.0022581943568140053,-0.0030955133644090353,0.070614379201919
1.0792158431686338,-5.241950784747997,-1.2461190638867343,0.002147082223456364,-0.003103372546055456,0.06969495985026548
1.0802160432086418,-5.2193651207401475,-1.203658956392822,0.0020370307954150207,-0.003111055018859775,0.06877056899584097
1.0812162432486496,-5.194933458764492,-1.1609708227590587,0.0019280756977807874,-0.0031185597575993226,0.06784158041181274
1.0822164432886576,-5.16866269486028,-1.1180632007061655,0.0018202523148074011,-0.0031258859092446207,0.06690836839781684
1.0832166433286656,-5.14056038254639,-1.0749446511933127,0.0017135957778134955,-0.0031330327921859787,0.06597130763327455
1.0842168433686736,-5.110634730952705,-1.0316237566201074,0.0016081409531312875,-0.003139999895240196,0.06503077303066693
1.0852170434086816,-5.078894602712338,-0.9881091190318846,0.0015039224301077894,-0.0031467868764394045,0.0640871395888268
1.0862172434486896,-5.045349511615265,-0.9444093583290334,0.0014009745091638451,-0.003153393561604445,0.06314078224630294
1.0872174434886976,-5.01000962002374,-0.9005331104805663,0.0012993311899164443,-0.0031598199427054392,0.06219207573485282
1.0882176435287056,-4.972885736050075,-0.8564890257423183,0.0011990261593697311,-0.0031660661760125382,0.0612413944331199
1.0892178435687137,-4.933989310497578,-0.81228576688005,0.0011000927801801015,-0.0031721325800401065,0.06028911222055178
1.0902180436087217,-4.893332433565219,-0.7679320073980639,0.0010025640790007517,-0.0031780196332879024,0.059335602331614834
1.0912182436487297,-4.850927831317021,-0.7234364297733171,0.0009064727349110107,-0.003183727971783089,0.058381237210361446
1.0922184436887377,-4.806788861916968,-0.6788077236957559,0.0008118510679357495,-0.003189258386427195,0.05742638836540547
1.0932186437287457,-4.760929511630654,-0.6340545843148627,0.0007187310276601141,-0.0031946118201524143,0.05647142622536167
1.0942188437687537,-4.713364390594519,-0.5891857104930395,0.0006271441819447801,-0.003199789364891898,0.055516719994804425
1.0952190438087617,-4.66410872835413,-0.5442098030660407,0.0005371217057468721,-0.0032047922583689566,0.054562637510801155
1.0962192438487697,-4.613178369172543,-0.4991355631107074,0.0004486943700516283,-0.0032096218807103343,0.053609545100075505
1.0972194438887777,-4.560589767110414,-0.4539716902206199,0.00036189253091983267,-0.0032142797508889717,0.05265780743685509
1.0982196439287857,-4.506359980879022,-0.4087268807895315,0.00027674611865595325,-0.003218767523001898,0.05170778740145853
1.0992198439687937,-4.450506668467893,-0.3634098263034147,0.00019328462710186892,-0.003223086982389133,0.050759845939676085
1.1002200440088017,-4.393048081548802,-0.3180292116410325,0.00011153710306097288,-0.0032272400415996935,0.04981434192299797
1.1012202440488097,-4.334003059657489,-0.2725937133836256,3.153213585736423e-05,-0.0032312287362110032,0.04887163200974413
1.1022204440888177,-4.2733910241553374,-0.22711199813376928,-4.670215296524663e-05,-0.003235055220508224,0.04793207050714897
1.1032206441288257,-4.211231971972616,-0.18159272084402195,-0.00012313811980038694,-0.003238721763030194,0.046996009234454066
1.1042208441688337,-4.147546469135283,-0.13604452315534893,-0.00019774860898698834,-0.003242230741988865,0.04606379738706164
1.1052210442088417,-4.082355644077631,-0.09047603174578422,-0.000270506962664528,-0.003245584640569277,0.0451357814018012
1.1062212442488497,-4.0156811807425665,-0.04489585668970538,-0.00034138703047090755,-0.0032487860421172954,0.04421230482336114
1.1072214442888577,-3.9475453114721186,0.00068741017224886,-0.0004103631790789333,-0.0032518376252224633,0.04329370817193699
1.1082216443288657,-3.877970809690134,0.046265196852074204,-0.0004774103015673701,-0.0032547421587034754,0.04238032881214729
1.1092218443688737,-3.8069809823798413,0.0918289528219826,-0.0005425038266226476,-0.003257502496503905,0.04147250082326764
1.1102220444088817,-3.7345996623585855,0.13737015061031155,-0.0006056197275674128,-0.003260121572505925,0.04057055487083319
1.1112222444488897,-3.6608512003523224,0.18288028738557205,-0.000666734531212234,-0.0032626023952698827,0.03967481807965902
1.1122224444888977,-3.5857604568724684,0.22835088652827343,-0.0007258253265268746,-0.003264948042707669,0.038785613908327556
1.1132226445289057,-3.5093527938978353,0.27377349919033284,-0.0007828697731276753,-0.003267161656697915,0.03790326202519157
1.1142228445689137,-3.4316540663645374,0.3191397058418113,-0.0008378461095776984,-0.0032692464376511054,0.03702807818594074
1.1152230446089217,-3.352690613466457,0.3644411178046158,-0.0008907331614964072,-0.0032712056390327765,0.03616037411277906
1.1162232446489297,-3.272489249769534,0.4096693787731306,-0.0009415103494757738,-0.0032730425618529902,0.03530045737526001
1.1172234446889378,-3.1910772561425618,0.4548161663212733,-0.0009901576967998277,-0.003274760549130326,0.034448631272825575
1.1182236447289458,-3.108482370507797,0.49987319339592406,-0.001036655836964777,-0.003276362980338644,0.03360519471909462
1.1192238447689538,-3.024732778414537,0.5448322097964792,-0.0010809860209969574,-0.0032778532658448867,0.032770442127945595
1.1202240448089618,-2.9398571034386047,0.589685003640124,-0.0011231301245659805,-0.0032792348413461818,0.03194466330143761
1.1212242448489698,-2.853884397411466,0.6344234028128649,-0.0011630706548905764,-0.0032805111623144955,0.03112814331961351
1.1222244448889778,-2.7668441304818874,0.6790392764059029,-0.0012007907574347403,-0.003281685698457054,0.030321162432227683
1.1232246449289858,-2.678766181013966,0.723524536137117,-0.001236274222391915,-0.0032827619282007124,0.02952399595244067
1.1242248449689938,-2.5896808253246792,0.7678711377576666,-0.0012695054909550598,-0.0032837433332084066,0.028736914152521928
1.1252250450090018,-2.499618727264813,0.8120710824432051,-0.0013004696613705625,-0.0032846333929357416,0.027960182161601295
1.1262252450490098,-2.408610927646653,0.8561164181697403,-0.0013291524947740825,-0.003285435579235716,0.027194059865508928
1.1272254450890178,-2.3166888335221887,0.8999992410738541,-0.0013555404208065096,-0.0032861533510194782,0.02643880180874276
1.1282256451290258,-2.2238842073157277,0.9437116967969955,-0.001379620543008345,-0.0032867901489809165,0.025694657098601647
1.1292258451690338,-2.130229155814476,0.9872459818138823,-0.0014013806439909173,-0.003287349390392777,0.02496186931152156
1.1302260452090418,-2.0357561190211033,1.0305943447445596,-0.0014208091903829543,-0.0032878344639818763,0.024240676401651392
1.1312262452490498,-1.9404978588722324,1.073749087650169,-0.001437895337551135,-0.0032882487248908484,0.023531310611704062
1.1322264452890578,-1.8444874478267226,1.1167025673121305,-0.0014526289340933537,-0.0032885954897337146,0.02283399838611771
1.1332266453290658,-1.7477582573278094,1.1594471964945232,-0.0014650005261035235,-0.003288878031752416,0.02214896028656092
1.1342268453690738,-1.6503439461432599,1.2019754451896525,-0.0014750013612068501,-0.0032890995760812797,0.021476410909815096
1.1352270454090818,-1.552278448587615,1.244279841846524,-0.0014826233923645987,-0.003289263295126216,0.020816558808066044
1.1362272454490898,-1.4535959626305839,1.2863529745820759,-0.0014878592814474732,-0.00328937230406526,0.020169606411636003
1.1372274454890978,-1.3543309378962176,1.3281874923750452,-0.001490702402576812,-0.0032894296564768663,0.01953574995418648
1.1382276455291058,-1.2545180635565016,1.369776106242402,-0.0014911468452329037,-0.0032894383401021817,0.01891517940042115
1.1392278455691138,-1.154192256124406,1.4111115903979752,-0.0014891874171297937,-0.0032894012727472813,0.01830807837631726
1.1402280456091218,-1.0533886471502107,1.4521867833934148,-0.0014848196468560551,-0.0032893212983311523,0.017714624101912983
1.1412282456491298,-0.9521425708257115,1.4929945892411798,-0.0014780397862810604,-0.003289201183084969,0.017134987326677096
1.1422284456891378,-0.850489551500875,1.5335279785194313,-0.001468844812726374,-0.0032890436119079633,0.016569332267486518
1.1432286457291458,-0.7484652911172398,1.5737799894588336,-0.0014572324309019623,-0.003288851184884959,0.01601781654923613
1.1442288457691538,-0.6461056565626458,1.6137437290109689,-0.0014432010746069823,-0.003288626413970369,0.015480591148104293
1.1452290458091618,-0.5434466669519082,1.6534123738984212,-0.0014267499081949855,-0.0032883717198432046,0.014957800337496573
1.1462292458491699,-0.44052448083801427,1.6927791716462446,-0.0014078788278034306,-0.003288089428937381,0.014449581636688988
1.1472294458891779,-0.33737538335842665,1.731837441594954,-0.001386588462347474,-0.003287781770651319,0.013956065762191197
1.1482296459291859,-0.23403577332115394,1.7705805758946174,-0.0013628801742780546,-0.0032874508747405733,0.013477376581848903
1.1492298459691939,-0.13054215023520935,1.8090020404802654,-0.001336756060104359,-0.0032870987688969314,0.013013631071703769
1.1502300460092019,-0.026931101290525495,1.8470953760283595,-0.0013082189506807972,-0.003286727376517135,0.012564939275628049
1.1512302460492099,0.0767607117085664,1.8848541988942085,-0.0012772724112586876,-0.003286338514664085,0.012131404267749996
1.1522304460892179,0.18049656545092513,1.9222722020304004,-0.0012439207413028838,-0.0032859338922230927,0.011713122117685208
1.1532306461292259,0.28423968826284707,1.9593431558860117,-0.0012081689740736415,-0.003285515108255438,0.011310181858587795
1.1542308461692339,0.3879532732839955,1.996060909286617,-0.0011700228759740589,-0.003285083650551192,0.0109226654580343
1.1552310462092419,0.49160049167027015,2.0324193902950336,-0.0011294889456634769,-0.0032846408943829515,0.010550647791752136
1.1562312462492499,0.5951445058188227,2.068412607052668,-0.0010865744129372659,-0.003284188101461827,0.010194196620203254
1.157231446289258,0.6985484826102301,2.1040346486014996,-0.0010412872373734682,-0.003283726419096715,0.00985337256803261
1.158231646329266,0.8017756066630835,2.139279685686567,-0.0009936361067468084,-0.003283256879557564,0.009528229106389919
1.159231846369274,0.904789093596021,2.1741419715389156,-0.0009436304352106218,-0.0032827803996430434,0.00921881253813206
1.160232046409282,1.0075522032924618,2.2086158426390616,-0.000891280361247291,-0.003282297780452701,0.008925161985912373
1.16123224644929,1.1100282531630548,2.2426957194607957,-0.0008365967453878172,-0.003281809707363385,0.008647309383161998
1.162232446489298,1.21218063140097,2.2763761071953663,-0.0007795911677011894,-0.003281316750209387,0.008385279467967235
1.163232646529306,1.3139728102250563,2.309651596455987,-0.0007202759250542535,-0.0032808193636654623,0.008139089779845872
1.164232846569314,1.4153683591061867,2.342516863962706,-0.0006586640281428187,-0.0032803178878315587,0.007908750659424157
1.165233046609322,1.5163309579716566,2.374966673207459,-0.00059476919829477,-0.003279812549017786,0.007694265251015116
1.16623324664933,1.6168244103828613,2.406995875099451,-0.0005286058640459992,-0.0032793034607278442,0.007495629508097707
1.167233446689338,1.7168126566813398,2.43859940859082,-0.0004601891574899942,-0.0032787906248388306,0.0073128322016951745
1.168233646729346,1.8162597870983428,2.469772301282458,-0.0003895349104019693,-0.0032782739329750405,0.007145854931649856
1.169233846769354,1.9151300548230084,2.5005096700100924,-0.00031665965013844927,-0.0032777531680730793,0.006994672140790597
1.170234046809362,2.013387889024097,2.5308067214106678,-0.00024158059531326242,-0.0032772280061353163,0.006859251131987741
1.17123424684937,2.110997907821,2.5606587524688513,-0.00016431565125093296,-0.003276698018168409,0.006739552088089551
1.172234446889378,2.2079249311983435,2.5900611510438662,-8.488340521849803e-05,-0.0032761626723033597,0.0066355280947328725
1.173234646929386,2.304133993860216,2.619009396376522,-3.3031214368228426e-06,-0.0032756213360932737,0.006547125166019594
1.174234846969394,2.399590358018506,2.6474990595765555,8.040526412748329e-05,-0.0032750732789847215,0.006474282273049473
1.175235047009402,2.4942595261111538,2.6755258040902277,0.0001662211491883948,-0.003274517674958343,0.006416931375298673
1.17623524704941,2.588107253444949,2.703085386148209,0.00025412327078385327,-0.003273953605334067,0.006374997454832345
1.177235447089418,2.681099560758694,2.7301736551938682,0.00034408971113496223,-0.0032733800617360705,0.006348398553338366
1.178235647129426,2.7732027467017137,2.7567865542918355,0.00043609790371971477,-0.0032727959492123496,0.006337045811968351
1.179235847169434,2.8643834002230184,2.7829201205170437,0.0005301246395599193,-0.003272200089503551,0.0063408435139709
1.180236047209442,2.9546084128664574,2.80857048532415,0.0006261460737199424,-0.003271591224455464,0.00635968913010095
1.18123624724945,3.043844990967494,2.8337338748974634,0.0007241377320158332,-0.0032709680195693617,0.006393473366788005
1.182236447289458,3.132060667746543,2.8584066104813837,0.0008240745179333467,-0.0032703290676841727,0.006442080217045002
1.183236647329466,3.2192233152947667,2.88258510869144,0.0009259307197533198,-0.0032696728927842466,0.006505387014098395
1.184236847369474,3.3053011564473285,2.906265881805916,0.0010296800178828036,-0.003268997953926295,0.006583264487719059
1.185237047409482,3.39026277654013,2.929445538038196,0.0011352954923902869,-0.0032683026492788987,0.006675576823232475
1.18623724744949,3.474077135045066,2.952120781789807,0.0012427496307432975,-0.0032675853202677953,0.006782181723185702
1.187237447489498,3.5567135770798486,2.9742884138843233,0.001352014335746587,-0.0032668442558200063,0.006902930471647495
1.188237647529506,3.6381418447875653,2.995945331782141,0.0014630609336790561,-0.003266077696699698,0.00703766800111698
1.189237847569514,3.718332088582064,3.0170885297761214,0.0015758601826274957,-0.0032652838399285303,0.007186232962015177
1.190238047609522,3.7972548782545656,3.037715099168349,0.0016903822810151532,-0.00326446084328312,0.0073484577947327545
1.19123824764953,3.8748812139375697,3.0578222284279453,0.001806596876323065,-0.0032636068298621188,0.007524168804206291
1.192238447689538,3.951182536921458,3.0774072033300652,0.0019244730740020166,-0.003262719892715296,0.007713186236994395
1.193238647729546,4.026130740320169,3.096467407076128,0.002043979446572915,-0.0032617980995269216,0.007915324360823973
1.194238847769554,4.099698179581378,3.1150003203954673,0.002165084042913282,-0.0032608394973456544,0.008130391546576072
1.1952390478095618,4.171857682837492,3.133003521628346,0.0022877543977274724,-0.003259842117353069,0.008358190352679562
1.1962392478495698,4.242582561093423,3.150474686790558,0.002411957541198316,-0.0032588039796628858,0.008598517611880458
1.1972394478895778,4.31184661824697,3.1674115896196238,0.002537660008817247,-0.0032577230981429297,0.008851164520352612
1.1982396479295858,4.379624160938409,3.1838121016027627,0.002664827851390834,-0.003256597485251786,0.009115916729116337
1.1992398479695938,4.445890008225097,3.199674191986659,0.0027934266452205904,-0.0032554251568821177,0.009392554437728889
1.2002400480096018,4.510619501077528,3.21499592776918,0.0029234215024534333,-0.0032542041372025715,0.009680852490210862
1.2012402480496098,4.5737885116932295,3.229775473673162,0.0030547770815998686,-0.0032529324634902176,0.00998058047317129
1.2022404480896178,4.635373452624701,3.2440110921023217,0.0031874575982169242,-0.0032516081909454674,0.010291502816093496
1.2032406481296258,4.695351285718121,3.2577011430794993,0.003321426835752758,-0.0032502293974814365,0.010613378893742774
1.2042408481696338,4.753699530859105,3.270844084167238,0.003456648156549776,-0.003248794188479763,0.010945963130656234
1.2052410482096418,4.810396274522263,3.2834384703709056,0.0035930845130030024,-0.0032473007015049317,0.011289005107674248
1.2062412482496498,4.865420178121167,3.295482954024463,0.0037306984588703494,-0.003245747110969214,0.011642249670472156
1.2072414482896578,4.918750486155541,3.306976284658967,0.0038694521607313404,-0.0032441316327404155,0.012005437040050072
1.2082416483296659,4.970367034152358,3.3179173088540024,0.004009307409590747,-0.003242452528684692,0.012378302925137863
1.2092418483696739,5.020250256397898,3.32830497007209,0.004150225632623507,-0.0032407081111368056,0.012760578636471587
1.2102420484096819,5.068381193457591,3.338138308476291,0.0042921679050571945,-0.003238896747290288,0.013151991202896965
1.2112422484496899,5.1147414994807745,3.3474164607310835,0.004435094962188221,-0.0032370168635001083,0.013552263489254673
1.2122424484896979,5.159313449287495,3.3561386597866623,0.004578967211527856,-0.003235066949490569,0.013961114316001584
1.2132426485297059,5.202079945234417,3.3643042346468333,0.004723744745074061,-0.003233045562461292,0.01437825858052135
1.2142428485697139,5.243024523857357,3.371912610120586,0.004869387351705045,-0.0032309513310843216,0.01480340738007703
1.2152430486097219,5.282131362287583,3.378963306557557,0.005015854529690349,-0.003228782959385527,0.01523626813635788
1.2162432486497299,5.319385284439437,3.385455939567477,0.005163105499315201,-0.0032265392305036644,0.015676544721571664
1.2172434486897379,5.354771766966823,3.391390219723782,0.005311099215613764,-0.0032242190103206453,0.01612393758603331
1.2182436487297459,5.388276944986103,3.396765952251524,0.0054597943812068625,-0.00322182125095676,0.016578143887200098
1.219243848769754,5.419887617563147,3.4015830366997544,0.0056091494592396315,-0.0032193449941247967,0.017038857620102977
1.220244048809762,5.449591252962336,3.4058414665985066,0.005759122686414512,-0.0032167893743372303,0.017505769749123035
1.22124424884977,5.477375993655369,3.409541329100567,0.005909672086114901,-0.0032141536219608656,0.01797856834106163
1.222244448889778,5.503230661087817,3.4126828046081688,0.006060755481614697,-0.003211437066113562,0.018456938699452106
1.223244648929786,5.527144760201538,3.4152661663847876,0.006212330509368926,-0.0032086391373979052,0.018940563500060584
1.224244848969794,5.54910848371103,3.41729178015219,0.006364354632380546,-0.003205759370466949,0.01942912292752274
1.225245049009802,5.569112716132023,3.418760103672907,0.006516785153638478,-0.0032027974064173987,0.019922294813063117
1.22624524904981,5.58714903756053,3.419671686318298,0.006669579229621828,-0.003199752995005883,0.020419754773242975
1.227245449089818,5.603209727200934,3.4200271686223727,0.006822693883865246,-0.003196625996684232,0.020921176349682317
1.228245649129826,5.617287766641449,3.4198272818215454,0.006976086020580264,-0.003193416384449959,0.02142623114970131
1.229245849169834,5.62937684287569,3.4190728473804786,0.00712971243832745,-0.003190124245508429,0.02193458898782592
1.230246049209842,5.639471351068973,3.4177647765042147,0.007283529843734132,-0.0031867497827434916,0.022445918028102255
1.23124624924985,5.647566397068201,3.4159040696367495,0.007437494865252444,-0.0031832933159936525,0.022959884927163714
1.232246449289858,5.653657799654154,3.413491815946221,0.007591564066952351,-0.003179755283131163,0.02347615497799476
1.233246649329866,5.657742092535238,3.41052919279692,0.007745693962344356,-0.003176136240941706,0.02399439225433486
1.234246849369874,5.659816526081726,3.4070174652082694,0.007899841028226471,-0.003172436865802682,0.024514259755665756
1.235247049409882,5.659879068799694,3.40295798530096,0.008053961718550098,-0.003168657954158399,0.025035419552725154
1.23624724944989,5.65792840854392,3.398352191730444,0.008208012478299382,-0.0031648004227908,0.02555753293348945
1.237247449489898,5.653963953469113,3.3932016091079404,0.008361949757378608,-0.003160865308884671,0.026080260549568163
1.238247649529906,5.64798583271896,3.387507847409159,0.008515730024502222,-0.0031568537698866074,0.026603262562952337
1.239247849569914,5.639994896852547,3.381272601370912,0.008669309781082006,-0.003152767083157328,0.02712619879305913
1.240248049609922,5.6299927180078155,3.374497649875811,0.008822645575105984,-0.003148606645417262,0.027648728864014652
1.24124824964993,5.617981589801849,3.3671848553252235,0.008975694015003612,-0.003144373971985651,0.028170512352116955
1.242248449689938,5.603964526967803,3.3593361630007,0.009128411783491814,-0.0031400706958137413,0.028691208933421006
1.243248649729946,5.587945264728517,3.350953600414022,0.009280755651396466,-0.003135698566312961,0.029210478531387415
1.244248849769954,5.56992825790679,3.3420392766461045,0.009432682491443908,-0.0031312594479793072,0.029727981464536583
1.245249049809962,5.54991867977253,3.332595381674916,0.009584149292017136,-0.0031267553188154837,0.03024337859404999
1.24624924984997,5.527922420627048,3.3226241856926015,0.009735113170871315,-0.003122188268552658,0.030756331471260258
1.247249449889978,5.503946086124793,3.3121280384120384,0.009885531388803302,-0.003117560496674021,0.03126650248497165
1.248249649929986,5.477996995333059,3.3011093683629698,0.010035361363269907,-0.0031128743102426483,0.031773555008552785
1.249249849969994,5.450083178530186,3.289570682177942,0.010184560681949678,-0.0031081321215364784,0.0322771535467433
1.250250050010002,5.420213374742894,3.2775145638682246,0.010333087116242992,-0.0031033364454935235,0.03277696388211634
1.25125025005001,5.388397029023559,3.2649436740899205,0.010480898634705357,-0.0030984898969707428,0.03327265322113883
1.252250450090018,5.354644289468181,3.251860749400437,0.010627953416408816,-0.003093595187820296,0.033763890339771695
1.253250650130026,5.318966003976126,3.2382686015055646,0.010774209864226461,-0.0030886551237872,0.03425034572855219
1.254250850170034,5.2813737167526185,3.2241701164972767,0.010919626618035083,-0.0030836726012326908,0.034731691737100834
1.255251050210042,5.241879664555048,3.209568254082519,0.011064162567831078,-0.003078650603687875,0.03520760271799553
1.25625125025005,5.200496772684555,3.1944660468031754,0.011207776866754792,-0.003073592198242539,0.035677755169955756
1.257251450290058,5.1572386507239285,3.178866599247367,0.01135042894401856,-0.0030685005317742427,0.03614182788027991
1.258251650330066,5.112119588023561,3.162773087252311,0.011492078517733772,-0.003063378827023085,0.03659950206647908
1.259251850370074,5.065154548936777,3.1461887570989346,0.011632685607632377,-0.003058230378517789,0.03705046151705098
1.260252050410082,5.016359167806184,3.129116924698447,0.011772210547678331,-0.0030530585483589927,0.037494392731337964
1.26125225045009,4.965749743702903,3.1115609747710535,0.011910613998564561,-0.0030478667618658636,0.03793098505841333
1.262252450490098,4.913343234920305,3.093524360017016,0.012047856960091117,-0.003042658503092394,0.03835993083494063
1.263252650530106,4.8591572532242715,3.0750106002802466,0.012183900783420276,-0.0030374373102199344,0.0387809255219509
1.264252850570114,4.80321005786198,3.056023281704658,0.012318707183204455,-0.0030322067708327474,0.039193667840483296
1.265253050610122,4.74552054933122,3.036566055883437,0.012452238249582866,-0.003026970517083545,0.03959785990603484
1.26625325065013,4.6861082629125415,3.0166426390014744,0.012584456460042961,-0.003021732220756172,0.039993207361765606
1.267253450690138,4.6249933619663395,2.996256810971125,0.012715324691142818,-0.0030164955882327673,0.04037941951040606
1.268253650730146,4.562196630997428,2.975412414561446,0.01284480623009069,-0.003011264355372903,0.040756209444813604
1.269253850770154,4.497739468489365,2.954113354521263,0.012972864786178052,-0.0030060422823123567,0.041123294177126214
1.270254050810162,4.431643879511286,2.932363596696064,0.013099464502062603,-0.003000833148189307,0.0414803947664612
1.27125425085017,4.3639324680995575,2.910167167139085,0.013224569964897724,-0.0029956407458058866,0.04182723644510793
1.272254450890178,4.294628429417286,2.88752815121667,0.013348146217305066,-0.0029904688762331373,0.042163548743163845
1.273254650930186,4.223755541694238,2.8644506927081594,0.013470158768186968,-0.0029853213433675154,0.04248906561156352
1.274254850970194,4.151338157950165,2.8409389929005,0.01359057360337557,-0.0029802019484472045,0.04280352554345144
1.275255051010202,4.077401197504463,2.816997309677744,0.013709357196115534,-0.0029751144845365607,0.04310667169384947
1.27625525105021,4.001970137275198,2.792629956605624,0.01382647651737742,-0.002970062730987095,0.043398251997570816
1.277255451090218,3.925071002870609,2.767841302011504,0.013941899045998846,-0.0029650504478834494,0.043678019285332895
1.278255651130226,3.8467303594762496,2.742635768059704,0.01405559277865066,-0.0029600813704828734,0.043945731398022166
1.279255851170234,3.766975302541299,2.717017829822602,0.014167526239625442,-0.0029551592036567327,0.044201151299064705
1.280256051210242,3.6858334482669415,2.690992014347548,0.014277668490445768,-0.0029502876163426126,0.044444047184857075
1.2812562512502501,3.603332923900631,2.664562899719869,0.014385989139289729,-0.0029454702360155694,0.04467419259321262
1.2822564512902581,3.51950235783959,2.63773511412212,0.014492458350231337,-0.0029407106431870913,0.04489136650977924
1.2832566513302661,3.434370869547182,2.6105133348898035,0.014597046852293464,-0.0029360123659403032,0.04509535347238533
1.2842568513702741,3.3479680592856393,2.5829022875636847,0.014699725948311138,-0.002931378874509918,0.045285943673271434
1.2852570514102821,3.2603239976691456,2.5549067449389544,0.014800467523603023,-0.0029268135759153977,0.04546293305916593
1.2862572514502901,3.171469215040765,2.5265315261113988,0.014899244054449054,-0.002922319808655719,0.045626123429163924
1.2872574514902981,3.081434690677327,2.4977814955208233,0.01499602861637223,-0.0029179008374740816,0.045775322530369186
1.2882576515303061,2.990251841825959,2.4686615619917243,0.01509079489222269,-0.0029135598482008043,0.04591034415126018
1.2892578515703141,2.897952512576475,2.4391766777717083,0.015183517180062214,-0.002909299942682561,0.046031008212741614
1.2902580516103221,2.804568962573463,2.4093318375675334,0.01527417040084745,-0.0029051241338060034,0.046137140856844325
1.2912582516503301,2.7101338555723338,2.3791320775791784,0.015362730105910135,-0.0029010353406236948,0.04622857453303672
1.2922584516903382,2.61468024784341,2.348582474531937,0.015449172484232708,-0.002897036383590151,0.0463051480821123
1.2932586517303462,2.518241576428336,2.317688144706974,0.015533474369517805,-0.0028931299799156325,0.046366706817618515
1.2942588517703542,2.4208516472530412,2.2864542429701977,0.015615613247050074,-0.0028893187390451893,0.04641310260479314
1.2952590518103622,2.3225446231016518,2.25488596179989,0.015695567260348934,-0.0028856051582702795,0.04644419393697533
1.2962592518503702,2.223355011455714,2.2229885303131853,0.015773315217610884,-0.0028819916184801165,0.04645984600945963
1.2972594518903782,2.123317652203135,2.190767213291547,0.015848836597940025,-0.0028784803800597013,0.04645993079076178
1.2982596519303862,2.0224677052214965,2.158227310205452,0.015922111557365528,-0.002875073578941302,0.04644432709126674
1.2992598519703942,1.9208406378399072,2.1253741542384206,0.01599312093464483,-0.002871773222815936,0.04641292062922974
1.3002600520104022,1.8184722121846102,2.092213111310678,0.016061846256851347,-0.0028685811875111752,0.046365604094102654
1.3012602520504102,1.7153984724122615,2.0587495791023995,0.01612826974474559,-0.0028654992135413878,0.04630227720715869
1.3022604520904182,1.6116557318360762,2.024988986076992,0.016192374317928547,-0.0028625289028362676,0.046222846779389704
1.3032606521304262,1.5072805599494512,1.9909367905043889,0.016254143599776293,-0.002859671715653269,0.04612722676665116
1.3042608521704342,1.4023097693515432,1.9565984794844626,0.016313561922154773,-0.0028569289676793025,0.04601533832203116
1.3052610522104422,1.2967804025800558,1.921979567971062,0.01637061432991375,-0.0028543018273267775,0.04588710984542074
1.3062612522504502,1.1907297188556656,1.8870855977964083,0.016425286585158967,-0.0028517913132288125,0.04574247703026387
1.3072614522904582,1.0841951807431598,1.8519221366963532,0.016477565171301545,-0.0028493982919381416,0.045581382907466626
1.3082616523304662,0.9772144407342159,1.8164947773364664,0.016527437296883742,-0.0028471234758339656,0.045403777886446034
1.309261852370474,0.8698253277565389,1.7808091363392056,0.016574890899180097,-0.0028449674212406954,0.0452096197933004
1.310262052410482,0.7620658336145087,1.744870853312289,0.01661991464757321,-0.002842930526762233,0.044998873906083425
1.31126225245049,0.6539740993663661,1.708685589878511,0.016662497946703124,-0.0028410130318351347,0.04477151298716682
1.312262452490498,0.5455884016427215,1.6722590287069483,0.016702630939389663,-0.0028392150155036712,0.04452751731267537
1.313262652530506,0.43694713891147835,1.635596872546063,0.0167403045093268,-0.002837536395419496,0.04426687469898131
1.314262852570514,0.32808881769448883,1.5987048432584412,0.016775510283548276,-0.0028359769270683024,0.04398958052624488
1.315263052610522,0.21905203874070897,1.5615886808577328,0.016808240634663688,-0.0028345362032255184,0.04369563775898956
1.31626325265053,0.10987548316093762,1.5242541425475817,0.016838488682864337,-0.002833213653642766,0.043385056963701395
1.317263452690538,0.0005978985295126239,1.4867070017629702,0.016866248297697995,-0.002832008544966462,0.0430578563234431
1.318263652730546,-0.10874191504220815,1.4489530472139405,0.016891514099611954,-0.0028309199808896155,0.042714061649474715
1.319263852770554,-0.2181051188552056,1.4109980819319958,0.016914281461263586,-0.0028299469025375194,0.04235370638987375
1.320264052810562,-0.3274528495900874,1.3728479223191945,0.016934546508597756,-0.002829088089087707,0.04197683163514889
1.32126425285057,-0.436746233287017,1.3345083972001348,0.016952306121690387,-0.002828342158624187,0.04158348612084252
1.322264452890578,-0.5459463993332772,1.2959853468769957,0.016967557935357543,-0.002827707569225633,0.04117372622711844
1.323264652930586,-0.6550144944529248,1.257284622187794,0.016980300339529387,-0.0028271826202868554,0.04074761597533238
1.324264852970594,-0.7639116966940183,1.2184120835678351,0.016990532479388403,-0.0028267654540725406,0.04030522702158391
1.325265053010602,-0.8725992294077322,1.1793736001147708,0.016998254255271274,-0.002826454057501888,0.039846638647249834
1.32626525305061,-0.9810383752143466,1.1401750486570743,0.017003466322333894,-0.0028262462641624516,0.03937193774649985
1.327265453090618,-1.089190489951195,1.1008223128264685,0.01700617008997893,-0.0028261397565511226,0.03888121881079687
1.328265653130626,-1.197017016597056,1.0613212821339448,0.017006367721045464,-0.0028261320685398755,0.038374583910385215
1.329265853170634,-1.3044794991680462,1.0216778510499813,0.01700406213076021,-0.0028262205880635466,0.03785214267277134
1.330266053210642,-1.4115395965800914,0.9818979180887958,0.01699925698544988,-0.002826402560026581,0.03731401225820262
1.33126625325065,-1.518159096472483,0.9419873848968329,0.016991956701014305,-0.0028266750894253606,0.036760317332151134
1.332266453290658,-1.6242999289876223,0.9019521553456094,0.016982166441159918,-0.0028270351446823866,0.036191190034810326
1.333266653330666,-1.7299241805019037,0.8617981346291514,0.016969892115393286,-0.0028274795611882785,0.03560676994761377
1.334266853370674,-1.8349941073026044,0.8215312283659557,0.016955140376774442,-0.002828005045047227,0.03500720405678624
1.335267053410682,-1.9394721492058233,0.7811573417056991,0.01693791861942975,-0.002828608177021224,0.034392646713938546
1.33626725345069,-2.043320943110255,0.740682378440808,0.016918234975824148,-0.0028292854166680954,0.03376325959371864
1.337267453490698,-2.146503336482132,0.7001122401231112,0.01689609831379266,-0.002830033106668054,0.03311921164853276
1.338267653530706,-2.2489824007659434,0.6594528251854024,0.016871518233331113,-0.0028308474773331978,0.03246067906035132
1.339267853570714,-2.350721444716429,0.6187100280683278,0.016844505063146043,-0.002831724651294095,0.03178784518961564
1.340268053610722,-2.4516840276466234,0.5778897383525419,0.0168150698569639,-0.0028326606483573234,0.03110090052126236
1.34126825365073,-2.5518339725871235,0.5369978398963758,0.01678322438959969,-0.0028336513905275478,0.030400042607883957
1.342268453690738,-2.651135379351925,0.4960402099788681,0.016748981152785232,-0.002834692707187472,0.029685476010044395
1.343268653730746,-2.7495526375057175,0.45502271844863357,0.016712353350757412,-0.0028357803404287425,0.028957412233770453
1.3442688537707541,-2.8470504392280938,0.41395122687834385,0.016673354895606722,-0.0028369099505266403,0.028216069665240092
1.3452690538107621,-2.943593792069854,0.3728315877250802,0.01663200040238665,-0.0028380771215511594,0.027461673502690444
1.3462692538507701,-3.039148031596748,0.33166964349672423,0.016588305183984405,-0.002839277367106854,0.026694455685569007
1.3472694538907781,-3.1336788339158397,0.29047122592426045,0.016542285245753685,-0.002840506136193618,0.025914654820952693
1.3482696539307861,-3.2271522280800764,0.24924215514030104,0.01649395727991023,-0.0028417588191803653,0.02512251610726054
1.3492698539707941,-3.3195346083665114,0.20798823886391463,0.016443338659691022,-0.002843030753883378,0.024318291255286794
1.3502700540108021,-3.4107927464235046,0.16671527159162974,0.016390447433278096,-0.0028443172317409227,0.023502238406582124
1.3512702540508101,-3.5008938032824597,0.12542903379502823,0.016335302317488042,-0.0028456135040755607,0.02267462204921191
1.3522704540908181,-3.589805341229875,0.08413529112478192,0.016277922691228408,-0.0028469147884354236,0.02183571293092135
1.3532706541308261,-3.6774953355350526,0.04283979362124631,0.016218328588722297,-0.0028482162750055853,0.02098578796973824
1.3542708541708341,-3.763932186029413,0.0015482749318967387,0.016156540692502587,-0.002849513133080529,0.02012513016204531
1.3552710542108422,-3.8490847285330205,-0.03973354846465754,0.016092580326177348,-0.0028508005175885915,0.019254028488154853
1.3562712542508502,-3.9329222461241446,-0.08099997802757401,0.01602646944696813,-0.002852073575659167,0.018372777815419458
1.3572714542908582,-4.015414480247754,-0.12224533391598609,0.01595823063802295,-0.0028533274532233518,0.017481678798913547
1.3582716543308662,-4.096531641658802,-0.16346395574391695,0.01588788710050589,-0.0028545573016386435,0.016581037779721405
1.3592718543708742,-4.17624442119642,-0.20465020332837047,0.015815462645465437,-0.0028557582843282453,0.015671166680868258
1.3602720544108822,-4.2545240003849045,-0.24579845742999898,0.015740981685483737,-0.002856925583425465,0.014752382900931903
1.3612722544508902,-4.3313420618576695,-0.28690312048677413,0.01566446922610918,-0.002858054406413675,0.013825009205373287
1.3622724544908982,-4.406670799600482,-0.3279586173400641,0.015585950857074756,-0.002859139992752272,0.012889373615625333
1.3632726545309062,-4.480482929010005,-0.36895939595354726,0.015505452743304863,-0.002860177620479065,0.01194580929598008
1.3642728545709142,-4.552751696764059,-0.4098999281245689,0.01542300161571335,-0.002861162612779533,0.010994654438315215
1.3652730546109222,-4.623450890500153,-0.4507747101880364,0.01533862476179573,-0.0028620903445134046,0.010036252144701779
1.3662732546509302,-4.692554848298404,-0.49157826371257923,0.015252350016018618,-0.0028629562486890635,0.009070950307935702
1.3672734546909382,-4.760038467965694,-0.5323051361892553,0.01516420575000966,-0.0028637558228763057,0.008099101490036623
1.3682736547309462,-4.8258772161175845,-0.5729499017123987,0.01507422086255129,-0.0028644846355480673,0.007121062798758237
1.3692738547709542,-4.890047137054506,-0.6135071616528064,0.014982424769381839,-0.0028651383323417988,0.0061371957621551565
1.3702740548109622,-4.952524861429307,-0.653971545322964,0.014888847392807675,-0.002865712642231255,0.0051478662012521045
1.3712742548509702,-5.013287614702664,-0.6943377106345096,0.014793519151130165,-0.0028662033835995873,0.004153444100861849
1.3722744548909782,-5.0723132253835015,-0.7346003447477356,0.014696470947891411,-0.0028666064702047266,0.0031543034785991818
1.3732746549309862,-5.129580133051393,-0.77475416471303,0.014597734160942857,-0.0028669179170281917,0.0021508222521388126
1.3742748549709942,-5.185067396157893,-0.8147939181043741,0.014497340631341006,-0.0028671338459985954,0.001143382104765769
1.3752750550110022,-5.238754699604151,-0.8547143836446927,0.014395322652074601,-0.002867250491581284,0.00013236834926759478
1.3762752550510102,-5.2906223620919395,-0.8945103718230824,0.014291712956627792,-0.0028672642062257184,-0.0008818302097817791
1.3772754550910182,-5.340651343245434,-0.934176725503872,0.014186544707383928,-0.002867171465662386,-0.001898821415295953
1.3782756551310262,-5.388823250501237,-0.9737083205274134,0.014079851483874731,-0.002866968874041237,-0.002918209898456622
1.3792758551710342,-5.435120345764124,-1.0131000663027399,0.01397166727087977,-0.0028666531689038417,-0.0039395972209490815
1.3802760552110422,-5.479525551826026,-1.0523469063917303,0.013862026446381234,-0.0028662212259816964,-0.004962582018600363
1.3812762552510502,-5.522022458546089,-1.0914438190850744,0.013750963769379152,-0.0028656700638133303,-0.005986760146367184
1.3822764552910582,-5.562595328789489,-1.1303858179698363,0.013638514367572322,-0.002864996848173117,-0.00701172482462035
1.3832766553310663,-5.601229104122816,-1.1691679524885372,0.0135247137249103,-0.0028641988963049522,-0.00803706678667173
1.3842768553710743,-5.637909410264135,-1.207785308489872,0.01340959766902192,-0.0028632736809542166,-0.009062374427489457
1.3852770554110823,-5.67262256228565,-1.2462330087709406,0.013293202358525928,-0.0028622188341917367,-0.010087233953546541
1.3862772554510903,-5.705355569567154,-1.2845062136108927,0.013175564270229385,-0.0028610321510237255,-0.01111122953374762
1.3872774554910983,-5.736096140498497,-1.3226001212961516,0.013056720186219587,-0.0028597115927819984,-0.012133943451378174
1.3882776555311063,-5.764832686929398,-1.3605099686370246,0.01293670718085537,-0.002858255290289051,-0.01315495625702012
1.3892778555711143,-5.791554328365041,-1.3982310314756694,0.012815562607663674,-0.0028566615467929143,-0.014173846922377279
1.3902780556111223,-5.816250895905922,-1.4357586251855925,0.012693324086147402,-0.002854928840667009,-0.015190192994953965
1.3912782556511303,-5.838912935930654,-1.4730881051624072,0.012570029488510596,-0.0028530558278705713,-0.01620357075352943
1.3922784556911383,-5.8595317135203295,-1.5102148673059608,0.012445716926307047,-0.0028510413441655376,-0.01721355536437079
1.3932786557311463,-5.878099215623318,-1.5471343484938591,0.012320424737018519,-0.0028488844070861372,-0.018219721038126552
1.3942788557711543,-5.89460815395939,-1.5838420270462283,0.012194191470568785,-0.0028465842176577847,-0.019221641187342802
1.3952790558111623,-5.909051967662148,-1.6203334231818118,0.012067055875779732,-0.002844140161862217,-0.020218888584543657
1.3962792558511703,-5.921424825658883,-1.6566040994653928,0.011939056886775804,-0.002841551811846189,-0.021211035520817524
1.3972794558911783,-5.931721628787038,-1.6926496612464286,0.011810233609343107,-0.0028388189268713994,-0.022197653964850406
1.3982796559311863,-5.939938011646583,-1.728465757089018,0.01168062530724947,-0.002835941454003689,-0.023178315722347353
1.3992798559711943,-5.946070344187672,-1.7640480791930864,0.011550271388531822,-0.002832919528539933,-0.024152592595782976
1.4002800560112023,-5.950115733033106,-1.7993923638068232,0.011419211391757191,-0.0028297534741714117,-0.025120056544421794
1.4012802560512103,-5.952072022535163,-1.8344943916304197,0.011287484972263683,-0.0028264438028828384,-0.026080279844549126
1.4022804560912183,-5.951937795566496,-1.8693499882109332,0.011155131888387725,-0.002822991214586583,-0.027032835249853056
1.4032806561312263,-5.949712374044881,-1.903955024328564,0.011022191987683894,-0.0028193965964920307,-0.02797729615189802
1.4042808561712343,-5.945395819191697,-1.9383054163739877,0.010888705193143583,-0.002815661022210381,-0.028913236740630427
1.4052810562112423,-5.938988931524134,-1.9723971267171123,0.01075471148941876,-0.0028117857505955794,-0.029840232164856786
1.4062812562512503,-5.930493250581199,-2.006226164066864,0.010620250909056996,-0.002807772224322457,-0.030757858692634716
1.4072814562912583,-5.919911054383704,-2.0397885838224505,0.010485363518753904,-0.0028036220682035257,-0.031665693871517346
1.4082816563312663,-5.907245358628527,-2.0730804884156853,0.010350089405629115,-0.002799337087246264,-0.032563316688591526
1.4092818563712743,-5.892499915617512,-2.106098027644684,0.01021446866353178,-0.0027949192644530904,-0.03345030773025045
1.4102820564112823,-5.875679212921474,-2.138837398998753,0.010078541379381585,-0.0027903707583666094,-0.034326249341641274
1.4112822564512904,-5.85678847177993,-2.171294847974622,0.009942347619551149,-0.0027856939003630724,-0.035190725785728544
1.4122824564912984,-5.8358336452371615,-2.203466668383868,0.009805927416295634,-0.0027808911916973626,-0.03604332340191423
1.4132826565313064,-5.812821416015434,-2.2353492026517356,0.009669320754235268,-0.0027759653003031804,-0.036883630764155476
1.4142828565713144,-5.787759194126206,-2.2669388421071983,0.00953256755689641,-0.0027709190573524532,-0.037711238838521136
1.4152830566113224,-5.7606551142203095,-2.2982320272643464,0.00939570767331669,-0.0027657554535783484,-0.03852574114012871
1.4162832566513304,-5.731518032678158,-2.3292252480951667,0.00925878086471966,-0.002760477635366608,-0.039326733889403075
1.4172834566913384,-5.7003575244411,-2.359915044293582,0.009121826791264248,-0.002755088900620267,-0.040113816167599
1.4182836567313464,-5.667183879585256,-2.390298005530963,0.008984884998874246,-0.0027495926944031386,-0.040886590071529554
1.4192838567713544,-5.6320080996390915,-2.4203707717029905,0.008847994906152906,-0.0027439926043677843,-0.04164466086744279
1.4202840568113624,-5.594841893646166,-2.450130033167897,0.008711195791387608,-0.0027382923559739853,-0.042387637143989444
1.4212842568513704,-5.555697673974728,-2.479572530976211,0.00857452677964945,-0.0027324958075040564,-0.04311513096422466
1.4222844568913784,-5.514588551875565,-2.5086950570919178,0.00843802682999246,-0.002726606944881623,-0.04382675801658717
1.4232846569313862,-5.4715283327900055,-2.5374944546051275,0.008301734722757054,-0.0027206298763007846,-0.044522137764799546
1.4242848569713942,-5.4265315114097845,-2.5659676179361957,0.008165689046981988,-0.002714568826672849,-0.045200893596634525
1.4252850570114022,-5.379613266490722,-2.5941114930314644,0.008029928187929577,-0.0027084281318981223,-0.04586265297148978
1.4262852570514102,-5.330789455422165,-2.621923077550526,0.007894490314727743,-0.002702212232970443,-0.04650704756671913
1.4272854570914182,-5.280076608554295,-2.6493994210450493,0.007759413368133369,-0.002695925669922456,-0.047133713422663356
1.4282856571314262,-5.227491923285452,-2.67653762512931,0.007624735048420666,-0.002689573075619812,-0.04774229108632748
1.4292858571714342,-5.173053257911747,-2.7033348436422826,0.007490492803398324,-0.0026831591694127235,-0.0483324257536508
1.4302860572114422,-5.116779125241287,-2.7297882828014712,0.007356723816559053,-0.0026766887506535202,-0.048903767410316566
1.4312862572514502,-5.058688685975463,-2.7558952013485003,0.007223464995364949,-0.0026701666920890326,-0.049455970971048806
1.4322864572914582,-4.998801741859728,-2.781652910686339,0.007090752959672017,-0.002663597933136838,-0.049988696417344304
1.4332866573314662,-4.937138728606619,-2.8070587750084712,0.006958624030296998,-0.002656987473054566,-0.050501608933588335
1.4342868573714742,-4.8737207085935115,-2.832110211419777,0.0068271142177295345,-0.0026503403640116283,-0.05099437904150337
1.4352870574114822,-4.808569363338035,-2.8568046900493287,0.006696259210992553,-0.002643661704072882,-0.05146668273288047
1.4362872574514902,-4.741706985753783,-2.881139734155077,0.0065660943666535935,-0.0026369566301038786,-0.05191820160054391
1.4372874574914982,-4.673156472189535,-2.905112920220508,0.006436654697989708,-0.0026302303106074667,-0.052348622967499994
1.4382876575315062,-4.602941314254647,-2.928721878043275,0.006307974864308367,-0.002623487938501627,-0.0527576400142219
1.4392878575715142,-4.5310855904339,-2.951964290815806,0.006180089160426732,-0.0026167347238485153,-0.0531449519040229
1.4402880576115222,-4.4576139574949085,-2.974837895198074,0.006053031506311476,-0.0026099758865447704,-0.053510263906471116
1.4412882576515302,-4.382551641691329,-2.99734048138242,0.005926835436881224,-0.002603216648983207,-0.053853287518799656
1.4422884576915382,-4.305924429765019,-3.0194698931505544,0.005801534091973573,-0.0025964622286960724,-0.05417374058526671
1.4432886577315462,-4.227758659750699,-3.0412240279227327,0.005677160206478508,-0.0025897178309900863,-0.05447134741442092
1.4442888577715542,-4.148081211586578,-3.0626008367992408,0.005553746100639914,-0.0025829886415834964,-0.05474583889422811
1.4452890578115622,-4.066919497534047,-3.0835983245941287,0.005431323670526807,-0.002576279819255414,-0.054996952605016323
1.4462892578515703,-3.9843014524107265,-3.1042145498612896,0.005309924378675734,-0.0025695964885176703,-0.055224432930196715
1.4472894578915783,-3.9002555236396805,-3.124447624912985,0.005189579244905755,-0.0025629437323194345,-0.055428031164719
1.4482896579315863,-3.8148106611192945,-3.1442957158307405,0.005070318837307272,-0.0025563265847947905,-0.055607505621220556
1.4492898579715943,-3.727996306916914,-3.1637570424688004,0.004952173263405901,-0.0025497500240634335,-0.055762621733829544
1.4502900580116023,-3.6398423847904895,-3.1828298784500877,0.004835172161502481,-0.002543218965094585,-0.055893152159582966
1.4512902580516103,-3.5503792895420765,-3.2015125511547966,0.004719344692190243,-0.0025367382526441545,-0.0559988768774216
1.4522904580916183,-3.4596378762068563,-3.219803441701598,0.004604719530050064,-0.002530312654275087,-0.05607958328472461
1.4532906581316263,-3.367649449082087,-3.237700984921569,0.004491324855524678,-0.002523946853470739,-0.056135066291347555
1.4542908581716343,-3.2744457505997007,-3.255203669324896,0.004379188346972638,-0.0025176454428510095,-0.05616512841112836
1.4552910582116423,-3.1800589500468943,-3.272310037060363,0.0042683371729027595,-0.0025114129175008337,-0.0561695798508268
1.4562912582516503,-3.0845216321387845,-3.2890186838677438,0.004158797984389722,-0.002505253668420496,-0.05614823859646397
1.4572914582916583,-2.9878667854472885,-3.305328259023064,0.004050596907671461,-0.002499171976107076,-0.056100930497029224
1.4582916583316663,-2.8901277906906855,-3.32123746527693,0.003943759536928926,-0.002493172004276176,-0.056027489345522895
1.4592918583716743,-2.7913384088879547,-3.3367450587858216,0.0038383109272487536,-0.002487257793732894,-0.05592775695730422
1.4602920584116823,-2.691532769382429,-3.3518498490365145,0.003734275587769358,-0.002481433256400827,-0.05580158324571478
1.4612922584516903,-2.5907453577391277,-3.3665506987636693,0.0036316774750109245,-0.002475702169517677,-0.05564882629494885
1.4622924584916983,-2.4890110035200417,-3.3808465238606304,0.003530539986389764,-0.0024700681700058295,-0.055469352430143
1.4632926585317063,-2.386364867942241,-3.3947362932835015,0.0034308859539174752,-0.0024645347490260443,-0.05526303628465826
1.4642928585717143,-2.282842431422928,-3.4082190289485523,0.003332737638085334,-0.0024591052467221606,-0.05502976086452931
1.4652930586117223,-2.178479481016272,-3.4212938056230335,0.0032361167219343476,-0.0024537828471644777,-0.054769417610056166
1.4662932586517303,-2.073312097746495,-3.433959750809468,0.00314104430531139,-0.002448570573499212,-0.05448190645451465
1.4672934586917383,-1.967376643841993,-3.446216044623438,0.0030475408993118416,-0.002443471283311163,-0.054167135879963406
1.4682936587317463,-1.860709749874928,-3.4580619196649605,0.002955626420909177,-0.002438487664206451,-0.05382502297012587
1.4692938587717543,-1.7533483018112916,-3.469496660883556,0.00286532018777194,-0.002433622229621888,-0.053455493460326894
1.4702940588117623,-1.645329427975872,-3.480519605436958,0.002776640913268573,-0.0024288773148672667,-0.0530584817844648
1.4712942588517703,-1.5366904859369903,-3.4911301425436707,0.002689606701660588,-0.002424255073406533,-0.052633931119000575
1.4722944588917783,-1.4274690493161364,-3.501327713329333,0.002604235043484587,-0.002419757473383502,-0.05218179342394709
1.4732946589317863,-1.3177028945265077,-3.5111118106669834,0.0025205428111236645,-0.0024153862943974516,-0.05170202948084249
1.4742948589717944,-1.207429987446115,-3.5204819790113255,0.002438546254568771,-0.0024111431245336075,-0.051194608927692564
1.4752950590118024,-1.0966884700298438,-3.5294378142270166,0.0023582609973706314,-0.00240702935765319,-0.05065951029086848
1.4762952590518104,-0.9855166468653759,-3.5379789634110503,0.0022797020327828587,-0.0024030461909473506,-0.05009672101394708
1.4772954590918184,-0.8739529716781037,-3.5461051247093396,0.0022028837200969474,-0.002399194622758989,-0.049506237483482124
1.4782956591318264,-0.762036033789427,-3.5538160471275186,0.0021278197811698566,-0.0023954754506760653,-0.048888065051696024
1.4792958591718344,-0.6498045445339703,-3.561111530336053,0.0020545232971449488,-0.002391889269899688,-0.04824221805608265
1.4802960592118424,-0.5372973236401973,-3.567991424469731,0.0019830067053670884,-0.002388436471889871,-0.04756871983591296
1.4812962592518504,-0.4245532855793228,-3.5744556299215913,0.0019132817964927456,-0.002385117243291493,-0.04686760274563637
1.4822964592918584,-0.3116114258879705,-3.580504097131356,0.0018453597117960038,-0.0023819315651426223,-0.04613890816517173
1.4832966593318664,-0.19851080746874086,-3.586136826368471,0.0017792509406714017,-0.002378879212366982,-0.04538268650708314
1.4842968593718744,-0.08529054687429695,-3.591353867509751,0.0017149653183346,-0.0023759597535519604,-0.044598997220636795
1.4852970594118824,0.028010199420391027,-3.596155319811771,0.0016525120237218952,-0.0023731725510131797,-0.04378790879273621
1.4862972594518904,0.14135224875270125,-3.6005413316780475,0.001591899577589651,-0.002370516761146256,-0.04294949874573434
1.4872974594918984,0.25469640600895554,-3.6045121004210503,0.0015331358408147585,-0.002367991335065994,-0.042083853632122185
1.4882976595319064,0.3680034773579326,-3.6080678720191663,0.0014762280128972776,-0.0023655950195328717,-0.04119106902609472
1.4892978595719144,0.4812342839763919,-3.611208940868646,0.0014211826306664475,-0.0023633263581662777,-0.04027124951199584
1.4902980596119224,0.5943496757619482,-3.6139356495306165,0.0013680055671912881,-0.0023611836929435816,-0.03932450866964552
1.4912982596519304,0.7073105450278865,-3.6162483884732355,0.0013167020308970565,-0.0023591651659837206,-0.03835096905655319
1.4922984596919384,0.8200778401754942,-3.6181475958090514,0.0012672765648888346,-0.0023572687216136005,-0.03735076218702256
1.4932986597319464,0.9326125793388093,-3.619633757027638,0.0012197330464835674,-0.0023554921087152224,-0.036324028508154305
1.4942988597719544,1.0448758639968034,-3.620707404723584,0.0011740746869518825,-0.002353832883351061,-0.03527091737275403
1.4952990598119624,1.1568288925483843,-3.621369118319895,0.0011303040314710416,-0.0023522884116648317,-0.03419158700915414
1.4962992598519704,1.2684329738453615,-3.6216195237868924,0.0010884229592903892,-0.002350855873054414,-0.03308620448795927
1.4972994598919784,1.3796495406782554,-3.6214592933566716,0.0010484326841106726,-0.002349532263613307,-0.03195494568572606
1.4982996599319864,1.4904401632105073,-3.6208891452331926,0.0010103337546786084,-0.0023483143998366336,-0.030797995245589134
1.4992998599719944,1.6007665623562288,-3.6199098432980765,0.0009741260555980684,-0.0023471989225873307,-0.0296155465348464
1.5003000600120024,1.7105906230965595,-3.618522196812181,0.0009398088083592542,-0.002346182301317805,-0.02840780159951752
1.5013002600520104,1.819874407730278,-3.6167270601130133,0.0009073805725872108,-0.0023452608385419664,-0.02717497111589088
1.5023004600920185,1.9285801690534958,-3.6145253323080793,0.0008768392475110152,-0.002344430674552212,-0.02591727433907516
1.5033006601320265,2.0366703634643413,-3.6119179569642026,0.0008481820736549441,-0.002343687792375568,-0.024634939048572883
1.5043008601720345,2.144107663987471,-3.6089059217929247,0.0008214056347528987,-0.0023430280229628756,-0.0233282014908942
1.5053010602120425,2.250854973214238,-3.6054902583320216,0.0007965058598873197,-0.0023424470506045584,-0.021997306319230386
1.5063012602520505,2.356875436153708,-3.6016720416232415,0.0007734780258537852,-0.002341940418566197,-0.02064250653020746
1.5073014602920585,2.462132452990181,-3.597452389886311,0.0007523167597524252,-0.002341503534936807,-0.019264063397741397
1.5083016603320665,2.566589691742475,-3.592832464189278,0.0007330160418072335,-0.002341131678682419,-0.017862246404017474
1.5093018603720745,2.6702111008209757,-3.587813468115307,0.0007155692084142831,-0.0023408200058972557,-0.01643733316761727
1.5103020604120825,2.772960921477608,-3.582396647425928,0.0006999689554197843,-0.0023405635562445083,-0.014989609368817821
1.5113022604520905,2.8748037001446085,-3.5765832897208707,0.0006862073416288383,-0.002340357259578444,-0.013519368672088538
1.5123024604920985,2.9757043006578434,-3.570374724094523,0.0006742757925456514,-0.0023401959427393013,-0.012026912645812352
1.5133026605321065,3.0756279163602507,-3.5637723207890932,0.0006641651043458816,-0.002340074336512167,-0.010512550679258627
1.5143028605721145,3.174540082081267,-3.556777490844566,0.0006558654480816822,-0.002339987082740799,-0.008976599896836305
1.5153030606121225,3.2724066859882055,-3.5493916857454715,0.0006493663741198983,-0.002339928741587105,-0.007419385069656727
1.5163032606521305,3.3691939813052496,-3.541616397064604,0.000644656816813759,-0.0023398937989267746,-0.005841238524436489
1.5173034606921385,3.4648685978961686,-3.5334531561037075,0.0006417250994082746,-0.002339876673871353,-0.004242500049771655
1.5183036607321465,3.5593975537067517,-3.5249035335312318,0.0006405589391794267,-0.0023398717264068412,-0.002623516799815567
1.5193038607721545,3.6527482660628405,-3.515969139017211,0.0006411454528070941,-0.002339873265138727,-0.0009846431953933765
1.5203040608121625,3.7448885628204565,-3.5066516208653473,0.0006434711619815164,-0.0023398755551331803,0.000673759177412629
1.5213042608521705,3.8357866933637244,-3.4969526656423597,0.0006475219992429476,-0.0023398728258439863,0.0023513216711720467
1.5223044608921785,3.9254113394470855,-3.4868739978046626,0.0006532833140539919,-0.0023398592791146512,0.004047668683473877
1.5233046609321865,4.013731625878185,-3.476417379322493,0.000660739879103952,-0.0023398290972449828,0.005762417765715904
1.5243048609721945,4.100717131037454,-3.4655846093014415,0.0006698758968443562,-0.002339776451111333,0.007495179734278484
1.5253050610122025,4.186337897231263,-3.4543775236016208,0.0006806750062546501,-0.0023396955083296003,0.009245558784044376
1.5263052610522105,4.270564440874606,-3.442797994454382,0.000693120289836868,-0.0023395804414499855,0.011013152604225545
1.5273054610922185,4.353367762500351,-3.430847930076744,0.0007071942808379082,-0.0023394254361724506,0.012797552496456957
1.5283056611322265,4.434719356591307,-3.418529274283582,0.0007228789706978553,-0.0023392246995717547,0.0145983434951167
1.5293058611722345,4.514591221232039,-3.4058440060976274,0.0007401558167225969,-0.002338972468320914,0.01641510448983093
1.5303060612122426,4.592955867577027,-3.3927941393573655,0.000759005749978791,-0.00233866301690191,0.018247408350121418
1.5313062612522506,4.669786329132107,-3.379381722322879,0.0007794091834090356,-0.002338290665792456,0.020094822052152777
1.5323064612922586,4.745056170845958,-3.365608837279735,0.0008013460201649015,-0.0023378497896176537,0.021956906807535623
1.5333066613322666,4.81873949800877,-3.3514776001409707,0.000824795662155274,-0.00233733482525538,0.02383321819414134
1.5343068613722746,4.890810964955016,-3.3369901600472076,0.0008497370188072522,-0.002336740279884298,0.025723306288883363
1.5353070614122826,4.961245783567415,-3.322148698965027,0.0008761485160366469,-0.0023360607389634382,0.027626715802419242
1.5363072614522904,5.030019731579458,-3.306955431283609,0.0009040081054248988,-0.002335290874132366,0.029542986215726673
1.5373074614922984,5.097109160673564,-3.291412603409776,0.0009332932735990815,-0.002334425451021041,0.03147165191850903
1.5383076615323064,5.162491004372307,-3.2755224933614135,0.0009639810518113083,-0.0023334593369585817,0.033412242349376384
1.5393078615723144,5.2261427857201435,-3.2592874103594074,0.0009960480257138757,-0.002332387508570261,0.03536428213776227
1.5403080616123224,5.2880426247531425,-3.2427096944181337,0.0010294703453260492,-0.0023312050592521976,0.037327291247520995
1.5413082616523304,5.34816924575425,-3.2257917159345895,0.0010642237351883238,-0.002329907206513359,0.03930078512215867
1.5423084616923384,5.406501984291832,-3.2085358752761555,0.0011002835046997424,-0.002328489299174654,0.04128427483164765
1.5433086617323464,5.4630207940391715,-3.190944602367172,0.001137624558633662,-0.0023269468244150743,0.04327726722077386
1.5443088617723544,5.5177062533727534,-3.1730203562742885,0.001176221407827157,-0.0023252754146550437,0.045279265058966095
1.5453090618123624,5.570539571747348,-3.1547656247907168,0.001216048180039054,-0.002323470854267331,0.04728976719155588
1.5463092618523704,5.62150259584568,-3.136182924019381,0.001257078630971403,-0.0023215290861061237,0.04930826869241588
1.5473094618923784,5.670577815501023,-3.117274797955138,0.0012992861554489993,-0.0023194462178450794,0.051334261017924605
1.5483096619323864,5.717748369390612,-3.0980438180660137,0.001342643798751391,-0.002317218528115436,0.05336723216220455
1.5493098619723944,5.762998050498396,-3.0784925828735425,0.0013871242680916268,-0.002314842472435518,0.05540666681358058
1.5503100620124024,5.806311311345127,-3.0586237175324014,0.0014326999442358331,-0.002312314688923252,0.05745204651220497
1.5513102620524104,5.847673268984607,-3.038439873409166,0.0014793428932575329,-0.002309632003783607,0.05950284980879515
1.5523104620924184,5.887069709764199,-3.0179437276604646,0.0015270248784204734,-0.0023067914365631536,0.06155855242442977
1.5533106621324264,5.924487093848516,-2.9971379828104627,0.0015757173721835684,-0.0023037902051642714,0.06361862741134851
1.5543108621724344,5.959912559504692,-2.9760253663278142,0.001625391568321419,-0.002300625730611841,0.06568254531470065
1.5553110622124424,5.9933339271483055,-2.9546086302020282,0.0016760183941537396,-0.0022972956415656005,0.0677497743351871
1.5563112622524504,6.024739703148453,-2.9328905505195157,0.0017275685228768922,-0.002293797778571688,0.06981978049254042
1.5573114622924584,6.054119083391219,-2.9108739270390855,0.0017800123859906002,-0.002290130198047241,0.07189202778978702
1.5583116623324664,6.0814619566004335,-2.8885615827672475,0.0018333201858128146,-0.0022862911759922973,0.07396597837823554
1.5593118623724744,6.10675890741481,-2.8659563635331318,0.0018874619080755956,-0.0022822792114235977,0.07604109272313514
1.5603120624124824,6.130001219220749,-2.8430611375632737,0.0019424073345947813,-0.002278093029525284,0.07811682976994744
1.5613122624524904,6.151180876740058,-2.8198787950561663,0.0019981260560061327,-0.0022737315845118623,0.08019264711117526
1.5623124624924984,6.170290568371971,-2.7964122477567965,0.0020545874845605697,-0.0022691940621992032,0.08226800115369173
1.5633126625325064,6.187323688288957,-2.77266442853101,0.0021117608669710517,-0.002264479882279737,0.08434234728651271
1.5643128625725145,6.20227433828586,-2.748638290939977,0.0021696152973036016,-0.00225958870029842,0.08641514004895554
1.5653130626125225,6.215137329382053,-2.7243368088146975,0.0022281197299049305,-0.0022545204093264493,0.0884858332991272
1.5663132626525305,6.225908183176301,-2.6997629758305965,0.0022872429923590887,-0.002249275141330117,0.09055388038268465
1.5673134626925385,6.23458313295421,-2.6749198050823284,0.0023469537984655464,-0.0022438532682326146,0.09261873430181021
1.5683136627325465,6.241159124548122,-2.649810328658765,0.002407220761231101,-0.002238255402667016,0.09467984788434469
1.5693138627725545,6.245633816949532,-2.6244375972182743,0.0024680124058680027,-0.0022324823984190916,0.09673667395302125
1.5703140628125625,6.248005582674055,-2.598804679564337,0.0025292971827907086,-0.0022265353505590297,0.09878866549474256
1.5713142628525705,6.248273507879172,-2.5729146622215406,0.00259104348060369,-0.002220415595261557,0.10083527582984432
1.5723144628925785,6.2464373922349905,-2.5467706490120197,0.0026532196390727627,-0.002214124709314393,0.10287595878128784
1.5733146629325865,6.2424977485484225,-2.5203757606323105,0.0027157939620724384,-0.0022076645093153805,0.10491016884372481
1.5743148629725945,6.236455802141163,-2.493733134230844,0.002778734730501869,-0.002201037050559066,0.10693736135237719
1.5753150630126025,6.228313489982074,-2.466845922985918,0.002842010215162005,-0.0021942446256139232,0.10895699265167548
1.5763152630526105,6.218073459574529,-2.439717295684418,0.0029055886895866735,-0.0021872897625918354,0.11096852026359863
1.5773154630926185,6.205739067599473,-2.412350436301122,0.002969438442820373,-0.0021801752231118635,0.11297140305565911
1.5783156631326265,6.191314378314944,-2.384748543578755,0.0030335277921356616,-0.0021729039999607448,0.11496510140847675
1.5793158631726345,6.174804161713004,-2.356914830608889,0.0030978250956831474,-0.002165479314452974,0.11694907738288515
1.5803160632126425,6.156213891434934,-2.3288525244135823,0.00316229876506718,-0.0021579046134937224,0.11892279488651475
1.5813162632526505,6.135549742445873,-2.300564865527945,0.003226917277840489,-0.0021501835663482443,0.1208857198397969
1.5823164632926585,6.112818588469899,-2.272055107583603,0.0032916491899111404,-0.002142320061121828,0.12283732034133334
1.5833166633326665,6.0880279991868935,-2.2433265168931604,0.003356463147855327,-0.002134318200954714,0.12477706683257593
1.5843168633726745,6.061186237192349,-2.214382372035644,0.003421327901129664,-0.002126182299936795,0.12670443226176192
1.5853170634126825,6.0323022547216425,-2.185225963442961,0.00348621231417682,-0.002117916878747285,0.1286188922470498
1.5863172634526905,6.0013856901401414,-2.155860592987616,0.0035510853784184856,-0.002109526660024898,0.13051992523880188
1.5873174634926985,5.9684468642006845,-2.1262895735713627,0.0036159162241298517,-0.0021010165634744405,0.1324070126809593
1.5883176635327065,5.933496776070147,-2.0965162287151915,0.0036806741321899583,-0.00209239170071606,0.13427963917145638
1.5893178635727145,5.896547099126628,-2.0665438921505177,0.003745328545702467,-0.002083657369883737,0.13613729262162058
1.5903180636127225,5.857610176529271,-2.0363759074115872,0.003809849081481596,-0.0020748190499799194,0.13797946441450584
1.5913182636527305,5.816699016562338,-2.006015627429278,0.003874205541398167,-0.002065882394993531,0.13980564956210673
1.5923184636927386,5.77382728775563,-1.975466414126207,0.003938367923580923,-0.002056853227788871,0.1416153468614014
1.5933186637327466,5.729009313783177,-1.9447316380132662,0.004002306433468468,-0.00204773753377323,0.14340805904917217
1.5943188637727546,5.682260068142406,-1.913814677787519,0.004065991494707435,-0.0020385414543513222,0.14518329295555263
1.5953190638127626,5.633595168615734,-1.8827189199317376,0.004129393759892653,-0.0020292712801749,0.14694055965625072
1.5963192638527706,5.583030871517044,-1.8514477583152291,0.004192484121145356,-0.002019933444196179,0.14867937462339798
1.5973194638927786,5.5305840657252014,-1.8200045937964324,0.004255233720525692,-0.0020105345145339493,0.1503992578749755
1.5983196639327866,5.47627226650709,-1.7883928338269537,0.00431761396027598,-0.0020010811871614635,0.15209973412276748
1.5993198639727946,5.4201136091325095,-1.7566158920573431,0.004379596512891449,-0.0019915802784254335,0.15378033291879442
1.6003200640128026,5.362126842283553,-1.7246771879444547,0.004441153331015387,-0.001982038717405655,0.1554405888001779
1.6013202640528106,5.302331321260957,-1.6925801463605301,0.004502256657155863,-0.001972463538124975,0.1570800414323897
1.6023204640928186,5.240747000990154,-1.660328197204083,0.004562879033221437,-0.0019628618716195007,0.15869823575083933
1.6033206641328266,5.177394428829731,-1.6279247750124761,0.004622993309873465,-0.0019532409378791027,0.16029472210075288
1.6043208641728346,5.112294737185009,-1.5953733185763028,0.004682572655692894,-0.0019436080376684212,0.1618690563752992
1.6053210642128426,5.045469635929711,-1.5626772705557241,0.0047415905661596005,-0.0019339705442387191,0.16342080015191768
1.6063212642528506,4.976941404638541,-1.5298400770985965,0.00480002087244261,-0.0019243358949410422,0.1649495208268044
1.6073214642928586,4.906732884633601,-1.4968651874604515,0.004857837749999736,-0.0019147115827512597,0.16645479174751276
1.6083216643328666,4.834867470847879,-1.4637560536265464,0.004915015726985393,-0.001905105147717647,0.16793619234362653
1.6093218643728746,4.761369103508642,-1.4305161299358482,0.004971529692465558,-0.0018955241683417511,0.16939330825546284
1.6103220644128826,4.686262259644102,-1.397148872706931,0.005027354904439086,-0.0018859762529033468,0.17082573146076452
1.6113222644528906,4.609571944416355,-1.3636577398660756,0.005082466997664769,-0.001876469030740334,0.17223306039934091
1.6123224644928986,4.531323682284133,-1.330046190577287,0.005136841991293751,-0.0018670101434944703,0.1736149000956176
1.6133226645329066,4.451543507998377,-1.2963176848744806,0.005190456296307087,-0.0018576072363338466,0.17497086227905626
1.6143228645729146,4.370257957434163,-1.2624756832958135,0.005243286722758478,-0.0018482679491630277,0.17630056550240622
1.6153230646129226,4.2874940582624035,-1.2285236465201166,0.005295310486822326,-0.001838999907831764,0.1776036352577506
1.6163232646529306,4.2032793204648895,-1.1944650350055137,0.0053465052176475,-0.0018298107153531704,0.17887970409031037
1.6173234646929386,4.117641726695783,-1.160303308630351,0.00539684896401736,-0.0018207079431422216,0.18012841170997032
1.6183236647329466,4.030609722493689,-1.1260419263362147,0.005446320200816711,-0.0018116991222853773,0.18134940510049258
1.6193238647729546,3.9422122063475027,-1.0916843457733156,0.005494897835306594,-0.0018027917348520778,0.18254233862638292
1.6203240648129626,3.8524785196199223,-1.0572340229481667,0.005542561213207911,-0.0017939932052587848,0.18370687413737702
1.6213242648529707,3.7614384363321123,-1.0226944118734973,0.005589290124595045,-0.0017853108916961466,0.1848426810705141
1.6223244648929787,3.669122152813466,-0.9880689642206187,0.005635064809600779,-0.0017767520776297739,0.18594943654976637
1.6233246649329867,3.575560277220224,-0.953361128974061,0.005679865963933944,-0.0017683239633849914,0.1870268254831936
1.6243248649729947,3.480783818926521,-0.9185743520886681,0.005723674744211319,-0.0017600336578258112,0.18807454065759316
1.6253250650130027,3.38482417779212,-0.8837120761490561,0.005766472773105463,-0.0017518881701382326,0.18909228283061633
1.6263252650530107,3.287713133310337,-0.8487777400315595,0.005808242144310211,-0.0017438944017278237,0.1900797608203231
1.6273254650930187,3.1894828336404206,-0.8137747785686126,0.005848965427325684,-0.0017360591382413837,0.1910366915921484
1.6283256651330267,3.090165784528092,-0.7787066222155744,0.005888625672064747,-0.0017283890417223037,0.19196280034325308
1.6293258651730347,2.989794838118282,-0.7435766967201208,0.005927206413282911,-0.0017208906429090707,0.1928578205842352
1.6303260652130427,2.8884031816643496,-0.7083884227941746,0.005964691674833734,-0.0017135703336861596,0.1937214942181763
1.6313262652530507,2.7860243261373756,-0.6731452157882907,0.006001065973751854,-0.0017064343596963542,0.1945535716170002
1.6323264652930587,2.682692094740076,-0.6378504853686567,0.006036314324165803,-0.0016994888131233274,0.1953538116951211
1.6333266653330667,2.578440611329024,-0.6025076351967041,0.006070422241042812,-0.0016927396256530844,0.19612198198035974
1.6343268653730747,2.4733042887496817,-0.5671200626113102,0.0061033757437678245,-0.0016861925616226405,0.1968578586821074
1.6353270654130827,2.3673178170881224,-0.5316911583135292,0.006135161359558959,-0.0016798532113640632,0.1975612267567174
1.6363272654530907,2.260516151843724,-0.49622430605415985,0.0061657661267216805,-0.0016737269847517577,0.19823187997010602
1.6373274654930987,2.1529345020269854,-0.46072288232376085,0.006195177597743919,-0.001667819104960616,0.1988696209575452
1.6383276655331067,2.0446083181867616,-0.42519025604548216,0.006223383842234385,-0.0016621346024423824,0.19947426128062973
1.6393278655731147,1.935573280371031,-0.3896297882705104,0.006250373449706296,-0.0016566783091273142,0.20004562148140387
1.6403280656131227,1.8258652860253932,-0.35404483187623176,0.006276135532208709,-0.001651454852857935,0.20058353113363236
1.6413282656531307,1.7155204378338684,-0.3184387312671826,0.006300659726807636,-0.0016464686520613887,0.20108782889120194
1.6423284656931387,1.6045750315057716,-0.2828148220786588,0.0063239361979190315,-0.001641723910666608,0.20155836253364087
1.6433286657331467,1.4930655435133398,-0.2471764308830609,0.006345955639495749,-0.0016372246132722074,0.20199498900874455
1.6443288657731547,1.3810286187841554,-0.21152687489912483,0.006366709277070458,-0.0016329745205707095,0.20239757447229628
1.6453290658131627,1.2685010583529024,-0.17586946170381118,0.0063861888696564685,-0.0016289771650343935,0.20276599432487383
1.6463292658531707,1.155519806976346,-0.14020748894698676,0.006404386711508354,-0.001625235846867742,0.20310013324573234
1.6473294658931787,1.0421219407163214,-0.10454424406902875,0.006421295633744141,-0.00162175363023114,0.20339988522375646
1.6483296659331867,0.9283446544946359,-0.0688830040211397,0.006436909005830805,-0.001618533339740149,0.2036651535854744
1.6493298659731948,0.8142252496243596,-0.033227034988490105,0.006451220736934673,-0.0016155775572443557,0.20389585102012825
1.6503300660132025,0.6998011213218532,0.0024204078837601994,0.006464225277138274,-0.0016128886188894527,0.2040918996017958
1.6513302660532105,0.5851097462037395,0.038056080761577515,0.006475917618525075,-0.0016104686124658748,0.20425323080856025
1.6523304660932185,0.4701886697730451,0.07367675139034963,0.006486293296133382,-0.0016083193750469796,0.2043797855387242
1.6533306661332265,0.3550754938990058,0.10927919936029805,0.006495348388780682,-0.0016064424909194048,0.20447151412406722
1.6543308661732345,0.23980786429468087,0.1448602163690377,0.006503079519759482,-0.0016048392898079015,0.20452837634014523
1.6553310662132426,0.12442345799660647,0.18041660648112923,0.006509483857405664,-0.0016035108453965924,0.2045503414136325
1.6563312662532506,0.008959970850885651,0.21594518638494659,0.0065145591155401986,-0.0016024579741482515,0.204537388026707
1.6573314662932586,-0.10654489499005193,0.2514427856464421,0.006518303553784995,-0.0016016812344228578,0.20448950431848129
1.6583316663332666,-0.2220534435560327,0.28690624696010475,0.006520715977753496,-0.001601180925896321,0.20440668788348243
1.6593318663732746,-0.3375279975283376,0.32233242639693277,0.0065217957391165305,-0.001600957089279929,0.20428894576718468
1.6603320664132826,-0.4529309106858748,0.3577181936495744,0.0065215427355438055,-0.0016010095063407153,0.2041362944586001
1.6613322664532906,-0.5682245803237246,0.3930604322744288,0.00651995741052129,-0.0016013377002225917,0.2039487598799333
1.6623324664932986,-0.68337145963995,0.42835603993088944,0.006517040753044626,-0.0016019409360677479,0.20372637737330723
1.6633326665333066,-0.7983340700867934,0.46360192861764404,0.006512794297188563,-0.001602818221937461,0.20346919168456806
1.6643328665733146,-0.9130750136817144,0.4987950249059192,0.0065072201215523266,-0.0016039683100311198,0.20317725694417815
1.6653330666133226,-1.0275569852745032,0.5339322701698925,0.006500320848580645,-0.0016053896982019167,0.20285063664520694
1.6663332666533306,-1.1417427847662205,0.5690106208141454,0.006492099643760112,-0.0016070806317673187,0.20248940361843076
1.6673334666933386,-1.255595329275753,0.6040270484980125,0.006482560214690387,-0.0016090391056120849,0.20209364000455335
1.6683336667333466,-1.3690776652505283,0.638978540357187,0.006471706810029657,-0.0016112628665812612,0.20166343722355967
1.6693338667733546,-1.4821529805164944,0.6738620992221389,0.006459544218313647,-0.0016137494161602465,0.20119889594121707
1.6703340668133626,-1.5947846162642558,0.7086747438337181,0.006446077766647384,-0.00161649601343869,0.20070012603273799
1.6713342668533706,-1.7069360789668695,0.7434135090557206,0.006431313319268787,-0.001619499678354652,0.20016724654362023
1.6723344668933786,-1.8185710522256293,0.7780754460844946,0.0064152572759830755,-0.0016227571952151345,0.1996003856476807
1.6733346669333866,-1.9296534085398305,0.8126576226555573,0.006397916570466896,-0.0016262651164887692,0.19899968060230058
1.6743348669733946,-2.040147220996804,0.8471571232472355,0.006379298668440958,-0.0016300197668661304,0.1983652777008996
1.6753350670134026,-2.1500167748783032,0.8815710492813696,0.006359411565709909,-0.0016340172475828336,0.19769733222265906
1.6763352670534106,-2.259226579179559,0.9158965193209725,0.006338263786068079,-0.0016382534410002703,0.19699600837951337
1.6773354670934186,-2.367741378037188,0.950130669264993,0.006315864379069678,-0.0016427240154385356,0.19626147926043092
1.6783356671334266,-2.4755261620623306,0.9842706525400606,0.006292222917661937,-0.0016474244302558023,0.1954939267730064
1.6793358671734346,-2.5825461795753144,1.0183136402891653,0.0062673494956796486,-0.0016523499411681152,0.19469354158238678
1.6803360672134426,-2.6887669477383205,1.0522568215575443,0.006241254725199494,-0.0016574956058032944,0.1938605230475547
1.6813362672534506,-2.794154263582374,1.0860974034754771,0.006213949733752514,-0.0016628562894823596,0.19299507915499345
1.6823364672934586,-2.898674214925233,1.1198326114381132,0.006185446161393035,-0.0016684266712216254,0.19209742644975875
1.6833366673334667,-3.0022931911766784,1.1534596892823665,0.0061557561576223345,-0.0016742012499483532,0.19116778996398298
1.6843368673734747,-3.1049778940276864,1.1869758994608446,0.006124892378165315,-0.0016801743509225954,0.1902064031428391
1.6853370674134827,-3.2066953480202844,1.2203785232127378,0.006092867981598435,-0.0016863401323576215,0.18921350776799126
1.6863372674534907,-3.3074129109945964,1.2536648607318768,0.0060596966258271556,-0.001692692592231085,0.18818935387856084
1.6873374674934987,-3.4070982844098787,1.2868322313317437,0.0060253924644111355,-0.0016992255752788553,0.18713419968963665
1.6883376675335067,-3.5057195235362957,1.3198779736075306,0.005989970142735467,-0.00170593278016323,0.1860483115083595
1.6893378675735147,-3.603245047514256,1.3527994455952896,0.005953444794026221,-0.001712807766807025,0.18493196364761122
1.6903380676135227,-3.6996436492781304,1.3855940249281378,0.0059158320352086236,-0.0017198439638848474,0.18378543833734015
1.6913382676535307,-3.7948845053414844,1.4182591089894852,0.005877147962606225,-0.0017270346764626644,0.1826090256335544
1.6923384676935387,-3.8889371854404713,1.4507921150633212,0.00583740914747946,-0.0017343730937766013,0.18140302332501615
1.6933386677335467,-3.9817716620327266,1.4831904804817055,0.005796632631402064,-0.0017418522971417326,0.18016773683767018
1.6943388677735547,-4.073358319648759,1.5154516627691144,0.005754835921473862,-0.0017494652679814718,0.17890347913684096
1.6953390678135627,-4.163667964092874,1.5475731397840868,0.00571203698536854,-0.0017572048959680192,0.17761057062723287
1.6963392678535707,-4.252671831491069,1.5795524098577904,0.005668254246215064,-0.0017650639872641867,0.17628933905076916
1.6973394678935787,-4.340341597182944,1.6113869919298474,0.0056235065773115305,-0.0017730352728567947,0.1749401193823058
1.6983396679335867,-4.426649384455134,1.6430744256810659,0.005577813296670308,-0.0017811114169717223,0.17356325372325673
1.6993398679735947,-4.511567773113507,1.6746122716635252,0.005531194161393445,-0.0017892850255605882,0.1721590911931682
1.7003400680136027,-4.595069807891716,1.7059981114275369,0.005483669361877435,-0.0017975486548489478,0.17072798781927967
1.7013402680536107,-4.677129006693507,1.7372295476459187,0.0054352595158465465,-0.001805894819935815,0.16927030642411048
1.7023404680936187,-4.757719368666456,1.76830420423532,0.005385985662214057,-0.001814316003434247,0.1677864165111106
1.7033406681336267,-4.83681538210466,1.7992197264746812,0.00533586925477087,-0.0018228046641426807,0.16627669414841587
1.7043408681736347,-4.9143920321782195,1.8299737811208872,0.00528493215570113,-0.0018313532457366586,0.1647415218507475
1.7053410682136427,-4.990424808487183,1.8605640565215813,0.0052331966289246015,-0.0018399541854705619,0.16318128845949667
1.7063412682536507,-5.064889712437762,1.890988262725079,0.0051806853332657474,-0.0018485999228789417,0.1615963890210355
1.7073414682936587,-5.13776326443887,1.9212441315875928,0.00512742131544958,-0.0018572829084670423,0.15998722466329637
1.7083416683336667,-5.209022510916842,1.951329416877517,0.0050734280029245465,-0.0018659956123801117,0.15835420247066126
1.7093418683736747,-5.278645031146267,1.9812418943769627,0.005018729196512878,-0.001874730533041122,0.1566977353572045
1.7103420684136827,-5.346608943895319,2.010979361980569,0.004963349062888996,-0.0018834802057465484,0.15501824193833166
1.7113422684536908,-5.412892913883417,2.040539639791411,0.00490731212688678,-0.0018922372112099102,0.1533161464008583
1.7123424684936988,-5.477476158049704,2.069920570214209,0.004850643263636654,-0.001900994184042829,0.15159187837157256
1.7133426685337068,-5.540338451630579,2.099120018045849,0.004793367690533664,-0.0019097438211634363,0.14984587278432604
1.7143428685737148,-5.601460134044563,2.128135870562962,0.004735510959037901,-0.0019184788901220468,0.1480785697456979
1.7153430686137228,-5.660822114583116,2.156966037607021,0.004677098946308826,-0.0019271922373341095,0.14629041439927723
1.7163432686537308,-5.718405877905669,2.185608451666475,0.004618157846675235,-0.0019358767962105623,0.1444818567886091
1.7173434686937388,-5.774193489337829,2.2140610679563366,0.004558714162942837,-0.0019445255951758358,0.14265335171885055
1.7183436687337468,-5.82816759997096,2.2423218644950254,0.00449879469754158,-0.0019531317655638912,0.14080535861718257
1.7193438687737548,-5.880311451562252,2.270388842178482,0.004438426543515081,-0.0019616885493828223,0.13893834139202432
1.7203440688137628,-5.930608881233828,2.298260024851657,0.004377637075354738,-0.0019701893069387117,0.13705276829109675
1.7213442688537708,-5.979044325969887,2.325933459377336,0.004316453939681264,-0.001978627524309609,0.13514911175838268
1.7223444688937788,-6.025602826910747,2.353407215702292,0.004254905045776615,-0.0019869968206606766,0.13322784829003045
1.7233446689337868,-6.070270033442829,2.3806793869207956,0.004193018555969492,-0.001995290955391747,0.13128945828924904
1.7243448689737948,-6.113032207083712,2.4077480893355814,0.004130822875877761,-0.002003503835108747,0.12933442592024216
1.7253450690138028,-6.1538762251612456,2.4346114625160586,0.0040683466445113736,-0.0020116295204106577,0.12736323896122956
1.7263452690538108,-6.19278958428616,2.4612676693541133,0.0040056187242395475,-0.0020196622324839104,0.1253763886566038
1.7273454690938188,-6.229760403617327,2.487714896117146,0.003942668190626157,-0.0020275963594963645,0.12337436956827069
1.7283456691338268,-6.264777427919041,2.5139513524987134,0.0038795243221374843,-0.002035426462783256,0.12135767942622205
1.7293458691738348,-6.297830030409907,2.5399752716664414,0.003816216589726658,-0.002043147282817772,0.1193268189783896
1.7303460692138428,-6.3289082154025635,2.565784910307564,0.0037527746462993005,-0.00205075374495918,0.11728229183982858
1.7313462692538508,-6.358002620734167,2.5913785486718424,0.003689228316065069,-0.002058240964971711,0.11522460434128026
1.7323464692938588,-6.385104519987012,2.616754490611989,0.003625607583779959,-0.0020656042543076986,0.11315426537716224
1.7333466693338668,-6.41020582449913,2.641911063621629,0.0035619425838843994,-0.002072839125148765,0.1110717862530356
1.7343468693738748,-6.433299085164722,2.6668466188707516,0.0034982635895423344,-0.0020799412951991534,0.10897768053259826
1.7353470694138828,-6.454377494024142,2.6915595312387226,0.0034346010015866395,-0.0020869066922256244,0.10687246388425359
1.7363472694538908,-6.473434885643503,2.716048199344811,0.0033709853373763685,-0.0020937314583386515,0.10475665392730343
1.7373474694938988,-6.4904657382838655,2.740311045576324,0.003307447219571468,-0.0021004119540099825,0.10263077007781514
1.7383476695339068,-6.505465174860066,2.7643465161143044,0.0032440173648307377,-0.002106944761821969,0.10049533339421143
1.7393478695739149,-6.518428963689379,2.7881530809568327,0.00318072657243893,-0.0021133266899444085,0.09835086642263256
1.7403480696139229,-6.52935351903023,2.811729233939963,0.0031176057128690132,-0.002119554775334985,0.09619789304211991
1.7413482696539309,-6.538235901411205,2.8350734927562113,0.0030546857162857223,-0.0021256262866597617,0.09403693830967011
1.7423484696939389,-6.5450738177507795,2.8581843989708235,0.0029919975609966347,-0.0021315387269305137,0.09186852830520872
1.7433486697339469,-6.549865621268163,2.881060518035571,0.002929572261857093,-0.0021372898358560763,0.08969318997653254
1.7443488697739549,-6.552610311185744,2.90370043930032,0.0028674408586353843,-0.0021428775919052237,0.08751145098426928
1.7453490698139629,-6.55330753222375,2.926102776022242,0.0028056344043446667,-0.002148300214078983,0.0853238395469034
1.7463492698539709,-6.551957573887699,2.948266165372792,0.00274418395354819,-0.002153556163390643,0.08313088428591675
1.7473494698939789,-6.548561369549412,2.970189268442338,0.002683120550644425,-0.0021586441440521013,0.08093311407109244
1.7483496699339869,-6.5431204953222855,2.9918707702426537,0.0026224752181387544,-0.0021635631043655564,0.0787310578660302
1.7493498699739949,-6.535637168731716,3.0133093797070187,0.0025622789449084252,-0.002168312237319939,0.07652524457392137
1.750350070014003,-6.526114247181557,3.0345038296882607,0.0025025626744674804,-0.0021728909808918432,0.0743162028836315
1.751350270054011,-6.514555226217574,3.055452876954461,0.002443357293238416,-0.002177299018051096,0.07210446111613804
1.752350470094019,-6.5009642375889465,3.0761553021825803,0.002384693618837312,-0.002181536276471478,0.06989054707137092
1.753350670134027,-6.485346047108878,3.096609909949864,0.0023266023883791865,-0.002185602927947489,0.06767498787550295
1.754350870174035,-6.467706052315543,3.1168155287230714,0.002269114246810313,-0.0021894993875184055,0.06545830982873715
1.755351070214043,-6.448050279934528,3.1367710108456506,0.002212259735274214,-0.0021932263123012738,0.0632410382536377
1.756351270254051,-6.426385383144083,3.1564752325227494,0.002156069279518023,-0.0021967846000348185,0.06102369734405083
1.757351470294059,-6.402718638644559,3.1759270938041055,0.0021005731783458577,-0.002200175387336638,0.05880681001466201
1.758351670334067,-6.377057943533365,3.1951255185649114,0.0020458015921258066,-0.0022034000476763966,0.0565908977512348
1.759351870374075,-6.349411811987059,3.214069454484613,0.0019917845313570616,-0.002206460189068089,0.05437648046157726
1.760352070414083,-6.319789371751898,3.232757873023614,0.0019385518453036712,-0.0022093576514848005,0.052164076327280755
1.761352270454091,-6.288200360444666,3.251189769398003,0.0018861332107013074,-0.002212094503999731,0.04995420165627602
1.762352470494099,-6.25465512166526,3.269364162552268,0.00183455812054335,-0.002214673041657586,0.04774737073625085
1.763352670534107,-6.219164600922809,3.2872800951299888,0.0017838558729525041,-0.0022170957820807787,0.04554409568897339
1.7643528705741147,-6.181740341377113,3.3049366334426313,0.0017340555601440696,-0.0022193654618152016,0.04334488632556517
1.7653530706141227,-6.142394479397142,3.3223328674362866,0.0016851860574867957,-0.0022214850324206586,0.041150250002764066
1.7663532706541307,-6.101139739938611,3.339467910656578,0.0016372760126673637,-0.00222345765631134,0.038960691480227336
1.7673534706941387,-6.0579894317423735,3.3563409002115954,0.001590353834964029,-0.0022252867023520462,0.036776712778907227
1.7683536707341467,-6.012957442355805,3.372950996732906,0.0015444476846352096,-0.002226975741216145,0.034598813040548425
1.7693538707741547,-5.9660582329790985,3.389297384334794,0.001499585462428427,-0.0022285285405115357,0.03242748838834576
1.7703540708141627,-5.917306833138586,3.405379270571527,0.001455794799214946,-0.002229949059681175,0.03026323178880359
1.7713542708541707,-5.866718835189274,3.4211958863928236,0.0014131030457552847,-0.002231241444684975,0.028106532914837338
1.7723544708941787,-5.81431038864871,3.4367464860975203,0.0013715372626006133,-0.002232410022470149,0.025957878010157136
1.7733546709341867,-5.760098194364461,3.4520303472854255,0.0013311242101348925,-0.0022334592952373213,0.02381774975497295
1.7743548709741948,-5.704099498517566,3.4670467708073187,0.0012918903387624326,-0.00223439393450995,0.021686627133060157
1.7753550710142028,-5.646332086464084,3.4817950807133156,0.001253861779245375,-0.0022352187750148485,0.019564985300223884
1.7763552710542108,-5.586814276417427,3.4962746241993696,0.0012170643331954293,-0.0022359388083817797,0.01745329545420004
1.7773554710942188,-5.525564912973592,3.5104847715520835,0.0011815234637239994,-0.0022365591766703267,0.01535202470603019
1.7783556711342268,-5.462603360482067,3.5244249160918337,0.0011472642862546622,-0.002237085165732412,0.0132616359529471
1.7793558711742348,-5.397949496264627,3.5380944741141795,0.0011143115595017587,-0.002237522198419023,0.011182587752806982
1.7803560712142428,-5.331623703684908,3.5514928848295937,0.0010826896766186732,-0.0022378758276398714,0.009115334200104061
1.7813562712542508,-5.263646865070978,3.5646196103015426,0.0010524226565191747,-0.002238151729284855,0.0070603248036023546
1.7823564712942588,-5.194040354493984,3.5774741353829556,0.001023534135375006,-0.002238355695016347,0.005018004365619069
1.7833566713342668,-5.122826030405113,3.5900559676510446,0.0009960473582926977,-0.0022384936249414534,0.0029888128629932615
1.7843568713742748,-5.050026228133972,3.6023646373405542,0.0009699851711723954,-0.0022385715201735028,0.0009731853297729439
1.7853570714142828,-4.97566375225092,3.6143996972754078,0.0009453700127512776,-0.0022385954752921306,-0.0010284482583469558
1.7863572714542908,-4.899761868796179,3.626160722798829,0.0009222239068339531,-0.0022385716707114195,-0.003015663097803934
1.7873574714942988,-4.822344297378542,3.6376473117018633,0.0009005684547120182,-0.0022385063649656206,-0.004988039669133375
1.7883576715343068,-4.743435203146766,3.6488590841504487,0.0008804248277747614,-0.00223840588692206,-0.006945163847089609
1.7893578715743148,-4.663059188636119,3.6597956826109486,0.0008618137603127992,-0.0022382766279308783,-0.00888662700889276
1.7903580716143228,-4.581241285493495,3.670456771774172,0.000844755542516238,-0.002238125033921295,-0.010812026140572162
1.7913582716543308,-4.498006946083559,3.68084203847799,0.0008292700136687534,-0.002237957597454109,-0.01272096394137791
1.7923584716943388,-4.413382034979424,3.6909511916284616,0.0008153765555387978,-0.0022377808497401697,-0.014613048926232658
1.7933586717343468,-4.327392820340413,3.70078396211955,0.0008030940859689448,-0.0022376013526345527,-0.016487895526196655
1.7943588717743548,-4.240065965180363,3.7103401027514145,0.0007924410526642041,-0.002237425690616151,-0.018345124186919543
1.7953590718143628,-4.1514285185292294,3.719619388147334,0.0007834354271799482,-0.0022372604627623875,-0.02018436146505327
1.7963592718543708,-4.061507906491154,3.7286216146692435,0.0007760946991099187,-0.0022371122747287067,-0.022005240122601133
1.7973594718943788,-3.970331923202389,3.737346600331921,0.0007704358704746059,-0.0022369877307424554,-0.02380739921917864
1.7983596719343868,-3.8779287216917715,3.7457941847158507,0.0007664754503101148,-0.002236893425620713,-0.02559048420216277
1.7993598719743948,-3.784326804647345,3.753964228878752,0.0007642294494574779,-0.002236835936821542,-0.02735414699470672
1.8003600720144028,-3.689555015092052,3.7618566152658364,0.0007637133755522014,-0.00223682181653807,-0.029098046081598165
1.8013602720544108,-3.5936425269717036,3.769471247618765,0.000764942228213683,-0.002236857583844693,-0.030821846592939676
1.8023604720944189,-3.496618835658751,3.776808050883352,0.000767930494433987,-0.002236949716904608,-0.03252522038563071
1.8033606721344269,-3.398513748374761,3.783866971116043,0.0007726921441653117,-0.0022371046452477517,-0.034207846122631384
1.8043608721744349,-3.2993573745348477,3.7906479753891533,0.0007792406261053523,-0.002237328742128099,-0.035869409349989015
1.8053610722144429,-3.199180116017817,3.7971510516949087,0.0007875888636796279,-0.0022376283169691373,-0.037509602571608965
1.8063612722544509,-3.098012657364701,3.8033762088483107,0.0007977492512197057,-0.002238009607906187,-0.039128125321752416
1.8073614722944589,-2.9958859559093236,3.8093234763888146,0.0008097336503361458,-0.002238478774434075,-0.04072468423524425
1.8083616723344669,-2.892831231844299,3.8149929044808717,0.0008235533864848701,-0.002239041890168503,-0.04229899311537495
1.8093618723744749,-2.788879958225461,3.820384563813356,0.0008392192457255479,-0.0022397049357292848,-0.04385077299948141
1.8103620724144829,-2.68406385091828,3.8254985454978496,0.0008567414716704984,-0.0022404737917534234,-0.04537975222219208
1.8113622724544909,-2.578414858489694,3.830334960965859,0.0008761297626225096,-0.002241354232045822,-0.04688566647632283
1.8123624724944989,-2.4719651520485155,3.834893941864943,0.000897393268899885,-0.002242351916875207,-0.048368258871410615
1.813362672534507,-2.364747115037743,3.8391756399537904,0.0009205405903469535,-0.0022434723864226424,-0.0498272799898728
1.814362872574515,-2.256793332982482,3.8431802269962527,0.0009455797740282033,-0.0022447210543897864,-0.051262487940780754
1.815363072614523,-2.148136583196318,3.8469078946543673,0.0009725183121041297,-0.0022461032017738226,-0.05267364841123728
1.816363272654531,-2.0388098244500847,3.8503588543803646,0.0010013631398868334,-0.002247623970815763,-0.05406053471534792
1.817363472694539,-1.9288461866058644,3.8535333373076948,0.0010321206340733466,-0.002249288359128579,-0.055422927840777333
1.818363672734547,-1.8182789602199971,3.856431594141098,0.0010647966111546256,-0.002251101214011379,-0.056760616492882325
1.819363872774555,-1.707141586118196,3.8590538950457005,0.0010993963259981001,-0.0022530672269555877,-0.05807339713641428
1.820364072814563,-1.595467644946433,3.861400529535213,0.0011359244706016475,-0.0022551909283488386,-0.059361074034784245
1.821364272854571,-1.4832908467005097,3.863471806359185,0.0011743851730168229,-0.00225747668238202,-0.06062345928688485
1.822364472894579,-1.3706450202382636,3.8652680533893755,0.0012147819964391684,-0.002259928682164649,-0.06186037286146391
1.823364672934587,-1.2575641027770572,3.8667896175052543,0.001257117938463399,-0.0022625509450534854,-0.06307164262904559
1.824364872974595,-1.1440821293807562,3.8680368644786185,0.00130139543050127,-0.0022653473081990084,-0.06425710439139533
1.825365073014603,-1.0302332224387032,3.8690101788573883,0.0013476163373599126,-0.002268321424314112,-0.06541660190852609
1.826365273054611,-0.9160515811405345,3.8697099638485675,0.0013957819569784466,-0.002271476757669084,-0.06654998692324378
1.827365473094619,-0.8015714709500256,3.870136641200386,0.0014458930203206763,-0.002274816580316657,-0.06765711918323067
1.828365673134627,-0.6868272130812786,3.87029065108367,0.0014979496914217,-0.00227834396855062,-0.06873786646066653
1.829365873174635,-0.5718531739806297,3.8701724519724148,0.0015519515675862787,-0.002282061799601198,-0.06979210456938766
1.830366073214643,-0.45668375481723206,3.869782520523619,0.001607897679736839,-0.002285972748570114,-0.07081971737958509
1.831366273254651,-0.3413533809861611,3.8691213514563647,0.0016657864929090173,-0.002290079285607948,-0.07182059683004381
1.832366473294659,-0.2258964916269263,3.8681894574301814,0.001725615906892685,-0.002294383673336115,-0.07279464293792556
1.833366673334667,-0.11034752916051613,3.866987368922699,0.0017873832570164323,-0.002298887964515495,-0.0737417638060988
1.834366873374675,0.00525907115141383,3.8655156341066053,0.0018510853150735377,-0.00230359399996344,-0.07466187562801985
1.835367073414683,0.12088889162218637,3.8637748187259513,0.0019167182903874964,-0.002308503406720585,-0.07555490269017022
1.836367273454691,0.2365075425275322,3.8617655059717606,0.001984277831015222,-0.0023136175964686176,-0.07642077737205577
1.837367473494699,0.3520806724613196,3.8594882963570387,0.0020537590250861073,-0.002318937764199822,-0.07725944014377409
1.838367673534707,0.46757397865676387,3.856943807591137,0.002125156402275169,-0.0023244648871389613,-0.07807083956115726
1.839367873574715,0.5829532172695818,3.8541326744534987,0.0021984639354085743,-0.0023301997239177355,-0.07885493225849788
1.840368073614723,0.6981842136206224,3.8510555486668423,0.0022736750421998996,-0.002336142814001777,-0.07961168293886697
1.841368273654731,0.8132328723938907,3.847713098769737,0.0023507825871155437,-0.0023422944773698424,-0.08034106436203305
1.842368473694739,0.9280651877881158,3.8441060099886455,0.0024297788833677696,-0.0023486548144445846,-0.08104305732999248
1.843368673734747,1.0426472536178755,3.840234984109409,0.0025106556950339367,-0.0023552237062739807,-0.08171765067012185
1.844368873774755,1.1569452733614844,3.836100739348199,0.002593404239300534,-0.002362000814962229,-0.08236484121596375
1.845369073814763,1.270925570153157,3.8317040102219733,0.0026780151888306965,-0.002368985584348631,-0.08298463378565829
1.846369273854771,1.3845545967158064,3.827045547418416,0.002764478674253973,-0.0023761772409327006,-0.08357704115803304
1.847369473894779,1.4977989452320253,3.8221261176654164,0.0028527842867771542,-0.0023835747950434684,-0.08414208404636504
1.848369673934787,1.6106253571499778,3.8169465036000663,0.002942921080915071,-0.0023911770422506773,-0.08467979106982916
1.849369873974795,1.7230007329218717,3.8115075036372232,0.0030348775773403063,-0.0023989825650152954,-0.0851901987226475
1.850370074014803,1.8348921416715482,3.8058099318376155,0.0031286417658508738,-0.002406989734576513,-0.08567335134095568
1.851370274054811,1.9462668307889246,3.7998546177755483,0.0032242011084549385,-0.002415196713072125,-0.08612930106740196
1.852370474094819,2.057092235447956,3.793642406406205,0.003321542542571762,-0.002423601455888955,-0.08655810781349639
1.853370674134827,2.1673359880462475,3.7871741579325326,0.003420652484348083,-0.0024322017142397196,-0.08695983921972716
1.854370874174835,2.276965927562428,3.780450747671804,0.00352151683208924,-0.002440995037962491,-0.0873345706134626
1.855371074214843,2.3859501088298423,3.7734730659217544,0.0036241209698043724,-0.0024499787785386778,-0.08768238496465745
1.856371274254851,2.4942568117229538,3.76624201782643,0.003728449770865121,-0.0024591500923252115,-0.0880033728393829
1.857371474294859,2.6018545502545516,3.758758523241672,0.0038344876017772857,-0.0024685059439963947,-0.08829763235120036
1.858371674334867,2.708712081580704,3.7510235166003003,0.003942218326064963,-0.002478043110190649,-0.08856526911039957
1.859371874374875,2.8147984149112717,3.7430379467769925,0.004051625308266731,-0.0024877581833571876,-0.08880639617112236
1.860372074414883,2.9200828203234,3.7348027769528698,0.004162691418043494,-0.002497647575797427,-0.08902113397639386
1.861372274454891,3.024534837475457,3.72631898447981,0.004275399034397653,-0.002507707523895745,-0.08920961030108329
1.862372474494899,3.1281242842191572,3.7175875607445192,0.004389730050003295,-0.0025179340925340086,-0.08937196019281775
1.863372674534907,3.2308212651074713,3.7086095110323374,0.004505665875647146,-0.0025283231796840995,-0.08950832591087199
1.864372874574915,3.332596179795856,3.699385854390805,0.00462318744478005,-0.002538870521172482,-0.08961885686305865
1.865373074614923,3.433419731334818,3.6899176234930566,0.004742275218178777,-0.002549571695610692,-0.08970370954064334
1.866373274654931,3.533262934351326,3.6802058645009508,0.004862909188717973,-0.0025604221294854563,-0.0897630474513097
1.867373474694939,3.632097123116892,3.6702516369280778,0.004985068886252121,-0.0025714171024019874,-0.08979704105020013
1.868373674734947,3.7298939595004312,3.660056013502503,0.0051087333826073415,-0.0025825517524738573,-0.08980586766905846
1.869373874774955,3.8266254408033866,3.6496200800294454,0.005233881296682932,-0.002593821081852708,-0.0897897114435009
1.870374074814963,3.922263907475527,3.638944935253728,0.005360490799662507,-0.002605219962390913,-0.08974876323844279
1.871374274854971,4.016782050708944,3.62803169072213,0.005488539620334635,-0.002616743141430195,-0.08968322057170848
1.872374474894979,4.11015291990851,3.6168814706456134,0.005618005050522844,-0.002628385247709067,-0.08959328753585266
1.873374674934987,4.20234993003707,3.605495411761405,0.0057488639506248825,-0.0026401407973818637,-0.08947917471822153
1.874374874974995,4.2933468688329794,3.593874663195043,0.005881092755261087,-0.002652004200142037,-0.08934109911928288
1.8753750750150031,4.383117903898718,3.5820203863222706,0.006014667479031724,-0.0026639697654422725,-0.08917928406925457
1.8763752750550111,4.4716375896582266,3.5699337546309007,0.0061495637223831145,-0.002676031708803923,-0.08899395914306117
1.8773754750950191,4.558880874181868,3.5576159535826037,0.006285756677582375,-0.002688184158208166,-0.08878536007364914
1.878375675135027,4.644823105876754,3.5450681804746567,0.00642322113480049,-0.002700421160561225,-0.08855372866369117
1.879375875175035,4.729440040041014,3.5322916443016394,0.006561931488303673,-0.0027127366882259566,-0.08829931269571069
1.880376075215043,4.8127078452806895,3.519287565617119,0.006701861742752238,-0.002725124645611996,-0.08802236584065846
1.881376275255051,4.894603109787038,3.506057176395319,0.00684298551960728,-0.002737578875816709,-0.08772314756497229
1.882376475295059,4.975102847473651,3.4926017198928085,0.006985276063644302,-0.0027500931673090758,-0.0874019230361528
1.883376675335067,5.054184503970868,3.4789224505101677,0.0071287062495735565,-0.0027626612606486533,-0.08705896302688734
1.884376875375075,5.131825962477375,3.465020633653684,0.007273248588766572,-0.002775276855231747,-0.08669454381775528
1.885377075415083,5.208005549466226,3.4508975455971354,0.00741887523608833,-0.0027879336160569093,-0.08630894709854746
1.886377275455091,5.282702040245312,3.4365544733435396,0.007565557996834469,-0.002800625180501882,-0.08590245986823371
1.887377475495099,5.355894664369899,3.4219927144870104,0.007713268333772859,-0.002813345165104129,-0.08547537433361209
1.888377675535107,5.427563110907062,3.407213577074697,0.007861977374288797,-0.0028260871723371087,-0.08502798780667392
1.889377875575115,5.497687533550096,3.3922183794687526,0.008011655917633002,-0.0028388447973744803,-0.08456060260071913
1.890378075615123,5.566248555582062,3.3770084502084496,0.00816227444227153,-0.002851611634834466,-0.08407352592525638
1.891378275655131,5.633227274687501,3.3615851278723405,0.008313803113336639,-0.0028643812854966455,-0.08356706977972317
1.892378475695139,5.698605267611519,3.3459497609405875,0.008466211790177532,-0.0028771473629835226,-0.08304155084606082
1.893378675735147,5.762364594664637,3.330103707657392,0.008619470034009893,-0.002889903500399247,-0.08249729038017982
1.894378875775155,5.824487804073265,3.314048335893554,0.008773547115662932,-0.002902643356917975,-0.08193461410235114
1.895379075815163,5.884957936174505,3.2977850230091574,0.008928412023422691,-0.002915360624314418,-0.08135385208655949
1.896379275855171,5.943758527454651,3.2813151557164737,0.009084033470970167,-0.0029280490334292184,-0.0807553386488541
1.897379475895179,6.000873614430692,3.2646401299429813,0.009240379905412793,-0.002940702360561905,-0.08013941223473388
1.898379675935187,6.056287737373894,3.2477613506945366,0.009397419515407684,-0.0029533144337842683,-0.0795064153056026
1.899379875975195,6.109985943875203,3.230680231918826,0.009555120239374956,-0.0029658791391671308,-0.07885669422433125
1.900380076015203,6.161953792251611,3.2133981963688902,0.009713449773799378,-0.0029783904269135883,-0.07819059913996393
1.901380276055211,6.21217735479307,3.195916675466988,0.009872375581618456,-0.002990842317391952,-0.07750848387160404
1.902380476095219,6.260643220849324,3.1782371091685224,0.01003186490069501,-0.003003228907061741,-0.07681070579151804
1.903380676135227,6.3073384997564315,3.160360945826363,0.010191884752372163,-0.003015544374286227,-0.07609762570749343
1.904380876175235,6.352250823602625,3.1422896420552364,0.0103524019501086,-0.0030277829850251935,-0.07536960774448843
1.905381076215243,6.395368349832851,3.1240246625964807,0.010513383108191835,-0.003039939098401715,-0.07462701922561044
1.906381276255251,6.4366797636921165,3.105567480183022,0.010674794650527133,-0.0030520071721369412,-0.07387023055246059
1.907381476295259,6.476174280507183,3.086919575404561,0.010836602819499658,-0.0030639817678470445,-0.07309961508488197
1.908381676335267,6.513841647806429,3.068082436573091,0.010998773684907287,-0.003075857556196657,-0.07231554902014868
1.909381876375275,6.549672147278023,3.0490575595886775,0.01116127315296147,-0.0030876293219033253,-0.07151841127163344
1.910382076415283,6.583656596565888,3.029846447805538,0.01132406697535342,-0.0030992919685876898,-0.07070858334699111
1.911382276455291,6.615786350903824,3.010450611898379,0.011487120758382806,-0.0031108405234643007,-0.06988644922589579
1.912382476495299,6.646053304587697,2.9908715697290753,0.011650399972146052,-0.0031222701418681816,-0.06905239523736893
1.913382676535307,6.674449892285679,2.9711108462136955,0.011813869959781266,-0.003133576111612465,-0.06820680993673606
1.914382876575315,6.7009690901867245,2.9511699731897574,0.011977495946766722,-0.0031447538571726307,-0.06735008398224959
1.915383076615323,6.725604416987599,2.9310504892838707,0.012141243050269743,-0.003155798943693105,-0.06648261001141531
1.916383276655331,6.748349934718395,2.9107539397797537,0.012305076288542762,-0.0031667070808121898,-0.0656047825170598
1.917383476695339,6.769200249407063,2.8902818764865468,0.012468960590363265,-0.00317747412630153,-0.06471699772317643
1.918383676735347,6.788150511583192,2.8696358576074648,0.012632860804514215,-0.0031880960895165505,-0.0638196534605872
1.919383876775355,6.8051964166213805,2.848817447608878,0.01279674170930156,-0.0031985691346545285,-0.06291314904245748
1.920384076815363,6.820334204924622,2.8278282170897326,0.012960568022105273,-0.003208889583817209,-0.061997885139701246
1.921384276855371,6.833560661948222,2.80666974265128,0.01312430440896037,-0.0032190539198751096,-0.06107426365631351
1.922384476895379,6.844873118064715,2.785343606767375,0.013287915494164306,-0.0032290587891309046,-0.06014268760466715
1.923384676935387,6.854269448270315,2.7638513976549293,0.013451365869907018,-0.003238901003779523,-0.05920356098081102
1.924384876975395,6.8617480717335795,2.742194709144952,0.013614620105919939,-0.003248577544162844,-0.05825728863980592
1.925385077015403,6.867307951186871,2.7203751405539474,0.013777642759140165,-0.0032580855608171306,-0.057304276171135225
1.926385277055411,6.870948592161331,2.6983942965556467,0.013940398383385998,-0.0032674223763115764,-0.056344929774226456
1.927385477095419,6.8726700420661215,2.6762537870532848,0.014102851539039975,-0.003276585486876614,-0.05537965613412025
1.928385677135427,6.872472889112696,2.653955227052229,0.014264966802735542,-0.0032855725638208707,-0.05440886229732271
1.929385877175435,6.87035826108494,2.6315002365330864,0.014426708777043417,-0.0032943814547359224,-0.0534329555478772
1.930386077215443,6.866327823956065,2.60889044032519,0.014588042100153758,-0.0033030101844882423,-0.05245234328369128
1.931386277255451,6.8603837803531444,2.586127467980588,0.014748931455550134,-0.003311456955998004,-0.05146743289315433
1.932386477295459,6.852528867870272,2.5632129536484856,0.014909341581671384,-0.003319720150804644,-0.05047863163208125
1.933386677335467,6.842766357231341,2.5401485359501614,0.01506923728155735,-0.003327798329419353,-0.049486346501017346
1.934386877375475,6.831100050303465,2.516935857854253,0.015228583432474537,-0.0033356902314649033,-0.04849098412293928
1.935387077415483,6.817534277962159,2.4935765665526803,0.015387344995517714,-0.0033433947756034824,-0.04749295062138677
1.936387277455491,6.802073897809396,2.470072313336895,0.015545487025183484,-0.0033509110592534527,-0.04649265149905943
1.937387477495499,6.784724291745635,2.446424753474685,0.015702974678911876,-0.003358238358096193,-0.045490491516912895
1.9383876775355071,6.765491363397182,2.4226355460875295,0.01585977322659201,-0.003365376125374436,-0.04448687457378813
1.9393878775755151,6.744381535399889,2.398706354028296,0.01601584806002791,-0.0033723239909837516,-0.04348220358660751
1.9403880776155231,6.721401746540771,2.3746388437596035,0.016171164702360585,-0.0033790817603590656,-0.04247688037117099
1.9413882776555311,6.696559448758566,2.3504346852326057,0.016325688817442504,-0.0033856494131583466,-0.04147130552358542
1.9423884776955391,6.6698626040048055,2.32609555176628,0.016479386219160612,-0.003392027101745819,-0.040465878302359655
1.9433886777355471,6.641319680966666,2.301623119927301,0.016632222880704133,-0.003398215149477294,-0.03946099651119795
1.9443888777755551,6.610939651653095,2.277019069410369,0.01678416494377339,-0.003404214048790439,-0.038457056382523655
1.9453890778155631,6.578731987845654,2.2522850829191063,0.016935178727725934,-0.0034100244591030214,-0.037454452461764993
1.9463892778555711,6.544706657415566,2.2274228460475127,0.017085230738656334,-0.0034156472045223825,-0.03645357749243437
1.9473894778955791,6.508874120508595,2.202434047161879,0.017234287678406058,-0.0034210832713696135,-0.03545482230203225
1.9483896779355871,6.471245325599067,2.177320377283337,0.017382316453499885,-0.003426333805522106,-0.03445857568880628
1.9493898779755952,6.43183170541498,2.152083529970891,0.01752928418400538,-0.003431400109578358,-0.03346522430939615
1.9503900780156032,6.39064517273562,2.1267252012050597,0.017675158212312025,-0.003436283639849104,-0.032475152567394014
1.9513902780556112,6.347698116063377,2.101247089271982,0.01781990611182671,-0.0034409860031790465,-0.03148874250285023
1.9523904780956192,6.30300339517136,2.07565089464827,0.017963495695582272,-0.003445508953603628,-0.030506373682753503
1.9533906781356272,6.256574336528941,2.049938319886158,0.018105895024755923,-0.003449854388845478,-0.029528423092514466
1.9543908781756352,6.208424728606355,2.024111069499528,0.0182470724170945,-0.0034540243466553437,-0.028555265028480877
1.9553910782156432,6.158568817060699,1.998170849850235,0.018386996455243457,-0.0034580210010024606,-0.02758727099151272
1.9563912782556512,6.107021299804855,1.972119369035227,0.01852563599497671,-0.0034618466581195057,-0.026624809581644652
1.9573914782956592,6.053797321961178,1.9459583367740816,0.01866296017332449,-0.0034655037524074033,-0.025668246393863097
1.9583916783356672,5.998912470701981,1.9196894642973013,0.01879893841659641,-0.0034689948422054204,-0.024717943915024732
1.9593918783756752,5.942382769978571,1.8933144642349877,0.01893354044829717,-0.00347232260543211,-0.02377426142194272
1.9603920784156832,5.884224675140721,1.8668350505063402,0.01906673629693222,-0.003475489835102804,-0.022837554880666557
1.9613922784556912,5.8244550674486435,1.8402529382095996,0.01919849630370102,-0.0034784994347294776,-0.02190817684698112
1.9623924784956992,5.763091248479512,1.8135698435126226,0.01932879113007546,-0.0034813544136089217,-0.02098647636814979
1.9633926785357072,5.700150934430052,1.7867874835440862,0.01945759176526116,-0.0034840578820052727,-0.020072798885926307
1.9643928785757152,5.635652250317966,1.7599075762853382,0.019584869533539554,-0.003486613046233045,-0.01916748614085945
1.9653930786157232,5.569613724083506,1.7329318404627747,0.01971059610148859,-0.003489023203646915,-0.018270876077914142
1.9663932786557312,5.5020542805936605,1.705861995440859,0.01983474348508012,-0.0034912917375445746,-0.017383302753432205
1.9673934786957392,5.432993235550979,1.678699761115832,0.019957284056652147,-0.0034934221119890716,-0.01650509624345541
1.9683936787357472,5.362450289309016,1.6514468578099368,0.020078190551754072,-0.0034954178665571028,-0.015636582553433084
1.9693938787757552,5.290445520596612,1.6241050061663769,0.020197436075863374,-0.0034972826110198033,-0.014778083529335958
1.9703940788157632,5.216999380153003,1.5966759270448039,0.020314994110972085,-0.003499020019962621,-0.013929916770197543
1.9713942788557712,5.14213268427623,1.5691613414174876,0.02043083852204166,-0.0035006338273509134,-0.013092395542103768
1.9723944788957792,5.065866608286634,1.54156297026613,0.02054494356332482,-0.0035021278210479448,-0.012265828693651101
1.9733946789357872,4.988222679907855,1.5138825344792668,0.020657283884553183,-0.0035035058372919837,-0.011450520572892954
1.9743948789757952,4.90922277256735,1.486121754750369,0.02076783453698944,-0.003504771755139231,-0.010646770945793574
1.9753950790158032,4.82888909861906,1.4582823514765384,0.0208765709793431,-0.003505929490879317,-0.009854874916208217
1.9763952790558112,4.747244202489787,1.4303660446578546,0.02098346908354877,-0.0035069829924301156,-0.00907512284740775
1.9773954790958193,4.664310953752087,1.4023745537974235,0.021088505140406152,-0.0035079362337186166,-0.008307800285165465
1.9783956791358273,4.580112540125792,1.3743095978019704,0.021191655865080945,-0.003508793209054592,-0.007553187882423292
1.9793958791758353,4.494672460410274,1.3461728948831424,0.02129289840246601,-0.003509557927503771,-0.006811561325554025
1.9803960792158433,4.40801451734974,1.3179661624595513,0.02139221033240217,-0.0035102344072672157,-0.006083191262235765
1.9813962792558513,4.320162810434228,1.289691117059212,0.021489569674758166,-0.003510826670073555,-0.005368343230954226
1.9823964792958593,4.231141728637848,1.2613494742229858,0.021584954894369346,-0.003511338735590688,-0.004667277592147888
1.9833966793358673,4.1409759430975495,1.2329429484083894,0.02167834490583475,-0.0035117746158635317,-0.003980249461010739
1.9843968793758753,4.049690399733579,1.204473252894207,0.021769719078172357,-0.0035121383097843238,-0.003307508641966443
1.9853970794158833,3.9573103118151853,1.1759420996857282,0.021859057239332295,-0.003512433797601926,-0.0026492995648276217
1.9863972794558913,3.863861152472939,1.1473511994206729,0.02194633968056794,-0.0035126650354765122,-0.0020058612226530525
1.9873974794958993,3.769368647160233,1.1187022612757405,0.022031547160664883,-0.0035128359500859424,-0.0013774271113152934
1.9883976795359073,3.673858766066776,1.0899969928738409,0.02211466091002779,-0.003512950433290041,-0.0007642251707906379
1.9893978795759153,3.577357716485714,1.0612371001920313,0.022195662634625298,-0.0035130123368589073,-0.0001664777281826606
1.9903980796159233,3.479891935137091,1.0324242874700549,0.02227453451979311,-0.003513025467271289,0.00041559855750975265
1.9913982796559313,3.381488080450117,1.0035602571196174,0.022351259233895547,-0.0035129935805889466,0.0009817927488696533
1.992398479695939,3.282173024806355,0.9746467096342678,0.022425819931845815,-0.0035129203774128277,0.0015318996817747324
1.993398679735947,3.181973846746157,0.945685343500004,0.02249820025848548,-0.0035128094979267476,0.0020657200153370307
1.994398879775955,3.08091782314092,0.9166778551065121,0.022568384351823262,-0.0035126645170341607,0.0025830602800591546
1.995399079815963,2.979032421333257,0.8876259386591488,0.022636356846134,-0.003512488939593474,0.0030837329242013847
1.996399279855971,2.87634529124777,0.8585312860914889,0.02270210287491798,-0.003512286195757219,0.003567556358350254
1.997399479895979,2.772884257474256,0.8293955869786985,0.022765608073721303,-0.0035120596364202642,0.004034354998182395
1.998399679935987,2.668677311326206,0.8002205284513553,0.022826858582817872,-0.003511812528782105,0.004483959305416965
1.999399879975995,2.5637526028767827,0.7710077951102577,0.022885841049753573,-0.003511548052028116,0.00491620582695083
2.000400080016003,2.4581384329742817,0.7417590689415998,0.022942542631753368,-0.003511269293134506,0.0053309372321710706
2.001400280056011,2.3518632452398593,0.712476029233085,0.02299695099799192,-0.0035109792428015415,0.005728002348439979
2.002400480096019,2.2449556180499335,0.683160352490525,0.0230490543317285,-0.0035106807915194663,0.006107256194748224
2.003400680136027,2.137444256504707,0.6538137123552037,0.02309884133230691,-0.0035103767257713497,0.006468560013532525
2.004400880176035,2.029357984386329,0.6244377795219607,0.023146301217021124,-0.00351006972437695,0.006811781300654461
2.005401080216043,1.9207257361083223,0.5950342216578729,0.023191423722847507,-0.0035097623549814913,0.0071367938335378306
2.006401280256051,1.81157654865837,0.5656047033216306,0.02323419910804431,-0.0035094570706930748,0.007443477697462421
2.007401480296059,1.7019395535373332,0.5361508858836914,0.023274618153619295,-0.0035091562068722748,0.007731719310012476
2.008401680336067,1.591843968696497,0.5066744274469492,0.02331267216466626,-0.003508861978077268,0.008001411443678828
2.009401880376075,1.4813190904755187,0.47717698276826387,0.023348352971571305,-0.003508576475167674,0.00825245324661414
2.010402080416083,1.3703942855424591,0.44766020318050576,0.02338165293108965,-0.003508301662570087,0.008484750261541253
2.011402280456091,1.2590989828399655,0.418125736515378,0.02341256492729379,-0.0035080393757080824,0.008698214442814966
2.012402480496099,1.1474626655378288,0.38857522702697783,0.023441082372393854,-0.0035077913185992972,0.008892764171638527
2.013402680536107,1.0355148629953987,0.3590103153158255,0.023467199207430935,-0.0035075590616219796,0.009068324269436106
2.014402880576115,0.9232851427357917,0.32943263825384367,0.02349090990284424,-0.003507344039453205,0.009224826009383453
2.015403080616123,0.810803102433986,0.29984382890978917,0.023512209458912824,-0.003507147549180759,0.009362207126099219
2.016403280656131,0.6980983619209645,0.2702455164755227,0.023531093406072706,-0.0035069707485904816,0.009480411823500078
2.017403480696139,0.5852005552063057,0.24063932619284187,0.023547557805110187,-0.00350681465463067,0.009579390780823142
2.018403680736147,0.4721393225213077,0.21102687928108185,0.02356159924723206,-0.0035066801420549298,0.009659101156819823
2.019403880776155,0.3589443023843275,0.18140979286533515,0.02357321485401356,-0.0035065679422446594,0.009719506592125712
2.020404080816163,0.24564512369141947,0.15178967990542236,0.023582402277224697,-0.0035064786422121536,0.009760577209811466
2.021404280856171,0.13227139783348657,0.12216814912542612,0.02358915969853577,-0.0035064126837850993,0.009782289614120383
2.022404480896179,0.018852710842440515,0.09254680494400122,0.023593485829102714,-0.0035063703629730383,0.009784626887398671
2.023404680936187,-0.0945813844315027,0.06292724740533348,0.023595379909033,-0.003506351829516164,0.00976757858522495
2.024404880976195,-0.20800137610957964,0.033311072110787536,0.023594841706732737,-0.0035063570866166135,0.009731140729746015
2.025405081016203,-0.3213778010389987,0.003699870151115683,0.02359187151813561,-0.003506385990852215,0.009675315801226348
2.026405281056211,-0.43468125251005,-0.025904771960431325,0.023586470165814333,-0.003506438252272448,0.009600112727819394
2.027405481096219,-0.5478823879348025,-0.05550127235454867,0.02357863899797514,-0.0035065134346761663,0.00950554687356904
2.028405681136227,-0.6609519364837084,-0.08508805387150718,0.023568379887335976,-0.0035066109560704414,0.009391640024650082
2.029405881176235,-0.7738607066799008,-0.11466354412619754,0.023555695229888922,-0.0035067300893096734,0.009258420373857237
2.030406081216243,-0.8865795939477494,-0.14422617557246176,0.023540587943547388,-0.0035068699629139323,0.009105922503352347
2.0314062812562512,-0.9990795881152982,-0.17377438556669844,0.023523061466678614,-0.0035070295620652854,0.008934187365680187
2.0324064812962592,-1.1113317808669498,-0.20330661643092868,0.02350311975652198,-0.0035072077297806734,0.008743262263063389
2.0334066813362672,-1.2233073731458615,-0.23282131551512425,0.023480767287493615,-0.0035074031682597153,0.00853320082498785
2.0344068813762752,-1.3349776825040611,-0.26231693525885547,0.023456009049377766,-0.003507614440405619,0.008304062984090112
2.0354070814162832,-1.4463141503973511,-0.29179193325227537,0.023428850545405378,-0.003507839971517201,0.008055914950358624
2.0364072814562912,-1.557288349424799,-0.32124477229651205,0.023399297790220323,-0.0035080780511498213,0.007788829183661525
2.0374074814962992,-1.6678719905097346,-0.3506739204632856,0.023367357307733698,-0.003508326835142872,0.007502884364613621
2.0384076815363072,-1.7780369300212988,-0.38007785115400705,0.023333036128866592,-0.003508584347811264,0.007198165363795911
2.0394078815763153,-1.8877551768341678,-0.4094550431580335,0.023296341789181704,-0.0035088484842982,0.0068747632093412924
2.0404080816163233,-1.9969988993254504,-0.43880398071045124,0.023257282326404224,-0.003509117013086328,0.006532775052900557
2.0414082816563313,-2.105740432306513,-0.46812315354910367,0.023215866277832314,-0.0035093875786642286,0.006172304134003104
2.0424084816963393,-2.213952283888556,-0.4974110569709492,0.023172102677637575,-0.0035096577043449944,0.005793459742827235
2.0434086817363473,-2.3216071422795506,-0.5266661918878545,0.023126001054055826,-0.0035099247952335294,0.00539635718139523
2.0444088817763553,-2.42867788251194,-0.5558870648816351,0.02307757142646861,-0.003510186141339015,0.004981117723208913
2.0454090818163633,-2.5351375730988726,-0.5850721882585177,0.023026824302375685,-0.0035104389208288553,0.004547868571341597
2.0464092818563713,-2.6409594826174096,-0.6142200801029425,0.022973770674258955,-0.0035106802034202567,0.004096742815002764
2.0474094818963793,-2.746117086217629,-0.6433292643306598,0.02291842201633809,-0.003510906953905456,0.003627879384592246
2.0484096819363873,-2.850584072055753,-0.6723982707412853,0.02286079028121827,-0.0035111160358064744,0.0031414230052608893
2.0494098819763953,-2.9543343476497497,-0.7014256350701388,0.02280088789643036,-0.003511304215155136,0.0026375241489951322
2.0504100820164033,-3.057342046156766,-0.7304098990394586,0.02273872776086393,-0.0035114681643939705,0.002116338985243287
2.0514102820564113,-3.159581532569558,-0.7593496104089625,0.022674323241093468,-0.0035116044663934805,0.0015780293301014517
2.0524104820964193,-3.261027409832419,-0.7882433230258284,0.022607688167598176,-0.003511709618581152,0.0010227625940776456
2.0534106821364273,-3.361654524873224,-0.817089596873984,0.022538836830875795,-0.0035117800371774577,0.0004507117284526549
2.0544108821764353,-3.461437974551942,-0.8458869981227491,0.02246778397745084,-0.003511812061534005,-0.0001379448297431636
2.0554110822164433,-3.5603531115236935,-0.8746340991749608,0.02239454480577772,-0.0035118019585688737,-0.0007430232141179483
2.0564112822564513,-3.658375550014452,-0.9033294787142995,0.022319134962039203,-0.003511745927294092,-0.001364334186651619
2.0574114822964593,-3.7554811715096035,-0.9319717217521288,0.022241570535840704,-0.0035116401034301008,-0.0020016831967543565
2.0584116823364673,-3.8516461303527336,-0.9605594196736161,0.022161868055800962,-0.003511480564101988,-0.0026548704416302317
2.0594118823764753,-3.9468468592546886,-0.9890911702833651,0.02208004448503959,-0.0035112633326121715,-0.003323690927925383
2.0604120824164833,-4.041060074710446,-1.017565577850222,0.021996117216562135,-0.0035109843832841496,-0.004007934534640095
2.0614122824564913,-4.1342627823242335,-1.0459812531516173,0.021910104068543244,-0.0035106396463718713,-0.004707386077283642
2.0624124824964993,-4.226432282040463,-1.0743368135173308,0.02182202327950858,-0.003510225013029202,-0.0054218253732507896
2.0634126825365073,-4.317546173280242,-1.1026308828724238,0.021731893503416182,-0.0035097363403339176,-0.006151027308398273
2.0644128825765153,-4.40758235998229,-1.1308620917798058,0.021639733804638035,-0.0035091694563606037,-0.0068947619047996355
2.0654130826165233,-4.496519055547061,-1.1590290774820853,0.02154556365284256,-0.003508520165296792,-0.007652794389656367
2.0664132826565313,-4.584334787683364,-1.1871304839427288,0.021449402917778904,-0.003507784252596629,-0.008424885265343133
2.0674134826965394,-4.6710084031564785,-1.2151649618868081,0.021351271863963864,-0.0035069574901663387,-0.009210790380564693
2.0684136827365474,-4.756519072436747,-1.2431311688409397,0.02125119114527237,-0.0035060356415757216,-0.010010261002601814
2.0694138827765554,-4.840846294248395,-1.2710277691728316,0.021149181799432495,-0.003505014467289898,-0.010823043890623349
2.0704140828165634,-4.923969900016647,-1.2988534341300115,0.02104526524242601,-0.0035038897299155113,-0.011648881370041473
2.0714142828565714,-5.00587005821351,-1.326606841878155,0.02093946326279555,-0.003502657199455579,-0.01248751140788677
2.0724144828965794,-5.086527278600784,-1.3542866775387337,0.02083179801585952,-0.0035013126585671933,-0.013338667689179778
2.0734146829365874,-5.165922416369716,-1.3818916332260005,0.020722292017835937,-0.0034998519078162722,-0.014202079694275423
2.0744148829765954,-5.244036676176841,-1.4094204080835961,0.020610968139876437,-0.0034982707709235736,-0.015077472777156533
2.0754150830166034,-5.320851616074949,-1.4368717083203464,0.020497849602011755,-0.0034965650999962054,-0.015964568244652554
2.0764152830566114,-5.396349151338869,-1.4642442472455832,0.020382959967010034,-0.003494730780738885,-0.01686308343655935
2.0774154830966194,-5.470511558185361,-1.4915367453039268,0.020266323134149392,-0.0034927637376392373,-0.017772731806635893
2.0784156831366274,-5.543321477386636,-1.518747930109358,0.020147963332906235,-0.0034906599391214483,-0.018693223004453478
2.0794158831766354,-5.614761917776832,-1.5458765364789007,0.02002790511656085,-0.0034884154026626436,-0.01962426295807296
2.0804160832166434,-5.684816259650896,-1.5729213064655336,0.0199061733557219,-0.0034860261998664018,-0.020565553957525438
2.0814162832566514,-5.753468258055837,-1.5998809893906831,0.019782793231771484,-0.0034834884614878686,-0.02151679473907156
2.0824164832966594,-5.820702045973499,-1.6267543418761021,0.019657790230232525,-0.003480798382405,-0.022477680570214764
2.0834166833366674,-5.886502137394345,-1.653540127875141,0.019531190134060242,-0.003477952226530527,-0.0234479033354434
2.0844168833766754,-5.950853430282296,-1.680237118703503,0.01940301901685962,-0.0034749463316593055,-0.02442715162267672
2.0854170834166834,-6.013741209430271,-1.7068440930694608,0.019273303236030753,-0.0034717771142457935,-0.02541511081038963
2.0864172834566914,-6.075151149205555,-1.7333598371034877,0.01914206942584413,-0.0034684410741064784,-0.026411463155391068
2.0874174834966994,-6.1350693161854135,-1.759783144387308,0.019009344490447805,-0.003464934799042167,-0.027415887881230592
2.0884176835367074,-6.1934821716822706,-1.786112815982457,0.01887515559680869,-0.003461254969375144,-0.02842806126720803
2.0894178835767154,-6.250376574158413,-1.8123476604582474,0.01873953016759004,-0.0034573983623963035,-0.029447656737960643
2.0904180836167234,-6.305739781530034,-1.8384864939192342,0.018602495873967444,-0.0034533618567174594,-0.03047434495360245
2.0914182836567314,-6.359559453360361,-1.8645281400320606,0.018464080628385577,-0.0034491424365241524,-0.03150779390039023
2.0924184836967394,-6.41182365294201,-1.8904714300519172,0.018324312577258087,-0.003444737195724383,-0.032547668981890626
2.0934186837367474,-6.462520849267985,-1.9163152028482628,0.018183220093613006,-0.0034401433419888197,-0.033593633110622925
2.0944188837767554,-6.5116399188918175,-1.9420583049301545,0.018040831769686173,-0.003435358200678148,-0.03464534680015179
2.0954190838167635,-6.559170147676607,-1.9676995904710164,0.017897176409465174,-0.003430379218653366,-0.03570246825760449
2.0964192838567715,-6.605101232432762,-1.9932379213329006,0.017752283021186383,-0.003425203967964947,-0.03676465347658699
2.0974194838967795,-6.649423282444744,-2.018672167090129,0.017606180809787708,-0.003419830149416937,-0.03783155633047339
2.0984196839367875,-6.692126820886847,-2.044001205052535,0.017458899169319714,-0.003414255596002194,-0.03890282866604293
2.0994198839767955,-6.733202786127937,-2.069223920288119,0.017310467675317853,-0.0034084782762051065,-0.03997812039743932
2.1004200840168035,-6.772642532925464,-2.094339205645199,0.017160916077138533,-0.003402496297168296,-0.041057079600426545
2.1014202840568115,-6.81043783350882,-2.119345961774081,0.01701027429026184,-0.0033963079077199364,-0.0421393526069158
2.1024204840968195,-6.846580878552229,-2.1442430971481357,0.016858572388563753,-0.003389911501258493,-0.04322458409973805
2.1034206841368275,-6.881064278037327,-2.169029528084493,0.0167058405965607,-0.0033833056184918303,-0.04431241720763677
2.1044208841768355,-6.913881062005821,-2.1937041787641225,0.01655210928162939,-0.003376488950027807,-0.045402493600455444
2.1054210842168435,-6.9450246812023915,-2.2182659812514403,0.016397408946204835,-0.0033694603388136207,-0.046494453584494555
2.1064212842568515,-6.974489007608067,-2.2427138755135014,0.01624177021995955,-0.003362218782421355,-0.04758793619801272
2.1074214842968595,-7.002268334864573,-2.267046809438561,0.016085223851966857,-0.003354763435177321,-0.048682579306846836
2.1084216843368675,-7.028357378589842,-2.2912637388542545,0.015927800702851408,-0.0033470936101329773,-0.04977801970012607
2.1094218843768755,-7.052751276585297,-2.315363627545256,0.015769531736929833,-0.0033392087808753654,-0.05087389318605462
2.1104220844168835,-7.075445588934904,-2.3393454472703703,0.015610448014344658,-0.003331108583175183,-0.05196983468773837
2.1114222844568915,-7.09643629799693,-2.363208177779352,0.015450580683194479,-0.0033227928164707835,-0.0530654783390305
2.1124224844968995,-7.115719808288535,-2.386950806828946,0.015289960971663484,-0.0033142614451865675,-0.05416045758037127
2.1134226845369075,-7.133292946263722,-2.4105723301987494,0.0151286201801534,-0.0033055145998844107,-0.05525440525459745
2.1144228845769155,-7.1491529599853285,-2.434071751706403,0.0149665896734209,-0.0032965525782469476,-0.056346953702696656
2.1154230846169235,-7.163297518691408,-2.457448083222391,0.014803900872723577,-0.0032873758458917064,-0.05743773485948232
2.1164232846569315,-7.175724712256702,-2.480700344684351,0.014640585247977539,-0.0032779850370152743,-0.05852638034916493
2.1174234846969395,-7.186433050549689,-2.5038275641109062,0.014476674309929648,-0.003268380954866846,-0.05961252158079534
2.1184236847369475,-7.195421462685966,-2.5268287776151412,0.01431219960234751,-0.00325856457205069,-0.06069578984355618
2.1194238847769555,-7.202689296178434,-2.5497030294174143,0.014147192694230183,-0.0032485370306572447,-0.06177581640187743
2.1204240848169635,-7.2082363159851175,-2.572449371857954,0.013981685172042655,-0.0032382996422227347,-0.06285223259035237
2.1214242848569715,-7.212062703455163,-2.5950668654087985,0.013815708631977062,-0.0032278538875173774,-0.06392466990843043
2.1224244848969795,-7.214169055173872,-2.617554578685433,0.013649294672243616,-0.0032172014161624234,-0.0649927601148634
2.1234246849369875,-7.214556381707366,-2.639911588457902,0.013482474885394174,-0.003206344046076454,-0.06605613532188172
2.1244248849769956,-7.213226106247773,-2.6621369796614895,0.013315280850681363,-0.003195283762751535,-0.06711442808907789
2.1254250850170036,-7.210180063159613,-2.684229845406988,0.013147744126456109,-0.003184022718359991,-0.0681672715169739
2.1264252850570116,-7.205420496428261,-2.706189286990525,0.012979896242606417,-0.003172563230692756,-0.06921429934025004
2.1274254850970196,-7.198950058011272,-2.728014413902907,0.012811768693040187,-0.003160907781930398,-0.07025514602061253
2.1284256851370276,-7.190771806093455,-2.7497043438386153,0.012643392928214797,-0.0031490590172481175,-0.07128944683927751
2.1294258851770356,-7.180889203246499,-2.771258202704321,0.012474800347716166,-0.003137019743256157,-0.0723168379890494
2.1304260852170436,-7.169306114494159,-2.792675124626954,0.012306022292889938,-0.003124792926277245,-0.07333695666597143
2.1314262852570516,-7.156026805283752,-2.8139542519614626,0.012137090039527355,-0.003112381690462844,-0.0743494411605267
2.1324264852970596,-7.141055939365064,-2.8350947352979867,0.011968034790608402,-0.0030997893157501486,-0.07535393094836834
2.1334266853370676,-7.124398576577506,-2.8560957334687775,0.01179888766910465,-0.003087019235661916,-0.0763500667805571
2.1344268853770756,-7.1060601705465585,-2.8769564135545904,0.011629679710844238,-0.0030740750349513893,-0.07733749077328556
2.1354270854170836,-7.086046566290324,-2.8976759508907586,0.011460441857441354,-0.0030609604470947034,-0.07831584649706791
2.1364272854570916,-7.064363997737606,-2.9182535290727656,0.011291204949292465,-0.0030476793516333272,-0.07928477906537466
2.1374274854970996,-7.041019085157951,-2.938688339961531,0.011121999718641544,-0.0030342357713692325,-0.08024393522269188
2.1384276855371076,-7.016018832505273,-2.9589795836881825,0.010952856782716423,-0.0030206338694156224,-0.08119296343198461
2.1394278855771156,-6.989370624675707,-2.9791264686585204,0.010783806636938347,-0.003006877946106194,-0.08213151396154482
2.1404280856171236,-6.961082224681026,-2.999128211557023,0.010614879648206723,-0.0029929724357660383,-0.08305923897120379
2.1414282856571316,-6.931161770738524,-3.018984037350527,0.010446106048260987,-0.0029789219033474154,-0.08397579259788979
2.1424284856971396,-6.899617773278699,-3.0386931792914815,0.010277515927121431,-0.0029647310409337702,-0.0848808310405116
2.1434286857371476,-6.866459111871638,-3.0582548789207635,0.010109139226610749,-0.0029504046641154677,-0.08577401264414909
2.1444288857771556,-6.831695032073361,-3.0776683860702945,0.009941005733957993,-0.0029359477082408583,-0.08665499798353214
2.1454290858171636,-6.795335142193373,-3.096932958865036,0.009773145075486522,-0.0029213652245463875,-0.08752344994578926
2.1464292858571716,-6.757389409984307,-3.1160478637248237,0.009605586710387476,-0.0029066623761695794,-0.08837903381244805
2.1474294858971796,-6.717868159255263,-3.13501237536568,0.00943835992458019,-0.002891844434048824,-0.08922141734066949
2.1484296859371876,-6.676782066409601,-3.1538257768008773,0.009271493824660923,-0.002876916772714007,-0.0900502708436983
2.1494298859771956,-6.63414215690876,-3.1724873593415266,0.009105017331941117,-0.00286188486597211,-0.09086526727051221
2.1504300860172036,-6.589959801663175,-3.1909964225968883,0.008938959176576413,-0.002846754282492002,-0.09166608228465303
2.1514302860572116,-6.544246713351435,-3.2093522744742895,0.008773347891787476,-0.002831530681292736,-0.09245239434222274
2.1524304860972197,-6.497014942669179,-3.2275542311786714,0.008608211808173644,-0.0028162198071397383,-0.09322388476902799
2.1534306861372277,-6.448276874508748,-3.2456016172118196,0.008443579048120316,-0.002800827485853363,-0.09398023783685705
2.1544308861772357,-6.398045224071131,-3.2634937653712104,0.008279477520300917,-0.0027853596195343516,-0.09472114083887308
2.1554310862172437,-6.346333032911213,-3.2812300167485544,0.008115934914274155,-0.0027698221817108117,-0.09544628416410818
2.1564312862572517,-6.2931536649177495,-3.298809720727935,0.007952978695177266,-0.002754221212411383,-0.09615536137104297
2.1574314862972597,-6.238520802229402,-3.3162322349836635,0.007790636098515791,-0.0027385628131693296,-0.09684806926025655
2.1584316863372677,-6.182448441088256,-3.3334969254777427,0.00762893412505038,-0.0027228531419623346,-0.0975241079461322
2.1594318863772757,-6.124950887631804,-3.3506031664570703,0.007467899535781037,-0.0027070984080928406,-0.09818318092760439
2.1604320864172837,-6.0660427536250685,-3.3675503404502307,0.0073075588470291105,-0.0026913048670138043,-0.09882499515793305
2.1614322864572917,-6.005738952134082,-3.3843378382640013,0.0071479383256172905,-0.0026754788151047864,-0.09944926111349113
2.1624324864972992,-5.94405469314199,-3.4009650589795535,0.006989063984147826,-0.0026596265844033296,-0.10005569286155191
2.1634326865373072,-5.881005479109353,-3.417431409948238,0.00683096157637863,-0.002643754537296562,-0.10064400812706435
2.1644328865773153,-5.816607100479826,-3.43373630678721,0.006673656592698334,-0.002627869061178134,-0.10121392835839958
2.1654330866173233,-5.750875631132544,-3.4498791733745517,0.0065171742556988125,-0.002611976563075364,-0.10176517879206148
2.1664332866573313,-5.68382742378288,-3.4658594418442346,0.006361539515846083,-0.0025960834642517407,-0.10229748851634493
2.1674334866973393,-5.61547910533272,-3.4816765525806765,0.0062067770472489575,-0.002580196194789774,-0.10281059053393153
2.1684336867373473,-5.545847572171581,-3.4973299542130434,0.006052911243525212,-0.00256432118815926,-0.103304221823411
2.1694338867773553,-5.474949985430175,-3.512819103609226,0.005899966213764941,-0.002548464875775999,-0.10377812339971666
2.1704340868173633,-5.4028037661879145,-3.528143465869478,0.005747965778590659,-0.0025326336815560155,-0.10423204037346456
2.1714342868573713,-5.329426590635179,-3.5433025143198504,0.005596933466313683,-0.002516834016470313,-0.10466572200918509
2.1724344868973793,-5.25483638519268,-3.5582957305052263,0.005446892509186249,-0.0025010722731051787,-0.10507892178243716
2.1734346869373873,-5.179051321588215,-3.573122604182132,0.0052978658397487555,-0.002485354820233044,-0.10547139743579487
2.1744348869773953,-5.102089811893518,-3.587782633311221,0.005149876087271496,-0.002469687997398874,-0.10584291103369681
2.1754350870174033,-5.023970503521316,-3.6022753240494967,0.005002945574290148,-0.0024540781095270356,-0.10619322901614907
2.1764352870574113,-4.944712274184965,-3.6166001907422087,0.0048570963132342874,-0.002438531421553567,-0.10652212225127257
2.1774354870974193,-4.864334226821687,-3.6307567559145375,0.0047123500031481,-0.00242305415308872,-0.10682936608668628
2.1784356871374273,-4.782855684480972,-3.644744550262916,0.004568728026502462,-0.0024076524731146257,-0.10711474039971788
2.1794358871774353,-4.700296185179407,-3.658563112646153,0.004426251446097473,-0.0023923324947228712,-0.10737802964643399
2.1804360872174433,-4.616675476723359,-3.6722119900762076,0.004284941002054538,-0.002377100269896741,-0.10761902290948204
2.1814362872574513,-4.532013511501399,-3.6856907377087795,0.004144817108897018,-0.0023619617843428134,-0.10783751394473673
2.1824364872974593,-4.446330441247128,-3.698998918833547,0.004005899852718457,-0.002346922952376552,-0.1080333012267438
2.1834366873374673,-4.35964661177445,-3.712136104864195,0.0038682089884373564,-0.002331989611866467,-0.1082061879929546
2.1844368873774753,-4.271982557686486,-3.7251018753281637,0.0037317639371374518,-0.002317167519241361,-0.10835598228674498
2.1854370874174833,-4.183358997059541,-3.7378958178561357,0.003596583783492406,-0.0023024623445651107,-0.10848249699921253
2.1864372874574913,-4.093796826103451,-3.750517528171275,0.0034626872732738305,-0.002287879666683345,-0.10858554990974645
2.1874374874974993,-4.003317113800196,-3.762966610078209,0.003330092810941524,-0.0022734249684463327,-0.10866496372536463
2.1884376875375073,-3.9119410965216557,-3.7752426754517296,0.0031988184573147936,-0.002259103632012296,-0.10872056611881303
2.1894378875775153,-3.819690172627819,-3.7873453442253138,0.0030688819273237277,-0.0022449209342352847,-0.10875218976542247
2.1904380876175233,-3.7265858970478756,-3.799274244379333,0.0029403005878392823,-0.0022308820421416777,-0.1087596723787185
2.1914382876575313,-3.6326499758443305,-3.811029011929053,0.00281309145558102,-0.0022169920084992682,-0.10874285674478036
2.1924384876975394,-3.537904260762294,-3.8226092909123977,0.0026872711951013606,-0.002203255767482818,-0.10870159075534519
2.1934386877375474,-3.4423707437652125,-3.8340147333774266,0.00256285611684519,-0.0021896781304398608,-0.10863572743965413
2.1944388877775554,-3.3460715515583623,-3.8452449993696627,0.002439862175283691,-0.0021762637817604436,-0.10854512499503721
2.1954390878175634,-3.2490289401015353,-3.8562997569190993,0.0023183049671212505,-0.002163017274854395,-0.10842964681623421
2.1964392878575714,-3.1512652891123563,-3.867178682027047,0.002198199729574324,-0.0021499430282396065,-0.10828916152344914
2.1974394878975794,-3.052803096561431,-3.8778814586526997,0.0020795613387211425,-0.0021370453217447118,-0.10812354298913616
2.1984396879375874,-2.9536649731610707,-3.8884077786995244,0.0019624043079211643,-0.0021243282928294412,-0.1079326703635151
2.1994398879775954,-2.8538736368484576,-3.8987573420013915,0.0018467427863031974,-0.0021117959330258177,-0.10771642809881517
2.2004400880176034,-2.753451907265325,-3.9089298563085,0.0017325905573211304,-0.0020994520845032554,-0.10747470597224563
2.2014402880576114,-2.6524227002343106,-3.918925037273102,0.0016199610373762406,-0.002087300436760503,-0.10720739910769267
2.2024404880976194,-2.5508090222352187,-3.928742608434977,0.001508867274505079,-0.0020753445234472645,-0.10691440799614166
2.2034406881376274,-2.4486339648802637,-3.9383823012067314,0.0013993219471319382,-0.002063587719318209,-0.10659563851482504
2.2044408881776354,-2.3459206993916664,-3.947843854858872,0.001291337362884976,-0.0020520332373219676,-0.10625100194509544
2.2054410882176434,-2.242692471081575,-3.9571270165046757,0.0011849254574750614,-0.002040684125827588,-0.10588041498902474
2.2064412882576514,-2.138972593836309,-3.9662315410848383,0.0010800977936364757,-0.002029543265990807,-0.10548379978472956
2.2074414882976594,-2.0347844446061023,-3.9751571913519617,0.000976865560128621,-0.002018613369262366,-0.10506108392042439
2.2084416883376674,-1.9301514579013492,-3.9839037378548086,0.0008752395707979302,-0.0020078969750404775,-0.10461220044720348
2.2094418883776754,-1.8250971202970816,-3.992470958922365,0.0007752302636992221,-0.0019973964484694216,-0.10413708789055326
2.2104420884176834,-1.719644964946895,-4.000858640647722,0.0006768477002757744,-0.001987113978386131,-0.10363569026059694
2.2114422884576914,-1.613818566107166,-4.009066576871764,0.0005801015645974375,-0.0019770515754164854,-0.10310795706107384
2.2124424884976994,-1.507641533673455,-4.017094569166659,0.0004850011626561598,-0.001967211070222908,-0.10255384329705576
2.2134426885377074,-1.40113750772968,-4.0249424268191465,0.00039155542171833563,-0.0019575941119047446,-0.10197330948140304
2.2144428885777154,-1.2943301531121245,-4.032609966813703,0.00029977288973344096,-0.0019482021665527453,-0.10136632163996372
2.2154430886177234,-1.187243153988654,-4.040097013815449,0.00020966173479845983,-0.0019390365159588662,-0.10073285131551887
2.2164432886577314,-1.079900208455022,-4.047403400152922,0.00012122974467766785,-0.0019300982564824563,-0.10007287557047795
2.2174434886977394,-0.9723250231490694,-4.054528965800671,3.448432637737721e-05,-0.0019213882980737755,-0.09938637698832799
2.2184436887377474,-0.8645413078843397,-4.061473558361647,-5.056749422469449e-05,-0.001912907363455648,-0.09867334367384091
2.2194438887777554,-0.7565727703038171,-4.068237033049456,-0.00013391907269572238,-0.001904655987463929,-0.09793376925204343
2.2204440888177635,-0.6484431105558118,-4.074819252670433,-0.00021556414630997259,-0.0018966345165473233,-0.0971676528659543
2.2214442888577715,-0.540176015992217,-4.081220087605526,-0.0002954968342570943,-0.0018888431084269671,-0.09637499917309397
2.2224444888977795,-0.4317951558906005,-4.08743941579204,-0.00037371163779663277,-0.001881281731916046,-0.09555581834077205
2.2234446889377875,-0.3233241762020654,-4.093477122705211,-0.0004502034403588433,-0.0018739501668995908,-0.09471012604015785
2.2244448889777955,-0.21478669432432612,-4.099333101339608,-0.0005249675075918485,-0.001866848004474459,-0.09383794343914033
2.2254450890178035,-0.10620629390311215,-4.105007252190396,-0.0005979994873551009,-0.0018599746472493792,-0.092939297193983
2.2264452890578115,0.0023934803387299975,-4.1104994832344275,-0.0006692954096590961,-0.0018533293098047993,-0.09201421943978068
2.2274454890978195,0.11098912774213973,-4.11580970991118,-0.0007388516865512023,-0.001846911019312149,-0.09106274777972426
2.2284456891378275,0.2195571968225666,-4.120937855103545,-0.0008066651119474424,-0.0018407186163119959,-0.09008492527318068
2.2294458891778355,0.3280742903486655,-4.125883849118484,-0.000872732861410002,-0.0018347507556504433,-0.089080800422595
2.2304460892178435,0.43651707038843934,-4.130647629667495,-0.0009370524918702008,-0.001829005907572987,-0.08805042715922204
2.2314462892578515,0.5448622633215848,-4.13522914184698,-0.0009996219412966103,-0.0018234823589749175,-0.08699386482769518
2.2324464892978595,0.6530866648173366,-4.139628338118443,-0.0010604395283079601,-0.001818178214807229,-0.08591117816944019
2.2334466893378675,0.7611671447758575,-4.143845178288536,-0.0011195039517304206,-0.001813091399636865,-0.08480243730494201
2.2344468893778755,0.8690806522339697,-4.147879629489006,-0.0011768142900988304,-0.0018082196593600048,-0.08366771771487305
2.2354470894178835,0.9768042202318362,-4.1517316661564685,-0.0012323700011013607,-0.0018035605630669722,-0.08250710022009122
2.2364472894578915,1.084314970642096,-4.1554012700120575,-0.001286170920967109,-0.0017991115050572193,-0.08132067096051684
2.2374474894978995,1.1915901189586189,-4.158888430040944,-0.0013382172637960408,-0.001794869707002717,-0.08010852137289699
2.2384476895379075,1.2986069790451007,-4.162193142471727,-0.001388509620830687,-0.0017908322202579649,-0.07887074816746689
2.2394478895779155,1.4053429678416958,-4.165315410755685,-0.001437048959668958,-0.0017869959283147074,-0.07760745330351741
2.2404480896179235,1.5117756100299833,-4.168255245545917,-0.001483836623417414,-0.00178335754939933,-0.07631874396387867
2.2414482896579315,1.6178825426537198,-4.17101266467634,-0.0015288743297842812,-0.0017799136392107897,-0.0750047325283291
2.2424484896979395,1.72364151969658,-4.173587693140574,-0.00157216417011151,-0.0017766605937968184,-0.07366553654594063
2.2434486897379475,1.8290304166135527,-4.175980363070711,-0.0016137086083451004,-0.0017735946525660276,-0.07230127870636956
2.2444488897779555,1.9340272348176848,-4.178190713715958,-0.001653510479942952,-0.0017707119014334259,-0.07091208681010415
2.2454490898179635,2.0386101061196453,-4.180218791421155,-0.0016915729907194235,-0.0017680082760967583,-0.06949809373767916
2.2464492898579715,2.1427572971195157,-4.1820646496051985,-0.0017278997156257975,-0.0017654795654409626,-0.06805943741786835
2.2474494898979795,2.2464472135511935,-4.183728348739336,-0.0017624945974658377,-0.0017631214150679382,-0.06659626079486593
2.2484496899379876,2.3496584045767457,-4.185209956325351,-0.0017953619455455812,-0.0017609293309487149,-0.06510871179446803
2.2494498899779956,2.452369567031694,-4.18650954687365,-0.0018265064342565369,-0.0017588986831950139,-0.06359694328926582
2.2504500900180036,2.554559549619708,-4.187627201881227,-0.0018559331015914262,-0.001757024709947089,-0.06206111306286148
2.2514502900580116,2.656207357055515,-4.188563009809529,-0.0018836473475916057,-0.0017553025213746477,-0.06050138377311896
2.2524504900980196,2.757292154156538,-4.189317066062222,-0.0019096549327253236,-0.0017537271037875502,-0.05891792291446143
2.2534506901380276,2.8577932698815,-4.1898894729628475,-0.001933961976195939,-0.0017522933238529013,-0.05731090277922732
2.2544508901780356,2.9576902013157507,-4.190280339732388,-0.0019565749541792573,-0.0017509959329150588,-0.05568050041809721
2.2554510902180436,3.0569626176025273,-4.1904897824667175,-0.001977500697989134,-0.0017498295714149959,-0.05402689759960401
2.2564512902580516,3.1555903638200324,-4.190517924113983,-0.001996746392170513,-0.0017487887734053773,-0.05235028076873882
2.2574514902980596,3.2535534648027875,-4.190364894451859,-0.0020143195725190687,-0.001747867971157624,-0.05065084100466521
2.2584516903380676,3.350832128907246,-4.1900308300647335,-0.0020302281240266533,-0.0017470614998571711,-0.04892877397755462
2.2594518903780756,3.4474067517212035,-4.189515874320789,-0.0020444802787517573,-0.0017463636023830442,-0.04718427990455602
2.2604520904180836,3.543257919715977,-4.188820177349007,-0.002057084613614217,-0.0017457684341678167,-0.045417563504912634
2.2614522904580916,3.6383664138411085,-4.187943896016066,-0.002068050048113428,-0.001745270068133936,-0.043628833954239166
2.2624524904980996,3.7327132130608875,-4.186887193903172,-0.0020773858419693516,-0.001744862499702349,-0.041818304837972754
2.2634526905381076,3.826279497832482,-4.185650241282791,-0.0020851015926856313,-0.0017445396518692958,-0.03998619410401114
2.2644528905781156,3.91904665352468,-4.184233215095305,-0.002091207233034164,-0.0017442953803470803,-0.03813272401455162
2.2654530906181236,4.010996273777196,-4.182636298925587,-0.0020957130284605207,-0.0017441234787645798,-0.03625812109714446
2.2664532906581316,4.102110163799828,-4.180859682979492,-0.002098629574409634,-0.0017440176839231976,-0.03436261609497467
2.2674534906981396,4.19237034361107,-4.178903564060278,-0.002099967793571222,-0.0017439716811039248,-0.03244644391638591
2.2684536907381476,4.281759051215911,-4.176768145544935,-0.0020997389330444614,-0.001743979109421128,-0.03050984358366068
2.2694538907781556,4.370258745721983,-4.174453637360465,-0.0020979545614214575,-0.0017440335672186467,-0.02855305818107085
2.2704540908181636,4.457852110394191,-4.171960255960052,-0.0020946265657891304,-0.0017441286175037415,-0.026576334802212737
2.2714542908581716,4.54452205564718,-4.169288224299203,-0.002089767148649163,-0.0017442577934144118,-0.024579924496641113
2.2724544908981796,4.630251721974894,-4.166437771811782,-0.002083388824755728,-0.0017444146037155666,-0.02256408221581639
2.2734546909381876,4.71502448281784,-4.163409134386,-0.0020755044178707616,-0.0017445925383195117,-0.020529066758379684
2.2744548909781956,4.798823947366516,-4.160202554340313,-0.0020661270574366076,-0.0017447850738261954,-0.01847514071477007
2.2754550910182036,4.881633963302064,-4.156818280399291,-0.002055270175165922,-0.0017449856790786415,-0.016402570411198927
2.2764552910582116,4.963438619472187,-4.153256567669381,-0.002042947501548776,-0.0017451878207289803,-0.014311625852995813
2.2774554910982197,5.044222248503787,-4.149517677614635,-0.0020291730622769883,-0.0017453849688104865,-0.012202580667340899
2.2784556911382277,5.123969429350613,-4.145601878032371,-0.0020139611745857476,-0.0017455706023110262,-0.01007571204539864
2.2794558911782357,5.202664989776869,-4.141509443028772,-0.001997326443512685,-0.0017457382147433127,-0.00793130068386768
2.2804560912182437,5.280294008775514,-4.1372406529944135,-0.001979283758074603,-0.001745881319707377,-0.005769630725961865
2.2814562912582517,5.356841818921489,-4.132795794579763,-0.001959848287362151,-0.0017459934564406688,-0.0035909897018374603
2.2824564912982597,5.43229400866024,-4.128175160670597,-0.0019390354765528145,-0.0017460681953512097,-0.0013956684684816511
2.2834566913382677,5.506636424530012,-4.123379050363375,-0.0019168610428426309,-0.00174609914352924,0.0008160388509226998
2.2844568913782757,5.579855173319212,-4.118407768940563,-0.0018933409712971608,-0.001746079950232822,0.0030438349281407
2.2854570914182837,5.651936624157607,-4.113261627845886,-0.0018684915106222805,-0.001746004312342881,0.005287419291522445
2.2864572914582917,5.722867410541754,-4.1079409446595685,-0.0018423291688554598,-0.0017458659797831972,0.007546488388118087
2.2874574914982997,5.792634432294574,-4.102446043073488,-0.001814870708978264,-0.0017456587609008937,0.00982073564625574
2.2884576915383077,5.861224857458631,-4.09677725286629,-0.0017861331444508854,-0.0017453765278029971,0.012109851538566956
2.2894578915783157,5.92862612412322,-4.090934909878472,-0.001756133734669599,-0.0017450132216446925,0.014413523645444442
2.2904580916183237,5.994825942185394,-4.084919355987411,-0.0017248899803481157,-0.001744562857864934,0.016731436718916675
2.2914582916583317,6.059812295044501,-4.07873093908233,-0.0016924196188238731,-0.0017440195313651213,0.019063272746924154
2.2924584916983397,6.123573441230627,-4.072370013039269,-0.0016587406192903962,-0.0017433774216266025,0.021408711017981856
2.2934586917383477,6.186097915966286,-4.0658369376959484,-0.0016238711779569279,-0.0017426307977628215,0.023767428186212625
2.2944588917783557,6.247374532662061,-4.0591320788266625,-0.001587829713136619,-0.0017417740235019822,0.02613909833673604
2.2954590918183637,6.307392384345926,-4.052255808117071,-0.001550634860264636,-0.0017408015620961688,0.02852339305139746
2.2964592918583717,6.366140845026062,-4.045208503139,-0.001512305466847621,-0.001739707981152925,0.03091998147482189
2.2974594918983797,6.423609570987484,-4.037990547325165,-0.0014728605873460267,-0.0017384879573853651,0.033328530380777315
2.2984596919383877,6.479788502022394,-4.0306023299438944,-0.0014323194779909132,-0.0017371362812769635,0.03574870423883213
2.2994598919783957,6.53466786259447,-4.023044246073807,-0.0013907015915368766,-0.0017356478616572446,0.03818016528129133
2.3004600920184037,6.588238162937063,-4.015316696578437,-0.0013480265719528481,-0.001734017730184678,0.040622573570396246
2.3014602920584117,6.640490200085408,-4.007420088080841,-0.0013043142490525793,-0.0017322410457331627,0.04307558706577238
2.3024604920984197,6.691415058843036,-3.9993548329381903,-0.001259584633066698,-0.0017303130986785747,0.04553886169211025
2.3034606921384277,6.741004112682344,-3.991121349216303,-0.0012138579091582925,-0.0017282293150819392,0.04801205140706387
2.3044608921784357,6.7892490245797825,-3.98272006066416,-0.00116715443188405,-0.0017259852607658843,0.05049480826935167
2.3054610922184438,6.836141747785641,-3.974151396688387,-0.0011194947196030381,-0.0017235766452811238,0.05298678250704475
2.3064612922584518,6.8816745265283155,-3.9654157923277333,-0.0010708994488352896,-0.0017209993257598208,0.05548762258602733
2.3074614922984598,6.925839896653913,-3.956513688227492,-0.0010213894485724118,-0.0017182493106527826,0.05799697527861419
2.3084616923384678,6.9686306862007585,-3.947445530613898,-0.0009709856945425013,-0.00171532276334754,0.060514485732310164
2.3094618923784758,7.010040015909352,-3.9382117712685463,-0.0009197093034317068,-0.0017122160056644714,0.06303979753869661
2.3104620924184838,7.050061299668001,-3.9288128675027187,-0.000867581527064841,-0.001708925521228245,0.06557255280242996
2.3114622924584918,7.088688244894189,-3.9192492821317146,-0.0008146237465474902,-0.0017054479587119557,0.06811239221033744
2.3124624924984998,7.125914852852066,-3.909521483449221,-0.0007608574663721339,-0.0017017801349514538,0.07065895510059496
2.313462692538508,7.161735418906402,-3.899629945201555,-0.0007063043084908278,-0.0016979190379274771,0.0732118795319727
2.314462892578516,7.196144532713092,-3.8895751465619472,-0.0006509860063570514,-0.0016938618296133106,0.07577080235313333
2.315463092618524,7.229137078346686,-3.8793575721048463,-0.0005949243989393721,-0.0016896058486858233,0.07833535927196847
2.316463292658532,7.2607082343650715,-3.868977711780081,-0.0005381414247096129,-0.0016851486130978499,0.08090518492495861
2.31746349269854,7.290853473811921,-3.858436060887159,-0.0004806591156082521,-0.0016804878225100091,0.08347991294654208
2.318463692738548,7.319568564156761,-3.8477331200494143,-0.0004224995909898212,-0.0016756213605801722,0.08605917603847864
2.319463892778556,7.346849567173625,-3.836869395188244,-0.00036368505155109763,-0.0016705472971089241,0.08864260603919313
2.320464092818564,7.372692838758058,-3.825845397497248,-0.0003042377732449185,-0.001665263890039485,0.0912298339930853
2.321464292858572,7.397095028683232,-3.8146616434164153,-0.0002441801011824715,-0.0016597695873106855,0.09382049021979107
2.32246449289858,7.420053080295331,-3.803318654606268,-0.0001835344435269396,-0.0016540630285617223,0.09641420438338154
2.323464692938588,7.4415642301488045,-3.791816957921986,-0.00012232326538139896,-0.0016481430466875463,0.09901060556148557
2.324464892978596,7.4616260075816285,-3.780157085387558,-6.0569082673883075e-05,-0.0016420086692438681,0.1016093223143219
2.325465093018604,7.48023623423124,-3.7683395741698664,1.705543957454097e-06,-0.0016356591197008957,0.10420998275362714
2.326465293058612,7.497393023491427,-3.756364966552824,6.44780152761396e-05,-0.0016290938185450482,0.10681221461146563
2.32746549309862,7.51309477991059,-3.7442338099114627,0.00012772569955319825,-0.0016223123842280267,0.10941564530890788
2.328465693138628,7.5273401985319595,-3.7319466566859907,0.0001914259386640342,-0.0016153146339627467,0.11201990202456359
2.329465893178636,7.540128264176099,-3.719504064355908,0.00025555605417342734,-0.0016081005843657757,0.11462461176295624
2.330466093218644,7.551458250666149,-3.706906595414073,0.00032009335340569466,-0.0016006704519460448,0.11722940142272553
2.331466293258652,7.561329719996444,-3.694154817340788,0.0003850151354970741,-0.001593024653439739,0.11983389786464473
2.33246649329866,7.569742521444776,-3.681249302577791,0.00045029869742740025,-0.0015851638059913966,0.12243772797943957
2.333466693338668,7.576696790628989,-3.668190628502394,0.0005159213400281512,-0.0015770887271813838,0.1250405187553959
2.334466893378676,7.582192948508272,-3.6549793774014896,0.0005818603739639637,-0.0015688004349000322,0.127641897345743
2.335467093418684,7.586231700329757,-3.641616136445609,0.0006480931256847336,-0.0015603001470688642,0.13024149113579986
2.336467293458692,7.588814034520888,-3.6281014976629735,0.000714596943345442,-0.0015515892812094504,0.13283892780987183
2.3374674934987,7.589941221528117,-3.6144360579135264,0.0007813492026908711,-0.001542669453860576,0.13543383541788495
2.338467693538708,7.589614812602479,-3.6006204188629853,0.0008483273129024091,-0.0015335424798445126,0.13802584244174562
2.339467893578716,7.587836638532558,-3.5866551869568495,0.0009155087224041689,-0.0015242103713833197,0.1406145778614134
2.340468093618724,7.584608808325455,-3.5725409733944966,0.0009828709246256875,-0.0015146753370662211,0.14319967122067465
2.341468293658732,7.57993370783627,-3.5582783941031644,0.001050391463718508,-0.001504939780669221,0.14578075269260493
2.34246849369874,7.5738139983467025,-3.543868069712024,0.0011180479402239912,-0.0014950062998282435,0.14835745314470855
2.343468693738748,7.566252615093364,-3.529310625526184,0.0011858180166897457,-0.0014848776845671984,0.15092940420372306
2.344468893778756,7.557252765746349,-3.5146066915007688,0.0012536794232321164,-0.001474556915682488,0.1534962383200774
2.345469093818764,7.546817928838686,-3.4997569022149633,0.001321609963042219,-0.001464047162985586,0.15605758883199203
2.346469293858772,7.534951852147307,-3.484761896845983,0.0013895875178330634,-0.0014533517834054265,0.15861309002920987
2.34746949389878,7.521658551026073,-3.469622319143237,0.0014575900532253685,-0.0014424743189524539,0.16116237721634644
2.348469693938788,7.506942306691529,-3.4543388174022707,0.0015255956240697198,-0.0014314184945462864,0.16370508677584852
2.349469893978796,7.490807664461987,-3.438912044438877,0.0015935823797027947,-0.0014201882157090537,0.1662408562305503
2.350470094018804,7.473259431950578,-3.423342657563165,0.0016615285691354352,-0.0014087875661265667,0.1687693243058159
2.351470294058812,7.4543026772129375,-3.407631318553585,0.0017294125461704165,-0.0013972208050795794,0.1712901309912582
2.35247049409882,7.433942726850076,-3.3917786936309926,0.0017972127744478325,-0.0013854923647474938,0.17380291760202296
2.353470694138828,7.412185164067173,-3.3757854534327714,0.0018649078324160812,-0.0013736068473869593,0.17630732683962802
2.354470894178836,7.389035826688932,-3.359652272986856,0.0019324764182265114,-0.0013615690223878986,0.17880300285234757
2.355471094218844,7.364500805132156,-3.343379831685858,0.001999897354549868,-0.001349383823209588,0.18128959129513122
2.356471294258852,7.338586440336125,-3.3269688132611255,0.002067149593312741,-0.001337056344199499,0.18376673938904806
2.35747149429886,7.311299321651613,-3.3104199057568593,0.0021342122203523127,-0.001324591837297691,0.18623409598024593
2.358471694338868,7.282646284689005,-3.2937338015042097,0.0022010644599877657,-0.0013119957086296207,0.18869131159841643
2.359471894378876,7.252634409126471,-3.276911197095422,0.002267685679506801,-0.0012992735149903137,0.19113803851475594
2.360472094418884,7.221271016478514,-3.2599527933578885,0.0023340553935658017,-0.0012864309602229086,0.19357393079941387
2.361472294458892,7.188563667826004,-3.242859295328326,0.0024001532685022507,-0.0012734738914946583,0.19599864437841838
2.3624724944989,7.154520161507938,-3.2256314122269294,0.002465959126558103,-0.001260408295473532,0.19841183709007124
2.363472694538908,7.119148530776128,-3.2082698574314628,0.002531452950012899,-0.0012472402944086302,0.20081316874080266
2.364472894578916,7.082457041412956,-3.1907753484514556,0.002596614885225485,-0.001233976142117677,0.20320230116047747
2.365473094618924,7.04445418931345,-3.173148606902376,0.0026614252465833035,-0.0012206222198849104,0.20557889825714434
2.366473294658932,7.0051486980318725,-3.155390358479737,0.0027258645203582952,-0.0012071850322727476,0.20794262607121966
2.36747349469894,6.964549516293979,-3.1375013329333674,0.002789913368468546,-0.0011936712028506411,0.21029315282909775
2.368473694738948,6.922665815475483,-3.119482264041553,0.0028535526321449016,-0.0011800874698445958,0.21263014899617966
2.369473894778956,6.87950698704716,-3.1013338895852516,0.002916763335501865,-0.0011664406817108487,0.21495328732931282
2.370474094818964,6.83508263998786,-3.0830569513223107,0.0029795266890121665,-0.0011527377926372627,0.2172622429286334
2.371474294858972,6.789402598165722,-3.064652194961686,0.0030418240928845033,-0.0011389858579760044,0.21955669328880437
2.37247449489898,6.742476897688526,-3.0461203701376847,0.0031036371403440235,-0.0011251920296111223,0.22183631834964193
2.373474694938988,6.6943157842236465,-3.027462230384224,0.0031649476208152187,-0.0011113635512646582,0.22410080054612266
2.374474894978996,6.644929710288778,-3.0086785331090513,0.003225737523006978,-0.0010975077537449549,0.22634982485776506
2.375475095019004,6.594329332513696,-2.9897700395680573,0.0032859890378996487,-0.0010836320501408372,0.22858307885737808
2.376475295059012,6.542525508874203,-2.970737514839548,0.0033456845616340308,-0.0010697439309653703,0.23080025275917054
2.37747549509902,6.4895292958985005,-2.951581727798508,0.0034048066983023146,-0.0010558509592529031,0.23300103946621445
2.378475695139028,6.435351945847171,-2.932303451090937,0.0034633382626410706,-0.0010419607656131208,0.2351851346172562
2.379475895179036,6.380004903867356,-2.912903461108161,0.003521262282626468,-0.001028081043245837,0.2373522366328695
2.380476095219044,6.323499805121728,-2.8933825379611395,0.003578562001971994,-0.0010142195429202591,0.2395020467609439
2.381476295259052,6.265848471893066,-2.873741465454851,0.003635220882529025,-0.0010003840679224613,0.2416342691215032
2.38247649529906,6.207062910665481,-2.853981031062607,0.003691222606590674,-0.0009865824689747978,0.24374861075084833
2.383476695339068,6.147155309182322,-2.834102025900427,0.003746551079099439,-0.0009728226391309835,0.2458447816450187
2.384476895379076,6.086138033482202,-2.814105244701433,0.003801190429759225,-0.0009591125086505609,0.2479224948025673
2.385477095419084,6.024023624913675,-2.7939914857902055,0.003855125015052415,-0.0009454600398564592,0.2499814662666441
2.386477295459092,5.960824797128868,-2.7737615510572464,0.003908339420162735,-0.0009318732219793388,0.25202141516638277
2.3874774954991,5.896554433057548,-2.75341624593332,0.00396081846080471,-0.0009183600659923974,0.25404206375758626
2.388477695539108,5.831225581861666,-2.732956379363965,0.004012547184960621,-0.0009049285994402909,0.2560431374627061
2.389477895579116,5.764851455871615,-2.712382763783847,0.00406351087452589,-0.0008915868612658031,0.25802436491011177
2.3904780956191236,5.697445427504555,-2.6916962150912966,0.004113695046863924,-0.0008783428966378763,0.2599854779726437
2.3914782956591316,5.629021026166009,-2.670897552622702,0.004163085456271605,-0.0008652047517845449,0.26192621180545284
2.3924784956991396,5.559591935134703,-2.649987599127032,0.004211668095356279,-0.0008521804688344092,0.26384630488310795
2.3934786957391476,5.489171988432359,-2.6289671807403603,0.004259429196325875,-0.0008392780806700466,0.2657454990359855
2.3944788957791556,5.417775167678109,-2.6078371269602565,0.004306355232193105,-0.0008265056057969253,0.26762353948592493
2.3954790958191636,5.345415598929418,-2.5865982706204576,0.004352432917895199,-0.0008138710432312285,0.2694801748811516
2.3964792958591716,5.272107549508912,-2.5652514478652573,0.00439764921133055,-0.0008013823674099936,0.2713151573304625
2.3974794958991796,5.19786542481913,-2.543797498124121,0.004441991314313679,-0.0007890475231269263,0.27312824243667233
2.3984796959391876,5.1227037651451255,-2.522237264086271,0.004485446673450027,-0.0007768744204972017,0.27491918932931664
2.3994798959791956,5.046637242445552,-2.500571591675152,0.0045280029809320905,-0.0007648709299545207,0.2766877606966096
2.4004800960192036,4.969680657133727,-2.4788013300231038,0.004569648175258481,-0.0007530448772836402,0.27843372281665335
2.4014802960592116,4.891848934848679,-2.456927331445926,0.004610370441877527,-0.0007414040386915453,0.28015684558789694
2.4024804960992197,4.8131571232168175,-2.434950451417477,0.004650158213757063,-0.0007299561359203788,0.28185690255884227
2.4034806961392277,4.733620388605708,-2.4128715485442624,0.004689000171882114,-0.0007187088314051927,0.28353367095699517
2.4044808961792357,4.653254012869702,-2.390691484540143,0.0047268852456821865,-0.0007076697234795253,0.28518693171705944
2.4054810962192437,4.5720733900891855,-2.368411124200876,0.004763802613389932,-0.0006968463416317576,0.28681646950837236
2.4064812962592517,4.490094023302678,-2.346031335378855,0.004799741702332967,-0.0006862461418151355,0.2884220727615799
2.4074814962992597,4.4073315212342115,-2.3235529889577164,0.004834692189160657,-0.0006758765018142954,0.29000353369454995
2.4084816963392677,4.323801595015234,-2.300976958827027,0.004868644000007705,-0.0006657447166710569,0.29156064833752293
2.4094818963792757,4.239520054902575,-2.2783041218570204,0.004901587310596388,-0.000655857994172197,0.2930932165574978
2.4104820964192837,4.154502806992652,-2.255535357873203,0.004933512546279329,-0.000646223450401844,0.2946010420818532
2.4114822964592917,4.068765849933326,-2.232671549631143,0.004964410382024678,-0.000636848105361077,0.2960839325212026
2.4124824964992997,3.9823252716328126,-2.2097135827911507,0.004994271742345609,-0.0006277388786572387,0.29754169939148273
2.4134826965393077,3.89519724596763,-2.1866623458930303,0.005023087801176036,-0.0006189025852654153,0.2989741581352751
2.4144828965793157,3.8073980294898213,-2.1635187303308014,0.005050849981694462,-0.0006103459313644597,0.30038112814235995
2.4154830966193237,3.718943958133672,-2.140283630327447,0.005077549956097897,-0.0006020755102498709,0.3017624327695024
2.4164832966593317,3.629851443922677,-2.1169579429097363,0.005103179645327742,-0.0005940977983257724,0.30311789935947125
2.4174834966993397,3.540136971678493,-2.0935425678828983,0.00512773121874957,-0.0005864191511781669,0.30444735925929
2.4184836967393477,3.449817095731045,-2.070038407805505,0.0051511970937887265,-0.0005790457997315645,0.3057506478377206
2.4194838967793557,3.358908436630929,-2.0464463679641645,0.005173569935523652,-0.0005719838464910223,0.3070276045019803
2.4204840968193637,3.267427677865409,-2.022767356348382,0.005194842656238822,-0.0005652392618715569,0.3082780727136923
2.4214842968593717,3.1753915625779037,-1.9990022836254064,0.005215008414939208,-0.0005588178806168187,0.3095019000040706
2.4224844968993797,3.0828168902916375,-1.9751520631149206,0.005234060616828129,-0.0005527253983088486,0.3106989379883403
2.4234846969393877,2.989720513638581,-1.9512176107639985,0.0052519929127503515,-0.0005469673679706637,0.31186904237939417
2.4244848969793957,2.8961193350937027,-1.9271998451218815,0.005268799198602283,-0.0005415491967633467,0.3130120730006864
2.4254850970194037,2.8020303037154277,-1.9030996873148165,0.005284473614711087,-0.0005364761427792433,0.3141278937983652
2.4264852970594117,2.7074704118931527,-1.878918061020929,0.005299010545184501,-0.0005317533119327971,0.31521637285264564
2.4274854970994197,2.612456692101866,-1.8546558924450909,0.00531240461723315,-0.0005273856549504804,0.31627738238842407
2.4284856971394277,2.517006213665019,-1.8303141102937386,0.005324650700467094,-0.0005233779644612073,0.317310798785136
2.4294858971794357,2.421136079525965,-1.805893645749796,0.005335743906168324,-0.0005197348721885433,0.3183165025858594
2.4304860972194438,2.3248634230282987,-1.7813954324475239,0.005345679586540902,-0.0005164608462459513,0.319294378505665
2.4314862972594518,2.228205404706124,-1.7568204064474513,0.005354453333940389,-0.0005135601885362478,0.32024431543921617
2.4324864972994598,2.131179209085131,-1.7321695062111837,0.005362060980084181,-0.0005110370322563653,0.3211662064676206
2.4334866973394678,2.033802041493573,-1.7074436725763755,0.005368498595244349,-0.0005088953395084454,0.32205994886453587
2.4344868973794758,1.9360911248857675,-1.682643848731616,0.005373762487424504,-0.0005071388990182254,0.3229254441015314
2.4354870974194838,1.838063696676825,-1.6577709801913043,0.00537784920152221,-0.0005057713239615961,0.32376259785271017
2.4364872974594918,1.7397370055904189,-1.6328260147706257,0.0053807555184783905,-0.0005047960499001516,0.32457131999859185
2.4374874974994998,1.6411283085193054,-1.607809902560439,0.0053824784544151665,-0.0005042163328264723,0.32535152462926137
2.438487697539508,1.542254867399906,-1.582723595902148,0.005383015259763481,-0.0005040352473198197,0.3261031300467851
2.439487897579516,1.4431339461007615,-1.557568049362694,0.005382363418381853,-0.0005042556848128459,0.3268260587668983
2.440488097619524,1.3437828073257847,-1.5323442197094779,0.005380520646667534,-0.0005048803519698593,0.327520237519967
2.441488297659532,1.2442187095327377,-1.5070530658852745,0.005377484892661307,-0.0005059117691771145,0.32818559725122753
2.44248849769954,1.1444589038673794,-1.4816955489831756,0.0053732543351471,-0.0005073522691455305,0.32882207312030753
2.443488697739548,1.0445206311139572,-1.4562726322214934,0.005367827382747569,-0.0005092039956261718,0.3294296045000319
2.444488897779556,0.9444211186623126,-1.4307852809187789,0.005361202673016705,-0.0005114689022387633,0.3300081349745173
2.445489097819564,0.8441775774923762,-1.4052344624686601,0.005353379071530514,-0.0005141487514134421,0.3305576123365595
2.446489297859572,0.7438071991759705,-1.379621146314904,0.005344355670976752,-0.0005172451134458861,0.33107798858431703
2.44748949789958,0.6433271528972903,-1.3539463039262274,0.005334131790244604,-0.0005207593656658958,0.3315692199172958
2.448489697939588,0.5427545824918031,-1.328210908771379,0.005322706973515224,-0.0005246926917194372,0.3320312667316383
2.449489897979596,0.44210660350414965,-1.3024159362939596,0.005310080989353911,-0.0005290460809640977,0.33246409361472207
2.450490098019604,0.3414003002656583,-1.2765623638874348,0.0052962538298047,-0.0005338203279778396,0.33286766933907197
2.451490298059612,0.24065272299208998,-1.2506511708700547,0.0052812257094880565,-0.0005390160321808782,0.33324196685559027
2.45249049809962,0.13988088490150002,-1.2246833384598372,0.0052649970647023455,-0.0005446335975704453,0.3335869632861098
2.453490698139628,0.03910175935326022,-1.1986598497494245,0.005247568552529631,-0.0005506732325681463,0.3339026399152743
2.454490898179636,-0.061667722991834234,-1.1725816896811214,0.0052289410499463725,-0.0005571349499795536,0.33418898218175136
2.455491098219644,-0.16241067698950817,-1.1464498450217502,0.005209115652939479,-0.0005640185670656244,0.33444597966878237
2.456491298259652,-0.2631102658080341,-1.1202653043376065,0.005188093675628144,-0.0005713237057254699,0.33467362609407486
2.45749149829966,-0.36374970370166215,-1.0940290579693988,0.005165876649391835,-0.0005790497927899516,0.3348719192990424
2.458491698339668,-0.46431225876088955,-1.0677420980072112,0.00514246632200473,-0.0005871960604255177,0.3350408612373968
2.459491898379676,-0.564781255639625,-1.0414054182653465,0.005117864656776877,-0.0005957615466476412,0.3351804579630982
2.460492098419684,-0.6651400782587511,-1.015020014257267,0.005092073831702257,-0.0006047450959431669,0.3352907196176691
2.461492298459692,-0.7653721724852206,-0.9885868831705729,0.005065096238613896,-0.0006141453600008187,0.3353716604168762
2.4624924984997,-0.8654610487870815,-0.9621070238418311,0.005036934482346123,-0.0006239607985490679,0.33542329863678755
2.463492698539708,-0.965390284863368,-0.9355814367314829,0.0050075913799039985,-0.0006341896803005087,0.335445656599209
2.464492898579716,-1.0651435282494297,-0.9090111238987771,0.004977069959639899,-0.0006448300840018377,0.33543876065650696
2.465493098619724,-1.1647044988956554,-0.8823970889766677,0.004945373460437183,-0.000655879899588486,0.33540264117582225
2.466493298659732,-1.264056991721562,-0.8557403371466108,0.004912505330900812,-0.0006673368294428927,0.3353373325226818
2.46749349869974,-1.363184879142945,-0.8290418751135228,0.004878469228554768,-0.0006791983897553743,0.3352428730440136
2.468493698739748,-1.4620721135727448,-0.8023027110806372,0.004843269019046011,-0.0006914619119864857,0.3351193050505714
2.469493898779756,-1.560702729895117,-0.775523854724263,0.004806908775354732,-0.0007041245444297235,0.33496667479877457
2.470494098819764,-1.6590608479125362,-0.7487063171687767,0.004769392777010562,-0.0007171832538733792,0.3347850324719704
2.471494298859772,-1.7571306747651694,-0.7218511109613294,0.004730725509314364,-0.0007306348273603013,0.3345744321611239
2.47249449889978,-1.8548965073226977,-0.69495925004676,0.004690911662565208,-0.0007444758740442801,0.3343349318449428
2.473494698939788,-1.952342734548371,-0.6680317497424023,0.004649956131292047,-0.0007587028271417258,0.3340665933694424
2.474494898979796,-2.0494538398341935,-0.641069626712793,0.004607864013489598,-0.0007733119459772709,0.33376948242695864
2.475495099019804,-2.1462144033082846,-0.6140738989445943,0.004564640609857891,-0.0007882993181218751,0.33344366853461466
2.476495299059812,-2.242609104113106,-0.5870455857213376,0.004520291423044871,-0.0008036608616219847,0.33308922501224786
2.47749549909982,-2.3386227226544904,-0.5599857075980932,0.004474822156891446,-0.0008193923273182434,0.3327062289598039
2.478495699139828,-2.4342401428215217,-0.5328952863763408,0.0044282387156783076,-0.0008354893012522192,0.3322947612342049
2.479495899179836,-2.5294463541771575,-0.5057753450787043,0.004380547203373818,-0.0008519472071595711,0.3318549064256981
2.480496099219844,-2.6242264541184337,-0.47862690792361,0.004331753922882221,-0.0008687613090480434,0.3313867528336916
2.481496299259852,-2.718565650007328,-0.4514510003000385,0.004281865375291414,-0.0008859267138586303,0.33089039244208523
2.48249649929986,-2.8124492612711385,-0.42424864874221485,0.0042308882591194676,-0.0009034383742082289,0.3303659208941018
2.483496699339868,-2.905862721472249,-0.3970208809042987,0.00417882946955905,-0.0009212910912120512,0.32981343746662733
2.484496899379876,-2.9987915803477376,-0.36976872553505746,0.0041256960977189144,-0.0009394795173840388,0.32923304504406586
2.485497099419884,-3.0912215058178223,-0.34249321245244635,0.004071495429861527,-0.0009579981596134858,0.3286248500917174
2.486497299459892,-3.1831382859632424,-0.3151953725183556,0.00401623494663594,-0.000976841382216044,0.3279889626286845
2.4874974994999,-3.2745278309719477,-0.2878762376130939,0.003959922322304962,-0.0009960034100572506,0.3273254962003163
2.488497699539908,-3.3653761750539073,-0.2605368406101141,0.0039025654239656484,-0.0010154783317466904,0.32663456785019596
2.489497899579916,-3.45566947832468,-0.23317821535047548,0.003844172310762152,-0.0010352601029008685,0.32591629809167905
2.490498099619924,-3.5453940286571526,-0.20580139661743854,0.0037847512330899057,-0.001055342549472844,0.32517081087899075
2.491498299659932,-3.634536243501871,-0.17840742011105698,0.0037243106317901395,-0.0010757193711466472,0.32439823357788866
2.49249849969994,-3.7230826716747525,-0.15099732242260958,0.003662859137333675,-0.0010963841447944693,0.32359869693589843
2.493498699739948,-3.811019995113219,-0.12357214100910342,0.0036004055689929687,-0.001117330327994592,0.32277233505213004
2.494498899779956,-3.8983350306000286,-0.09613291416783372,0.0035369589340013374,-0.0011385512626079955,0.3219192853466819
2.495499099819964,-3.985014731454506,-0.0686806810107662,0.00347252842669829,-0.0011600401784115611,0.3210396885296403
2.496499299859972,-4.071046189191675,-0.04121648143891234,0.0034071234276599003,-0.001181790196785754,0.3201336885696818
2.49749949989998,-4.156416635148557,-0.013741356116867737,0.0033407535028131354,-0.001203794334454656,0.31920143266228534
2.498499699939988,-4.241113442077849,0.013743653552937126,0.003273428402533048,-0.0012260455072761918,0.3182430711975633
2.499499899979996,-4.325124125708954,0.04123750545577746,0.0032051580607217523,-0.001248536534080369,0.3172587577277166
2.500500100020004,-4.408436346276243,0.06873915679038592,0.0031359525938680927,-0.0012712601405533372,0.31624864893412385
2.501500300060012,-4.491037910013968,0.09624756409455883,0.003065822300086911,-0.0012942089631650456,0.31521290459407036
2.50250050010002,-4.5729167706188445,0.12376168327094358,0.002994777658136844,-0.001317375553138266,0.3141516875471257
2.503500700140028,-4.654061030678882,0.15128046961277483,0.0029228293264155552,-0.0013407523804567264,0.3130651636611767
2.504500900180036,-4.7344589430699,0.1788028778296376,0.0028499881419313455,-0.0013643318379100839,0.31195350179812437
2.505501100220044,-4.814098912317902,0.20632786207322695,0.0027762651192500664,-0.0013881062451734565,0.3108168737792513
2.506501300260052,-4.892969495929227,0.23385437596325973,0.0027016714494162964,-0.0014120678529192085,0.30965545435026826
2.50750150030006,-4.971059405686762,0.26138137261321337,0.00262621849884773,-0.00143620884695868,0.3084694211460468
2.508501700340068,-5.048357508913295,0.2889078046563731,0.002549917808201759,-0.0014605213524115366,0.30725895465504655
2.509501900380076,-5.124852829701262,0.316432624271567,0.0024727810912132334,-0.0014849974379003979,0.3060242381834436
2.510502100420084,-5.2005345501095315,0.3439547832092583,0.0023948202335024125,-0.0015096291197684059,0.3047654578189688
2.511502300460092,-5.275392011326475,0.37147323281746536,0.002316047291352125,-0.001534408366317372,0.30348280239446324
2.5125025005001,-5.349414714799931,0.398986924067714,0.0022364744904531937,-0.0015593271020641424,0.3021764634511583
2.513502700540108,-5.4225923233339595,0.42649480758117647,0.002156114224617184,-0.0015843772120128134,0.30084663520168864
2.514502900580116,-5.494914662152044,0.453995833654703,0.0020749790544555744,-0.0016095505459404196,0.2994935144928454
2.515503100620124,-5.566371719926935,0.48148895228688726,0.0019930817060244623,-0.0016348389226937166,0.29811730076807713
2.516503300660132,-5.6369536497777535,0.5089731132042412,0.0019104350694339528,-0.0016602341344946756,0.2967181960297467
2.51750350070014,-5.706650770233072,0.5364472658874061,0.0018270521974213941,-0.0016857279512523082,0.2952964048011514
2.518503700740148,-5.775453566161291,0.5639103595972722,0.0017429463038876713,-0.0017113121248784305,0.2938521340883143
2.519503900780156,-5.843352689667725,0.5913613434012899,0.00165813076239578,-0.0017369783936049884,0.2923855933415541
2.520504100820164,-5.910338960958546,0.6187991661997226,0.0015726191046309499,-0.0017627184863005564,0.29089699441684164
2.521504300860172,-5.976403369171491,0.6462227767519679,0.0014864250188216092,-0.0017885241267836343,0.28938655153695014
2.52250450090018,-6.041537073173854,0.6736311237028682,0.0013995623481205277,-0.0018143870381303613,0.28785448125240753
2.523504700940188,-6.105731402327241,0.7010231556091825,0.0013120450889454961,-0.0018402989469742815,0.28630100240225786
2.524504900980196,-6.16897785721952,0.7283978209659423,0.0012238873892789538,-0.0018662515877957957,0.2847263360746397
2.525505101020204,-6.2312681103639775,0.7557540682329532,0.001135103546925999,-0.001892236707198942,0.2831307055671892
2.526505301060212,-6.292594006865707,0.7830908458612573,0.0010457080077302641,-0.001918246068173163,0.2815143363472752
2.52750550110022,-6.352947565055452,0.8104071023197158,0.0009557153637471731,-0.0019442714543377205,0.27987745601207403
2.528505701140228,-6.412320977090608,0.8377017861215955,0.0008651403513741406,-0.001970304674166435,0.2782202942484917
2.529505901180236,-6.470706609524231,0.8649738458511546,0.0007739978494373168,-0.0019963375651904382,0.27654308279294065
2.530506101220244,-6.5280970038411,0.8922222301903132,0.0006823028772345127,-0.0020223619981766475,0.2748460553909789
2.531506301260252,-6.584484876962006,0.9194458879454258,0.0005900705925340013,-0.0020483698812796703,0.27312944775681897
2.53250650130026,-6.63986312171565,0.9466437680739309,0.0004973162895289177,-0.0020743531641648875,0.2713934975327139
2.533506701340268,-6.694224807278736,0.9738148197112227,0.0004040553967470308,-0.0021003038421004636,0.26963844424822814
2.534506901380276,-6.747563179583764,1.000957992197431,0.0003103034749157056,-0.0021262139600160576,0.26786452927939997
2.535507101420284,-6.799871661695575,1.0280722351043068,0.00021607621478192147,-0.002152075616526035,0.2660719958078039
2.536507301460292,-6.851143854155841,1.055156498262194,0.0001213894348872482,-0.002177880967914991,0.2642610887795193
2.5375075015003,-6.90137353529628,1.0822097317869426,2.6259079297741178e-05,-0.0022036222320834338,0.26243205486401366
2.538507701540308,-6.950554661520421,1.1092308861069122,-6.929878471124966e-05,-0.0022292916924514894,0.2605851424129464
2.539507901580316,-6.998681367554213,1.1362189119901267,-0.00016526796901530764,-0.0022548817018185185,0.2587206014189018
2.540508101620324,-7.045747966665568,1.1631727605712325,-0.00026163216704611964,-0.0022803846861765703,0.2568386834740577
2.541508301660332,-7.09174895085295,1.1900913833787472,-0.00035837495624145284,-0.002305793148475615,0.25493964172879674
2.54250850170034,-7.136678991003348,1.216973732362249,-0.00045547980053974534,-0.002331099672338539,0.25302373085026814
2.543508701740348,-7.180532937019609,1.243818759919597,-0.000552930052919081,-0.002356296925723906,0.2510912069809063
2.544508901780356,-7.2233058179173515,1.2706254189242485,-0.0006507089579802668,-0.00238137766453453,0.2491423276969139
2.545509101820364,-7.264992841891778,1.2973926627525623,-0.0007487996545736839,-0.0024063347361699327,0.24717735196671606
2.546509301860372,-7.305589396354192,1.3241194453112415,-0.0008471851784695412,-0.0024311610830207984,0.24519654010939285
2.54750950190038,-7.34509104793901,1.3508047210647538,-0.0009458484650711072,-0.0024558497459035654,0.24320015375309692
2.548509701940388,-7.383493542480863,1.3774474450628271,-0.0010447723521704577,-0.002480393867433346,0.2411884557934633
2.549509901980396,-7.420792804962211,1.404046572967956,-0.001143939582746227,-0.0025047866953333904,0.23916171035201794
2.550510102020404,-7.456984939431894,1.4306010610830615,-0.0012433328078028016,-0.0025290215856793572,0.23712018273459223
2.551510302060412,-7.4920662288943785,1.457109866379112,-0.0013429345892503601,-0.0025530920060766924,0.23506413938974974
2.55251050210042,-7.526033135170229,1.4835719465227697,-0.0014427274028251075,-0.002576991538769459,0.23299384786723232
2.553510702140428,-7.55888229872788,1.509986259904236,-0.0015426936410490176,-0.002600713883679005,0.2309095767764321
2.554510902180436,-7.590610538487067,1.5363517656649568,-0.0016428156162283467,-0.002624252861370898,0.2288115957448959
2.555511102220444,-7.621214851593842,1.5626674237255775,-0.001743075563490147,-0.0026476024159485996,0.22670017537686876
2.556511302260452,-7.650692413167688,1.5889321948137527,-0.0018434556438559578,-0.0026707566178724067,0.22457558721188298
2.55751150230046,-7.679040576020805,1.6151450404922267,-0.0019439379473518176,-0.002693709666702216,0.22243810368339925
2.558511702340468,-7.706256870349802,1.6413049231867238,-0.002044504496153698,-0.002716455893762736,0.22028799807750635
2.559511902380476,-7.732339003400124,1.6674108062141662,-0.002145137247767422,-0.0027389897647298062,0.2181255444916855
2.560512102420484,-7.757284859103292,1.6934616538106766,-0.0022458180982420878,-0.0027613058821365347,0.21595101779364598
2.561512302460492,-7.7810924976872515,1.7194564311598355,-0.002346528885415986,-0.0027833989877980216,0.21376469358023817
2.5625125025005002,-7.803760155260205,1.7453941044209431,-0.002447251392193957,-0.0028052639651534785,0.21156684813645008
2.5635127025405082,-7.825286243367938,1.7712736407572578,-0.0025479673498551066,-0.0028268958415246124,0.2093577583944938
2.5645129025805162,-7.84566934852506,1.7970940083644318,-0.0026486584413897524,-0.0028482897902891917,0.20713770189298766
2.5655131026205242,-7.8649082317203165,1.8228541764988377,-0.002749306304864454,-0.0028694411329687683,0.20490695673624038
2.5665133026605322,-7.883001827896228,1.8485531155061456,-0.0028498925368139363,-0.0028903453412295788,0.20266580155364297
2.5675135027005402,-7.899949245403468,1.8741897968497845,-0.0029503986956586907,-0.002910998038795706,0.20041451545917455
2.5685137027405482,-7.915749765429908,1.899763193139581,-0.003050806305147007,-0.0029313950032736394,0.1981533780110277
2.5695139027805562,-7.930402841404967,1.9252722781603628,-0.0031510968578201608,-0.0029515321678874225,0.19588266917135932
2.5705141028205643,-7.943908098379195,1.9507160269007382,-0.003251251818499454,-0.002971405623123634,0.1936026692661727
2.5715143028605723,-7.956265332379621,1.9760934155818137,-0.0033512526277937804,-0.002991011618285512,0.1913136589453363
2.5725145029005803,-7.9674745097409145,2.001403421686057,-0.0034510807056263625,-0.0030103465629555738,0.18901591914274524
2.5735147029405883,-7.97753576641285,2.0266450239862057,-0.0035507174547792842,-0.0030294070283661584,0.1867097310366307
2.5745149029805963,-7.986449407244101,2.0518172025741794,-0.0036501442644544225,-0.003048189748677362,0.18439537601002287
2.5755151030206043,-7.994215905242854,2.0769189388901603,-0.0037493425138493573,-0.0030666916221619026,0.18207313561137292
2.5765153030606123,-8.000835900814364,2.1019492157516106,-0.0038482935757468252,-0.0030849097122965055,0.17974329151533927
2.5775155031006203,-8.006310200975836,2.126907017382465,-0.003946978820116262,-0.003102841248759462,0.17740612548374354
2.5785157031406283,-8.01063977854885,2.151791329442357,-0.004045379617725958,-0.003120483628334066,0.17506191932670137
2.5795159031806363,-8.01382577132962,2.1766011390558164,-0.004143477343764352,-0.003137834415717702,0.17271095486393329
2.5805161032206443,-8.01586948123739,2.201335434841659,-0.004241253381468951,-0.003154891344236406,0.17035351388626085
2.5815163032606523,-8.016772373441247,2.2259932069423822,-0.004338689125761385,-0.0031716523164647867,0.16798987811729285
2.5825165033006603,-8.016536075465607,2.2505734470535907,-0.004435765986887049,-0.003188115404751252,0.16562032917530686
2.5835167033406683,-8.015162376274718,2.275075148453598,-0.004532465394057833,-0.003204278851648539,0.1632451485353309
2.5845169033806763,-8.012653225336416,2.2994973060329174,-0.0046287687990963855,-0.0032201410702496105,0.16086461749142986
2.5855171034206843,-8.009010731665462,2.323838916324016,-0.004724657680080379,-0.003235700644429038,0.15847901711920195
2.5865173034606923,-8.004237162846744,2.3480989775309973,-0.004820113544985222,-0.0032509563289900454,0.15608862823848946
2.5875175035007003,-7.998334944038626,2.3722764895593897,-0.004915117935323675,-0.0032659070497174487,0.15369373137630857
2.5885177035407083,-7.991306656956734,2.3963704540459974,-0.005009652429780832,-0.003280551903336784,0.1512946067300029
2.5895179035807163,-7.983155038838529,2.4203798743888516,-0.005103698647842898,-0.0032948901573799723,0.14889153413062522
2.5905181036207243,-7.9738829813889,2.444303755777131,-0.005197238253418231,-0.0033089212499579266,0.1464847930065519
2.5915183036607323,-7.96349352970711,2.4681411052213362,-0.005290252958449105,-0.0033226447894405607,0.14407466234733404
2.5925185037007403,-7.951989881195386,2.4918909315832747,-0.005382724526512651,-0.003336060554044721,0.1416614206677902
2.5935187037407483,-7.939375384449461,2.515552245606366,-0.005474634776409443,-0.0033491684913306116,0.13924534597234448
2.5945189037807563,-7.92565353813136,2.539124059945832,-0.005565965585738208,-0.003361968717607336,0.13682671571961436
2.5955191038207643,-7.910827989824756,2.562605389199077,-0.005656698894455157,-0.0033744615172482417,0.1344058067872522
2.5965193038607723,-7.894902534873132,2.585995249936,-0.005746816708416403,-0.0033866473419167987,0.13198289543704467
2.5975195039007803,-7.877881115201213,2.6092926607295497,-0.005836301102902011,-0.003398526809703798,0.1295582572802738
2.5985197039407884,-7.85976781811971,2.6324966421862284,-0.005925134226120175,-0.003410100704176708,0.12713216724334364
2.5995199039807964,-7.840566875114008,2.6556062169766004,-0.006013298302690067,-0.0034213699733420784,0.12470489953367651
2.6005201040208044,-7.820282660616791,2.678620409866166,-0.006100775637101915,-0.0034323357285219337,0.12227672760588223
2.6015203040608124,-7.798919690765097,2.7015382477458556,-0.006187548617152874,-0.0034429992431451364,0.11984792412820425
2.6025205041008204,-7.776482622142148,2.7243587596630676,-0.006273599717357284,-0.003453361951454767,0.11741876094924619
2.6035207041408284,-7.752976250504017,2.7470809768523288,-0.0063589115023299165,-0.003463425447132596,0.11498950906498241
2.6045209041808364,-7.728405509491778,2.769703932766417,-0.006443466630140845,-0.003473191481841786,0.1125604385860559
2.6055211042208444,-7.70277546932913,2.7922266631073374,-0.006527247855640595,-0.0034826619636889925,0.11013181870536698
2.6065213042608524,-7.676091335506027,2.8146482058573388,-0.006610238033754237,-0.00349183895560709,0.1077039176659561
2.6075215043008604,-7.648358447448606,2.8369676013101524,-0.0066924201227431404,-0.0035007246736597866,0.10527700272918403
2.6085217043408684,-7.619582277175377,2.8591838921021253,-0.006773777187433094,-0.0035093214852694255,0.10285134014321243
2.6095219043808764,-7.589768427940628,2.881296123243645,-0.006854292402407568,-0.003517631907369333,0.10042719511178821
2.6105221044208844,-7.558922632864767,2.903303342150445,-0.006933949055164875,-0.0035256586044820886,0.0980048317633344
2.6115223044608924,-7.527050753552098,2.9252045986749944,-0.00701273054923806,-0.00353340438672515,0.09558451312035057
2.6125225045009004,-7.494158778696616,2.9469989451381386,-0.007090620407276344,-0.003540872207745294,0.0931665010691259
2.6135227045409084,-7.460252822675547,2.9686854363605164,-0.007167602274086999,-0.0035480651625833734,0.09075105632976727
2.6145229045809164,-7.425339124131543,2.99026312969436,-0.00724365991963655,-0.003554986485470923,0.08833843842654562
2.6155231046209244,-7.389424044543492,3.0117310850551298,-0.007318777242010239,-0.003561639547560188,0.0859289056585629
2.6165233046609324,-7.352514066786208,3.0330883649533327,-0.007392938270328724,-0.0035680278545891704,0.08352271507074224
2.61752350470094,-7.314615793679722,3.054334034526397,-0.007466127167620957,-0.0035741550444833266,0.08112012242514517
2.618523704740948,-7.275735946527785,3.075467161570637,-0.007538328233652512,-0.0035800248848955954,0.07872138217261161
2.619523904780956,-7.235881363646742,3.0964868165731905,-0.007609525907707889,-0.003585641270686402,0.07632674742474131
2.620524104820964,-7.19505899888414,3.117392072744131,-0.007679704771326608,-0.0035910082213454174,0.07393646992619753
2.621524304860972,-7.153275920128371,3.138182006048666,-0.007748849550991699,-0.003596129878356768,0.07155080002735136
2.62252450490098,-7.110539307808754,3.158855695239249,-0.007816945120769985,-0.003601010502509491,0.06916998665726223
2.623524704940988,-7.066856453386896,3.179412221888012,-0.007883976504903335,-0.0036056544711550124,0.06679427729699812
2.624524904980996,-7.022234757839545,3.199850670419022,-0.007949928880350142,-0.0036100662754134697,0.06442391795329708
2.625525105021004,-6.976681730133149,3.2201701281407416,-0.008014787579276305,-0.0036142505173307102,0.062059153132572445
2.626525305061012,-6.930204985690208,3.2403696852785617,-0.008078538091495065,-0.0036182119069878152,0.05970022581526332
2.62752550510102,-6.882812244848538,3.260448435007339,-0.008141166066855039,-0.0036219552595650236,0.057347377430532365
2.628525705141028,-6.834511331312388,3.2804054734841124,-0.008202657317575874,-0.003625485492361939,0.05500084783131252
2.629525905181036,-6.785310170597274,3.30023989988072,-0.008262997820530955,-0.00362880762177592,0.0526608752697044
2.630526105221044,-6.7352167884674445,3.319950816416674,-0.008322173719476671,-0.0036319267602405733,0.05032769637272601
2.631526305261052,-6.684239309367104,3.3395373283920082,-0.008380171327227733,-0.003634848113126265,0.04800154611841623
2.63252650530106,-6.632385954845521,3.3589985442201677,-0.008436977127778134,-0.0036375769756045984,0.045682657812293706
2.633526705341068,-6.57966504197606,3.3783335754610366,-0.008492577778367335,-0.0036401187294787967,0.043371263064172424
2.634526905381076,-6.52608498176981,3.3975415368540114,-0.008546960111491338,-0.0036424788399819427,0.041067591765335365
2.635527105421084,-6.4716542775836245,3.4166215463511476,-0.008600111136858298,-0.003644662852545042,0.038771872066067546
2.636527305461092,-6.416381523523461,3.4355727251503354,-0.00865201804328843,-0.003646676389536865,0.03648433035354965
2.6375275055011,-6.3602754028427855,3.454394197728662,-0.008702668200557939,-0.0036485251469775444,0.034205191230113334
2.638527705541108,-6.30334468633642,3.473085091875651,-0.008752049161186793,-0.0036502148912278902,0.03193467749185936
2.639527905581116,-6.245598230730609,3.4916445387267823,-0.00880014866217016,-0.0036517514556563993,0.029673010107639584
2.640528105621124,-6.187044977068711,3.510071672796926,-0.0088469546266534,-0.0036531407372859277,0.02742040819840364
2.641528305661132,-6.127693949093611,3.528365632013949,-0.008892455165550511,-0.003654388693421994,0.02517708901691134
2.64252850570114,-6.067554251626742,3.546525557752219,-0.008936638579105989,-0.00365550133826468,0.022943267927811494
2.643528705741148,-6.006635068944013,3.5645505948665113,-0.008979493358400087,-0.0036564847395060885,0.020719158388088004
2.644528905781156,-5.944945663148926,3.5824398917255906,-0.009021008186797505,-0.0036573450149153188,0.018504971927873794
2.645529105821164,-5.882495372543346,3.600192600246112,-0.009061171941339556,-0.0036580883289128994,0.01630091813163336
2.646529305861172,-5.819293609995854,3.6178078759265038,-0.009099973694079935,-0.00365872088913663,0.014107204619714365
2.64752950590118,-5.755349861308219,3.635284877880973,-0.009137402713364192,-0.0036592489430007534,0.011924037030268852
2.648529705941188,-5.690673683580344,3.652622768873512,-0.009173448465053097,-0.0036596787742503856,0.009751619001544514
2.649529905981196,-5.62527470357351,3.6698207153520155,-0.009208100613690111,-0.0036600166995131096,0.0075901521545463264
2.650530106021204,-5.559162616072713,3.686877887482381,-0.009241349023613161,-0.003660269064849631,0.00543983607606894
2.651530306061212,-5.492347182247868,3.7037934591828767,-0.009273183760011036,-0.0036604422423053757,0.0033008683021000388
2.65253050610122,-5.424838228014611,3.720566608158292,-0.009303595089924663,-0.0036605426264648988,0.0011734443015948628
2.653530706141228,-5.35664564239464,3.7371965159344227,-0.009332573483193642,-0.0036605766310109575,-0.0009422425393779531
2.654530906181236,-5.287779375875867,3.753682367892445,-0.009360109613348358,-0.0036605506852900776,-0.00304600093311921
2.655531106221244,-5.218249438773006,3.770023353303396,-0.00938619435844811,-0.0036604712308864343,-0.005137641705410562
2.656531306261252,-5.148065899588013,3.7862186653627585,-0.009410818801865648,-0.003660344718205842,-0.0072169778102546475
2.65753150630126,-5.077238883371748,3.802267501225113,-0.00943397423301859,-0.0036601776030716297,-0.009283824344243942
2.658531706341268,-5.005778570086336,3.8181690620387503,-0.0094556521480482,-0.0036599763433341603,-0.011337998560558591
2.659531906381276,-4.933695192968417,3.8339225529805008,-0.009475844250446038,-0.003659747395495724,-0.013379319882593431
2.660532106421284,-4.860999036894094,3.849527183290485,-0.009494542451628996,-0.003659497211352519,-0.015407609917214396
2.661532306461292,-4.787700436745526,3.8649821663070068,-0.00951173887146332,-0.003659232234655409,-0.01742269246764473
2.6625325065013,-4.713809775779247,3.880286719501489,-0.00952742583873817,-0.0036589588977911152,-0.019424393545981394
2.663532706541308,-4.639337483996528,3.895440064513505,-0.009541595891589342,-0.003658683618485487,-0.021412541385342092
2.664532906581316,-4.564294036516427,3.910441427185742,-0.009554241777873783,-0.0036584127965304573,-0.02338696645164339
2.665533106621324,-4.488689951951048,3.925290037599229,-0.009565356455495548,-0.0036581528105362705,-0.02534750145501056
2.666533306661332,-4.4125357907838065,3.939985130108437,-0.009574933092683889,-0.003657910014710542,-0.027293981360819678
2.66753350670134,-4.335842153750689,3.954525943376515,-0.009582965068224146,-0.0036576907356656754,-0.029226243400372737
2.668533706741348,-4.2586196802249825,3.968911720410633,-0.009589445971642173,-0.0036575012692561374,-0.031144127081206355
2.669533906781356,-4.18087904660512,3.9831417085972958,-0.009594369603343034,-0.003657347877447069,-0.03304747419703504
2.670534106821364,-4.102630964706582,3.997215159737746,-0.009597729974704695,-0.0036572367852156654,-0.03493612883732965
2.671534306861372,-4.023886180157495,4.011131330083407,-0.009599521308127508,-0.0036571741774867406,-0.036809937396532016
2.67253450690138,-3.944655470798847,4.024889480371465,-0.00959973803704024,-0.0036571661961038566,-0.03866874858290665
2.673534706941388,-3.864949645088159,4.038488875860405,-0.009598374805863466,-0.003657218936837362,-0.04051241342703052
2.674534906981396,-3.7847795405089735,4.0519287863656155,-0.009595426469931102,-0.003657338446430662,-0.042340785289921815
2.675535107021404,-3.7041560219840632,4.065208486295093,-0.009590888095370937,-0.003657530719686,-0.04415371987080899
2.676535307061412,-3.6230899802941665,4.0783272546851945,-0.009584754958944976,-0.0036578016965910028,-0.04595107521454095
2.67753550710142,-3.5415923305020853,4.091284375236386,-0.009577022547850419,-0.0036581572594872078,-0.04773271171863972
2.678535707141428,-3.459674010381577,4.104079136349096,-0.009567686559482157,-0.003658603230281759,-0.04949849213999684
2.679535907181436,-3.3773459788526496,4.116710831159608,-0.00955674290115764,-0.003659145367703419,-0.05124828160121455
2.680536107221444,-3.294619214422098,4.12917875757599,-0.00954418768980495,-0.0036597893646040185,-0.05298194759659334
2.681536307261452,-3.211504713629982,4.141482218314086,-0.009530017251615008,-0.0036605408453064215,-0.05469935999776701
2.68253650730146,-3.1280134895031257,4.153620520933558,-0.009514228121658736,-0.003661405363000057,-0.056400391058986726
2.683536707341468,-3.0441565700139877,4.165592977873941,-0.009496817043470112,-0.0036623883971850296,-0.058084915422055586
2.684536907381476,-2.9599449965467004,4.177398906490789,-0.009477780968595953,-0.0036634953511657875,-0.05975281012091502
2.685537107421484,-2.8753898223697787,4.189037629091873,-0.009457117056113358,-0.003664731549595293,-0.06140395458588471
2.686537307461492,-2.790502111115663,4.200508472973356,-0.00943482267211568,-0.0036661022360705998,-0.06303823064755756
2.6875375075015002,-2.7052929352676744,4.211810770456076,-0.00941089538916792,-0.003667612570780714,-0.06465552254035127
2.6885377075415082,-2.619773374653728,4.222943858921848,-0.009385332985732452,-0.0036692676282075757,-0.06625571690571827
2.6895379075815162,-2.533954514948406,4.233907080849845,-0.009358133445565941,-0.0036710723948809587,-0.06783870279501565
2.6905381076215242,-2.4478474461815996,4.24469978385291,-0.009329294957088383,-0.003673031767188064,-0.06940437167203692
2.6915383076615322,-2.361463261256063,4.255321320714087,-0.00929881591272511,-0.0036751505492385312,-0.07095261741520714
2.6925385077015402,-2.274813054472043,4.265771049422967,-0.009266694908222685,-0.003677433450785565,-0.07248333631944368
2.6935387077415482,-2.1879079200607707,4.27604833321233,-0.009232930741939541,-0.0036798850852038417,-0.07399642709768389
2.6945389077815562,-2.1007589507257287,4.286152540594563,-0.009197522414112239,-0.0036825099675248164,-0.07549179088208217
2.6955391078215643,-2.0133772361928437,4.296083045398348,-0.00916046912609823,-0.0036853125125300254,-0.07696933122487788
2.6965393078615723,-1.925773861769096,4.305839226805189,-0.009121770279595973,-0.0036882970329029353,-0.07842895409893637
2.6975395079015803,-1.8379599069098564,4.315420469386112,-0.009081425475843258,-0.003691467737439863,-0.07987056789796505
2.6985397079415883,-1.7499464437953482,4.324826163138324,-0.009039434514794595,-0.003694828729320449,-0.08129408343640651
2.6995399079815963,-1.6617445359159648,4.334055703521934,-0.008995797394278497,-0.0036983840044381385,-0.0826994139490107
2.7005401080216043,-1.5733652366671722,4.343108491496704,-0.008950514309135484,-0.0037021374497910853,-0.0840864750900885
2.7015403080616123,-1.4848195879535706,4.351983933558812,-0.008903585650337643,-0.003706092841933862,-0.08545518493244862
2.7025405081016203,-1.396118618802414,4.360681441777647,-0.008855012004090527,-0.003710253845490322,-0.08680546396602011
2.7035407081416283,-1.3072733439867417,4.369200433832647,-0.00880479415091822,-0.003714624011727937,-0.08813723509616261
2.7045409081816363,-1.2182947626589373,4.377540333050166,-0.008752933064732314,-0.0037192067771938805,-0.08945042364166668
2.7055411082216443,-1.1291938569932403,4.38570056844034,-0.008699429911885622,-0.0037240054624131146,-0.0907449573324464
2.7065413082616523,-1.0399815908389536,4.393680574733977,-0.008644286050211333,-0.003729023270648692,-0.09202076630692663
2.7075415083016603,-0.9506689083838994,4.4014797924195,-0.008587503028048385,-0.0037342632867244565,-0.09327778310912707
2.7085417083416683,-0.8612667328277852,4.409097667779895,-0.008529082583253793,-0.0037397284759102954,-0.09451594268544584
2.7095419083816763,-0.771785965066179,4.416533652929676,-0.008469026642202632,-0.0037454216828700583,-0.09573518238114459
2.7105421084216843,-0.6822374823853337,4.423787205851844,-0.008407337318776376,-0.0037513456306722346,-0.0969354419365377
2.7115423084616923,-0.5926321371670465,4.4308577904349296,-0.0083440169133403,-0.003757502919863444,-0.09811666348288824
2.7125425085017003,-0.5029807556050641,4.437744876509979,-0.008279067911710595,-0.0037638960276047645,-0.09927879153801264
2.7135427085417083,-0.41329413643180624,4.444447939887577,-0.008212492984111867,-0.0037705273068708942,-0.10042177300159727
2.7145429085817163,-0.3235830496563348,4.450966462394934,-0.008144294984125642,-0.003777398985712113,-0.10154555715022875
2.7155431086217243,-0.23385823531343913,4.457299931912909,-0.00807447694763052,-0.003784513166578976,-0.10265009563214107
2.7165433086617323,-0.14413040222400306,4.463447842413065,-0.008003042091734552,-0.0037918718257096496,-0.10373534246168178
2.7175435087017403,-0.054410226766402434,4.469409693994772,-0.007929993813700463,-0.003799476812579762,-0.10480125401350004
2.7185437087417483,0.03529164834020584,4.475184992922274,-0.00785533568986425,-0.0038073298494146223,-0.10584778901645901
2.7195439087817563,0.1249646152416615,4.48077325166178,-0.00777907147454775,-0.003815432530763625,-0.10687490854727531
2.7205441088217643,0.21459810214220326,4.486173988918534,-0.0077012050989656595,-0.003823786323136636,-0.10788257602388822
2.7215443088617723,0.30418157448704614,4.491386729673953,-0.0076217406701275725,-0.0038323925647021227,-0.10887075719856122
2.7225445089017803,0.39370453613228557,4.496411005222673,-0.007540682469735489,-0.003841252465046774,-0.1098394201507187
2.7235447089417884,0.48315653050386076,4.501246353209669,-0.007458034953077299,-0.0038503671049963145,-0.11078853527952047
2.7245449089817964,0.572527141743557,4.505892317667337,-0.00737380274791668,-0.003859737436497211,-0.11171807529617685
2.7255451090218044,0.6618059958437262,4.510348449052595,-0.00728799065337986,-0.0038693642825589234,-0.11262801521600713
2.7265453090618124,0.7509827617695914,4.514614304283956,-0.007200603638839668,-0.003879248337256345,-0.1135183323502442
2.7275455091018204,0.8400471525692923,4.518689446778596,-0.00711164684279725,-0.0038893901657920406,-0.11438900629758801
2.7285457091418284,0.9289889264717766,4.522573446489428,-0.007021125571761864,-0.0038997902046178775,-0.11524001893551095
2.7295459091818364,1.0177978879725202,4.5262658799421684,-0.00692904529912909,-0.003910448761615605,-0.11607135441131768
2.7305461092218444,1.106463888906078,4.529766330272364,-0.0068354116640578074,-0.003921366016335939,-0.11688299913296248
2.7315463092618524,1.1949768295072631,4.533074387262432,-0.006740230470346271,-0.0039325420202956565,-0.11767494175962695
2.7325465093018604,1.283326659458966,4.536189647378667,-0.006643507685307579,-0.003943976697332217,-0.1184471731920609
2.7335467093418684,1.3715033789277222,4.5391117138082455,-0.006545249438644817,-0.003955669844015371,-0.11919968656268924
2.7345469093818764,1.4594970395863218,4.541840196496205,-0.006445462021326163,-0.003967621130115217,-0.11993247722548804
2.7355471094218844,1.5472977456242263,4.544374712182386,-0.006344151884460179,-0.003979830099126155,-0.12064554274563245
2.7365473094618924,1.6348956547445148,4.546714884438385,-0.006241325638171529,-0.0039922961688461265,-0.12133888288891946
2.7375475095019004,1.7222809791485834,4.5488603437044475,-0.006136990050477342,-0.004005018632010565,-0.12201249961096858
2.7385477095419084,1.8094439865078562,4.5508107273263665,-0.00603115204616439,-0.004017996656980416,-0.12266639704620325
2.7395479095819164,1.8963750009222824,4.5525656795923135,-0.005923818705667279,-0.004031229288483587,-0.12330058149661598
2.7405481096219244,1.9830644038660485,4.554124851769687,-0.005814997263947795,-0.004044715448409178,-0.12391506142032031
2.7415483096619324,2.0695026351205037,4.555487902141883,-0.005704695109375544,-0.004058453936653805,-0.1245098474198925
2.7425485097019404,2.155680193693698,4.556654496045065,-0.005592919782610017,-0.004072443432019325,-0.12508495223050584
2.7435487097419484,2.24158763872689,4.55762430590487,-0.005479678975484163,-0.004086682493161255,-0.12564039070786082
2.7445489097819564,2.3272155903882243,4.558397011273104,-0.005364980529889586,-0.004101169559587155,-0.12617617981591406
2.7455491098219644,2.412554730752791,4.558972298864372,-0.005248832436663403,-0.004115902952704233,-0.12669233861440904
2.7465493098619724,2.4975958046699627,4.559349862592684,-0.005131242834476841,-0.004130880876915412,-0.12718888824621155
2.7475495099019804,2.582329620617176,4.559529403608,-0.0050122200087256005,-0.004146101420763096,-0.12766585192445312
2.7485497099419884,2.666747051540751,4.559510630332743,-0.004891772390422002,-0.004161562558119835,-0.12812325491948537
2.7495499099819964,2.750839035683067,4.559293258498257,-0.0047699085550889295,-0.004177262149425094,-0.1285611245456482
2.7505501100220044,2.834596577396938,4.55887701118121,-0.004646637221655561,-0.004193197942967321,-0.12897949014785515
2.7515503100620124,2.918010747946312,4.558261618839945,-0.0045219672513548545,-0.004209367576210469,-0.12937838308799873
2.7525505101020205,3.0010726862936354,4.557446819350786,-0.0043959076466227555,-0.004225768577164156,-0.12975783673117897
2.7535507101420285,3.0837735998743248,4.556432358044277,-0.004268467549999081,-0.004242398365796586,-0.13011788643175815
2.7545509101820365,3.1661047653572862,4.555217987741351,-0.004139656243029995,-0.004259254255489394,-0.1304585695192449
2.7555511102220445,3.24805752939256,4.553803468789466,-0.004009483145172016,-0.004276333454533525,-0.1307799252840105
2.7565513102620525,3.32962330934527,4.552188569098641,-0.003877957812697451,-0.004293633067665269,-0.1310819949628408
2.7575515103020605,3.4107935940163023,4.550373064177455,-0.003745089937601156,-0.0043111500976415595,-0.1313648217243265
2.7585517103420685,3.4915599443497634,4.548356737168964,-0.00361088934650851,-0.004328881446853628,-0.1316284506540953
2.7595519103820765,3.571913994126838,4.546139378886543,-0.0034753659995844666,-0.0043468239189781025,-0.13187292873988835
2.7605521104220845,3.6518474506461516,4.543720787849656,-0.003338529989443547,-0.004364974220664637,-0.13209830485648466
2.7615523104620925,3.7313520953912254,4.541100770319561,-0.0032003915400606302,-0.004383328963259124,-0.13230462975047652
2.7625525105021005,3.8104197846841306,4.538279140334923,-0.003060961005682372,-0.004401884664561571,-0.1324919560248985
2.7635527105421085,3.8890424503257037,4.535255719747349,-0.002920248869739087,-0.004420637750617685,-0.13266033812371367
2.7645529105821165,3.967212100222714,4.5320303382568445,-0.0027782657437569152,-0.004439584557543218,-0.1328098323161599
2.7655531106221245,4.044920819001776,4.528602833447176,-0.002635022366270087,-0.004458721333380105,-0.1329404966809591
2.7665533106621325,4.122160768609165,4.524973050821152,-0.00249052960173308,-0.004478044239983446,-0.133052391090393
2.7675535107021405,4.19892418889815,4.5211408438358145,-0.002344798439432481,-0.004497549354938342,-0.13314557719424783
2.7685537107421485,4.275203398202573,4.517106073937531,-0.0021978399923983255,-0.004517232673505626,-0.13322011840363174
2.7695539107821565,4.350990793896968,4.512868610596972,-0.002049665496314709,-0.004537090110595494,-0.13327607987466736
2.7705541108221645,4.426278852943918,4.508428331344046,-0.001900286308429439,-0.004557117502768059,-0.13331352849206296
2.7715543108621725,4.501060132427769,4.50378512180266,-0.001749713906462496,-0.004577310610259829,-0.13333253285256502
2.7725545109021805,4.5753272700751015,4.498938875725439,-0.0015979598875130703,-0.004597665119035128,-0.1333331632482955
2.7735547109421885,4.649072984761948,4.493889495028301,-0.0014450359669649364,-0.004618176642861452,-0.13331549164997658
2.7745549109821965,4.72229007700818,4.488636889824929,-0.0012909539773899158,-0.004638840725407762,-0.1332795916900462
2.7755551110222045,4.7949714294582115,4.483180978461134,-0.0011357258674491786,-0.0046596528423647095,-0.13322553864566702
2.7765553110622125,4.867110007348887,4.477521687549124,-0.0009793637007921346,-0.004680608403585803,-0.13315340942163242
2.7775555111022205,4.938698858964356,4.47165895200161,-0.000821879654952655,-0.004701702755248485,-0.1330632825331718
2.7785557111422285,5.0097311160773,4.465592715065828,-0.000663286020242365,-0.004722931182034129,-0.13295523808865886
2.7795559111822365,5.080199994377874,4.459322928357435,-0.0005035951986407557,-0.004744288909325944,-0.13282935777222557
2.7805561112222446,5.150098793889113,4.452849551894231,-0.0003428197026818402,-0.00476577110542377,-0.1326857248262847
2.7815563112622526,5.21942089936952,4.446172554129863,-0.00018097215433710115,-0.004787372883774762,-0.13252442403396417
2.7825565113022606,5.288159780702749,4.439291911987242,-1.8065283894460726e-05,-0.004809089305218945,-0.13234554170145585
2.7835567113422686,5.356308993274367,4.432207610891974,0.00014588807116698875,-0.004830915380248629,-0.1321491656402822
2.7845569113822766,5.423862178335755,4.424919644805553,0.00031087496730675904,-0.004852846071280695,-0.13193538514948336
2.7855571114222846,5.490813063355194,4.4174280162584445,0.0004768823560575068,-0.004874876294940702,-0.13170429099772765
2.7865573114622926,5.557155462356343,4.409732736383052,0.0006438970851646034,-0.004897000924357859,-0.1314559754053487
2.7875575115023006,5.622883276243661,4.401833824946503,0.0008119058997309971,-0.0049192147914698114,-0.13119053202631173
2.7885577115423086,5.687990493115404,4.393731310383262,0.00098089544336762,-0.004941512689336273,-0.1309080559301122
2.7895579115823166,5.752471188564078,4.385425229827682,0.0011508522593496001,-0.0049638893744604826,-0.13060864358360963
2.7905581116223246,5.81631952596419,4.376915629146314,0.0013217627917785333,-0.004986339569117492,-0.13029239283279934
2.7915583116623326,5.87952975674727,4.368202562970075,0.0014936133867510637,-0.005008857963688306,-0.12995940288452526
2.7925585117023406,5.942096220664985,4.35928609472625,0.0016663902935340133,-0.005031439218998853,-0.12960977428813641
2.7935587117423486,6.00401334603924,4.350166296670416,0.0018400796657463156,-0.005054077968662837,-0.12924360891708997
2.7945589117823566,6.06527565000032,4.340843249918019,0.002014667562547979,-0.005076768821427453,-0.12886100995050387
2.7955591118223646,6.125877738712511,4.331317044475992,0.0021901399498363205,-0.005099506363521012,-0.12846208185466157
2.7965593118623726,6.185814307587779,4.3215877792740045,0.002366482701449696,-0.005122285161001495,-0.1280469303644721
2.7975595119023806,6.245080141486827,4.311655562195656,0.0025436816003789517,-0.005145099762105059,-0.12761566246488762
2.7985597119423886,6.303670114908501,4.301520510109475,0.002721722339986809,-0.005167944699593549,-0.12716838637228203
2.7995599119823966,6.361579192166683,4.29118274889968,0.002900590525235399,-0.005190814493100041,-0.1267052115157926
2.8005601120224046,6.4188024275557,4.280642413496772,0.003080271673922149,-0.005213703651471485,-0.126226248518628
2.8015603120624126,6.475334965503321,4.269899647907978,0.003260751217924215,-0.005236606675107484,-0.12573160917934514
2.8025605121024206,6.531172040712189,4.2589546052474745,0.0034420145044516586,-0.005259518058294283,-0.12522140645309757
2.8035607121424286,6.586308978289403,4.247807447766372,0.003624046797309544,-0.0052824322915330365,-0.12469575443285814
2.8045609121824366,6.640741193864272,4.236458346882562,0.003806833278169133,-0.005305343863861428,-0.12415476833061877
2.8055611122224446,6.694464193694627,4.224907483210328,0.003990359047848347,-0.005328247265167731,-0.12359856445856968
2.8065613122624526,6.747473574761213,4.213155046589737,0.0041746091276016585,-0.0053511369884963935,-0.12302726021026106
2.8075615123024606,6.799765024850914,4.201201236115859,0.004359568460419545,-0.005374007532344257,-0.1224409740417496
2.8085617123424687,6.8513343226283325,4.189046260167717,0.004545221912337679,-0.005396853402946521,-0.12183982545273253
2.8095619123824767,6.90217733769604,4.176690336437069,0.004731554273755957,-0.005419669116551552,-0.12122393496767184
2.8105621124224847,6.952290030643549,4.164133691956948,0.004918550260767511,-0.00544244920168369,-0.12059342411691118
2.8115623124624927,7.001668453085143,4.1513765631299595,0.005106194516497805,-0.00546518820139317,-0.11994841541778806
2.8125625125025007,7.050308747686276,4.138419195756365,0.005294471612453935,-0.0054878806754923085,-0.11928903235574384
2.8135627125425087,7.098207148179336,4.12526184506199,0.005483366049884213,-0.005510521202777117,-0.1186153993654341
2.8145629125825167,7.145359979368021,4.111904775725712,0.005672862261148136,-0.0055331043832335,-0.11792764181184182
2.8155631126225247,7.191763657121077,4.098348261906983,0.005862944611096802,-0.005555624840227219,-0.11722588597139591
2.8165633126625327,7.237414688355061,4.084592587272876,0.00605359739846385,-0.005578077222676808,-0.11651025901309758
2.8175635127025407,7.2823096710064315,4.0706380450249435,0.006244804857266975,-0.005600456207208641,-0.11578088897965692
2.8185637127425487,7.326445293992882,4.056484937925935,0.006436551158220055,-0.0056227565002933515,-0.11503790476864213
2.8195639127825567,7.369818337164287,4.042133578326105,0.006628820410155942,-0.005644972840362837,-0.11428143611364394
2.8205641128225647,7.4124256712428584,4.02758428818938,0.0068215966614599294,-0.005667099999907076,-0.11351161356545744
2.8215643128625727,7.454264257753039,4.012837399119173,0.007014863901513905,-0.005689132787549989,-0.11272856847328377
2.8225645129025807,7.495331148941157,3.997893252384009,0.007208606062151202,-0.0057110660501036295,-0.11193243296595407
2.8235647129425887,7.535623487684746,3.982752198942777,0.007402807019122138,-0.005732894674599936,-0.11112333993317783
2.8245649129825967,7.575138507391565,3.96741459946988,0.007597450593570214,-0.0057546135902993584,-0.11030142300681822
2.8255651130226047,7.613873531888774,3.9518808243799435,0.00779252055351896,-0.005776217770675633,-0.10946681654219648
2.8265653130626127,7.651825975301944,3.9361512538523025,0.007988000615369363,-0.005797702235376022,-0.10861965559942764
2.8275655131026207,7.68899334192434,3.920226277855215,0.008183874445407855,-0.005819062052156333,-0.10776007592479007
2.8285657131426287,7.725373226076163,3.904106296169747,0.008380125661324768,-0.005840292338790061,-0.10688821393213066
2.8295659131826367,7.760963311954351,3.8877917184134354,0.008576737833743199,-0.00586138826495098,-0.10600420668430818
2.8305661132226447,7.795761373472513,3.8712829640636173,0.008773694487758207,-0.005882345054068574,-0.10510819187467693
2.8315663132626527,7.829765274091375,3.854580462480393,0.008970979104486233,-0.005903157985155658,-0.10420030780861268
2.8325665133026607,7.862972966639888,3.83768465292938,0.00916857512262463,-0.005923822394607587,-0.10328069338508326
2.8335667133426687,7.895382493126833,3.8205959846041018,0.009366465940021216,-0.0059443336779724625,-0.10234948807826573
2.8345669133826767,7.926991984543312,3.803314916648131,0.009564634915253696,-0.005964687291691744,-0.10140683191921233
2.8355671134226847,7.957799660655859,3.7858419181767786,0.009763065369218817,-0.005984878754810707,-0.1004528654775673
2.8365673134626928,7.987803829790705,3.768177468298642,0.009961740586731117,-0.006004903650658186,-0.09948772984333644
2.8375675135027008,8.017002888608866,3.7503220561366915,0.010160643818131114,-0.006024757628495079,-0.09851156660871176
2.8385677135427088,8.045395321872407,3.7322761808490386,0.01035975828090274,-0.006044436405131078,-0.09752451784995284
2.8395679135827168,8.072979702201975,3.7140403516494365,0.01055906716129987,-0.006063935766509122,-0.0965267261093272
2.8405681136227248,8.099754689825495,3.6956150878274276,0.010758553615981731,-0.006083251569257088,-0.09551833437711145
2.8415683136627328,8.125719032318342,3.677000918768096,0.010958200773657023,-0.006102379742206236,-0.09449948607365528
2.8425685137027408,8.150871564334984,3.658198383971519,0.0111579917367365,-0.006121316287875953,-0.09347032503151007
2.8435687137427488,8.175211207332232,3.6392080330718883,0.011357909582993828,-0.006140057283924346,-0.09243099547762407
2.844568913782757,8.198736969284099,3.6200304258561764,0.011557937367234478,-0.0061585988845642625,-0.09138164201560614
2.8455691138227643,8.221447944388476,3.6006661322825777,0.011758058122972325,-0.006176937321944316,-0.09032240960806014
2.8465693138627723,8.243343312765692,3.581115732498524,0.011958254864114245,-0.0061950689074945645,-0.08925344355898909
2.8475695139027803,8.264422340148991,3.561379816858246,0.012158510586651116,-0.0062129900332363415,-0.08817488949627802
2.8485697139427884,8.284684377567192,3.5414589859401517,0.012358808270356736,-0.006230697173056048,-0.08708689335424767
2.8495699139827964,8.304128861019327,3.5213538505636883,0.012559130880493059,-0.0062481868839424195,-0.08598960135628808
2.8505701140228044,8.3227553111417,3.5010650318058127,0.012759461369521996,-0.006265455807187,-0.08488315999757082
2.8515703140628124,8.340563332867227,3.4805931610171963,0.012959782678823398,-0.006282500669547491,-0.08376771602784204
2.8525705141028204,8.357552615077289,3.459938879837964,0.013160077740418928,-0.006299318284373686,-0.08264341643429815
2.8535707141428284,8.373722930246045,3.4391028402130073,0.013360329478701527,-0.006315905552695698,-0.0815104084245456
2.8545709141828364,8.389074134077479,3.4180857044069395,0.013560520812170136,-0.006332259464274231,-0.08036883940964654
2.8555711142228444,8.403606165135216,3.3968881450186883,0.013760634655169387,-0.006348377098612626,-0.07921885698725187
2.8565713142628524,8.417319044465078,3.375510844995603,0.013960653919633904,-0.006364255625930477,-0.07806060892482332
2.8575715143028604,8.430212875210735,3.3539544976472064,0.01416056151683691,-0.00637989230809857,-0.07689424314294611
2.8585717143428684,8.442287842222271,3.332219806658541,0.014360340359142779,-0.006395284499534986,-0.07571990769873373
2.8595719143828764,8.453544211658006,3.310307486103024,0.014559973361763193,-0.0064104296480621435,-0.0745377507693263
2.8605721144228844,8.463982330579489,3.288218260454917,0.014759443444516568,-0.006425325295724657,-0.07334792063548409
2.8615723144628924,8.473602626539874,3.2659528646014286,0.014958733533590361,-0.006439969079567833,-0.07215056566527757
2.8625725145029004,8.482405607165743,3.2435120438542984,0.015157826563305927,-0.006454358732376684,-0.07094583429787546
2.8635727145429084,8.49039185973245,3.2208965539609014,0.015356705477885535,-0.00646849208337536,-0.06973387502743232
2.8645729145829164,8.497562050733144,3.198107161115154,0.015555353233221185,-0.006482367058886865,-0.06851483638707681
2.8655731146229244,8.503916925441498,3.1751446419675746,0.015753752798644844,-0.006495981682953018,-0.06728886693300223
2.8665733146629324,8.509457307468317,3.1520097836353727,0.01595188715869972,-0.006509334077914562,-0.06605611522866059
2.8675735147029404,8.514184098312036,3.128703383711576,0.01614973931491219,-0.006522422464951387,-0.06481672982906148
2.8685737147429484,8.518098276903341,3.105226250274148,0.01634729228756398,-0.006535245164582839,-0.06357085926517717
2.8695739147829564,8.521200899143837,3.081579201894294,0.016544529117464242,-0.006547800597128087,-0.06231865202845504
2.8705741148229644,8.52349309743903,3.0577630676445398,0.01674143286772109,-0.00656008728312656,-0.06106025655543877
2.8715743148629724,8.5249760802256,3.0337786871062216,0.01693798662551222,-0.0065721038437184685,-0.059795821212499344
2.8725745149029804,8.525651131493138,3.009626910376462,0.017134173503854214,-0.006583849000985433,-0.0585254942806772
2.8735747149429884,8.525519610300401,2.985308598074819,0.017329976643370118,-0.006595321578251293,-0.057249423940636625
2.8745749149829964,8.524582950286224,2.960824621349218,0.0175253792140549,-0.006606520500343128,-0.05596775825773358
2.8755751150230044,8.522842659175126,2.936175861881586,0.017720364417038358,-0.006617444793812612,-0.05468064516719807
2.8765753150630125,8.520300318277789,2.911363211892957,0.017914915486345113,-0.0066280935871177536,-0.05338823245943215
2.8775755151030205,8.516957581986443,2.8863875741479235,0.018109015690651244,-0.006638466110765172,-0.052090667765424745
2.8785757151430285,8.512816177265277,2.8612498619588544,0.01830264833503716,-0.006648561697413016,-0.05078809854228413
2.8795759151830365,8.507877903135995,2.8359509991892056,0.01849579676273632,-0.006658379781934669,-0.04948067205888936
2.8805761152230445,8.502144630158572,2.8104919202568106,0.018688444356879382,-0.006667919901443409,-0.04816853538166146
2.8815763152630525,8.495618299907319,2.7848735701362073,0.018880574542233346,-0.006677181695278188,-0.046851835360455445
2.8825765153030605,8.488300924442427,2.759096904360697,0.019072170786935343,-0.006686164904950717,-0.045530718614574174
2.8835767153430685,8.480194585776927,2.7331628890237707,0.01926321660422059,-0.006694869374054066,-0.04420533151890484
2.8845769153830765,8.471301435339358,2.7070725007800003,0.019453695554144175,-0.006703295048132993,-0.04287582019017918
2.8855771154230845,8.461623693432074,2.6808267268455204,0.01964359124529621,-0.006711441974516225,-0.04154233047335814
2.8865773154630925,8.451163648685398,2.6544265649976726,0.01983288733650997,-0.006719310302110953,-0.040205007928142
2.8875775155031005,8.439923657507597,2.6278730235744745,0.02002156753856264,-0.006726900281159785,-0.038863997815606684
2.8885777155431085,8.427906143531002,2.6011671214732406,0.020209615615868225,-0.006734212262960435,-0.03751944508496718
2.8895779155831165,8.415113597054033,2.57430988814878,0.020397015388162274,-0.0067412466995484385,-0.03617149436046878
2.8905781156231245,8.401548574479554,2.5473023636109944,0.020583750732177972,-0.006748004143343185,-0.034820289928407
2.8915783156631325,8.387213697749408,2.520145598421921,0.020769805583313268,-0.00675448524675759,-0.03346597572427685
2.8925785157031405,8.372111653775386,2.4928406536921344,0.020955163937288593,-0.00676069076177173,-0.03210869532005223
2.8935787157431485,8.35624519386667,2.4653886010767425,0.02113980985179483,-0.006766621539470765,-0.030748591911596176
2.8945789157831565,8.33961713315375,2.4377905227705785,0.021323727448131137,-0.006772278529547528,-0.029385808306202594
2.8955791158231645,8.322230350009084,2.4100475115029645,0.021506900912832222,-0.0067776627797701125,-0.028020486910270155
2.8965793158631725,8.304087785464471,2.382160670531867,0.021689314499284764,-0.006782775435414856,-0.026652769717109018
2.8975795159031805,8.285192442625256,2.3541311136373015,0.02187095252933253,-0.006787617738665095,-0.025282798294880972
2.8985797159431885,8.265547386081481,2.3259599651143668,0.02205179939486989,-0.006792191027976096,-0.023910713774673593
2.8995799159831965,8.245155741316053,2.297648359765505,0.022231839559423334,-0.006796496737406559,-0.02253665683870897
2.9005801160232045,8.22402069410999,2.2691974428921995,0.022411057559720664,-0.006800536395917138,-0.0211607677086876
2.9015803160632125,8.202145489944906,2.240608370286034,0.022589438007247487,-0.00680431162663638,-0.019783186134267917
2.9025805161032205,8.179533433402808,2.21188230821927,0.022766965589790692,-0.00680782414609455,-0.018404051381682014
2.9035807161432285,8.156187887563254,2.1830204334345087,0.02294362507296856,-0.006811075763425775,-0.017023502222487993
2.9045809161832365,8.132112273397928,2.154023933134079,0.02311940130174718,-0.006814068379538979,-0.015641676922459432
2.9055811162232446,8.10731006916294,2.124894004968481,0.02329427920194284,-0.006816803986258078,-0.014258713230612414
2.9065813162632526,8.08178480978849,2.095631857024296,0.023468243781710092,-0.006819284665431916,-0.012874748368370496
2.9075815163032606,8.055540086266642,2.0662387078115527,0.023641280133015176,-0.006821512588014425,-0.011489919018868058
2.9085817163432686,8.028579545036598,2.0367157862503347,0.023813373433094472,-0.006823490013115519,-0.010104361316392368
2.9095819163832766,8.000906887368073,2.00706433165673,0.023984508945897723,-0.00682521928702322,-0.008718210835964763
2.9105821164232846,7.972525868742586,1.9772855937281795,0.024154672023515712,-0.006826702842197539,-0.007331602583061216
2.9115823164632926,7.94344029823289,1.947380832528133,0.024323848107592107,-0.006827943196236625,-0.005944670983472657
2.9125825165033006,7.913654037880462,1.9173513184700055,0.024492022730719223,-0.006828942950815727,-0.004557549873305302
2.9135827165433086,7.883171002071501,1.8871983323004557,0.024659181517817406,-0.006829704790599486,-0.003170372489121282
2.9145829165833166,7.851995156910887,1.8569231650820834,0.02482531018749778,-0.006830231482128134,-0.0017832714582197548
2.9155831166233246,7.820130519594919,1.826527118175404,0.024990394553408138,-0.00683052587267812,-0.0003963787890588495
2.9165833166633326,7.7875811577824186,1.7960115032200248,0.025154420525561678,-0.006830590889097742,0.0009901741381814553
2.9175835167033406,7.754351188964298,1.7653776421151453,0.02531737411164838,-0.0068304295366183425,0.0023762565808953164
2.9185837167433486,7.720444779832107,1.7346268669996445,0.025479241418328805,-0.006830044897641645,0.003761738443205681
2.9195839167833566,7.685866145644946,1.7037605202310664,0.02564000865251004,-0.0068294401305037935,0.005146490284977465
2.9205841168233646,7.650619549595593,1.6727799543641055,0.025799662122603664,-0.0068286184682167,0.006530383330689141
2.9215843168633726,7.614709302175308,1.6416865321284542,0.025958188239765426,-0.006827583217187259,0.007913289478162656
2.9225845169033806,7.5781397605376535,1.610481626405644,0.02611557351911653,-0.006826337755915054,0.009295081307151539
2.9235847169433886,7.540915327861593,1.5791666202055759,0.026271804580946273,-0.006824885533669111,0.010675632087787181
2.9245849169833966,7.503040452713344,1.5477429066419188,0.026426868151895908,-0.006823230069144344,0.012054815788883217
2.9255851170234046,7.464519628407982,1.5162118889070868,0.026580751066123513,-0.006821374949098264,0.013432507086097958
2.9265853170634126,7.425357392369924,1.484574980246233,0.026733440266449738,-0.0068193238269685695,0.01480858136995494
2.9275855171034206,7.385558325492875,1.4528336039307241,0.026884922805484265,-0.006817080421472235,0.01618291475372153
2.9285857171434286,7.345127051499688,1.4209891932307415,0.027035185846732826,-0.006814648515186707,0.01755538408114561
2.9295859171834366,7.304068236300958,1.3890431913872008,0.027184216665684664,-0.0068120319531138175,0.01892586693405051
2.9305861172234446,7.262386587353934,1.3569970515827545,0.027332002650880288,-0.006809234641227052,0.02029424163978804
2.9315863172634526,7.220086853020886,1.3248522369123266,0.02747853130495941,-0.0068062605450027736,0.021660387278549943
2.9325865173034606,7.17717382192702,1.2926102203526264,0.027623790245688958,-0.006803113687936036,0.023024183690537724
2.9335867173434687,7.133652322318656,1.2602724847309934,0.027767767206971068,-0.006799798150041613,0.024385511482990976
2.9345869173834767,7.089527221420979,1.227840522693435,0.027910450039830934,-0.006796318066340866,0.025744252037074453
2.9355871174234847,7.044803424795782,1.1953158366720211,0.028051826713384475,-0.006792677625335072,0.027100287514623955
2.9365873174634927,6.99948587569963,1.162699938851366,0.0281918853157857,-0.006788881067465851,0.02845350086475118
2.9375875175035007,6.953579554441578,1.1299943511342587,0.028330614055153743,-0.006784932683563306,0.029803775830307837
2.9385877175435087,6.907089477741624,1.0972006051066063,0.028468001260479475,-0.006780836813282526,0.031150996954209142
2.9395879175835167,6.860020698089129,1.0643202420018048,0.028604035382511665,-0.00677659784352905,0.032495049585617
2.9405881176235247,6.812378303101591,1.0313548126637284,0.028738704994622645,-0.00677222020687395,0.033835819885982985
2.9415883176635327,6.764167414883878,0.9983058775096018,0.02887199879365345,-0.006767708379959136,0.035173194834951606
2.9425885177035407,6.715393189388133,0.9651750064914751,0.02900390560073839,-0.006763066881893527,0.03650706223612385
2.9435887177435487,6.666060815773642,0.931963779057379,0.02913441436210905,-0.006758300272640698,0.037837310722681615
2.9445889177835567,6.616175515768004,0.8986737841111072,0.029263514149877733,-0.006753413151398642,0.03916382976287301
2.9455891178235647,6.565742543028443,0.8653066199719321,0.029391194162800303,-0.006748410154972249,0.04048650966535919
2.9465893178635727,6.514767182504133,0.8318638943326779,0.029517443727018464,-0.006743295956139149,0.04180524158442274
2.9475895179035807,6.463254749799282,0.7983472242175538,0.029642252296781496,-0.006738075262009503,0.04311991752503828
2.9485897179435887,6.411210590536946,0.7647582359389256,0.02976560945514745,-0.006732752812380396,0.04443043034780541
2.9495899179835967,6.358640079724086,0.7310985650532837,0.02988750491466386,-0.006727333378085408,0.04573667377374457
2.9505901180236047,6.305548621116994,0.6973698563162701,0.030007928518028,-0.006721821759339993,0.0470385423889561
2.9515903180636127,6.251941646588651,0.6635737636370919,0.03012687023872671,-0.0067162227840832775,0.048335931649143
2.9525905181036207,6.197824615496389,0.6297119500319209,0.030244320181655914,-0.006710541306316863,0.04962873788399782
2.9535907181436287,6.143203014051036,0.5957860875763392,0.030360268583719825,-0.006704782204441246,0.050916858301454045
2.9545909181836367,6.088082354687706,0.5617978573572603,0.030474705814409926,-0.006698950379590455,0.05220019099180259
2.9555911182236447,6.03246817543699,0.52774894942359,0.030587622376363827,-0.006693050753965476,0.053478634931673805
2.9565913182636527,5.9763660392983065,0.4936410627363211,0.03069900890590407,-0.0066870882691670835,0.05475208998788543
2.9575915183036607,5.919781533614283,0.45947590511769326,0.030808856173556956,-0.006681067884528634,0.056020456921157175
2.9585917183436687,5.862720269446629,0.4252551931993121,0.03091715508455152,-0.00667499457544942,0.05728363738969227
2.9595919183836767,5.805187880953591,0.39098065236962626,0.031023896679298748,-0.006668873331729145,0.058541533952626686
2.9605921184236847,5.747190024768923,0.35665401672038854,0.031129072133851136,-0.006662709155904098,0.05979405007334644
2.9615923184636928,5.688732379382727,0.32227702899223487,0.031232672760342736,-0.006656507061585589,0.061041090122673655
2.9625925185037008,5.629820644523336,0.28785144051950684,0.031334690007409786,-0.006650272071801201,0.06228255938192195
2.9635927185437088,5.570460540541993,0.25337901117388256,0.031435115460592085,-0.006644009217339414,0.0635183640458216
2.9645929185837168,5.510657807798168,0.21886150930747994,0.03153394084271519,-0.006637723535098151,0.06474841122531544
2.9655931186237248,5.450418206047511,0.18430071169485943,0.03163115801425369,-0.006631420066437781,0.06597260895022562
2.9665933186637328,5.389747513831459,0.1496984034740579,0.031726758973675544,-0.006625103855539127,0.06719086617179232
2.9675935187037408,5.328651527868763,0.11505637808688349,0.03182073585776782,-0.006618779947766986,0.0684030927650848
2.9685937187437488,5.267136062448984,0.08037643721833436,0.031913080941943825,-0.006612453388039717,0.06960919953128555
2.969593918783757,5.205206948828113,0.04566039073470188,0.032003786640531925,-0.006606129219205376,0.07080909819984813
2.970594118823765,5.142870034626215,0.01091005662136119,0.03209284550704612,-0.006599812480424944,0.07200270143052948
2.971594318863773,5.080131183227528,-0.023872739080760624,0.03218025023443863,-0.0065935082055631235,0.07318992281529735
2.972594518903781,5.0169962731819435,-0.058686162339706985,0.032265993655334585,-0.006587221421587214,0.07437067688011359
2.973594718943789,4.953471197609847,-0.09352837119753746,0.03235006874224913,-0.006580957146974556,0.07554487908659391
2.974594918983797,4.889561863608365,-0.12839751583667258,0.03243246860778699,-0.00657472039012902,0.07671244583354501
2.975595119023805,4.82527419166021,-0.16329173864707067,0.03251318650482477,-0.006568516147807021,0.07787329445837972
2.976595319063813,4.760614115045095,-0.1982091742941726,0.032592215826676166,-0.006562349403553519,0.07902734323841087
2.977595519103821,4.695587579253319,-0.2331479497880878,0.03266955010724029,-0.006556225126148479,0.08017451139202483
2.978595719143829,4.630200541401801,-0.26810618455348706,0.03274518302113335,-0.006550148268064231,0.08131471907973523
2.979595919183837,4.56445896965295,-0.30308199050050766,0.03281910838380375,-0.006544123763934174,0.08244788740511785
2.980596119223845,4.498368842635636,-0.3380734720965721,0.032891320151631064,-0.0065381565290332806,0.08357393841562756
2.981596319263853,4.431936148869105,-0.373078726439293,0.032961812422008824,-0.0065322514577708015,0.08469279510329772
2.982596519303861,4.365166886189206,-0.40809584333019566,0.03303057943341155,-0.006526413422195625,0.08580438140532333
2.983596719343869,4.298067061177767,-0.4431229053494315,0.03309761556544614,-0.006520647270514675,0.08690862220452848
2.984596919383877,4.230642688593994,-0.47815798793145015,0.03316291533888787,-0.006514957825624777,0.08800544332971899
2.985597119423885,4.1628997908092344,-0.5131991594415655,0.033226473415701216,-0.0065093498836583715,0.08909477155592115
2.986597319463893,4.094844397244297,-0.5482444812537547,0.03328828459904571,-0.006503828212543479,0.09017653460450724
2.987597519503901,4.026482543809553,-0.583292007829088,0.03334834383326713,-0.006498397550578287,0.0912506611432091
2.988597719543909,3.957820272347761,-0.6183397867951951,0.033406646203874166,-0.00649306260502074,0.09231708078602006
2.989597919583917,3.888863630080209,-0.6533858590270039,0.033463186937500826,-0.006487828050693488,0.09337572409298664
2.990598119623925,3.819618669055416,-0.6884282587280843,0.033517961401854854,-0.006482698528604559,0.0944265225698905
2.991598319663933,3.7500914456008383,-0.72346501351297,0.03357096510565235,-0.006477678644584099,0.09546940866782191
2.992598519703941,3.6802880197779273,-0.7584941444909241,0.03362219369853883,-0.006472772967937519,0.09650431578264536
2.993598719743949,3.610214454839528,-0.793513666350051,0.033671642970997,-0.006467986030115376,0.09753117825435835
2.994598919783957,3.5398768166912102,-0.8285215874429266,0.033719308854241424,-0.006463322323400319,0.09854993136634432
2.995599119823965,3.4692811733549394,-0.8635159098728744,0.03376518742010041,-0.0064587862996114105,0.09956051134452065
2.996599319863973,3.3984335944362414,-0.8984946295813018,0.033809274880885254,-0.006454382368826119,0.10056285535638253
2.997599519903981,3.32734015059456,-0.9334557364361509,0.03385156758924717,-0.006450114898120297,0.10155690150994383
2.998599719943989,3.256006913016653,-0.9683972143211438,0.0338920620380221,-0.0064459882103264175,0.10254258885257592
2.999599919983997,3.184439952893429,-1.0033170412262513,0.03393075486006364,-0.0064420065828103565,0.10351985736974524
3.000600120024005,3.112645340899576,-1.0382131893389526,0.033967642828064366,-0.006438174246266988,0.1044886479836508
3.001600320064013,3.0406291466770967,-1.0730836251365956,0.03400272285436575,-0.006434495383534859,0.10544890255176245
3.002600520104021,2.9683974383215834,-1.1079263094796807,0.034035991990756936,-0.006430974128430192,0.10640056386526098
3.003600720144029,2.8959562818720928,-1.14273919770618,0.03406744742826263,-0.0064276145646004635,0.10734357564738096
3.004600920184037,2.8233117408045203,-1.1775202397269864,0.03409708649692027,-0.0064244207243978006,0.10827788255165748
3.005601120224045,2.750469875528229,-1.2122673801220638,0.03412490666554684,-0.0064213965877724126,0.10920343016007761
3.006601320264053,2.6774367428855026,-1.2469785582379007,0.03415090554149546,-0.006418546081186282,0.1101201649811378
3.007601520304061,2.6042183956557263,-1.2816517082857635,0.03417508087040198,-0.0064158730765473335,0.11102803444780798
3.008601720344069,2.5308208820619758,-1.3162847594410876,0.03419743053592194,-0.006413381390164268,0.11192698691540362
3.009601920384077,2.457250245281004,-1.3508756359437766,0.03421795255945798,-0.0064110747817222756,0.11281697165936673
3.010602120424085,2.383512522957773,-1.3854222571995678,0.03423664509987805,-0.006408956953279792,0.11369793887295668
3.011602320464093,2.3096137467224667,-1.419922537882311,0.03425350645322455,-0.006407031548286494,0.11456983966485212
3.012602520504101,2.235559941711626,-1.454374388037447,0.03426853505241472,-0.0064053021506226895,0.11543262605666493
3.013602720544109,2.1613571260923963,-1.4887757131862651,0.034281729466932455,-0.006403772283660275,0.11628625098036714
3.014602920584117,2.0870113105909973,-1.523124414431336,0.03429308840251179,-0.006402445409345402,0.11713066827563215
3.015603120624125,2.012528498024298,-1.5574183885629151,0.03430261070081227,-0.006401324927303001,0.11796583268709104
3.016603320664133,1.9379146828350962,-1.591655528166229,0.03431029533908644,-0.006400414173963306,0.11879169986150528
3.017603520704141,1.8631758506311549,-1.6258337217299648,0.034316141429839644,-0.0063997164217104935,0.11960822634485668
3.018603720744149,1.7883179777279135,-1.6599508537556058,0.03432014822048241,-0.006399234878053571,0.12041536957935582
3.019603920784157,1.7133470306949334,-1.6940048048680358,0.034322315092975564,-0.006398972684819612,0.12121308790036996
3.020604120824165,1.6382689659056888,-1.7279934519266404,0.034322641563468315,-0.006398932917369458,0.12200134053327165
3.021604320864173,1.563089729091429,-1.7619146681381175,0.03432112728192958,-0.006399118583835969,0.12278008759020888
3.022604520904181,1.4878152548990267,-1.7957663231695695,0.03431777203177262,-0.006399532624384922,0.1235492900667981
3.023604720944189,1.4124514664515866,-1.8295462832632665,0.034312575729473375,-0.006400177910498627,0.12430890983874114
3.024604920984197,1.3370042749139257,-1.8632524113519158,0.03430553842418247,-0.00640105724428235,0.125058909658367
3.025605121024205,1.261479579061271,-1.8968825671752194,0.03429666029733133,-0.00640217335779359,0.12579925315109983
3.026605321064213,1.1858832648516309,-1.930434607397286,0.03428594166223245,-0.006403528912394277,0.12652990481185403
3.027605521104221,1.1102212050025781,-1.9639063857252335,0.034273382963673986,-0.006405126498125948,0.12725083000135767
3.028605721144229,1.03449925857093,-1.9972957530284916,0.034258984777509036,-0.006406968633107932,0.12796199494240537
3.029605921184237,0.9587232705370511,-2.0306005574595996,0.034242747810239574,-0.0064090577629585845,0.1286633667160416
3.030606121224245,0.8828990713929408,-2.063818644575364,0.03422467289859537,-0.006411396260239602,0.12935491325767567
3.031606321264253,0.8070324767333587,-2.0969478574596336,0.03420476100910804,-0.006413986423923439,0.1300366033531296
3.032606521304261,0.7311292868519306,-2.1299860368467085,0.03418301323768035,-0.0064168304788838355,0.13070840663461966
3.033606721344269,0.6551952863403148,-2.1629310212457797,0.034159430809151035,-0.006419930575409472,0.13137029357667307
3.034606921384277,0.5792362436915606,-2.1957806470665555,0.03413401507685519,-0.006423288788740741,0.1320222354919808
3.035607121424285,0.5032579109074147,-2.228532748745724,0.034106767522180524,-0.006426907118629642,0.1326642045271877
3.036607321464293,0.4272660231092771,-2.2611851588744534,0.034077689754119525,-0.0064307874889227715,0.13329617365862081
3.037607521504301,0.35126629815337207,-2.2937357083268783,0.03404678350881776,-0.006434931747167411,0.1339181166879576
3.038607721544309,0.2752644362493934,-2.3261822263896152,0.03401405064911846,-0.006439341664240658,0.13453000823783445
3.039607921584317,0.19926611958369403,-2.3585225408922033,0.03397949316410346,-0.006444018934001592,0.1351318237473971
3.040608121624325,0.12327701194583714,-2.3907544783386854,0.03394311316863081,-0.006448965172966429,0.1357235394677941
3.041608321664333,0.047302758359265486,-2.4228758640398502,0.033904912902868976,-0.006454181920006606,0.13630513245761436
3.042608521704341,-0.02865101528396716,-2.454884522246902,0.03386489473182797,-0.006459670636069777,0.13687658057826957
3.043608721744349,-0.10457870258458687,-2.486778276285783,0.03382306114488742,-0.00646543270392362,0.1374378624893235
3.044608921784357,-0.18047471699379541,-2.518554948692515,0.03377941475532175,-0.006471469427922427,0.13798895764376826
3.045609121824365,-0.2563334921665148,-2.5502123613497694,0.033733958299822585,-0.006477782033796398,0.1385298462832496
3.046609321864373,-0.3321494823113067,-2.58174833562395,0.03368669463801854,-0.006484371668463548,0.13906050943324172
3.047609521904381,-0.40791716253558213,-2.6131606925037456,0.03363762675199245,-0.006491239399864174,0.139580928898173
3.048609721944389,-0.4836310291876696,-2.644447252739323,0.03358675774579624,-0.006498386216817771,0.14009108725650396
3.049609921984397,-0.5592856001942302,-2.675605836982579,0.033534090844963386,-0.006505813028902322,0.1405909678557582
3.050610122024405,-0.6348754153942151,-2.706634265928377,0.03347962939601932,-0.006513520666355854,0.14108055480750775
3.051610322064413,-0.7103950368685424,-2.737530360456777,0.033423376865989604,-0.0065215098800001665,0.1415598329823139
3.052610522104421,-0.7858390492658126,-2.768291941776128,0.033365336841906214,-0.006529781341186618,0.14202878800462448
3.053610722144429,-0.8612020601242454,-2.7989168315670603,0.03330551303031185,-0.006538335641763861,0.1424874062476292
3.054610922184437,-0.9364787001897773,-2.829402852127679,0.03324390925676248,-0.0065471732940674075,0.14293567482807357
3.055611122224445,-1.0116636237294436,-2.859747826519419,0.0331805294653281,-0.0065562947309309024,0.14337358160103283
3.056611322264453,-1.0867515088420507,-2.8899495787140603,0.03311537771809193,-0.006565700305718979,0.14380111515464736
3.057611522304461,-1.1617370577635662,-2.920005933741436,0.03304845819464793,-0.006575390292381557,0.1442182648048199
3.058611722344469,-1.2366149971693716,-2.9499147178383427,0.03297977519159695,-0.0065853648855294595,0.14462502058987656
3.059611922384477,-1.3113800784723588,-2.97967375859827,0.03290933312204135,-0.006595624200531194,0.1450213732651922
3.060612122424485,-1.386027078117142,-3.0092808851219113,0.0328371365150783,-0.006606168273630762,0.1454073142977816
3.061612322464493,-1.4605507978699979,-3.038733928168766,0.03276319001529183,-0.006616997062086342,0.14578283586085722
3.062612522504501,-1.534946065105236,-3.0680307203096167,0.032687498382243524,-0.00662811044432969,0.1461479308283552
3.063612722544509,-1.6092077330873087,-3.097169096079971,0.03261006648996217,-0.0066395082201461085,0.14650259276943015
3.064612922584517,-1.6833306812494784,-3.1261468921341766,0.032530899326432175,-0.00665119011087481,0.1468468159429203
3.065613122624525,-1.7573098154679248,-3.154961947400656,0.03245000199308094,-0.006663155759629512,0.1471805952917838
3.066613322664533,-1.831140068332049,-3.1836121032381226,0.03236737970426518,-0.006675404731539104,0.1475039264375076
3.067613522704541,-1.904816399411585,-3.2120952035922925,0.03228303778675623,-0.006687936514008194,0.14781680567448974
3.068613722744549,-1.9783337955186875,-3.240409095153841,0.0321969816792244,-0.006700750516997375,0.14811922996439633
3.069613922784557,-2.0516872709667098,-3.268551627517176,0.03210921693172239,-0.006713846073323015,0.1484111969304943
3.070614122824565,-2.1248718678252096,-3.296520653339886,0.03201974920516779,-0.006727222438976401,0.148692704851961
3.071614322864573,-2.1978826561706675,-3.3243140285032244,0.031928584270824706,-0.006740878793462033,0.1489637526581719
3.0726145229045807,-2.270714734333389,-3.3519296122735045,0.03183572800978454,-0.006754814240154884,0.149224339922967
3.0736147229445887,-2.34336322914093,-3.379365267464119,0.03174118641244576,-0.006769027806676468,0.14947446685889815
3.0746149229845967,-2.4158232961569817,-3.406618860598627,0.031644965577993234,-0.006783518445289409,0.1497141343114566
3.0756151230246047,-2.4880901199167447,-3.433688262074535,0.03154707171387632,-0.006798285033310459,0.14994334375328386
3.0766153230646127,-2.560158914158746,-3.4605713463280297,0.031447511135286384,-0.0068133263735416505,0.15016209727836552
3.0776155231046207,-2.632024922052066,-3.487265991999363,0.031346290264633425,-0.006828641194719423,0.15037039759620974
3.0786157231446287,-2.703683416420333,-3.513770082099326,0.031243415631021954,-0.006844228151981504,0.1505682480260114
3.0796159231846367,-2.775129699961576,-3.54008150417619,0.031138893869726025,-0.006860085827351336,0.15075565249080292
3.0806161232246447,-2.8463591054644857,-3.5661981504837694,0.03103273172166347,-0.006876212730239837,0.15093261551159276
3.0816163232646527,-2.9173669960205704,-3.5921179181500786,0.030924936032869315,-0.006892607297964268,0.15109914220149304
3.0826165233046607,-2.9881487652326113,-3.6178387093468154,0.030815513753968366,-0.006909267896284007,0.1512552382598367
3.0836167233446687,-3.0586998374195113,-3.6433584314596827,0.030704471939646958,-0.006926192819952986,0.15140090996628602
3.0846169233846767,-3.129015667817234,-3.6686749972595067,0.030591817748123838,-0.006943380293288586,0.15153616417493296
3.0856171234246847,-3.1990917427756713,-3.6937863250739436,0.030477558440620178,-0.006960828470756755,0.15166100830839255
3.0866173234646928,-3.268923579952285,-3.7186903389601107,0.03036170138082868,-0.0069785354375731246,0.15177545035189063
3.0876175235047008,-3.3385067285016397,-3.7433849688779604,0.03024425403438176,-0.006996499210319892,0.15187949884734664
3.0886177235447088,-3.4078367692612592,-3.7678681508642597,0.030125223968318786,-0.007014717737578244,0.15197316288745258
3.0896179235847168,-3.4769093149338675,-3.7921378272074717,0.03000461885055233,-0.007033188900576077,0.15205645210974944
3.0906181236247248,-3.545720010265747,-3.8161919466231544,0.029882446449333404,-0.007051910513850792,0.1521293766907017
3.0916183236647328,-3.6142645322214495,-3.8400284644303313,0.02975871463271565,-0.007070880325926919,0.15219194733977132
3.0926185237047408,-3.682538590154999,-3.8636453427283683,0.029633431368018447,-0.007090096020008334,0.15224417529349202
3.0936187237447488,-3.7505379259770657,-3.8870405505744894,0.029506604721288902,-0.007109555214684833,0.15228607230954486
3.094618923784757,-3.818258314318941,-3.9102120641622835,0.029378242856762656,-0.007129255464652817,0.1523176506608363
3.095619123824765,-3.885695562692471,-3.933157867000495,0.029248354036323504,-0.007149194261449848,0.15233892312957953
3.096619323864773,-3.952845511646344,-3.9558759500928224,0.029116946618961748,-0.0071693690342028325,0.15234990300138024
3.097619523904781,-4.019704034919116,-3.978364312118115,0.028984029060231252,-0.007189777150389587,0.15235060405932774
3.098619723944789,-4.08626703958851,-4.000620959611384,0.028849609911705158,-0.007210415916613539,0.15234104057809247
3.099619923984797,-4.152530466216723,-4.022643907145356,0.028713697820430175,-0.00723128257939132,0.1523212273180308
3.100620124024805,-4.218490288992739,-4.044431177512612,0.028576301528379443,-0.007252374325952998,0.15229117951929808
3.101620324064813,-4.28414251587074,-4.065980801908522,0.028437429871903872,-0.007273688285054701,0.1522509128959712
3.102620524104821,-4.349483188705015,-4.087290820114603,0.028297091781181925,-0.007295221527803385,0.1522004436301812
3.103620724144829,-4.414508383381367,-4.108359280682455,0.02815529627966777,-0.007316971068493498,0.15213978836625716
3.104620924184837,-4.4792142099452095,-4.129184241118488,0.028012052483537764,-0.007338933865455274,0.15206896420488228
3.105621124224845,-4.543596812725786,-4.149763768068962,0.02786736960113518,-0.007361106821914433,0.15198798869726302
3.106621324264853,-4.607652370457086,-4.170095937505738,0.02772125693241314,-0.0073834867868630034,0.1518968798393123
3.107621524304861,-4.671377096395388,-4.190178834912546,0.02757372386837569,-0.0074060705559410335,0.15179565606584777
3.108621724344869,-4.734767238433434,-4.210010555471693,0.02742477989051692,-0.007428854872328938,0.1516843362448059
3.109621924384877,-4.797819079210716,-4.229589204251505,0.027274434570258126,-0.007451836427650215,0.15156293967147288
3.110622124424885,-4.860528936220966,-4.248912896394032,0.02712269756838286,-0.007475011862884289,0.15143148606273335
3.111622324464893,-4.922893161915599,-4.267979757303413,0.026969578634469898,-0.0074983777692892275,0.15128999555133776
3.112622524504901,-4.984908143804571,-4.286787922834632,0.026815087606323982,-0.007521930689334061,0.15113848868018928
3.113622724544909,-5.04657030455294,-4.305335539482813,0.026659234409404306,-0.007545667117640471,0.15097698639665108
3.114622924584917,-5.107876102075023,-4.323620764572973,0.02650202905625066,-0.007569583501933582,0.15080551004687512
3.115623124624925,-5.168822029624492,-4.341641766450126,0.026343481645907163,-0.0075936762440016025,0.1506240813701529
3.116623324664933,-5.22940461588149,-4.359396724669933,0.026183602363343536,-0.0076179417006640585,0.15043272249328957
3.117623524704941,-5.289620425036663,-4.37688383018969,0.026022401478873806,-0.007642376184748373,0.1502314559250018
3.118623724744949,-5.349466056871238,-4.394101285559773,0.025859889347572388,-0.007666975966074529,0.15002030455034052
3.119623924784957,-5.4089381468349025,-4.411047305115459,0.02569607640868748,-0.0076917372724475625,0.14979929162513922
3.120624124824965,-5.4680333661191645,-4.427720115169074,0.025530973185051698,-0.007716656290657639,0.14956844077048898
3.121624324864973,-5.526748421728759,-4.4441179542026,0.025364590282489836,-0.007741729167487445,0.14932777596724056
3.122624524904981,-5.585080056549028,-4.460239073060571,0.025196938389223756,-0.00776695201072666,0.14907732155053485
3.123624724944989,-5.6430250494103,-4.476081735143253,0.02502802827527425,-0.007792320890193235,0.14881710220436217
3.124624924984997,-5.700580215149491,-4.4916442166002595,0.024857870791859856,-0.007817831838761249,0.14854714295615146
3.125625125025005,-5.757742404668053,-4.5069248065243785,0.02468647687079255,-0.00784348085339506,0.14826746917138992
3.126625325065013,-5.814508504986964,-4.521921807145751,0.024513857523870204,-0.007869263896189532,0.14797810654827423
3.127625525105021,-5.8708754392990725,-4.536633534026253,0.02434002384226576,-0.007895176895416068,0.14767908111239383
3.128625725145029,-5.926840167017515,-4.551058316254233,0.02416498699591307,-0.007921215746574194,0.14737041921144714
3.129625925185037,-5.982399683821883,-4.565194496639394,0.023988758232889294,-0.00794737631344846,0.14705214750999154
3.130626125225045,-6.037551021700942,-4.579040431907923,0.023811348878793766,-0.007973654429170399,0.14672429298422784
3.131626325265053,-6.092291248992305,-4.592594492897961,0.02363277033612333,-0.008000045897285294,0.14638688291682006
3.132626525305061,-6.1466174704193435,-4.605855064755013,0.023453034083643992,-0.00802654649282351,0.14603994489175104
3.133626725345069,-6.200526827124931,-4.618820547127837,0.023272151675758853,-0.00805315196337615,0.14568350678921496
3.134626925385077,-6.254016496702429,-4.631489354364234,0.02309013474187226,-0.008079858030174764,0.14531759678054723
3.135627125425085,-6.3070836932234515,-4.643859915707164,0.022906994985750093,-0.008106660389174907,0.1449422433231925
3.136627325465093,-6.359725667262909,-4.655930675490874,0.0227227441848761,-0.008133554712143255,0.14455747515571168
3.137627525505101,-6.411939705921293,-4.667700093337243,0.02253739418980424,-0.008160536647748075,0.14416332129282858
3.138627725545109,-6.46372313284369,-4.67916664435212,0.022350956923506957,-0.008187601822652784,0.14375981102051658
3.139627925585117,-6.515073308236375,-4.690328819321824,0.022163444380719283,-0.008214745842612363,0.14334697389112666
3.140628125625125,-6.5659876288802534,-4.701185124909637,0.021974868627278772,-0.008241964293572383,0.1429248397185568
3.141628325665133,-6.6164635281417326,-4.711734083852404,0.021785241799461123,-0.008269252742770416,0.14249343857346383
3.142628525705141,-6.666498475980632,-4.721974235157092,0.021594576103311475,-0.008296606739839566,0.1420528007785182
3.143628725745149,-6.7160899789555275,-4.7319041342974355,0.021402883813971294,-0.008324021817913918,0.14160295690370242
3.144628925785157,-6.76523558022589,-4.74152235341047,0.021210177275000783,-0.008351493494735638,0.14114393776165376
3.145629125825165,-6.813932859552301,-4.750827481493131,0.021016468897696754,-0.00837901727376351,0.14067577440305196
3.146629325865173,-6.862179433293137,-4.759818124598751,0.020821771160405917,-0.00840658864528267,0.14019849811205218
3.147629525905181,-6.9099729543990485,-4.7684929060335195,0.0206260966078335,-0.008434203087515305,0.13971214040176447
3.148629725945189,-6.957311112404832,-4.776850466552815,0.02042945785034715,-0.00846185606773208,0.13921673300977977
3.149629925985197,-7.004191633418195,-4.784889464557477,0.020231867563276065,-0.008489543043364078,0.13871230789374317
3.150630126025205,-7.050612280106529,-4.792608576289913,0.0200333384862053,-0.008517259463115013,0.13819889722697537
3.151630326065213,-7.096570851680569,-4.800006496030142,0.01983388342226516,-0.008545000768073494,0.13767653339414238
3.152630526105221,-7.1420651838758715,-4.8070819362915485,0.019633515237415675,-0.00857276239282512,0.13714524898697444
3.153630726145229,-7.18709314893128,-4.813833628016555,0.019432246859726065,-0.008600539766564165,0.13660507680003456
3.154630926185237,-7.231652655565528,-4.820260320772071,0.019230091278649157,-0.008628328314204651,0.13605604982653713
3.155631126225245,-7.275741648950668,-4.826360782944698,0.019027061544290708,-0.008656123457490575,0.13549820125421738
3.156631326265253,-7.319358110683383,-4.832133801935679,0.018823170766673575,-0.008683920616105078,0.13493156446125196
3.157631526305261,-7.362500058753892,-4.837578184355638,0.018618432114996697,-0.008711715208778333,0.13435617301223138
3.158631726345269,-7.4051655475121665,-4.842692756218986,0.018412858816888818,-0.008739502654393938,0.13377206065418465
3.159631926385277,-7.4473526676317725,-4.8474763631380515,0.018206464157656938,-0.008767278373093598,0.1331792613126567
3.160632126425285,-7.489059546071626,-4.851927870516858,0.017999261479529443,-0.008795037787379879,0.13257780908783903
3.161632326465293,-7.530284346035012,-4.856046163744579,0.01779126418089383,-0.008822776323216836,0.1319677382507542
3.162632526505301,-7.5710252669263305,-4.8598301483886095,0.01758248571552906,-0.008850489411128289,0.1313490832394943
3.163632726545309,-7.611280544305735,-4.863278750387254,0.01737293959183245,-0.008878172487293539,0.13072187865551435
3.164632926585317,-7.651048449841233,-4.866390916242007,0.017162639372041058,-0.008905820994640337,0.13008615925998063
3.165633126625325,-7.690327291258523,-4.869165613209386,0.01695159867144757,-0.008933430383934874,0.12944195997017455
3.166633326665333,-7.7291154122886745,-4.87160182949232,0.01673983115761064,-0.008960996114868601,0.12878931585595257
3.167633526705341,-7.76741119261348,-4.87369857443106,0.01652735054955963,-0.008988513657141685,0.12812826213626255
3.168633726745349,-7.80521304780871,-4.875454878693581,0.016314170616993737,-0.009015978491542882,0.12745883417571668
3.169633926785357,-7.84251942928501,-4.876869794465475,0.016100305179475482,-0.009043386111025644,0.1267810674812219
3.170634126825365,-7.879328824226695,-4.877942395639289,0.015885768105618536,-0.009070732021780258,0.12609499769866767
3.171634326865373,-7.915639755528521,-4.878671778003297,0.015670573312269852,-0.009098011744301814,0.12540066060967184
3.172634526905381,-7.951450781730038,-4.879057059429683,0.015454734763686074,-0.009125220814453822,0.12469809212838472
3.173634726945389,-7.986760496948194,-4.879097380062108,0.01523826647070422,-0.009152354784527273,0.12398732829835196
3.174634926985397,-8.021567530807454,-4.878791902502644,0.015021182489906615,-0.009179409224294964,0.12326840528943639
3.175635127025405,-8.055870548368304,-4.878139811998045,0.01480349692278004,-0.009206379722060898,0.12254135939479921
3.176635327065413,-8.089668250053272,-4.877140316625326,0.01458522391486911,-0.009233261885704553,0.12180622702794087
3.177635527105421,-8.12295937157135,-4.875792647476655,0.014366377654923856,-0.009260051343719869,0.12106304471980203
3.178635727145429,-8.15574268384,-4.874096058843489,0.014146972374041479,-0.009286743746248738,0.12031184911592466
3.179635927185437,-8.188016992905647,-4.8720498283999705,0.013927022344802307,-0.009313334766108839,0.11955267697367389
3.180636127225445,-8.21978113986171,-4.869653257385535,0.013706541880399915,-0.009339820099815611,0.11878556515952063
3.181636327265453,-8.251034000765134,-4.866905670786717,0.013485545333765425,-0.009366195468598223,0.11801055064638541
3.182636527305461,-8.281774486550853,-4.863806417518148,0.013264047096685959,-0.009392456619409332,0.1172276705110436
3.183636727345469,-8.312001542944312,-4.860354870602649,0.013042061598917272,-0.009418599325928461,0.11643696193159225
3.184636927385477,-8.341714150372137,-4.856550427350499,0.01281960330729054,-0.00944461938955885,0.11563846218497888
3.185637127425485,-8.370911323871066,-4.8523925095377765,0.012596686724813325,-0.009470512640417568,0.11483220864459233
3.186637327465493,-8.399592112995034,-4.847880563583767,0.012373326389764704,-0.009496274938318748,0.11401823877791606
3.187637527505501,-8.427755601720314,-4.843014060727449,0.012149536874784591,-0.009521902173749769,0.11319659014424385
3.188637727545509,-8.455400908349077,-4.83779249720293,0.011925332785957239,-0.009547390268840208,0.11236730039245842
3.189637927585517,-8.48252718541107,-4.832215394413989,0.011700728761888941,-0.009572735178323421,0.11153040725887273
3.190638127625525,-8.5091336195636,-4.826282299107475,0.011475739472779953,-0.00959793289049056,0.11068594856513465
3.191638327665533,-8.535219431489919,-4.8199927835457235,0.011250379619490632,-0.009622979428136905,0.10983396221619474
3.192638527705541,-8.560783875795602,-4.813346445677874,0.011024663932601824,-0.009647870849500306,0.1089744861983374
3.193638727745549,-8.585826240903625,-4.806342909310071,0.010798607171469521,-0.009672603249191628,0.10810755857727575
3.194638927785557,-8.610345848947608,-4.79898182427454,0.010572224123273782,-0.009697172759116994,0.10723321749631003
3.195639127825565,-8.63434205566343,-4.791262866597495,0.010345529602061983,-0.009721575549391716,0.10635150117454986
3.196639327865573,-8.657814250279262,-4.783185738665865,0.010118538447786386,-0.009745807829245733,0.10546244790520047
3.197639527905581,-8.680761855404112,-4.774750169392825,0.009891265525336064,-0.009769865847920424,0.10456609605391283
3.198639727945589,-8.703184326914611,-4.765955914382056,0.009663725723563218,-0.009793745895556634,0.10366248405719795
3.199639927985597,-8.725081153840467,-4.756802756090761,0.009435933954303906,-0.009817444304073782,0.10275165042090534
3.200640128025605,-8.746451858248223,-4.747290503991388,0.009207905151393227,-0.009840957448039886,0.10183363371876565
3.201640328065613,-8.767295995123673,-4.737418994732022,0.00897965426967499,-0.00986428174553239,0.1009084725909977
3.202640528105621,-8.787613152252698,-4.727188092295425,0.008751196284005905,-0.009887413658989626,0.09997620574297968
3.203640728145629,-8.807402950100656,-4.716597688156751,0.008522546188254317,-0.00991034969605278,0.09903687194398486
3.204640928185637,-8.826665041690397,-4.705647701439775,0.008293718994293577,-0.009933086410398235,0.09809051002598158
3.205641128225645,-8.84539911247881,-4.694338079071788,0.00806472973099002,-0.009955620402560147,0.09713715888249765
3.206641328265653,-8.863604880231984,-4.682668795936951,0.00783559344318566,-0.009977948320743108,0.09617685746754909
3.207641528305661,-8.881282094899019,-4.670639855028237,0.007606325190675599,-0.010000066861624787,0.09520964479463334
3.208641728345669,-8.89843053848444,-4.658251287597796,0.0073769400471802365,-0.010021972771148408,0.0942355599357867
3.209641928385677,-8.91505002491936,-4.645503153305841,0.007147453099312306,-0.010043662845304922,0.09325464202070609
3.210642128425685,-8.93114039993124,-4.632395540367911,0.006917879445538797,-0.01006513393090477,0.09226693023593512
3.211642328465693,-8.946701540912429,-4.618928565700616,0.006688234195137828,-0.0100863829263391,0.09127246382411429
3.212642528505701,-8.961733356787372,-4.605102375065661,0.00645853246715051,-0.010107406782330308,0.09027128208329536
3.213642728545709,-8.97623578787866,-4.59091714321229,0.006228789389327865,-0.01012820250267179,0.08926342436631973
3.214642928585717,-8.990208805771726,-4.576373074018047,0.0059990200970728765,-0.010148767144956787,0.08824893008026077
3.215643128625725,-9.003652413178433,-4.561470400627779,0.005769239732377698,-0.010169097821296191,0.08722783868593004
3.216643328665733,-9.016566643799456,-4.546209385590954,0.005539463442756126,-0.010189191699025204,0.08620018969744715
3.217643528705741,-9.028951562185421,-4.530590320997195,0.005309706380171367,-0.010209046001398743,0.08516602268187336
3.218643728745749,-9.040807263596989,-4.514613528610024,0.005079983699959192,-0.010228658008275455,0.08412537725890849
3.2196439287857572,-9.052133873863752,-4.49827935999882,0.004850310559746538,-0.010248025056790252,0.08307829310065128
3.2206441288257652,-9.06293154924205,-4.481588196668792,0.004620702118365621,-0.01026714454201524,0.08202480993142282
3.2216443288657732,-9.073200476271674,-4.464540450189289,0.004391173534763651,-0.010286013917608946,0.080964967527653
3.2226445289057812,-9.082940871631486,-4.447136562320017,0.004161739966908209,-0.01030463069645372,0.0798988057178298
3.2236447289457892,-9.092152981994031,-4.429377005135403,0.003932416570688376,-0.010322992451281227,0.0788263643825111
3.2246449289857972,-9.100837083879075,-4.411262281146946,0.0037032184988116793,-0.010341096815285904,0.07774768345439899
3.2256451290258052,-9.108993483506152,-4.392792923423683,0.00347416089969695,-0.010358941482726295,0.07666280291847621
3.2266453290658133,-9.116622516646116,-4.373969495710506,0.0032452589163631668,-0.010376524209514154,0.0755717628122046
3.2276455291058213,-9.12372454847168,-4.35479259254447,0.00301652768531437,-0.010393842813791227,0.0744746032257852
3.2286457291458293,-9.130299973407075,-4.335262839369043,0.0027879823354207403,-0.010410895176493603,0.07337136430247995
3.2296459291858373,-9.136349214976688,-4.315380892646207,0.0025596379867959184,-0.010427679241903545,0.07226208623899451
3.2306461292258453,-9.141872725652817,-4.295147439966507,0.0023315097496706665,-0.010444193018188708,0.07114680928592201
3.2316463292658533,-9.146870986702544,-4.274563200156731,0.0021036127232629534,-0.010460434577928654,0.07002557374824757
3.2326465293058613,-9.151344508033691,-4.253628923385704,0.0018759619946445668,-0.010476402058628558,0.06889841998591308
3.2336467293458693,-9.155293828039937,-4.232345391267505,0.0016485726376043364,-0.010492093663220034,0.0677653884144421
3.2346469293858773,-9.158719513445073,-4.210713416962742,0.001421459711508075,-0.010507507660548981,0.06662651950562454
3.2356471294258853,-9.161622159146434,-4.188733845277279,0.0011946382601553283,-0.01052264238585037,0.06548185378826066
3.2366473294658933,-9.164002388057536,-4.166407552758839,0.0009681233106330389,-0.01053749624120988,0.06433143184896428
3.2376475295059013,-9.165860850949906,-4.143735447791222,0.000741929872166222,-0.010552067696012309,0.06317529433302466
3.2386477295459093,-9.167198226294127,-4.120718470686043,0.0005160729349657582,-0.010566355287376662,0.062013481945326736
3.2396479295859173,-9.168015220100164,-4.097357593772128,0.00029056746907340966,-0.01058035762057786,0.06084603545132947
3.2406481296259253,-9.168312565756917,-4.073653821482633,6.542842320416477e-05,-0.010594073369454974,0.059672995678101665
3.2416483296659333,-9.168091023871074,-4.04960819043941,-0.00015932927641398216,-0.010607501276805905,0.05849440351541521
3.2426485297059413,-9.167351382105252,-4.0252217695351185,-0.0003836907272027018,-0.010620640154768445,0.057310299916894986
3.2436487297459493,-9.166094455015457,-4.000495660012721,-0.0006076410513983436,-0.01063348888518765,0.056120725901225285
3.2446489297859573,-9.164321083887861,-3.975430995542415,-0.0008311653972191779,-0.010646046419969432,0.05492572255341223
3.2456491298259653,-9.16203213657497,-3.950028942296035,-0.0010542489400347515,-0.010658311781420309,0.0537253310261017
3.2466493298659733,-9.159228507331097,-3.9242906990188295,-0.0012768768835372411,-0.010670284062573261,0.0525195925409524
3.2476495299059813,-9.15591111664726,-3.8982174970986274,-0.0014990344609146873,-0.010681962427499598,0.051308548390063595
3.2486497299459893,-9.152080911085479,-3.871810600632205,-0.001720706936025989,-0.010693346111606786,0.05009223993745706
3.2496499299859973,-9.147738863112457,-3.8450713064891913,-0.0019418796045775363,-0.010704434421922166,0.04887070862061266
3.2506501300260053,-9.142885970932749,-3.8180009443730283,-0.0021625377953013642,-0.010715226737362511,0.04764399595205723
3.2516503300660133,-9.13752325832131,-3.790600876879351,-0.002382666871134697,-0.010725722508989337,0.046412143521006186
3.2526505301060213,-9.131651774455568,-3.76287249955141,-0.002602252230400764,-0.01073592126024994,0.045175192995057276
3.2536507301460293,-9.125272593746974,-3.734817240932862,-0.002821279307990758,-0.010745822587204069,0.043933186121936106
3.2546509301860373,-9.118386815671967,-3.7064365626175904,-0.0030397335765468027,-0.010755426158736195,0.0426861647312928
3.2556511302260454,-9.110995564602629,-3.6777319592967164,-0.003257600547645813,-0.010764731716753328,0.0414341707365493
3.2566513302660534,-9.103099989636638,-3.6487049588027682,-0.0034748657729841027,-0.010773739076368315,0.040177246136796685
3.2576515303060614,-9.094701264426973,-3.6193571221507135,-0.0036915148455626164,-0.010782448126068564,0.03891543301874211
3.2586517303460694,-9.085800587011072,-3.5896900435763133,-0.003907533400872649,-0.010790858827870157,0.03764877355870457
3.2596519303860774,-9.076399179639596,-3.559705350571313,-0.004122907118081917,-0.010798971217457303,0.03637731002465911
3.2606521304260854,-9.066498288604778,-3.529404703915687,-0.00433762172122085,-0.010806785404307073,0.035101084778328746
3.2616523304660934,-9.056099184068392,-3.4987897977067774,-0.004551662980368958,-0.010814301571799368,0.03382014027732358
3.2626525305061014,-9.045203159889304,-3.467862359385533,-0.004765016712841137,-0.010821519977312103,0.03253451907732647
3.2636527305461094,-9.033811533450752,-3.436624149759406,-0.004977668784373783,-0.010828440952301533,0.031244263834324614
3.2646529305861174,-9.021925645487189,-3.405076963022322,-0.005189605110310553,-0.010835064902367702,0.029949417306886432
3.2656531306261254,-9.009546859910802,-3.3732226267714625,-0.005400811656787649,-0.010841392307304961,0.028650022358483105
3.2666533306661334,-8.996676563637791,-3.3410630020207677,-0.005611274441918471,-0.010847423721137535,0.02734612195985414
3.2676535307061414,-8.983316166414268,-3.3085999832113613,-0.0058209795369774985,-0.010853159772140082,0.02603775919141624
3.2686537307461494,-8.969467100641886,-3.2758354982186693,-0.006029913067583251,-0.010858601162843231,0.02472497724571486
3.2696539307861574,-8.955130821203245,-3.2427715083562627,-0.0062380612148801775,-0.010863748670024055,0.023407819429917757
3.2706541308261654,-8.9403088052869,-3.209410008376516,-0.006445410216719335,-0.010868603144681445,0.02208632916834981
3.2716543308661734,-8.92500255221236,-3.1757530264677247,-0.006651946368837696,-0.010873165511996375,0.020760550005068493
3.2726545309061814,-8.909213583254568,-3.141802624248224,-0.0068576560260359435,-0.010877436771277001,0.019430525606479128
3.2736547309461894,-8.892943441468425,-3.1075608967568176,-0.007062525603354589,-0.010881417995888605,0.01809629976398943
3.2746549309861974,-8.876193691512974,-3.0730299724399934,-0.007266541577248277,-0.010885110333168321,0.0167579163967024
3.2756551310262054,-8.858965919475368,-3.0382120131355643,-0.007469690486758104,-0.010888515004324662,0.01541541955414694
3.2766553310662134,-8.841261732694779,-3.003109214053087,-0.007671958934681811,-0.010891633304321791,0.014068853419045403
3.2776555311062214,-8.823082759586002,-2.967723803750586,-0.007873333588741682,-0.010894466601748547,0.012718262310117374
3.2786557311462294,-8.804430649463093,-2.9320580441079125,-0.008073801182750001,-0.010897016338672188,0.011363690684918833
3.2796559311862374,-8.785307072362679,-2.896114230296435,-0.008273348517771902,-0.01089928403047685,0.010005183142715994
3.2806561312262454,-8.765713718867245,-2.859894690745436,-0.00847196246328545,-0.010901271265686713,0.00864278442739298
3.2816563312662534,-8.745652299928343,-2.8234017871045833,-0.008669629958338806,-0.010902979705773835,0.007276539430392614
3.2826565313062614,-8.72512454668961,-2.7866379142031246,-0.008866338012704304,-0.010904411084950692,0.005906493193689435
3.2836567313462695,-8.704132210309716,-2.749605500005235,-0.009062073708029274,-0.01090556720994737,0.004532690912794202
3.2846569313862775,-8.6826770617854,-2.712307005561757,-0.00925682419898346,-0.010906449959773438,0.0031551779397890377
3.2856571314262855,-8.660760891774254,-2.6747449249583717,-0.009450576714402864,-0.010907061285464483,0.0017739997863923428
3.2866573314662935,-8.638385510417423,-2.636921785259948,-0.00964331855842984,-0.010907403209813303,0.0003892021270527168
3.2876575315063015,-8.61555274716261,-2.5988401464512054,-0.009835037111649304,-0.010907477827085779,-0.0009991691979289775
3.2886577315463095,-8.592264450586615,-2.5605026013736185,-0.010025719832220843,-0.010907287302721403,-0.0023910681792503313
3.2896579315863175,-8.568522488218159,-2.5219117756586416,-0.010215354257006617,-0.01090683387301849,-0.0037864486354316513
3.2906581316263255,-8.544328746360641,-2.4830703276568626,-0.01040392800269483,-0.01090611984480406,-0.005185264209614678
3.2916583316663335,-8.519685129914857,-2.443980948363765,-0.010591428766918636,-0.010905147595088425,-0.006587468366336695
3.2926585317063415,-8.494593562201807,-2.4046463613411557,-0.010777844329370305,-0.010903919570704464,-0.007993014388280796
3.2936587317463495,-8.469055984785498,-2.365069322635188,-0.010963162552910466,-0.010902438287931627,-0.009401855373003337
3.2946589317863575,-8.443074357295798,-2.3252526206901907,-0.011147371384672268,-0.01090070633210466,-0.010813944229639365
3.2956591318263655,-8.41665065725141,-2.285199076258773,-0.011330458857160294,-0.010898726357207088,-0.012229233675586997
3.2966593318663735,-8.38978687988284,-2.244911542307713,-0.011512413089344036,-0.010896501085449465,-0.013647676233171643
3.2976595319063815,-8.362485037955476,-2.204392903920304,-0.011693222287745778,-0.010894033306832415,-0.015069224226291048
3.2986597319463895,-8.334747161592727,-2.1636460781944096,-0.011872874747522704,-0.010891325878694498,-0.016493829777041988
3.2996599319863975,-8.306575298099357,-2.1226740141366225,-0.012051358853543059,-0.010888381725244912,-0.017921444802329652
3.300660132026405,-8.277971511784882,-2.08147969255243,-0.012228663081456119,-0.010885203837081081,-0.019352021010459988
3.301660332066413,-8.24893788378703,-2.0400661259323547,-0.012404775998756255,-0.010881795270691132,-0.020785509897719778
3.302660532106421,-8.219476511895433,-1.998436358333899,-0.012579686265839744,-0.01087815914794134,-0.022221862744935882
3.303660732146429,-8.189589510375406,-1.9565934652596482,-0.01275338263705573,-0.010874298655548524,-0.023661030614027335
3.304660932186437,-8.159279009791927,-1.9145405535310778,-0.012925853961749965,-0.010870217044537481,-0.025102964344541713
3.305661132226445,-8.128547156833784,-1.8722807611584134,-0.013097089185301645,-0.010865917629683463,-0.026547614550180593
3.306661332266453,-8.097396114137743,-1.8298172572060272,-0.01326707735015307,-0.01086140378893977,-0.027994931615314456
3.307661532306461,-8.065828060113246,-1.7871532416542095,-0.013435807596831969,-0.010856678962850488,-0.02944486569148805
3.308661732346469,-8.033845188766941,-1.744291945256278,-0.013603269164966292,-0.010851746653948427,-0.030897366693917162
3.309661932386477,-8.001449709527613,-1.7012366293917918,-0.013769451394291324,-0.010846610426138313,-0.032352384297977856
3.310662132426485,-7.968643847071247,-1.6579905859155037,-0.013934343725648907,-0.010841273904065283,-0.03380986793568919
3.311662332466493,-7.935429841146549,-1.6145571370019511,-0.014097935701978627,-0.01083574077246875,-0.0352697667921904
3.312662532506501,-7.901809946400164,-1.5709396349859448,-0.014260216969300766,-0.01083001477552169,-0.03673202980221361
3.313662732546509,-7.86778643220288,-1.5271414621989048,-0.014421177277690858,-0.010824099716155406,-0.03819660564655311
3.314662932586517,-7.833361582475415,-1.4831660308006243,-0.014580806482245676,-0.01081799945536987,-0.03966344274853225
3.315663132626525,-7.798537695514856,-1.4390167826069487,-0.014739094544040439,-0.010811717911529663,-0.041132489270468905
3.316663332666533,-7.763317083821221,-1.394697188913327,-0.014896031531077119,-0.010805259059645609,-0.042603693110140714
3.317663532706541,-7.727702073924394,-1.3502107503135043,-0.015051607619223622,-0.010798626930642197,-0.044077001897250986
3.318663732746549,-7.691695006211269,-1.3055609965145663,-0.015205813093143693,-0.010791825610610824,-0.045552362989896525
3.319663932786557,-7.655298234753188,-1.2607514861470943,-0.015358638347217369,-0.01078485924004897,-0.04702972347103825
3.320664132826565,-7.618514127133674,-1.215785806571243,-0.015510073886451791,-0.010777732013085383,-0.04850903014497581
3.321664332866573,-7.581345064276627,-1.170667573678409,-0.01566011032738222,-0.010770448176691361,-0.04999022953382721
3.322664532906581,-7.543793440274723,-1.1254004316884212,-0.01580873839896306,-0.010763012029878201,-0.051473267874014565
3.323664732946589,-7.505861662218014,-1.079988052942542,-0.015955948943448733,-0.010755427922880935,-0.05295809111275711
3.324664932986597,-7.467552150023151,-1.0344341376916868,-0.016101732917264234,-0.010747700256328426,-0.05444464490457239
3.325665133026605,-7.428867336262796,-0.9887424138808134,-0.016246081391865164,-0.010739833480399946,-0.05593287460778698
3.326665333066613,-7.389809665995346,-0.9429166369281954,-0.01638898555458711,-0.010731832093968306,-0.05742272528105761
3.327665533106621,-7.350381596595104,-0.8969605895009181,-0.016530436709484172,-0.010723700643729664,-0.058914141679903935
3.328665733146629,-7.31058559758269,-0.8508780812854083,-0.016670426278156472,-0.010715443723320124,-0.060407068253253995
3.329665933186637,-7.270424150456241,-0.8046729487537511,-0.01680894580056648,-0.010707065972419211,-0.061901449140003506
3.330666133226645,-7.229899748522309,-0.758349054925616,-0.01694598693584399,-0.010698572075840365,-0.06339722816559015
3.331666333266653,-7.189014896727793,-0.7119102891255351,-0.017081541463079563,-0.010689966762608553,-0.06489434883858386
3.332666533306661,-7.147772111491704,-0.6653605667358088,-0.01721560128210629,-0.010681254805025122,-0.06639275434729429
3.333666733346669,-7.1061739205382075,-0.6187038289448191,-0.017348158414269683,-0.010672441017720028,-0.06789238755639666
3.334666933386677,-7.064222862728905,-0.5719440424910607,-0.017479205003185568,-0.010663530256691558,-0.06939319100357709
3.335667133426685,-7.02192148789634,-0.5250851994023937,-0.017608733315485757,-0.010654527418333674,-0.07089510689619838
3.336667333466693,-6.97927235667796,-0.4781313167310019,-0.0177367357415514,-0.010645437438451125,-0.07239807710798764
3.337667533506701,-6.936278040350076,-0.43108643628384163,-0.0178632047962338,-0.010636265291262454,-0.07390204317574675
3.338667733546709,-6.892941120662394,-0.3839546243482949,-0.017988133119562582,-0.010627015988391044,-0.07540694629608682
3.339667933586717,-6.849264189673278,-0.3367399714138361,-0.018111513477440985,-0.010617694577844351,-0.07691272732218783
3.340668133626725,-6.805249849585204,-0.28944659188853794,-0.01823333876232822,-0.010608306142981465,-0.0784193267605845
3.341668333666733,-6.760900712580617,-0.24207862381169415,-0.01835360199390863,-0.010598855801469164,-0.07992668476797976
3.342668533706741,-6.716219400658485,-0.19464022856127614,-0.01847229631974757,-0.010589348704226596,-0.08143474114808669
3.343668733746749,-6.6712085454711945,-0.14713559055746536,-0.018589415015933832,-0.010579790034358766,-0.08294343534850028
3.3446689337867572,-6.6258707881618655,-0.09956891696115984,-0.018704951487708434,-0.010570185006078984,-0.08445270645760011
3.3456691338267652,-6.580208779202247,-0.05194443736827137,-0.018818899270079684,-0.01056053886362043,-0.08596249320148511
3.3466693338667732,-6.534225178231257,-0.004266403499421889,-0.018931252028424318,-0.010550856880137025,-0.08747273394094154
3.3476695339067812,-6.487922653893516,0.043460911114959276,-0.019042003559074577,-0.010541144356593764,-0.08898336666844543
3.3486697339467892,-6.441303883678895,0.09123321145406585,-0.019151147789891087,-0.010531406620646696,-0.09049432900520046
3.3496699339867972,-6.394371553762484,0.13904618133059912,-0.019258678780821405,-0.01052164902551273,-0.09200555819821268
3.3506701340268052,-6.3471283588446665,0.18689548371917505,-0.01936459072444406,-0.010511876948829449,-0.0935169911174031
3.3516703340668133,-6.299577001992325,0.23477676108935802,-0.01946887794649799,-0.010502095791505118,-0.09502856425275923
3.3526705341068213,-6.251720194480042,0.28268563574303274,-0.01957153490639719,-0.010492310976559087,-0.09654021371152702
3.3536707341468293,-6.203560655632116,0.3306177101565718,-0.019672556197730503,-0.010482527947952765,-0.09805187521544402
3.3546709341868373,-6.155101112665018,0.3785685673271541,-0.01977193654874633,-0.010472752169411395,-0.0995634840980152
3.3556711342268453,-6.106344300530472,0.4265337711237263,-0.019869670822822233,-0.010462989123236791,-0.10107497530183239
3.3566713342668533,-6.057292961758897,0.4745088666427437,-0.01996575401891921,-0.010453244309111277,-0.10258628337593866
3.3576715343068613,-6.007949846303573,0.5224893805678988,-0.020060181272020566,-0.010443523242893025,-0.10409734247323878
3.3586717343468693,-5.958317711385287,0.5704708215346528,-0.020152947853555273,-0.010433831455403001,-0.10560808634795679
3.3596719343868773,-5.908399321337603,0.6184486804993053,-0.02024404917180563,-0.010424174491203744,-0.10711844835314203
3.3606721344268853,-5.858197447452468,0.6664184311121042,-0.020333480772299177,-0.010414557907370193,-0.10862836143822473
3.3616723344668933,-5.807714867826664,0.7143755300953368,-0.020421238338184718,-0.010404987272252787,-0.11013775814662216
3.3626725345069013,-5.756954367208753,0.7623154176254776,-0.02050731769059232,-0.010395468164233077,-0.11164657061339679
3.3636727345469093,-5.705918736846411,0.8102335177199743,-0.020591714788977228,-0.010386006170472053,-0.11315473056296742
3.3646729345869173,-5.654610774334578,0.858125238628387,-0.020674425731447538,-0.010376606885651464,-0.11466216930687441
3.3656731346269253,-5.60303328346416,0.9059859732277908,-0.020755446755075554,-0.010367275910708327,-0.11616881774160041
3.3666733346669333,-5.551189074070969,0.9538110994230314,-0.02083477423619274,-0.010358018851562895,-0.11767460634644741
3.3676735347069413,-5.49908096188593,1.0015959805506534,-0.0209124046906681,-0.010348841317840324,-0.11917946518147153
3.3686737347469493,-5.4467117683851995,1.0493359657878327,-0.020988334774170017,-0.01033974892158628,-0.12068332388547658
3.3696739347869573,-5.3940843206412366,1.097026390565302,-0.02106256128241131,-0.01033074727597675,-0.12218611167406751
3.3706741348269653,-5.3412014511743875,1.1446625769848564,-0.021135081151377553,-0.010321841994022304,-0.12368775733776503
3.3716743348669733,-5.288065997805164,1.192239834240864,-0.021205891457538477,-0.010313038687267089,-0.12518818924018235
3.3726745349069813,-5.234680803506985,1.2397534590463155,-0.02127498941804244,-0.010304342964482783,-0.12668733531626536
3.3736747349469893,-5.181048716259616,1.2871987360631265,-0.021342372390893826,-0.010295760430357816,-0.12818512307059726
3.3746749349869973,-5.127172588903245,1.3345709383365545,-0.021408037875113375,-0.010287296684182093,-0.12968147957576887
3.3756751350270053,-5.073055278993043,1.3818653277341437,-0.02147198351088129,-0.010278957318527522,-0.1311763314708156
3.3766753350670133,-5.01869964865442,1.4290771553885393,-0.02153420707966311,-0.010270747917924613,-0.13266960495972238
3.3776755351070213,-4.964108564439158,1.476201662144782,-0.02159470650431827,-0.010262674057535417,-0.13416122580999762
3.3786757351470293,-4.909284897181594,1.5232340790116383,-0.021653479849191297,-0.01025474130182311,-0.13565111935131713
3.3796759351870374,-4.85423152185611,1.5701696276171289,-0.02171052532018556,-0.010246955203218501,-0.13713921047423946
3.3806761352270454,-4.79895131743463,1.6170035206681779,-0.021765841264819553,-0.01023932130078375,-0.1386254236289935
3.3816763352670534,-4.743447166745104,1.6637309624143437,-0.02181942617226565,-0.01023184511887359,-0.14010968282433933
3.3826765353070614,-4.6877219563307735,1.7103471491157987,-0.021871278673371283,-0.010224532165794366,-0.141591911626504
3.3836767353470694,-4.631778576309486,1.7568472695150252,-0.021921397540662524,-0.010217387932461165,-0.14307203315819253
3.3846769353870774,-4.5756199202344146,1.8032265053128782,-0.021969781688329998,-0.010210417891053366,-0.1445499700976759
3.3856771354270854,-4.519248884954761,1.8494800316485518,-0.02201643017219714,-0.010203627493668892,-0.14602564467795665
3.3866773354670934,-4.462668370477609,1.8956030175833132,-0.022061342189670735,-0.0101970221709775,-0.14749897868601344
3.3876775355071014,-4.405881279829912,1.9415906265885507,-0.022104517079673754,-0.010190607330873395,-0.1489698934621256
3.3886777355471094,-4.348890518921647,1.9874380170374022,-0.02214595432256041,-0.010184388357127504,-0.15043830989927853
3.3896779355871174,-4.291698996409284,2.0331403427004657,-0.02218565354001348,-0.010178370608039703,-0.1519041484426512
3.3906781356271254,-4.234309623560132,2.078692753245194,-0.022223614494923858,-0.010172559415091353,-0.15336732908918685
3.3916783356671334,-4.17672531411712,2.124090394739374,-0.022259837091252316,-0.010166960081598434,-0.1548277713872477
3.3926785357071414,-4.118948984164458,2.169328410158097,-0.022294321373873525,-0.010161577881365616,-0.15628539443635495
3.3936787357471494,-4.060983551993554,2.2144019398947044,-0.022327067528402265,-0.010156418057341606,-0.15774011688701492
3.3946789357871574,-4.002831937970367,2.259306122275258,-0.022358075881001912,-0.01015148582027608,-0.15919185694063245
3.3956791358271654,-3.944497064402524,2.3040360940767886,-0.022387346898175144,-0.01014678634737855,-0.16064053234951253
3.3966793358671734,-3.88598185540776,2.348586991049315,-0.02241488118653695,-0.010142324780979492,-0.16208606041695117
3.3976795359071814,-3.8272892367827382,2.3929539484412454,-0.022440679492569903,-0.010138106227194086,-0.16352835799741652
3.3986797359471894,-3.7684221358723313,2.4371321015284435,-0.022464742702361776,-0.010134135754588876,-0.16496734149682127
3.3996799359871974,-3.7093834814403968,2.4811165861468845,-0.022487071841325493,-0.010130418392851745,-0.16640292687288713
3.4006801360272054,-3.650176203540027,2.5249025392286124,-0.022507668073901484,-0.010126959131465484,-0.16783502963560273
3.4016803360672134,-3.59080323338555,2.5684850993415185,-0.022526532703242463,-0.010123762918385362,-0.16926356484777533
3.4026805361072214,-3.5312675032246834,2.611859407231909,-0.022543667170880684,-0.010120834658721002,-0.170688447125678
3.4036807361472294,-3.471571946211069,2.655020606371172,-0.02255907305637775,-0.010118179213422927,-0.17210959063979253
3.4046809361872374,-3.41171949627847,2.697963843505152,-0.022572752076956963,-0.010115801397974132,-0.17352690911564958
3.4056811362272454,-3.3517130880144075,2.740684269207286,-0.02258470608711838,-0.010113705981087028,-0.1749403158347665
3.4066813362672534,-3.291555656535523,2.7831770384343706,-0.022594937078236534,-0.010111897683406115,-0.17634972363568407
3.4076815363072614,-3.2312501373630753,2.825437311086253,-0.022603447178140966,-0.010110381176216732,-0.17775504491510308
3.4086817363472695,-3.170799466299158,2.867460252567988,-0.022610238650679633,-0.010109161080160254,-0.17915619162912125
3.4096819363872775,-3.110206579303681,2.909241034355607,-0.02261531389526523,-0.010108241963956079,-0.1805530752945719
3.4106821364272855,-3.0494744123720765,2.9507748345645415,-0.02261867544640457,-0.010107628343130778,-0.18194560699046494
3.4116823364672935,-2.988605901413707,2.9920568385212256,-0.022620325973211064,-0.010107324678754755,-0.1833336973595309
3.4126825365073015,-2.9276039821306195,3.0330822393376304,-0.022620268278900447,-0.01010733537618679,-0.18471725660986932
3.4136827365473095,-2.866471589897572,3.0738462384886613,-0.022618505300269806,-0.010107664783826818,-0.18609619451670184
3.4146829365873175,-2.805211659642214,3.1143440463923886,-0.022615040107160037,-0.010108317191877299,-0.18747042042423118
3.4156831366273255,-2.743827125726163,3.1545708829930117,-0.022609875901901853,-0.01010929683111357,-0.18883984324760658
3.4166833366673335,-2.682320921826875,3.1945219783467205,-0.022603016018745436,-0.01011060787166351,-0.19020437147499664
3.4176835367073415,-2.6206959808198937,3.234192573210083,-0.022594463923273873,-0.01011225442179689,-0.1915639131697703
3.4186837367473495,-2.5589552346622195,3.27357791963101,-0.02258422321180049,-0.0101142405267248,-0.19291837597278683
3.4196839367873575,-2.497101614275798,3.312673281542441,-0.022572297610750233,-0.010116570167409461,-0.19426766710479534
3.4206841368273655,-2.435138049432323,3.3514739353583973,-0.0225586909760252,-0.010119247259384852,-0.1956116933689449
3.4216843368673735,-2.3730674686382245,3.3899751705727046,-0.022543407292354514,-0.01012227565158845,-0.19695036115340578
3.4226845369073815,-2.310892799020649,3.4281722903596377,-0.022526450672628626,-0.010125659125204502,-0.19828357643410255
3.4236847369473895,-2.2486169662137483,3.4660606121775457,-0.022507825357218264,-0.010129401392519154,-0.19961124477755987
3.4246849369873975,-2.1862428942462913,3.503635468374141,-0.0224875357132781,-0.01013350609578783,-0.2009332713438616
3.4256851370274055,-2.1237735054291895,3.540892206794305,-0.022465586234035387,-0.01013797680611518,-0.2022495608897238
3.4266853370674135,-2.061211720244418,3.577826191390071,-0.022441981538063666,-0.010142817022348018,-0.20356001777168248
3.4276855371074215,-1.998560457234165,3.614432802832458,-0.022416726368541747,-0.010148030169981549,-0.20486454594939674
3.4286857371474295,-1.9358226328907302,3.6507074391255028,-0.02238982559249811,-0.010153619600079286,-0.2061630489890677
3.4296859371874375,-1.8730011615472406,3.6866455162222076,-0.022361284200040948,-0.010159588588207006,-0.20745543006697412
3.4306861372274455,-1.8100989552690399,3.722242468642368,-0.022331107303573974,-0.010165940333381087,-0.20874159197312517
3.4316863372674535,-1.74711892374558,3.757493750092146,-0.022299300136998258,-0.010172677957031594,-0.21002143711503102
3.4326865373074615,-1.6840639741831709,3.7923948340854183,-0.022265868054900214,-0.01017980450198048,-0.2112948675215918
3.4336867373474695,-1.620937011198434,3.826941214566964,-0.02223081653172598,-0.010187322931435221,-0.21256178484710542
3.4346869373874775,-1.557740936712353,3.8611284065369245,-0.022194151160942373,-0.010195236127998272,-0.2138220903753949
3.4356871374274855,-1.494478649844682,3.8949519466771862,-0.02215587765418463,-0.010203546892692665,-0.21507568502405577
3.4366873374674936,-1.4311530468100282,3.9284073939788575,-0.022116001840391156,-0.010212257944004122,-0.21632246934882374
3.4376875375075016,-1.367767020813283,3.961490330371537,-0.02207452966492546,-0.01022137191693999,-0.21756234354806372
3.4386877375475096,-1.3043234619468624,3.9941963613534948,-0.022031467188685545,-0.010230891362105385,-0.21879520746738013
3.4396879375875176,-1.2408252570878264,4.0265211166233925,-0.02198682058720092,-0.010240818744796857,-0.22002096060434911
3.4406881376275256,-1.1772752897963406,4.058460250713058,-0.021940596149717523,-0.010251156444113911,-0.22123950211337323
3.4416883376675336,-1.113676440214079,4.09000944362136,-0.021892800278270712,-0.010261906752088741,-0.22245073081065908
3.4426885377075416,-1.0500315849640376,4.1211644014491515,-0.02184343948674663,-0.01027307187283448,-0.22365454517931788
3.4436887377475496,-0.986343597050822,4.15192085703508,-0.021792520399932108,-0.010284653921712324,-0.2248508433745899
3.4446889377875576,-0.9226153457608666,4.182274570592362,-0.021740049752553437,-0.010296654924517833,-0.22603952322919293
3.4456891378275656,-0.85884969656447,4.212221330346138,-0.021686034388304142,-0.010309076816686743,-0.22722048225879485
3.4466893378675736,-0.7950495110178932,4.241756953171857,-0.021630481258862112,-0.010321921442520605,-0.22839361766761104
3.4476895379075816,-0.7312176466659969,4.2708772852340005,-0.02157339742289626,-0.010335190554432569,-0.22955882635412694
3.4486897379475896,-0.6673569569458765,4.299578202625451,-0.021514790045063004,-0.010348885812213621,-0.23071600491694563
3.4496899379875976,-0.6034702910910379,4.327855612007376,-0.02145466639499281,-0.010363008782319586,-0.23186504966076124
3.4506901380276056,-0.5395604940361635,4.355705451249336,-0.021393033846267076,-0.010377560937179191,-0.23300585660245807
3.4516903380676136,-0.4756304063228861,4.383123690069841,-0.02132989987538559,-0.010392543654523514,-0.23413832147733582
3.4526905381076216,-0.4116828640054112,4.410106330677117,-0.021265272060724854,-0.010407958216737075,-0.23526233974546124
3.4536907381476296,-0.3477206985579529,4.436649408409784,-0.021199158081487507,-0.010423805810230904,-0.2363778065981461
3.4546909381876376,-0.28374673678188095,4.462748992377861,-0.02113156571664317,-0.010440087524837842,-0.23748461696455206
3.4556911382276456,-0.21976380071386692,4.488401186103445,-0.021062502843860922,-0.010456804353230369,-0.23858266551842222
3.4566913382676536,-0.155774707534889,4.513602128161518,-0.020991977438433736,-0.010473957190361238,-0.2396718466849398
3.4576915383076616,-0.09178226947948784,4.5383479928202695,-0.020919997572195103,-0.0104915468329272,-0.24075205464771382
3.4586917383476696,-0.027789293745946516,4.562634990681292,-0.02084657141242816,-0.010509573978856056,-0.24182318335589215
3.4596919383876776,0.03620141759287593,4.5864593693192885,-0.020771707220767575,-0.010528039226817335,-0.24288512653140157
3.4606921384276856,0.100187067678128,4.609817413921247,-0.02069541335209449,-0.010546943075756836,-0.24393777767631558
3.4616923384676936,0.1641648649530356,4.6327054479251135,-0.02061769825342478,-0.010566285924455292,-0.24498103008034922
3.4626925385077016,0.22813202324991635,4.655119833657748,-0.020538570462790944,-0.010586068071111406,-0.2460147768284815
3.4636927385477096,0.29208576187722757,4.677056972972001,-0.020458038608117863,-0.010606289712949496,-0.24703891080870521
3.4646929385877177,0.3560233057051536,4.698513307883143,-0.02037611140609277,-0.010626950945851994,-0.24805332471990393
3.4656931386277257,0.4199418852510961,4.719485321204079,-0.020292797661029666,-0.010648051764017012,-0.24905791107985656
3.4666933386677337,0.48383873676452055,4.739969537179675,-0.020208106263728508,-0.010669592059641223,-0.2500525622333689
3.4676935387077417,0.547711102310759,4.759962522119878,-0.02012204619032942,-0.01069157162262826,-0.2510371703605325
3.4686937387477497,0.6115562298545816,4.77946088503157,-0.02003462650116224,-0.010713990140322847,-0.2520116274851106
3.4696939387877577,0.6753713733431326,4.79846127824906,-0.019945856339591686,-0.01073684719727087,-0.2529758254830504
3.4706941388277657,0.7391537927879629,4.81696039806319,-0.019855744930858423,-0.010760142275005597,-0.25392965609112306
3.4716943388677737,0.8029007543464979,4.834954985348781,-0.019764301580916303,-0.01078387475186021,-0.25487301091568904
3.4726945389077817,0.8666095304028756,4.852441826190587,-0.01967153567526611,-0.010808043902806888,-0.25580578144159066
3.4736947389477897,0.9302773996484301,4.869417752507373,-0.019577456677786043,-0.010832648899322558,-0.25672785904117035
3.4746949389877977,0.9939016471614117,4.8858796426741815,-0.01948207412955925,-0.010857688809281542,-0.2576391349834146
3.4756951390278057,1.057479564485544,4.901824422142684,-0.01938539764769871,-0.010883162596875233,-0.2585395004432238
3.4766953390678137,1.1210084497090398,4.917249064059471,-0.019287436924169694,-0.010909069122558972,-0.259428846510807
3.4776955391078217,1.184485607541853,4.932150589882117,-0.019188201724610165,-0.01093540714302627,-0.26030706420120164
3.4786957391478297,1.2479083493931835,4.9465260699931,-0.01908770188714933,-0.01096217531121054,-0.2611740444639179
3.4796959391878377,1.311273993447973,4.96037262431132,-0.01898594732122463,-0.010989372176314434,-0.26202967819270717
3.4806961392278457,1.3745798647425713,4.973687422901118,-0.018882948006397515,-0.011016996183866978,-0.2628738562354542
3.4816963392678537,1.437823295240551,4.986467686578725,-0.01877871399116817,-0.011045045675808565,-0.2637064694041926
3.4826965393078617,1.5010016239068857,4.998710687516145,-0.01867325539178956,-0.01107351889060396,-0.26452740848524353
3.4836967393478697,1.564112196782679,5.010413749842116,-0.018566582391081,-0.011102413963383405,-0.26533656424947605
3.4846969393878777,1.627152367058003,5.021574250240256,-0.01845870523724157,-0.011131728926111945,-0.26613382746269026
3.4856971394278857,1.6901194951452854,5.032189618544242,-0.018349634242663587,-0.011161461707787037,-0.26691908889612115
3.4866973394678937,1.7530109487514167,5.042257338329815,-0.018239379782746448,-0.01119161013466455,-0.26769223933706354
3.4876975395079017,1.8158241029496056,5.051774947503638,-0.018127952294711053,-0.01122217193051322,-0.2684531695996172
3.4886977395479097,1.8785563402501593,5.060740038888829,-0.018015362276415117,-0.011253144716897631,-0.26920177053555155
3.4896979395879177,1.9412050506715528,5.069150260807033,-0.01790162028516958,-0.011284526013489784,-0.2699379330452897
3.4906981396279257,2.003767631809894,5.077003317657001,-0.017786736936556375,-0.01131631323840929,-0.27066154808901005
3.4916983396679337,2.066241488908279,5.084296970489501,-0.017670722903247834,-0.011348503708592264,-0.27137250669786656
3.4926985397079418,2.1286240349260197,5.091029037578494,-0.01755358891382791,-0.011381094640188907,-0.2720706999853251
3.4936987397479498,2.190912690606232,5.097197394988434,-0.017435345751615507,-0.01141408314898984,-0.2727560191586168
3.4946989397879578,2.253104884543828,5.102799977137569,-0.01731600425349012,-0.011447466250881196,-0.2734283555303061
3.4956991398279658,2.315198053252349,5.107834777357226,-0.01719557530872004,-0.011481240862328474,-0.27408760052997394
3.4966993398679738,2.377189641230472,5.1122998484468205,-0.017074069857793313,-0.011515403800889154,-0.274733645716015
3.4976995399079818,2.4390771010278898,5.116193303224605,-0.016951498891251703,-0.01154995178575407,-0.2753663827875474
3.4986997399479898,2.500857893310478,5.119513315073972,-0.01682787344852786,-0.011584881438317535,-0.27598570359643493
3.4996999399879978,2.562529486925365,5.122258118485247,-0.016703204616785896,-0.011620189282776154,-0.2765915001594207
3.500700140028006,2.624089358964503,5.124426009592801,-0.01657750352976559,-0.011655871746756339,-0.27718366467037076
3.501700340068014,2.6855349948289393,5.126015346707437,-0.016450781366630397,-0.011691925161970445,-0.2777620895126274
3.502700540108022,2.7468638882913963,5.127024550843883,-0.016323049350819484,-0.011728345764901487,-0.27832666727147076
3.50370074014803,2.8080735415590277,5.127452106243306,-0.01619431874890394,-0.011765129697516386,-0.27887729074668816
3.504700940188038,2.869161465335017,5.127296560890712,-0.01606460086944739,-0.011802273008007647,-0.27941385296524934
3.505701140228046,2.930125178880226,5.126556527027162,-0.015933907061871137,-0.011839771651563422,-0.2799362471940876
3.506701340268054,2.9909622100740836,5.125230681656624,-0.015802248715324034,-0.011877621491165837,-0.2804443669529849
3.507701540308062,3.0516700954744147,5.123317767047396,-0.015669637257557243,-0.011915818298417508,-0.2809381060275604
3.50870174034807,3.112246380377827,5.120816591227994,-0.01553608415380403,-0.011954357754396128,-0.28141735848236077
3.509701940388078,3.1726886188782575,5.117726028477325,-0.015401600905664744,-0.011993235450537008,-0.28188201867405155
3.510702140428086,3.2329943739260725,5.1140450198090965,-0.015266199049997129,-0.012032446889543448,-0.28233198126470826
3.511702340468094,3.293161217385942,5.109772573450335,-0.015129890157812105,-0.012071987486324803,-0.2827671412352059
3.512702540508102,3.353186730094471,5.1049077653138655,-0.014992685833175142,-0.012111852568962099,-0.2831873938987059
3.51370274054811,3.4130685019173277,5.09944973946467,-0.014854597712113345,-0.012152037379701044,-0.28359263491423864
3.514702940588118,3.472804131805692,5.093397708580005,-0.014715637461528375,-0.012192537075972272,-0.2839827603003812
3.515703140628126,3.53239122785213,5.086750954403129,-0.014575816778115307,-0.012233346731438645,-0.28435766644902816
3.516703340668134,3.5918274073462544,5.0795088281906065,-0.01443514738728752,-0.012274461337069434,-0.2847172501392542
3.517703540708142,3.6511102968295504,5.071670751152941,-0.014293641042107725,-0.012315875802241184,-0.28506140855126794
3.51870374074815,3.7102375321499967,5.063236214888582,-0.014151309522225188,-0.01235758495586507,-0.28539003928045453
3.519703940788158,3.769206758515606,5.054204781811059,-0.014008164632819264,-0.012399583547540527,-0.28570304035150623
3.520704140828166,3.8280156305480126,5.044576085569198,-0.01386421820354928,-0.01244186624873492,-0.2860003102326392
3.521704340868174,3.886661812335505,5.034349831460289,-0.013719482087510825,-0.012484427653989064,-0.28628174784989546
3.522704540908182,3.945142977485397,5.023525796836024,-0.01357396816019854,-0.012527262282148318,-0.2865472526015277
3.52370474094819,4.003456809175487,5.012103831501299,-0.013427688318475397,-0.012570364577619023,-0.2867967243724664
3.524704940988198,4.061601000205864,5.000083858105439,-0.013280654479548546,-0.012613728911650019,-0.28703006354886684
3.525705141028206,4.1195732530498,4.9874658725260534,-0.01313287857995175,-0.012657349583638983,-0.28724717103273495
3.526705341068214,4.177371279903687,4.974249944245181,-0.01298437257453441,-0.012701220822463307,-0.28744794825663
3.527705541108222,4.234992802737442,4.960436216717787,-0.012835148435457218,-0.012745336787835225,-0.2876322971984429
3.5287057411482294,4.292435553343579,4.946024907732254,-0.01268521815119449,-0.01278969157168089,-0.2878001203962479
3.5297059411882374,4.349697273386141,4.931016309763112,-0.012534593725542787,-0.012834279199543195,-0.28795132096322673
3.5307061412282454,4.406775714449362,4.915410790315499,-0.012383287176636806,-0.012879093632007744,-0.2880858026026622
3.5317063412682534,4.463668638085183,4.899208792261565,-0.01223131053597118,-0.012924128766152046,-0.2882034696230013
3.5327065413082614,4.5203738158612765,4.882410834168498,-0.012078675847429183,-0.012969378437017287,-0.2883042269529843
3.5337067413482695,4.576889029407296,4.865017510618135,-0.011925395166317866,-0.013014836419102479,-0.288387980156839
3.5347069413882775,4.633212070462122,4.847029492518133,-0.011771480558409686,-0.013060496427880592,-0.28845463544953814
3.5357071414282855,4.689340740919426,4.828447527404363,-0.011616944098990532,-0.013106352121336337,-0.2885040997121179
3.5367073414682935,4.7452728528734776,4.809272439734651,-0.011461797871914129,-0.01315239710152521,-0.2885362805070557
3.5377075415083015,4.801006228663962,4.789505131173654,-0.011306053968662709,-0.013198624916153418,-0.28855108609370556
3.5387077415483095,4.856538700921101,4.769146580868725,-0.011149724487413908,-0.01324502906017832,-0.2885484254437887
3.5397079415883175,4.911868112609125,4.748197845716705,-0.010992821532113766,-0.01329160297742897,-0.28852820825693787
3.5407081416283255,4.966992317070774,4.7266600606215645,-0.010835357211555784,-0.013338340062246351,-0.288490344976293
3.5417083416683335,5.021909178070047,4.704534438742702,-0.010677343638465866,-0.013385233661142911,-0.2884347468041465
3.5427085417083415,5.076616569835182,4.681822271733897,-0.010518792928593108,-0.013432277074480956,-0.2883613257176358
3.5437087417483495,5.131112377100999,4.6585249299725975,-0.010359717199806271,-0.013479463558169464,-0.2882699944844814
3.5447089417883575,5.185394495150803,4.63464386277985,-0.010200128571195828,-0.013526786325378914,-0.2881606666787681
3.5457091418283655,5.2394608298579435,4.6101805986302455,-0.010040039162181437,-0.013574238548273627,-0.28803325669676755
3.5467093418683735,5.293309297726795,4.5851367453521785,-0.009879461091624728,-0.013621813359761214,-0.2878876797727995
3.5477095419083815,5.346937825933247,4.559513990318153,-0.009718406476947218,-0.013669503855258624,-0.2877238519951301
3.5487097419483895,5.400344352365109,4.533314100624984,-0.009556887433253235,-0.013717303094474336,-0.2875416903219049
3.5497099419883975,5.453526825661676,4.506538923263929,-0.00939491607245765,-0.013765204103206212,-0.2873411125971139
3.5507101420284055,5.506483205252983,4.47919038528056,-0.009232504502418288,-0.013813199875154501,-0.2871220375665873
3.5517103420684135,5.559211461398803,4.451270493924263,-0.009069664826072797,-0.013861283373749514,-0.2868843848940183
3.5527105421084215,5.611709575227219,4.422781336787239,-0.008906409140579833,-0.01390944753399345,-0.2866280751770128
3.5537107421484295,5.6639755387721555,4.393725081933144,-0.008742749536464334,-0.013957685264315851,-0.28635302996316075
3.5547109421884375,5.716007355011681,4.364103978014828,-0.008578698096766717,-0.014005989448442165,-0.28605917176613
3.5557111422284455,5.767803037904636,4.333920354381528,-0.008414266896195772,-0.014054352947274888,-0.28574642408177753
3.5567113422684535,5.819360612427783,4.30317662117512,-0.008249468000285053,-0.014102768600786731,-0.2854147114042775
3.5577115423084615,5.8706781146118425,4.271875269415451,-0.008084313464552548,-0.014151229229925275,-0.28506395924226285
3.5587117423484695,5.921753591577805,4.240018871074674,-0.007918815333663422,-0.01419972763852854,-0.28469409413497826
3.5597119423884775,5.972585101572393,4.207610079140356,-0.007752985640595572,-0.014248256615250919,-0.28430504366844206
3.5607121424284855,6.023170714003062,4.174651627667458,-0.0075868364058078,-0.014296808935498891,-0.28389673649161423
3.5617123424684936,6.073508509472942,4.141146331819018,-0.00742037963641035,-0.014345377363375935,-0.2834691023325687
3.5627125425085016,6.123596579815108,4.10709708789521,-0.007253627325337561,-0.014393954653636055,-0.28302207201466684
3.5637127425485096,6.173433028126491,4.072506873351317,-0.007086591450522407,-0.014442533553645338,-0.28255557747272936
3.5647129425885176,6.223015968801814,4.0373787468035935,-0.006919283974072661,-0.014491106805350895,-0.2820695517692053
3.5657131426285256,6.2723435275664015,4.001715848023937,-0.006751716841448429,-0.014539667147256638,-0.2815639291103338
3.5667133426685336,6.321413841508958,3.9655213979224873,-0.006583901980640805,-0.014588207316405215,-0.28103864486229746
3.5677135427085416,6.370225059114373,3.9287986985185053,-0.006415851301351382,-0.014636720050365521,-0.28049363556736406
3.5687137427485496,6.418775340295452,3.8915511328992434,-0.006247576694172344,-0.014685198089225132,-0.27992883896001364
3.5697139427885576,6.467062856424818,3.8537821651669493,-0.006079090029766887,-0.014733634177587029,-0.27934419398304905
3.5707141428285656,6.515085790365946,3.8154953403736145,-0.005910403158049688,-0.014782021066569966,-0.27873964080368685
3.5717143428685736,6.562842336504202,3.7766942844435927,-0.00574152790736715,-0.014830351515811831,-0.2781151208296258
3.5727145429085816,6.610330700777567,3.7373827040839362,-0.005572476083677161,-0.01487861829547535,-0.2774705767250902
3.5737147429485896,6.657549100706577,3.697564386682562,-0.0054032594697280695,-0.014926814188255456,-0.2768059524268456
3.5747149429885976,6.704495765424249,3.6572432001937734,-0.005233889824236616,-0.014974931991387655,-0.27612119316018396
3.5757151430286056,6.7511689357056754,3.6164230930113614,-0.0050643788810645326,-0.015022964518656728,-0.2754162454548753
3.5767153430686136,6.797566863996814,3.5751080938292943,-0.004894738348393539,-0.01507090460240508,-0.27469105716108316
3.5777155431086216,6.843687814443619,3.53330231148963,-0.004724979907898444,-0.015118745095540027,-0.2739455774652413
3.5787157431486296,6.889530062920137,3.4910099348177224,-0.004555115213918082,-0.015166478873539368,-0.27317975690588836
3.5797159431886376,6.935091897056661,3.4482352324447394,-0.004385155892623803,-0.015214098836454512,-0.272393547389458
3.5807161432286456,6.980371616267543,3.4049825526172457,-0.004215113541185231,-0.01526159791091047,-0.2715869022060213
3.5817163432686536,7.0253675317784054,3.3612563229939854,-0.004044999726933019,-0.015308969052102005,-0.2707597760449788
3.5827165433086616,7.070077966653117,3.3170610504296216,-0.003874825986518325,-0.015356205245785225,-0.2699121250106994
3.5837167433486696,7.114501255820711,3.272401320745453,-0.003704603825068731,-0.015403299510263896,-0.2690439066381024
3.5847169433886776,7.15863574610139,3.227281798487032,-0.0035343447153403248,-0.015450244898369762,-0.2681550799081812
3.5857171434286856,7.202479796232781,3.181707226668694,-0.0033640600968656937,-0.015497034499436147,-0.2672456052634639
3.5867173434686936,7.2460317768955536,3.135682426504841,-0.003193761375097543,-0.015543661441264098,-0.2663154446234095
3.5877175435087016,7.289290070738533,3.0892122971278466,-0.003023459920547686,-0.015590118892080354,-0.26536456139973563
3.5887177435487096,7.3322530724040975,3.04230181529279,-0.0028531670679211433,-0.015636400062486375,-0.2643929205116753
3.5897179435887177,7.374919188552547,2.99495603506884,-0.002682894115245093,-0.01568249820739773,-0.2634004884011594
3.5907181436287257,7.417286837886601,2.9471800875170726,-0.002512652322992418,-0.015728406627973063,-0.2623872330479225
3.5917183436687337,7.459354451175515,2.898979180354878,-0.0023424529131996124,-0.015774118673531918,-0.26135312398452776
3.5927185437087417,7.501120471278611,2.850358597606906,-0.002172307068578788,-0.01581962774346066,-0.26029813231130944
3.5937187437487497,7.542583353168854,2.8013236992423947,-0.0020022259316235685,-0.015864927289105744,-0.25922223071122863
3.5947189437887577,7.583741563955809,2.75187992079888,-0.0018322206037086149,-0.01591001081565357,-0.25812539346463986
3.5957191438287657,7.624593582908627,2.7020327729922466,-0.0016623021441825793,-0.01595487188399621,-0.2570075964639653
3.5967193438687737,7.665137901478398,2.651787841313292,-0.0014924815694542571,-0.01599950411258217,-0.2558688172282736
3.5977195439087817,7.705373023320247,2.6011507856101073,-0.0013227698520717301,-0.01604390117925153,-0.2547090349177597
3.5987197439487897,7.745297464315394,2.550127339657369,-0.0011531779197943076,-0.0160880568230546,-0.2535282303481237
3.5997199439887977,7.784909752592738,2.4987233107111324,-0.0009837166546570518,-0.016131964846053434,-0.25232638600484436
3.6007201440288057,7.82420842854979,2.446944579050247,-0.0008143968920277204,-0.016175619115105348,-0.25110348605734484
3.6017203440688137,7.8631920448741415,2.3947970975040023,-0.0006452294196559434,-0.016219013563627743,-0.24985951637304754
3.6027205441088217,7.9018591665638205,2.342286890965403,-0.00047622497671445457,-0.016262142193343463,-0.24859446453131467
3.6037207441488297,7.940208370947811,2.289420055891092,-0.0003073942528322366,-0.016304999076005904,-0.24730831983727147
3.6047209441888377,7.978238247706147,2.236202759786937,-0.00013874788711941926,-0.016347578355103132,-0.24600107333550902
3.6057211442288457,8.015947398889692,2.1826412406799953,2.9703532816202248e-05,-0.01638987424754027,-0.24467271782366343
3.6067213442688537,8.053334438939764,2.1287418065761896,0.00019794947186115984,-0.016431881045299353,-0.24332324786586826
3.6077215443088617,8.090397994707336,2.0745108349044057,0.0003659794483969296,-0.016473593117075927,-0.24195265980607697
3.6087217443488697,8.12713670547201,2.019954771946241,0.0005337830353092825,-0.016515004909891662,-0.24056095178125228
3.6097219443888777,8.163549222960771,1.965080132251845,0.000701349861006458,-0.016556110950682164,-0.23914812373441927
3.6107221444288857,8.19963421136635,1.9098934980420263,0.0008686696104462426,-0.016596905847859295,-0.23771417742757897
3.6117223444688937,8.235390347365453,1.8544015185959073,0.0010357320261720274,-0.01663738429284724,-0.2362591164544794
3.6127225445089017,8.270816320136667,1.7986109096247582,0.0012025269093578932,-0.016677541061591576,-0.23478294625324075
3.6137227445489097,8.305910831377844,1.7425284526320572,0.0013690441208627701,-0.016717371016040605,-0.23328567411883153
3.6147229445889177,8.340672595323854,1.6861609942590836,0.0015352735822936996,-0.016756869105598225,-0.23176730921539263
3.6157231446289257,8.375100338763296,1.629515445616846,0.0017012052770782183,-0.01679603036854762,-0.230227862588406
3.6167233446689337,8.409192801055552,1.572598781603784,0.0018668292515458585,-0.016834849933445025,-0.22866734717670475
3.6177235447089418,8.44294873414723,1.515418040209585,0.0020321356160187573,-0.016873323020482868,-0.22708577782432163
3.6187237447489498,8.476366902588657,1.4579803218050398,0.0021971145459113444,-0.016911444942821565,-0.22548317129217246
3.6197239447889578,8.509446083549681,1.400292788417825,0.002361756282839069,-0.016949211107889287,-0.22385954626957172
3.6207241448289658,8.542185066835652,1.3423626629943495,0.002526051135736102,-0.016986617018648956,-0.22221492338557666
3.6217243448689738,8.574582654903052,1.2841972286477106,0.0026899894819819464,-0.017023658274831842,-0.22054932522015716
3.6227245449089818,8.606637662874489,1.2258038278917203,0.002853561768536862,-0.017060330574137025,-0.21886277631518786
3.6237247449489898,8.638348918554087,1.1671898618609318,0.003016758513086,-0.017096629713396073,-0.21715530318525972
3.6247249449889978,8.66971526244205,1.1083627895169426,0.003179570305192129,-0.017132551589702262,-0.2154269343283076
3.625725145029006,8.700735547749497,1.0493301268408584,0.003341987807456808,-0.017168092201503695,-0.21367770023605068
3.626725345069014,8.731408640412575,0.9900994460118032,0.003504001756689861,-0.017203247649659647,-0.21190763340424285
3.627725545109022,8.761733419106545,0.9306783745717304,0.0036656029650869735,-0.017238014138459528,-0.2101167683427297
3.62872574514903,8.791708775259861,0.8710745945765714,0.003826782321415221,-0.017272387976603815,-0.2083051415853089
3.629725945189038,8.821333613067493,0.8112958417336155,0.003987530792206337,-0.017306365578146347,-0.20647279169939137
3.630726145229046,8.850606849504615,0.7513499045252364,0.0041478394229574785,-0.017339943463397383,-0.2046197592954592
3.631726345269054,8.879527414339515,0.6912446233189795,0.004307699339339264,-0.017373118259786807,-0.20274608703631825
3.632726545309062,8.908094250146718,0.6309878894642318,0.004467101748410819,-0.017405886702686932,-0.20085181964614157
3.63372674534907,8.93630631231952,0.5705876443752055,0.004626037939841551,-0.017438245636194318,-0.19893700391930094
3.634726945389078,8.964162569082642,0.5100518786006506,0.004784499287139371,-0.017470192013870046,-0.19700168872898324
3.635727145429086,8.991662001504288,0.44938863087991543,0.0049424772488850304,-0.017501722899437914,-0.19504592503558887
3.636727345469094,9.018803603508335,0.3886059871860362,0.0050999633699722715,-0.01753283546744003,-0.19306976589490885
3.637727545509102,9.045586381886126,0.3277120797551131,0.005256949282853414,-0.0175635270038493,-0.19107326646607778
3.63872774554911,9.072009356308035,0.2667150861029584,0.0054134267087900395,-0.017593794906638264,-0.18905648401929961
3.639727945589118,9.098071559334809,0.20562322802808522,0.005569387459108376,-0.017623636686303908,-0.18701947794334312
3.640728145629126,9.123772036428868,0.14444477060218464,0.005724823436458979,-0.01765304996634785,-0.18496230975280412
3.641728345669134,9.149109845965087,0.0831880211470529,0.005879726636080308,-0.017682032483711564,-0.1828850430951317
3.642728545709142,9.174084059241709,0.021861328199157964,0.006034089147065738,-0.017710582089166163,-0.18078774375741508
3.64372874574915,9.198693760490732,-0.0395269195392619,0.006187903153633577,-0.01773869674765633,-0.17867047967292846
3.644728945789158,9.222938046888332,-0.10096829426110951,0.006341160936399592,-0.017766374538598022,-0.17653332092743093
3.645729145829166,9.24681602856501,-0.16245433012886293,0.00649385487365158,-0.017793613656129546,-0.17437633976521835
3.646729345869174,9.270326828615437,-0.22397652436065787,0.006645977442625457,-0.017820412409315686,-0.17219961059492447
3.647729545909182,9.29346958310817,-0.2855263383296372,0.006797521220782355,-0.017846769222304507,-0.17000320999506854
3.64872974594919,9.316243441095295,-0.3470951986753572,0.006948478887086178,-0.01787268263443655,-0.16778721671934616
3.649729945989198,9.338647564621589,-0.4086744984273373,0.007098843223281065,-0.017898151300306118,-0.16555171170166097
3.650730146029206,9.36068112873367,-0.4702555981411732,0.007248607115168183,-0.017923173989774357,-0.1632967780608943
3.651730346069214,9.382343321489083,-0.5318298270464779,0.00739776355388126,-0.01794774958793391,-0.1610225011054097
3.652730546109222,9.403633343964819,-0.5933884842068022,0.0075463056371602565,-0.01797187709502491,-0.15872896833729003
3.65373074614923,9.424550410265967,-0.6549228396915736,0.007694226570622546,-0.01799555562630208,-0.15641626945630407
3.654730946189238,9.445093747534111,-0.7164241357596064,0.007841519669030971,-0.018018784411852787,-0.1540844963636001
3.655731146229246,9.465262595955341,-0.7778835880545482,0.007988178357558127,-0.018041562796365877,-0.15173374316512378
3.656731346269254,9.485056208768322,-0.8392923868113654,0.008134196173046199,-0.018063890238851136,-0.14936410617475743
3.657731546309262,9.504473852272133,-0.9006416980748544,0.008279566765261669,-0.018085766312309313,-0.14697568391717863
3.65873174634927,9.523514805833743,-0.9619226649287247,0.008424283898144206,-0.01810719070335258,-0.14456857713043492
3.659731946389278,9.54217836189548,-1.0231264087364156,0.008568341451049028,-0.01812816321177536,-0.1421428887682324
3.660732146429286,9.560463825982298,-1.0842440303927365,0.008711733419982007,-0.018148683750075525,-0.1396987240019357
3.661732346469294,9.578370516708839,-1.1452666115860588,0.008854453918826784,-0.018168752342925924,-0.1372361902222767
3.662732546509302,9.595897765786178,-1.2061852160718651,0.008996497180563156,-0.018188369126596274,-0.13475539704076947
3.66373274654931,9.61304491802868,-1.266990890956348,0.009137857558475963,-0.018207534348325442,-0.1322564562908292
3.664732946589318,9.629811331360463,-1.3276746679907538,0.009278529527353708,-0.018226248365644206,-0.12973948202859245
3.665733146629326,9.646196376821688,-1.388227564875781,0.009418507684676143,-0.01824451164564858,-0.12720459053343666
3.666733346669334,9.66219943857479,-1.4486405865766692,0.009557786751790009,-0.01826232476422384,-0.12465190030819627
3.667733546709342,9.67781991391046,-1.5089047266475757,0.009696361575072136,-0.018279688405219388,-0.12208153207907323
3.66873374674935,9.693057213253468,-1.56901096856626,0.009834227127079109,-0.018296603359574663,-0.11949360879523976
3.669733946789358,9.7079107601683,-1.6289502870784203,0.009971378507682656,-0.018313070524396288,-0.11688825562813103
3.670734146829366,9.72237999136468,-1.6887136495512984,0.01010781094518996,-0.018329090901986703,-0.11426559997042542
3.671734346869374,9.736464356702864,-1.7482920173370746,0.010243519797448034,-0.018344665598824555,-0.11162577143471049
3.672734546909382,9.750163319198782,-1.8076763471449095,0.010378500552931344,-0.018359795824497132,-0.10896890185183229
3.67373474694939,9.763476355029029,-1.8668575924223987,0.010512748831811818,-0.018374482890585197,-0.10629512526892601
3.674734946989398,9.776402953535708,-1.9258267047458253,0.01064626038701041,-0.01838872820950055,-0.10360457794712594
3.675735147029406,9.788942617231054,-1.9845746352189038,0.010779031105229335,-0.01840253329327672,-0.1008973983589527
3.676735347069414,9.80109486180196,-2.04309233588014,0.010911057007964159,-0.018415899752313232,-0.09817372718537581
3.677735547109422,9.812859216114266,-2.10137076111835,0.011042334252494835,-0.018428829294073825,-0.0954337073125496
3.67873574714943,9.824235222216961,-2.15940086909657,0.011172859132854866,-0.01844132372173921,-0.0926774838282207
3.679735947189438,9.835222435346235,-2.217173623183564,0.011302628080777703,-0.01845338493281476,-0.08990520401780515
3.680736147229446,9.845820423929258,-2.2746799933932698,0.011431637666619523,-0.01846501491769378,-0.08711701736013339
3.681736347269454,9.85602876958791,-2.3319109578315644,0.011559884600257527,-0.018476215758176852,-0.0843130755228614
3.682736547309462,9.865847067142361,-2.388857504150605,0.011687365731962883,-0.01848698962594789,-0.08149353235754626
3.68373674734947,9.875274924614372,-2.4455106310102135,0.011814078053247466,-0.018497338781007542,-0.07865854389438451
3.684736947389478,9.884311963230632,-2.501861349546061,0.011940018697683522,-0.01850726557006459,-0.07580826833661147
3.685737147429486,9.892957817425753,-2.5579006848446633,0.01206518494169542,-0.01851677242488605,-0.07294286605456045
3.686737347469494,9.901212134845236,-2.613619677424903,0.012189574205322613,-0.01852586186060668,-0.07006249957937974
3.687737547509502,9.909074576348246,-2.6690093847258436,0.012313184052953001,-0.018534536473998692,-0.06716733359640636
3.68873774754951,9.916544816010198,-2.7240608826004866,0.012436012194025818,-0.018542798941702396,-0.064257534938195
3.689737947589518,9.92362254112529,-2.7787652668154696,0.012558056483703228,-0.01855065201841864,-0.061333272577200594
3.690738147629526,9.930307452208792,-2.833113654556491,0.012679314923509818,-0.01855809853506387,-0.05839471761811363
3.691738347669534,9.936599262999218,-2.887097185938939,0.012799785661939145,-0.018565141396888685,-0.05544204328984648
3.692738547709542,9.942497700460377,-2.940707025523798,0.012919466995026552,-0.01857178358156079,-0.05247542493716983
3.69373874774955,9.948002504783226,-2.993934363838545,0.013038357366887446,-0.018578028137213293,-0.04949504001199797
3.694738947789558,9.953113429387637,-3.046770418902602,0.01315645537022026,-0.018583878180459285,-0.04650106806432176
3.695739147829566,9.957830240923974,-3.0992064377573643,0.013273759746773318,-0.018589336894373722,-0.04349369073278832
3.696739347869574,9.962152719274517,-3.151233698000584,0.013390269387774859,-0.018594407526443615,-0.040473091734926386
3.697739547909582,9.966080657554802,-3.2028435093243623,0.013505983334325452,-0.018599093386487544,-0.03743945685701642
3.69873974794959,9.969613862114754,-3.254027215057248,0.013620900777752094,-0.01860339784454564,-0.034392973943604535
3.699739947989598,9.972752152539705,-3.304776193709757,0.01373502105992326,-0.018607324328741057,-0.03133383288665948
3.700740148029606,9.975495361651266,-3.355081860522933,0.013848343673524223,-0.018610876323114117,-0.02826222561437181
3.701740348069614,9.977843335508073,-3.404935669020165,0.013960868262291929,-0.018614057365430255,-0.025178346079594623
3.702740548109622,9.979795933406349,-3.4543291125614988,0.01407259462120882,-0.018616871044962954,-0.022082390247925153
3.70374074814963,9.981353027880381,-3.503253725900657,0.014183522696654903,-0.01861932100025285,-0.018974556085426614
3.704740948189638,9.982514504702806,-3.5517010867440963,0.014293652586517479,-0.018621410916844272,-0.015855043545989773
3.705741148229646,9.983280262884803,-3.5996628173120295,0.014402984540257915,-0.018623144525000426,-0.012724054558333768
3.706741348269654,9.983650214676103,-3.647130585901221,0.014511518958934879,-0.018624525597398526,-0.009581793012645765
3.707741548309662,9.983624285564893,-3.694096108449189,0.014619256395183473,-0.01862555794680616,-0.0064284647468590694
3.70874174834967,9.983202414277564,-3.7405511500994315,0.01472619755314975,-0.018626245423740192,-0.0032642775325694103
3.709741948389678,9.982384552778331,-3.786487526767637,0.014832343288380062,-0.01862659191410956,-8.94410605891717e-05
3.710742148429686,9.981170666268701,-3.831897106708482,0.014937694607664797,-0.018626601336843317,0.003095833073860602
3.711742348469694,9.979560733186835,-3.8767718120827084,0.015042252668836,-0.018626277641505287,0.006291331386320545
3.712742548509702,9.97755474520672,-3.9211036205242658,0.015146018780518477,-0.018625624805896735,0.009496838518625683
3.71374274854971,9.975152707237276,-3.9648845667070782,0.015248994401833952,-0.018624646833648482,0.012712137254800498
3.714742948589718,9.972354637421253,-4.0081067439115685,0.01535118114205789,-0.01862334775180385,0.015937008537316246
3.715743148629726,9.96916056713405,-4.050762305590122,0.015452580760228648,-0.018621731608393925,0.019171231483710402
3.716743348669734,9.96557054098236,-4.092843466931406,0.015553195164708612,-0.018619802470006577,0.022414583403568
3.717743548709742,9.961584616802721,-4.134342506423578,0.01565302641269704,-0.018617564419350714,0.025666839815864536
3.71874374874975,9.957202865659852,-4.1752517674154985,0.015752076709694314,-0.018615021552817256,0.028927774466670175
3.719743948789758,9.952425371844972,-4.215563659676102,0.015850348408917407,-0.018612177978038335,0.03219715934721474
3.720744148829766,9.94725223287388,-4.255270660951484,0.01594784401066631,-0.018609037811446207,0.03547476471231305
3.721744348869774,9.94168355948495,-4.294365318519338,0.016044566161641294,-0.018605605175833432,0.03876035909915003
3.722744548909782,9.935719475637006,-4.332840250740575,0.016140517654210807,-0.018601884197915804,0.042053709346424974
3.72374474894979,9.92936011850698,-4.370688148607723,0.016235701425629953,-0.018597879005899615,0.04535458061385424
3.724744948989798,9.922605638487575,-4.407901777289866,0.016330120557209428,-0.01859359372705476,0.04866273640203161
3.725745149029806,9.915456199184625,-4.444473977673701,0.0164237782734349,-0.018589032485295233,0.05197793857264555
3.726745349069814,9.90791197741449,-4.48039766790061,0.01651667794103679,-0.018584199398768604,0.05529994736905234
3.727745549109822,9.89997316320117,-4.5156658448991625,0.016608823068010505,-0.018579098577455964,0.058628521437204165
3.72874574914983,9.891639959773427,-4.550271585913025,0.016700217302587143,-0.01857373412078397,0.061963417846931095
3.729745949189838,9.882912583561614,-4.584208050023821,0.01679086443215481,-0.018568110115250492,0.06530439211357586
3.730746149229846,9.873791264194496,-4.617468479668467,0.016880768382130616,-0.01856223063206544,0.06865119821998017
3.731746349269854,9.864276244495894,-4.6500462021510796,0.016969933214783524,-0.01855609972480836,0.07200358863882136
3.732746549309862,9.854367780481203,-4.681934631148691,0.017058363128008285,-0.018549721427104263,0.07536131435529798
3.73374674934987,9.844066141353728,-4.713127268210747,0.017146062454050617,-0.01854309975031937,0.0787241248901629
3.734746949389878,9.833371609500956,-4.743617704252007,0.017233035658183946,-0.018536238681278176,0.0820917683231025
3.735747149429886,9.82228448049064,-4.773399621038376,0.017319287337337966,-0.018529142180003483,0.08546399131646036
3.736747349469894,9.81080506306682,-4.802466792665596,0.017404822218679374,-0.018521814177480875,0.08884053913930376
3.737747549509902,9.798933679145595,-4.830813087030218,0.01748964515814513,-0.01851425857344917,0.0922211556918313
3.73874774954991,9.786670663810844,-4.8584324672927774,0.017573761138928647,-0.018506479234218377,0.0956055835301199
3.739747949589918,9.774016365309832,-4.885318993332609,0.017657175269919334,-0.018498479990516636,0.0989935638912093
3.740748149629926,9.760971145048567,-4.911466823194146,0.017739892784095983,-0.018490264635367636,0.102384836718522
3.741748349669934,9.747535377587122,-4.936870214524324,0.017821919036874467,-0.01848183692200001,0.10577914068761686
3.742748549709942,9.73370945063485,-4.961523526000697,0.01790325950441032,-0.01847320056179012,0.10917621323227403
3.74374874974995,9.71949376504534,-4.985421218750078,0.017983919781856737,-0.018464359222239737,0.11257579057090916
3.744748949789958,9.704888734811293,-5.008557857757207,0.018063905581578613,-0.018455316524989974,0.11597760773331474
3.745749149829966,9.68989478705928,-5.030928113263258,0.01814322273132325,-0.01844607604387295,0.11938139858772596
3.746749349869974,9.674512362044396,-5.05252676215373,0.018221877172348386,-0.0184366413030025,0.12278689586820905
3.747749549909982,9.65874191314467,-5.073348689335569,0.01829987495750828,-0.018427015774905384,0.12619383120236935
3.74874974994999,9.642583906855448,-5.093388889102955,0.018377222249298525,-0.018417202878694243,0.12960193513937668
3.749749949989998,9.626038822783496,-5.112642466491568,0.018453925317860387,-0.018407205978283703,0.13301093717830545
3.7507501500300062,9.609107153641204,-5.13110463862103,0.018529990538945475,-0.018397028380650896,0.13642056579678666
3.7517503500700142,9.591789405240348,-5.1487707360250905,0.018605424391841506,-0.018386673334141648,0.13983054847996898
3.7527505501100222,9.57408609648594,-5.1656362039692585,0.018680233457260064,-0.01837614402682361,0.1432406117497864
3.7537507501500302,9.55599775936983,-5.181696603755566,0.018754424415187192,-0.018365443584887536,0.14665048119452892
3.7547509501900382,9.53752493896423,-5.196947614014131,0.01882800404269776,-0.0183545750710979,0.150059881498714
3.755751150230046,9.51866819341503,-5.211385031981131,0.01890097921173446,-0.018343541483293986,0.1534685364732534
3.756751350270054,9.499428093935082,-5.225004774762936,0.018973356886852616,-0.018332345752942607,0.156876169085922
3.757751550310062,9.479805224797119,-5.237802880586029,0.019045144122931276,-0.018320990743743555,0.1602825014921021
3.75875175035007,9.459800183326749,-5.249775510032327,0.019116348062852277,-0.018309479250288783,0.16368725506583065
3.759751950390078,9.439413579895305,-5.260918947259705,0.01918697593514777,-0.018297813996776425,0.16709015043112282
3.760752150430086,9.418646037912325,-5.271229601207206,0.0192570350516175,-0.018285997635780576,0.17049090749357798
3.761752350470094,9.397498193818167,-5.280704006784819,0.019326532804916863,-0.01827403274707784,0.1738892454722626
3.762752550510102,9.375970697076276,-5.289338826047288,0.01939547666611681,-0.018261921836531525,0.17728488293186678
3.76375275055011,9.354064210165319,-5.297130849351749,0.01946387418223676,-0.01824966733503439,0.18067753781513052
3.764752950590118,9.331779408571403,-5.304076996498852,0.0195317329737516,-0.018237271597510773,0.18406692747553594
3.765753150630126,9.30911698077978,-5.310174317856984,0.01959906073207395,-0.01822473690197891,0.18745276871026173
3.766753350670134,9.286077628266684,-5.315419995469322,0.019665865217012867,-0.0182120654486742,0.19083477779339572
3.767753550710142,9.262662065490897,-5.31981134414335,0.01973215425421011,-0.018199259359234148,0.1942126705094017
3.76875375075015,9.238871019885199,-5.323345812522526,0.01979793573255525,-0.01818632067594563,0.19758616218683625
3.769753950790158,9.214705231847663,-5.326020984139791,0.019863217601580753,-0.018173251361055187,0.20095496773231178
3.770754150830166,9.190165454732812,-5.327834578452561,0.019928007868838266,-0.01816005329614285,0.20431880166470082
3.771754350870174,9.165252454842431,-5.32878445185892,0.01999231459725739,-0.018146728281560127,0.2076773781495781
3.772754550910182,9.139967011416676,-5.328868598694647,0.020056145902488113,-0.018133278035932617,0.21103041103389542
3.77375475095019,9.114309916624537,-5.328085152210788,0.020119509950228175,-0.018119704195727702,0.21437761388088514
3.774754950990198,9.08828197555439,-5.32643238553146,0.02018241495353662,-0.018106008314887772,0.21771870000518756
3.775755151030206,9.061884006204432,-5.323908712591526,0.020244869170134804,-0.01809219186452931,0.2210533825081978
3.776755351070214,9.035116839472707,-5.320512689053879,0.02030688089969608,-0.018078256232708187,0.22438137431362737
3.777755551110222,9.007981319147314,-5.316243013205993,0.020368458481125475,-0.018064202724251452,0.2277023882032754
3.77875575115023,8.98047830189628,-5.311098526835417,0.0204296102898306,-0.01805003256065581,0.23101613685300543
3.779755951190238,8.952608657257134,-5.3050782160839285,0.020490344734985073,-0.018035746880053008,0.23432233286892207
3.780756151230246,8.924373267626594,-5.298181212280019,0.02055067025678571,-0.018021346737242244,0.23762068882374293
3.781756351270254,8.895773028249792,-5.290406792749428,0.020610595323704756,-0.018006833103789702,0.24091091729336084
3.782756551310262,8.866808847209708,-5.2817543816033785,0.02067012842973843,-0.01799220686819525,0.24419273089359092
3.78375675135027,8.837481645416068,-5.272223550504263,0.020729278091653015,-0.01797746883612627,0.2474658423170977
3.784756951390278,8.807792356594272,-5.261814019408432,0.02078805284622979,-0.017962619730718617,0.25072996437049677
3.785757151430286,8.777741927274159,-5.250525657285843,0.02084646124750999,-0.017947660192944543,0.25398481001162565
3.786757351470294,8.747331316778464,-5.238358482816215,0.020904511864041082,-0.017932590782047484,0.2572300923869785
3.787757551510302,8.716561497211226,-5.22531266506142,0.020962213276125567,-0.01791741197604348,0.26046552486929964
3.78875775155031,8.68543345344609,-5.211388524113852,0.0210195740730735,-0.017902124172289008,0.263690821095329
3.789757951590318,8.653948183114192,-5.196586531720471,0.021076602850459994,-0.017886727688114914,0.266905695003696
3.790758151630326,8.622106696592116,-5.180907311882152,0.021133308207388814,-0.017871222761526095,0.2701098608729541
3.791758351670334,8.589910016989524,-5.1643516414282,0.021189698743763336,-0.017855609551966585,0.2733030333597516
3.792758551710342,8.557359180136606,-5.1469204505656965,0.021245783057565932,-0.017839888141149552,0.27648492753713266
3.79375875175035,8.524455234571645,-5.128614823403355,0.021301569742147006,-0.017824058533951765,0.279655258932962
3.794758951790358,8.491199241527777,-5.109435998449609,0.02135706738352477,-0.017808120659371998,0.2828137435684684
3.795759151830366,8.457592274920238,-5.089385369084797,0.021412284557696868,-0.017792074371552762,0.28596009799689986
3.796759351870374,8.423635421333158,-5.068464484007045,0.02146722982796494,-0.017775919450864798,0.2890940393422858
3.797759551910382,8.389329780005845,-5.046675047651561,0.021521911742273202,-0.017759655605053618,0.2922152853382984
3.79875975195039,8.354676462819638,-5.024018920583288,0.02157633883056207,-0.017743282470447413,0.2953235543672086
3.799759951990398,8.319676594283663,-5.000498119862329,0.021630519602137858,-0.017726799613225565,0.2984185654989295
3.800760152030406,8.284331311521235,-4.976114819382275,0.02168446254305953,-0.017710206530746963,0.3015000385301409
3.801760352070414,8.248641764255549,-4.950871350180867,0.021738176113543516,-0.017693502652937277,0.3045676940234894
3.802760552110422,8.212609114795216,-4.92477020072289,0.021791668745387495,-0.017676687343734333,0.30762125334685636
3.80376075215043,8.176234538020019,-4.897814017155127,0.021844948839414065,-0.017659759902590628,0.31066043871268884
3.804760952190438,8.139519221365813,-4.8700056035329515,0.02189802476293523,-0.017642719566032045,0.3136849732173854
3.805761152230446,8.102464364809844,-4.841347922018538,0.021950904847238523,-0.01762556550927176,0.31669458088073144
3.806761352270454,8.065071180855465,-4.811844093050148,0.022003597385095594,-0.01760829684787828,0.3196889866853765
3.807761552310462,8.027340894517032,-4.781497395482799,0.02205611062829412,-0.017590912639496553,0.32266791661634764
3.80876175235047,7.989274743303969,-4.750311266699474,0.022108452785193723,-0.017573411885621004,0.3256310977005917
3.809761952390478,7.950873977205462,-4.718289302693129,0.022160632018306706,-0.01755579353341935,0.32857825804653923
3.810762152430486,7.912139858674154,-4.685435258119025,0.022212656441904278,-0.017538056477606014,0.33150912688368456
3.811762352470494,7.873073662610239,-4.651753046317363,0.02226453411964893,-0.017520199562363867,0.3344234346021736
3.812762552510502,7.833676676345075,-4.617246739305772,0.022316273062253637,-0.017502221583313087,0.33732091279239357
3.81376275255051,7.793950199624394,-4.58192056774181,0.022367881225168477,-0.017484121289525787,0.3402012942845568
3.814762952590518,7.753895544591855,-4.545778920854933,0.022419366506295196,-0.017465897385585127,0.3430643131882726
3.815763152630526,7.713514035771754,-4.508826346347967,0.02247073674373034,-0.017447548533687515,0.3459097049320988
3.816763352670534,7.672807010051997,-4.471067550267803,0.02252199971353736,-0.017429073355786515,0.34873720630306737
3.817763552710542,7.631775816666654,-4.432507396845166,0.02257316312754823,-0.017410470435777058,0.35154655548617525
3.81876375275055,7.590421817178137,-4.393150908303397,0.022624234631194968,-0.01739173832171848,0.35433749210383486
3.819763952790558,7.548746385459677,-4.353003264635696,0.02267522180137146,-0.01737287552809493,0.35710975725527583
3.820764152830566,7.506750907676928,-4.312069803351396,0.022726132144325957,-0.017353880538111637,0.35986309355589136
3.821764352870574,7.464436782269752,-4.270356019190153,0.022776973093584528,-0.017334751806025513,0.36259724517652137
3.822764552910582,7.421805419933654,-4.227867563804889,0.02282775200790582,-0.01731548775950853,0.36531195788266557
3.82376475295059,7.378858243601133,-4.1846102454124345,0.022878476169267307,-0.017296086802042317,0.3680069790736188
3.824764952990598,7.335596688422639,-4.140590028412496,0.02292915278088326,-0.017276547315342346,0.3706820578215212
3.825765153030606,7.292022201747284,-4.095813032974351,0.022979788965254638,-0.017256867661810137,0.37333694491031577
3.826765353070614,7.248136243103318,-4.050285534591283,0.023030391762251017,-0.0172370461870118,0.3759713928746062
3.827765553110622,7.203940284178621,-4.004013963602584,0.023080968127224644,-0.01721708122218129,0.3785851560384064
3.82876575315063,7.159435808800672,-3.9570049046831848,0.02313152492915672,-0.01719697108674668,0.3811779905537759
3.829765953190638,7.114624312916393,-3.9092650963005897,0.023182068948835916,-0.017176714090877798,0.38374965443933157
3.830766153230646,7.0695073045716414,-3.8608014301391234,0.02323260687706913,-0.01715630853805346,0.38629990761862987
3.831766353270654,7.024086303890678,-3.8116209504912946,0.023283145312924428,-0.017135752727646687,0.3888285119584105
3.832766553310662,6.978362843055213,-3.7617308536164447,0.023333690762006153,-0.017115044957526037,0.39133523130669506
3.83376675335067,6.932338466283178,-3.711138487066208,0.023384249634762003,-0.017094183526671455,0.39381983153073197
3.834766953390678,6.886014729807539,-3.659851348977185,0.023434828244822015,-0.01707316673780279,0.39628208055478087
3.835767153430686,6.839393201854292,-3.607877087330024,0.02348543280736926,-0.017051992900019238,0.3987217483977282
3.836767353470694,6.792475462620991,-3.5552234991759133,0.023536069437542013,-0.01703066033144799,0.40113860721052663
3.837767553510702,6.745263104254123,-3.5018985298293352,0.02358674414886722,-0.017009167361900234,0.4035324313134499
3.83876775355071,6.69775773082707,-3.447910272027734,0.023637462851724928,-0.016987512335532803,0.40590299723315654
3.839767953590718,6.649960958317183,-3.393266965057848,0.023688231351843437,-0.016965693613513622,0.4082500837395535
3.840768153630726,6.601874414582995,-3.3379769938486037,0.0237390553488248,-0.016943709576689205,0.4105734718824525
3.841768353670734,6.55349973934083,-3.2820488880306873,0.023789940434700358,-0.016921558628252387,0.4128729450280114
3.842768553710742,6.504838584141486,-3.225491320962449,0.02384089209251588,-0.01689923919640852,0.41514828889495237
3.84376875375075,6.455892612346407,-3.1683131087227046,0.023891915694945948,-0.01687674973703831,0.41739929159054956
3.844768953790758,6.4066634991036695,-3.1105232090697688,0.023943016502937096,-0.016854088736355508,0.41962574364637806
3.845769153830766,6.357152931323719,-3.052130720367314,0.023994199664379292,-0.016831254713557703,0.4218274380538167
3.846769353870774,6.307362607654744,-2.993144880476446,0.024045470212805245,-0.016808246223468368,0.4240041702992964
3.847769553910782,6.257294238458036,-2.9335750656145825,0.024096833066117037,-0.01678506185916842,0.4261557383992869
3.84876975395079,6.2069495457824075,-2.873430789180914,0.02414829302533956,-0.016761700254615486,0.42828194293501354
3.849769953990798,6.156330263339321,-2.8127217005483067,0.024199854773400194,-0.016738160087249127,0.43038258708689664
3.850770154030806,6.105438136476746,-2.7514575838219146,0.024251522873934155,-0.016714440080580224,0.4324574766687054
3.851770354070814,6.054274922153429,-2.6896483565646685,0.02430330177011495,-0.0166905390067628,0.4345064201614186
3.852770554110822,6.002842388912634,-2.627304068489104,0.024355195783509302,-0.016666455689146497,0.4365292287467848
3.85377075415083,5.951142316855421,-2.564434900116272,0.024407209112955935,-0.016642189004807992,0.43852571634057336
3.854770954190838,5.899176497613924,-2.501051161401551,0.024459345833467597,-0.016617737887059607,0.4404956996255095
3.855771154230846,5.846946734324036,-2.4371632903271063,0.024511609895155655,-0.0165931013279334,0.44243899808388504
3.856771354270854,5.794454841598076,-2.372781851461669,0.024564005122176606,-0.016568278380639047,0.44435543402983707
3.857771554310862,5.74170264549713,-2.3079175344870735,0.02461653521169984,-0.01654326816199378,0.44624483264128745
3.85877175435087,5.688691983502748,-2.242581152692465,0.02466920373289596,-0.01651806985482277,0.4481070219915348
3.859771954390878,5.635424704488673,-2.1767836414351835,0.02472201412594498,-0.01649268271032825,0.4499418330804916
3.860772154430886,5.581902668692223,-2.1105360565697215,0.024774969701063722,-0.0164671060504257,0.45174909986555895
3.861772354470894,5.5281277476852155,-2.043849572843654,0.02482807363755166,-0.01644133927004557,0.4535286592921307
3.862772554510902,5.474101824344792,-1.9767354822614984,0.02488132898285457,-0.01641538183939881,0.4552803513237206
3.86377275455091,5.4198267928236445,-1.909205192416484,0.024934738651645246,-0.01638923330620471,0.45700401897170334
3.864772954590918,5.365304558520276,-1.8412702247899018,0.02498830542492057,-0.0163628932978794,0.4586995083246635
3.865773154630926,5.310537038048392,-1.7729422130188306,0.025042031949114238,-0.01633636152368353,0.4603666685773436
3.866773354670934,5.255526159206698,-1.7042329011320736,0.025095920735224448,-0.01630963777682753,0.46200535205918475
3.867773554710942,5.200273860947718,-1.6351541417543434,0.025149974157955828,-0.016282721936532994,0.46361541426245206
3.86877375475095,5.144782093346795,-1.5657178942794339,0.02520419445487493,-0.01625561397004866,0.46519671386993733
3.869773954790958,5.089052817570198,-1.4959362230115587,0.025258583725578564,-0.016228313934619553,0.46674911278223197
3.870774154830966,5.033088005843647,-1.425821295276282,0.025313143930874336,-0.01620082197940781,0.4682724761445628
3.871774354870974,4.976889641419609,-1.3553853795002258,0.025367876891972677,-0.016173138347363815,0.4697666723731832
3.872774554910982,4.920459718545161,-1.2846408432603407,0.02542278428968972,-0.01614526337704622,0.4712315731813127
3.87377475495099,4.863800242428539,-1.2136001513027497,0.025477867663660368,-0.016117197504389485,0.4726670536046177
3.874774954990998,4.806913229206565,-1.1422758635313812,0.025533128411560906,-0.016088941264417622,0.47407299202622627
3.8757751550310062,4.749800705910376,-1.0706806329667038,0.025588567788340563,-0.016060495292902797,0.47544927020127004
3.8767753550710142,4.692464710431717,-0.9988272036746928,0.02564418690546138,-0.01603186032796753,0.47679577328094597
3.8777755551110222,4.63490729148879,-0.9267284086665849,0.025699986730145806,-0.01600303721162922,0.4781123898360911
3.8787757551510302,4.577130508591392,-0.8543971677690321,0.025755968084631473,-0.015974026891285763,0.4793990118802638
3.8797759551910382,4.519136432005736,-0.7818464854658737,0.025812131645432564,-0.015944830421141087,0.4806555348923237
3.8807761552310462,4.4609271427195765,-0.7090894487107414,0.02586847794260727,-0.0159154489635694,0.481881857838505
3.8817763552710542,4.402504732405855,-0.6361392247117675,0.025925007359030833,-0.015885883790417023,0.48307788319397493
3.8827765553110622,4.343871303387036,-0.5630090586879293,0.025981720129673636,-0.015856136284240725,0.48424351696387175
3.8837767553510703,4.285028968598335,-0.4897122715976748,0.02603861634088398,-0.01582620793948144,0.4853786687038153
3.8847769553910783,4.225979851551065,-0.41626225784033155,0.026095695929675016,-0.015796100363572346,0.48648325153988364
3.8857771554310863,4.166726086295175,-0.34267248293011776,0.026152958683015495,-0.015765815277980297,0.4875571821880494
3.8867773554710943,4.107269817381991,-0.2689564811433505,0.026210404237123928,-0.01573535451917961,0.4886003809730694
3.8877775555111023,4.047613199825857,-0.19512785313953449,0.026268032076765833,-0.01570472003955726,0.48961277184682145
3.8887777555511103,3.9877583990659824,-0.12120026355590324,0.02632584153455372,-0.015673913908248602,0.49059428240608177
3.8897779555911183,3.927707590927658,-0.047187438576342534,0.02638383179024955,-0.01564293831190271,0.49154484390973724
3.8907781556311263,3.8674629615829854,0.026896836524866737,0.02644200187006944,-0.015611795555376494,0.4924643912954262
3.8917783556711343,3.8070267075117337,0.10103871986492656,0.026500350645990343,-0.015580488062356797,0.49335286319560195
3.8927785557111423,3.7464010354608694,0.17522431545818118,0.026558876835058573,-0.015549018375909704,0.49421020195301324
3.8937787557511503,3.6855881624046307,0.249439675747059,0.026617578998699983,-0.01551738915895632,0.4950363536355953
3.8947789557911583,3.6245903155038057,0.3236708041561717,0.026676455542031727,-0.015485603194674314,0.49583126805076644
3.8957791558311663,3.5634097320643265,0.39790365767017066,0.02673550471317549,-0.01545366338682458,0.49659489875912455
3.8967793558711743,3.5020486594960154,0.47212414943471875,0.02679472460257219,-0.015421572760002392,0.4973272030875372
3.8977795559111823,3.440509355270575,0.5463181513799312,0.026854113142298106,-0.015389334459812455,0.49802814214162067
3.8987797559511903,3.3787940868792457,0.6204714968664347,0.02691366810538253,-0.015356951752967325,0.4986976808176027
3.8997799559911983,3.316905131790107,0.6945699833526884,0.02697338710512697,-0.015324428027308675,0.49933578781356264
3.9007801560312063,3.2548447774047773,0.7685993750840502,0.02703326759442606,-0.015291766791750957,0.4999424356400454
3.9017803560712143,3.192615321015083,0.8425454058028266,0.02709330686509031,-0.015258971676147008,0.5005176006300428
3.9027805561112223,3.1302190697587853,0.916393781478314,0.02715350204717093,-0.015226046431075245,0.5010612629483379
3.9037807561512303,3.0676583405752713,0.9901301830572484,0.027213850108286943,-0.015192994927548081,0.5015734066002079
3.9047809561912383,3.0049354601608385,1.063740269233689,0.027274347852954885,-0.015159821156641272,0.5020540194394806
3.9057811562312463,2.9420527649230492,1.1372096792378181,0.027334991921921407,-0.01512652922904391,0.5025030931759389
3.9067813562712543,2.879012600935505,1.2105240356432074,0.027395778791499164,-0.015093123374528885,0.5029206233820706
3.9077815563112623,2.8158173238914035,1.2836689471925102,0.027456704772906397,-0.015059607941343582,0.5033066094991575
3.9087817563512703,2.7524692990568815,1.3566300116402739,0.027517766011610646,-0.015025987395520734,0.5036610548427007
3.9097819563912783,2.688970901224181,1.429392818612972,0.0275789584866771,-0.014992266320109297,0.5039839666071773
3.9107821564312863,2.6253245146641837,1.5019429524855097,0.02764027801012212,-0.014958449414325335,0.5042753558701236
3.9117823564712944,2.5615325330783367,1.5742659952738576,0.027701720226272535,-0.014924541492622873,0.5045352375955441
3.9127825565113024,2.497597359550503,1.6463475295427996,0.027763280611131275,-0.014890547483684803,0.5047636306366377
3.9137827565513104,2.4335214064979174,1.7181731413289576,0.027824954471750075,-0.014856472429333892,0.504960557737842
3.9147829565913184,2.3693070956221303,1.7897284230778445,0.027886736945609895,-0.014822321483364053,0.505126045536189
3.9157831566313264,2.3049568578591217,1.860998976595153,0.02794862300000983,-0.014788099910292032,0.5052601245619703
3.9167833566713344,2.2404731333293326,1.9319704160107005,0.028010607431465315,-0.014753813084029751,0.5053628292387082
3.9177835567113424,2.175858371286712,2.0026283707554837,0.028072684865116375,-0.014719466486477576,0.505434197882429
3.9187837567513504,2.111115030067888,2.072958488550709,0.028134849754146894,-0.014685065706038811,0.5054742727002366
3.9197839567913584,2.0462455770403585,2.142946438408369,0.028197096379215702,-0.014650616436055811,0.505483099788182
3.9207841568313664,1.981252488550718,2.2125779136424852,0.0282594188479005,-0.014616124473168086,0.5054607291284274
3.9217843568713744,1.9161382498719042,2.2818386348910615,0.028321811094155557,-0.014581595715592892,0.5054072145857017
3.9227845569113824,1.8509053551501888,2.350714353147506,0.028384266877784208,-0.014547036161328786,0.5053226139030438
3.9237847569513904,1.7855563073518246,2.419190852801084,0.02844677978392723,-0.014512451906282727,0.5052069886968331
3.9247849569913984,1.7200936182091486,2.487253954686184,0.028509343222568134,-0.01447784914232129,0.5050604044511046
3.9257851570314064,1.6545198081658268,2.5548895191390897,0.028571950428056544,-0.014443234155246681,0.504882930511145
3.9267853570714144,1.5888374063221997,2.622083449062274,0.028634594458650776,-0.014408613322698232,0.5046746400763703
3.9277855571114224,1.523048950379769,2.688821692995012,0.028697268196080847,-0.014373993111980126,0.5044356101924808
3.9287857571514304,1.4571569865852654,2.7550902481903403,0.028759964345133084,-0.014339380077816159,0.5041659217428935
3.9297859571914384,1.3911640696740715,2.820875163696873,0.02882267543325762,-0.01430478086003237,0.5038656594394494
3.9307861572314464,1.3250727628137342,2.8861625434456317,0.028885393810200027,-0.014270202181168465,0.5035349118123948
3.9317863572714544,1.2588856375461643,2.9509385493407323,0.0289481116476584,-0.01423565084401894,0.5031737711996364
3.9327865573114624,1.192605273729706,3.015189404353381,0.029010820938967216,-0.014201133729104943,0.5027823337352658
3.9337867573514704,1.1262342594809063,3.0789013956187,0.029073513498809312,-0.014166657792077878,0.5023606993373576
3.9347869573914784,1.0597751911155675,3.1420608775342633,0.02913618096295738,-0.014132230061055883,0.5019089716950353
3.9357871574314864,0.9932306730891292,3.204654274860288,0.02919881478804636,-0.014097857633894297,0.5014272582548083
3.9367873574714944,0.9266033179367591,3.2666680858202435,0.029261406251378123,-0.014063547675391329,0.5009156702061767
3.9377875575115024,0.8598957462128519,3.3280888852013315,0.029323946450759936,-0.014029307414430163,0.500374322466506
3.9387877575515104,0.793110586430078,3.3889033274544653,0.0293864263043781,-0.013995144141058798,0.4998033336651702
3.9397879575915185,0.7262504749979827,3.4490981497926048,0.029448836550708263,-0.013961065203508953,0.49920282612696304
3.9407881576315265,0.6593180561603973,3.508660175286972,0.02951116774846389,-0.01392707800515544,0.49857292585477925
3.9417883576715345,0.5923159819334946,3.56757631596034,0.02957341027658433,-0.013893190001417442,0.49791376251156433
3.9427885577115425,0.5252469120422115,3.62583357587707,0.029635554334264045,-0.013859408696603185,0.4972254694015347
3.9437887577515505,0.45811351385679655,3.6834190542282936,0.02969758994102447,-0.013825741640699524,0.49650818345066844
3.9447889577915585,0.3909184623286733,3.7403199484126155,0.029759506936830018,-0.013792196426108055,0.4957620451864671
3.9457891578315665,0.3236644399252462,3.7965235571106994,0.02982129498224976,-0.01375878068432936,0.49498719871699054
3.9467893578715745,0.2563541365653444,3.8520172833537543,0.029882943558666275,-0.013725502082597088,0.4941837917091651
3.9477895579115825,0.1889902495527159,3.906788637584385,0.029944441968533235,-0.013692368320463557,0.49335197536636727
3.9487897579515905,0.12157548351000842,3.960825240709903,0.030005779335683182,-0.013659387126338704,0.4924919044052834
3.9497899579915985,0.054112550311827524,4.014114827146762,0.03006694460568705,-0.013626566253984153,0.49160373703204824
3.9507901580316065,-0.013395830982905149,4.06664524785566,0.030127926546266934,-0.013593913478964279,0.49068763491766354
3.9517903580716145,-0.08094693419885601,4.118404473366428,0.030188713747763572,-0.013561436595056183,0.4897437631726988
3.9527905581116225,-0.14853802611296416,4.1693805967921485,0.030249294623660095,-0.013529143410620512,0.48877229032127667
3.9537907581516305,-0.21616636652339205,4.219561836831407,0.03030965741116344,-0.013497041744935125,0.487773388274345
3.9547909581916385,-0.28382920831970704,4.268936540758473,0.03036979017184495,-0.013465139424493643,0.4867472323022386
3.9557911582316465,-0.3515237975527416,4.317493187399898,0.030429680792341568,-0.013433444279270939,0.4856940010065328
3.9567913582716545,-0.41924737350561575,4.36522039009772,0.030489316985119093,-0.013401964138957717,0.4846138762911925
3.9577915583116625,-0.48699716876518306,4.412106899657528,0.030548686289298854,-0.013370706829166296,0.48350704333301914
3.9587917583516705,-0.5547704092940525,4.458141607281473,0.03060777607154922,-0.013339680167609818,0.48237369055139906
3.9597919583916785,-0.6225643145031867,4.503313547484814,0.03066657352704331,-0.013308891960257106,0.4812140095773568
3.9607921584316865,-0.6903760973249328,4.547611900995762,0.0307250656804842,-0.013278349997465433,0.4800281952219171
3.9617923584716945,-0.758202964286931,4.5910259976374475,0.030783239387198975,-0.013248062050093497,0.47881644544377844
3.9627925585117025,-0.8260421155863875,4.63354531919152,0.030841081334302863,-0.013218035865596951,0.4775789613163038
3.9637927585517105,-0.8938907451650805,4.67515950224242,0.030898578041934716,-0.013188279164108854,0.4763159469938308
3.9647929585917185,-0.9617460407846631,4.7158583410017965,0.03095571586456502,-0.013158799634507414,0.4750276096773072
3.9657931586317265,-1.029605184103146,4.755631790112098,0.03101248099237763,-0.01312960493047349,0.4737141595792554
3.9667933586717345,-1.0974653507510201,4.794469967428449,0.031068859452726343,-0.01310070266654028,0.4723758098880701
3.9677935587117426,-1.1653237104091518,4.832363156778594,0.031124837111667383,-0.013072100414137687,0.4710127767316558
3.9687937587517506,-1.2331774268864695,4.869301810699515,0.03118039967556888,-0.01304380569763387,0.4696252791404071
3.9697939587917586,-1.3010236581981773,4.905276553150255,0.031235532692798322,-0.0130158259903765,0.4682135390095379
3.9707941588317666,-1.3688595566453117,4.9402781822003,0.03129022155548893,-0.012988168710736298,0.4667777810607655
3.9717943588717746,-1.4366822688941636,4.974297672692398,0.03134445150138589,-0.012960841218155399,0.4653182328033538
3.9727945589117826,-1.5044889360565383,5.0073261788795245,0.03139820761577324,-0.012933850809203153,0.46383512449452236
3.9737947589517906,-1.5722766937711319,5.039355037034636,0.03145147483348234,-0.012907204713641946,0.4623286890992268
3.9747949589917986,-1.6400426722844996,5.070375768033115,0.0315042379409825,-0.012880910090505706,0.4607991622493167
3.9757951590318066,-1.7077839965335178,5.100380079906657,0.03155648157855461,-0.012854974024193671,0.4592467822020773
3.9767953590718146,-1.7754977862283925,5.1293598703679475,0.0316081902425484,-0.012829403520582114,0.45767178979816137
3.9777955591118226,-1.8431811559354045,5.157307229305608,0.031659348287723765,-0.012804205503156653,0.45607442841891765
3.9787957591518306,-1.9108312151616038,5.184214441248344,0.03170993992967693,-0.012779386809167808,0.4544549439431232
3.9797959591918386,-1.9784450684390167,5.210073987797689,0.031759949247351656,-0.01275495418581248,0.45281358470312594
3.9807961592318466,-2.046019815410157,5.234878550028709,0.03180936018563608,-0.012730914286444012,0.45115060144040503
3.9817963592718546,-2.1135525509138517,5.258621010857647,0.031858156558045435,-0.012707273666813497,0.449466247260556
3.9827965593118626,-2.181040365071792,5.281294457376006,0.03190632204949095,-0.012684038781345011,0.4477607775877083
3.98379675935187,-2.2484803433754834,5.302892183150271,0.031953840219135096,-0.012661215979447442,0.4460344501183838
3.984796959391878,-2.315869566774493,5.32340769048646,0.03200069450333349,-0.012638811501865481,0.4442875247747989
3.985797159431886,-2.383205111764386,5.342834692658818,0.03204686821866314,-0.012616831477072625,0.44252026365763075
3.986797359471894,-2.450484050476322,5.361167116101984,0.03209234456503756,-0.012595281917708576,0.44073293099823907
3.987797559511902,-2.517703450766271,5.3783991025658135,0.03213710662890824,-0.012574168717063848,0.43892579311036445
3.98879775955191,-2.5848603763056746,5.394525011232178,0.032181137386552615,-0.012553497645614102,0.4370991183413066
3.989797959591918,-2.6519518866725313,5.409539420793042,0.032224419707448194,-0.012533274347606826,0.4352531770225919
3.990798159631926,-2.7189750374426263,5.423437131489105,0.03226693635773258,-0.012513504337702914,0.43338824142013926
3.991798359671934,-2.785926880282273,5.436213167108237,0.03230867000374913,-0.012494192997675707,0.43150458568393296
3.992798559711942,-2.8528044630411293,5.447862776943107,0.032349603215677696,-0.012475345573169998,0.4296024857972122
3.99379875975195,-2.919604829845667,5.458381437707242,0.032389718471250065,-0.012456967170523508,0.4276822195251859
3.994798959791958,-2.9863250211936565,5.467764855408856,0.032428998159549464,-0.012439062753653286,0.4257440663632828
3.995799159831966,-3.0529620740488688,5.476008967181741,0.032467424584893545,-0.01242163714100947,0.423788307484946
3.996799359871974,-3.119513021936806,5.483109943072567,0.032504979970800076,-0.0124046950025988,0.42181522568898244
3.997799559911982,-3.1859748950407925,5.489064187783921,0.03254164646403462,-0.012388240857080235,0.4198251053464764
3.99879975995199,-3.2523447202990927,5.493868342372371,0.032577406138739266,-0.01237227906893501,0.4178182323472776
3.999799959991998,-3.3186195215021876,5.497519285900982,0.032612241000641605,-0.01235681384571338,0.4157948940460743
4.000800160032006,-3.3847963193911434,5.50001413704554,0.03264613299134277,-0.012341849235360311,0.41375537920806105
4.001800360072014,-3.4508721317565785,5.501350255653929,0.03267906399268366,-0.012327389123622272,0.41169997795421265
4.002800560112022,-3.516843973537936,5.501525244257929,0.03271101583118802,-0.012313437231537288,0.40962898170617423
4.00380076015203,-3.58270885692421,5.500536949536901,0.03274197028258134,-0.012299997113010322,0.40754268313077846
4.004800960192038,-3.648463791454135,5.498383463732667,0.03277190907638413,-0.012287072152476005,0.4054413760842013
4.005801160232046,-3.7141057841184644,5.495063126014995,0.0328008139005783,-0.012274665562650713,0.40332535555576665
4.006801360272054,-3.7796318394615787,5.4905745237971,0.03282866640634519,-0.012262780382375865,0.40119491761141224
4.007801560312062,-3.845038959684893,5.484916494000523,0.03285544821287382,-0.012251419474554326,0.39905035933682675
4.00880176035207,-3.9103241447501698,5.478088124268863,0.03288114091223763,-0.012240585524181695,0.3968919787802712
4.009801960392078,-3.9754843924839296,5.470088754129696,0.03290572607433835,-0.012230281036474186,0.3947200748950952
4.010802160432086,-4.040516698682186,5.460917976104186,0.03292918525191507,-0.012220508335094771,0.39253494748196044
4.011802360472094,-4.105418057216285,5.4505756367638165,0.032951499985616854,-0.012211269560479172,0.3903368971307831
4.012802560512102,-4.170185460139068,5.439061837733611,0.032972651809137124,-0.012202566668263214,0.38812622516240763
4.01380276055211,-4.234815897791932,5.426376936641419,0.03299262225440787,-0.012194401427812968,0.3859032335700234
4.014802960592118,-4.2993063589125,5.412521548012676,0.03301139285685179,-0.01218677542085908,0.38366822496033726
4.015803160632126,-4.36365383074284,5.397496544110065,0.033028945160690354,-0.012179690040236543,0.38142150249451445
4.016803360672134,-4.427855299138565,5.381303055717668,0.03304526072430573,-0.012173146488731138,0.3791633698288997
4.017803560712142,-4.4919077486788375,5.363942472869039,0.03306032112565455,-0.012167145778033682,0.376894131055532
4.01880376075215,-4.555808162776163,5.345416445518729,0.033074107967731234,-0.012161688727803112,0.37461409064246554
4.019803960792158,-4.619553523788032,5.325726884156789,0.03308660288407879,-0.012156775964839387,0.3723235533739096
4.020804160832166,-4.68314081312857,5.304875960365724,0.03309778754434478,-0.012152407922367076,0.37002282429020084
4.021804360872174,-4.7465670113806055,5.282866107319581,0.03310764365988014,-0.012148584839430432,0.36771220862762066
4.022804560912182,-4.809829098409577,5.259700020224538,0.03311615298937857,-0.012145306760400662,0.3653920117580712
4.02380476095219,-4.872924053476646,5.2353806567007455,0.03312329734455402,-0.012142573534595996,0.36306253912862313
4.024804960992198,-4.935848855353708,5.209911237104799,0.03312905859585399,-0.0121403848160151,0.3607240962009489
4.025805161032206,-4.9986004824385,5.183295244792663,0.033133418678205975,-0.012138740063184253,0.35837698839065496
4.026805361072214,-5.061175912870263,5.155536426322478,0.03313635959679479,-0.01213763853911865,0.356021521006526
4.027805561112222,-5.123572124646883,5.126638791596847,0.03313786343286804,-0.012137079311398064,0.3536579991896963
4.02880576115223,-5.1857860957416895,5.096606613944401,0.033137912349567276,-0.01213706125235705,0.3512867278527603
4.029805961192238,-5.247814804221776,5.0654444301401655,0.03313648859778228,-0.01213758303938973,0.34890801161883783
4.030806161232246,-5.309655228366517,5.033157040364319,0.03313357452202573,-0.01213864315536915,0.34652215476060694
4.031806361272254,-5.37130434678715,4.999749508099197,0.03312915256632569,-0.012140239889181068,0.3441294611393191
4.032806561312262,-5.4327591385466,4.9652271599640025,0.03312320528013332,-0.01214237133637198,0.3417302341438102
4.03380676135227,-5.494016583280466,4.929595585487119,0.03311571532424294,-0.012145035399911028,0.3393247766295226
4.034806961392278,-5.555073661318358,4.892860636815639,0.03310666547672194,-0.012148229791065425,0.3369133908575512
4.035807161432286,-5.615927353806205,4.855028428361729,0.03309603863884769,-0.012151952030388847,0.3344963784337293
4.036807361472294,-5.676574642829051,4.816105336385829,0.03308381784104879,-0.012156199448822232,0.33207404024776754
4.037807561512302,-5.737012511534549,4.776097998516091,0.03306998624884788,-0.012160969188906261,0.329646676412461
4.03880776155231,-5.79723794425716,4.735013313204237,0.03305452716880333,-0.012166258206104733,0.3272145862029788
4.039807961592318,-5.8572479266433515,4.692858439117192,0.033037424054446984,-0.012172063270237957,0.32477806799625114
4.040808161632326,-5.917039445777043,4.649640794464617,0.03301866051221524,-0.012178380967025178,0.3223374192104677
4.041808361672334,-5.976609490305955,4.6053680562618835,0.03299822030737076,-0.012185207699734952,0.319892936244703
4.042808561712342,-6.035955050568633,4.560048159528592,0.032976087369912005,-0.012192539690942325,0.31744491441868267
4.04380876175235,-6.0950731187222305,4.513689296422279,0.032952245800467864,-0.012200372984391533,0.3149936479127059
4.044808961792358,-6.1539606888709315,4.466299915307135,0.032926679876174675,-0.012208703446962895,0.31253942970773896
4.045809161832366,-6.2126147571948644,4.417888719757873,0.0328993740565329,-0.012217526770742445,0.31008255152569403
4.046809361872374,-6.27103232208016,4.368464667498223,0.03287031298924072,-0.012226838475192781,0.3076233037699089
4.047809561912382,-6.3292103842493725,4.31803696927444,0.03283948151600192,-0.012236633909423528,0.3051619754658422
4.04880976195239,-6.387145946892356,4.26661508766321,0.032806864678305285,-0.012246908254559687,0.3026988542019989
4.049809961992398,-6.4448360157986295,4.214208735814391,0.03277244772317298,-0.01225765652620611,0.30023422607110134
4.050810162032406,-6.502277599489626,4.160827876128239,0.03273621610887517,-0.012268873577006225,0.2977683756115207
4.051810362072414,-6.559467709351889,4.106482718867151,0.032698155510608284,-0.012280554099293054,0.2953015857489835
4.052810562112422,-6.616403359771241,4.051183720701928,0.032658251826134445,-0.012292692627830499,0.29283413773856887
4.05381076215243,-6.673081568267289,3.994941583192463,0.03261649118137935,-0.012305283542642804,0.29036631110701067
4.054810962192438,-6.729499355628499,3.9377672512032476,0.032572859935986194,-0.012318321071929985,0.28789838359532033
4.055811162232446,-6.785653746048654,3.879671911253075,0.03252734468882309,-0.012331799295066986,0.2854306311017449
4.056811362272454,-6.841541767263177,3.820666989799622,0.03247993228344155,-0.012345712145684242,0.282963327625075
4.057811562312462,-6.897160450686545,3.7607641514586336,0.0324306098134836,-0.012360053414827236,0.2804967452083186
4.05881176235247,-6.952506831550451,3.6999752971579065,0.03237936462803511,-0.012374816754192592,0.27803115388275457
4.059811962392478,-7.007577949042329,3.638312562225973,0.03232618433692307,-0.012389995679438182,0.27556682161238155
4.060812162432486,-7.062370846444877,3.5757883144161764,0.0322710568159544,-0.012405583573564652,0.2731040142387767
4.061812362472494,-7.116882571276065,3.512415151865517,0.032213970212094205,-0.012421573690365714,0.2706429954263797
4.0628125625125024,-7.17111017542999,3.4482059009888544,0.032154912948581006,-0.012437959157944507,0.268184026608216
4.0638127625525104,-7.225050715318073,3.383173614308784,0.03209387372997706,-0.01245473298229325,0.26572736693207505
4.0648129625925185,-7.278701252011361,3.317331568220972,0.032030841547151426,-0.012471888050933399,0.2632732732071579
4.0658131626325265,-7.332058851383187,3.2506932606952983,0.03196580568219382,-0.012489417136613416,0.26082199985120846
4.0668133626725345,-7.38512058425258,3.183272408913433,0.031898755713257225,-0.012507312901061277,0.25837379883814415
4.0678135627125425,-7.437883526528262,3.115082946842298,0.03182968151932722,-0.012525567898788734,0.25592891964619935
4.0688137627525505,-7.490344759353721,3.0461390227445473,0.03175857328491618,-0.012544174580944374,0.25348760920659713
4.0698139627925585,-7.542501369252347,2.97645499662557,0.031685421504680476,-0.012563125299212424,0.2510501118527635
4.0708141628325665,-7.5943504482734205,2.906045437618012,0.031610216987958795,-0.012582412309754251,0.24861666927009832
4.0718143628725745,-7.645889094139257,2.834925121303532,0.0315329508632299,-0.012602027777189478,0.24618752044631786
4.0728145629125825,-7.697114410392114,2.7631090269724834,0.03145361458248812,-0.012621963778613559,0.24376290162238262
4.0738147629525905,-7.7480235065425624,2.690612334821866,0.03137219992553484,-0.012642212307648724,0.24134304624402533
4.0748149629925985,-7.798613498217958,2.617450423091733,0.03128869900418454,-0.012662765278525083,0.2389281849138927
4.0758151630326065,-7.848881507312083,2.543638865140616,0.031203104266383737,-0.012683614530188724,0.23651854534431532
4.0768153630726145,-7.898824662134626,2.469193426460209,0.031115408500241425,-0.012704751830433618,0.23411435231071953
4.0778155631126225,-7.948440097562361,2.394130061629986,0.03102560483796955,-0.012726168880054104,0.23171582760569537
4.0788157631526305,-7.9977249551900575,2.3184649112120455,0.030933686759732223,-0.012747857317014749,0.2293231899937339
4.0798159631926385,-8.046676383482433,2.2422142985863736,0.030839648097402327,-0.01276980872063436,0.22693665516664827
4.0808161632326465,-8.09529153792678,2.165394726727713,0.030743483038224287,-0.01279201461578091,0.22455643569969133
4.0818163632726545,-8.143567581185991,2.0880228749239036,0.030645186128381855,-0.01281446647707419,0.222182741008384
4.0828165633126625,-8.191501683252637,2.010115595436158,0.03054475227646975,-0.012837155733092923,0.2198157773060671
4.0838167633526705,-8.239091021602947,1.9316899101027412,0.030442176756868125,-0.012860073770583187,0.2174557475621903
4.0848169633926785,-8.286332781352234,1.8527630068851324,0.030337455213018817,-0.012883211938664893,0.21510285146135114
4.0858171634326865,-8.333224155410212,1.773352236358862,0.030230583660602498,-0.012906561553033182,0.212757285363097
4.0868173634726945,-8.379762344637646,1.6934751081479962,0.030121558490615766,-0.012930113900151554,0.21041924226250305
4.0878175635127025,-8.425944558002856,1.6131492873054674,0.030010376472347413,-0.012953860241433588,0.20808891175153887
4.0888177635527105,-8.471768012739526,1.5323925906384748,0.029897034756253046,-0.012977791817410144,0.20576647998123596
4.0898179635927185,-8.517229934504567,1.4512229829806302,0.02978153087672737,-0.013001899851878948,0.20345212962466905
4.0908181636327265,-8.562327557536848,1.369658573410937,0.02966386275477347,-0.013026175556033507,0.2011460398407633
4.0918183636727345,-8.607058124816577,1.287717611420528,0.029544028700568496,-0.013050610132568315,0.19884838623893936
4.0928185637127426,-8.651418888225088,1.205418483027606,0.029422027415925162,-0.013075194779757382,0.19655934084460835
4.0938187637527506,-8.695407108705291,1.1227797068418788,0.029297857996648597,-0.013099920695503123,0.19427907206552877
4.094818963792759,-8.739020056422795,1.0398199300784599,0.0291715199347881,-0.013124779081352697,0.19200774465903656
4.095819163832767,-8.782255010927509,0.9565579245225563,0.029043013120783386,-0.013149761146478952,0.18974551970016013
4.096819363872775,-8.825109261315893,0.8730125824456129,0.02891233784550498,-0.01317485811162315,0.18749255455063157
4.097819563912783,-8.867580106393566,0.7892029124733049,0.0287794948021885,-0.013200061212996718,0.18524900282880494
4.098819763952791,-8.909664854838807,0.7051480354067711,0.028644485088262537,-0.013225361706139324,0.183015014380493
4.099819963992799,-8.951360825366427,0.6208671799976392,0.02850731020706997,-0.013250750869730609,0.1807907352507327
4.100820164032807,-8.992665346892085,0.536379678677571,0.028367972069482536,-0.01327622000935302,0.17857630765649019
4.101820364072815,-9.033575758697596,0.4517049632432548,0.02822647299540859,-0.01330176046120318,0.17637186996031579
4.102820564112823,-9.074089410596162,0.36686256049800575,0.028082815715193946,-0.013327363595749358,0.1741775566449589
4.103820764152831,-9.114203663098664,0.281872087850307,0.027937003370915807,-0.013353020821332625,0.171993498288953
4.104820964192839,-9.15391588758026,0.19675324887079731,0.02778903951756981,-0.013378723587709392,0.16981982154318026
4.105821164232847,-9.19322346644752,0.11152582880819303,0.027638928124150253,-0.013404463389533047,0.1676566491084257
4.106821364272855,-9.232123793306119,0.02620969006520672,0.02748667357462355,-0.013430231769772523,0.16550409971392982
4.107821564312863,-9.270614273129112,-0.05917523236422382,0.027332280668795162,-0.013456020323065698,0.1633622880969491
4.108821764352871,-9.308692322425618,-0.144608935496333,0.027175754623070075,-0.013481820699005588,0.16123132498333315
4.109821964392879,-9.346355369410064,-0.2300713529952132,0.027017101071107077,-0.013507624605357378,0.1591113170691272
4.110822164432887,-9.383600854171926,-0.3155423598473288,0.026856326064367123,-0.013533423811204436,0.15700236700320855
4.111822364472895,-9.420426228846024,-0.4010017770701726,0.02669343607255597,-0.013559210150021525,0.15490457337096483
4.112822564512903,-9.456828957783156,-0.4864293764558883,0.026528437983961487,-0.0135849755226735,0.1528180306790225
4.113822764552911,-9.492806517721469,-0.5718048853469863,0.026361339105685923,-0.013610711900337883,0.15074282934103295
4.114822964592919,-9.528356397957978,-0.6571079914441934,0.026192147163773497,-0.013636411327349796,0.14867905566452394
4.115823164632927,-9.56347610052093,-0.7423183476453528,0.02602087030323375,-0.013662065923967796,0.14662679183882363
4.116823364672935,-9.59816314034234,-0.8274155769135656,0.025847517087961007,-0.013687667889059289,0.144586115924064
4.117823564712943,-9.632415045431127,-0.9123792771741384,0.02567209650055049,-0.013713209502704238,0.1425571018412707
4.118823764752951,-9.666229357046664,-0.9971890262390839,0.025494617942011428,-0.013738683128716027,0.14053981936354565
4.119823964792959,-9.699603629872875,-1.0818243867574913,0.025315091231377766,-0.013764081217078384,0.13853433410834864
4.120824164832967,-9.732535432192494,-1.1662649111914765,0.025133526605216897,-0.013789396306297408,0.13654070753088401
4.121824364872975,-9.765022346062251,-1.2504901468160292,0.02494993471703702,-0.013814621025667804,0.13455899691859805
4.122824564912983,-9.797061967487904,-1.3344796407413861,0.024764326636593576,-0.013839748097452538,0.13258925538679256
4.123824764952991,-9.82865190660013,-1.418212944957361,0.02457671384909543,-0.013864770338975221,0.13063153187535978
4.124824964992999,-9.859789787830685,-1.5016696213978786,0.024387108254311295,-0.013889680664624631,0.1286858711466436
4.125825165033007,-9.890473250088926,-1.5848292470246084,0.024195522165577025,-0.01391447208777087,0.12675231378443158
4.126825365073015,-9.920699946938715,-1.6676714189288941,0.024001968308704394,-0.013939137722592735,0.1248308961940823
4.127825565113023,-9.950467546775926,-1.7501757594498886,0.023806459820791947,-0.013963670785816038,0.1229216506037919
4.128825765153031,-9.979773733006017,-1.8323219213087107,0.02360901024893858,-0.013988064598362611,0.12102460506700369
4.129825965193039,-10.008616204222255,-1.914089592756135,0.023409633548860484,-0.014012312586909922,0.11913978346596438
4.130826165233047,-10.036992674384143,-1.9954585027337968,0.023208344083412068,-0.014036408285361271,0.11726720551642993
4.131826365273055,-10.064900872996285,-2.07640842604663,0.023005156621011585,-0.014060345336226633,0.11540688677352412
4.132826565313063,-10.092338545287625,-2.156919188545806,0.02280008633397207,-0.014084117491914341,0.11355883863875234
4.133826765353071,-10.119303452390874,-2.2369706723204956,0.022593148796738263,-0.01410771861593385,0.1117230683681729
4.134826965393079,-10.145793371522458,-2.3165428208974683,0.02238435998403024,-0.014131142684009976,0.1098995790817279
4.135827165433087,-10.171806096162822,-2.39561564444714,0.02217373626889437,-0.01415438378510903,0.10808836977373534
4.136827365473095,-10.197339436236783,-2.474169224994251,0.02196129442066235,-0.014177436122377415,0.10628943532454392
4.137827565513103,-10.222391218294446,-2.552183721632642,0.021747051602818937,-0.01420029401399333,0.10450276651335143
4.138827765553111,-10.246959285692368,-2.629639375742153,0.021531025370779135,-0.014222951893932278,0.10272835003218783
4.139827965593119,-10.271041498774952,-2.7065165162063978,0.021313233669575497,-0.014245404312647234,0.10096616850106319
4.140828165633127,-10.294635735056193,-2.7827955646301863,0.02109369483145623,-0.014267645937664346,0.0992162004842807
4.141828365673135,-10.317739889401635,-2.8584570405552623,0.020872427573394844,-0.014289671554095183,0.09747842050791479
4.142828565713143,-10.340351874210658,-2.933481566672397,0.020649450994511983,-0.014311476065066593,0.09575279907845355
4.143828765753151,-10.362469619599002,-3.0078498740296413,0.020424784573410192,-0.014333054492069336,0.0940393027026049
4.144828965793159,-10.384091073581532,-3.081542807233687,0.02019844816542228,-0.014354401975226737,0.09233789390826536
4.145829165833167,-10.405214202255198,-3.1545413296445957,0.019970461999774022,-0.014375513773484668,0.09064853126664978
4.146829365873175,-10.42583698998229,-3.2268265285611974,0.01974084667666183,-0.014396385264724275,0.0889711694155805
4.147829565913183,-10.445957439573936,-3.298379620396415,0.01950962316424617,-0.014417011945798912,0.08730575908393379
4.148829765953191,-10.465573572473714,-3.3691819558410026,0.019276812795561364,-0.014437389432496842,0.08565224711724088
4.149829965993199,-10.484683428941453,-3.4392150250139557,0.019042437265342497,-0.014457513459431326,0.08401057650444137
4.150830166033207,-10.503285068237426,-3.5084604625986966,0.018806518626770116,-0.01447737987985978,0.08238068640578534
4.151830366073215,-10.52137656880641,-3.576900052962842,0.01856907928813343,-0.014496984665433784,0.08076251218188127
4.152830566113223,-10.538956028462199,-3.644515735261028,0.018330142009412666,-0.014516323905881732,0.07915598542388558
4.153830766153231,-10.556021564572085,-3.711289608518472,0.018089729898781333,-0.01453539380862606,0.07756103398483015
4.154830966193239,-10.572571314241614,-3.7772039366943937,0.017847866409029012,-0.014554190698336963,0.07597758201208306
4.155831166233247,-10.588603434499326,-3.842241153723701,0.017604575333905418,-0.014572711016424603,0.07440554998093801
4.156831366273255,-10.604116102481804,-3.906383868535242,0.0173598808043864,-0.014590951320471923,0.07284485472932734
4.157831566313263,-10.619107515618703,-3.9696148700455525,0.017113807284862555,-0.014608908283610111,0.0712954094936531
4.158831766353271,-10.6335758918179,-4.031917132126315,0.016866379569251178,-0.014626578693838942,0.06975712394573066
4.159831966393279,-10.647519469650836,-4.09327381854448,0.01661762277703218,-0.014643959453294164,0.0682299042308386
4.160832166433287,-10.660936508537775,-4.15366828787282,0.016367562349208716,-0.014661047577464217,0.06671365300686853
4.161832366473295,-10.67382528893328,-4.213084098370475,0.016116224044193186,-0.014677840194358568,0.0652082694845681
4.162832566513303,-10.686184112511627,-4.271505012831143,0.015863633933619274,-0.014694334543630005,0.06371364946887015
4.163832766553311,-10.698011302352391,-4.328915003398034,0.015609818398080766,-0.014710527975653257,0.062229685401300604
4.164832966593319,-10.709305203125966,-4.385298256343772,0.01535480412279777,-0.014726417950562357,0.06075626640345717
4.165833166633327,-10.720064181279099,-4.440639176813886,0.015098618093211098,-0.014742002037249164,0.05929327832155102
4.166833366673335,-10.730286625220547,-4.494922393532808,0.014841287590505443,-0.014757277912325542,0.057840603772002896
4.167833566713343,-10.739970945506586,-4.5481327634701145,0.01458284018706209,-0.01477224335905163,0.05639812218808486
4.168833766753351,-10.749115575026615,-4.600255376466408,0.01432330374184183,-0.014786896266232752,0.054965709867598724
4.169833966793359,-10.757718969188687,-4.651275559816878,0.0140627063956988,-0.014801234627087479,0.053543240021581576
4.170834166833367,-10.765779606104985,-4.701178882811214,0.013801076566625934,-0.014815256538089357,0.052130582824028854
4.171834366873375,-10.773295986777294,-4.74995116122852,0.013538442944932757,-0.014828960197784881,0.05072760546262468
4.172834566913383,-10.780266635282333,-4.797578461785716,0.013274834488356214,-0.014842343905590246,0.049334172190469164
4.173834766953391,-10.786690098957113,-4.844047106538033,0.013010280417105275,-0.014855406060569443,0.04795014437879196
4.174834966993399,-10.79256494858408,-4.889343677230168,0.012744810208840017,-0.014868145160196255,0.04657538057064088
4.175835167033407,-10.797889778576272,-4.933455019596551,0.012478453593585943,-0.014880559799102713,0.04520973653553431
4.176835367073415,-10.80266320716224,-4.976368247609639,0.012211240548584246,-0.01489264866781656,0.04385306532506561
4.177835567113423,-10.806883876570952,-5.018070747674411,0.011943201293078793,-0.014904410551490277,0.042505217329447516
4.178835767153431,-10.810550453216445,-5.0585501827681005,0.011674366283040555,-0.014915844328624169,0.04116604033498411
4.179835967193439,-10.81366162788241,-5.097794496523352,0.011404766205830261,-0.014926948969786063,0.039835379582457794
4.180836167233447,-10.816216115906533,-5.13579191725374,0.011134431974800041,-0.01493772353633009,0.03851307782641809
4.181836367273455,-10.818212657364674,-5.172530961920111,0.010863394723834836,-0.014948167179117027,0.03719897539535912
4.182836567313463,-10.819650017254865,-5.2080004400365,0.010591685801834365,-0.014958279137238652,0.035892910252772
4.183836767353471,-10.820526985681054,-5.242189457514042,0.010319336767136443,-0.014968058736748533,0.034594718059058255
4.184836967393479,-10.820842378036636,-5.275087420441918,0.010046379381882471,-0.014977505389401614,0.03330423223429004
4.185837167433487,-10.820595035187743,-5.306684038803506,0.009772845606325896,-0.014986618591404993,0.0320212840218025
4.186837367473495,-10.819783823656284,-5.336969330126908,0.009498767593084496,-0.014995397922182165,0.030745702552603463
4.187837567513503,-10.818407635802648,-5.365933623068196,0.009224177681337323,-0.015003843043153026,0.029477314910585268
4.188837767553511,-10.816465390008226,-5.3935675609261775,0.008949108390967148,-0.015011953696531861,0.028215946198523318
4.189837967593519,-10.813956030857513,-5.419862105087462,0.008673592416649304,-0.015019729704145498,0.026961419604845466
4.190838167633527,-10.810878529319973,-5.444808538400421,0.00839766262188777,-0.015027170966273753,0.025713556471156265
4.191838367673535,-10.807231882931534,-5.468398468476972,0.008121352032999431,-0.015034277460514259,0.024472176360499677
4.192838567713543,-10.803015115975715,-5.490623830920648,0.007844693833047388,-0.01504104924067368,0.023237097126343625
4.193838767753551,-10.798227279664431,-5.511476892480028,0.007567721355724253,-0.015047486435687301,0.022008134982269417
4.194838967793559,-10.792867452318399,-5.530950254126074,0.007290468079186379,-0.015053589248568866,0.02078510457234886
4.195839167833567,-10.786934739547092,-5.549036854052319,0.007012967619839946,-0.015059357955392524,0.019567819042191542
4.196839367873575,-10.780428274428376,-5.56572997059662,0.006735253726079892,-0.01506479290430865,0.018356090110644534
4.197839567913583,-10.773347217687652,-5.581023225083338,0.006457360271982661,-0.015069894514595223,0.017149728142126477
4.198839767953591,-10.765690757876527,-5.594910584584763,0.006179321250953767,-0.015074663275746433,0.015948542219577703
4.199839967993599,-10.757458111551129,-5.607386364600725,0.005901170769331178,-0.015079099746600023,0.014752340218007863
4.200840168033607,-10.748648523449802,-5.618445231655137,0.005622943039945556,-0.015083204554504882,0.013560928878622203
4.201840368073615,-10.739261266670447,-5.628082205808458,0.005344672375638392,-0.015086978394530269,0.012374113883507405
4.202840568113623,-10.729295642847214,-5.6362926630849435,0.005066393182739095,-0.015090422028718,0.011191699930857637
4.203840768153631,-10.718750982326746,-5.643072337813644,0.004788139954502111,-0.015093536285378828,0.010013490810721245
4.204840968193639,-10.707626644343915,-5.648417324882058,0.004509947264505161,-0.015096322058434164,0.008839289481248236
4.205841168233647,-10.695922017196846,-5.652324081901454,0.00423184976000971,-0.015098780306804217,0.007668898145418461
4.206841368273655,-10.683636518421547,-5.6547894312827856,0.00395388215528479,-0.01510091205384351,0.006502118328230236
4.207841568313663,-10.670769594965762,-5.655810562222289,0.003676079224895316,-0.015102718386824678,0.005338750954328801
4.208841768353671,-10.657320723362343,-5.655385032595704,0.0033984757969560556,-0.015104200456471319,0.0041785964260539045
4.209841968393679,-10.643289409901932,-5.653510770760233,0.0031211067463524224,-0.015105359476540632,0.0030214547018854922
4.210842168433687,-10.628675190804945,-5.650186077263275,0.002844006987929287,-0.015106196723456408,0.0018671253752663038
4.211842368473695,-10.613477632393028,-5.6454096264570275,0.002567211469649016,-0.015106713535992912,0.0007154077537799852
4.212842568513703,-10.597696331259646,-5.639180468018079,0.0022907551657199536,-0.015106911315010066,-0.0004338990613369457
4.213842768553711,-10.581330914440152,-5.631498028371123,0.002014673069696598,-0.015106791523240232,-0.0015809960953710562
4.214842968593719,-10.564381039580867,-5.6223621120159635,0.0017390001875527208,-0.01510635568512683,-0.0027260844200179403
4.215843168633727,-10.54684639510782,-5.6117729027569565,0.0014637715307287105,-0.015105605386714896,-0.003869365073000286
4.216843368673735,-10.528726700394278,-5.5997309648341576,0.0011890221091544239,-0.015104542275593595,-0.00501103897744056
4.217843568713743,-10.510021705927839,-5.586237243955333,0.0009147869242488579,-0.015103168060890617,-0.006151306861010774
4.218843768753751,-10.490731193476556,-5.571293068228159,0.000641100961897962,-0.015101484513318244,-0.007290369174882157
4.219843968793759,-10.47085497625429,-5.554900148991822,0.0003679991854119311,-0.015099493465270829,-0.008428426012497612
4.220844168833767,-10.450392899085196,-5.537060581547394,9.551652846333529e-05,-0.01509719681097327,-0.009565677028190032
4.221844368873775,-10.429344838567468,-5.517776845786196,-0.00017631211199254032,-0.015094596506680005,-0.010702321355669717
4.222844568913783,-10.407710703236024,-5.497051806715713,-0.00044745188281376146,-0.015091694570923927,-0.011838557526404296
4.223844768953791,-10.385490433724424,-5.474888714882189,-0.0007178679817828079,-0.015088493084814518,-0.012974583387914632
4.224844968993799,-10.362684002925922,-5.451291206689507,-0.0009875256647312166,-0.015084994192384408,-0.014110596022010407
4.225845169033807,-10.339291416153333,-5.4262633046137205,-0.0012563902526763699,-0.015081200100983466,-0.015246791662989204
4.226845369073815,-10.315312711298336,-5.39980941731264,-0.0015244271389689733,-0.015077113081719416,-0.01638336561582295
4.227845569113823,-10.290747958989446,-5.371934339630092,-0.0017916017964497628,-0.015072735469943878,-0.017520512174355837
4.228845769153831,-10.265597262749184,-5.3426432524942,-0.0020578797846139522,-0.01506806966578265,-0.01865842453953784
4.229845969193839,-10.239860759150199,-5.311941722709508,-0.0023232267567819256,-0.015063118134708918,-0.019797294737718088
4.230846169233847,-10.21353861797037,-5.279835702642154,-0.002587608467274665,-0.015057883408158012,-0.020937313539022458
4.231846369273855,-10.186631042346724,-5.246331529797997,-0.0028509907785923792,-0.015052368084182224,-0.02207867037583989
4.232846569313863,-10.159138268928528,-5.211435926293203,-0.0031133396685947916,-0.015046574828144095,-0.023221553261441888
4.233846769353871,-10.131060568029072,-5.175155998216941,-0.0033746212376815315,-0.015040506373446512,-0.024366148708759933
4.234846969393879,-10.102398243776426,-5.137499234885979,-0.003634801715971052,-0.015034165522297829,-0.025512641649345417
4.235847169433887,-10.073151634263008,-5.098473507990773,-0.0038938474704764852,-0.01502755514651018,-0.026661215352536908
4.236847369473895,-10.043321111694118,-5.0580870706328875,-0.004151725012276833,-0.01502067818832904,-0.027812051344859565
4.237847569513903,-10.01290708253524,-5.01634855625346,-0.004408401003681875,-0.015013537661291978,-0.02896532932968158
4.238847769553911,-9.981909987657952,-4.973266977452714,-0.004663842265389158,-0.015006136651114535,-0.03012122710715259
4.239847969593919,-9.950330302484911,-4.928851724699926,-0.004918015783631419,-0.014998478316601008,-0.03127992049444895
4.240848169633927,-9.918168537133495,-4.8831125649344305,-0.005170888717312776,-0.014990565890577878,-0.03244158324635096
4.241848369673935,-9.885425236558023,-4.8360596400566935,-0.005422428405132023,-0.014982402680847539,-0.03360638697617699
4.242848569713943,-9.852100980691048,-4.787703465310228,-0.00567260237269131,-0.01497399207115991,-0.03477450107709952
4.243848769753951,-9.818196384582878,-4.7380549275536925,-0.005921378339588524,-0.01496533752219943,-0.035946092643868305
4.244848969793959,-9.783712098540116,-4.68712528342355,-0.006168724226491642,-0.0149564425725849,-0.03712132639496541
4.245849169833967,-9.74864880826285,-4.634926157387208,-0.006414608162193307,-0.014947310839879527,-0.038300364595217455
4.246849369873975,-9.713007234980232,-4.581469539686587,-0.006658998490643898,-0.014937946021608509,-0.03948336697888992
4.247849569913983,-9.676788135584863,-4.5267677841723435,-0.0069018637779613,-0.014928351896281392,-0.040670490673288553
4.248849769953991,-9.639992302765723,-4.470833606029067,-0.007143172819415615,-0.014918532324416433,-0.04186189012289294
4.249849969993999,-9.602620565139656,-4.413680079391038,-0.0073828946463870065,-0.014908491249564093,-0.043057717014046995
4.250850170034007,-9.564673787381247,-4.355320634849319,-0.007620998533294867,-0.014898232699326778,-0.04425812020023153
4.251850370074015,-9.526152870351584,-4.2957690568504034,-0.007857454004496476,-0.014887760786371882,-0.04546324562794351
4.252850570114023,-9.48705875122512,-4.235039480985966,-0.008092230841153326,-0.014877079709435147,-0.046673236263206894
4.253850770154031,-9.447392403615297,-4.173146391174942,-0.00832529908806324,-0.014866193754311313,-0.047888232018739846
4.254850970194039,-9.407154837698355,-4.110104616737771,-0.00855662906045641,-0.014855107294829015,-0.049108369681802884
4.255851170234047,-9.366347100335927,-4.0459293293631005,-0.00878619135075349,-0.014843824793806843,-0.05033378284275249
4.256851370274055,-9.32497027519556,-3.9806360399676617,-0.009013956835283813,-0.014832350803987444,-0.05156460182432484
4.257851570314063,-9.283025482870212,-3.914240595449413,-0.00923989668096184,-0.01482068996894653,-0.0528009536116738
4.258851770354071,-9.240513880995435,-3.8467591753347534,-0.009463982351919897,-0.014808847023973679,-0.054042961783187744
4.259851970394079,-9.197436664365542,-3.7782082883199233,-0.009686185616095244,-0.014796826796921713,-0.05529074644210907
4.260852170434087,-9.15379506504763,-3.708604768707508,-0.009906478551769541,-0.014784634209021532,-0.056544424148980726
4.261852370474095,-9.10959035249406,-3.6379657727383887,-0.010124833554058705,-0.014772274275659192,-0.05780410785494345
4.262852570514103,-9.064823833653254,-3.566308774819638,-0.010341223341351182,-0.01475975210711207,-0.059069906835907626
4.263852770554111,-9.019496853078643,-3.4936515636492413,-0.010555620961692628,-0.014747072909240943,-0.06034192662762341
4.264852970594119,-8.973610793035878,-3.420012238238411,-0.010767999799114964,-0.014734241984134805,-0.06162026896167253
4.265853170634127,-8.927167073608336,-3.345409203831451,-0.010978333579907785,-0.014721264730705287,-0.06290503170240513
4.266853370674135,-8.880167152800343,-3.269861167725074,-0.01118659637883007,-0.014708146645227533,-0.06419630878484485
4.267853570714143,-8.83261252663939,-3.19338713498677,-0.011392762625260107,-0.014694893321824429,-0.06549419015358499
4.268853770754151,-8.784504729275602,-3.1160064040737616,-0.011596807109281591,-0.014681510452891101,-0.06679876170269881
4.269853970794159,-8.735845333079777,-3.037738562353508,-0.011798704987703764,-0.014668003829456632,-0.0681101052166864
4.270854170834167,-8.686635948739516,-2.958603481525572,-0.011998431790013522,-0.01465437934147996,-0.06942829831248035
4.271854370874175,-8.636878225353332,-2.8786213129473217,-0.01219596342425735,-0.014640642978077002,-0.07075341438253296
4.272854570914183,-8.58657385052246,-2.79781248286273,-0.012391276182850967,-0.014626800827676078,-0.07208552253900646
4.273854770954191,-8.535724550441298,-2.7161976875368072,-0.012584346748314514,-0.014612859078098712,-0.07342468755908824
4.274854970994199,-8.484332089985408,-2.633797888295331,-0.012775152198931166,-0.014598824016563032,-0.0747709698314526
4.275855171034207,-8.43239827279754,-2.550634306472076,-0.012963670014326958,-0.014584702029606956,-0.07612442530389037
4.276855371074215,-8.379924941371486,-2.466728418263473,-0.013149878080969674,-0.014570499602928487,-0.07748510543212735
4.277855571114223,-8.326913977134332,-2.3821019494928453,-0.013333754697584608,-0.014556223321140463,-0.07885305712985242
4.278855771154231,-8.273367300525912,-2.2967768702845,-0.013515278580484983,-0.014541879867437189,-0.08022832271997597
4.279855971194239,-8.21928687107667,-2.2107753896495623,-0.013694428868814838,-0.014527476023170475,-0.08161093988713872
4.280856171234247,-8.16467468748294,-2.1241199499841863,-0.013871185129702158,-0.014513018667332664,-0.08300094163149115
4.281856371274255,-8.109532787680356,-2.0368332214815896,-0.014045527363320025,-0.01449851477594431,-0.08439835622376306
4.282856571314263,-8.053863248915004,-1.9489380964592895,-0.014217436007853563,-0.014483971421344291,-0.08580320716164287
4.283856771354271,-7.997668187812112,-1.8604576836027293,-0.014386891944370442,-0.014469395771380204,-0.08721551312748567
4.284856971394279,-7.940949760442595,-1.7714153021264236,-0.014553876501592702,-0.01445479508849699,-0.08863528794736883
4.285857171434287,-7.883710162387682,-1.681834475854506,-0.014718371460567651,-0.014440176728721861,-0.0900625405515138
4.286857371474295,-7.8259516288005395,-1.591738927221357,-0.014880359059235612,-0.01442554814054367,-0.09149727493609228
4.287857571514303,-7.76767643446593,-1.501152571194284,-0.015039821996892239,-0.014410916863685015,-0.09293949012643438
4.288857771554311,-7.7088868938577795,-1.4100995091196094,-0.015196743438543183,-0.014396290527765443,-0.09438918014165672
4.289857971594319,-7.649585361193833,-1.3186040224933508,-0.01535110701914887,-0.014381676850854268,-0.09584633396072732
4.290858171634327,-7.589774230488201,-1.2266905666585348,-0.015502896847757127,-0.014367083637911613,-0.0973109354899843
4.291858371674335,-7.5294559356015585,-1.1343837644297925,-0.01565209751152145,-0.014352518779116426,-0.09878296353212476
4.292858571714343,-7.468632950288464,-1.0417083996479242,-0.01579869407960266,-0.014337990248080327,-0.10026239175668016
4.293858771754351,-7.407307788242723,-0.9486894106653949,-0.015942672106951734,-0.014323506099946317,-0.10174918867199369
4.294858971794359,-7.345483003139831,-0.855351883763904,-0.016084017637971626,-0.014309074469371439,-0.10324331759871529
4.295859171834367,-7.283161188677124,-0.7617210465071566,-0.016222717210055842,-0.0142947035683927,-0.10474473664482915
4.296859371874375,-7.22034497861136,-0.6678222610286431,-0.0163587578570016,-0.014280401684175627,-0.10625339868222833
4.297859571914383,-7.15703704679349,-0.573681017258017,-0.016492127112295415,-0.014266177176645042,-0.10776925132485082
4.298859771954391,-7.093240107201002,-0.47932292608603644,-0.016622813012268943,-0.014252038475997703,-0.10929223690839071
4.299859971994399,-7.028956913967791,-0.3847737124712826,-0.01675080409912296,-0.014237994080096699,-0.11082229247159797
4.300860172034407,-6.964190261410981,-0.29005920848951705,-0.016876089423817364,-0.014224052551747536,-0.11235934973917994
4.301860372074415,-6.898942984055276,-0.19520534632801523,-0.016998658548825093,-0.014210222515856087,-0.11390333510631684
4.302860572114423,-6.833217956654751,-0.10023815122631191,-0.017118501550747952,-0.01419651265646867,-0.11545416962480372
4.303860772154431,-6.76701809421171,-0.0051837343656296895,-0.017235609022792257,-0.014182931713694707,-0.11701176899083045
4.304860972194439,-6.700346351992728,0.08993171429152785,-0.017349972077102326,-0.014169488480512542,-0.11857604353441105
4.305861172234447,-6.633205725542112,0.18508193320929714,-0.017461582346949858,-0.014156191799459192,-0.12014689821047324
4.306861372274455,-6.565599250692472,0.2802405965322784,-0.01757043198877725,-0.014143050559204918,-0.1217242325916185
4.307861572314463,-6.497530003572409,0.37538132138326163,-0.017676513684092964,-0.014130073691013684,-0.12330794086256278
4.308861772354471,-6.429001100611353,0.47047767520250555,-0.017779820641217112,-0.014117270165090741,-0.12489791181626708
4.309861972394479,-6.360015698541699,0.5655031831270932,-0.017880346596875422,-0.01410464898681869,-0.1264940288517672
4.310862172434487,-6.290576994397719,0.6604313354081742,-0.017978085817639856,-0.014092219192883592,-0.1280961699737109
4.311862372474495,-6.220688225511951,0.7552355948636414,-0.018073033101214143,-0.01407998984729281,-0.12970420779361094
4.312862572514503,-6.1503526695081465,0.8498894043647386,-0.018165183777562596,-0.014067970037286433,-0.13131800953282116
4.313862772554511,-6.079573644291535,0.9443661943542305,-0.01825453370988058,-0.014056168869144322,-0.13293743702724303
4.314862972594519,-6.008354508036317,1.0386393903939455,-0.01834107929540512,-0.01404459546389092,-0.13456234673376907
4.315863172634527,-5.936698659169551,1.132682420739963,-0.018424817466064128,-0.014033258952900186,-0.13619258973846954
4.316863372674535,-5.864609536352398,1.2264687239426217,-0.018505745688962863,-0.014022168473403112,-0.1378280117665277
4.317863572714543,-5.792090618458256,1.3199717564699887,-0.018583861966706246,-0.01401133316390049,-0.13946845319392903
4.318863772754551,-5.71914542454757,1.4131650003519591,-0.01865916483755576,-0.014000762159483694,-0.14111374906090896
4.319863972794559,-5.6457775138400095,1.5060219708430034,-0.0187316533754197,-0.013990464587066447,-0.1427637290871631
4.320864172834567,-5.571990485682654,1.5985162241015753,-0.018801327189675678,-0.013980449560530652,-0.1444182176888237
4.321864372874575,-5.497787979515877,1.690621364883683,-0.018868186424824268,-0.013970726175789526,-0.14607703399720556
4.322864572914583,-5.423173674835677,1.7823110542483707,-0.018932231759972863,-0.013961303505771436,-0.14773999187932338
4.323864772954591,-5.348151291152475,1.8735590172730212,-0.018993464408148822,-0.013952190595327955,-0.1494068999601835
4.3248649729945985,-5.272724587947321,1.9643390507760523,-0.01905188611544103,-0.013943396456069812,-0.15107756164684905
4.3258651730346065,-5.196897364624311,2.0546250310449774,-0.01910749915996951,-0.013934930061134504,-0.15275177515428928
4.3268653730746145,-5.1206734604599,2.1443909215670587,-0.01916030635068164,-0.0139268003398896,-0.15442933353299057
4.3278655731146225,-5.044056754548689,2.2336107807608383,-0.01921031102597548,-0.013919016172575694,-0.15611002469835913
4.3288657731546305,-4.9670511657465894,2.322258769705742,-0.01925751705214902,-0.013911586384893256,-0.1577936314618923
4.3298659731946385,-4.889660652609554,2.4103091598676585,-0.01930192882167529,-0.013904519742537706,-0.1594799315641262
4.3308661732346465,-4.8118892133296365,2.497736340818185,-0.019343551251303062,-0.013897824945687108,-0.1611686977093568
4.3318663732746545,-4.733740885667633,2.5845148279449335,-0.019382389779982998,-0.013891510623447073,-0.16285969760213145
4.3328665733146625,-4.655219746881877,2.6706192701511027,-0.01941845036661923,-0.01388558532825749,-0.164552693985509
4.3338667733546705,-4.576329913654209,2.7560244575411064,-0.019451739487646436,-0.01388005753026587,-0.16624744468108432
4.3348669733946785,-4.497075542011619,2.840705329090681,-0.01948226413443263,-0.013874935611672173,-0.16794370263077385
4.3358671734346865,-4.417460827245027,2.9246369802987555,-0.019510031810507925,-0.013870227861050034,-0.1696412159403574
4.3368673734746945,-4.337490003824682,3.007794670818546,-0.01953505052861971,-0.0138659424676495,-0.1713397279247712
4.3378675735147025,-4.257167345311301,3.09015383206588,-0.0195573288076148,-0.013862087515686353,-0.17303897715514702
4.3388677735547105,-4.17649716426407,3.1716900748020223,-0.019576875669149153,-0.013858670978623262,-0.17473869750759047
4.3398679735947185,-4.095483812145413,3.2523791966889024,-0.019593700634225948,-0.013855700713448042,-0.17643861821369256
4.3408681736347265,-4.014131679221353,3.3321971898139324,-0.019607813719562932,-0.013853184454954372,-0.17813846391276683
4.3418683736747345,-3.9324451944587455,3.411120248182529,-0.01961922543378999,-0.013851129810030394,-0.17983795470580435
4.3428685737147426,-3.850428825418932,3.489124775175376,-0.019627946773478126,-0.013849544251960649,-0.1815368062111381
4.343868773754751,-3.7680870781472673,3.566187390968968,-0.019633989219001047,-0.013848435114746895,-0.18323472962180803
4.344868973794759,-3.6854244970595453,3.642284939915496,-0.019637364730230786,-0.01384780958745335,-0.18493143176461724
4.345869173834767,-3.602445664823885,3.7173944978815485,-0.019638085742068805,-0.013847674708581973,-0.18662661516086895
4.346869373874775,-3.5191552022399795,3.791493379541621,-0.019636165159814232,-0.01384803736048341,-0.18831997808877415
4.347869573914783,-3.4355577681133336,3.8645591456249337,-0.019631616354370968,-0.01384890426380926,-0.19001121464751838
4.348869773954791,-3.351658059127045,3.936569610113202,-0.019624453157295534,-0.013850281972011354,-0.19170001482297594
4.349869973994799,-3.2674608097083637,4.007502847386215,-0.01961468985568765,-0.01385217686589369,-0.19338606455505955
4.350870174034807,-3.182970791892853,4.077337199313792,-0.01960234118692565,-0.013854595148222756,-0.1950690458066923
4.351870374074815,-3.098192815183197,4.146051282291245,-0.019587422333248998,-0.013857542838401883,-0.19674863663438863
4.352870574114823,-3.013131726405648,4.213623994215874,-0.019569948916190218,-0.013861025767215348,-0.19842451126043037
4.353870774154831,-2.927792409561611,4.28003452140253,-0.019549936990858777,-0.013865049571647843,-0.20009634014662347
4.354870974194839,-2.8421797856754663,4.345262345435624,-0.019527403040079463,-0.013869619689784958,-0.2017637900696202
4.355871174234847,-2.756298812638779,4.409287249955185,-0.019502363968388003,-0.013874741355800291,-0.20342652419779125
4.356871374274855,-2.670154485050402,4.472089327375194,-0.019474837095886766,-0.013880419595034728,-0.20508420216963186
4.357871574314863,-2.5837518340523915,4.533648985530905,-0.019444840151963443,-0.01388665921917342,-0.20673648017368484
4.358871774354871,-2.4970959271621673,4.593946954253864,-0.019412391268875843,-0.013893464821525937,-0.20838301102996382
4.359871974394879,-2.4101918681008985,4.652964291871643,-0.019377508975205883,-0.013900840772414975,-0.2100234442728583
4.360872174434887,-2.3230447966172605,4.710682391630349,-0.019340212189186134,-0.013908791214678988,-0.211657426235503
4.361872374474895,-2.23565988830784,4.767082988037481,-0.019300520211902237,-0.013917320059293995,-0.21328460013559197
4.362872574514903,-2.148042354432867,4.822148163122944,-0.01925845272037471,-0.01392643098111976,-0.21490460616261875
4.363872774554911,-2.060197441728186,4.875860352616183,-0.01921402976052371,-0.013936127414775434,-0.21651708156652197
4.364872974594919,-1.972130432213362,4.928202352036764,-0.019167271740020437,-0.013946412550649686,-0.21812166074771677
4.365873174634927,-1.8838466429949785,4.979157322696617,-0.019118199421028936,-0.013957289331050216,-0.2197179753484907
4.366873374674935,-1.7953514260665906,5.028708797611693,-0.019066833912842175,-0.013968760446497464,-0.22130565434574262
4.367873574714943,-1.7066501681043003,5.0768406873206295,-0.019013196664416327,-0.013980828332167195,-0.22288432414504303
4.368873774754951,-1.6177482902575417,5.1235372856085855,-0.018957309456807275,-0.013993495164486544,-0.2244536086759931
4.369873974794959,-1.5286512479366363,5.168783275133938,-0.01889919439551346,-0.01400676285788795,-0.2260131294888594
4.370874174834967,-1.4393645305955998,5.212563732955872,-0.01883887390272923,-0.014020633061725319,-0.22756250585246138
4.371874374874975,-1.3498936615109045,5.254864135960561,-0.018776370709512928,-0.014035107157356562,-0.22910135485328706
4.372874574914983,-1.2602441975557772,5.295670366184212,-0.01871170784787404,-0.014050186255396573,-0.23062929149581304
4.373874774954991,-1.170421728970811,5.334968716030678,-0.01864490864278375,-0.014065871193144524,-0.23214592880400367
4.374874974994999,-1.080431879129852,5.372745893381729,-0.01857599670411333,-0.014082162532189193,-0.23365087792396405
4.375875175035007,-0.9902803043013794,5.408989026597996,-0.018504995918504814,-0.014099060556195935,-0.23514374822772136
4.376875375075015,-0.8999726934066282,5.443685669408665,-0.01843193044117848,-0.014116565268878679,-0.23662414741810758
4.377875575115023,-0.8095147677720751,5.476823805687964,-0.018356824687681694,-0.0141346763921602,-0.23809168163471772
4.378875775155031,-0.7189122808787166,5.508391854116473,-0.018279703325583676,-0.014153393364523746,-0.23954595556091549
4.379875975195039,-0.6281710181066325,5.538378672725498,-0.01820059126612079,-0.014172715339558899,-0.2409865725318596
4.380876175235047,-0.5372967964747338,5.566773563322691,-0.018119513655797035,-0.01419264118470438,-0.24241313464352202
4.381876375275055,-0.4462954643771122,5.59356627579684,-0.018036495867944303,-0.014213169480190335,-0.24382524286267002
4.382876575315063,-0.35517290131423657,5.618747012300481,-0.017951563494247157,-0.014234298518182423,-0.24522249713778296
4.383876775355071,-0.2639350176200109,5.642306431308149,-0.017864742336236705,-0.01425602630212985,-0.2466044965108746
4.384876975395079,-0.17258775418468533,5.664235651548824,-0.017776058396758266,-0.014278350546319298,-0.24797083923019098
4.385877175435087,-0.08113708217313154,5.684526255810806,-0.0176855378714175,-0.014301268675636487,-0.24932112286375402
4.386877375475095,0.010410997261449196,5.7031702946172675,-0.017593207140009597,-0.014324777825536927,-0.25065494441372016
4.387877575515103,0.10205045326776087,5.720160289771084,-0.0174990927579362,-0.01434887484222718,-0.251971900431523
4.388877775555111,0.19377522559155366,5.7354892377671485,-0.017403221447614605,-0.014373556283057764,-0.253271587133769
4.389877975595119,0.28557922487488674,5.7491506130707055,-0.017305620089883837,-0.014398818417128654,-0.254553600518854
4.390878175635127,0.3774563329599992,5.761138371260219,-0.017206315715412153,-0.014424657226108034,-0.25581753648426925
4.391878375675135,0.46940040319756,5.771446952033217,-0.017105335496110406,-0.014451068405264854,-0.2570629909445641
4.392878575715143,0.5614052607596235,5.780071282073785,-0.017002706736555774,-0.014478047364715432,-0.2582895599499326
4.393878775755151,0.6534647029563471,5.78700677778019,-0.016898456865430185,-0.01450558923088421,-0.2594968398053913
4.394878975795159,0.7455724995584608,5.792249347851368,-0.016792613426977823,-0.014533688848178477,-0.26068442719051466
4.395879175835167,0.8377223931228824,5.795795395730875,-0.016685204072485926,-0.014562340780876733,-0.26185191927969415
4.396879375875175,0.929908099323464,5.797641821907095,-0.016576256551793133,-0.014591539315230098,-0.2629989138628875
4.397879575915183,1.0221233072866416,5.797786026068402,-0.016465798704829452,-0.014621278461775968,-0.26412500946682355
4.398879775955191,1.1143616799307254,5.796225909112098,-0.016353858453191903,-0.01465155195786292,-0.2652298054766281
4.399879975995199,1.2066168543100269,5.792959875005982,-0.016240463791759807,-0.014682353270385624,-0.2663129022578358
4.400880176035207,1.2988824419643772,5.7879868325014,-0.016125642780353586,-0.014713675598728338,-0.2673739012787534
4.401880376075215,1.3911520292715978,5.781306196696731,-0.016009423535440805,-0.014745511877915321,-0.26841240523313786
4.402880576115223,1.483419177805764,5.772917890450269,-0.01589183422189318,-0.01477785478196629,-0.26942801816315554
4.403880776155231,1.57567742469954,5.762822345641535,-0.015772903044798114,-0.014810696727454865,-0.27042034558258443
4.404880976195239,1.6679202830107365,5.751020504279999,-0.01565265824132815,-0.01484402987726769,-0.27138899460022486
4.405881176235247,1.7601412420944393,5.737513819460425,-0.015531128072671794,-0.014877846144561752,-0.2723335740434819
4.406881376275255,1.8523337679784295,5.722304256163937,-0.015408340816028872,-0.014912137196917188,-0.27325369458208243
4.407881576315263,1.9444913037440164,5.705394291903983,-0.015284324756673528,-0.014946894460682699,-0.2741489688518909
4.408881776355271,2.0366072699111153,5.686786917216417,-0.015159108180087887,-0.014982109125510432,-0.27501901157878617
4.409881976395279,2.1286750648278776,5.666485635993125,-0.015032719364169228,-0.015017772149077076,-0.27586343970256316
4.410882176435287,2.220688065064718,5.6444944656583225,-0.014905186571513391,-0.015053874261987645,-0.2766818725008209
4.411882376475295,2.312639625813768,5.620817937187133,-0.014776538041777042,-0.015090405972858288,-0.27747393171280055
4.412882576515303,2.404523081291393,5.595461094965628,-0.01464680198412123,-0.015127357573574245,-0.27823924166313546
4.413882776555311,2.4963317451465206,5.568429496492073,-0.014516006569738601,-0.0151647191447189,-0.2789774293854753
4.414882976595319,2.5880589108732908,5.539729211918709,-0.014384179924466443,-0.015202480561169709,-0.27968812474594706
4.415883176635327,2.6796978522274824,5.5093668234337425,-0.014251350121487606,-0.01524063149785658,-0.2803709605664142
4.416883376675335,2.7712418236485017,5.477349424483163,-0.014117545174121232,-0.015279161435678142,-0.28102557274749673
4.417883576715343,2.8626840606855404,5.44368461883205,-0.013982793028705049,-0.015318059667571157,-0.28165160039131376
4.418883776755351,2.954017780427962,5.408380519465079,-0.013847121557570844,-0.01535731530472816,-0.28224868592390995
4.419883976795359,3.045236181940863,5.371445747326151,-0.013710558552114626,-0.015396917282958287,-0.2828164752173282
4.420884176835367,3.136332446704315,5.332889429896697,-0.013573131715962788,-0.015436854369186053,-0.2833546177112903
4.421884376875375,3.227299739058156,5.292721199612822,-0.013434868658235484,-0.015477115168082737,-0.28386276653444636
4.422884576915383,3.318131206650614,5.250951192121106,-0.013295796886908262,-0.015517688128824859,-0.28434057862515605
4.423884776955391,3.408819980891614,5.207590044373016,-0.013155943802272863,-0.015558561551974125,-0.2847877148517619
4.424884976995399,3.499359177410678,5.162648892558066,-0.013015336690497951,-0.015599723596473058,-0.28520384013231714
4.425885177035407,3.5897418965192713,5.116139369875648,-0.012874002717290419,-0.01564116228675042,-0.2855886235537294
4.426885377075415,3.679961223677723,5.068073604145944,-0.01273196892165773,-0.015682865519930415,-0.2859417384902821
4.427885577115423,3.770010229966799,5.018464215259874,-0.012589262209771678,-0.015724821073139557,-0.28626286272149515
4.428885777155431,3.859881972563241,4.967324312468368,-0.012445909348933743,-0.015767016610904926,-0.2865516785492863
4.429885977195439,3.949569495220384,4.914667491511471,-0.01230193696164218,-0.015809439692637532,-0.2868078729143959
4.430886177235447,4.039065828752727,4.860507831587398,-0.012157371519760757,-0.01585207778019429,-0.28703113751203585
4.431886377275455,4.128363991525639,4.8048598921619945,-0.012012239338788977,-0.015894918245512132,-0.28722116890672555
4.432886577315463,4.217456989948691,4.747738709619208,-0.011866566572233509,-0.01593794837830762,-0.28737766864627645
4.433886777355471,4.306337818974108,4.689159793752977,-0.011720379206080395,-0.015981155393835374,-0.28750034337488745
4.434886977395479,4.394999462599266,4.629139124101068,-0.011573703053367515,-0.016024526440698572,-0.28758890494531364
4.435887177435487,4.483434894373846,4.567693146121573,-0.011426563748856661,-0.01606804860870469,-0.2876430705300705
4.436887377475495,4.571637077911153,4.504838767212747,-0.011278986743804488,-0.0161117089367596,-0.28766256273163615
4.437887577515503,4.65959896740391,4.440593352576977,-0.01113099730083147,-0.016155494420793105,-0.2876471096916149
4.438887777555511,4.747313508144791,4.374974720929228,-0.010982620488887925,-0.016199392021708912,-0.2875964451988244
4.439887977595519,4.834773637050514,4.3080011400516804,-0.010833881178316077,-0.01624338867335205,-0.28751030879626954
4.440888177635527,4.921972283191148,4.23969132219453,-0.010684804036006997,-0.016287471290486653,-0.2873884458869669
4.441888377675535,5.008902368323108,4.170064419324524,-0.010535413520651236,-0.016331626776777082,-0.28723060783858245
4.442888577715543,5.095556807426813,4.099140018221786,-0.010385733878081867,-0.016375842032765223,-0.2870365520868474
4.443888777755551,5.181928509248718,4.026938135426696,-0.010235789136708544,-0.01642010396383691,-0.2868060422377145
4.444888977795559,5.268010376847051,3.9534792120367577,-0.010085603103041185,-0.016464399488170352,-0.2865388481682207
4.445889177835567,5.3537953081426615,3.8787841083558923,-0.00993519935730179,-0.0165087155446594,-0.2862347461260194
4.446889377875575,5.439276196473193,3.8028740983966065,-0.00978460124912284,-0.016553039100804613,-0.2858935188275478
4.447889577915583,5.524445931152317,3.725770864236439,-0.00963383189333073,-0.016597357160564995,-0.28551495555479395
4.448889777955591,5.609297398032675,3.647496490229978,-0.009482914165812564,-0.01664165677216334,-0.28509885225062875
4.449889977995599,5.693823480072932,3.5680734570781345,-0.009331870699464721,-0.016685925035838118,-0.28464501161266925
4.450890178035607,5.778017057909402,3.4875246357558014,-0.009180723880221453,-0.016730149111534927,-0.2841532431856381
4.451890378075615,5.861871010431599,3.4058732812991748,-0.009029495843161841,-0.016774316226530517,-0.2836233634521865
4.452890578115623,5.945378215361489,3.3231430264549937,-0.008878208468693399,-0.016818413682982442,-0.2830551959221465
4.453890778155631,6.028531549837708,3.239357875192284,-0.008726883378810592,-0.016862428865397506,-0.28244857122018013
4.454890978195639,6.111323891002973,3.154542196079335,-0.00857554193342656,-0.016906349248012157,-0.28180332717179263
4.455891178235647,6.193748116596121,3.0687207155264944,-0.008424205226776326,-0.0169501624020781,-0.2811193088876773
4.456891378275655,6.275797105547699,2.9819185108974158,-0.00827289408388979,-0.016993856003046436,-0.2803963688463604
4.457891578315663,6.3574637385802095,2.894161003490033,-0.00812162905713286,-0.01703741783764375,-0.2796343669751146
4.458891778355671,6.438740898811289,2.805473951389202,-0.007970430422815013,-0.017080835810833608,-0.27883317072910985
4.459891978395679,6.519621472361972,2.7158834421929896,-0.007819318177861747,-0.0171240979526571,-0.2779926551687709
4.460892178435687,6.6000983489678475,2.6254158856145167,-0.007668312036550279,-0.017167192424946017,-0.27711270303531194
4.461892378475695,6.680164422594806,2.5340980059611002,-0.007517431427307024,-0.017210107527902526,-0.27619320482441795
4.462892578515703,6.759812592058043,2.441956834493179,-0.007366695489565338,-0.0172528317065392,-0.2752340588580441
4.463892778555711,6.839035761645712,2.349019701664451,-0.007216123070682154,-0.017295353556973394,-0.27423517135430386
4.464892978595719,6.917826841745118,2.255314229246331,-0.007065732722912136,-0.017337661832570152,-0.27319645649541807
4.465893178635727,6.996178749473832,2.160868322337525,-0.006915542700438104,-0.017379745449927844,-0.2721178364936969
4.466893378675735,7.0740844093139135,2.0657101612623565,-0.006765570956456525,-0.01742159349470095,-0.2709992416555277
4.467893578715743,7.151536753749828,1.9698681933591706,-0.006615835140316976,-0.01746319522725456,-0.26984061044334134
4.468893778755751,7.2285287239102445,1.8733711246612448,-0.006466352594714544,-0.01750454008814521,-0.26864188953553203
4.469893978795759,7.305053270213138,1.7762479114730132,-0.006317140352934259,-0.017545617703422934,-0.26740303388430336
4.470894178835767,7.38110335301464,1.6785277518434956,-0.006168215136146733,-0.01758641788974952,-0.26612400677141707
4.471894378875775,7.456671943261603,1.5802400769395926,-0.006019593350754288,-0.017626930659328095,-0.26480477986181866
4.472894578915783,7.531752023147239,1.4814145423217326,-0.005871291085786954,-0.017667146224639396,-0.2634453332551167
4.473894778955791,7.606336586770566,1.3820810191242656,-0.0057233241103478725,-0.01770705500298022,-0.26204565553489195
4.474894978995799,7.680418640799039,1.2822695851433983,-0.005575707871107699,-0.01774664762079974,-0.26060574381581364
4.475895179035807,7.753991205134557,1.1820105158349192,-0.005428457489847772,-0.017785914917829524,-0.2591256037885409
4.476895379075815,7.827047313583162,1.0813342752245834,-0.005281587761051912,-0.017824847951003375,-0.2576052497623874
4.477895579115823,7.899580014527716,0.9802715067339628,-0.00513511314954685,-0.017863437998163176,-0.2560447047057285
4.478895779155831,7.971582371603571,0.8788530239242328,-0.004989047788191404,-0.017901676561547265,-0.25444400028412995
4.479895979195839,8.043047464378231,0.7771098011604853,-0.0048434054756146955,-0.01793955537105795,-0.2528031768961796
4.480896179235847,8.113968389033214,0.6750729642000081,-0.004698199674003762,-0.01797706638730508,-0.25112228370700157
4.481896379275855,8.184338259050048,0.5727737807067886,-0.004553443506941142,-0.018014201804422734,-0.249401378679436
4.482896579315863,8.254150205898386,0.47024365069501317,-0.004409149757293063,-0.01805095405265637,-0.2476405286028651
4.483896779355871,8.323397379727602,0.3675140969051197,-0.004265330865149077,-0.018087315800717943,-0.2458398091196697
4.484896979395879,8.3920729500618,0.26461675511470767,-0.00412199892581408,-0.018123279957906777,-0.2439993047492993
4.485897179435887,8.4601701064967,0.1615833643872679,-0.00397916568785379,-0.018158839675994198,-0.24211910890993957
4.486897379475895,8.527682059400304,0.05844575726250954,-0.003836842551194945,-0.01819398835087015,-0.24019932393776336
4.487897579515903,8.594602040616165,-0.04476415010998222,-0.003695040565281555,-0.018228719623950305,-0.2382400611037497
4.488897779555911,8.660923304169215,-0.1480143678894589,-0.0035537704272887343,-0.01826302738334236,-0.23624144062805805
4.489897979595919,8.726639126974497,-0.2512728425128444,-0.003413042480395745,-0.018296905764770523,-0.23420359169194432
4.490898179635927,8.791742809548621,-0.35450746671016975,-0.003272866712120033,-0.01833034915225744,-0.23212665244720715
4.491898379675935,8.856227676723595,-0.4576860895635157,-0.003133252752714154,-0.018363352178562973,-0.23001077002315226
4.492898579715943,8.920087078363785,-0.5607765266067584,-0.0029942098736276393,-0.018395909725379668,-0.22785610053106498
4.493898779755951,8.983314390084578,-0.6637465699621461,-0.0028557469860359466,-0.018428016923284853,-0.22566280906618016
4.494898979795959,9.045903013974318,-0.7665639985109104,-0.0027178726394388036,-0.018459669151449663,-0.22343106970714108
4.495899179835967,9.10784637931791,-0.869196588095182,-0.0025805950203303214,-0.01849086203710553,-0.2211610655129383
4.496899379875975,9.169137943323687,-0.9716121217468767,-0.0024439219509434255,-0.018521591454768935,-0.21885298851732116
4.497899579915983,9.229771191851368,-1.0737783999411905,-0.0023078608880712087,-0.018551853525225495,-0.21650703972067475
4.498899779955991,9.289739640143544,-1.1756632508709106,-0.0021724189219679583,-0.01858164461427475,-0.21412342907935636
4.499899979995999,9.349036833558149,-1.2772345407385233,-0.0020376027753326764,-0.018610961331237255,-0.21170237549248597
4.500900180036007,9.407656348303988,-1.3784601840626611,-0.0019034188023780367,-0.01863980052722585,-0.2092441067861863
4.501900380076015,9.465591792177708,-1.4793081539953756,-0.0017698729879877784,-0.01866815929318334,-0.20674885969526835
4.502900580116023,9.522836805303037,-1.5797464926472926,-0.0016369709469656454,-0.018696034957688925,-0.20421687984235978
4.503900780156031,9.579385060872086,-1.679743321416692,-0.0015047179233790362,-0.018723425084536238,-0.20164842171447359
4.504900980196039,9.635230265887976,-1.7792668513198961,-0.0013731187900006005,-0.018750327470085818,-0.1990437486370158
4.505901180236047,9.690366161909806,-1.8782853933186776,-0.0012421780478510955,-0.018776740140395425,-0.19640313274523152
4.506901380276055,9.744786525799242,-1.9767673686419989,-0.0011118998258468375,-0.01880266134813165,-0.19372685495308964
4.507901580316063,9.798485170468474,-2.074681319098212,-0.0009822878805551523,-0.018828089569266664,-0.19101520491960672
4.508901780356071,9.851455945630072,-2.1719959173746166,-0.0008533455960612585,-0.018853023499564178,-0.18826848101261262
4.509901980396079,9.903692738548518,-2.268679977320687,-0.0007250759839500408,-0.01887746205085895,-0.1854869902699596
4.510902180436087,9.95518947479259,-2.3647024642114536,-0.0005974816834061899,-0.018901404347134478,-0.1826710483581789
4.511902380476095,10.005940118989871,-2.4600325049881264,-0.000470564961436205,-0.018924849720403713,-0.17982097952858891
4.512902580516103,10.055938675582057,-2.5546393984715454,-0.0003443277132157448,-0.018947797706397977,-0.1769371165708596
4.513902780556111,10.105179189581799,-2.6484926255463015,-0.0002187714625658069,-0.018970248040069422,-0.17401980076403956
4.514902980596119,10.153655747330616,-2.7415618593106825,-9.389736256120961e-05,-0.01899220065091271,-0.17106938182505205
4.515903180636127,10.201362477257987,-2.8338169751899205,3.029380372519629e-05,-0.019013655658111788,-0.16808621785466746
4.516903380676135,10.24829355064127,-2.9252280610091392,0.00015380162233918056,-0.019034613365517893,-0.16507067528096067
4.517903580716143,10.294443182367035,-3.0157654270221133,0.0002766260474192907,-0.019055074256465142,-0.1620231288002624
4.518903780756151,10.339805631692673,-3.1053996158928556,0.0003987674000252272,-0.019075038988430337,-0.15894396131561422
4.519903980796159,10.384375203009446,-3.1941014126263725,0.0005202263668171901,-0.019094508387543768,-0.1558335638727385
4.520904180836167,10.42814624660579,-3.281841854445162,0.0006410039985830509,-0.01911348344295811,-0.15269233559353423
4.521904380876175,10.47111315943142,-3.3685922406079927,0.0007611017086102697,-0.01913196530108263,-0.14952068360711154
4.522904580916183,10.513270385862256,-3.4543241421676365,0.0008805212708995831,-0.01914995525969017,-0.14631902297837804
4.523904780956191,10.55461241846543,-3.5390094116639594,0.000999264818217595,-0.019167454761904623,-0.14308777663419073
4.524904980996199,10.59513379876505,-3.622620192749254,0.001117334839985503,-0.01918446539007667,-0.13982737528708866
4.525905181036207,10.634829118008062,-3.7051289297418295,0.001234734180001335,-0.019200988859555856,-0.1365382573566217
4.526905381076215,10.673693017930624,-3.786508377105396,0.0013514660339931889,-0.01921702701236722,-0.133220868888292
4.527905581116223,10.711720191524428,-3.8667316088499586,0.0014675339470011186,-0.01923258181080081,-0.1298756634701252
4.528905781156231,10.748905383803224,-3.9457720278512265,0.0015829418105854553,-0.019247655330922632,-0.1265031021468896
4.529905981196239,10.785243392569306,-4.023603375085559,0.0016976938598595205,-0.019262249756015672,-0.12310365333198203
4.530906181236247,10.820729069180032,-4.100199738776296,0.0018117946703448413,-0.01927636736995984,-0.11967779271700008
4.531906381276255,10.85535731931393,-4.175535563449126,0.001925249154647175,-0.019290010550559667,-0.11622600317902095
4.532906581316263,10.889123103736896,-4.249585658892347,0.0020380625589518095,-0.019303181762828883,-0.11274877468560836
4.533906781356271,10.922021439067734,-4.32232520901937,0.0021502404593368232,-0.019315883552240946,-0.10924660419756929
4.534906981396279,10.9540473985435,-4.393729780629886,0.002261788757903166,-0.019328118537954755,-0.10571999556948339
4.535907181436287,10.985196112784235,-4.463775332066621,0.0023727136787206424,-0.019339889406024855,-0.10216945944802851
4.536907381476295,11.015462770557082,-4.532438221764468,0.002483021763589085,-0.019351198902605483,-0.09859551316812674
4.537907581516303,11.04484261953969,-4.599695216688817,0.0025927198676142195,-0.019362049827157883,-0.09499868064693588
4.538907781556311,11.073330967083011,-4.665523500659823,0.002701815154597959,-0.019372445025670315,-0.09137949227571218
4.539907981596319,11.100923180972996,-4.729900682559887,0.0028103150922430876,-0.019382387383900263,-0.08773848480957094
4.540908181636327,11.12761469019141,-4.792804804420685,0.0029182274471725176,-0.01939187982064832,-0.08407620125517218
4.541908381676335,11.153400985675589,-4.854214349387222,0.003025560279763564,-0.01940092528107324,-0.08039319075635941
4.542908581716343,11.178277621077129,-4.914108249555669,0.0031323219387979044,-0.01940952673005763,-0.07669000847778032
4.543908781756351,11.20224021351912,-4.9724658936819575,0.0032385210559281426,-0.019417687145633748,-0.07296721548651869
4.544908981796359,11.225284444352235,-5.029267134758248,0.0033441665399621453,-0.019425409512478793,-0.06922537863176789
4.545909181836367,11.247406059909231,-5.084492297454396,0.0034492675709665685,-0.019432696815489047,-0.06546507042257668
4.546909381876375,11.268600872257997,-5.138122185421486,0.0035538335941912406,-0.01943955203344215,-0.061686868903698996
4.547909581916383,11.288864759952967,-5.190138088454538,0.0036578743138163247,-0.01944597813275672,-0.05789135752957993
4.548909781956391,11.308193668784714,-5.240521789511763,0.003761399686524437,-0.019451978061358396,-0.05407912503651087
4.549909981996399,11.326583612527784,-5.289255571587436,0.003864419914900145,-0.019457554742661302,-0.05025076531298738
4.550910182036407,11.344030673686582,-5.336322224435669,0.003966945440659526,-0.019462711069673826,-0.04640687726830417
4.551910382076415,11.360531004239196,-5.38170505114263,0.004068986937712725,-0.019467449899237394,-0.042548064699421975
4.552910582116423,11.376080826379125,-5.4253878745443025,0.0041705553050626855,-0.019471774046406834,-0.038674936156142
4.553910782156431,11.39067643325471,-5.467355043487257,0.0042716616595434775,-0.019475686278980744,-0.0347881048046241
4.554910982196439,11.404314189706279,-5.507591438930126,0.004372317328401911,-0.01947918931219008,-0.030888188289285464
4.555911182236447,11.41699053300082,-5.54608247988288,0.004472533841726334,-0.01948228580355299,-0.026975808593117392
4.556911382276455,11.428701973564106,-5.582814129181936,0.004572322924726767,-0.019484978347903727,-0.023051591896458012
4.557911582316463,11.439445095710154,-5.617772899098223,0.0046716964898707546,-0.01948726947260324,-0.019116168434259676
4.558911782356471,11.449216558367965,-5.650945856776196,0.0047706666288795515,-0.01948916163293883,-0.015170172351890237
4.559911982396479,11.458013095805368,-5.682320629501374,0.004869245604589453,-0.019490657207719985,-0.011214241559507933
4.560912182436487,11.465831518349889,-5.711885409794142,0.0049674458426833224,-0.019491758495077234,-0.007249017585050249
4.561912382476495,11.472668713106543,-5.7396289603276776,0.005065279923297568,-0.01949246770847071,-0.0032751454258776102
4.562912582516503,11.47852164467246,-5.765540618667752,0.005162760572510007,-0.01949278697291463,0.0007067266008866872
4.563912782556511,11.48338735584821,-5.789610301832518,0.005259900653714261,-0.0194927183214238,0.004695947009278355
4.564912982596519,11.487262968345696,-5.811828510670048,0.0053567131588865185,-0.019492263691687852,0.008691861296633418
4.565913182636527,11.490145683492557,-5.832186334051785,0.005453211199750638,-0.0194914249229786,0.012693812096905965
4.566913382676535,11.49203278293296,-5.8506754528799,0.005549407998847779,-0.019490203753295642,0.016701139335118974
4.567913582716543,11.492921629324622,-5.867288143906753,0.005645316880516862,-0.01948860181675496,0.020713180382904303
4.568913782756551,11.492809667032018,-5.882017283364681,0.005740951261792331,-0.01948662064122492,0.02472927021508753
4.569913982796559,11.491694422815616,-5.89485635040434,0.005836324643225811,-0.019484261646213762,0.02874874156727286
4.570914182836567,11.489573506517035,-5.90579943033983,0.005931450599638377,-0.019481526141012298,0.032770925094382904
4.571914382876575,11.486444611740033,-5.914841217699207,0.006026342770810283,-0.019478415323095154,0.0367951495301077
4.572914582916583,11.482305516527218,-5.921977019078629,0.006121014852115066,-0.019474930276783556,0.04082074184721694
4.573914782956591,11.477154084032284,-5.92720275579873,0.006215480585105058,-0.019471071972172266,0.04484702741868906
4.574914982996599,11.470988263187797,-5.9305149663617795,0.006309753748055399,-0.019466841264322875,0.04887333017961033
4.575915183036607,11.463806089368287,-5.931910808708287,0.006403848146473727,-0.019462238892725317,0.052898972789796904
4.576915383076615,11.455605685048619,-5.931388062271722,0.006497777603582738,-0.019457265481029048,0.056923276797092276
4.577915583116623,11.446385260457479,-5.928945129830134,0.006591555950782885,-0.01945192153704493,0.06094556280129239
4.578915783156631,11.436143114225848,-5.924581039153497,0.006685197018102501,-0.01944620745301852,0.06496515061865028
4.579915983196639,11.424877634030423,-5.918295444445728,0.006778714624642613,-0.019440123506174974,0.06898135944691185
4.580916183236647,11.4125872972318,-5.910088627580263,0.0068721225690237765,-0.01943366985953548,0.07299350803083401
4.581916383276655,11.399270671507264,-5.899961499128317,0.006965434619842181,-0.01942684656300465,0.07700091482813641
4.582916583316663,11.384926415478201,-5.887915599178889,0.007058664506142293,-0.019419653554727932,0.08100289817583732
4.583916783356671,11.36955327933188,-5.8739530979497125,0.007151825907913265,-0.01941209066271773,0.08499877645692444
4.584916983396679,11.353150105437585,-5.858076796188351,0.007244932446616246,-0.019404157606746474,0.08898786826731084
4.585917183436687,11.335715828956879,-5.840290125362843,0.007337997675749727,-0.019395854000504482,0.09296949258302625
4.586917383476695,11.317249478447946,-5.82059714764123,0.007431035071459926,-0.019387179354020154,0.09694296892759362
4.587917583516703,11.29775017646396,-5.799002555659386,0.007524058023203149,-0.019378133076339486,0.10090761753954072
4.588917783556711,11.277217140145192,-5.775511672076805,0.007617079824466965,-0.019368714478461675,0.10486275953999656
4.589917983596719,11.255649681804796,-5.750130448919862,0.007710113663556916,-0.01935892277652707,0.10880771710032189
4.590918183636727,11.233047209508342,-5.722865466712175,0.007803172614455348,-0.01934875709525341,0.11274181360972335
4.591918383676735,11.209409227646606,-5.693723933392,0.007896269627758828,-0.019338216471615946,0.11666437384280057
4.592918583716743,11.184735337501827,-5.662713683016305,0.007989417521700454,-0.019327299858766554,0.12057472412697519
4.5939187837567514,11.159025237807194,-5.6298431742515165,0.008082628973263208,-0.01931600613018676,0.12447219250975118
4.5949189837967594,11.13227872529939,-5.595121488650886,0.008175916509390337,-0.01930433408406911,0.12835610892575544
4.5959191838367675,11.104495695264077,-5.558558328718489,0.008269292498298568,-0.019292282447921007,0.1322258053635077
4.5969193838767755,11.075676142074364,-5.5201640157600895,0.008362769140899754,-0.019279849883384877,0.13608061603186863
4.5979195839167835,11.045820159721847,-5.47994948752093,0.008456358462336399,-0.019267034991268066,0.1399198775261156
4.5989197839567915,11.014927942340401,-5.437926295610799,0.008550072303636242,-0.01925383631677569,0.1437429289935945
4.5999199839967995,10.982999784722306,-5.394106602716698,0.008643922313490919,-0.019240252354939237,0.14754911229889733
4.6009201840368075,10.950036082826983,-5.348503179603592,0.008737919940163472,-0.019226281556233557,0.1513377721885142
4.6019203840768155,10.916037334281667,-5.3011294019035855,0.008832076423529244,-0.01921192233237441,0.15510825645490928
4.6029205841168235,10.881004138874406,-5.2519992466942895,0.008926402787254487,-0.01919717306228866,0.15885991609996958
4.6039207841568315,10.844937199038961,-5.201127288866843,0.009020909831116742,-0.019182032098248827,0.1625921054977766
4.6049209841968395,10.807837320331705,-5.1485286972845685,0.009115608123470823,-0.01916649777216348,0.1663041825566496
4.6059211842368475,10.769705411900071,-5.094219230732675,0.009210507993863973,-0.019150568402014716,0.16999550888041065
4.6069213842768555,10.730542486942845,-5.038215233660292,0.009305619525803532,-0.019134242298433808,0.1736654499288211
4.6079215843168635,10.69034966316166,-4.980533631715487,0.009400952549680146,-0.019117517771405777,0.17731337517713952
4.6089217843568715,10.649128163204265,-4.9211919270744175,0.009496516635849349,-0.01910039313709357,0.18093865827475103
4.6099219843968795,10.606879315098684,-4.8602081935657715,0.00959232108787405,-0.01908286672477225,0.1845406772028188
4.6109221844368875,10.563604552678704,-4.797601071591493,0.009688374935930182,-0.019064936883863487,0.18811881443090792
4.6119223844768955,10.51930541600034,-4.733389762845189,0.00978468693037756,-0.019046601991060452,0.19167245707253275
4.6129225845169035,10.47398355174918,-4.6675940248295875,0.009881265535497657,-0.01902786045753312,0.19520099703957888
4.6139227845569115,10.427640713638453,-4.60023416517418,0.009978118923399799,-0.0190087107362038,0.19870383119555074
4.6149229845969195,10.38027876279768,-4.5313310357548024,0.010075254968097006,-0.018989151329082653,0.20218036150759702
4.6159231846369275,10.331899668152055,-4.46090602661676,0.010172681239752415,-0.018969180794652808,0.20562999519726546
4.6169233846769355,10.282505506791933,-4.3889810597024725,0.010270404999096998,-0.01894879775529467,0.20905214488993965
4.6179235847169435,10.232098464332873,-4.3155785823863875,0.010368433192019027,-0.01892800090473888,0.21244622876291022
4.6189237847569515,10.180680835265653,-4.240721560817923,0.010466772444325458,-0.018906789015537363,0.21581167069203383
4.6199239847969595,10.128255023296134,-4.164433473074856,0.0105654290566752,-0.018885160946541857,0.2191479003969329
4.6209241848369675,10.074823541675594,-4.086738302129042,0.010664408999683966,-0.018863115650379313,0.2224543535846903
4.6219243848769755,10.0203890135201,-4.007660528625904,0.010763717909200164,-0.018840652180913475,0.22573047209199282
4.6229245849169835,9.96495417212021,-3.927225123480656,0.010863361081751082,-0.018817769700682038,0.22897570402567863
4.6239247849569916,9.908521861239661,-3.8454575402926126,0.010963343470158371,-0.018794467488298754,0.23218950390164314
4.6249249849969996,9.851095035404093,-3.7623837075799313,0.011063669679321623,-0.01877074494580987,0.23537133278205935
4.625925185037008,9.792676760178209,-3.6780300208373826,0.01116434396216864,-0.018746601605994364,0.2385206584108685
4.626925385077016,9.733270212433005,-3.5924233344190832,0.011265370215770775,-0.01872203713959751,0.24163695534749755
4.627925585117024,9.672878680601352,-3.505590953248989,0.01136675197762155,-0.018697051362487303,0.24471970509876054
4.628925785157032,9.611505564923112,-3.417560624361002,0.01146849242207656,-0.01867164424272346,0.24776839624890154
4.62992598519704,9.549154377678446,-3.3283605282718693,0.011570594356952516,-0.01864581590752872,0.2507825245877371
4.630926185237048,9.48582874341042,-3.2380192701892287,0.0116730602202831,-0.01861956665015235,0.25376159323685676
4.631926385277056,9.421532399135643,-3.1465658710571827,0.011775892077229153,-0.018592896936615824,0.2567051127738416
4.632926585317064,9.356269194543744,-3.0540297584425877,0.01187909161714061,-0.01856580741233083,0.25961260135445946
4.633926785357072,9.29004309218505,-2.96044075726449,0.01198266015076741,-0.01853829890857985,0.2624835848327982
4.63492698539708,9.222858167646715,-2.8658290803699855,0.01208659860761653,-0.018510372448849784,0.2653175968792979
4.635927185437088,9.154718609716248,-2.7702253189585573,0.01219090753345219,-0.018482029255009195,0.2681141790966432
4.636927385477096,9.0856287205341,-2.673660432859175,0.012295587087936129,-0.018453270753319956,0.27087288113347874
4.637927585517104,9.015592915733137,-2.576165740661908,0.012400637042404848,-0.018424098580274283,0.27359326079591034
4.638927785557112,8.944615724566587,-2.477772909707797,0.012506056777780553,-0.01839451458824833,0.2762748841567555
4.63992798559712,8.87270179002318,-2.3785139459403184,0.012611845282612569,-0.018364520850963687,0.2789173256625079
4.640928185637128,8.799855868930052,-2.278421183621171,0.012718001151245854,-0.018334119668748445,0.28152016823798054
4.641928385677136,8.726082832043021,-2.177527274913622,0.01282452258211329,-0.018303313573589587,0.28408300338859394
4.642928585717144,8.65138766412422,-2.075865179337424,0.01293140737614835,-0.01827210533396882,0.2866054313002751
4.643928785757152,8.575775464006664,-1.9734681530977563,0.013038652935314754,-0.018240497959474144,0.2890870609369351
4.64492898579716,8.499251444646507,-1.8703697382927464,0.01314625626124974,-0.01820849470517967,0.29152751013549283
4.645929185837168,8.421820933161394,-1.7666037520013997,0.013254213954017557,-0.0181760990757866,0.2939264056984145
4.646929385877176,8.34348937085669,-1.6622042752574957,0.013362522210969854,-0.018143314829518368,0.2962833834837371
4.647929585917184,8.26426231323751,-1.5572056419110685,0.013471176825709669,-0.018110145981763342,0.2985980884925476
4.648929785957192,8.18414543000821,-1.451642427382964,0.013580173187155738,-0.01807659680845874,0.30087017495388785
4.6499299859972,8.103144505057845,-1.3455494373143684,0.013689506278703968,-0.01804267184920966,0.30309930640705807
4.650930186037208,8.021265436432543,-1.2389616961162813,0.01379917067748295,-0.018008375910137445,0.3052851557812911
4.651930386077216,7.938514236293686,-1.131914435422566,0.013909160553700489,-0.017973714066451908,0.3074274054727713
4.652930586117224,7.8548970308628006,-1.0244430824494195,0.014019469670078222,-0.017938691664742257,0.3095257474189725
4.653930786157232,7.7704200603524045,-0.9165832482665426,0.014130091381371517,-0.017903314324981774,0.31157988317029023
4.65493098619724,7.685089678882831,-0.80837071598286,0.014241018633971947,-0.017867587942241765,0.31358952395894485
4.655931186237248,7.598912354385042,-0.6998414288508992,0.01435224396558977,-0.017831518688110466,0.31555439076513214
4.656931386277256,7.511894668489136,-0.5910314782945211,0.014463759505013994,-0.01779511301181301,0.3174742143803996
4.657931586317264,7.424043316399121,-0.48197709186287524,0.014575556971947732,-0.017758377641028833,0.31934873546822695
4.658931786357272,7.335365106752541,-0.37271462111556286,0.01468762767691675,-0.01772131958240321,0.32117770462179174
4.65993198639728,7.245866961466042,-0.26328052944266855,0.01479996252124921,-0.01768394612175,0.32296088241889886
4.660932186437288,7.155555915566824,-0.1537113798238237,0.01491255199712486,-0.01764626482394294,0.3246980394740575
4.661932386477296,7.064439117008219,-0.044043822530662614,0.01502538618769205,-0.017608283532493194,0.3263889564876866
4.662932586517304,6.97252382647203,0.0656854172236132,0.015138454767251154,-0.017570010368811204,0.32803342429243343
4.663932786557312,6.879817417154988,0.17543955168275746,0.015251747001503193,-0.01753145373115119,0.3296312438965886
4.66493298659732,6.786327374540557,0.2851817429904031,0.015365251747862617,-0.017492622293237024,0.33118222652458396
4.665933186637328,6.6920612961559165,0.3948751156726124,0.015478957455833445,-0.017453525002568502,0.332686193654559
4.666933386677336,6.597026891313797,0.5044827691561488,0.015592852167448153,-0.017414171078407405,0.3341429770529831
4.667933586717344,6.501231980838717,0.6139677903181555,0.015706923517768905,-0.017374570009443053,0.33555241880632264
4.668933786757352,6.404684496778701,0.7232932660626126,0.015821158735450976,-0.017334731551137426,0.33691437134974084
4.66993398679736,6.307392482100824,0.8324222959192588,0.015935544643368382,-0.017294665722750218,0.33822869749282214
4.670934186837368,6.209364090372025,0.9413180046612013,0.016050067659302013,-0.017254382804044587,0.3394952704423112
4.671934386877376,6.110607585424186,1.049943554935803,0.016164713796690742,-0.017213893331674626,0.34071397382185903
4.672934586917384,6.011131341003205,1.1582621599053369,0.016279468665446238,-0.01717320809525601,0.3418847016887699
4.673934786957392,5.910943840402969,1.2662370958926454,0.016394317472832418,-0.01713233813312152,0.34300735854774256
4.6749349869974,5.810053676083214,1.3738317150272443,0.0165092450244107,-0.017091294727763526,0.34408185936160157
4.675935187037408,5.708469549271941,1.4810094578873982,0.016624235725052484,-0.01705008940096586,0.34510812955901454
4.676935387077416,5.606200269551714,1.5877338661344966,0.016739273580020413,-0.017008733908627782,0.34608610503919274
4.677935587117424,5.503254754429639,1.6939685951338643,0.016854342196120312,-0.01696724023528314,0.34701573217357323
4.678935787157432,5.3996420288917495,1.7996774265589048,0.016969424782925832,-0.01692562058831811,0.3478969678044821
4.67993598719744,5.295371224941791,1.9048242809732039,0.01708450415407804,-0.0168838873918912,0.3487297792407783
4.680936187237448,5.190451581122472,2.0093732303866503,0.017199562728662476,-0.01684205328055966,0.34951414425048044
4.681936387277456,5.08489244202157,2.113288510780853,0.017314582532666347,-0.016800131092616546,0.350250051050378
4.682936587317464,4.978703257761598,2.2165345345993037,0.017429545200518714,-0.0167581338631432,0.35093749829263043
4.683936787357472,4.871893583472991,2.319075903197987,0.017544431976716766,-0.01671607481678213,0.35157649504835925
4.68493698739748,4.764473078750415,2.420877419252099,0.017659223717541465,-0.016673967360235565,0.3521670607882375
4.685937187437488,4.656451507093509,2.5219040991138963,0.017773900892865964,-0.01663182507449536,0.3527092253600835
4.686937387477496,4.547838735330516,2.6221211851179764,0.017888443588060444,-0.01658966170681011,0.3532030289634661
4.687937587517504,4.438644733025477,2.7214941578286607,0.01800283150599715,-0.01654749116239574,0.3536485221213305
4.688937787557512,4.3288795718686455,2.8199887482259305,0.01811704396915953,-0.01650532749589608,0.3540457656486529
4.68993798759752,4.218553425050546,2.917570949824696,0.01823105992185961,-0.016463184902600216,0.3543948306181356
4.690938187637528,4.107676566619054,3.0142070307238016,0.01834485793256778,-0.01642107770942372,0.3546957983229533
4.691938387677536,3.9962593708197325,3.109863545579383,0.018458416196359365,-0.016379020365661183,0.35494876023656347
4.692938587717544,3.8843123114196545,3.2045073474992263,0.018571712537482424,-0.016337027433517632,0.3551538179695942
4.693938787757552,3.7718459610137445,3.2981055998531845,0.018684724412051358,-0.016295113578426824,0.35531108322382393
4.69493898779756,3.6588709903151844,3.3906257879950457,0.01879742891087098,-0.016253293559164588,0.35542067774326835
4.695939187837568,3.5453981674273742,3.482035730892573,0.018909802762395782,-0.01621158221776567,0.3554827332623918
4.696939387877576,3.43143835710108,3.572303592660111,0.019021822335829205,-0.016169994469252803,0.3554973914514595
4.697939587917584,3.3170025199722755,3.6613978939905967,0.019133463644367823,-0.01612854529118698,0.35546480385904977
4.698939787957592,3.2021017117847115,3.7492875234819323,0.019244702348595266,-0.01608724971304807,0.35538513185174614
4.6999399879976,3.0867470825947896,3.835941748854293,0.01935551376003091,-0.01604612280545533,0.3552585465510281
4.700940188037608,2.970949875958721,3.9213302280532343,0.019465872844838236,-0.01600517966923734,0.3550852287673842
4.701940388077616,2.8547214281040127,4.005423020235233,0.019575754227697834,-0.015964435424361382,0.3548653689316673
4.702940588117624,2.738073167082395,4.088190596631388,0.019685132195850007,-0.015923905198732276,0.35459916702371796
4.703940788157632,2.6210166119065597,4.169603851284702,0.01979398070331191,-0.015883604116871022,0.35428683249827775
4.70494098819764,2.503563371669422,4.249634111657645,0.019902273375274084,-0.015843547288483754,0.3539285842082194
4.705941188237648,2.3857251446457997,4.328253149105464,0.020009983512681247,-0.01580374979693166,0.3535246503251189
4.706941388277656,2.267513717377874,4.405433189211338,0.0201170840970021,-0.015764226687612796,0.35307526825719765
4.707941588317664,2.148940963742406,4.481146921979647,0.02022354779519285,-0.015724992956266826,0.3525806845646609
4.708941788357672,2.0300188440013103,4.555367511883408,0.020329346964859014,-0.01568606353721384,0.3520411548724635
4.70994198839768,1.9107594038351925,4.62806860776193,0.020434453659620013,-0.015647453291538684,0.3514569437805309
4.710942188437688,1.791174773359182,4.699224352564778,0.02053883963468093,-0.015609176995232262,0.3508283247714671
4.711942388477696,1.67127716612147,4.76880939293879,0.020642476352615607,-0.015571249327301433,0.3501555801157809
4.712942588517704,1.551078878085803,4.836798888653912,0.020745334989365198,-0.015533684857859284,0.3494390007746624
4.713942788557712,1.430592286595201,4.903168521864486,0.020847386440456073,-0.015496498036207607,0.3486788863003436
4.71494298859772,1.3098298493193163,4.967894506202297,0.020948601327440794,-0.015459703178923567,0.3478755447340769
4.715943188637728,1.1888041031848569,5.030953595697913,0.021048950004565706,-0.01542331445796259,0.34702929250176634
4.716943388677736,1.0675276632881836,5.092323093526668,0.021148402565668478,-0.015387345888789608,0.3461404543072877
4.717943588717744,0.9460132217910862,5.151980860576168,0.0212469288513087,-0.015351811318550821,0.3452093630235336
4.718943788757752,0.8242735467996813,5.209905323831525,0.021344498456134432,-0.015316724414298249,0.3442363595812214
4.71994398879776,0.7023214812254516,5.266075484575302,0.02144108073648736,-0.01528209865127931,0.34322179285550153
4.720944188837768,0.5801699416301994,5.320470926398927,0.02153664481824889,-0.015247947301303749,0.3421660195504058
4.721944388877776,0.45783191705311405,5.37307182302199,0.0216311596049294,-0.01521428342120022,0.341069404081175
4.722944588917784,0.3353204678212269,5.423858945916977,0.021724593786002402,-0.015181119841374838,0.33993231845450583
4.723944788957792,0.21264872434262552,5.4728136717357145,0.02181691584548527,-0.015148469154483974,0.33875514214675956
4.7249449889978,0.08982988588304472,5.5199179895347,0.02190809407076771,-0.015116343704233606,0.3375382619801727
4.725945189037808,-0.033122780674710604,5.565154507796791,0.021998096561689013,-0.015084755574317403,0.33628207199711385
4.726945389077816,-0.15619594208796694,5.608506461245695,0.0220868912398647,-0.01505371657750573,0.33498697333242833
4.727945589117824,-0.27937620002896746,5.649957717451102,0.022174445858262896,-0.015023238244897692,0.33365337408391643
4.728945789157832,-0.4026500923751859,5.68949278322125,0.022260728011030434,-0.014993331815348185,0.33228168918098805
4.72994598919784,-0.5260040945176274,5.72709681078057,0.02234570514356835,-0.014964008225081905,0.3308723402515404
4.730946189237848,-0.6494246206848869,5.762755603729694,0.02242934456285608,-0.014935278097506098,0.32942575548710357
4.731946389277856,-0.7728980252843326,5.7964556227853015,0.022511613448023358,-0.014907151733233715,0.3279423695063013
4.732946589317864,-0.8964106042595998,5.828183991297471,0.02259247886116838,-0.014879639100328497,0.32642262321667354
4.733946789357872,-1.0199485964647508,5.857928500542076,0.022671907758420564,-0.014852749824783365,0.3248669636749084
4.73494698939788,-1.143498185054952,5.885677614785897,0.02274986700124576,-0.014826493181243294,0.3232758439455324
4.735947189437888,-1.267045498893098,5.911420476122446,0.022826323367991435,-0.014800878083983674,0.3216497229581064
4.736947389477896,-1.3905766139733098,5.93514690907619,0.022901243565669027,-0.014775913078154963,0.31998906536297833
4.737947589517904,-1.5140775548600696,5.9568474249731755,0.022974594241970278,-0.0147516063313042,0.3182943413856408
4.738947789557912,-1.6375342961438237,5.976513226076112,0.023046341997513948,-0.014727965625183734,0.316566026679745
4.73994798959792,-1.7609327639127275,5.994136209481999,0.02311645339831899,-0.014704998347857252,0.3148046021788211
4.740948189637928,-1.884258837240113,6.009708970780548,0.023184894988499877,-0.014682711486112963,0.31301055394675686
4.741948389677936,-2.00749834968792,6.023224807471611,0.023251633303179416,-0.014661111618193468,0.3111843730270852
4.742948589717944,-2.1306370908258425,6.034677722140008,0.023316634881614014,-0.0146402049068516,0.30932655529113373
4.743948789757952,-2.2536608077667473,6.044062425386256,0.02337986628052599,-0.01461999709274119,0.30743760128508874
4.74494898979796,-2.376555206716622,6.051374338511639,0.02344129408763719,-0.014600493488151412,0.30551801607602513
4.745949189837968,-2.49930595454093,6.056609595956303,0.0235008849353978,-0.014581698971092988,0.3035683090969575
4.746949389877976,-2.621898680346192,6.05976504748912,0.023558605514903908,-0.014563617979744248,0.3015889939909641
4.747949589917984,-2.744318977076447,6.060838260148016,0.02361442258999698,-0.014546254507264642,0.29958058845443913
4.748949789957992,-2.8665524031251386,6.0598275199297555,0.023668303011538216,-0.01452961209698292,0.29754361407952584
4.749949989998,-2.988584483962303,6.056731833228091,0.023720213731850195,-0.014513693837966878,0.29547859619578676
4.750950190038008,-3.1104007137765417,6.051550928019382,0.023770121819318157,-0.01449850236098106,0.29338606371116416
4.751950390078016,-3.2319865571313295,6.044285254794804,0.023817994473142753,-0.014484039834838548,0.29126654895228676
4.752950590118024,-3.3533274506369937,6.034935987238433,0.02386379903823592,-0.014470307963152415,0.28912058750417746
4.753950790158032,-3.4744088046362975,6.023505022650533,0.023907503020251165,-0.014457307981492076,0.28694871804941735
4.75495099019804,-3.595216004905183,6.009994982115438,0.023949074100739327,-0.014445040654949302,0.28475148220682195
4.755951190238048,-3.7157344143672684,5.9944092104136075,0.02398848015242057,-0.014433506276118243,0.28252942436968514
4.756951390278056,-3.83594937482306,5.976751775677448,0.024025689254563106,-0.014422704663493307,0.2802830915436468
4.757951590318064,-3.9558462086926403,5.957027468790595,0.024060669708458965,-0.014412635160288326,0.2780130331842401
4.758951790358072,-4.075410220772638,5.9352418025304585,0.024093390052986767,-0.014403296633679943,0.2757198010341745
4.75995199039808,-4.194626700006841,5.911401010453963,0.024123819080251387,-0.014394687474477684,0.2734039489604107
4.760952190438088,-4.313480921270166,5.885512045526397,0.024151925851290054,-0.014386805597222708,0.2710660327910839
4.761952390478096,-4.431958147166517,5.857582578493554,0.024177679711834356,-0.014379648440716713,0.26870661015233105
4.762952590518104,-4.550043629839209,5.827620995997202,0.02420105030811735,-0.014373212968982021,0.2663262403050797
4.763952790558112,-4.667722612795437,5.795636398434377,0.024222007602714882,-0.014367495672653323,0.26392548398185284
4.76495299059812,-4.784980332742747,5.761638597560511,0.024240521890410035,-0.014362492570801112,0.26150490322364806
4.765953190638128,-4.9018020214387406,5.725638113837273,0.02425656381406951,-0.014358199213186297,0.2590650612169453
4.766953390678136,-5.01817290755362,5.6876461735253,0.024270104380520623,-0.014354610682944989,0.25660652213090096
4.767953590718144,-5.134078218544522,5.647674705522776,0.02428111497641749,-0.014351721599701966,0.2541298509547835
4.768953790758152,-5.249503182542643,5.605736337950278,0.024289567384084974,-0.014349526123110787,0.2516356133357067
4.76995399079816,-5.364433030252265,5.561844394483051,0.024295433797328705,-0.014348017956818051,0.2491243754167164
4.770954190838168,-5.478852996861346,5.51601289043148,0.0242986868371997,-0.014347190352848767,0.24659670367528647
4.771954390878176,-5.592748323964258,5.4682565285706195,0.024299299567701833,-0.014347036116409313,0.24405316476227967
4.772954590918184,-5.7061042614957715,5.418590694720269,0.024297245511430577,-0.014347547611103956,0.24149432534142826
4.773954790958192,-5.818906069676333,5.367031453076541,0.024292498665131272,-0.014348716764560412,0.23892075192938975
4.7749549909982,-5.931139020968597,5.3135955412962,0.02428503351516537,-0.014350535074459445,0.23633301073643279
4.775955191038208,-6.042788402044224,5.258300365335358,0.02427482505287297,-0.014352993614962973,0.23373166750780744
4.776955391078216,-6.153839515762707,5.201163994043906,0.024261848789820142,-0.014356083043534742,0.23111728736585452
4.777955591118224,-6.264277683159031,5.142205153517107,0.024246080772919513,-0.01435979360814709,0.22849043465290766
4.778955791158232,-6.374088245442615,5.081443221206458,0.024227497599412725,-0.01436411515486687,0.22585167277504237
4.779955991198239,-6.483256566006001,5.018898219791069,0.02420607643170348,-0.014369037135813192,0.22320156404672717
4.780956191238247,-6.5917680324435475,4.954590810811715,0.024181795012029838,-0.014374548617479126,0.22054066953641627
4.781956391278255,-6.699608058579168,4.888542288069556,0.024154631676965042,-0.014380638289409081,0.21786954891317134
4.782956591318263,-6.806762086504381,4.820774570791233,0.02412456537173551,-0.014387294473223225,0.21518876029431794
4.783956791358271,-6.913215588624033,4.751310196562858,0.024091575664345572,-0.014394505131979773,0.21249886009422314
4.784956991398279,-7.018954069712653,4.680172314034836,0.024055642759498237,-0.014402257879865647,0.20980040287423252
4.785957191438287,-7.123963068978113,4.607384675399927,0.024016747512301612,-0.014410539992205597,0.20709394119381877
4.786957391478295,-7.228228162134066,4.532971628646854,0.023974871441750794,-0.01441933841577947,0.20438002546299333
4.787957591518303,-7.331734963480868,4.456958109592187,0.023929996743975272,-0.014428639779436984,0.20165920379603033
4.788957791558311,-7.434469127994015,4.379369633692587,0.023882106305242064,-0.014438430404998976,0.1989320218665527
4.789957991598319,-7.536416353420672,4.300232287640426,0.023831183714705106,-0.01444869631843378,0.19619902276402917
4.790958191638327,-7.6375623823828445,4.21957272074563,0.023777213276891643,-0.014459423261297054,0.19346074685173054
4.791958391678335,-7.737893004488513,4.137418136105908,0.02372018002391664,-0.01447059670242307,0.19071773162619313
4.792958591718343,-7.837394058449138,4.05379628156926,0.02366006972741647,-0.014482201849855198,0.18797051157823652
4.793958791758351,-7.936051434204084,3.968735440490446,0.023596868910193483,-0.014494223663003038,0.18521961805558215
4.794958991798359,-8.033851075051055,3.8822644222858123,0.023530564857563316,-0.014506646865013382,0.1824655791271188
4.795959191838367,-8.130778979782674,3.7944125527888213,0.023461145628397077,-0.014519455955341983,0.17970891944886033
4.796959391878375,-8.226821204829147,3.705209664409325,0.02338860006585094,-0.014532635222512849,0.17695016013164022
4.797959591918383,-8.321963866406247,3.614686086100665,0.023312917807775894,-0.014546168757051604,0.17418981861058697
4.798959791958391,-8.41619314266815,3.5228726331373164,0.023234089296800774,-0.014560040464579267,0.17142840851642366
4.799959991998399,-8.50949527586588,3.429800596706547,0.02315210579008206,-0.014574234079052624,0.16866643954863428
4.800960192038407,-8.601856574509785,3.3355017333179724,0.023066959368714182,-0.014588733176137231,0.16590441735053846
4.801960392078415,-8.69326341553703,3.240008254034272,0.022978642946794484,-0.014603521186698975,0.16314284338631607
4.802960592118423,-8.783702246482227,3.1433528135270126,0.022887150280137318,-0.014618581410399978,0.16038221482002168
4.803960792158431,-8.87315958765268,3.0455684989606793,0.022792475974632086,-0.014633897029384554,0.15762302439662873
4.804960992198439,-8.961622034306753,2.9466888187097533,0.02269461549424038,-0.014649451122040896,0.15486576032514196
4.805961192238447,-9.049076258835045,2.8467476909115725,0.022593565168627767,-0.014665226676824052,0.15211090616381606
4.806961392278455,-9.135509012945086,2.745779431859774,0.02248932220042611,-0.014681206606125789,0.1493589407075181
4.807961592318463,-9.220907129847966,2.6438187442417798,0.02238188467212259,-0.014697373760176886,0.1466103378772693
4.808961792358471,-9.305257526447319,2.540900705224775,0.022271251552572112,-0.014713710940967434,0.14386556661200228
4.809961992398479,-9.388547205530466,2.437060754393788,0.022157422703129936,-0.014730200916170732,0.1411250907625681
4.810962192438487,-9.470763257960725,2.3323346815467088,0.022040398883401903,-0.014746826433056437,0.13838936898802662
4.811962392478495,-9.551892864871155,2.226758614349919,0.021920181756609855,-0.014763570232378682,0.13565885465425337
4.812962592518503,-9.631923299859206,2.12036900585909,0.02179677389457027,-0.014780415062224947,0.13293399573489456
4.813962792558511,-9.710841931181946,2.0132026219096595,0.02167017878228442,-0.014797343691811621,0.13021523471470126
4.814962992598519,-9.788636223951473,1.905296528380814,0.021540400822138733,-0.014814338925212254,0.1275030084952729
4.815963192638527,-9.865293742330138,1.796688078338182,0.021407445337714427,-0.0148313836150047,0.12479774830323927
4.816963392678535,-9.940802151725725,1.6874148990593594,0.021271318577205663,-0.014848460675823471,0.12209987960090884
4.817963592718543,-10.015149220985359,1.5775148789465805,0.021132027716445994,-0.014865553097803822,0.11940982199941104
4.818963792758551,-10.088322824588476,1.467026154331842,0.020989580861543025,-0.014882643959904268,0.11672798917435837
4.819963992798559,-10.160310944838619,1.3559870961781866,0.020843987051121643,-0.014899716443094454,0.11405478878405383
4.820964192838567,-10.231101674052885,1.2444362966831832,0.020695256258176396,-0.014916753843395534,0.11139062239026777
4.821964392878575,-10.300683216749459,1.1324125557877167,0.020543399391533962,-0.01493373958476044,0.10873588538160735
4.822964592918583,-10.369043891832725,1.01995486759613,0.020388428296926907,-0.014950657231781694,0.10609096689950095
4.823964792958591,-10.43617213477532,0.9071024067123395,0.020230355757680212,-0.014967490502214693,0.10345624976681876
4.824964992998599,-10.502056499796911,0.7938945144959824,0.020069195495012362,-0.014984223279304678,0.10083211041914936
4.825965193038607,-10.566685662039502,0.6803706852445971,0.019904962167953,-0.015000839623905896,0.09821891883875192
4.826965393078615,-10.630048419738458,0.5665705523060534,0.019737671372879458,-0.015017323786381803,0.09561703849120172
4.827965593118623,-10.692133696389607,0.45253387412649365,0.019567339642674715,-0.015033660218275452,0.09302682626474612
4.828965793158631,-10.752930542911205,0.33830052023853063,0.01939398444550953,-0.015049833583739578,0.09044863241238689
4.829965993198639,-10.812428139800991,0.2239104571951543,0.019217624183251788,-0.015065828770716223,0.08788280049670381
4.830966193238647,-10.870615799287748,0.10940373445397507,0.01903827818950626,-0.015081630901856134,0.08532966733743338
4.831966393278655,-10.927482967477014,-0.005179529783033708,0.018855966727288252,-0.015097225345168497,0.08278956296181528
4.832966593318663,-10.983019226490402,-0.11979916276875618,0.01867071098633473,-0.015112597724392005,0.08026281055771815
4.833966793358671,-11.037214296598544,-0.2344149514448626,0.018482533080056776,-0.015127733929078603,0.07774972642955554
4.834966993398679,-11.090058038346761,-0.34898665670404044,0.018291456042137368,-0.015142620124381688,0.07525061995700098
4.835967193438687,-11.141540454673642,-0.46347402767710777,0.018097503822778634,-0.015157242760540921,0.072765793556511
4.836967393478695,-11.191651693021345,-0.5778368160377862,0.01790070128460293,-0.01517158858205625,0.07029554264566296
4.837967593518703,-11.240382047438366,-0.6920347903217268,0.01770107419821219,-0.015185644636544137,0.0678401556103141
4.838967793558711,-11.287721960673084,-0.8060277502535842,0.01749864923741016,-0.015199398283269426,0.06539991377458665
4.839967993598719,-11.333662026258802,-0.919775541077018,0.017293453974092234,-0.015212837201346726,0.0629750913736829
4.840968193638727,-11.378192990589293,-1.0332380678830004,0.017085516872807766,-0.01522594939760558,0.06056595552953325
4.841968393678735,-11.421305754984399,-1.1463753099303882,0.016874867284999737,-0.015238723214114186,0.05817276622927854
4.842968593718743,-11.462991377745647,-1.2591473349539588,0.0166615354429269,-0.015251147335356836,0.05579577630658763
4.8439687937587514,-11.503241076201281,-1.371514313454931,0.016445552453273473,-0.015263210795060692,0.05343523142580931
4.8449689937987594,-11.542046228740228,-1.4834365329681,0.01622695029045157,-0.015274902982667968,0.05109137006895715
4.8459691938387675,-11.579398376834776,-1.5948744123008674,0.016005761789601666,-0.015286213649450046,0.04876442352552429
4.8469693938787755,-11.615289227051424,-1.7057885157387656,0.015782020639296408,-0.015297132914260467,0.046454615885124416
4.8479695939187835,-11.64971065304941,-1.8161395672120906,0.015555761373953082,-0.015307651268924215,0.04416216403295377
4.8489697939587915,-11.682654697566898,-1.9258884644188907,0.015327019365960204,-0.015317759583261134,0.041887277648068155
4.8499699939987995,-11.714113574393904,-2.0349962928986067,0.015095830817523605,-0.015327449109741794,0.03963015920446765
4.8509701940388075,-11.744079670331857,-2.1434243400514132,0.014862232752237485,-0.015336711487774508,0.03739100397498066
4.8519703940788155,-11.772545547139384,-2.251134109097935,0.014626263006385866,-0.015345538747622702,0.0351700000379379
4.8529705941188235,-11.799503943463728,-2.3580873329747383,0.014387960219979935,-0.015353923313952224,0.032967328286625665
4.8539707941588315,-11.824947776757543,-2.4642459881592633,0.01414736382753669,-0.01536185800900863,0.030783162441506803
4.8549709941988395,-11.848870145180573,-2.5695723084206312,0.013904514048604369,-0.015369336055424919,0.02861766906519656
4.8559711942388475,-11.871264329485816,-2.6740287984896836,0.01365945187804006,-0.015376351078660583,0.026471007580179565
4.8569713942788555,-11.892123794889768,-2.777578247644445,0.013412219076044913,-0.015382897109073276,0.024343330289252882
4.8579715943188635,-11.911442192926309,-2.8801837432050963,0.013162858157962297,-0.015388968583624787,0.022234782398679244
4.8589717943588715,-11.92921336328376,-2.981808683933777,0.012911412383844266,-0.015394560347223446,0.020145502044033335
4.8599719943988795,-11.94543133562484,-3.0824167933343465,0.012657925747791603,-0.015399667653705427,0.018075620318722965
4.8609721944388875,-11.960090331388905,-3.181972132846653,0.012402442967072692,-0.015404286166457852,0.016025261305165985
4.8619723944788955,-11.973184765576224,-3.2804391149312138,0.012145009471026421,-0.015408411958686936,0.01399454210860261
4.8629725945189035,-11.984709248513745,-3.3777825160383173,0.011885671389754241,-0.015412041513334807,0.011983572893521968
4.8639727945589115,-11.99465858760196,-3.4739674894576775,0.01162447554260647,-0.015415171722648988,0.009992456922680418
4.8649729945989195,-12.003027789042534,-3.568959578043229,0.011361469426467858,-0.015417799887408865,0.008021290598688367
4.8659731946389275,-12.009812059546121,-3.6627247268085203,0.011096701203847363,-0.015419923715813818,0.006070163508141162
4.8669733946789355,-12.015006808020045,-3.7552292953877835,0.010830219690777014,-0.015421541322038018,0.004139158468268704
4.8679735947189435,-12.01860764723542,-3.846440070358442,0.010562074344524702,-0.015422651224457209,0.0022283515760773576
4.8689737947589515,-12.02061039547325,-3.936324277419536,0.010292315251125594,-0.015423252343553108,0.00033781225995686923
4.8699739947989595,-12.021011078149076,-4.024849593422659,0.010020993112736893,-0.01542334399950134,-0.0015323966662761793
4.8709741948389675,-12.01980592941582,-4.111984158249557,0.009748159234820485,-0.015422925909449115,-0.003382218946927539
4.8719743948789755,-12.016991393744302,-4.19769658653305,0.009473865513158028,-0.015421998184489142,-0.005211604825597515
4.8729745949189835,-12.012564127481083,-4.281955979216163,0.009198164420702901,-0.015420561326336506,-0.007020510984007313
4.8739747949589916,-12.006521000383202,-4.364731934944971,0.008921108994273397,-0.015418616223715511,-0.00880890047851171
4.8749749949989996,-11.998859097129321,-4.445994561291591,0.008642752821091426,-0.015416164148463704,-0.010576742674331148
4.875975195039008,-11.989575718806945,-4.525714485802195,0.008363150025170967,-0.015413206751360549,-0.012324013177537119
4.876975395079016,-11.978668384375263,-4.603862866866318,0.008082355253560389,-0.015409746057688377,-0.014050693764825747
4.877975595119024,-11.966134832103128,-4.680411404403066,0.007800423662442711,-0.015405784462533514,-0.01575677231111531
4.878975795159032,-11.951973020981876,-4.7553323503605,0.0075174109030978035,-0.015401324725835592,-0.017442242715004268
4.87997599519904,-11.936181132112491,-4.8285985190236556,0.007233373107730445,-0.015396369967193272,-0.019107104822127238
4.880976195239048,-11.918757570066633,-4.900183297127728,0.006948366875168087,-0.015390923660434746,-0.02075136434644721
4.881976395279056,-11.899700964221338,-4.970060653772266,0.006662449256432131,-0.015384989627961549,-0.022375032789523058
4.882976595319064,-11.879010170066646,-5.038205150132474,0.006375677740186414,-0.015378572034874293,-0.023978127357792284
4.883976795359072,-11.85668427048608,-5.104591948964273,0.006088110238066601,-0.015371675382889123,-0.025560670877909655
4.88497699539908,-11.832722577009392,-5.169196823899088,0.005799805069894061,-0.015364304504053749,-0.027122691710183198
4.885977195439088,-11.807124631037018,-5.231996168524781,0.005510820948777782,-0.015356464554272005,-0.02866422366014973
4.886977395479096,-11.77989020503622,-5.292967005249568,0.005221216966107836,-0.015348161006645997,-0.030185305888332892
4.887977595519104,-11.751019303708146,-5.352086993944912,0.004931052576443822,-0.015339399644644912,-0.031685982818227355
4.888977795559112,-11.720512165125635,-5.409334440364533,0.004640387582301701,-0.015330186555109674,-0.03316630404255352
4.88997799559912,-11.688369261841082,-5.464688304336045,0.0043492821188423755,-0.015320528121102609,-0.03462632422782784
4.890978195639128,-11.65459130196446,-5.518128207721953,0.004057796638465345,-0.015310431014611353,-0.03606610301729438
4.891978395679136,-11.619179230210475,-5.569634442146958,0.0037659918953107073,-0.015299902189116232,-0.03748570493226408
4.892978595719144,-11.582134228914963,-5.6191879764886945,0.0034739289296727813,-0.015288948872030339,-0.03888519927190861
4.893978795759152,-11.543457719019926,-5.6667704641285255,0.0031816690523285554,-0.01527757855702152,-0.04026466001155649
4.89497899579916,-11.50315136102669,-5.712364249960097,0.002889273828784189,-0.015265798996225469,-0.04162416569953972
4.895979195839168,-11.461217055917109,-5.755952377152352,0.0025968050634427365,-0.015253618192359078,-0.04296379935263949
4.896979395879176,-11.417656946042165,-5.797518593664733,0.00230432478369627,-0.01524104439074315,-0.04428364835018051
4.897979595919184,-11.372473415977712,-5.837047358511594,0.002011895223945557,-0.015228086071243513,-0.045583804326823685
4.898979795959192,-11.32566909334672,-5.874523847773659,0.001719578809550444,-0.015214751940139512,-0.046864363064107524
4.8999799959992,-11.277246849608343,-5.909933960353955,0.0014274381407140952,-0.015201050921928753,-0.04812542438078912
4.900980196039208,-11.227209800812274,-5.9432643234758595,0.0011355359763042232,-0.015186992151076906,-0.049367092022036076
4.901980396079216,-11.17556130831936,-5.974502297921061,0.000843935217614477,-0.015172584963721232,-0.050589473547521024
4.902980596119224,-11.122304979486934,-6.003635983005445,0.0005526988920691294,-0.015157838889336422,-0.05179268021847115
4.903980796159232,-11.067444668319213,-6.030654221290622,0.00026189013687424417,-0.015142763642371174,-0.05297682688372509
4.90498099619924,-11.010984476082177,-6.055546603029394,-2.8427817381500298e-05,-0.015127369113863826,-0.05414203186485038
4.905981196239248,-10.952928751882403,-6.078303470343113,-0.0003181916631731268,-0.015111665363045203,-0.0552884168403747
4.906981396279256,-10.893282093210027,-6.098915921129382,-0.0006073380325295912,-0.015095662608936671,-0.05641610672918468
4.907981596319264,-10.832049346444638,-6.117375812698277,-0.0008958035135646887,-0.015079371221951268,-0.05752522957314628
4.908981796359272,-10.769235607324614,-6.133675765135705,-0.001183524667045352,-0.015062801715505541,-0.058615916419001005
4.90998199639928,-10.704846221378894,-6.147809164392328,-0.001470438042994042,-0.015045964737649626,-0.059688301199592654
4.910982196439288,-10.638886784321427,-6.1597701650967664,-0.0017564801973218914,-0.015028871062722837,-0.06074252061447933
4.911982396479296,-10.571363142407396,-6.169553693091875,-0.0020415877084892266,-0.01501153158304188,-0.061778714009985906
4.912982596519304,-10.502281392751236,-6.177155447692861,-0.002325697194190057,-0.014993957300628611,-0.06279702325875218
4.913982796559312,-10.43164788360599,-6.182571903666309,-0.0026087453280570798,-0.014976159318984016,-0.06379759263883218
4.91498299659932,-10.359469214603857,-6.185800312929107,-0.0028906688563836986,-0.014958148834914899,-0.06478056871240029
4.915983196639328,-10.285752236957038,-6.1868387059664895,-0.003171404614859529,-0.014939937130419549,-0.06574610020412
4.916983396679336,-10.210504053619804,-6.185685892968453,-0.0034508895453157864,-0.014921535564638409,-0.06669433787923107
4.917983596719344,-10.133732019409607,-6.1823414646839225,-0.003729060712476949,-0.014902955565875555,-0.06762543442141125
4.918983796759352,-10.05544374108892,-6.176805792992175,-0.004005855320714982,-0.014884208623696561,-0.06853954431046848
4.91998399679936,-9.975647077405926,-6.169080031191092,-0.004281210730802416,-0.014865306281108067,-0.06943682369991977
4.920984196839368,-9.894350139094817,-6.159166114001946,-0.004555064476660479,-0.014846260126824154,-0.07031743029451287
4.921984396879376,-9.811561288834607,-6.147066757290496,-0.0048273542820984556,-0.014827081787624352,-0.07118152322774685
4.922984596919384,-9.727289141166935,-6.132785457504392,-0.00509801807754038,-0.014807782920807889,-0.07202926293944768
4.923984796959392,-9.641542562372088,-6.116326490826721,-0.005366994016735114,-0.01478837520674851,-0.07286081105345502
4.9249849969994,-9.554330670302612,-6.0976949120460695,-0.0056342204934458386,-0.014768870341553966,-0.07367633025547599
4.925985197039408,-9.465662834175633,-6.0768965531430466,-0.005899636158114872,-0.014749280029834,-0.074475984171162
4.926985397079416,-9.375548674321843,-6.0539380215938206,-0.006163179934499754,-0.014729615977580428,-0.07525993724446446
4.927985597119424,-9.283998061892033,-6.028826698391019,-0.0064247910362764185,-0.014709889885162608,-0.07602835461632491
4.928985797159432,-9.19102111852095,-6.001570735782547,-0.006684408983605245,-0.014690113440441408,-0.07678140200375502
4.92998599719944,-9.09662821594722,-5.9721790547289055,-0.006941973619655756,-0.014670298312004448,-0.07751924557936202
4.930986197239448,-9.000829975590618,-5.940661342079913,-0.007197425127085622,-0.014650456142525206,-0.0782420518513744
4.931986397279456,-8.90363726808492,-5.907028047471522,-0.0074507040444696465,-0.014630598542248277,-0.07894998754422293
4.932986597319464,-8.805061212767155,-5.871290379943884,-0.007701751282674303,-0.014610737082602847,-0.0796432194797315
4.933986797359472,-8.705113177122556,-5.833460304281519,-0.007950508141173387,-0.01459088328994618,-0.08032191445897219
4.93498699739948,-8.603804776185202,-5.793550537076923,-0.008196916324300285,-0.014571048639438696,-0.08098623914483859
4.935987197439488,-8.50114787189427,-5.751574542518962,-0.00844091795743231,-0.014551244549051922,-0.08163635994539109
4.936987397479496,-8.397154572404622,-5.707546527906995,-0.008682455603102551,-0.014531482373710419,-0.08227244289802761
4.937987597519504,-8.291837231353668,-5.661481438892947,-0.008921472277034576,-0.014511773399568504,-0.08289465355453252
4.938987797559512,-8.185208447082008,-5.613394954452199,-0.009157911464095376,-0.014492128838422373,-0.08350315686705669
4.93998799759952,-8.077281061809318,-5.563303481585469,-0.009391717134161833,-0.014472559822257995,-0.08409811707508069
4.940988197639528,-7.9680681607641075,-5.511224149753147,-0.009622833757895993,-0.014453077397934937,-0.08467969759341301
4.941988397679536,-7.857583071268418,-5.457174805044386,-0.009851206322424401,-0.014433692522006028,-0.0852480609012744
4.942988597719544,-7.745839361776236,-5.401174004082439,-0.01007678034691671,-0.014414416055672612,-0.08580336843251954
4.943988797759552,-7.632850840865952,-5.343241007668737,-0.010299501898058777,-0.014395258759874853,-0.0863457804670461
4.94498899779956,-7.518631556186368,-5.283395774167762,-0.01051931760541541,-0.01437623129051645,-0.08687545602344109
4.945989197839568,-7.40319579335717,-5.221658952634909,-0.010736174676677913,-0.01435734419382282,-0.08739255275291373
4.946989397879576,-7.28655807482211,-5.158051875689881,-0.010950020912791616,-0.01433860790183173,-0.08789722683456377
4.947989597919584,-7.168733158655915,-5.092596552138166,-0.011160804722958481,-0.014320032728015058,-0.08838963287203315
4.948989797959592,-7.049736037324729,-5.025315659342728,-0.011368475139509933,-0.0143016288630303,-0.08886992379158852
4.9499899979996,-6.929581936399261,-4.956232535349352,-0.011572981832645018,-0.014283406370600198,-0.08933825074168186
4.950990198039608,-6.808286313221733,-4.8853711707675505,-0.01177427512502904,-0.014265375183518739,-0.08979476299403504
4.951990398079616,-6.685864855524987,-4.812756200410623,-0.011972306006247749,-0.014247545099781607,-0.09023960784629421
4.952990598119624,-6.562333480005305,-4.738412894697501,-0.012167026147112256,-0.01422992577883905,-0.09067293052629885
4.953990798159632,-6.437708330847337,-4.662367150819145,-0.012358387913809782,-0.014212526737968967,-0.09109487409800955
4.95499099819964,-6.312005778202691,-4.584645483673351,-0.01254634438189539,-0.014195357348767899,-0.09150557936913832
4.955991198239648,-6.185242416620298,-4.505275016570543,-0.01273084935011988,-0.01417842683375751,-0.0919051848005239
4.956991398279656,-6.057435063430089,-4.42428347171406,-0.012911857354089023,-0.01416174426310401,-0.09229382641729414
4.957991598319664,-5.928600757079012,-4.341699160458497,-0.01308932367974933,-0.014145318551447881,-0.09267163772185671
4.958991798359672,-5.798756755419874,-4.2575509733493435,-0.01326320437669562,-0.0141291584548412,-0.09303874960875858
4.95999199839968,-5.667920533952277,-4.171868369947599,-0.01343345627129563,-0.014113272567789738,-0.09339529028145364
4.960992198439688,-5.536109784016886,-4.084681368443251,-0.013600036979626967,-0.01409766932039696,-0.09374138517101767
4.961992398479696,-5.403342410941471,-3.996020535060586,-0.013762904920221768,-0.014082356975606992,-0.09407715685684806
4.962992598519704,-5.269636532139959,-3.905916973260244,-0.01392201932661441,-0.01406734362654358,-0.09440272498938579
4.963992798559712,-5.1350104751634955,-3.814402312740878,-0.014077340259687732,-0.014052637193941979,-0.09471820621489559
4.96499299859972,-4.999482775705264,-3.7215086982451506,-0.014228828619813215,-0.014038245423670725,-0.09502371410233953
4.965993198639728,-4.8630721755563435,-3.6272687781734914,-0.014376446158780675,-0.014024175884340215,-0.09531935907237873
4.966993398679736,-4.725797620515716,-3.531715693010113,-0.014520155491513025,-0.014010435964994962,-0.0956052483285362
4.967993598719744,-4.587678258251458,-3.4348830635656005,-0.01465992010756177,-0.013997032872886441,-0.09588148579055371
4.968993798759752,-4.44873343611636,-3.3368049790397376,-0.014795704382378932,-0.013983973631323424,-0.09614817202997383
4.96999399879976,-4.308982698914783,-3.2375159849095585,-0.01492747358836118,-0.013971265077596702,-0.09640540420797818
4.970994198839768,-4.168445786623517,-3.1370510706464865,-0.015055193905661998,-0.013958913860975149,-0.09665327601551096
4.971994398879776,-4.027142632065321,-3.0354456572674082,-0.015178832432767825,-0.013946926440770079,-0.09689187761571685
4.972994598919784,-3.8850933585351393,-2.9327355847240075,-0.01529835719683413,-0.013935309084464925,-0.0971212955887205
4.973994798959792,-3.742318277379987,-2.828957099135062,-0.01541373716377752,-0.013924067865907285,-0.09734161287877428
4.9749949989998,-3.5988378855320726,-2.724146839865916,-0.015524942248120004,-0.01391320866356047,-0.09755290874379986
4.975995199039808,-3.454672862995177,-2.6183418264608207,-0.015631943322581675,-0.01390273715881173,-0.09775525870734801
4.976995399079816,-3.309844070284613,-2.5115794454315505,-0.01573471222741812,-0.01389265883433443,-0.09794873451300008
4.977995599119824,-3.1643725458213967,-2.4038974369085175,-0.015833221779498974,-0.013882978972501533,-0.09813340408123349
4.978995799159832,-3.018279503279202,-2.2953338811579225,-0.01592744578112414,-0.013873702653847806,-0.09830933146877248
4.97999599919984,-2.8715863288867056,-2.1859271849710766,-0.01601735902857425,-0.01386483475557832,-0.09847657683044429
4.980996199239848,-2.7243145786830465,-2.07571606792981,-0.01610293732039211,-0.013856379950120876,-0.09863519638355989
4.981996399279856,-2.576485975728371,-1.964739548554019,-0.01618415746539191,-0.013848342703720123,-0.09878524237483713
4.982996599319864,-2.4281224072683893,-1.8530369303353404,-0.01626099729039311,-0.01384072727507125,-0.09892676304988321
4.983996799359872,-2.279245921854416,-1.740647787662838,-0.016333435647676024,-0.013833537713991272,-0.09905980262525219
4.98499699939988,-2.1298787264181085,-1.6276119516457563,-0.0164014524221562,-0.013826777860126057,-0.0991844012630921
4.985997199439888,-1.980043183301377,-1.5139694958382686,-0.01646502853827488,-0.013820451341691358,-0.09930059504839514
4.986997399479896,-1.8297618072416217,-1.3997607218714034,-0.01652414596660285,-0.013814561574246322,-0.09940841596886321
4.987997599519904,-1.6790572623135798,-1.2850261449978064,-0.01657878773015512,-0.013809111759498022,-0.09950789189739985
4.988997799559912,-1.5279523588258088,-1.169806479554474,-0.01662893791041406,-0.01380410488413578,-0.09959904657723878
4.98999799959992,-1.376470050175089,-1.054142624348571,-0.016674581653058632,-0.013799543718694157,-0.09968189960971756
4.990998199639928,-1.2246334296559287,-0.9380756479720038,-0.016715705173397596,-0.013795430816443702,-0.09975646644470429
4.991998399679936,-1.0724657272275304,-0.821646774049838,-0.01675229576150454,-0.013791768512308655,-0.09982275837368365
4.992998599719944,-0.9199903062383579,-0.7048973664284631,-0.01678434178705286,-0.013788558921811057,-0.0998807825255075
4.993998799759952,-0.7672306601074008,-0.5878689143081974,-0.016811832703848836,-0.01378580394004081,-0.09993054186481438
4.99499899979996,-0.6142104089635922,-0.47060301732690757,-0.01683475905406108,-0.013783505240651455,-0.09997203519312067
4.995999199839968,-0.46095329624363085,-0.35314137059862555,-0.016853112472144872,-0.013781664274881618,-0.100005257152585
4.996999399879976,-0.3074831852477704,-0.23552574971412354,-0.01686688568845983,-0.013780282270602223,-0.10003019823244676
4.997999599919984,-0.15382405565489443,-0.11779799570826434,-0.01687607253257965,-0.013779360231389792,-0.10004684477813783
4.998999799959992,3.451162366355688e-12,5.619404333783141e-13,-0.016880667936292747,-0.013778898935626309,-0.10005517900306571
5.0,0.15396477990942567,0.11782631069270455,-0.016880667936292677,-0.013778898935626316,-0.10005517900306504
