tempo_s,phi_d,phi_e,x_m,y_m,theta_rad
0.0,0.1256857688103371,0.14139157283853773,0.0,0.0,0.0
0.0010002000400080016,0.2514109098537858,0.2827328805241538,4.541223052641401e-06,0.0,-3.633361617621629e-06
0.002000400080016003,0.377155500906991,0.42397366650699153,1.3623483941184149e-05,-3.299913811380253e-11,-1.0879348248910558e-05
0.0030006001200240046,0.5028995697775581,0.5650637100688563,2.724540417046172e-05,-1.8119675211283965e-10,-2.1710205783682938e-05
0.004000800160032006,0.6286230974249659,0.705952844232922,4.540441172508308e-05,-5.754325430130612e-10,-3.609118245455546e-05
0.005001000200040008,0.7543060211023673,0.8465909736541701,6.809674118438278e-05,-1.3944255462031303e-09,-5.398055210719694e-05
0.006001200240048009,0.8799282375188281,0.9869280924841438,9.53174341941946e-05,-2.863813585040506e-09,-7.532964088251182e-05
0.007001400280056011,1.0054696060215615,1.1269143022036063,0.00012706034029541996,-5.254995306736069e-09,-0.00010008285730008606
0.008001600320064013,1.1309099517976957,1.2664998294167136,0.00016331811810925748,-8.88377732181259e-09,-0.00012817772573084382
0.009001800360072015,1.2562290690951143,1.4056350436003093,0.00020408223687885568,-1.4108829385736742e-08,-0.00015954492324549374
0.010002000400080016,1.3814067244619046,1.5442704748019824,0.0002493429783670441,-2.132995097377411e-08,-0.0001941083198239702
0.011002200440088018,1.5064226600039312,1.6823568312805388,0.0002990894391096916,-3.098615300699409e-08,-0.0002317850219097115
0.012002400480096018,1.6312565966600643,1.8198450170825544,0.00035330953302413346,-4.3553558887957965e-08,-0.00027248541929126023
0.01300260052010402,1.7558882374945637,1.9566861495487142,0.00041198999437200084,-5.9543129398269026e-08,-0.00031611323529231534
0.014002800560112022,1.8802972710061443,2.0928315767436496,0.0004751163810756745,-7.949821639616896e-08,-0.000362565580250022
0.015003000600120024,2.0044633744531994,2.2282328948030274,0.0005426730783874789,-1.0399195063006325e-07,-0.00041173300825994493
0.016003200640128026,2.128366217194703,2.362841965191677,0.0006146433029106164,-1.3362446935259336e-07,-0.0004634995771648426
0.017003400680136026,2.2519854640462613,2.496610931866547,0.0006910091069707329,-1.6901998977900572e-07,-0.0005177429117630352
0.01800360072014403,2.375300778650814,2.6294922383383583,0.0007717513833368917,-2.1082373478246884e-07,-0.0005743342702108454
0.01900380076015203,2.4982918268634458,2.7614386446258257,0.0008568498702906162,-2.5969871755704834e-07,-0.000633138613592287
0.020004000800160033,2.6209382801498,2.8924032440963643,0.0009462831570415512,-3.163223923056774e-07,-0.0006940146786278855
0.021004200840168033,2.7432198189975465,3.0223394801872554,0.0010400286894881694,-3.813831783250649e-07,-0.0007568150534932203
0.022004400880176037,2.8651161363403777,3.151201163001267,0.0011380627763218421,-4.5557686516153243e-07,-0.0008213862567165188
0.023004600920184037,2.9866069409939753,3.278942485770783,0.001240360595472462,-5.396029068006916e-07,-0.0008875688191233554
0.024004800960192037,3.107671961103418,3.4055180411845405,0.001346896200893701,-6.341606131291869e-07,-0.0009551973687952725
0.02500500100020004,3.2282909476014536,3.530882837571123,0.0014576425296858537,-7.399452471678935e-07,-0.0010241007190078877
0.02600520104020804,3.348443677677102,3.654992314933408,0.0015725714095541016,-8.576440368225421e-07,-0.001094101959112839
0.027005401080216044,3.4681099582539967,3.77780236082822,0.0016916535665999193,-9.879321101292658e-07,-0.0011650185483266982
0.028005601120224044,3.5872696294779174,3.8992693260855114,0.0018148586334431997,-1.1314683631885887e-06,-0.0012366624123887867
0.029005801160232048,3.705902568212934,4.0193500403614175,0.0019421551576725836,-1.2888912701815452e-06,-0.001308840043048648
0.030006001200240048,3.823988691545573,4.138001827519637,0.0020735106106213245,-1.4608146450454759e-06,-0.001381352600342749
0.03100620124024805,3.9415079602964354,4.255182520835606,0.0022088913964659236,-1.6478233645543343e-06,-0.001453996017618845
0.03200640128025605,4.058440382538666,4.370850478018046,0.0023482628616446235,-1.8504690626986096e-06,-0.0015265611092652816
0.033006601320264055,4.1747660171226935,4.484964596042466,0.0024915893045927458,-2.069265806393064e-06,-0.0015988336811014105
0.03400680136027205,4.290464977206632,4.59748432579136,0.0026388339857917145,-2.3046857626559723e-06,-0.0016705946433841542
0.035007001400280055,4.4055174337917435,4.7083696864958,0.0027899591381285093,-2.5571548675013488e-06,-0.0017416201263847051
0.03600720144028806,4.519903619262356,4.817581279973304,0.0029449259775621334,-2.827048506865351e-06,-0.0018116815984882274
0.03700740148029606,4.633603830929639,4.925080304656856,0.0031036947140936043,-3.114687219949701e-06,-0.0018805459867684156
0.03800760152030406,4.746598434578589,5.0308285694100565,0.003266224563035814,-3.420332435408136e-06,-0.0019479757999876944
0.03900780156031206,4.858867868017635,5.134788507123467,0.003432473756579514,-3.744182250826723e-06,-0.0020137292539728446
0.040008001600320066,4.97039264463024,5.236923188087295,0.00360239955565153,-4.086367265954992e-06,-0.002077560399314827
0.04100820164032806,5.081153356927842,5.337196333135601,0.003775958262061239,-4.446946480132472e-06,-0.002139219251340605
0.042008401680336066,5.191130680103533,5.435572326557371,0.003953105230931181,-4.825903264323994e-06,-0.0021984519223038033
0.04300860172034407,5.300305375585835,5.532016228769795,0.004133794883407575,-5.223141418127274e-06,-0.002255000755740086
0.04400880176035207,5.40865829459192,5.626493788749257,0.004317980719646431,-5.638481322047823e-06,-0.0023086044629322365
0.04500900180036007,5.516170381679648,5.718971456215564,0.004505615332070773,-6.071656195248973e-06,-0.0023589982614290067
0.04600920184036807,5.622822678297764,5.809416393565079,0.004696650418894454,-6.522308468879146e-06,-0.002405914015560929
0.04700940188037608,5.728596326333623,5.897796487548488,0.004891036797907867,-6.989986284954229e-06,-0.002449080378895424
0.048009601920384073,5.833472571657768,5.9840803606890205,0.00508872442052082,-7.474140130630549e-06,-0.002488222938572702
0.04900980196039208,5.9374327676647205,6.068237382437062,0.005289662386057694,-7.974119617543188e-06,-0.0025230643614631483
0.05001000200040008,6.040458378809315,6.1502376800571765,0.005493798956299922,-8.489170415705827e-06,-0.002553324542086073
0.051010202040408084,6.142530984137946,6.230052149243618,0.00570108157027075,-9.018431351272057e-06,-0.002578720752228968
0.05201040208041608,6.243632280814003,6.307652464460608,0.005911456859257117,-9.560931677244253e-06,-0.002598967792205622
0.053010602120424084,6.343744087636891,6.383011089003624,0.006124870662063452,-1.0115588525985196e-05,-0.00261377814369078
0.05401080216043209,6.442848348553928,6.4561012847781605,0.006341268040492042,-1.068120455213976e-05,-0.0026228621240682766
0.05501100220044009,6.540927136164457,6.526897121792442,0.006560593295044614,-1.125646577430972e-05,-0.002625928042228942
0.05601120224044809,6.637962655215512,6.595373487360737,0.006782789980839644,-1.1839939623544107e-05,-0.002622682355753902
0.05701140228045609,6.733937246088317,6.661506095013972,0.007007800923739883,-1.2430073206411352e-05,-0.0026128298294182785
0.058011602320464095,6.828833388275016,6.725271493114487,0.007235568236684469,-1.3025191790107695e-05,-0.0025960736949496997
0.05901180236047209,6.922633703844871,6.786647073171854,0.007466033336220006,-1.3623497516729955e-05,-0.0025721158119754316
0.060012002400480095,7.015320960899297,6.845611077856817,0.0076991369592248685,-1.422306835349964e-05,-0.002540656830091418
0.0610122024404881,7.106878077015032,6.902142608710501,0.00793481917982097,-1.4821857285370428e-05,-0.0025013963519859715
0.0620124024804961,7.1972881226747685,6.956221633546141,0.008173019426467202,-1.5417691756082847e-05,-0.0024540330975503627
0.0630126025205041,7.286534324684525,7.007828993540717,0.00841367649922867,-1.600827336334851e-05,-0.002398265068908081
0.0640128025605121,7.374600069577123,7.0569464100139685,0.008656728587215869,-1.659117781345286e-05,-0.0023337897162940924
0.0650130026005201,7.461468907001018,7.103556490892397,0.008902113286187832,-1.7163855140159823e-05,-0.002260304104714992
0.06601320264052811,7.547124553093855,7.147642736855963,0.009149767616313378,-1.7723630192385546e-05,-0.002177505081320564
0.06701340268053611,7.6315508938399885,7.189189547165297,0.009399628040084438,-1.826770339468105e-05,-0.0020850894434168723
0.0680136027205441,7.714731988411341,7.228182225167374,0.0096516304803755,-1.8793151784126908e-05,-0.001982754107050692
0.0690138027605521,7.796652072490857,7.2646069834777025,0.009905710338643228,-1.9296930326796797e-05,-0.0018701962760947395
0.07001400280056011,7.877295561577883,7.298450948837211,0.010161802513260173,-1.977587351649189e-05,-0.001747113611762912
0.07101420284056811,7.956647054274762,7.329702166642099,0.01041984141797669,-2.0226697257985628e-05,-0.0016132044024844382
0.07201440288057612,8.034691335553962,7.358349605145099,0.010679761000505002,-2.0646001036548307e-05,-0.0014681677340656486
0.07301460292058412,8.111413380005025,7.384383159326635,0.010941494761219474,-2.1030270375044626e-05,-0.0013117036600678463
0.07401480296059212,8.186798355060677,7.407793654434555,0.011204975771967135,-2.137587957941527e-05,-0.0011435133723295822
0.07501500300060011,8.260831624201334,7.428572849191192,0.011470136694982494,-2.16790947728663e-05,-0.0009632993715614841
0.07601520304060812,8.333498750137394,7.446713438666626,0.011736909801900782,-2.193607721859878e-05,-0.0007707656379416657
0.07701540308061612,8.40478549796855,7.462209056817184,0.01200522699286367,-2.2142886930415822e-05,-0.0005656178016396692
0.07801560312062412,8.474677838319465,7.475054278688271,0.012275019815711692,-2.2295486570046684e-05,-0.0003475633131967662
0.07901580316063213,8.543161950451097,7.485244622280791,0.012546219485257514,-2.2389745629527405e-05,-0.00011631161369046576
0.08001600320064013,8.610224225347006,7.492776550080541,0.012818756902634305,-2.242144489647648e-05,0.00012842569538897236
0.08101620324064814,8.675851268773908,7.49764747025005,0.01309256267471348,-2.2386281199602376e-05,0.00038693468262220043
0.08201640328065612,8.740029904315836,7.499855737482475,0.013367567133586155,-2.2279872431278335e-05,0.000659498917576747
0.08301660332066413,8.802747176381155,7.499400653517294,0.0136437003561027,-2.2097762843519515e-05,0.0009463993022273803
0.08401680336067213,8.863990353181824,7.4962824673176485,0.013920892183464798,-2.1835428613199112e-05,0.0012479139029527727
0.08501700340068014,8.923746929684116,7.490502374909315,0.014199072240864563,-2.1488283671844046e-05,0.001564317783180397
0.08601720344068814,8.982004630530204,7.4820625188813965,0.014478169957165228,-2.1051685794858367e-05,0.0018958828367512698
0.08701740348069614,9.038751412929871,7.470965987548948,0.014758114584618058,-2.0520942944533965e-05,0.0022428776220760867
0.08801760352070415,9.093975469521686,7.4572168137779045,0.015038835218610155,-1.9891319860724743e-05,0.0026055671971540375
0.08901780356071214,9.147665231202943,7.440819973472747,0.015320260817437927,-1.9158044892582448e-05,0.0029842129555253576
0.09001800360072014,9.199809369927712,7.421781383727494,0.01560232022210106,-1.8316317064280852e-05,0.0033790724632284407
0.09101820364072814,9.250396801472307,7.400107900640749,0.015884942176111822,-1.7361313367190824e-05,0.0037903992968319473
0.09201840368073615,9.299416688167518,7.375807316795588,0.01616805534531476,-1.6288196270512074e-05,0.004218442882612186
0.09301860372074415,9.346858441596893,7.34888835840527,0.016451588337711757,-1.5092121441919823e-05,0.004663448336945541
0.09401880376075215,9.392711725260458,7.3193606821258275,0.016735469723287565,-1.3768245669345999e-05,0.005125656307985431
0.09501900380076016,9.436966457203155,7.287234871536703,0.01701962805383101,-1.2311734974586186e-05,0.005605302818692862
0.09601920384076815,9.479612812607405,7.252522433290768,0.01730399188274711,-1.071777290900582e-05,0.006102619111289194
0.09701940388077615,9.520641226349039,7.215235792935125,0.017588489784855388,-8.981569021212721e-06,0.0066178314931993575
0.09801960392078415,9.560042395516042,7.175388290404256,0.0178730503761698,-7.098367486169306e-06,0.007151161184553092
0.09901980396079216,9.597807281889398,7.1329941751871395,0.018157602333655713,-5.0634558848356416e-06,0.007702824167311555
0.10002000400080016,9.633927114385397,7.0880686011701695,0.018442074414959403,-2.8721741230671367e-06,0.008273031036085834
0.10102020404080816,9.668393391458775,7.0406276211577135,0.01872639547810572,-5.199234781362217e-07,0.008861986850713507
0.10202040408081617,9.701197883466033,6.990688181072366,0.019010494501159457,1.997824239091956e-06,0.00946989099065875
0.10302060412082417,9.732332634988305,6.938268113836972,0.019294300601846164,4.6855174186240606e-06,0.01009693701130087
0.10402080416083216,9.76178996711314,6.883386132940712,0.019577743057128116,7.547515295045977e-06,0.010743312502175537
0.10502100420084017,9.78956247967457,6.826061825691563,0.019860751322731244,1.05880785133682e-05,0.011409198947232323
0.10602120424084817,9.81564305345085,6.766315646157591,0.02014325505261877,1.3811359630178775e-05,0.012094771587171347
0.10702140428085617,9.84002485231923,6.704168907799704,0.020425184118407526,1.722139356353266e-05,0.012800199283921385
0.10802160432086418,9.86270132536718,6.639643775798485,0.020706468628722774,2.0822088005245156e-05,0.013525644387320733
0.10902180436087218,9.883666208959431,6.572763259077943,0.02098703894848747,2.4617213809479543e-05,0.014271262604061603
0.11002200440088018,9.902913528760232,6.503551202029067,0.021266825718141938,2.861039537172197e-05,0.01503720286895792
0.11102220444088817,9.920437601710248,6.43203227593621,0.021545759872789925,3.280510101242028e-05,0.015823607218595593
0.11202240448089618,9.936233037957475,6.358231970109397,0.02182377266126703,3.720463337972828e-05,0.016630610667423572
0.11302260452090418,9.950294742741619,6.282176582725791,0.022100795665127466,4.181211988593997e-05,0.017458341086342966
0.11402280456091218,9.962617918231327,6.203893211383664,0.02237676081754524,4.663050319232427e-05,0.018306919083850893
0.11502300460092019,9.973198065313733,6.123409743372259,0.02265160042212563,5.166253175717228e-05,0.019176457889794538
0.11602320464092819,9.982030985335703,6.04075484566112,0.022925247171623097,5.6910750461952654e-05,0.020067063241790178
0.1170234046809362,9.98911278179625,5.955957954612471,0.02319763416656146,6.237749133053159e-05,0.020978833274360884
0.11802360472094418,9.994439861989578,5.869049265420426,0.023468694933752404,6.806486435645379e-05,0.02191185841084564
0.11902380476095219,9.998008938598172,5.780059721280819,0.023738363444708206,7.39747484532996e-05,0.022866221258131775
0.12002400480096019,9.999817031235384,5.689021002295592,0.024006574133944563,8.010878254312791e-05,0.023841996504261206
0.1210242048409682,9.999861467937043,5.595965514115763,0.024273261917169425,8.646835679799199e-05,0.024839250818960563
0.1220244048809762,9.998139886601487,5.5009263763270715,0.02453836220935363,9.305460404946448e-05,0.0258580427571436
0.1230246049209842,9.994650236377554,5.403937410582509,0.024801810942679102,9.986839138103965e-05,0.026898422665433627
0.1240248049609922,9.989390778999967,5.3050331284860475,0.025063544584360335,0.00010691031191818805,0.02796043259175244
0.1250250050010002,9.982360090071664,5.2042487192319085,0.025323500154334815,0.00011418067683072402,0.029044106198021117
0.1260252050410082,9.973557060292531,5.1016200370038804,0.025581615242817983,0.00012167950756201009,0.03014946867601707
0.1270254050810162,9.962980896634065,4.997183588139205,0.025837828027718203,0.00012940652829936095,0.03127653666643022
0.1280256051210242,9.950631123459464,4.890976518061708,0.026092077291907233,0.00013736115869983104,0.032425318181160546
0.1290258051610322,9.936507583588742,4.783036597988832,0.02634430244034152,0.000145542506885363,0.0335958125288976
0.1300260052010402,9.92061043930829,4.673402211417458,0.026594443517029605,0.00015394936272104928,0.03478801024402156
0.13102620524104822,9.90294017332452,4.562112340393297,0.026842441221840818,0.0001625801913900114,0.03600189301886421
0.13202640528105622,9.883497589661106,4.4492065515689045,0.027088236927150344,0.00017143312727813044,0.03723743363936696
0.13302660532106422,9.862283814499378,4.334724982055248,0.027331772694315668,0.0001805059681815719,0.03849459592417178
0.13402680536107223,9.839300296961452,4.218708325072016,0.027572991289979278,0.00018979616984973397,0.03977333466717957
0.13502700540108023,9.81454880983567,4.101197815401791,0.027811836202192415,0.00019930084087591484,0.041073595583609394
0.1360272054410882,9.788031450243926,3.982235214653343,0.028048251656354568,0.0002090167379476395,0.04239531525959049
0.1370274054810962,9.759750640250488,3.8618627963393632,0.028282182630963316,0.00021894026146821203,0.043738421105318004
0.1380276055211042,9.729709127411926,3.740123330774011,0.02851357487316888,0.00022906745156065926,0.04510283131180133
0.13902780556111222,9.697909985267748,3.6170600697956874,0.02874237491412792,0.00023939398446482478,0.0464884548112338
0.14002800560112022,9.664356613771362,3.4927167313205847,0.02896853008415069,0.00024991516933792863,0.047895191241009896
0.14102820564112822,9.629052739661036,3.367137483732518,0.02919198852763576,0.00026062594546845966,0.04932293091141559
0.14202840568113623,9.592002416770459,3.240366930114714,0.029412699217786362,0.00027152087991279375,0.05077155477701572
0.14302860572114423,9.553210026278581,3.1124500923291967,0.029630611971102228,0.0002825941655634417,0.05224093441176101
0.14402880576115223,9.512680276898392,2.9834323949494572,0.029845677461640824,0.0002938396196573227,0.05373093198783595
0.14502900580116024,9.47041820500433,2.8533596490522983,0.030057847235041686,0.0003052506827319355,0.05524140025826734
0.14602920584116824,9.426429174697963,2.722278035874576,0.030267073722307462,0.0003168204180367599,0.0567721825433119
0.14702940588117624,9.380718877811708,2.5902340903407266,0.030473310253335256,0.0003285415114066639,0.05832311272063985
0.14802960592118425,9.333293333850214,2.4572746844670923,0.030676511070191665,0.0003404062716035229,0.05989401521933016
0.14902980596119225,9.284158889869229,2.323447010648858,0.03087663134012494,0.00035240663113167165,0.06148470501769138
0.15003000600120023,9.233322220291553,2.1887985648357278,0.031073627168307492,0.00036453414753221113,0.06309498764492082
0.15103020604120823,9.180790326659956,2.05337712960234,0.03126745561030203,0.0003767800051605849,0.06472465918661349
0.15203040608121624,9.126570537326696,1.9172307571194545,0.03145807468424442,0.00038913501745120897,0.06637350629412996
0.15303060612122424,9.070670507079484,1.78040775203212,0.031645443382736387,0.00040158962967231705,0.06804130619783211
0.15403080616123224,9.013098216703623,1.6429566542508465,0.03182952168444112,0.0004141339221735282,0.06972782672419324
0.15503100620124025,8.95386197248013,1.5049262216620847,0.0320102705653748,0.0004267576141279967,0.07143282631678792
0.15603120624124825,8.892970405619623,1.3663654127640894,0.032187652009886936,0.00043945006777033977,0.07315605406116546
0.15703140628125625,8.830432471631804,1.227323369234495,0.03236162902132255,0.00045220029313087037,0.07489724971360948
0.15803160632126426,8.766257449630354,1.087849398435774,0.032532165632359174,0.000464996953265985,0.07665614373378432
0.15903180636127226,8.700454941573053,0.9479929558648955,0.0326992269150115,0.0004778283699838757,0.07843245732126791
0.16003200640128026,8.633034871437035,0.8078036275534766,0.03286277899029673,0.0004906825300640481,0.08022590245596885
0.16103220644128827,8.564007484328918,0.6673311124246626,0.033022789037553554,0.0005035470919684367,0.08203618194242425
0.16203240648129627,8.493383345529843,0.5266252046131565,0.03317922530340785,0.000516409393041217,0.08386298945797324
0.16303260652130427,8.421173339475148,0.38573577575463547,0.03333205711037804,0.0005292564571937172,0.08570600960479967
0.16403280656131225,8.347388668668698,0.24471275725094943,0.033481254865113386,0.0005420750030701378,0.08756491796583575
0.16503300660132025,8.272040852531681,0.10360612251741298,0.033626790066258336,0.0005548514526890938,0.08943938116451769
0.16603320664132826,8.195141726185888,-0.03753413078142252,0.033768635311936225,0.0005675719405552938,0.09132905692838125
0.16703340668133626,8.11670343917133,-0.17865799850121178,0.033906764306845805,0.0005802223232349908,0.09323359415648598
0.16803360672134426,8.036738454098177,-0.3197154877860853,0.03404115186896405,0.0005927881893881389,0.09515263299065327
0.16903380676135227,7.955259545233016,-0.4606566348293749,0.03417177393584895,0.0006052548702495161,0.09708580489050307
0.17003400680136027,7.872279797019305,-0.6014315226205533,0.03429860757053607,0.0006176074505503913,0.09903273271227234
0.17103420684136827,7.787812602532123,-0.7419902986718847,0.034421630967022915,0.0006298307798716449,0.10099303079139671
0.17203440688137628,7.7018716618671474,-0.8822831927186124,0.034540823455335164,0.0006419094844185888,0.10296630502883561
0.17303460692138428,7.6144709804638895,-1.0222605343862736,0.03465616550616926,0.0006538279792070793,0.10495215298111937
0.17403480696139229,7.525624867363227,-1.1618727708188594,0.03476763873510579,0.00066557048064987,0.10695016395409564
0.1750350070014003,7.435347933399253,-1.3010704842615546,0.034875225906388564,0.0006771210195315218,0.10895991910035067
0.1760352070414083,7.343655089325557,-1.43980440959172,0.03497891093626438,0.000688463454359565,0.11098099152028001
0.1770354070814163,7.250561543875889,-1.578025451791956,0.0350786788958788,0.0006995814850790029,0.1130129463667812
0.17803560712142427,7.1560828017594496,-1.7156847033589633,0.03517451601372352,0.0007104586671366512,0.11505534095354004
0.17903580716143228,7.060234661590753,-1.852733461641985,0.03526640967763121,0.0007210784258812337,0.11710772486688072
0.18003600720144028,6.963033213754266,-1.989123246104705,0.03535434843631394,0.0007314240712845857,0.11916964008114747
0.18103620724144828,6.864494838203927,-2.124805815504421,0.035438322000441794,0.0007414788129687846,0.12124062107758625
0.1820364072814563,6.764636202197682,-2.2597331849823727,0.03551832124325841,0.00075122577552349,0.12332019496669118
0.1830366073214643,6.6634742579671515,-2.3938576430591643,0.03559433820073068,0.0007606480140972757,0.12540788161398064
0.1840368073614723,6.5610262403226844,-2.527131768529247,0.03566636607123008,0.0007697285302462464,0.12750319376916608
0.1850370074014803,6.4573096641939065,-2.6595084472483834,0.03573439921474366,0.000778450288022771,0.12960563719867488
0.1860372074414883,6.352342322105986,-2.790940888808234,0.03579843315161286,0.0007867962302867133,0.13171471082148814
0.1870374074814963,6.246142281591806,-2.92138264309204,0.035858464560798956,0.00079474929522113,0.13382990684825188
0.1880376075215043,6.1387278825403095,-3.050787616705589,0.03591449127767422,0.0008022924330339992,0.13595071092361968
0.1890378075615123,6.0301177344812515,-3.1791100892776014,0.03596651229133824,0.0008094086228271768,0.13807660227178292
0.19003800760152031,5.920330713806529,-3.306304729623758,0.03601452774145953,0.0008160808896134263,0.14020705384514387
0.19103820764152832,5.8093859609285055,-3.432326611768624,0.036058538914642675,0.0008222923214620458,0.14234153247608522
0.1920384076815363,5.6973028773754635,-3.557131230819804,0.0360985482403219,0.0008280260867533221,0.14447949903178883
0.1930386077215443,5.5841011228245785,-3.680674518688705,0.03613455928618248,0.0008332654515217707,0.14662040857205497
0.1940388077615523,5.469800612072707,-3.802912859652306,0.03616657675311154,0.000837993796867877,0.1487637105100715
0.1950390078015603,5.354421511945289,-3.9238031057504554,0.036194606469680715,0.0008421946364178468,0.15090884877608288
0.1960392078415683,5.237984238143706,-4.043302592013229,0.03621865538616323,0.0008458516338106815,0.1530552619839058
0.1970394078815763,5.1205094520315155,-4.161369151512976,0.0362387315680886,0.0008489486201917405,0.15520238360023814
0.19803960792158432,5.002018057359844,-4.277961130235693,0.0362548441893387,0.0008514696116918277,0.15734964211670682
0.19903980796159232,4.88253119693237,-4.393037401766525,0.03626700352478923,0.0008533988268707361,0.15949646122459812
0.20004000800160032,4.762070249210314,-4.506557381784148,0.03627522094250135,0.0008547207041041205,0.161642259992214
0.20104020804160833,4.6406568248578,-4.618481042358977,0.03627950889546844,0.00085541991889253,0.16378645304479603
0.20204040808161633,4.518312763228047,-4.728768926050068,0.036279880912923695,0.0008554814010714204,0.16592845074695803
0.20304060812162433,4.395060128790853,-4.837382159795839,0.03627635159121464,0.0008548903519009907,0.16806765938756682
0.20404080816163234,4.270921207501786,-4.9442824685936335,0.036268936584250976,0.0008536322610147427,0.17020348136700997
0.20504100820164034,4.145918503113607,-5.049432188963363,0.03625765259353295,0.0008516929232057377,0.17233531538678837
0.20604120824164834,4.020074733430331,-5.152794282190446,0.03624251735776763,0.0008490584550296448,0.17446255664137
0.20704140828165632,3.8934128265045502,-5.254332347343407,0.036223549642081056,0.0008457153112038112,0.17658459701224077
0.20804160832166432,3.765955916778405,-5.3540106340615585,0.036200769226834684,0.0008416503007817601,0.17870082526408726
0.20904180836167233,3.637727341168853,-5.451794055108261,0.036174196896054965,0.0008368506030827226,0.18081062724304467
0.21004200840168033,3.5087506350976576,-5.547648198685364,0.03614385442548528,0.0008313037833560398,0.18291338607694357
0.21104220844168833,3.379049528466803,-5.64153934050449,0.03610976457027002,0.0008249978081605306,0.18500848237748682
0.21204240848169634,3.248647941579773,-5.733434455610964,0.03607195105228084,0.0008179210604392116,0.1870952944442881
0.21304260852170434,3.1175699810093787,-5.823301229956194,0.036030438547095596,0.000810062354270065,0.18917319847070213
0.21404280856171234,2.9858399354126717,-5.911108071714511,0.03598525267064094,0.0008014109492739019,0.19124156875137616
0.21504300860172035,2.85348227129363,-5.996824122340461,0.035936419965509704,0.0007919565646607305,0.19329977789145128
0.21604320864172835,2.7205216287141814,-6.080419267362697,0.035883967886964754,0.000781689392896441,0.1953471970173415
0.21704340868173636,2.586982816954248,-6.161864146910754,0.035827924788641226,0.0007706001129720376,0.19738319598901755
0.21804360872174436,2.4528908101214886,-6.24113016597095,0.03576831990795946,0.0007586799032580978,0.19940714361372214
0.21904380876175236,2.3182707427113565,-6.318189504367901,0.03570518335126106,0.0007459204539276066,0.20141840786104195
0.22004400880176037,2.183147905118237,-6.393015126468162,0.0356385460786811,0.0007323139789308117,0.20341635607926176
0.22104420884176834,2.047547739098282,-6.4655807906026395,0.03556843988876938,0.0007178532275062606,0.20540035521292474
0.22204440888177635,1.9114958331847565,-6.535861058204427,0.035494897402874155,0.0007025314952127182,0.2073697720215234
0.22304460892178435,1.7750179180565444,-6.603831302659048,0.03541795204930197,0.0006863426344672288,0.20932397329924313
0.22404480896179235,1.6381398618605902,-6.6694677178638715,0.03533763804726711,0.0006692810645751562,0.2112623260956822
0.22504500900180036,1.5008876654890613,-6.732747326493847,0.035253990390644835,0.000651341781238643,0.21318419793746984
0.22604520904180836,1.363287457811942,-6.793647987970713,0.03516704483154223,0.0006325203655305418,0.2150889570507035
0.22704540908181636,1.2253654908659295,-6.852148406132863,0.03507683786370103,0.0006128129923215049,0.21697597258412726
0.22804560912182437,1.087148135000333,-6.908228136603293,0.03498340670574654,0.0005922164381485676,0.21884461483297132
0.22904580916183237,0.9486618739808661,-6.961867593853093,0.03488678928429716,0.000570728088514225,0.22069425546337307
0.23004600920184037,0.8099333000521293,-7.013048057958035,0.034787024216948736,0.0005483459446056787,0.22252426773729966
0.23104620924184838,0.6709891089596222,-7.061751681046001,0.034684150795148326,0.0005250686294246196,0.22433402673789124
0.23204640928185638,0.5318560949321147,-7.107961493432985,0.03457820896697165,0.000500895393318614,0.22612290959514428
0.23304660932186438,0.392561145625316,-7.1516614094456905,0.034469239319818705,0.0004758261189058738,0.22789029571185343
0.2340468093618724,0.25313123702761825,-7.192836232928625,0.03435728306304189,0.0004498613253859098,0.22963556698973087
0.23504700940188036,0.11359342832889016,-7.231471662433958,0.03424238201052076,0.0004230021722292993,0.23135810805562096
0.23604720944188837,-0.026025143246834546,-7.26755429609231,0.034124578563197755,0.00039525046224052785,0.2330573064877287
0.23704740948189637,-0.16569726764381437,-7.301071636162895,0.03400391569158875,0.0003666086439886242,0.23473255304177928
0.23804760952190437,-0.3053956672112992,-7.332012093261473,0.03388043691828232,0.0003370798136010264,0.23638324187702695
0.23904780956191238,-0.4450930019735305,-7.360364990264768,0.03375418630044152,0.0003066677159168946,0.23800877078203045
0.24004800960192038,-0.5847618749320819,-7.386120565889986,0.03362520841232142,0.0002753767449968209,0.2396085414001126
0.24104820964192838,-0.7243748373995915,-7.409269977948368,0.033493548327815856,0.0002432119439866477,0.2411819594544212
0.2420484096819364,-0.8639043943638707,-7.429805306271648,0.033359251603046244,0.0002101790043338583,0.2427284349725089
0.2430486097219444,-1.0033230098814605,-7.447719555310539,0.03322236425900516,0.0001762842643557562,0.2442473825103489
0.2440488097619524,-1.1426031124996,-7.463006656404419,0.033082932764267166,0.0001415347071594022,0.2457382213757042
0.2450490098019604,-1.2817171007055677,-7.475661469721521,0.03294100401777888,0.00010593795791402608,0.24720037585076768
0.2460492098419684,-1.4206373484024453,-7.4856797858690465,0.03279662533174005,6.950228047737411e-05,0.24863327541399013
0.2470494098819764,-1.5593362104102415,-7.493058327172773,0.03264984441458698,3.223657337819403e-05,0.2500363549610143
0.2480496099219844,-1.6977860279912713,-7.497794748625774,0.03250070935408931,-5.849634842208158e-06,0.25140905502463196
0.24904980996199239,-1.8359591343988406,-7.499887638506066,0.032349268600570684,-4.47461909256758e-05,0.2527508219936827
0.2500500100020004,-1.9738278604481032,-7.499336518663075,0.032195570950263444,-8.444232282579928e-05,0.2540611083308117
0.2510502100420084,-2.1113645401080308,-7.496141844472906,0.03203966552880713,-0.0001249266462642954,0.25533937278900476
0.2520504100820164,-2.2485415161134,-7.49030500446261,0.031881601774899924,-0.00016618717190939626,0.25658508062682
0.2530506101220244,-2.385331145595736,-7.481828319603644,0.031721429424111845,-0.0002082113131697474,0.2577977038222337
0.2540508101620324,-2.521705805732062,-7.470715042274912,0.03155919849286804,-0.0002509858945966561,0.25897672128502064
0.2550510102020404,-2.6576378994103864,-7.4569693548959135,0.031394959262609864,-0.00029449716088685604,0.2601216190675871
0.2560512102420484,-2.7930998609107607,-7.440596368230541,0.031228762264141067,-0.0003387307864772987,0.26123189057417756
0.2570514102820564,-2.9280641616007825,-7.421602119362298,0.031060658262165808,-0.00038367188572283886,0.26230703676837475
0.2580516103220644,-3.062503315644444,-7.399993569341765,0.030890698240024748,-0.00042930502364705295,0.2633465663788131
0.2590518103620724,-3.196389885723106,-7.375778600507267,0.030718933384634828,-0.00047561422725581244,0.26434999610302806
0.2600520104020804,-3.3296964887675133,-7.348966013479818,0.03054541507163792,-0.0005225829974026365,0.26531685080936157
0.26105221044208843,-3.4623958016995857,-7.31956552383352,0.03037019485076288,-0.0005701943211942603,0.2662466637368465
0.26205241048209643,-3.594460567182938,-7.287587758442773,0.030193324431405006,-0.0006184306849242904,0.2671389766929925
0.26305261052210444,-3.7258635993808134,-7.253044251507628,0.030014855668426387,-0.0006672740875222595,0.2679933402493966
0.26405281056211244,-3.856577789720318,-7.215947440258895,0.02983484054817997,-0.0007167060545048655,0.2688093139351018
0.26505301060212044,-3.98657611266173,-7.176310660344618,0.02965333117475972,-0.0007667076524156498,0.2695864664276297
0.26605321064212845,-4.115831631471684,-7.134148140899697,0.029470379756478562,-0.0008172595037388795,0.2703243757416096
0.26705341068213645,-4.244317503999031,-7.089474999300487,0.029286038592575395,-0.0008683418022729038,0.27102262941493305
0.26805361072214445,-4.372006988452086,-7.042307235606413,0.029100360060151688,-0.000919934328947796,0.2716808246923576
0.26905381076215246,-4.498873449176137,-6.992661726690668,0.02891339660133786,-0.0009720164680716391,0.27229856870648866
0.27005401080216046,-4.624890362429885,-6.940556220062195,0.02872520071068889,-0.0010245672239893875,0.272875478656067
0.2710542108421684,-4.750031322159665,-6.88600932738129,0.028535824922808227,-0.0010775652381378206,0.27341118198149056
0.2720544108821764,-4.874270045770096,-6.8290405176712285,0.028345321800198376,-0.0011309888064797314,0.27390531653750066
0.2730546109221844,-4.997580379890026,-6.769670110228427,0.02815374392133625,-0.0011848158973000607,0.2743575307629623
0.2740548109621924,-5.1199363061324,-6.707919267233862,0.02796114386897054,-0.001239024169346432,0.27476748384767113
0.2750550110022004,-5.241311946846887,-6.643809986068355,0.0277675742186382,-0.0012935909902961047,0.2751348458961179
0.2760552110422084,-5.361681570863922,-6.577365091334698,0.02757308752739645,-0.0013484934555311086,0.27545929808814495
0.27705541108221643,-5.481019599228962,-6.5086082265894785,0.02737773632276623,-0.0014037084072030027,0.27574053283642797
0.27805561112222443,-5.599300610925579,-6.437563845787719,0.027181573091882773,-0.0014592124535684255,0.2759782539407186
0.27905581116223244,-5.716499348586256,-6.364257204443427,0.02698465027084828,-0.001514981988576343,0.27617217673878375
0.28005601120224044,-5.832590724189412,-6.288714350509351,0.026787020234281447,-0.0015709932116876623,0.27632202825397895
0.28105621124224844,-5.947549824741595,-6.210962114979273,0.02658873528505814,-0.001627222147907651,0.27642754733939384
0.28205641128225645,-6.061351917943317,-6.131028102216312,0.026389847644237106,-0.0016836446680114057,0.27648848481850924
0.28305661132226445,-6.173972457837409,-6.048940680010721,0.026190409441164294,-0.0017402365089424234,0.27650460362230594
0.28405681136227245,-6.285387090438531,-5.964728969370898,0.025990472703749035,-0.0017969732943641631,0.27647567892276664
0.28505701140228046,-6.3955716593425365,-5.878422834051296,0.025790089348904963,-0.0018538305553443429,0.2764014982627142
0.28605721144228846,-6.504502211314397,-5.790052869821036,0.02558931117314832,-0.0019107837511515833,0.2762818616819293
0.28705741148229647,-6.612155001853396,-5.699650393477198,0.025388189843346037,-0.0019678082901438995,0.27611658183949295
0.28805761152230447,-6.718506500734241,-5.607247431606765,0.025186776887605702,-0.002024879550728454,0.27590548413229987
0.28905781156231247,-6.823533397522885,-5.512876709101278,0.024985123686299328,-0.002081972902371905,0.2756484068096902
0.2900580116023205,-6.927212607065594,-5.416571637428449,0.02478328146321267,-0.0021390637266406345,0.2753452010841483
0.2910582116423285,-7.0295212749501355,-5.31836630266493,0.024581301276811678,-0.0021961274382500933,0.27499573123801807
0.2920584116823365,-7.130436782937614,-5.218295453294633,0.02437923401161751,-0.0022531395061024958,0.27459987472618713
0.2930586117223445,-7.229936754363755,-5.116394487776992,0.02417713036968145,-0.0023100754742920787,0.274157522274691
0.2940588117623525,-7.32799905950828,-5.012699441889686,0.02397504086215102,-0.002366910983057166,0.27366857797519195
0.2950590118023605,-7.424601820931061,-4.907246975850427,0.023773015800918475,-0.0024236217896583113,0.2731329593752881
0.2960592118423685,-7.519723418773785,-4.800074361222446,0.023571105290342884,-0.0024801837891618426,0.272550597564608
0.2970594118823765,-7.613342496025772,-4.69121946760843,0.02336935921903702,-0.0025365730351081983,0.27192143725665013
0.2980596119223845,-7.705437963752655,-4.580720749137701,0.02316782725171029,-0.0025927657600445376,0.2712454368663259
0.29905981196239245,-7.7959890062866615,-4.468617230751555,0.022966558821059007,-0.0026487383959012023,0.27052256858316653
0.30006001200240046,-7.884975086377149,-4.35494849429165,0.022765603119695374,-0.0027044675941917565,0.269752818440157
0.30106021204240846,-7.972375950300055,-4.239754664396551,0.02256500909210683,-0.0027599302460163963,0.26893618637816025
0.30206041208241646,-8.058171632925115,-4.1230763942113855,0.022364825426637217,-0.0028151035018487967,0.268072686305896
0.30306061212242447,-8.142342462739347,-4.004954850915914,0.022165100547481793,-0.0028699647910865166,0.2671623461554423
0.30406081216243247,-8.22486906682569,-3.885431701076082,0.021965882606688046,-0.00292449184134535,0.2662052079332265
0.3050610122024405,-8.305732375795413,-3.7645490958243975,0.021767219476154617,-0.0029786626974781876,0.26520132776647554
0.3060612122424485,-8.384913628673045,-3.6423496558744604,0.021569158739620828,-0.0030324557402991877,0.26415077594509756
0.3070614122824565,-8.462394377732503,-3.518876456375019,0.02137174768463969,-0.003085849704994298,0.26305363695896594
0.3080616123224645,-8.538156493283212,-3.394173011608944,0.021175033294527405,-0.0031388236991994264,0.26191000953058124
0.3090618123624725,-8.612182168404928,-3.268283259542715,0.02097906224028293,-0.003191357220727836,0.26072000664308587
0.3100620124024805,-8.684453923629915,-3.1412515462318433,0.020783880872471263,-0.0032434301749286413,0.2594837555636093
0.3110622124424885,-8.754954611571344,-3.0131226100879096,0.020589535213064735,-0.003295022891658584,0.2582013978619225
0.3120624124824965,-8.823667421496575,-2.8839415660128123,0.020396070947236795,-0.003346116141849601,0.25687308942438164
0.3130626125225045,-8.890575883844106,-2.7537538894059077,0.020203533415103312,-0.003396691153655048,0.25549900046314417
0.3140628125625125,-8.95566387468292,-2.62260540004976,0.020011967603406778,-0.003446729628157794,0.25407931552063934
0.3150630126025205,-9.018915620113045,-2.4905422458802637,0.019821418137139307,-0.0034962137546237955,0.2526142334692799
0.3160632126425285,-9.080315700606063,-2.3576108866470076,0.01963192927110074,-0.0035451262252851504,0.25110396750640085
0.3170634126825365,-9.13984905528433,-2.22385807746959,0.0194435448813887,-0.0035934502496370456,0.2495487451444141
0.3180636127225445,-9.19750098613774,-2.0893308522958076,0.019256308456817937,-0.0036411695682334513,0.24794880819616935
0.3190638127625525,-9.253257162176812,-1.9540765072677273,0.019070263090266746,-0.0036882684659668573,0.24630441275551235
0.3200640128025605,-9.307103623520886,-1.8181425840013703,0.018885451469948904,-0.0037347317848178212,0.24461582917303457
0.32106421284256853,-9.359026785420259,-1.6815768527861312,0.01870191587060997,-0.0037805449360605726,0.242883342027009
0.32206441288257653,-9.409013442211078,-1.5444272957098832,0.018519698144647434,-0.003825693911911428,0.24110725008950884
0.32306461292258454,-9.457050771201823,-1.406742089715679,0.01833883971315471,-0.00387016529660728,0.23928786628770737
0.32406481296259254,-9.503126336490219,-1.2685695895962115,0.018159381556889544,-0.003913946276901965,0.23742551766035924
0.32506501300260054,-9.547228092709409,-1.1299583109320186,0.017981364207167966,-0.003957024651968858,0.2355205453094646
0.32606521304260855,-9.589344388702306,-0.9909569129794547,0.017804827736685524,-0.003999388842698617,0.23357330434711954
0.32706541308261655,-9.629463971122913,-0.8516141815146109,0.017629811750268044,-0.004041027900381569,0.23158416383755792
0.3280656131226245,-9.667575987963577,-0.7119790116391367,0.0174563553755548,-0.004081931514764846,0.22955350673439126
0.3290658131626325,-9.70366999200699,-0.5721003905542507,0.017284497253617442,-0.004122090021474989,0.2274817298130544
0.3300660132026405,-9.737735944201921,-0.43202738030881066,0.017114275529518858,-0.0041614944087973275,0.22536924359846866
0.3310662132426485,-9.76976421696154,-0.2918091005278117,0.016945727842816297,-0.0042001363238041755,0.22321647228793196
0.3320664132826565,-9.799745597383302,-0.1514947111272308,0.01677889131801404,-0.004238008077824437,0.22102385366925076
0.3330666133226645,-9.82767129038928,-0.011133395021434827,0.01661380255497124,-0.004275102651247962,0.21879183903412844
0.3340668133626725,-9.853532921785966,0.1292256591707703,0.01645049761927115,-0.004311413697658653,0.21652089308682668
0.3350670134026805,-9.877322541242494,0.2695332744152602,0.016289012032558472,-0.004346935547291011,0.2142114938481182
0.33606721344268853,-9.8990326251862,0.4097403025408778,0.016129380762852155,-0.004381663209805537,0.2118641325545509
0.33706741348269653,-9.918656079614625,0.5497976415007076,0.01597163821484136,-0.004415592376379127,0.209479313553045
0.33806761352270454,-9.936186242822883,0.6896562526102582,0.01581581822017291,-0.004448719421107318,0.20705755419084657
0.33906781356271254,-9.951616888045448,0.8292671777564823,0.01566195402773898,-0.004481041401715998,0.20459938470086197
0.34006801360272054,-9.964942226011432,0.9685815565715893,0.015510078293974223,-0.0045125560595809504,0.2021053480824004
0.34106821364272855,-9.976156907412339,1.1075506435654927,0.015360223073172,-0.004543261819054357,0.19957599997735204
0.34206841368273655,-9.985256025281437,1.2461258252110166,0.015212419807829796,-0.004573157786098157,0.19701190854183195
0.34306861372274455,-9.99223511728378,1.38425863697573,0.015066699319034291,-0.004602243746224939,0.19441365431332133
0.34406881376275256,-9.997090167916014,1.5219007802944513,0.014923091796896958,-0.004630520161747844,0.1917818300733385
0.34506901380276056,-9.999817610615079,1.6590041394764259,0.014781626791051371,-0.004657988168341703,0.18911704070567478
0.34606921384276856,-10.000414329774927,1.795520798541354,0.014642333201223792,-0.0046846495709184895,0.18641990305023137
0.34706941388277657,-9.998877662670424,1.9314030579781694,0.014505239267888837,-0.004710506838820915,0.1836910457524946
0.34806961392278457,-9.995205401287599,2.066603451420856,0.014370372563022376,-0.004735563100338821,0.1809311091086893
0.3490698139627926,-9.989395794059437,2.2010747622353306,0.014237759980963981,-0.004759822136553817,0.178140744906651
0.3500700140028006,-9.981447547506395,2.3347700400117017,0.014107427729401543,-0.004783288374518421,0.17532061626245943
0.3510702140428086,-9.971359827780882,2.46764261695602,0.013979401320490786,-0.004805966879776752,0.17247139745287698
0.3520704140828166,-9.959132262114961,2.599646124175791,0.013853705562122625,-0.004827863348234641,0.16959377374363815
0.3530706141228246,-9.944764940170502,2.7307345078536773,0.013730364549351396,-0.004848984097387792,0.16668844121363632
0.3540708141628326,-9.928258415291056,2.8608620453035463,0.013609401655997113,-0.00486933605691746,0.16375610657505674
0.3550710142028406,-9.909613705654817,2.9899833609034205,0.013490839526434947,-0.004888926758663851,0.1607974869895055
0.35607121424284854,-9.888832295327887,3.1180534418996957,0.013374700067585173,-0.004907764325988279,0.15781330988018596
0.35707141428285655,-9.865916135217283,3.24502765407709,0.013261004441116766,-0.0049258574625358304,0.1548043127401747
0.35807161432286455,-9.840867643922962,3.3708617572889366,0.01314977305587794,-0.004943215440411094,0.15177124293685343
0.35907181436287255,-9.813689708488297,3.495511920842339,0.013041025560566622,-0.004959848087780245,0.14871485751254948
0.36007201440288056,-9.784385685048374,3.6189347387329143,0.012934780836653982,-0.004975765775913503,0.14563592298144434
0.36107221444288856,-9.75295939937554,3.741087244723706,0.012831056991573836,-0.0049909794056827135,0.14253521512280756
0.36207241448289657,-9.719415147321625,3.8619269272631636,0.01272987135219067,-0.0050055003935295245,0.1394135187706162
0.36307261452290457,-9.683757695156348,3.9814117442369312,0.012631240458558778,-0.005019340656920294,0.1362716275996209
0.3640728145629126,-9.645992279801332,4.0995001375483415,0.012535180057984777,-0.005032512599304569,0.13311034390792084
0.3650730146029206,-9.606124608959242,4.216151047522566,0.012441705099405502,-0.005045029094594608,0.12993047839611174
0.3660732146429286,-9.564160861137644,4.331323927129427,0.012350829728093008,-0.005056903471184068,0.1267328499430716
0.3670734146829366,-9.52010768556703,4.444978756019996,0.012262567280698007,-0.005068149495524591,0.12351828537845064
0.3680736147229446,-9.473972202012645,4.557076054372034,0.012176930280642777,-0.0050787813552796044,0.12028761925193308
0.3690738147629526,-9.425762000479722,4.667576896539612,0.012093930433874162,-0.005088813642075234,0.11704169359933944
0.3700740148029606,-9.375485140811692,4.776442924502075,0.012013578624986827,-0.005098261333868752,0.11378135770563921
0.3710742148429686,-9.323150152181059,4.883636361107852,0.011935884913726545,-0.005107139776955511,0.11050746786494543
0.3720744148829766,-9.268766032472557,4.989120023108427,0.011860858531882769,-0.0051154646676358035,0.10722088713756306
0.3730746149229846,-9.212342247558352,5.092857333978083,0.011788507880579259,-0.0051232520335635235,0.10392248510416485
0.3740748149629926,-9.153888730464892,5.194812336514954,0.011718840527971003,-0.005130518214798976,0.10061313761716922
0.3750750150030006,-9.093415880431287,5.2949497052191035,0.011651863207355123,-0.005137279844588542,0.09729372654939569
0.3760752150430086,-9.030934561858796,5.393234758443379,0.011587581815702876,-0.005143553829894289,0.09396513954007468
0.3770754150830166,-8.966456103151417,5.489633470312857,0.011526001412619287,-0.0051493573316969635,0.09062826973828933
0.3780756151230246,-8.899992295447193,5.584112482408832,0.011467126219736296,-0.00515470774509608,0.0872840155439281
0.3790758151630326,-8.831555391240235,5.676639115213382,0.011410959620544727,-0.005159622679231113,0.08393328034622798
0.38007601520304063,-8.761158102893148,5.767181379310536,0.01135750416066968,-0.005164119937048014,0.08057697225998879
0.38107621524304863,-8.688813601039957,5.855707986340337,0.011306761548593334,-0.005168217494935486,0.0772160038595405
0.38207641528305664,-8.614535512879243,5.942188359701962,0.01125873265682844,-0.005171933482255605,0.07385129191054572
0.38307661532306464,-8.538337920357561,6.026592645002383,0.011213417523545098,-0.005175286160793509,0.07048375709972123
0.3840768153630726,-8.460235358243027,6.108891720246922,0.011170815354652757,-0.0051782939041509525,0.06711432376256256
0.3850770154030806,-8.380242812089085,6.189057205768366,0.011130924526338579,-0.005180975177108604,0.06374391960915596
0.3860772154430886,-8.298375716088513,6.26706147389117,0.01109374258806272,-0.005183348514981947,0.06037347544816625
0.3870774154830966,-8.214649950817611,6.342877658327597,0.01105926626601025,-0.005185432502995656,0.057003924909083535
0.3880776155231046,-8.129081840870738,6.416479663302613,0.011027491466998779,-0.005187245755701234,0.05363620416281906
0.3890778155631126,-8.041688152385221,6.487842172404381,0.010998413282840128,-0.005188806896462626,0.050271251640737126
0.3900780156031206,-7.9524860904567705,6.5569406571575835,0.010972025995153652,-0.005190134537034364,0.04691000775221216
0.3910782156431286,-7.861493296445608,6.623751385316498,0.010948323080628097,-0.005191247257256665,0.04355341460080032
0.3920784156831366,-7.768727845173378,6.688251428875246,0.010927297216728192,-0.005192163584891662,0.04020241569911581
0.3930786157231446,-7.674208242011094,6.750418671792426,0.010908940287841446,-0.0051929019756247205,0.036857955682502594
0.3940788157631526,-7.577953419858394,6.810231817427677,0.010893243391859929,-0.005193480793254535,0.03352098002159272
0.3950790158031606,-7.479982736014274,6.867670395687617,0.010880196847191126,-0.005193918290095337,0.030192434733843147
0.39607921584316863,-7.380315968939617,6.922714769878906,0.01086979020019129,-0.005194232587614252,0.026873266094143332
0.39707941588317663,-7.278973314911834,6.97534614326613,0.010862012233014025,-0.0051944416573264296,0.023564420344586407
0.39807961592318464,-7.175975384571961,7.025546565332386,0.01085685097186624,-0.005194563301970148,0.020266843403497155
0.39907981596319264,-7.071343199364552,7.073298937740536,0.0108542936956629,-0.0051946151369836845,0.01698148057381048
0.40008001600320064,-6.965098187870697,7.118587019993212,0.010854326945071479,-0.005194614572305219,0.01370927625089437
0.40108021604320865,-6.857262182034805,7.1613954347897355,0.010856936531936348,-0.00519457879451655,0.01045117362991185
0.40208041608321665,-6.747857413285275,7.2017096730782795,0.010862107549072818,-0.005194524749350868,0.007208114412816489
0.40308061612322466,-6.636906508549799,7.239516098801624,0.010869824380419954,-0.005194469124584246,0.003981038515076656
0.40408081616323266,-6.524432486165668,7.274801953335055,0.010880070711540814,-0.005194428333329919,0.0007708837722236678
0.40508101620324066,-6.410458751685645,7.3075553596150336,0.010892829540458192,-0.005194418497753806,-0.0024214143536805985
0.40608121624324867,-6.295009093579919,7.337765325957289,0.010908083188813538,-0.005194455433229067,-0.005594923067560953
0.40708141628325667,-6.178107678834798,7.365421749563286,0.010925813313336242,-0.0051945546329468404,-0.008748712534735109
0.4080816163232647,-6.059779048448699,7.390515419713932,0.01094600091761004,-0.005194731252999584,-0.011881856174112889
0.4090818163632727,-5.940048112826064,7.413038020649611,0.010968626364122968,-0.005195000097952754,-0.0149934309510923
0.4100820164032807,-5.818940147069919,7.432982134135737,0.010993669386586866,-0.0051953756069198056,-0.018082517670056322
0.4110822164432887,-5.696480786173739,7.450341241713071,0.011021109102512135,-0.005195871840154756,-0.021148201266374178
0.4120824164832967,-5.572696020113326,7.465109726632231,0.011050924026023166,-0.0051965024661757885,-0.02418957109781089
0.41308261652330464,-5.447612188839499,7.477282875471904,0.011083092080899574,-0.00519728074943257,-0.027205721235248753
0.41408281656331264,-5.321255977172294,7.486856879440332,0.011117590613828165,-0.005198219538529193,-0.030195750752625622
0.41508301660332064,-5.193654409597603,7.493828835359868,0.011154396407850315,-0.00519933125501381,-0.033158764015991424
0.41608321664332865,-5.064834844966918,7.498196746334403,0.01119348569598936,-0.005200627882745236,-0.0360938709715904
0.41708341668333665,-4.934824971101217,7.4999595220996165,0.011234834175042386,-0.0052021209578459494,-0.039000187432870724
0.41808361672334465,-4.803652799299732,7.499116979056155,0.011278417019520768,-0.005203821559250105,-0.041876835366327005
0.41908381676335266,-4.671346658754598,7.4956698399858634,0.011324208895723697,-0.005205740299854312,-0.04472294317608012
0.42008401680336066,-4.537935190872328,7.4896197334514145,0.01137218397592897,-0.005207887318278098,-0.0475376459870993
0.42108421684336866,-4.403447343503012,7.480969192879683,0.011422315952685254,-0.005210272271240143,-0.05032008592697169
0.42208441688337667,-4.267912365078286,7.469721655329428,0.011474578053190137,-0.005212904326555492,-0.05306941240612475
0.42308461692338467,-4.131359798659159,7.455881459943859,0.011528943053738314,-0.0052157921567581285,-0.055784782396407585
0.4240848169633927,-3.993819475894549,7.439453846088864,0.011585383294224375,-0.005218943933352451,-0.05846536070793726
0.4250850170034007,-3.8553215108918955,7.420444951177699,0.011643870692684808,-0.005222367321696324,-0.06111032026411677
0.4260852170434087,-3.715896294000629,7.398861808183125,0.011704376759863988,-0.005226069476517575,-0.06371884237473187
0.4270854170834167,-3.5755744855099025,7.374712342838051,0.011766872613789147,-0.005230057038064938,-0.06629011700703417
0.4280856171234247,-3.4343870092616107,7.348005370525833,0.01183132899433951,-0.005234336128893667,-0.06882334305471875
0.4290858171634327,-3.292365046179823,7.318750592861519,0.011897716277795116,-0.005238912351285175,-0.07131772860470476
0.4300860172034407,-3.149540027718028,7.286958593965458,0.011966004491351049,-0.005243790785299302,-0.07377249120162827
0.4310862172434487,-3.0059436292251926,7.252640836430723,0.012036163327583203,-0.005248975987456981,-0.07618685810995714
0.4320864172834567,-2.861607763232095,7.215809656985947,0.012108162158851993,-0.005254471990050312,-0.07856006657363832
0.4330866173234647,-2.7165645726591174,7.176478261855349,0.01218197005163082,-0.005260282301076281,-0.08089136407318866
0.4340868173634727,-2.5708464239467705,7.134660721817669,0.012257555780746505,-0.005266409904789615,-0.08318000858014102
0.4350870174034807,-2.4244859001104175,7.090371966966016,0.012334887843519302,-0.005272857262869508,-0.08542526880875811
0.4360872174434887,-2.277515793720452,7.0436277811705414,0.012413934473790559,-0.005279626316194254,-0.08762642446492744
0.4370874174834967,-2.1299690998093164,6.994444796246216,0.012494663655826549,-0.005286718487217112,-0.08978276649215121
0.4380876175235047,-1.98187900870685,6.942840485827762,0.012577043138087487,-0.005294134682936039,-0.09189359731454623
0.43908781756351273,-1.8332788988053306,6.888833158954239,0.012661040446851233,-0.005301875298449263,-0.09395823107676927
0.44008801760352073,-1.6842023292556974,6.832441953365535,0.012746622899681712,-0.005309940221088027,-0.09597599388078468
0.4410882176435287,-1.5346830325964012,6.773686828513471,0.012833757618732592,-0.005318328835117208,-0.09794622401939135
0.4420884176835367,-1.3847549073164824,6.712588558289997,0.012922411543877362,-0.005327040026993898,-0.09986827220642833
0.4430886177235447,-1.2344520103542873,6.64916872347526,0.013012551445657383,-0.005336072191173474,-0.10174150180357647
0.4440888177635527,-1.0838085495334449,6.583449703908401,0.013104143938040243,-0.0053454232364520925,-0.10356528904367894
0.4450890178035607,-0.9328588759377044,6.515454670383941,0.013197155490981136,-0.005355090592834042,-0.10533902325050006
0.4460892178435687,-0.7816374762261264,6.445207576276777,0.013291552442780687,-0.005365071218911828,-0.10706210705484552
0.4470894178835767,-0.6301789648903645,6.372733148898853,0.01338730101223318,-0.0053753616097464004,-0.10873395660696751
0.4480896179235847,-0.4785180764556641,6.298056880590851,0.013484367310559776,-0.005385957805234468,-0.11035400178517889
0.4490898179635927,-0.32668965762710006,6.221205019551964,0.01358271735312186,-0.005396855398949354,-0.11192168640060253
0.4500900180036007,-0.17472865938296092,6.14220456041132,0.013682317070910294,-0.005408049547441485,-0.1134364683979822
0.4510902180436087,-0.022670129016845234,6.061083234544366,0.013783132321806951,-0.005419534979984144,-0.11489782005248321
0.4520904180836167,0.12945079786982291,5.977869500137889,0.013885128901615428,-0.0054313060087497885,-0.11630522816241187
0.4530906181236247,0.2815989054229985,5.8925925320072166,0.013988272554858554,-0.005443356539401848,-0.11765819423778419
0.4540908181636327,0.4337389056372335,5.80528221116939,0.01409252898534076,-0.005455680082086604,-0.11895623468467537
0.45509101820364073,0.5858354465011825,5.715969114175985,0.014197863866474075,-0.005468269762809439,-0.12019888098528306
0.45609121824364873,0.7378531201854807,5.62468450220967,0.014304242851366984,-0.005481118335179459,-0.12138567987363857
0.45709141828365674,0.8897564712711711,5.531460309948253,0.014411631582676037,-0.0054942181925062275,-0.12251619350690143
0.45809161832366474,1.0415100050169914,5.436329134200362,0.014519995702220574,-0.005507561380232124,-0.12358999963217425
0.45909181836367274,1.1930781956634282,5.33932422231692,0.014629300860361521,-0.005521139608683597,-0.12460669174877603
0.46009201840368075,1.3444254947718373,5.240479460382458,0.014739512725145723,-0.0055349442661244185,-0.12556587926591362
0.46109221844368875,1.49551633959667,5.13982936119071,0.01485059699121778,-0.005548966432093842,-0.12646718765569198
0.46209241848369675,1.6463151614888196,5.0374090520087025,0.01496251938850188,-0.005563196891012437,-0.12731025860140627
0.46309261852370476,1.7967863943283338,4.933254262133818,0.015075245690656559,-0.005577626146038226,-0.12809475014105892
0.46409281856371276,1.9468944829842867,4.827401310248299,0.015188741723305832,-0.005592244433155655,-0.1288203368060476
0.46509301860372076,2.096603891800137,4.719887091575641,0.015302973372050535,-0.00560704173547981,-0.12948670975497056
0.46609321864372877,2.245879113102311,4.6107490648436755,0.015417906590264168,-0.0056220077977582545,-0.13009357690249782
0.46709341868373677,2.394684675730261,4.500025239058911,0.015533507406677928,-0.005637132141052788,-0.13064066304325797
0.4680936187237448,2.542985153585808,4.387754160096818,0.015649741932760003,-0.005652404077583387,-0.13112770997069226
0.4690938187637528,2.6907451741997925,4.273974897112941,0.015766576369894543,-0.0056678127257166035,-0.13155447659082836
0.4700940188037607,2.8379294273140765,4.158727028779719,0.015883977016366065,-0.005683347025080656,-0.13192073903092894
0.47109421884376873,2.9845026734767406,4.042050629353884,0.016001910274155425,-0.005698995751789519,-0.13222629074297088
0.47209441888377673,3.130429752648466,3.9239862545792863,0.016120342655553576,-0.005714747533758283,-0.1324709426019129
0.47309461892378474,3.2756755928179735,3.804574927430525,0.016239240789599933,-0.005730590866092204,-0.13265452299871094
0.47409481896379274,3.4202052186245115,3.683858123702016,0.016358571428352033,-0.005746514126531824,-0.13277687792804257
0.47509501900380074,3.5639837599852298,3.5618777574480007,0.01647830145299367,-0.005762505590936723,-0.13283787107070263
0.47609521904380875,3.7069764607253104,3.4386761662783774,0.016598397879788705,-0.0057785534487904905,-0.13283738387063496
0.47709541908381675,3.8491486872088427,3.3142960965158825,0.016718827865888002,-0.005794645818709665,-0.13277531560656586
0.47809561912382476,3.990465936968149,3.188780688219552,0.01683955871499704,-0.005810770763939497,-0.1326515834582072
0.47909581916383276,4.130893847329535,3.062173460080011,0.016960557882911825,-0.005826916307819527,-0.1324661225669987
0.48009601920384076,4.2703982040333015,2.9345182941919217,0.01708179298293091,-0.0058430704492021465,-0.13221888609136012
0.48109621924384877,4.408944949845823,2.8058594207087904,0.017203231791151213,-0.005859221177807461,-0.1319098452564271
0.48209641928385677,4.546500193161506,2.6762414023858345,0.017324842251655564,-0.005875356489497957,-0.13153898939824418
0.4830966193238648,4.683030216592556,2.545709119016152,0.017446592481599712,-0.005891464401456677,-0.13110632600239241
0.4840968193638728,4.81850148554425,2.4143077517657017,0.017568450776206633,-0.005907532967252801,-0.13061188073702915
0.4850970194038808,4.952880656773562,2.2820827674127897,0.01769038561367588,-0.005923550291778762,-0.13005569748032017
0.4860972194438888,5.086134586929006,2.1490799024974865,0.017812365660015612,-0.005939504546043235,-0.12943783834224584
0.4870974194838968,5.218230341069455,2.0153451473864368,0.017934359773804916,-0.005955383981804599,-0.12875838368076475
0.4880976195239048,5.349135201159662,1.880924730258935,0.01805633701089382,-0.005971176946029712,-0.1280174321123203
0.4890978195639128,5.478816674540403,1.745865101019708,0.01817826662904831,-0.00598687189516309,-0.1272151005166772
0.4900980196039208,5.60724250237095,1.610212915144097,0.018300118092547467,-0.006002457409191882,-0.12635152403607697
0.4910982196439288,5.734380668041655,1.4740150174612445,0.018421861076739657,-0.006017922205492285,-0.12542685606870313
0.4920984196839368,5.860199405554476,1.3373184258811592,0.018543465472564444,-0.006033255152443352,-0.1244412682564486
0.4930986197239448,5.984667207869134,1.2001703150711112,0.018664901391046748,-0.006048445282794455,-0.12339495046697987
0.4940988197639528,6.107752835212845,1.0626180000872534,0.018786139167769406,-0.0060634818067729565,-0.12228811077009401
0.4950990198039608,6.229425323351156,0.9247089199670994,0.0189071493673301,-0.006078354124918988,-0.12112097540836676
0.4960992198439688,6.349653991817927,0.7864906212886137,0.01902790278778827,-0.0060930518406345485,-0.11989378876209153
0.4970994198839768,6.468408452102025,0.6480107417016665,0.01914837046510735,-0.006107564772434498,-0.11860681330851104
0.49809961992398477,6.585658615788649,0.5093169934375839,0.019268523677597266,-0.006121882965887343,-0.11726032957534535
0.4990998199639928,6.701374702652962,0.3704571468025367,0.019388333950361946,-0.006135996705234106,-0.11585463608862123
0.5001000200040008,6.815527248703892,0.23147901366045076,0.019507773059755953,-0.006149896524673906,-0.11439004931481127
0.5011002200440088,6.928087114175819,0.09243043091138095,0.019626813037854334,-0.006163573219305287,-0.11286690359729036
0.5021004200840168,7.039025491466008,-0.046640756029132716,0.01974542617693908,-0.006177017855712694,-0.11128555108712172
0.5031006201240248,7.148313913015489,-0.18568670974387227,0.019863585034005374,-0.006190221782187912,-0.10964636166818463
0.5041008201640328,7.255924259131264,-0.3246596173153014,0.019981262435290317,-0.006203176638576671,-0.10794972287665885
0.5051010202040408,7.361828765747564,-0.46351170680843756,0.020098431480826465,-0.006215874365741052,-0.10619603981488199
0.5061012202440488,7.466000032124022,-0.6021952637299938,0.020215065549022016,-0.006228307214628731,-0.10438573505959825
0.5071014202840568,7.5684110284785575,-0.7406626474577214,0.02033113830126913,-0.006240467754940559,-0.10251924856461873
0.5081016203240648,7.669035103552771,-0.8788663076344455,0.02044662368658138,-0.006252348883388372,-0.10059703755791512
0.5091018203640728,7.767845992107681,-1.016758800521064,0.020561495946260912,-0.006263943831535415,-0.09861957643317067
0.5101020204040808,7.8648178223476375,-1.1542928053029582,0.020675729618595456,-0.006275246173212203,-0.09658735663581407
0.5111022204440888,7.95992512327028,-1.2914211403440192,0.02078929954358488,-0.006286249831501085,-0.0945008865435635
0.5121024204840968,8.053142831940363,-1.428096779382928,0.020902180867696536,-0.006296949085283282,-0.09236069134151026
0.5131026205241048,8.144446300685281,-1.5642728676658253,0.021014349048648257,-0.006307338575342632,-0.09016731289177274
0.5141028205641128,8.233811304210246,-1.6999027380101217,0.021125779860217322,-0.006317413310020749,-0.08792130959775381
0.5151030206041208,8.321214046630946,-1.8349399267937636,0.021236449397073396,-0.0063271686704188135,-0.0856232562630359
0.5161032206441288,8.406631168421537,-1.9693381898643294,0.021346334079632944,-0.006336600415141708,-0.08327374394495023
0.5171034206841368,8.490039753276008,-2.103051518362923,0.02145541065893223,-0.006345704684580696,-0.0808733798028584
0.5181036207241448,8.571417334880657,-2.2360341544569438,0.021563656221515598,-0.006354478004731385,-0.0784227869411859
0.5191038207641528,8.650741903595799,-2.368240606976766,0.021671048194335338,-0.006362917290544203,-0.0759226042472493
0.5201040208041608,8.727991913044482,-2.4996256669506303,0.021777564349659006,-0.006371019848805158,-0.07337348622392036
0.5211042208441689,8.803146286606331,-2.6301444230327635,0.021883182809979772,-0.006378783380545154,-0.0707761028171721
0.5221044208841769,8.876184423814337,-2.7597522768191665,0.021987882052924897,-0.006386205982976707,-0.06813113923855345
0.5231046209241849,8.947086206652731,-2.888404958046152,0.02209164091615719,-0.006393286150957378,-0.0654392957826409
0.5241048209641929,9.015832005753847,-3.0160585396660924,0.022194438602263864,-0.006400022777979853,-0.0627012876395173
0.5251050210042009,9.082402686492069,-3.1426694527956283,0.02229625468362697,-0.00640641515668906,-0.059917844702329325
0.5261052210442089,9.146779614972845,-3.2681945015310214,0.022397069107269213,-0.006412462978927323,-0.05708971136997726
0.5271054210842169,9.208944663914904,-3.392590877625595,0.022496862199668736,-0.006418166335309057,-0.054217646344991766
0.5281056211242249,9.268880218423687,-3.5158161750244927,0.022595614671536087,-0.006423525714327063,-0.051302422426654504
0.5291058211642329,9.326569181654131,-3.6378284042516826,0.022693307622546482,-0.006428542000993029,-0.04834482629942063
0.5301060212042409,9.381994980360943,-3.7585860066442938,0.022789922546020074,-0.006433216475015391,-0.04534565831670301
0.5311062212442489,9.435141570334471,-3.878047868429648,0.022885441333542887,-0.006437550808518237,-0.0423057322800795
0.5321064212842569,9.485993441720328,-3.9961733346400647,0.022979846279520794,-0.006441547063305495,-0.03922587521398614
0.5331066213242649,9.534535624221036,-4.112922222860895,0.023073120085658757,-0.006445207687675177,-0.03610692713596064
0.5341068213642729,9.58075369217779,-4.228254836806994,0.023165245865357467,-0.006448535512788977,-0.03294974082250213
0.5351070214042809,9.624633769530659,-4.342131979723268,0.02325620714801932,-0.00645153374860308,-0.029755181570614447
0.5361072214442889,9.666162534655415,-4.454514967604562,0.023345987883255648,-0.006454205979366524,-0.026524126955101993
0.5371074214842969,9.705327225075354,-4.565365642230707,0.023434572444987003,-0.006456556158694014,-0.02325746658168826
0.5381076215243049,9.7421156420463,-4.674646384012156,0.023521945635428247,-0.006458588604220587,-0.01995610183602888
0.5391078215643129,9.776516155013264,-4.7823201246420375,0.023608092688950214,-0.0064603079918460204,-0.01662094562869225
0.5401080216043209,9.808517705936946,-4.888350359550321,0.023692999275809676,-0.006461719349577392,-0.01325292213618231
0.5411082216443288,9.838109813488662,-4.992701160156033,0.023776651505739394,-0.006462828050978679,-0.00985296653807961
0.5421084216843368,9.865282577111904,-5.095337185913382,0.023859035931390105,-0.006463639808236766,-0.00642202475037567
0.5431086217243448,9.890026680949145,-5.1962236961478165,0.02394013955161623,-0.006464160664853683,-0.0029610531550847696
0.5441088217643528,9.912333397632246,-5.295326561678057,0.02401994981459751,-0.006464396987975372,0.0005289816737945965
0.5451090218043608,9.932194591935003,-5.3926122762203015,0.024098454620788495,-0.006464355460367719,0.004047103247881873
0.5461092218443688,9.94960272428637,-5.488047967570833,0.024175642325688303,-0.00646404307205098,0.007592325445500182
0.5471094218843768,9.964550854142887,-5.581601408563327,0.024251501742423024,-0.006463467111604207,0.011163652796161784
0.5481096219243848,9.977032643218926,-5.673241027797193,0.024326022144133437,-0.0064626351571516255,0.014760080768368555
0.5491098219643928,9.987042358573351,-5.762935920133534,0.024399193266160926,-0.00646155506704331,0.01838059606064163
0.5501100220044008,9.99457487555126,-5.8506558569552825,0.02447100530802466,-0.006460234970242896,0.022024176895693234
0.5511102220444088,9.99962568057949,-5.9363712961879935,0.024541448935183438,-0.006458683256435371,0.025689793317652615
0.5521104220844169,10.002190873814575,-6.020053392078275,0.02461051528057585,-0.006456908565868351,0.029376407492256895
0.5531106221244249,10.002267171641954,-6.101674004726425,0.024678195945932672,-0.006454919778940549,0.0330829740099166
0.5541108221644329,9.999851909025155,-6.181205709370403,0.024744483002855824,-0.006452726005551412,0.03680844019156467
0.5551110222044409,9.994943041703813,-6.258621805417975,0.024809368993658477,-0.0064503365742262135,0.040551746397196616
0.5561112222444489,9.987539148239371,-6.333896325224152,0.02487284693196128,-0.006447761021031094,0.04431182633700867
0.5571114222844569,9.9776394319073,-6.4070040426112,0.024934910303040094,-0.0064450090782928,0.04808760738503978
0.5581116223244649,9.96524372243485,-6.477920481128318,0.02499555306392094,-0.006442090663138054,0.051878010895222294
0.5591118223644729,9.950352477583209,-6.546621922048504,0.025054769643218337,-0.006439015865867693,0.05568195251974549
0.5601120224044809,9.93296678457309,-6.61308541209997,0.025112554940713554,-0.006435794938180845,0.05949834252963508
0.5611122224444889,9.913088361352807,-6.677288770929668,0.025168904326669846,-0.006432438281264581,0.0633260861374511
0.5621124224844969,9.89071955770789,-6.739210598296614,0.025223813640882022,-0.006428956433764543,0.06716408382200573
0.5631126225245049,9.865863356211308,-6.798830280992684,0.025277279191458328,-0.006425360059652204,0.07101123165500195
0.5641128225645129,9.838523373013532,-6.856127999488814,0.025329297753332914,-0.006421659936004405,0.07486642162949302
0.5651130226045209,9.80870385847153,-6.911084734304398,0.025379866566507772,-0.006417866940710909,0.07872854199006228
0.5661132226445289,9.776409697616007,-6.963682272098055,0.025428983334023395,-0.006413992040125702,0.08259647756462198
0.5671134226845369,9.741646410456077,-7.013903211477809,0.025476646219657943,-0.006410046276677752,0.08646911009772913
0.5681136227245449,9.70442015212072,-7.06173096852894,0.025522853845355173,-0.006406040756456928,0.09034531858531612
0.5691138227645529,9.664737712836358,-7.107149782057823,0.02556760528838188,-0.006401986636790696,0.0942239796107327
0.5701140228045609,9.62260651773991,-7.150144718550202,0.025610900078216054,-0.006397895113827129,0.09810396768199596
0.5711142228445689,9.578034626526845,-7.190701676842375,0.025652738193167476,-0.006393777410139686,0.1019841555701441
0.5721144228845769,9.531030732933523,-7.228807392504005,0.025693120056732962,-0.006389644762369032,0.10586341464858942
0.5731146229245849,9.48160416405353,-7.264449441931187,0.025732046533688893,-0.00638550840891707,0.10974061523336541
0.5741148229645929,9.42976487948748,-7.297616246148674,0.025769518925924224,-0.006381379577708123,0.11361462692416263
0.5751150230046009,9.375523470325817,-7.328297074320178,0.02580553896801756,-0.006377269474032052,0.1174843189460475
0.5761152230446089,9.31889115796435,-7.356482046965737,0.02584010882256242,-0.006373189268483829,0.12134856049175775
0.5771154230846169,9.259879792752178,-7.3821621388853425,0.025873231075245192,-0.006369150085013866,0.12520622106446838
0.5781156231246249,9.198501852471711,-7.40532918178804,0.025904908729680806,-0.006365162989103104,0.12905617082092088
0.579115823164633,9.13477044065055,-7.425975866625827,0.025935145202011543,-0.006361238976076612,0.13289728091480926
0.580116023204641,9.068699284705072,-7.444095745631826,0.025963944315274812,-0.006357388959569106,0.13672842384031544
0.581116223244649,9.000302733915609,-7.459683234062239,0.025991310293546198,-0.006353623760155481,0.14054847377568658
0.582116423284657,8.929595757232974,-7.472733611641774,0.026017247755864403,-0.006349954094159109,0.14435630692674706
0.583116623324665,8.856593940916504,-7.483243023712261,0.02604176170994517,-0.006346390562650269,0.1481508018702374
0.584116823364673,8.781313486003416,-7.491208482084318,0.02606485754569159,-0.006342943640646728,0.15193083989687253
0.585117023404681,8.70377120560963,-7.496627865592034,0.02608654102850857,-0.006339623666528056,0.15569530535401147
0.586117223444689,8.623984522062106,-7.4994999203507255,0.026106818292429553,-0.006336440831674874,0.15944308598783113
0.587117423484697,8.541971463862865,-7.499824259717917,0.026125695833063952,-0.006333405170343791,0.16317307328489625
0.588117623524705,8.457750662484727,-7.497601363957809,0.026143180500373987,-0.0063305265497883454,0.16688416281301785
0.589117823564713,8.371341348999248,-7.492832579609622,0.02615927949128995,-0.006327814660635846,0.170575254561293
0.590118023604721,8.282763350536852,-7.485520118560247,0.026174000342173147,-0.0063252790075294775,0.17424525327921822
0.591118223644729,8.192037086579678,-7.475667056821796,0.026187350921136034,-0.006322928900044644,0.17789306881476957
0.592118423684737,8.09918356508734,-7.4632773330147195,0.02619933942022926,-0.0063207734438879715,0.18151761645134212
0.593118623724745,8.004224378456197,-7.44835574655725,0.02620997434750551,-0.006318821532386953,0.18511781724344253
0.594118823764753,7.907181699312441,-7.430907955562053,0.026219264518970286,-0.0063170818382776855,0.18869259835102772
0.595119023804761,7.80807827613945,-7.410940474441042,0.026227219050429806,-0.006315562805797673,0.19224089337238393
0.596119223844769,7.70693742874027,-7.38846067121945,0.02623384734924644,-0.006314272643090144,0.19576164267544002
0.597119423884777,7.603783043535421,-7.363476764560302,0.02623915910601212,-0.006313219314925838,0.1992537937274098
0.5981196239247849,7.498639568696974,-7.335997820500575,0.02624316428615032,-0.006312410535747693,0.2027163014226577
0.5991198239647929,7.391532009119381,-7.3060337489003855,0.026245873121457184,-0.006311853763043349,0.20614812840868563
0.6001200240048009,7.282485921228061,-7.2735952996067255,0.026247296101592474,-0.006311556191049891,0.2095482454101313
0.6011202240448089,7.171527407626195,-7.238694058333202,0.02624744396553104,-0.006311524744794706,0.21291563155068177
0.6021204240848169,7.058683111580834,-7.2013424422575705,0.02624632769298542,-0.006311766074475861,0.2162492746727934
0.6031206241248249,6.943980211349092,-7.161553695338681,0.026243958495810238,-0.006312286550184863,0.21954817165511847
0.6041208241648329,6.827446414345332,-7.119341883354786,0.02624034780939898,-0.006313092256974177,0.2228113287275356
0.6051210242048409,6.709109951150435,-7.074721888665085,0.026235507284083633,-0.006314188990271388,0.2260377617836829
0.6061212242448489,6.588999569364014,-7.027709404696572,0.02622944877654762,-0.006315582251641374,0.2292264966908938
0.6071214242848569,6.467144527300787,-6.978320930158298,0.026222184341262302,-0.006317277244897392,0.2323765695974347
0.6081216243248649,6.343574587532156,-6.9265737629852575,0.026213726221957227,-0.006319278872561505,0.23548702723694634
0.6091218243648729,6.218320010274173,-6.872485994014243,0.0262040868431341,-0.006321591732674278,0.2385569272299898
0.610122024404881,6.091411546623155,-6.816076500394016,0.026193278801634294,-0.006324220115953244,0.24158533838259996
0.611122224444889,5.962880431640075,-6.757364938732296,0.02618131485826956,-0.006327168003299179,0.24457134098174962
0.612122424484897,5.832758377285206,-6.696371737982185,0.026168207929525296,-0.00633043906364877,0.24751402708762837
0.613122624524905,5.7010775652042724,-6.633118092070624,0.026153971079345584,-0.006334036652171858,0.2504125008226413
0.614122824564913,5.56787063936751,-6.567625952271634,0.02613861751100891,-0.006337963808811004,0.2532658786570337
0.615123024604921,5.43317069856317,-6.499918019327255,0.026122160559103255,-0.006342223257160723,0.2560732896910482
0.616123224644929,5.297011288746722,-6.4300177353189945,0.026104613681608876,-0.006346817403683355,0.2588338759335231
0.617123424684937,5.159426395247755,-6.35794927529282,0.02608599045209696,-0.006351748337258141,0.2615467925768397
0.618123624724945,5.020450434835573,-6.2837375386408185,0.026066304552051847,-0.006357017829059739,0.2642112082681302
0.619123824764953,4.880118247645657,-6.207408140242596,0.026045569763324318,-0.006362627332762043,0.2668263053766553
0.620124024804961,4.738465088968249,-6.128987401369762,0.026023799960723078,-0.006368577985062842,0.26939128025726544
0.621124224844969,4.59552662090115,-6.048502340356696,0.026001009104751196,-0.006374870606524546,0.27190534350985807
0.622124424884977,4.4513389038681,-5.965980663041083,0.02597721123449396,-0.006381505702725885,0.2743677202347457
0.623124624924985,4.305938388004958,-5.881450752977704,0.025952420460664174,-0.0063884834657192266,0.27677765028385015
0.624124824964993,4.159361904415234,-5.794941661428819,0.02592665095881063,-0.006395803775787855,0.27913438850764055
0.625125025005001,4.011646656297092,-5.706483097135127,0.02589991696269505,-0.006403466203497326,0.28143720499773245
0.626125225045009,3.8628302099434277,-5.616105415870568,0.025872232757842433,-0.0064114700120347515,0.283685385325068
0.627125425085017,3.712950485617579,-5.5238396097850995,0.025843612675269356,-0.0064198141598296584,0.28587823077359764
0.628125625125025,3.562045748306048,-5.429717296538997,0.025814071085394377,-0.006428497303449847,0.288015058569386
0.629125825165033,3.410154598350845,-5.33377070823273,0.02578362239213429,-0.006437517800765488,0.29009520210506407
0.630126025205041,3.2573159619631658,-5.23603268013631,0.025752281027189586,-0.006446873714374521,0.29211801115955416
0.631126225245049,3.1035690816209716,-5.1365366392221175,0.025720061444522067,-0.0064565628152822435,0.29408285211299234
0.632126425285057,2.94895350635212,-5.035316592505426,0.025686978115027178,-0.006466582586827853,0.29598910815677704
0.633126625325065,2.7935090819059347,-4.932407115196486,0.02565304552140318,-0.006476930228850555,0.29783617949867236
0.634126825365073,2.6372759408149262,-4.827843338668775,0.025618278153218935,-0.006487602662087742,0.29962348356289664
0.635127025405081,2.48029449234937,-4.721660938247303,0.02558269050218164,-0.006498596532797638,0.3013504551851289
0.636127225445089,2.322605412366834,-4.613896120821514,0.025546297057605482,-0.006509908217598737,0.30301654680236584
0.637127425485097,2.164249633059242,-4.504585612287103,0.025509112302081735,-0.006521533828518246,0.3046212286375656
0.638127625525105,2.0052683325999494,-4.393766644821241,0.02547115070735053,-0.006533469218241731,0.3061639888790137
0.639127825565113,1.845702924692951,-4.281476943995495,0.025432426730374057,-0.006545709985556081,0.3076443338543511
0.640128025605121,1.6855950480272064,-4.16775471573129,0.025392954809610617,-0.006558251480977874,0.30906178819920244
0.6411282256451291,1.524986555638336,-4.052638633102222,0.02535274936148859,-0.006571088812559229,0.31041589502034755
0.6421284256851371,1.3639195041803893,-3.9361678229879358,0.025311824777078995,-0.00658421685186317,0.3117062160533785
0.6431286257251451,1.2024361431102426,-3.8183818525844084,0.02527019541896498,-0.00659763024010057,0.3129323318147874
0.6441288257651531,1.040578903787288,-3.699320715775068,0.025227875618306216,-0.00661132339442073,0.3140938417484314
0.6451290258051611,0.8783903884912454,-3.5790248193677474,0.025184879672095883,-0.006625290514347664,0.31519036436632314
0.6461292258451691,0.7159133593606539,-3.4575349692021797,0.025141221840607533,-0.0066395255883541894,0.31622153738369674
0.6471294258851771,0.5531907272548925,-3.334892356132864,0.02509691634502888,-0.006654022400565976,0.3171870178483008
0.6481296259251851,0.39026554054243845,-3.211138541892286,0.025051977365279195,-0.0066687745375877275,0.3180864822638722
0.6491298259651931,0.22718097381843927,-3.0863154448392622,0.025006419038006735,-0.0066837753954437345,0.3189196267077459
0.6501300260052011,0.06398031655405192,-2.960465325597437,0.024960255454762346,-0.0066990181866250975,0.3196861669425572
0.6511302260452091,-0.09929303831911634,-2.8336307725890086,0.024913500660345096,-0.006714495947235983,0.32038583852199654
0.6521304260852171,-0.26259560588687964,-2.7058546874684546,0.024866168651315548,-0.006730201544231347,0.3210183968905762
0.6531306261252251,-0.4258838207895821,-2.577180270461533,0.024818273374672035,-0.006746127682738641,0.3215836174773723
0.6541308261652331,-0.5891140488153908,-2.447651005614511,0.02476982872668508,-0.0067622669134561,0.322081295783706
0.655131026205241,-0.7522425985469239,-2.317310645958802,0.02472084855188489,-0.006778611640120295,0.32251124746473037
0.656131226245249,-0.9152257330580157,-2.186203198595931,0.02467134664219657,-0.006795154127035739,0.3228733084048912
0.657131426285257,-1.0780196816575935,-2.0543729097082104,0.024621336736217737,-0.006811886506659395,0.32316733478723086
0.658131626325265,-1.2405806516777473,-1.9218642495001867,0.024570832518632686,-0.006828800787233094,0.32339320315650827
0.659131826365273,-1.4028648403026511,-1.7887218970759131,0.024519847619757472,-0.0068458888604569145,0.323550810476108
0.660132026405281,-1.564828446435232,-1.654990725257441,0.02446839561520984,-0.006863142509196709,0.32364007417871443
0.661132226445289,-1.7264276825986096,-1.520715785349635,0.02441649002569798,-0.006880553415219067,0.32366093221072867
0.662132426485297,-1.8876187868688137,-1.3859422918564603,0.024364144316921882,-0.006898113166947104,0.3236133430704076
0.663132626525305,-2.048358034835888,-1.2507156071541892,0.024311371899580957,-0.006915813267230582,0.32349728583970694
0.664132826565313,-2.208601751589922,-1.1150812261264433,0.024258186129481586,-0.006933645141123977,0.32331276020981103
0.665133026605321,-2.368306323728902,-0.9790847607666917,0.02420460030773807,-0.0069516001436662,0.32305978650033607
0.666133226645329,-2.527428211384907,-0.8427719247530792,0.0241506276810605,-0.006969669567655832,0.3227384056721928
0.667133426685337,-2.6859239602656912,-0.7061885180011627,0.02409628144212292,-0.006987844651415783,0.3223486793340988
0.668133626725345,-2.8437502137079758,-0.5693804111995899,0.02404157473000523,-0.0070061165865414644,0.32189068974273155
0.669133826765353,-3.0008637247394057,-0.4323935303340674,0.02398652063070219,-0.007024476525626599,0.32136453979651586
0.670134026805361,-3.1572213681456893,-0.29527384120485645,0.023931132177692868,-0.00704291558996097,0.3207703530230402
0.671134226845369,-3.3127801525396787,-0.15806733394308872,0.023875422352563968,-0.007061424877194473,0.3201082735601001
0.6721344268853771,-3.467497232428693,-0.020820007531023553,0.0238194040856804,-0.007079995468961954,0.3193784661303673
0.6731346269253851,-3.6213299202772746,0.11642214566834146,0.023763090256896574,-0.007098618438463432,0.3185811160096866
0.6741348269653931,-3.7742356985614025,0.2536131553672536,0.023706493696301904,-0.00711728485799439,0.3177164289890025
0.6751350270054011,-3.9261722318111634,0.3907070887894445,0.02364962718499406,-0.0071359858064209344,0.3167846313299225
0.6761352270454091,-4.077097378638119,0.5276580660814485,0.023592503455873656,-0.007154712376594721,0.315785969713923
0.6771354270854171,-4.226969203744311,0.6644202756938904,0.02353513519445401,-0.007173455682702638,0.3147207111852073
0.6781356271254251,-4.375745989909122,0.8009479897273697,0.023477535039679906,-0.0071922068675463365,0.31358914308722785
0.6791358271654331,-4.523386249950781,0.9371955792381172,0.023419715584749184,-0.007210957109746805,0.3123915729928849
0.6801360272054411,-4.669848738658908,1.0731175294978912,0.02336168937793131,-0.007229697630869263,0.31112832862841727
0.6811362272454491,-4.815092464694791,1.2086684552033,0.023303468923377018,-0.00724841970246375,0.30979975779100266
0.6821364272854571,-4.959076702455657,1.3438031156293868,0.023245066681913448,-0.007267114653016877,0.308406228260086
0.6831366273254651,-5.101761003899883,1.4784764297222424,0.023186495071819167,-0.007285773874810294,0.3069481277024582
0.6841368273654731,-5.243105210329272,1.6126434911259426,0.02312776646957381,-0.007304388830681522,0.3054258635711071
0.6851370274054811,-5.383069464125105,1.7462595831383365,0.02306889321057709,-0.007322951060682872,0.3038398629978668
0.6861372274454891,-5.52161422043455,1.8792801935912888,0.023009887589832186,-0.007341452188634281,0.3021905726798919
0.6871374274854971,-5.658700258803776,2.011661029649766,0.02295076186258873,-0.007359883928565952,0.3004784587599863
0.6881376275255051,-5.794288694754496,2.143358032525479,0.022891528244940722,-0.007378238091046797,0.2987040067008165
0.6891378275655131,-5.928340991300285,2.274327392099677,0.022832198914374987,-0.0073965065893947515,0.29686772115304355
0.6901380276055211,-6.060818970399258,2.404525561450599,0.02277278601026596,-0.0074146814457651,0.2949701258174077
0.6911382276455291,-6.191684824339787,2.533909271280627,0.022713301634312802,-0.007432754797113073,0.2930117633008031
0.6921384276855371,-6.320901127055527,2.6624355442384036,0.02265375785091507,-0.007450718901027009,0.29099319496638043
0.6931386277255451,-6.448430845366578,2.7900617091311077,0.022594166687483437,-0.007468566141428507,0.2889150007777196
0.6941388277655531,-6.574237350143068,2.91674541502238,0.02253454013468209,-0.007486289034136033,0.2867777791371131
0.6951390278055611,-6.69828442738791,3.0424446452110696,0.022474890146599782,-0.007503880232288566,0.28458214671800597
0.6961392278455691,-6.820536289235274,3.167117731086332,0.02241522864084669,-0.0075213325316259285,0.28232873829163796
0.6971394278855771,-6.940957584861219,3.2907233658544466,0.022355567498574477,-0.0075386388756225374,0.2800182065479359
0.6981396279255851,-7.059513411303216,3.413220618132958,0.022295918564417205,-0.007555792360471406,0.2776512219107069
0.6991398279655932,-7.1761693241852225,3.5345689454075715,0.022236293646351053,-0.007572786239915304,0.2752284723471831
0.7001400280056012,-7.290891348344562,3.654728207347476,0.02217670451547091,-0.007589613929922084,0.2727506631719729
0.7011402280456092,-7.4036459883578445,3.7736586789747935,0.022117162905682337,-0.007606269013201248,0.2702185168454727
0.7021404280856172,-7.514400238961874,3.8913210636837197,0.02205768051330747,-0.007622745243558964,0.2676327727667977
0.7031406281256252,-7.623121595366801,4.007676506105304,0.02199826899660383,-0.0076390365500887845,0.2649941870612896
0.7041408281656332,-7.729778063457952,4.122686604813562,0.02193893997519519,-0.007655137041195463,0.2623035323626624
0.7051410282056412,-7.834338169882808,4.236313424868801,0.021879705029413866,-0.00767104100844933,0.25956159758984915
0.7061412282456492,-7.936770972020378,4.3485195101942535,0.021820575699554156,-0.007686742930268805,0.2567691877186126
0.7071414282856572,-8.037046067829241,4.459267895781832,0.021761563485036772,-0.007702237475428732,0.25392712354798735
0.7081416283256652,-8.135133605571149,4.568522119723155,0.021702679843484455,-0.007717519506392314,0.25103624146161924
0.7091418283656732,-8.231004293407166,4.67624623506202,0.021643936189709157,-0.007732584082464554,0.24809739318407253
0.7101420284056812,-8.324629408862917,4.782404821464426,0.021585343894611423,-0.007747426462765194,0.24511144553217512
0.7111422284456892,-8.415980808159766,4.886962996702474,0.021526914283992813,-0.0077620421090193,0.24207928016147423
0.7121424284856971,-8.505030935409037,4.989886427948463,0.021468658637282527,-0.007776426688163713,0.23900179330787721
0.7131426285257051,-8.591752831665941,5.091141342875531,0.02141058818617945,-0.00779057607476775,0.23587989552455077
0.7141428285657131,-8.676120143840102,5.19069454056137,0.021352714113211317,-0.007804486353266622,0.23271451141416127
0.7151430286057211,-8.758107133459832,5.288513402191543,0.02129504755021257,-0.007818153820006217,0.22950657935652763
0.7161432286457291,-8.837688685286935,5.384565901558987,0.021237599576723054,-0.007831574985097973,0.22625705123177242
0.7171434286857371,-8.914840315779118,5.478820615356322,0.021180381218309573,-0.007844746574082738,0.22296689213905074
0.7181436287257451,-8.989538181397066,5.571246733257933,0.021123403444812804,-0.007857665529402631,0.21963708011094032
0.7191438287657531,-9.061759086753192,5.66181406778842,0.021066677168522015,-0.007870329011680086,0.2162686058235776
0.7201440288057611,-9.13148049259924,5.7504930639744245,0.021010213242280397,-0.00788273440080336,0.21286247230262567
0.7211442288457691,-9.19868052364982,5.83725480877682,0.020954022457523886,-0.007894879296817975,0.20941969462516158
0.7221444288857771,-9.263337976239068,5.922071040300382,0.02089811554225657,-0.00790676152062371,0.20594129961757157
0.7231446289257851,-9.32543232580768,6.00491415677792,0.02084250315896589,-0.007918379114476876,0.20242832554954476
0.7241448289657931,-9.384943734217515,6.085757225326238,0.020787195902481025,-0.007929730342297795,0.1988818218242561
0.7251450290058011,-9.441853056891123,6.164573990471189,0.02073220429777799,-0.007940813689783572,0.19530284866483177
0.7261452290458091,-9.496141849773442,6.241338882439139,0.02067753879773508,-0.007951627864326363,0.19169247679719076
0.7271454290858171,-9.547792376113133,6.316027025212389,0.02062320978084243,-0.007962171794737552,0.18805178712935766
0.7281456291258251,-9.596787613060945,6.38861424434605,0.020569227548869546,-0.007972444630778383,0.18438187042734333
0.7291458291658331,-9.643111258082488,6.459077074544024,0.020515602324494845,-0.007982445742497775,0.1806838269876905
0.7301460292058412,-9.686747735183037,6.527392766991787,0.020462344248901178,-0.007992174719378214,0.17695876630678356
0.7311462292458492,-9.727682200941839,6.593539296443766,0.020409463379341564,-0.008001631369290777,0.17320780674702163
0.7321464292858572,-9.765900550353532,6.657495368063244,0.020356969686679296,-0.008010815717260512,0.16943207519995634
0.7331466293258652,-9.801389422474342,6.719240424012679,0.0203048730529067,-0.008019728004043589,0.16563270674649577
0.7341468293658732,-9.834136205870726,6.778754649792555,0.020253183268646894,-0.00802836868451777,0.16181084431427764
0.7351470294058812,-9.864129043868186,6.836018980326918,0.020201910030642846,-0.008036738425887978,0.15796763833231559
0.7361472294458892,-9.891356839598117,6.891015105793745,0.02015106293923817,-0.008044838105708826,0.15410424638302345
0.7371474294858972,-9.915809260840396,6.943725477198551,0.020100651495854025,-0.00805266880972624,0.15022183285172314
0.7381476295259052,-9.937476744659742,6.9941333116896125,0.020050685100466516,-0.008060231829540406,0.14632156857374287
0.7391478295659132,-9.956350501833716,7.042222597613264,0.020001173049089015,-0.008067528660092462,0.14240463047921323
0.7401480296059212,-9.972422521070358,7.08797809930793,0.019952124531263757,-0.008074560996977544,0.13847220123566928
0.7411482296459292,-9.985685573013537,7.131385361635467,0.019903548627567075,-0.008081330733586927,0.13452546888856814
0.7421484296859372,-9.996133214034113,7.172430714248705,0.01985545430713258,-0.00808783995808221,0.13056562649983144
0.7431486297259452,-10.003759789805068,7.211101275593888,0.019807850425196578,-0.0080940909502046,0.12659387178452364
0.7441488297659532,-10.00856043865881,7.247384956647098,0.01976074572066988,-0.008100086177922568,0.12261140674577735
0.7451490298059612,-10.010531094724977,7.281270464383642,0.019714148813740215,-0.008105828293921265,0.11861943730807754
0.7461492298459692,-10.009668490847005,7.312747304979494,0.01966806820350923,-0.00811132013193727,0.11461917294901733
0.7471494298859772,-10.005970161275918,7.341805786744063,0.019622512265668142,-0.008116564702942376,0.11061182632963834
0.7481496299259852,-9.999434444139748,7.36843702278357,0.019577489250215834,-0.008121565191180258,0.10659861292346949
0.7491498299659932,-9.990060483687115,7.39263293339445,0.019533007279223247,-0.00812632495006005,0.10258075064437834
0.7501500300060012,-9.977848232303556,7.414386248186234,0.019489074344647663,-0.008130847497910949,0.09855945947334975
0.7511502300460092,-9.96279845229921,7.433690507933541,0.019445698306200465,-0.00813513651360213,0.09453596108430695
0.7521504300860172,-9.94491271746659,7.450540066156811,0.019402886889271758,-0.008139195832032388,0.0905114784690906
0.7531506301260252,-9.924193414407165,7.464930090431573,0.019360647682915136,-0.008143029439494008,0.08648723556171187
0.7541508301660332,-9.90064374362563,7.476856563426098,0.019318988137895697,-0.008146641468915562,0.0824644568619956
0.7551510302060412,-9.874267720390693,7.486316283667365,0.019277915564804304,-0.008150036194988346,0.07844436705873047
0.7561512302460492,-9.84507017536142,7.493306866035407,0.01923743713224089,-0.00815321802918137,0.07442819065244258
0.7571514302860572,-9.813056754978046,7.497826741986163,0.019197559865069456,-0.008156191514649861,0.07041715157791004
0.7581516303260653,-9.77823392161646,7.499875159503009,0.01915829064274724,-0.008158961321042373,0.06641247282653538
0.7591518303660733,-9.740608953505411,7.4994521827773655,0.01911963619773035,-0.008161532239211632,0.06241537606869359
0.7601520304060813,-9.700189944405784,7.496558691618695,0.019081603113958012,-0.00816390917583442,0.05842708127617307
0.7611522304460893,-9.656985803051057,7.491196380594446,0.01904419782541732,-0.008166097147945785,0.05444880634482739
0.7621524304860973,-9.611006252348526,7.483367757900483,0.019007426614790247,-0.008168101277392996,0.050481766717555346
0.7631526305261053,-9.56226182834049,7.473076143962698,0.018971295612184504,-0.008169926785214714,0.046527175007727205
0.7641528305661133,-9.510763878925108,7.4603256697705405,0.01893581079394953,-0.008171578985950887,0.04258624062317472
0.7651530306061213,-9.456524562336329,7.445121274943349,0.01890097798157885,-0.008173063281888975,0.038660169390862587
0.7661532306461293,-9.399556845382634,7.42746870553038,0.01886680284069968,-0.008174385157252087,0.03475016318235891
0.7671534306861373,-9.339874501444276,7.407374511545584,0.018833290880150587,-0.008175550172334732,0.030857419540222024
0.7681536307261452,-9.27749210822877,7.384846044238236,0.01880044745114772,-0.008176563957591837,0.02698313130542137
0.7691538307661532,-9.212425045284522,7.359891453100614,0.018768277746539958,-0.008177432207686778,0.023128486245906885
0.7701540308061612,-9.144689491272512,7.3325196826140235,0.018736786800153137,-0.008178160675504127,0.019294666686450124
0.7711542308461692,-9.074302420996009,7.302740468734512,0.01870597948622327,-0.008178755166132888,0.015482849139865001
0.7721544308861772,-9.001281602188447,7.270564335119764,0.0186758605189185,-0.008179221530825944,0.011694203939730832
0.7731546309261852,-8.925645592059459,7.236002589098685,0.01864643445194931,-0.008179565660941473,0.007929894874730892
0.7741548309661932,-8.84741373359955,7.199067317385323,0.01861770567826633,-0.008179793481872052,0.004191078824722401
0.7751550310062012,-8.766606151643387,7.159771381538821,0.01858967842984487,-0.00817991094696719,0.0004789053986529227
0.7761552310462092,-8.683243748692314,7.118128413171199,0.018562356777555123,-0.008179924031454972,-0.0032054834255622346
0.7771554310862172,-8.597348200496395,7.074152808904819,0.01853574463111677,-0.008179838726368472,-0.006860953659087583
0.7781556311262252,-8.508941951396551,7.0278597250815205,0.01850984573913655,-0.008179661032482589,-0.010486379658026434
0.7791558311662332,-8.418048209427402,6.9792650722254335,0.01848466368922719,-0.008179396954266888,-0.014080644476978358
0.7801560312062412,-8.32469094118136,6.928385509261582,0.018460201908205853,-0.00817905249385999,-0.017642640220182762
0.7811562312462492,-8.228894866434889,6.875238437492476,0.018436463662370155,-0.008178633645071008,-0.021171268390136895
0.7821564312862572,-8.130685452537554,6.819841994334961,0.018413452057849593,-0.008178146387413475,-0.024665440233577227
0.7831566313262652,-8.030088908564913,6.762215046819692,0.01839117004103006,-0.008177596680177123,-0.028124077084713893
0.7841568313662732,-7.9271321792360805,6.70237718485558,0.018369620399048985,-0.008176990456542839,-0.03154611070560867
0.7851570314062812,-7.821842938597063,6.640348714261831,0.0183488057603585,-0.008176333617746024,-0.034930483623587624
0.7861572314462892,-7.7142495834710045,6.576150649570022,0.018328728595353828,-0.008175632027293522,-0.038276149465580535
0.7871574314862972,-7.6043812266764474,6.509804706598957,0.018309391217064003,-0.008174891505239194,-0.041582073289279944
0.7881576315263052,-7.492267690014932,6.4413332948049264,0.018290795781901927,-0.008174117822523141,-0.04484723191101358
0.7891578315663133,-7.377939497029249,6.370759509410283,0.018272944290470546,-0.008173316695379476,-0.04807061423022488
0.7901580316063213,-7.2614278655337685,6.298107123313075,0.018255838588421943,-0.008172493779817467,-0.05125122155045726
0.7911582316463293,-7.142764699918313,6.223400578780675,0.018239480367365928,-0.008171654666180774,-0.05438806789673872
0.7921584316863373,-7.0219825832271425,6.146664978930517,0.018223871165824666,-0.008170804873789407,-0.057480180329264455
0.7931586317263453,-6.899114769014702,6.067926079000856,0.018209012370229812,-0.008169949845668918,-0.060526599253276206
0.7941588317663533,-6.774195172979802,5.987210277414732,0.01819490521595848,-0.008169094943371256,-0.06352637872503811
0.7951590318063613,-6.647258364380035,5.904544606640434,0.018181550788404343,-0.008168245441891616,-0.06647858675380995
0.7961592318463693,-6.518339557228388,5.819956723851497,0.018168950024080113,-0.00816740652468546,-0.06938230559971993
0.7971594318863773,-6.3874746012736505,5.733474901389735,0.018157103711747582,-0.00816658327878984,-0.07223663206744012
0.7981596319263853,-6.254699972767147,5.645128017034699,0.018146012493571322,-0.008165780690052991,-0.07504067779556912
0.7991598319663933,-6.120052765017331,5.554945544082803,0.01813567686629219,-0.008165003638476106,-0.07779356954162761
0.8001600320064013,-5.9835706787347975,5.46295754123985,0.0181260971824167,-0.00816425689367101,-0.08049444946257374
0.8011602320464093,-5.8452920121697005,5.369194642330333,0.018117273651418325,-0.008163545110437442,-0.0831424753907467
0.8021604320864173,-5.705255651043912,5.273688045827271,0.018109206340946822,-0.008162872824463431,-0.0857368211051481
0.8031606321264253,-5.563501058280443,5.176469504206066,0.018101895178041602,-0.008162244448152245,-0.08827667659797198
0.8041608321664333,-5.420068263532308,5.077571313126359,0.018095339950345273,-0.00816166426657917,-0.09076124833629612
0.8051610322064413,-5.274997852513529,4.977026300445273,0.018089540307313464,-0.008161136433581349,-0.09318975951884824
0.8061612322464493,-5.128330956134851,4.874867815066349,0.018084495761417047,-0.008160664967983762,-0.0955614503277624
0.8071614322864573,-4.980109239446636,4.771129715627597,0.01808020568933299,-0.008160253749964284,-0.0978755781752424
0.8081616323264653,-4.83037489039192,4.665846359032836,0.01807666933312007,-0.008159906517560702,-0.10013141794505026
0.8091618323664733,-4.679170608372198,4.559052588830241,0.018073885801375766,-0.008159626863322417,-0.10232826222873995
0.8101620324064813,-4.526539592628928,4.4507837234420755,0.018071854070370697,-0.008159418231109446,-0.1044654215565571
0.8111622324464893,-4.37252553044349,4.341075544249691,0.018070572985157116,-0.008159283913041264,-0.1065422246229283
0.8121624324864973,-4.217172585158974,4.229964283537856,0.01807004126064799,-0.008159227046597849,-0.10855801850646397
0.8131626325265053,-4.060525384026326,4.1174866123025815,0.01807025748266335,-0.008159250611875238,-0.11051216888440142
0.8141628325665133,-3.902629005878384,4.003679627926664,0.018071220108940644,-0.008159357428997783,-0.11240406024141557
0.8151630326065213,-3.7435289686348634,3.8885808417270407,0.018072927470106057,-0.008159550155689144,-0.11423309607272722
0.8161632326465293,-3.5832712166414282,3.77222816637834,0.01807537777060375,-0.008159831285004006,-0.11599869908143988
0.8171634326865373,-3.4219021078463636,3.6546599032168148,0.0180785690895802,-0.008160203143222357,-0.11770031137003822
0.8181636327265454,-3.259468400818024,3.535914729429072,0.01808249938172093,-0.008160667887908079,-0.11933739462598295
0.8191638327665534,-3.0960172416067144,3.4160316851298274,0.018087166478037098,-0.008161227506133477,-0.12090943030133844
0.8201640328065614,-2.931596150454176,3.295050160333228,0.01809256808659949,-0.008161883812871296,-0.12241591978637179
0.8211642328465694,-2.7662530083547234,3.1730098818220496,0.018098701793217778,-0.008162638449555636,-0.12385638457706306
0.8221644328865774,-2.600036043471099,3.0499508999191276,0.018105565062062866,-0.008163492882813095,-0.12523036643646904
0.8231646329265854,-2.4329938174091077,2.9259135751657954,0.018113155236230555,-0.008164448403365363,-0.126537427549884
0.8241648329665934,-2.265175211354716,2.8009385649114256,0.018121469538244728,-0.008165506125104369,-0.1277771506737438
0.8251650330066013,-2.09662941207719,2.6750668098188815,0.018130505070498626,-0.00816666698434101,-0.12894913927822
0.8261652330466093,-1.9274058978023447,2.548339520290328,0.01814025881563282,-0.008167931739228348,-0.13005301768345523
0.8271654330866173,-1.7575544239597825,2.4207981628178774,0.018150727636848836,-0.008169300969360116,-0.13108843118938873
0.8281656331266253,-1.587125008807991,2.292484446263775,0.018161908278157432,-0.008170775075545186,-0.13205504619912836
0.8291658331666333,-1.4161679189411986,2.163440308074639,0.018173797364560908,-0.008172354279758652,-0.13295255033582265
0.8301660332066413,-1.2447336546824725,2.0337079004343446,0.01818639140216888,-0.008174038625269981,-0.13378065255299085
0.8311662332466493,-1.0728729353666557,1.903329576360272,0.018199686778247275,-0.00817582797694865,-0.13453908323827057
0.8321664332866573,-0.9006366845176739,1.7723478757474116,0.018213679761200457,-0.00817772202174754,-0.13522759431054432
0.8331666333266653,-0.7280760149241938,1.6408055113651174,0.018228366500486655,-0.008179720269364272,-0.13584595931040833
0.8341668333666733,-0.5552422136180756,1.5087453548110183,0.018243743026467047,-0.00818182205308057,-0.1363939734839494
0.8351670334066813,-0.38218672675974064,1.3762104224268823,0.018259805250189123,-0.008184026530779593,-0.1368714538597973
0.8361672334466893,-0.20896114443498812,1.2432438611809606,0.01827654896310511,-0.00818633268614111,-0.13727823931942218
0.8371674334866973,-0.03561718536750205,1.1098889345216867,0.01829396983672654,-0.008188739330014256,-0.13761419066064923
0.8381676335267053,0.13779331844843773,0.9761890082070891,0.018312063422216196,-0.008191245101967493,-0.13787919065436383
0.8391678335667133,0.31121843719065645,0.8421875361149397,0.018330825149918965,-0.008193848472015312,-0.13807314409438376
0.8401680336067213,0.4846061587224286,0.7079280460380694,0.01835025032883325,-0.008196547742521045,-0.13819597784047602
0.8411682336467293,0.6579044041723194,0.5734541254696339,0.018370334146024948,-0.008199341050275092,-0.13824764085449878
0.8421684336867373,0.8310610435754842,0.4388094073829712,0.01839107166598608,-0.008202226368747706,-0.13822810422965073
0.8431686337267453,1.004023911572168,0.3040375560107033,0.0184124578299405,-0.008205201510515368,-0.13813736121281237
0.8441688337667533,1.1767408231584908,0.1691822526277394,0.018434487455099204,-0.00820826412985967,-0.13797542721996556
0.8451690338067613,1.349159589484945,0.03428718134292597,0.018457155233868105,-0.00821141172553746,-0.13774233984468068
0.8461692338467693,1.5212280336977966,-0.10060398509624272,0.018480455733011183,-0.008214641643720906,-0.1374381588596617
0.8471694338867773,1.6928940068187215,-0.2354475994809166,0.01850438339277229,-0.008217951081105982,-0.13706296621134295
0.8481696339267853,1.8641054036578077,-0.3702000542958196,0.018528932525958955,-0.008221337088187732,-0.1366168660075322
0.8491698339667934,2.034810178755072,-0.5048177958471204,0.018554097316991803,-0.008224796572700546,-0.13609998449809818
0.8501700340068014,2.204956362345774,-0.6392573383586024,0.01857987182092332,-0.008228326303221518,-0.13551247004870168
0.8511702340468094,2.374492076344475,-0.7734752780316956,0.01860624996242996,-0.008231922912934817,-0.1348544931075723
0.8521704340868174,2.5433655503431534,-0.9074283070646165,0.01863322553478168,-0.008235582903554833,-0.13412624616533494
0.8531706341268254,2.7115251376182803,-1.0410732276263766,0.018660792198793203,-0.008239302649405745,-0.133327943707892
0.8541708341668334,2.8789193311419186,-1.1743669657807772,0.018688943481761425,-0.008243078401654932,-0.13245982216236984
0.8551710342068414,3.0454967795920624,-1.307266585356243,0.018717672776393586,-0.008246906292697557,-0.13152213983614017
0.8561712342468494,3.2112063033570504,-1.4397293017568522,0.018746973339730886,-0.008250782340689423,-0.13051517684892883
0.8571714342868574,3.375996910529079,-1.5717124957101523,0.01877683829207245,-0.008254702454225092,-0.1294392350580273
0.8581716343268654,3.539817812881955,-1.703173726947285,0.018807260615904566,-0.008258662437158039,-0.12829463797662372
0.8591718343668734,3.702618441827867,-1.8340707478113027,0.0188382331548403,-0.008262657993559441,-0.12708173068527295
0.8601720344068814,3.8643484643481743,-1.964361516788896,0.018869748612574677,-0.008266684732812073,-0.1258008797365272
0.8611722344468894,4.024957798893432,-2.094004211961589,0.018901799551860665,-0.008270738174835531,-0.12445247305275058
0.8621724344868974,4.184396631247125,-2.222957244371958,0.018934378393511343,-0.008274813755438875,-0.12303691981714379
0.8631726345269054,4.342615430348417,-2.351179271300628,0.01896747741543363,-0.008278906831796572,-0.12155465035800674
0.8641728345669134,4.49956496406882,-2.4786292094496916,0.019001088751699046,-0.008283012688043432,-0.12000611602626918
0.8651730346069214,4.655196314937392,-2.605266248028841,0.019035204391657033,-0.008287126540984084,-0.11839178906632188
0.8661732346469294,4.809460895809864,-2.7310498617392716,0.019069816179096307,-0.00829124354591226,-0.11671216248018253
0.8671734346869374,4.96231046547616,-2.855939823652214,0.01910491581145984,-0.008295358802535072,-0.11496774988503308
0.8681736347269454,5.113697144201559,-2.979896217977073,0.019140494839119,-0.008299467360997195,-0.11315908536416724
0.8691738347669534,5.263573429196295,-3.102879452715916,0.019176544664712383,-0.008303564227999717,-0.11128672331138884
0.8701740348069614,5.411892210008491,-3.2248502721999723,0.019213056542554827,-0.008307644373008209,-0.10935123826890404
0.8711742348469694,5.558606783835439,-3.3457697695041335,0.019250021578122133,-0.008311702734544396,-0.10735322475875243
0.8721744348869774,5.703670870748142,-3.4655993987357516,0.01928743072761687,-0.008315734226555608,-0.10529329710782398
0.8731746349269854,5.847038628824018,-3.5843009871940255,0.019325274797620626,-0.00831973374485598,-0.10317208926651114
0.8741748349669934,5.988664669182864,-3.701836747395673,0.019363544444837993,-0.008323696173633259,-0.10099025462104726
0.8751750350070014,6.128504070920848,-3.8181692889636123,0.019402230175937472,-0.008327616392014788,-0.09874846579958452
0.8761752350470094,6.266512395937718,-3.933261630374901,0.019441322347494364,-0.00833148928068615,-0.09644741447206683
0.8771754350870175,6.402645703652127,-4.047077210564116,0.019480811166040595,-0.008335309728555724,-0.09408781114395474
0.8781756351270255,6.536860565600081,-4.159579900378498,0.01952068668822633,-0.008339072639458251,-0.09167038494386198
0.8791758351670335,6.6691140799116395,-4.270734013881812,0.019560938821098012,-0.008342772938890353,-0.08919588340516463
0.8801760352070415,6.799363885660745,-4.380504319502905,0.019601557322497375,-0.008346405580770745,-0.08666507224164637
0.8811762352470495,6.927568177083649,-4.488856051025729,0.019642531801585723,-0.008349965554217784,-0.08407873511724485
0.8821764352870574,7.05368571766048,-4.595754918417646,0.01968385171949768,-0.008353447890336778,-0.08143767340996683
0.8831766353270654,7.177675854055562,-4.701167118492354,0.01972550639012835,-0.008356847669009418,-0.07874270597003899
0.8841768353670734,7.299498529911468,-4.805059345404527,0.01976748498105758,-0.008360160025677469,-0.07599466887237027
0.8851770354070814,7.419114299491934,-4.907398800972671,0.019809776514614907,-0.008363380158112808,-0.07319441516339212
0.8861772354470894,7.536484341168998,-5.008153204827312,0.019852369869088442,-0.008366503333165732,-0.07034281460235611
0.8871774354870974,7.651570470749417,-5.107290804381273,0.01989525378008072,-0.008369524893483363,-0.06744075339716354
0.8881776355271054,7.764335154635949,-5.204780384619229,0.01993841684201431,-0.008372440264189889,-0.06448913393480546
0.8891778355671134,7.874741522818404,-5.300591277703198,0.01998184750978968,-0.008375244959520254,-0.06148887450649342
0.8901780356071214,7.9827533816903005,-5.394693372391645,0.020025534100597563,-0.008377934589398893,-0.0584409090275627
0.8911782356471294,8.088335226686084,-5.487057123268962,0.020069464795887747,-0.008380504865954975,-0.05534618675223153
0.8921784356871374,8.191452254734742,-5.5776535597826875,0.020113627643495995,-0.008382951609965612,-0.05220567198330174
0.8931786357271454,8.292070376524869,-5.666454295085864,0.020158010559930384,-0.008385270757218417,-0.049020343776887715
0.8941788357671534,8.390156228577148,-5.7534315346817975,0.020202601332818138,-0.00838745836478479,-0.04579119564226238
0.8951790358071614,8.48567718511951,-5.838558084868825,0.020247387623513687,-0.008389510617195277,-0.04251923523691053
0.8961792358471694,8.578601369760692,-5.9218073609824335,0.020292356969868343,-0.008391423832508354,-0.0392054840568813
0.8971794358871774,8.66889766695789,-6.003153395432467,0.02033749678916167,-0.008393194468263986,-0.03585097712253343
0.8981796359271854,8.756535733274157,-6.082570845532936,0.02038279438119431,-0.008394819127313368,-0.03245676265976827
0.8991798359671934,8.841486008421368,-6.160035001122459,0.02042823693154168,-0.00839629456351625,-0.029023901776847178
0.9001800360072014,8.923719726084618,-6.235521791972666,0.020473811514967598,-0.00839761768729736,-0.025553468136891355
0.9011802360472094,9.003208924523712,-6.3090077949829055,0.020519505098996624,-0.008398785571053446,-0.022046547626163707
0.9021804360872174,9.079926456948055,-6.380470241159021,0.020565304547643482,-0.008399795454402616,-0.018504238018233782
0.9031806361272254,9.153846001660533,-6.449887022374004,0.020611196625297642,-0.008400644749267678,-0.014927648634128106
0.9041808361672334,9.224942071966757,-6.5172366979090794,0.020657168000760805,-0.008401331044785394,-0.011317899998569868
0.9051810362072414,9.293190025845606,-6.5824985007730294,0.020703205251434684,-0.008401852112033599,-0.007676123492412994
0.9061812362472494,9.358566075377295,-6.6456523437980755,0.02074929486765613,-0.008402205908568362,-0.004003461001377136
0.9071814362872574,9.421047295925227,-6.706678825510721,0.02079542325717635,-0.008402390582763498,-0.0003010645611913865
0.9081816363272655,9.480611635067945,-6.765559235775958,0.02084157674978066,-0.008402404477944917,0.003429904000744289
0.9091818363672735,9.537237921277498,-6.822275561213213,0.02088774160204482,-0.008402246136312519,0.007188273427069649
0.9101820364072815,9.590905872340747,-6.876810490382608,0.02093390400222377,-0.00840191430264254,0.010972863395435331
0.9111822364472895,9.641596103520076,-6.929147418740251,0.020980050075268247,-0.008401407927763482,0.014782484886621972
0.9121824364872975,9.689290135450124,-6.979270453361154,0.021026165887964483,-0.008400726171799015,0.018615940555693558
0.9131826365273055,9.73397040176714,-7.027164417428597,0.021072237454191855,-0.008399868407171492,0.022472025106070194
0.9141828365673135,9.775620256467802,-7.072814854488836,0.02111825074029316,-0.008398834221359994,0.026349525666404413
0.9151830366073215,9.814223980994202,-7.116208032470026,0.02116419167055186,-0.008397623419407108,0.030247222170144118
0.9161832366473295,9.849766791041967,-7.157330947464389,0.021210046132770388,-0.008396236026168959,0.03416388773766432
0.9171834366873375,9.882234843088435,-7.196171327272747,0.021255799983943457,-0.008394672288303292,0.038098289060848806
0.9181836367273455,9.911615240637945,-7.232717634710615,0.02130143905601994,-0.008392932675990785,0.042049186790002
0.9191838367673535,9.937896040181396,-7.266959070675011,0.02134694916174683,-0.008391017884385076,0.04601533592297044
0.9201840368073615,9.961066256867245,-7.29888557697134,0.021392316100588477,-0.00838892883478734,0.049995486196352454
0.9211842368473695,9.981115869881268,-7.328487838899863,0.021437525664714158,-0.008386666675541646,0.05398838247867363
0.9221844368873775,9.998035827532469,-7.355757287601093,0.02148256364504694,-0.008384232782647667,0.05799276516540526
0.9231846369273855,10.01181805204258,-7.3806861021597525,0.02152741583736648,-0.008381628760087715,0.062007370575701895
0.9241848369673935,10.022455444036693,-7.403267211466957,0.02157206804845848,-0.008378856439865464,0.06603093135073364
0.9251850370074015,10.029941886732765,-7.4234942958402685,0.021616506102303222,-0.008375917881754135,0.0700621768534881
0.9261852370474095,10.03427224982758,-7.4413617884015,0.021660715846295638,-0.008372815372752298,0.07409983356991631
0.9271854370874175,10.035442393077112,-7.456864876212089,0.021704683157489225,-0.008369551426245904,0.07814262551129636
0.9281856371274255,10.033449169569147,-7.469999501166052,0.02174839394885609,-0.008366128780875543,0.08218927461768794
0.9291858371674335,10.028290428686189,-7.480762360640513,0.021791834175555344,-0.008362550399108378,0.0862385011623506
0.9301860372074415,10.019965018756759,-7.489150907903905,0.0218349898412021,-0.008358819465514615,0.0902890241569979
0.9311862372474495,10.008472789393265,-7.495163352282119,0.02187784700412923,-0.008354939384748824,0.0943395617577593
0.9321864372874575,9.993814593514761,-7.498798659082778,0.02192039178363418,-0.008350913779236848,0.09838883167172144
0.9331866373274655,9.975992289052957,-7.500056549278033,0.021962610366203086,-0.00834674648656948,0.10243555156391973
0.9341868373674735,9.955008740340011,-7.498937498946279,0.022004489011704546,-0.008342441556604513,0.10647843946465127
0.9351870374074815,9.930867819176653,-7.4954427384733435,0.022046014059545458,-0.008338003248279251,0.11051621417697968
0.9361872374474896,9.903574405579334,-7.4895742515136465,0.022087171934781432,-0.008333436026135933,0.11454759568430224
0.9371874374874976,9.873134388205214,-7.481334773712064,0.02212794915417443,-0.008328744556563029,0.11857130555784949
0.9381876375275056,9.83955466445385,-7.470727791187175,0.022168332332190403,-0.008323933703755747,0.12258606736398751
0.9391878375675135,9.802843140244597,-7.457757538776727,0.02220830818692981,-0.008319008525399551,0.12659060707119243
0.9401880376075215,9.76300872946878,-7.442428998046184,0.022247863545984237,-0.00831397426808088,0.1305836534565697
0.9411882376475295,9.720061353115895,-7.424747895061327,0.02228698535221222,-0.008308836362429706,0.13456393851178147
0.9421884376875375,9.674011938073084,-7.404720697925935,0.022325660669427993,-0.008303600417998956,0.1385301978482612
0.9431886377275455,9.624872415597343,-7.382354614085643,0.02236387668799672,-0.008298272217886243,0.14248117110157832
0.9441888377675535,9.57265571945989,-7.357657587399183,0.02240162073033029,-0.008292857713103716,0.14641560233482648
0.9451890378075615,9.517375783762445,-7.330638294978205,0.022438880256277847,-0.008287363016702267,0.1503322404409049
0.9461892378475695,9.459047540425011,-7.301306143797108,0.022475642868405598,-0.008281794397656668,0.15422983954356342
0.9471894378875775,9.397686916345098,-7.269671267074081,0.022511896317160662,-0.008276158274518584,0.15810715939708211
0.9481896379275855,9.33331083022821,-7.235744520425143,0.02254762850591409,-0.008270461208844785,0.16196296578445654
0.9491898379675935,9.265937189089843,-7.1995374777923,0.022582827495878414,-0.008264709898408194,0.16579603091396009
0.9501900380076015,9.195584884428863,-7.161062427147868,0.022617481510895515,-0.008258911170199735,0.169605133813955
0.9511902380476095,9.122273788072818,-7.120332365976244,0.02265157894209082,-0.008253071973229296,0.17338906072582452
0.9521904380876175,9.04602474769541,-7.077360996535202,0.022685108352390283,-0.008247199371134363,0.17714660549489852
0.9531906381276255,8.966859582006563,-7.032162720898263,0.02271805848089689,-0.008241300534605233,0.18087656995924611
0.9541908381676335,8.884801075615817,-6.984752635780246,0.02275041824712384,-0.008235382733635947,0.18457776433620834
0.9551910382076415,8.799872973569709,-6.935146527147734,0.022782176755081866,-0.008229453329610333,0.18824900760654587
0.9561912382476495,8.712099975563863,-6.883360864616675,0.022813323297218604,-0.008223519767232854,0.19188912789607585
0.9571914382876575,8.621507729830842,-6.829412795638987,0.02284384735820822,-0.008217589566314078,0.19549696285467397
0.9581916383276655,8.528122826704745,-6.773320139480601,0.022873738618589955,-0.008211670313420917,0.19907136003251752
0.9591918383676735,8.431972791863624,-6.7151013809927464,0.02290298695825459,-0.008205769653401876,0.20261117725344677
0.9601920384076815,8.333086079251155,-6.654775664179177,0.02293158245977822,-0.008199895280797799,0.20611528298532183
0.9611922384476895,8.231492063678761,-6.592362785561343,0.022959515411603147,-0.008194054931148713,0.2095825567072542
0.9621924384876975,8.12722103310972,-6.527883187344071,0.022986776311066028,-0.00818825637220756,0.21301188927359171
0.9631926385277055,8.020304180626908,-6.461357950384185,0.023013355867273846,-0.008182507395071696,0.2164021832745377
0.9641928385677135,7.910773596085757,-6.392808786964453,0.023039245003828635,-0.008176815805243183,0.2197523533932851
0.9651930386077215,7.798662257454364,-6.32225803337566,0.02306443486140225,-0.008171189413628958,0.2230613267595482
0.9661932386477295,7.6840040218426084,-6.249728642309312,0.023088916800162843,-0.008165636027492084,0.2263280432993747
0.9671934386877376,7.566833616222293,-6.1752441750634395,0.02311268240205509,-0.008160163441365316,0.22955145608112265
0.9681936387277456,7.447186627840486,-6.098828793564748,0.02313572347293656,-0.008154779427938281,0.2327305316574877
0.9691938387677536,7.325099494328286,-6.020507252209394,0.023158032044572906,-0.0081494917289296,0.23586425040346667
0.9701940388077616,7.200609493507392,-5.940304889525522,0.02317960037649502,-0.008144308045955282,0.2389516068501457
0.9711942388477696,7.073754732897003,-5.858247619660458,0.023200420957721447,-0.008139236031404738,0.24199161001420108
0.9721944388877776,6.94457413892335,-5.774361923695296,0.02322048650834982,-0.00813428327933574,0.24498328372300376
0.9731946389277856,6.813107445835088,-5.6886748407902274,0.023239789981021285,-0.008129457316399614,0.24792566693521786
0.9741948389677936,6.679395184326625,-5.601213959163204,0.023258324562262213,-0.008124765592807923,0.2508178140567868
0.9751950390078016,6.5434786698730125,-5.512007406905557,0.023276083673707704,-0.008120215473351816,0.2536587952522004
0.9761952390478096,6.4053999907787516,-5.421083842637274,0.023293060973211765,-0.008115814228485185,0.25644769675093876
0.9771954390878176,6.265201995944181,-5.328472446005395,0.02330925035584914,-0.008111569025482648,0.2591836211489894
0.9781956391278256,6.122928282352305,-5.234202908028589,0.02332464595481407,-0.008107486919683297,0.26186568770533664
0.9791958391678336,5.978623182279417,-5.138305421291443,0.023339242142221512,-0.008103574845831026,0.2644930326333219
0.9801960392078416,5.832331750233135,-5.0408106699913615,0.023353033529816363,-0.00809983960952216,0.26706480938677746
0.9811962392478496,5.684099749621258,-4.941749819841961,0.023366014969596626,-0.008096287878770937,0.26958018894083546
0.9821964392878576,5.533973639154928,-4.84115450783589,0.02337818155435641,-0.008092926175703268,0.2720383600673176
0.9831966393278656,5.382000558990096,-4.739056831870886,0.0233895286181549,-0.008089760868389044,0.2744385296046107
0.9841968393678736,5.228228316611059,-4.63548934024233,0.023400051736717487,-0.008086798162823091,0.2767799227219367
0.9851970394078816,5.072705372459725,-4.530485021005859,0.02340974672777536,-0.008084044095064696,0.27906178317792596
0.9861972394478896,4.9154808253150515,-4.424077291213562,0.023418609651349898,-0.008081504523545446,0.28128337357340527
0.9871974394878976,4.756604397426489,-4.316299986027697,0.023426636809988296,-0.008079185121554932,0.28344397559831347
0.9881976395279056,4.596126419405753,-4.207187347714756,0.023433824748956816,-0.008077091369913652,0.2855428902726595
0.9891978395679136,4.434097814881262,-4.0967740145244465,0.02344017025639811,-0.008075228549842266,0.2875794381814392
0.9901980396079216,4.270570084919637,-3.9850950094567414,0.023445670363459025,-0.008073601736036115,0.2895529597034293
0.9911982396479296,4.105595292218719,-3.8721857289206296,0.023450322344395223,-0.008072215789953693,0.2914628152337789
0.9921984396879376,3.939226045076757,-3.758081931288875,0.023454123716658958,-0.008071075353327552,0.29330838540032067
0.9931986397279456,3.7715154811425586,-3.6428197253517633,0.02345707224097619,-0.008070184841905859,0.29508907127352546
0.9941988397679536,3.6025172509510965,-3.5264355586743705,0.02345916592141916,-0.0080695484394326,0.296804294570027
0.9951990398079616,3.432285501249753,-3.408966205860667,0.023460403005480426,-0.008069170091874165,0.2984534978496439
0.9961992398479695,3.2608748581199665,-3.2904487567286367,0.02346078198415414,-0.008069053501899784,0.3000361447058296
0.9971994398879775,3.0883404098994167,-3.1709206043998943,0.023460301592030285,-0.008069202123623071,0.3015517199494828
0.9981996399279855,2.914737689909767,-3.050419433308137,0.023458960807407316,-0.008069619157611615,0.30299972978605
0.9991998399679936,2.740122658995293,-2.9289832071299444,0.02345675885242847,-0.008070307546171312,0.30437970198586006
1.0002000400080016,2.5645516878776475,-2.806650156642207,0.023453695193246797,-0.008071269968911879,0.3056911860476266
1.0012002400480096,2.3880815393321,-2.6834587675095984,0.02344976954022369,-0.008072508838599671,0.3069337533550586
1.0022004400880176,2.210769350190724,-2.559447768006728,0.023444981848165437,-0.008074026297303683,0.3081069973265238
1.0032006401280256,2.032672613178012,-2.43465611667833,0.023439332316602054,-0.008075824212840307,0.3092105335577069
1.0042008401680336,1.8538491585846648,-2.3091229899419012,0.023432821390112313,-0.008077904175522142,0.3102439999572121
1.0052010402080416,1.674357135784963,-2.182887769636459,0.02342544975869864,-0.008080267495215851,0.31120705687505756
1.0062012402480496,1.4942549946039057,-2.0559900305216616,0.023417218358215128,-0.008082915198713769,0.3120993872240139
1.0072014402880576,1.3136014665393188,-1.9284695277311867,0.023408128370851662,-0.008085848027423664,0.31292069659374006
1.0082016403280656,1.1324555458454069,-1.8003661841843854,0.023398181225676735,-0.008089066435380755,0.31367071335767244
1.0092018403680736,0.9508764704833678,-1.6717200779603059,0.023387378599241174,-0.008092570587585777,0.31434918877262624
1.0102020404080816,0.7689237029451907,-1.542571429638003,0.023375722416244644,-0.008096360358672575,0.3149558970710688
1.0112022404480896,0.5866569109566482,-1.41296058960731,0.023363214850266368,-0.008100435331908388,0.3154906355460279
1.0122024404880976,0.40413594806580416,-1.2829280253540405,0.023349858324561098,-0.008104794798529694,0.3159532246286007
1.0132026405281056,0.22142083412295313,-1.152514308723524,0.023335655512921025,-0.008109437757416118,0.31634350795803035
1.0142028405681136,0.03857173565850039,-1.0217601031668815,0.023320609340603794,-0.008114362915104615,0.31666135244432064
1.0152030406081216,-0.1443510538349006,-0.8907061509735004,0.023304722985326473,-0.008119568686145802,0.31690664832336085
1.0162032406481296,-0.3272871337099073,-0.7593932604945827,0.02328799987832482,-0.00812505319380398,0.31707930920453514
1.0172034406881376,-0.5101760160548753,-0.6278622933607202,0.023270443705476783,-0.008130814271102026,0.3171792721107945
1.0182036407281456,-0.6929571456609247,-0.4961541516985203,0.023252058408488773,-0.008136849462212041,0.3172064975111698
1.0192038407681536,-0.8755699200590082,-0.36430976534974946,0.023232848186142734,-0.00814315602419223,0.3171609693457087
1.0202040408081616,-1.0579537096205383,-0.2323700790971083,0.023212817495601668,-0.008149730929070207,0.3170426950428201
1.0212042408481696,-1.2400478777148092,-0.10037603990064203,0.023191971053770803,-0.008156570866272502,0.316851705529014
1.0222044408881776,-1.421791800916724,0.0316314158510904,0.023170313838711164,-0.00816367224539972,0.31658805523102457
1.0232046409281856,-1.6031248892580479,0.16361137507126736,0.023147851091101894,-0.008171031199346437,0.31625182207031005
1.0242048409681936,-1.7839866065154273,0.2955229606825091,0.023124588315747204,-0.008178643587764533,0.31584310744992206
1.0252050410082016,-1.9643164905285624,0.42732534429794894,0.02310053128312347,-0.008186505000868295,0.31536203623374187
1.0262052410482096,-2.1440541735415657,0.5589777588718655,0.023075686030961547,-0.008194610763579255,0.31480875671808295
1.0272054410882177,-2.3231394025608263,0.6904395113158763,0.02305005886585896,-0.008202955940008317,0.3141834405956608
1.0282056411282257,-2.501512059722387,0.8216699950767863,0.02302365636491627,-0.008211535338272378,0.31348628291193487
1.0292058411682337,-2.679112182662143,0.9526287026722879,0.022996485377391514,-0.008220343515642218,0.3127175020138289
1.0302060412082417,-2.855879984881746,1.083275238180619,0.02296855302636624,-0.00822937478401806,0.3118773394908388
1.0312062412482497,-3.0317558761034133,1.213569329680151,0.022939866710416316,-0.008238623215728793,0.3109660601085397
1.0322064412882577,-3.206680482606784,1.3434708416355345,0.022910434105280337,-0.008248082649650443,0.3099839517345068
1.0332066413282657,-3.3805946675406253,1.472939787225916,0.022880263165518173,-0.008257746697639082,0.3089313252566654
1.0342068413682737,-3.553439551202657,1.601936340612223,0.0228493621261518,-0.00826760875127293,0.3078085144940907
1.0352070414082817,-3.725156531280278,1.7304208491391824,0.02281773950428035,-0.008277661988898014,0.30661587610027785
1.0362072414482897,-3.8956873030454964,1.8583538454687258,0.02278540410066105,-0.008287899382971309,0.30535378945890695
1.0372074414882977,-4.064973879496753,1.985696059640618,0.02275236500124736,-0.00829831370769488,0.304022656572129
1.0382076415283057,-4.232958611440798,2.112408431057346,0.022718631578675524,-0.00830889754693412,0.3026229019414024
1.0392078415683137,-4.399584207507618,2.238452120389069,0.022684213493690458,-0.00831964330241274,0.3011549724409109
1.0402080416083217,-4.564793754091247,2.3637885213950995,0.02264912069650175,-0.008330543202176768,0.2996193371835976
1.0412082416483297,-4.728530735209829,2.488379272658716,0.022613363428060338,-0.008341589309319353,0.2980164873798509
1.0422084416883377,-4.890739052277279,2.612186269231249,0.022576952221246366,-0.008352773530957794,0.29634693618888125
1.0432086417283457,-5.0513630437803485,2.7351716741822334,0.022539897901958542,-0.008364087627453727,0.29461121856283023
1.0442088417683537,-5.210347504853397,2.8572979300524795,0.02250221159009528,-0.008375523221867045,0.29280989108365596
1.0452090418083617,-5.3676377067443335,2.978527770205778,0.02246390470041782,-0.00838707180963365,0.29094353179284
1.0462092418483697,-5.523179416164599,3.098824230076594,0.022424988943285505,-0.008398724768456758,0.28901274001396515
1.0472094418883777,-5.676918914516294,3.218150658310364,0.02238547632525336,-0.008410473368401039,0.28701813616821503
1.0482096419283857,-5.828803016989488,3.3364707277924297,0.022345379149522226,-0.008422308782178483,0.28496036158284827
1.0492098419683937,-5.97877909152293,3.453748446563163,0.022304710016231605,-0.008434222095614468,0.28284007829270325
1.0502100420084017,-6.1267950776210185,3.569948168615491,0.022263481822585605,-0.008446204318282104,0.28065796883479177
1.0512102420484097,-6.272799505020496,3.6850346045719125,0.022221707762802394,-0.008458246394292577,0.2784147360360413
1.0522104420884177,-6.416741512199872,3.798972832237737,0.022179401327877737,-0.008470339213228765,0.2761111027942491
1.0532106421284257,-6.55857086472486,3.9117283070273037,0.022136576305153324,-0.008482473621209106,0.2737478118523132
1.0542108421684337,-6.6982379734229305,4.023266872260726,0.02209324677768086,-0.008494640432068285,0.27132562556580714
1.0552110422084418,-6.835693912380526,4.13355476932721,0.022049427123373048,-0.008506830438640978,0.26884532566396796
1.0562112422484498,-6.970890436755996,4.242558647712949,0.022005132013932845,-0.00851903442413455,0.2663077130041703
1.0572114422884578,-7.103780000401709,4.350245574889877,0.021960376413552737,-0.008531243173576309,0.26371360731995896
1.0582116423284658,-7.2343157732889125,4.4565830460630425,0.021915175577375958,-0.008543447485320547,0.261063846962718
1.0592118423684738,-7.362451658728625,4.561538993773404,0.02186954504971201,-0.008555638182600396,0.2583592886370531
1.0602120424084818,-7.4881423103819085,4.665081797353328,0.02182350066199916,-0.008567806125109186,0.2556008071299689
1.0612122424484898,-7.611343149053628,4.767180292232278,0.021777058530507005,-0.008579942220595767,0.25278929503392383
1.0622124424884978,-7.7320103792626,4.867803779089823,0.021730235053772532,-0.008592037436458025,0.2499256624638471
1.0632126425285058,-7.850101005582391,4.966922032853421,0.021683046909763668,-0.00860408281131858,0.24701083676820468
1.0642128425685138,-7.965572848746235,5.064505311538407,0.021635511052764615,-0.008616069466566529,0.24404576223420388
1.0652130426085218,-8.0783845615098,5.160524364927888,0.021587644709977875,-0.008627988617848822,0.24103139978722687
1.0662132426485298,-8.188495644265826,5.254950443089551,0.02153946537783831,-0.008639831586494829,0.23796872668458674
1.0672134426885378,-8.295866460404419,5.347755304727741,0.021490990818035103,-0.008651589810857447,0.23485873620370087
1.0682136427285458,-8.40045825141317,5.438911225367793,0.02144223905323805,-0.00866325485755405,0.23170243732477888
1.0692138427685538,-8.502233151710879,5.5283910053707706,0.02139322836252515,-0.0086748184325905,0.22850085440812376
1.0702140428085618,-8.601154203209292,5.6161679777762155,0.021343977276509017,-0.008686272392351393,0.22525502686614748
1.0712142428485698,-8.697185369596962,5.702216015970732,0.021294504572160318,-0.008697608754439713,0.2219660088302035
1.0722144428885778,-8.790291550339406,5.786509541180361,0.021244829267326876,-0.008708819708349089,0.21863486881234073
1.0732146429285858,-8.880438594390204,5.869023529784623,0.02119497061494785,-0.008719897625951862,0.21526268936208556
1.0742148429685938,-8.96759331360714,5.9497335204503905,0.02114494809696295,-0.008730835071786295,0.21185056671835992
1.0752150430086018,-9.051723495868199,6.028615621083377,0.021094781417917235,-0.008741624813126327,0.2083996104566453
1.0762152430486098,-9.132797917882018,6.105646515595732,0.021044490498262812,-0.008752259829817437,0.20491094313150438
1.0772154430886178,-9.210786357687331,6.1808034704875965,0.02099409546735919,-0.00876273332386235,0.2013856999145736
1.0782156431286258,-9.28565960683633,6.254064341241071,0.020943616656174918,-0.008773038728740495,0.19782502822814144
1.0792158431686338,-9.357389482256915,6.325407578524933,0.020893074589693583,-0.00878316971844542,0.19423008737442898
1.0802160432086418,-9.425948837788704,6.39481223420821,0.020842489979027996,-0.008793120216224557,0.1906020481606911
1.0812162432486496,-9.49131157538788,6.462257967181501,0.020791883713247,-0.008802884403006117,0.1869420925202584
1.0822164432886576,-9.553452655996297,6.527725048984029,0.02074127685091993,-0.008812456725498165,0.18325141312963633
1.0832166433286656,-9.612348110069789,6.591194369235368,0.02069069061138455,-0.008821831903945301,0.17953121302179617
1.0842168433686736,-9.667975047761349,6.652647440870376,0.02064014636574459,-0.008831004939528823,0.17578270519576583
1.0852170434086816,-9.7203116687547,6.7120664051758805,0.020589665627603983,-0.008839971121396594,0.17200711222265774
1.0862172434486896,-9.769337271743591,6.769434036628102,0.02053927004354522,-0.00884872603330939,0.16820566584825605
1.0872174434886976,-9.815032263552892,6.824733747529363,0.020488981383359965,-0.008857265559890899,0.16437960659229167
1.0882176435287056,-9.857378167897087,6.877949592443298,0.020438821530040594,-0.008865585892469168,0.16053018334453464
1.0892178435687137,-9.89635763377223,6.929066272427144,0.020388812469541884,-0.008873683534497764,0.15665865295783435
1.0902180436087217,-9.931954443477364,6.97806913906045,0.02033897628032257,-0.008881555306545545,0.15276627983823915
1.0912182436487297,-9.964153520261688,7.024944198269032,0.020289335122677044,-0.008889198350844526,0.1488543355323284
1.0922184436887377,-9.992940935593623,7.069678113943506,0.02023991122786796,-0.008896610135385976,0.14492409831189082
1.0932186437287457,-10.018303916048378,7.112258211351469,0.02019072688707087,-0.008903788457555533,0.140976852756084
1.0942188437687537,-10.040230849810419,7.152672480342626,0.020141804440142606,-0.008910731447298816,0.13701388933121128
1.0952190438087617,-10.058711292787617,7.190909578346344,0.020093166264225387,-0.008917437569809738,0.13303650396825295
1.0962192438487697,-10.073735974333808,7.226958833160769,0.020044834762199114,-0.008923905627734421,0.1290459976382893
1.0972194438887777,-10.085296802576735,7.260810245533228,0.01999683235099458,-0.008930134762884416,0.1250436759259549
1.0982196439287857,-10.093386869348404,7.292454491531337,0.019949181449780706,-0.008936124457453678,0.12103084860106311
1.0992198439687937,-10.098000454715052,7.321882924704363,0.01990190446803918,-0.008941874534734521,0.11700882918854175
1.1002200440088017,-10.099133031104067,7.349087578034655,0.019855023793540073,-0.008947385159328643,0.11297893453682051
1.1012202440488097,-10.096781267025262,7.374061165678726,0.019808561780232357,-0.008952656836850058,0.10894248438481244
1.1022204440888177,-10.09094303038416,7.396797084497867,0.01976254073606324,-0.008957690413117676,0.10490080092763164
1.1032206441288257,-10.08161739138496,7.417289415378145,0.019716982910740605,-0.008962487072836074,0.10085520838119044
1.1042208441688337,-10.068804625021073,7.435532924339672,0.01967191048345274,-0.008967048337763866,0.09680703254581965
1.1052210442088417,-10.052506213151256,7.451523063435205,0.01962734555055978,-0.00897137606436997,0.09275760036905596
1.1062212442488497,-10.032724846159415,7.465255971438068,0.019583310113271236,-0.008975472440978892,0.08870823950774125
1.1072214442888577,-10.00946442419644,7.476728474319562,0.019539826065324024,-0.00897933998440705,0.08466027788957874
1.1082216443288657,-9.982730058002453,7.485938085516024,0.01949691518067535,-0.008982981536093039,0.08061504327429142
1.1092218443688737,-9.952528069308084,7.492883005985815,0.019454599101224743,-0.008986400257725588,0.07657386281452852
1.1102220444088817,-9.918865990813417,7.497562124056533,0.019412899324579465,-0.008989599626373837,0.07253806261666586
1.1112222444488897,-9.881752565743524,7.4999750150628195,0.019371837191877274,-0.00899258342912546,0.06850896730164653
1.1122224444888977,-9.841197746979644,7.500121940775248,0.019331433875680464,-0.00899535575723896,0.06448789956600813
1.1132226445289057,-9.797212695764987,7.4980038486207485,0.019291710367954802,-0.008997920999817392,0.06047617974324312
1.1142228445689137,-9.7498097799847,7.493622370695189,0.019252687468146765,-0.009000283837011519,0.056475125365638916
1.1152230446089217,-9.699002572019248,7.4869798225687,0.0192143857713722,-0.009002449232761348,0.05248605072674435
1.1162232446489297,-9.644805846170991,7.478079201884481,0.019176825656729186,-0.009004422427085703,0.04851026644460907
1.1172234446889378,-9.587235575663446,7.466924186751829,0.01914002727574758,-0.009006208927930377,0.04454907902594243
1.1182236447289458,-9.526308929213519,7.453519133934191,0.019104010540987284,-0.009007814502586121,0.040603790431338334
1.1192238447689538,-9.462044267176399,7.437869076833175,0.019068795114796908,-0.00900924516868858,0.036675697641712225
1.1202240448089618,-9.394461137263571,7.4199797232693925,0.01903440039824407,-0.009010507184812914,0.03276609222609626
1.1212242448489698,-9.323580269834103,7.39985745306121,0.019000845520228075,-0.009011607040676708,0.028876259910938524
1.1222244448889778,-9.249423572759982,7.377509315402411,0.018968149326785252,-0.009012551446965326,0.02500748015105157
1.1232246449289858,-9.172014125865896,7.3529430260399415,0.0189363303705967,-0.009013347324794673,0.021161025702355556
1.1242248449689938,-9.091376174944482,7.326166964252875,0.0189054069007077,-0.009014001794826879,0.017338162196560522
1.1252250450090018,-9.007535125347863,7.297190169633899,0.018875396852467433,-0.009014522166055096,0.013540147717932067
1.1262252450490098,-8.920517535156723,7.26602233867454,0.01884631783769713,-0.009014915924274171,0.009768232382284114
1.1272254450890178,-8.830351107928266,7.232673821155622,0.018818187135094155,-0.009015190720254524,0.006023657918341909
1.1282256451290258,-8.737064685024153,7.197155616344155,0.018791021680878903,-0.009015354357637081,0.0023076572516177256
1.1292258451690338,-8.640688237520505,7.1594793689983875,0.0187648380596909,-0.009015414780567646,-0.001378545909058788
1.1302260452090418,-8.541252857701263,7.119657365182346,0.01873965249573965,-0.0090153800610895,-0.005033737482214532
1.1312262452490498,-8.438790750137107,7.0777025278915415,0.01871548084421536,-0.009015258386313528,-0.008656713421470709
1.1322264452890578,-8.33333522235192,7.033628412491463,0.01869233858296392,-0.009015058045385495,-0.012246280120204844
1.1332266453290658,-8.224920675078913,6.987449201970533,0.018670240804429847,-0.009014787416270523,-0.015801254812998343
1.1342268453690738,-8.113582592108818,6.939179702009294,0.018649202207870363,-0.009014454952375095,-0.01932046597373173
1.1352270454090818,-7.9993575297328405,6.888835335867643,0.018629237091843047,-0.009014069169027245,-0.0228027537101907
1.1362272454490898,-7.88228310578262,6.836432139091901,0.018610359346968853,-0.009013638629835835,-0.026246970155047136
1.1372274454890978,-7.762397988270593,6.781986754043677,0.018592582448971752,-0.009013171932950037,-0.029651979853080178
1.1382276455291058,-7.639741883633195,6.725516424252475,0.018575919451995476,-0.009012677697240326,-0.033016660144503676
1.1392278455691138,-7.514355524580334,6.6670389885940144,0.01856038298219733,-0.009012164548422455,-0.036339901544267396
1.1402280456091218,-7.386280657554487,6.606572875296342,0.018545985231618423,-0.009011641105145955,-0.03962060811720055
1.1412282456491298,-7.255560029802459,6.54413709577589,0.018532737952328987,-0.009011115965068848,-0.04285769784886749
1.1422284456891378,-7.122237376063769,6.4797512383054485,0.018520652450846956,-0.009010597690940206,-0.04605010301200668
1.1432286457291458,-6.986357404879185,6.413435461516572,0.018509739582827395,-0.009010094796712307,-0.049196770528425304
1.1442288457691538,-6.847965784523483,6.345210487738276,0.01850000974801977,-0.009009615733704002,-0.05229666232622335
1.1452290458091618,-6.707109128566026,6.275097596174615,0.01849147288548959,-0.009009168876836934,-0.055348755692222404
1.1462292458491699,-6.563834981064004,6.203118615923371,0.01848413846910041,-0.009008762510966073,-0.05835204361947576
1.1472294458891779,-6.418191801391793,6.129295918838121,0.018478015503251698,-0.009008404817325972,-0.061305535149738084
1.1482296459291859,-6.270228948711845,6.053652412236407,0.018473112518867654,-0.009008103860113924,-0.06420825571077422
1.1492298459691939,-6.119996666090828,5.976211531456112,0.01846943756963158,-0.00900786757323105,-0.06705924744838869
1.1502300460092019,-5.967546064266334,5.896997232262726,0.018466998228460058,-0.009007703747202079,-0.06985756955305858
1.1512302460492099,-5.812929105068823,5.81603398311014,0.018465801584210784,-0.00900762001629436,-0.07260229858105458
1.1522304460892179,-5.6561985845039215,5.733346757257319,0.018465854238617584,-0.009007623845856351,-0.07529252876993647
1.1532306461292259,-5.4974081154999155,5.648961024743762,0.018467162303445812,-0.009007722519895458,-0.07792737234831122
1.1542308461692339,-5.336612110326388,5.562902744226044,0.018469731397861074,-0.009007923128914864,-0.08050595983974343
1.1552310462092419,-5.173865762688596,5.475198354678636,0.018473566646003976,-0.009008232558028496,-0.0830274403607101
1.1562312462492499,-5.00922502950393,5.3858747669611295,0.018478672674763368,-0.009008657475372965,-0.08549098191249314
1.157231446289258,-4.842746612365551,5.294959355255275,0.0184850536117404,-0.009009204320834836,-0.08789577166690533
1.158231646329266,-4.674487938699639,5.202479948374082,0.018492713083395562,-0.0090098792951112,-0.09024101624574701
1.159231846369274,-4.5045071426213985,5.108464820946221,0.01850165421337078,-0.009010688349120962,-0.09252594199389329
1.160232046409282,-4.332863045496688,5.012942684478375,0.01851187962097856,-0.009011637173783865,-0.09474979524591308
1.16123224644929,-4.159615136214987,4.915942678298513,0.018523391419850176,-0.009012731190183665,-0.09691184258612366
1.162232446489298,-3.9848235511804893,4.817494360383016,0.018536191216734863,-0.009013975540131412,-0.09901137110198642
1.163232646529306,-3.8085490540270657,4.717627698070707,0.018550280110442015,-0.00901537507714419,-0.10104768863075177
1.164232846569314,-3.6308530150644924,4.616373058666439,0.018565658690918547,-0.00901693435785412,-0.10302012399926305
1.165233046609322,-3.451797390461863,4.51376119993791,0.01858232703845355,-0.009018657633861837,-0.10492802725683192
1.16623324664933,-3.2714447011757417,4.409823260507863,0.018600284723002666,-0.009020548844048036,-0.1067707699010995
1.167233446689338,-3.0898580116293908,4.304590750145699,0.018619530803624686,-0.009022611607356078,-0.10854774509680017
1.168233646729346,-2.907100908150149,4.1980955399607085,0.018640063828023124,-0.009024849216058006,-0.11025836788734708
1.169233846769354,-2.723237477172729,4.090369852500862,0.018661881832185773,-0.009027264629515657,-0.1119020753991608
1.170234046809362,-2.538332283214749,3.981446251759421,0.01868498234011556,-0.009029860468447915,-0.11347832703866491
1.17123424684937,-2.352450346632653,3.8713576330936,0.018709362363646224,-0.009032639009714467,-0.11498660468187466
1.172234446889378,-2.165657121164756,3.7601372130572597,0.01873501840233682,-0.009035602181625722,-0.1164264128565075
1.173234646929386,-1.9780184712698363,3.647818519151906,0.0187619464434393,-0.009038751559787887,-0.11779727891654637
1.174234846969394,-1.7896006492681256,3.5344353794985697,0.018790141961933928,-0.00904208836349147,-0.11909875320918953
1.175235047009402,-1.6004702722926119,3.420021912433978,0.01881959992062757,-0.009045613452650744,-0.12033040923412287
1.17623524704941,-1.4106942990591664,3.3046125160343376,0.018850314770310513,-0.009049327325301035,-0.12149184379505346
1.177235447089418,-1.2203400064622931,3.188241857569949,0.018882280449967787,-0.009053230115659904,-0.12258267714344544
1.178235647129426,-1.029474966005544,3.070944862894001,0.018915490387041527,-0.009057321592757598,-0.12360255311440219
1.179235847169434,-0.8381670200739502,2.952756705768658,0.01894993749774146,-0.009061601159641377,-0.12455113925464102
1.180236047209442,-0.6464842580574777,2.8337127971319624,0.01898561418740099,-0.009066067853157568,-0.12542812694250954
1.18123624724945,-0.4544949923325513,2.7138487743087847,0.019022512350877048,-0.009070720344314458,-0.12623323149999546
1.182236447289458,-0.2622677341112705,2.593200490169272,0.019060623372992358,-0.009075556939228357,-0.1269661922966841
1.183236647329466,-0.06987116916601863,2.4718040022377257,0.0190999381290193,-0.009080575580654395,-0.12762677284562068
1.184236847369474,0.12262586656202075,2.3496955617559423,0.019140446985205218,-0.009085773850102861,-0.12821476089103745
1.185237047409482,0.3151544114618173,2.226911602703685,0.01918213979933952,-0.009091148970541087,-0.1287299684879078
1.18623724744949,0.5076454028500119,2.1034887307801275,0.01922500592136355,-0.009096697809680122,-0.12917223207329306
1.187237447489498,0.7000297016586827,1.9794637123494814,0.01926903419402481,-0.009102416883844668,-0.12954141252944976
1.188237647529506,0.8922381172048752,1.854873463354059,0.019314212953577648,-0.00910830236242393,-0.12983739523866838
1.189237847569514,1.0842014320320565,1.729755038198353,0.019360530030533174,-0.009114350072900275,-0.13006009012981717
1.190238047609522,1.2758504268159114,1.6041456186074508,0.01940797275046176,-0.009120555506451803,-0.13020943171656754
1.19123824764953,1.4671159053247536,1.47808250246292,0.019456527934851982,-0.009126913824124136,-0.1302853791272804
1.192238447689538,1.6579287194259715,1.3516030926200442,0.019506181902030517,-0.009133419863565941,-0.1302879161265353
1.193238647729546,1.8482197941291973,1.2247448857093102,0.019556920468148064,-0.009140068146321926,-0.13021705112828805
1.194238847769554,2.0379201526576765,1.0975454609257715,0.01960872894823683,-0.009146852885676252,-0.1300728172006435
1.1952390478095618,2.2269609415383735,0.9700424688096168,0.019661592157345767,-0.0091537679950385,-0.1298552720622357
1.1962392478495698,2.415273455701588,0.8422736200211445,0.01971549441176021,-0.009160807096863604,-0.12956449807020753
1.1972394478895778,2.602789163581714,0.7142766741139706,0.019770419530312975,-0.009167963532096276,-0.12920060219978763
1.1982396479295858,2.7894397322089057,0.5860894283091449,0.019826350835794718,-0.009175230370129782,-0.128763716015463
1.1992398479695938,2.97515705228348,0.457749706274241,0.01988327115647148,-0.009182600419268074,-0.12825399563374998
1.2002400480096018,3.159873263223049,0.3292953469101236,0.019941162827718045,-0.009190066237679534,-0.12767162167756885
1.2012402480496098,3.3435207781737,0.20076419314920446,0.020000007693775974,-0.009197620144829824,-0.1270167992222299
1.2022404480896178,3.5260323089758234,0.07219408076821897,0.020059787109645646,-0.009205254233380568,-0.12628975773304202
1.2032406481296258,3.7073408910753387,-0.056377172780954,0.020120481943121934,-0.009212960381539834,-0.12549075099455786
1.2042408481696338,3.887379908370698,-0.18491177951928797,0.020182072576983498,-0.009220730265849639,-0.12462005703147196
1.2052410482096418,4.066083117987457,-0.3133719920641347,0.020244538911345897,-0.00922855537439497,-0.12367797802119194
1.2062412482496498,4.243384674969751,-0.44172011472495337,0.020307860366189055,-0.009236427020418055,-0.12266484019810518
1.2072414482896578,4.419219156880538,-0.5699185145677474,0.02037201588406971,-0.009244336356320949,-0.12158099374956635
1.2082416483296659,4.593521588300931,-0.6979296324455783,0.02043698393302976,-0.009252274388038724,-0.12042681270363444
1.2092418483696739,4.766227465219368,-0.8257159939913992,0.02050274250971148,-0.009260231989764918,-0.11920269480859025
1.2102420484096819,4.937272779301216,-0.9532402205699776,0.02056926914269067,-0.009268199919010189,-0.1179090614042688
1.2112422484496899,5.106594042030278,-1.080465040186115,0.02063654089603892,-0.009276168831974432,-0.11654635728524348
1.2122424484896979,5.274128308712227,-1.2073532983458621,0.020704534373126054,-0.009284129299212022,-0.11511505055590199
1.2132426485297059,5.439813202331042,-1.3338679688673183,0.020773225720673957,-0.009292071821569145,-0.11361563247745653
1.2142428485697139,5.603586937249852,-1.459972164637994,0.020842590633072703,-0.009299986846371615,-0.11204861730693436
1.2152430486097219,5.765388342746078,-1.585629148316002,0.020912604356969972,-0.009307864783840956,-0.11041454212819665
1.2162432486497299,5.92515688637282,-1.7108023429715498,0.020983241696144465,-0.009315696023715962,-0.10871396667503723
1.2172434486897379,6.082832697136744,-1.8354553426657747,0.021054477016673814,-0.00932347095205638,-0.10694747314641512
1.2182436487297459,6.238356588483689,-1.9595519229639329,0.021126284252407306,-0.009331179968204878,-0.10511566601387783
1.219243848769754,6.3916700810831495,-2.083056051380304,0.021198636910753365,-0.009338813501882887,-0.10321917182123508
1.220244048809762,6.542715425402702,-2.20593189775089,0.021271508078791426,-0.009346362030395527,-0.10125863897654534
1.22124424884977,6.691435624063432,-2.3281438445320397,0.02134487042971743,-0.009353816095920274,-0.09923473753648031
1.222244448889778,6.837774453967518,-2.4496564970213672,0.021418696229631787,-0.009361166322853717,-0.09714815898313531
1.223244648929786,6.98167648818948,-2.5704346934983477,0.021492957344678106,-0.009368403435190279,-0.09499961599335624
1.224244848969794,7.123087117622165,-2.6904435152815522,0.02156762524854054,-0.009375518273906503,-0.0927898422006563
1.225245049009802,7.261952572369037,-2.8096482966999567,0.021642671030307013,-0.00938250181432412,-0.09051959194979846
1.22624524904981,7.398219942874035,-2.9280146349753156,0.021718065402705013,-0.009389345183424911,-0.08818964004412246
1.227245449089818,7.531837200780796,-3.045508400012728,0.021793778710715982,-0.009396039677090049,-0.08580078148569731
1.228245649129826,7.662753219512658,-3.1620957440971385,0.02186978094057371,-0.009402576777236497,-0.08335383120838348
1.229245849169834,7.790917794565076,-3.277743111492393,0.021946041729151374,-0.009408948168822798,-0.08084962380389078
1.230246049209842,7.916281663502474,-3.392417247940736,0.0220225303737412,-0.009415145756696523,-0.07828901324092136
1.23124624924985,8.038796525651126,-3.506085210059877,0.022099215842229895,-0.009421161682255551,-0.07567287257748888
1.232246449289858,8.158415061480174,-3.618714374635075,0.022176066783672246,-0.009426988339895312,-0.07300209366650821
1.233246649329866,8.275090951662758,-3.7302724478035643,0.02225305153926441,-0.00943261839321417,-0.07027758685475186
1.234246849369874,8.388778895809299,-3.8407274741290265,0.022330138153717642,-0.009438044790949136,-0.06750028067527204
1.235247049409882,8.49943463086543,-3.950047845563477,0.022407294387032255,-0.009443260782614267,-0.0646711215333899
1.23624724944989,8.607014949166611,-4.0582023102941385,0.022484487726670763,-0.009448259933814212,-0.06179107338635516
1.237247449489898,8.711477716142038,-4.1651599814727405,0.022561685400128265,-0.009453036141205596,-0.05886111741678256
1.238247649529906,8.812781887660279,-4.270890345825421,0.02263885438789715,-0.009457583647079191,-0.055882251699973184
1.239247849569914,8.910887527009493,-4.375363272139999,0.02271596143682228,-0.009461897053536136,-0.05285549086523131
1.240248049609922,9.005755821504806,-4.478549019629381,0.02279297307384194,-0.009465971336231789,-0.04978186575128958
1.24124824964993,9.097349098715732,-4.5804182461678264,0.02286985562010875,-0.00946980185766126,-0.046662423055957566
1.242248449689938,9.185630842306871,-4.6809420163988475,0.02294657520548391,-0.009473384379961092,-0.04349822498011082
1.243248649729946,9.270565707484742,-4.780091809711667,0.023023097783397128,-0.009476715077202083,-0.04029034886613976
1.244248849769954,9.352119536044281,-4.877839528084872,0.02309938914606361,-0.00947979054714882,-0.037039886830979814
1.245249049809962,9.43025937100808,-4.974157503794737,0.023175414940048635,-0.009482607822462092,-0.03374794539384618
1.24624924984997,9.504953470852305,-5.069018506986366,0.02325114068216915,-0.009485164381321045,-0.030415645098798755
1.247249449889978,9.576171323312463,-5.162395753105689,0.023326531775721065,-0.009487458157442622,-0.027044120132264524
1.248249649929986,9.643883658763373,-5.2542629101901195,0.023401553527019853,-0.009489487549476653,-0.023634517935646845
1.249249849969994,9.708062463166723,-5.344594106016465,0.0234761711622413,-0.009491251429755727,-0.020187998813152825
1.250250050010002,9.76868099058076,-5.43336393510375,0.02355034984454827,-0.009492749152379892,-0.016705735534971816
1.25125025005001,9.82571377522607,-5.5205474655694955,0.02362405469148858,-0.009493980560617114,-0.013188912935939939
1.252250450090018,9.879136643101894,-5.606120245837462,0.023697250792648217,-0.009494945993601402,-0.009638727509827163
1.253250650130026,9.92892672314763,-5.690058311195348,0.023769903227543344,-0.009495646292311515,-0.006056386999385352
1.254250850170034,9.975062457944018,-5.772338190200732,0.023841977083733777,-0.009496082804814223,-0.002443109982297156
1.255251050210042,10.017523613949031,-5.852936910933544,0.023913437475139913,-0.009496257390757162,0.0011998745468326335
1.25625125025005,10.056291291263346,-5.931832007093619,0.02398424956054438,-0.009496172425097501,0.004871327598300128
1.257251450290058,10.091347932920641,-6.009001523941787,0.024054378562259063,-0.009495830801053776,0.008570000612795121
1.258251650330066,10.12267733369807,-6.084424024083122,0.02412378978493752,-0.009495235932269454,0.012294635890417474
1.259251850370074,10.150264648442292,-6.158078593090748,0.02419244863451229,-0.00949439175417807,0.016043967023069594
1.260252050410082,10.174096399906892,-6.229944844969023,0.024260320637236047,-0.009493302724561014,0.01981671933007606
1.26125225045009,10.194160486096887,-6.300002927454736,0.02432737145880517,-0.00949197382329035,0.023611610296880185
1.262252450490098,10.210446187116421,-6.368233527154997,0.024393566923543768,-0.009490410551250427,0.027427350016666022
1.263252650530106,10.22294417151581,-6.434617874520694,0.024458873033625983,-0.009488618928433331,0.031262641634753105
1.264252850570114,10.231646502134295,-6.499137748654363,0.024523255988314042,-0.009486605491204643,0.03511618179561005
1.265253050610122,10.236546641435051,-6.561775481951224,0.02458668220318926,-0.009484377288737354,0.03898666109233209
1.26625325065013,10.237639456329191,-6.622513964572556,0.024649118329353046,-0.009481941878613188,0.04287276451842639
1.267253450690138,10.234921222485678,-6.681336648750174,0.024710531272574887,-0.009479307321592023,0.046773171921748284
1.268253650730146,10.228389628124196,-6.738227552921257,0.024770888212364128,-0.009476482175551498,0.05068655846043031
1.269253850770154,10.21804377728833,-6.79317126569246,0.024830156620942456,-0.009473475488600369,0.05461159506064523
1.270254050810162,10.20388419259647,-6.846152949632628,0.024888304282093997,-0.00947029679137059,0.05854694887604333
1.27125425085017,10.185912817468125,-6.897158344893115,0.024945299309870092,-0.009466956088494549,0.06249128374870351
1.272254450890178,10.164133017823481,-6.946173772655178,0.025001110167125983,-0.0094634638492753,0.06644326067143692
1.273254650930186,10.138549583254246,-6.993186138403611,0.025055705683866898,-0.009459830997559098,0.0704015382512813
1.274254850970194,10.109168727664086,-7.038182935026027,0.025109055075381307,-0.009456068900820937,0.07436477317402346
1.275255051010202,10.075998089376931,-7.081152245737209,0.025161127960139532,-0.009452189358475183,0.07833162066958696
1.27625525105021,10.039046730711966,-7.122082746827969,0.025211894377436265,-0.009448204589424837,0.08230073497812133
1.277255451090218,9.998325137023986,-7.160963710238127,0.025261324804756055,-0.009444127218864257,0.0862707698166289
1.278255651130226,9.953845215208256,-7.197785005952986,0.025309390174841403,-0.009439970264351574,0.0902403788459648
1.279255851170234,9.905620291668935,-7.232537104223183,0.02535606189244361,-0.009435747121168347,0.09420821613804554
1.280256051210242,9.85366510975077,-7.265211077607391,0.025401311850737292,-0.009431471546985247,0.0981729366431012
1.2812562512502501,9.797995826633352,-7.295798602837654,0.025445112447380062,-0.009427157645853888,0.10213319665680584
1.2822564512902581,9.738630009688066,-7.324291962507261,0.025487436600199732,-0.009422819851546102,0.10608765428712112
1.2832566513302661,9.675586632297518,-7.350684046580765,0.02552825776249211,-0.009418472910263148,0.11003496992068758
1.2842568513702741,9.608886069137869,-7.374968353726256,0.02556754993791337,-0.009414131862738517,0.11397380668859805
1.2852570514102821,9.538550090924453,-7.397138992469701,0.02560528769495185,-0.009409812025759056,0.11790283093138798
1.2862572514502901,9.46460185862127,-7.417190682171381,0.025641446180965026,-0.009405528973130248,0.12182071266307719
1.2872574514902981,9.387065917115276,-7.4351187538244305,0.025676001135768435,-0.009401298516112443,0.125726126034098
1.2882576515303061,9.30596818835646,-7.450919150675687,0.025708928904764308,-0.00939713668335585,0.12961774979294466
1.2892578515703141,9.22133596396512,-7.464588428668839,0.02574020645159867,-0.009393059700362956,0.1334942677463795
1.2902580516103221,9.133197897307639,-7.476123756710213,0.025769811370336782,-0.009389083968507963,0.13735436921803137
1.2912582516503301,9.041583995042432,-7.48552291675735,0.025797721897147845,-0.00938522604364357,0.1411967495052222
1.2922584516903382,8.946525608138199,-7.49278430373075,0.025823916921491042,-0.009381502614326222,0.14502011033385864
1.2932586517303462,8.84805542236617,-7.497906925249083,0.025848375996796066,-0.009377930479691625,0.14882316031122517
1.2942588517703542,8.746207448269104,-7.500890401188289,0.025871079350632476,-0.00937452652701295,0.1526046153765166
1.2952590518103622,8.641017010609065,-7.501734963065035,0.025892007894363345,-0.009371307708974734,0.1563631992489479
1.2962592518503702,8.532520737297062,-7.500441453245006,0.025911143232279853,-0.009368291020695974,0.16009764387328038
1.2972594518903782,8.420756547807196,-7.497011323976621,0.02592846767021459,-0.009365493476536393,0.16380668986260363
1.2982596519303862,8.305763641078709,-7.491446636250719,0.025943964223632578,-0.009362932086720217,0.16748908693821365
1.2992598519703942,8.187582482909004,-7.483750058486957,0.025957616625200124,-0.009360623833812146,0.17114359436642856
1.3002600520104022,8.066254792841164,-7.473924865047527,0.025969409331832755,-0.009358585649080448,0.1747689813921838
1.3012602520504102,7.941823530549926,-7.461974934579002,0.025979327531224707,-0.009356834388782329,0.17836402766925022
1.3022604520904182,7.814332881729798,-7.44790474818312,0.025987357147863478,-0.009355386810406855,0.18192752368691895
1.3032606521304262,7.683828243489626,-7.431719387417291,0.025993484848534126,-0.00935425954891079,0.18545827119299868
1.3042608521704342,7.55035620925779,-7.4134245321257906,0.02599769804731904,-0.009353469092982724,0.18895508361297136
1.3052610522104422,7.4139645532026,-7.393026458102537,0.025999984910100003,-0.009353031761370825,0.19241678646515434
1.3062612522504502,7.27470221417278,-7.370532034586484,0.026000334358570375,-0.009352963679309462,0.19584221777171754
1.3072614522904582,7.132619279162659,-7.3459487215906,0.025998736073766245,-0.009353280755079746,0.19923022846540606
1.3082616523304662,6.98776696630749,-7.319284567065569,0.025995180499126337,-0.009353998656738872,0.20257968279181973
1.309261852370474,6.840197607414022,-7.290548203899381,0.025989658843091415,-0.009355132789052825,0.20588945870710196
1.310262052410482,6.689964630031889,-7.25974884675382,0.02598216308125478,-0.009356698270666692,0.20915844827089675
1.31126225245049,6.537122539071549,-7.226896288739305,0.02597268595807635,-0.009358709911546479,0.21238555803441894
1.312262452490498,6.381726897974463,-7.192000897929111,0.025961220988173512,-0.009361182190725823,0.21556970942351017
1.313262652530506,6.223834309442095,-7.155073613714423,0.02594776245720279,-0.009364129234390594,0.21870983911652853
1.314262852570514,6.063502395729272,-7.116125943001592,0.025932305422346973,-0.00936756479433376,0.22180489941693773
1.315263052610522,5.900789778509001,-7.075169956252794,0.025914845712423057,-0.009371502226812378,0.2248538586204577
1.31626325265053,5.735756058314921,-7.0322182833718285,0.02589537992762688,-0.009375954471837908,0.22785570137664093
1.317263452690538,5.568461793568525,-6.987284109436139,0.025873905438930884,-0.009380934032930393,0.23080942904474155
1.318263652730546,5.398968479197856,-6.940381170277018,0.025850420387151917,-0.00938645295736634,0.23371406004374515
1.319263852770554,5.227338524855193,-6.891523747909193,0.025824923681706347,-0.009392522816949394,0.23656863019642974
1.320264052810562,5.053635232740578,-6.840726665811554,0.02579741499907016,-0.009399154689332083,0.23937219306733037
1.32126425285057,4.8779227750392256,-6.788005284060647,0.025767894780961937,-0.009406359139916146,0.24212382029448173
1.322264452890578,4.700266170980122,-6.733375494318597,0.025736364232266877,-0.009414146204358048,0.2448226019148153
1.323264652930586,4.520731263523742,-6.676853714677144,0.025702825318720143,-0.009422525371705435,0.24746764668308976
1.324264852970594,4.339384695687058,-6.618456884359618,0.025667280764367906,-0.009431505568189367,0.25005808238423566
1.325265053010602,4.156293886513844,-6.558202458282533,0.02562973404882451,-0.009441095141696214,0.2525930561389974
1.32626525305061,3.9715270066986488,-6.496108401478746,0.0255901894043441,-0.009451301846942156,0.2550717347027583
1.327265453090618,3.7851529538729998,-6.432193183383961,0.025548651812724962,-0.009462132831372221,0.2574933047574361
1.328265653130626,3.597241327562341,-6.366475771988536,0.025505127002064684,-0.009473594621804813,0.25985697319633977
1.329265853170634,3.4078624038226124,-6.298975627856372,0.025459621443383953,-0.009485693111841623,0.26216196740187975
1.330266053210642,3.2170871095654983,-6.2297126980131585,0.025412142347136533,-0.009498433550061813,0.26440753551602697
1.33126625325065,3.0249869965813057,-6.15870740970557,0.025362697659622662,-0.009511820529018269,0.2665929467034187
1.332266453290658,2.8316342152684735,-6.085980664033791,0.025311296059322558,-0.009525857975052671,0.26871749140701084
1.333266653330666,2.6371014880797667,-6.011553829459319,0.02525794695316639,-0.00954054913894503,0.27078048159617985
1.334266853370674,2.44146208269385,-5.935448735189939,0.025202660472756416,-0.00955589658741225,0.2727812510071799
1.335267053410682,2.2447897849224683,-5.857687664444391,0.025145447470556467,-0.009571902195469193,0.2747191553758635
1.33626725345069,2.047158871362889,-5.778293347598566,0.025086319516063278,-0.00958856713966456,0.2765935726625758
1.337267453490698,1.848644081805078,-5.697288955215466,0.02502528889197347,-0.009605891892202853,0.27840390326913717
1.338267653530706,1.64932059140433,-5.614698090961302,0.024962368590359246,-0.009623876215962505,0.28014957024783016
1.339267853570714,1.449263982628901,-5.530544784409816,0.02489757230886506,-0.009642519160419171,0.28183001950230985
1.340268053610722,1.2485502169932576,-5.444853483737098,0.024830914446936667,-0.009661819058482037,0.28344471998035997
1.34126825365073,1.0472556065868817,-5.357649048309243,0.024762410102093145,-0.009681773524249863,0.28499316385842016
1.342268453690738,0.8454567854097748,-5.268956741165255,0.02469207506625139,-0.009702379451692363,0.2864748667178116
1.343268653730746,0.6432306805246337,-5.178802221397344,0.024619925822111883,-0.009723633014261391,0.28788936771259255
1.3442688537707541,0.4406544830365129,-5.087211536431087,0.024545979539613256,-0.009745529665435263,0.2892362297289778
1.3452690538107621,0.2378056189110391,-4.994211114207826,0.024470254072462408,-0.009768064140198424,0.2905150395362583
1.3462692538507701,0.03476171964164105,-4.899827755271939,0.024392767954745678,-0.009791230457457542,0.29172540792916163
1.3472694538907781,-0.16839940722306485,-4.80408862476489,0.024313540397625646,-0.009815021923393999,0.29286696986159616
1.3482696539307861,-0.3715998076804411,-4.707021244329069,0.02423259128612696,-0.009839431135751609,0.29393938457172475
1.3492698539707941,-0.5747614109930862,-4.608653483923594,0.024149941176013524,-0.009864449989057297,0.2949423356983178
1.3502700540108021,-0.7778060595143595,-4.5090135535547144,0.02406561129075822,-0.009890069680771354,0.29587553138833766
1.3512702540508101,-0.9806555386089829,-4.40812999492317,0.02397962351860524,-0.00991628071836277,0.2967387043957104
1.3522704540908181,-1.1832316066577424,-4.306031672991185,0.023892000409723963,-0.00994307292730406,0.2975316121712429
1.3532706541308261,-1.3854560251346706,-4.202747767471606,0.023802765173452117,-0.0099704354599789,0.29825403694364866
1.3542708541708341,-1.587250588745211,-4.098307764241765,0.023711941675624928,-0.009998356805494768,0.29890578579164584
1.3552710542108422,-1.7885371556137,-3.992741446684601,0.023619554435985717,-0.010026824800391758,0.29948669070709755
1.3562712542508502,-1.9892376775090304,-3.8860788869596257,0.02352562862567237,-0.010055826640237603,0.29999660864916494
1.3572714542908582,-2.1892742300966743,-3.778350437206565,0.023430190064772937,-0.010085348892097888,0.3004354215894491
1.3582716543308662,-2.3885690432049524,-3.669586720683874,0.02333326521994252,-0.010115377507869389,0.30080303654809887
1.3592718543708742,-2.5870445310946653,-3.5598186228452167,0.023234881202072618,-0.01014589783846337,0.30109938562086774
1.3602720544108822,-2.7846233227198773,-3.4490772823562694,0.023135065764002875,-0.010176894648824656,0.30132442599710296
1.3612722544508902,-2.9812282919679554,-3.3373940820545798,0.02303384729826436,-0.010208352133771241,0.3014781399686567
1.3622724544908982,-3.1767825878676756,-3.2248006398553573,0.022931254834842332,-0.01024025393463814,0.30156053492970974
1.3632726545309062,-3.371209664752712,-3.1113287996053347,0.02282731803894558,-0.010272583156708193,0.3015716433675033
1.3642728545709142,-3.564433312369506,-2.9970106218881276,0.022722067208768473,-0.010305322387411464,0.30151152284397675
1.3652730546109222,-3.756377685917489,-2.881878374783164,0.022615533273230997,-0.010338453715273904,0.3013802559683134
1.3662732546509302,-3.9469673360092403,-2.765964524581181,0.022507747789681135,-0.010371958749594934,0.30117795036039885
1.3672734546909382,-4.136127238539612,-2.6493017264590395,0.022398742941543273,-0.010405818640832584,0.3009047386052005
1.3682736547309462,-4.323782824451277,-2.5319228151162387,0.022288551535895446,-0.01044001410167388,0.30056077819808
1.3692738547709542,-4.509860009385396,-2.4138607953765026,0.022177207000957634,-0.010474525428767163,0.30014625148105367
1.3702740548109622,-4.694285223205083,-2.2951488327562624,0.02206474338347264,-0.010509332525092082,0.29966136557001904
1.3712742548509702,-4.876985439380472,-2.175820244003638,0.02195119534596048,-0.010544414922942068,0.2991063522729701
1.3722744548909782,-5.057888204222728,-2.055908487610093,0.021836598163826743,-0.010579751807493107,0.2984814679992255
1.3732746549309862,-5.236921665956458,-1.9354471542975693,0.021720987722304904,-0.010615322040931793,0.29778699365969885
1.3742748549709942,-5.414014603617528,-1.814469957484132,0.0216044005132121,-0.010651104187114655,0.29702323455824314
1.3752750550110022,-5.589096455765607,-1.6930107237305398,0.02148687363149769,-0.01068707653672993,0.29619052027410375
1.3762752550510102,-5.762097348999059,-1.5711033831704146,0.021368444771563515,-0.010723217132932042,0.2952892045355194
1.3772754550910182,-5.932948126261188,-1.4487819599272647,0.021249152223334677,-0.01075950379741822,0.29431966508451235
1.3782756551310262,-6.101580374925773,-1.326080562520352,0.021129034868059483,-0.01079591415691586,0.2932823035329139
1.3792758551710342,-6.267926454650772,-1.2030333742627024,0.021008132173817144,-0.010832425670048414,0.2921775452096725
1.3802760552110422,-6.431919524988515,-1.0796746436536877,0.020886484190711867,-0.010869015654546826,0.29100583899949717
1.3812762552510502,-6.593493572741067,-0.9560386747690512,0.020764131545732055,-0.010905661314772774,0.28976765717289116
1.3822764552910582,-6.752583439049593,-0.8321598176508448,0.020641115437253468,-0.010942339769519248,0.2884634952076338
1.3832766553310663,-6.909124846206315,-0.7080724587003531,0.020517477629165483,-0.010979028080053273,0.2870938716017728
1.3842768553710743,-7.063054424178012,-0.5838110110762161,0.020393260444599885,-0.011015703278364996,0.2856593276781908
1.3852770554110823,-7.2143097368298434,-0.4594099051011043,0.020268506759241953,-0.011052342395586601,0.28416042738081526
1.3862772554510903,-7.36282930783884,-0.3349035786787194,0.020143259994204188,-0.011088922490544035,0.28259775706254225
1.3872774554910983,-7.508552646285612,-0.21032646772474542,0.02001756410844341,-0.0111254206784039,0.2809719252649484
1.3882776555311063,-7.65142027191412,-0.08571299661361073,0.01989146359070267,-0.011161814159377354,0.27928356248986913
1.3892778555711143,-7.791373740048382,0.03890243135562579,0.01976500345096006,-0.011198080247442408,0.2775333209629228
1.3902780556111223,-7.928355666155491,0.16348544347221491,0.019638229211367205,-0.011234196399045542,0.27572187438906565
1.3912782556511303,-8.062309750044983,0.28800170710254014,0.01951118689666109,-0.01127014024174319,0.27384991770026296
1.3922784556911383,-8.193180799693296,0.41241693915205274,0.019383923024033738,-0.01130588960274329,0.27191816679536757
1.3932786557311463,-8.320914754684146,0.5366969154982821,0.019256484592445167,-0.011341422537306826,0.26992735827229736
1.3942788557711543,-8.445458709253595,0.6608074803916714,0.019128919071366095,-0.011376717356969003,0.2678782491526081
1.3952790558111623,-8.566760934930786,0.7847145558221525,0.019001274388937874,-0.011411752657539569,0.2657716165985603
1.3962792558511703,-8.684770902763773,0.9083841508488779,0.01887359891953833,-0.011446507346841621,0.26360825762278145
1.3972794558911783,-8.799439305121174,1.0317823708900735,0.01874594147074327,-0.011480960672148186,0.26138898879062844
1.3982796559311863,-8.910718077059617,1.1548754269711825,0.01861835126967472,-0.011515092247275843,0.2591146459153569
1.3992798559711943,-9.018560417248013,1.2776296449283475,0.018490877948728154,-0.01154888207929472,0.2567860837462084
1.4002800560112023,-9.122920808439048,1.4000114745650412,0.0183635715306724,-0.011582310594814302,0.2544041756495279
1.4012802560512103,-9.223755037478794,1.5219874987588584,0.018236482413117112,-0.011615358665804666,0.2519698132830264
1.4022804560912183,-9.321020214845579,1.6435244425168853,0.018109661352344243,-0.011648007634913011,0.249483906263309
1.4032806561312263,-9.414674793709002,1.7645891819762642,0.01798315944650131,-0.011680239340235677,0.24694738182678683
1.4042808561712343,-9.504678588500889,1.885148753348405,0.017857028118155677,-0.011712036139506209,0.24436118448409858
1.4052810562112423,-9.590992792989264,2.0051703618037653,0.017731319096210632,-0.011743380933660497,0.24172627566816615
1.4062812562512503,-9.673579997847163,2.1246213902953337,0.017606084397185487,-0.011774257189740556,0.2390436333760141
1.4072814562912583,-9.752404207708373,2.2434694083182714,0.01748137630586347,-0.011804648963099079,0.23631425180448315
1.4082816563312663,-9.82743085770172,2.3616821806033763,0.0173572473553127,-0.011834540918867617,0.23353914097997194
1.4092818563712743,-9.898626829456452,2.4792276757422185,0.0172337503062871,-0.011863918352651956,0.23071932638234238
1.4102820564112823,-9.965960466571042,2.5960740747414337,0.017110938126015624,-0.01189276721041908,0.22785584856312713
1.4112822564512904,-10.029401589537912,2.7121897795043948,0.01698886396638972,-0.011921074107541035,0.22494976275817957
1.4122824564912984,-10.088921510117046,2.8275434212373955,0.016867581141560485,-0.011948826346961948,0.22200213849490896
1.4132826565313064,-10.144493045151346,2.942103868778807,0.016747143104958506,-0.01197601193645551,0.21901405919424577
1.4142828565713144,-10.196090529816997,3.055840236848659,0.016627603425750887,-0.01200261960494137,0.21598662176748404
1.4152830566113224,-10.243689830302248,3.1687218942166218,0.01650901576475141,-0.012028638817830032,0.21292093620815017
1.4162832566513304,-10.2872683559082,3.2807184717862383,0.01639143384980131,-0.012054059791367144,0.20981812517904883
1.4172834566913384,-10.326805070565376,3.3917998705935166,0.01627491145063952,-0.012078873505949392,0.20667932359463934
1.4182836567313464,-10.362280503760296,3.501936269717607,0.016159502353282652,-0.012103071718385592,0.2035056781988976
1.4192838567713544,-10.39367676086605,3.611098134101464,0.016045260333936377,-0.012126646973078069,0.20029834713881992
1.4202840568113624,-10.42097753287154,3.719256222281071,0.015932239132461088,-0.012149592612100904,0.19705849953372817
1.4212842568513704,-10.444168105504055,3.8263815940206314,0.01582049242541614,-0.012171902784153275,0.19378731504053573
1.4222844568913784,-10.46323536774003,3.9324456178518985,0.015710073798708032,-0.01219357245236772,0.1904859834151369
1.4232846569313862,-10.47816781969926,4.037419978516336,0.015601036719869182,-0.012214597400954885,0.18715570407008408
1.4242848569713942,-10.488955579917864,4.141276684307432,0.015493434509994805,-0.012234974240668127,0.1837976856287133
1.4252850570114022,-10.495590391995666,4.243988074311838,0.01538732031536702,-0.012254700413073036,0.18041314547589593
1.4262852570514102,-10.49806563061386,4.345526825547504,0.015282747078795355,-0.012273774193608998,0.17700330930557032
1.4272854570914182,-10.496376306919021,4.445865959996852,0.015179767510704639,-0.01229219469343165,0.1735694106652335
1.4282856571314262,-10.490519073269864,4.544978851533358,0.01507843406000152,-0.012309961860027151,0.17011269049755953
1.4292858571714342,-10.48049222734326,4.642839232740006,0.014978798884751818,-0.012327076476591132,0.1666343966793176
1.4302860572114422,-10.46629571559642,4.73942120161749,0.01488091382270155,-0.012343540160167239,0.16313578355776245
1.4312862572514502,-10.447931136082238,4.834699228181218,0.014784830361675015,-0.01235935535854223,0.1596181114846725
1.4322864572914582,-10.425401740615225,4.928648160944919,0.014690599609883915,-0.012374525345896671,0.15608264634821012
1.4332866573314662,-10.398712436285535,5.021243233289469,0.01459827226618181,-0.01238905421721239,0.15253065910278113
1.4342868573714742,-10.367869786318938,5.112460069715694,0.014507898590298622,-0.01240294688143994,0.14896342529707066
1.4352870574114822,-10.332882010280814,5.202274691979284,0.014419528373090082,-0.012416209053431503,0.1453822246004335
1.4362872574514902,-10.293758983622595,5.2906635251065595,0.014333210906837219,-0.012428847244646771,0.14178834032781815
1.4372874574914982,-10.25051223656914,5.377603403289679,0.014248994955631014,-0.012440868752641495,0.13818305896340383
1.4382876575315062,-10.203154952345994,5.463071575659803,0.014166928725877364,-0.01245228164935053,0.13456766968313144
1.4392878575715142,-10.151701964745584,5.547045711937095,0.014087059836957329,-0.012463094768179373,0.13094346387630887
1.4402880576115222,-10.09616975503186,5.629503907955909,0.01400943529207749,-0.012473317689920252,0.12731173466647225
1.4412882576515302,-10.036576448182867,5.710424691064284,0.013934101449344911,-0.012482960727511002,0.12367377643168526
1.4422884576915382,-9.97294180847126,5.789787025396289,0.013861103993100829,-0.012492034909656996,0.12003088432445834
1.4432886577315462,-9.90528723438293,5.86757031701603,0.013790487905546732,-0.012500551963338491,0.1163843537914708
1.4442888577715542,-9.83363575287421,5.94375441893223,0.013722297438695933,-0.012508524295227766,0.11273548009327833
1.4452890578115622,-9.758012012968292,6.018319635982383,0.01365657608668308,-0.012515964972042435,0.109085557824189
1.4462892578515703,-9.678442278691831,6.09124672958517,0.01359336655846337,-0.012522887699863244,0.10543588043249076
1.4472894578915783,-9.594954421353146,6.162516922360299,0.013532710750932406,-0.01252930680244661,0.1017877397412136
1.4482896579315863,-9.507577911163235,6.232111902614575,0.013474649722496738,-0.012535237198563988,0.09814242546960923
1.4492898579715943,-9.416343808201692,6.300013828693614,0.013419223667124235,-0.012540694378401968,0.09450122475553141
1.4502900580116023,-9.321284752729404,6.366205333197872,0.013366471888902377,-0.012545694379058767,0.09086542167889948
1.4512902580516103,-9.222434954850163,6.430669527062274,0.013316432777131454,-0.012550253759174432,0.0872362967864276
1.4522904580916183,-9.119830183524323,6.493390003498789,0.013269143781978555,-0.012554389572733743,0.08361512661780188
1.4532906581316263,-9.0135077549367,6.554350841800834,0.013224641390716977,-0.012558119342082298,0.08000318323348701
1.4542908581716343,-8.903506520222255,6.613536611008966,0.013182961104574427,-0.012561461030197786,0.07640173374434377
1.4552910582116423,-8.789866852552723,6.670932373437186,0.013144137416212101,-0.012564433012259853,0.07281203984323795
1.4562912582516503,-8.672630633588104,6.72652368805895,0.013108203787855302,-0.012567054046563232,0.06923535733882102
1.4572914582916583,-8.551841239296538,6.780296613752492,0.01307519263009492,-0.012569343244820152,0.06567293569166166
1.4582916583316663,-8.427543525147026,6.832237712404703,0.013045135281377592,-0.012571320041899096,0.06212601755290691
1.4592918583716743,-8.299783810679438,6.882334051873173,0.013018061988200927,-0.0125730041650481,0.05859583830565093
1.4602920584116823,-8.168609863456279,6.9305732088056375,0.012994001886028644,-0.012574415602651772,0.0550836256091879
1.4612922584516903,-8.034070882401451,6.976943271316671,0.012972982980938986,-0.012575574572572046,0.05159059894632535
1.4622924584916983,-7.896217480531092,7.021432841520961,0.01295503213201816,-0.012576501490123553,0.04811796917393266
1.4632926585317063,-7.755101667081958,7.064031037922798,0.012940175034509093,-0.012577216935735124,0.04466693807689849
1.4642928585717143,-7.610776829043071,7.104727497661568,0.012928436203724136,-0.012577741622349583,0.04123869792566986
1.4652930586117223,-7.463297712096893,7.143512378612784,0.012919838959728838,-0.012578096362614505,0.03783443103754421
1.4662932586517303,-7.312720400975824,7.180376361344484,0.01291440541280235,-0.012578302035916967,0.03445530934188447
1.4672934586917383,-7.159102299240887,7.2153106509286875,0.012912156449678438,-0.01257837955531572,0.031102493949425762
1.4682936587317463,-7.002502108489454,7.24830697860786,0.01291311172056957,-0.012578349834424338,0.027777134725841136
1.4692938587717543,-6.84297980699823,7.279357603316039,0.012917289626975016,-0.01257823375429909,0.024480369869731754
1.4702940588117623,-6.680596627809989,7.308455313054673,0.012924707310272397,-0.012578052130385235,0.021213325495205923
1.4712942588517703,-6.515415036270472,7.335593426123065,0.012935380641090672,-0.012577825679575437,0.01797711521920923
1.4722944588917783,-6.347498707023709,7.3607657922033525,0.012949324209461079,-0.012577574987433742,0.014772839753766608
1.4732946589317863,-6.176912500473632,7.383966793300066,0.012966551315741207,-0.012577320475638362,0.011601586503295281
1.4742948589717944,-6.00372243872026,7.405191344534319,0.012987073962305978,-0.012577082369696102,0.008464429167145692
1.4752950590118024,-5.827995680978802,7.42443489479275,0.013010902845998016,-0.012576880666980834,0.0053624273475256
1.4762952590518104,-5.6498004984903,7.441693427231258,0.013038047351328665,-0.01257673510514787,0.002296626162960566
1.4772954590918184,-5.469206248932911,7.456963459633803,0.013068515544419656,-0.012576665130975453,-0.000731944132557952
1.4782956591318264,-5.286283350342998,7.470242044626437,0.013102314167674357,-0.012576689869683851,-0.0037222685245878492
1.4792958591718344,-5.101103254555048,7.481526769746786,0.013139448635166362,-0.012576828094781757,-0.0066733476072680705
1.4802960592118424,-4.913738420170304,7.490815757369337,0.013179923028732277,-0.012577098198488788,-0.009584197946222006
1.4812962592518504,-4.724262285063944,7.498107664486797,0.013223740094754508,-0.012577518162781912,-0.0124538524351902
1.4822964592918584,-4.532749238440403,7.503401682347935,0.013270901241619048,-0.012578105531112589,-0.015281360646252318
1.4832966593318664,-4.339274592447762,7.50669753595226,0.01332140653783244,-0.012578877380840285,-0.018065789173500654
1.4842968593718744,-4.143914553360944,7.507995483402037,0.01337525471078134,-0.012579850296426836,-0.02080622197003004
1.4852970594118824,-3.946746192344503,7.507296315112067,0.013432443146117497,-0.012581040343434852,-0.023501760678111397
1.4862972594518904,-3.7478474158064747,7.5046013528777795,0.013492967887750368,-0.01258246304337205,-0.026151524952418806
1.4872974594918984,-3.5472969353531787,7.49991244880218,0.013556823638429081,-0.012584133349422,-0.028754652776182645
1.4882976595319064,-3.3451742373573383,7.49323198408225,0.013624003760895098,-0.012586065623100315,-0.031310300770143906
1.4892978595719144,-3.1415595521500563,7.484562867655416,0.013694500279586543,-0.012588273611873795,-0.03381764449418767
1.4902980596119224,-2.9365338228487494,7.473908534706774,0.013768303882874951,-0.012590770427778522,-0.03627587874153637
1.4912982596519304,-2.7301786738326466,7.461272945037742,0.013845403925815014,-0.012593568527071221,-0.0386842178253864
1.4922984596919384,-2.522576378877534,7.446660581296908,0.013925788433387815,-0.012596679690946598,-0.04104189585787449
1.4932986597319464,-2.313809828962668,7.43007644707382,0.014009444104218045,-0.012600115007351637,-0.043348167021263165
1.4942988597719544,-2.103962499760925,7.411526064856544,0.014096356314745772,-0.012603884853926103,-0.045602305831237686
1.4952990598119624,-1.8931184188257748,7.3910154738538285,0.014186509123833483,-0.012607998882096707,-0.04780360739220971
1.4962992598519704,-1.6813621324870835,7.368551227682727,0.014279885277789365,-0.0126124660023506,-0.0499513876445262
1.4972994598919784,-1.468778672468359,7.344140391922664,0.014376466215788091,-0.012617294370711967,-0.05204498360348517
1.4982996599319864,-1.2554535222390009,7.317790541536796,0.014476232075670777,-0.012622491376443685,-0.054083753590062726
1.4992998599719944,-1.0414725831139322,7.289509758161694,0.014579161700106215,-0.012628063630994047,-0.0560670774532597
1.5003000600120024,-0.8269221401140975,7.259306627266416,0.014685232643096015,-0.012634016958206679,-0.05799435678397871
1.5013002600520104,-0.6118888276011375,7.227190235181861,0.01479442117680692,-0.012640356385809806,-0.05986501512034625
1.5023004600920185,-0.39645959469965414,7.1931701660016865,0.014906702298714141,-0.012647086138199102,-0.06167849814439747
1.5033006601320265,-0.18072167052062643,7.1572564983557125,0.015022049739040358,-0.012654209630526346,-0.06343427387004495
1.5043008601720345,0.03523747080036921,7.11945980205707,0.01514043596847575,-0.012661729464104182,-0.06513183282225578
1.5053010602120425,0.2513301452362648,7.079791134624233,0.015261832206165287,-0.01266964742313524,-0.06677068820736497
1.5063012602520505,0.4674684941591375,7.038262037679141,0.01538620842795035,-0.01267796447277192,-0.0683503760744567
1.5073014602920585,0.6835645197741445,6.994884533222617,0.015513533374852723,-0.012686680758511164,-0.06987045546774814
1.5083016603320665,0.8995301206828776,6.949671119788417,0.01564377456178993,-0.012695795606926474,-0.07133050856991449
1.5093018603720745,1.115277127561982,6.902634768477131,0.015776898286511912,-0.012705307527737532,-0.07273014083629695
1.5103020604120825,1.3307173389424534,6.853788918871256,0.01591286963875007,-0.012715214217215746,-0.0740689811199395
1.5113022604520905,1.5457625570755542,6.8031474748329215,0.01605165250957078,-0.012725512562922061,-0.07534668178740346
1.5123024604920985,1.7603246238708836,6.750724800185524,0.01619320960092657,-0.012736198649771423,-0.07656291882531274
1.5133026605321065,1.9743154568917065,6.6965357142805795,0.016337502435399238,-0.012747267767416342,-0.0777173919375862
1.5143028605721145,2.187647085393625,6.640595487451563,0.01648449136613039,-0.012758714418940003,-0.07880982463331733
1.5153030606121225,2.4002316863914506,6.582919836355831,0.016634135586935918,-0.0127705323308475,-0.07983996430526512
1.5163032606521305,2.6119816207399085,6.523524919206429,0.016786393142602142,-0.012782714464341826,-0.08080758229892364
1.5173034606921385,2.822809469213079,6.462427330894947,0.0169412209393625,-0.012795253027869375,-0.0817124739721417
1.5183036607321465,3.0326280685683162,6.399644098007394,0.017098574755554735,-0.012808139490917818,-0.08255445874526764
1.5193038607721545,3.241350547579485,6.335192673734253,0.01725840925245974,-0.012821364599047405,-0.08333338014179816
1.5203040608121625,3.4488903630248378,6.26909093267655,0.017420677985324304,-0.012834918390134873,-0.08404910581951372
1.5213042608521705,3.6551613356146206,6.201357165549514,0.01758533341457108,-0.012848790211807392,-0.084701527592087
1.5223044608921785,3.8600776858435193,6.1320100737853505,0.017752326917200224,-0.012862968740042176,-0.08529056144115468
1.5233046609321865,4.063554069753318,6.061068764036981,0.01792160879838816,-0.012877441998905661,-0.08581614751884656
1.5243048609721945,4.265505614590617,5.988552742584216,0.01809312830328996,-0.012892197381404446,-0.08627825014076988
1.5253050610122025,4.465847954344826,5.9144819096442145,0.018266833629052834,-0.01290722167141851,-0.0866768577694506
1.5263052610522105,4.664497265151715,5.838876553587946,0.018442671937049102,-0.012922501066685585,-0.08701198298823706
1.5273054610922185,4.861370300547381,5.761757345064314,0.01862058936533799,-0.012938021202803969,-0.08728366246567562
1.5283056611322265,5.056384426558134,5.683145331033803,0.018800531041366378,-0.012953767178219455,-0.0874919569103712
1.5293058611722345,5.249457656611373,5.603061928713345,0.018982441094919502,-0.012969723580160597,-0.08763695101635004
1.5303060612122426,5.440508686252477,5.521528919434364,0.019166262671333235,-0.012985874511484993,-0.08771875339894537
1.5313062612522506,5.629456927653479,5.438568442415589,0.019351937944980364,-0.013002203618397821,-0.08773749652123095
1.5323064612922586,5.816222543898297,5.354202988452642,0.01953940813304387,-0.013018694119002527,-0.08769333661103061
1.5333066613322666,6.00072648303035,5.268455393526313,0.01972861350959069,-0.013035328832642128,-0.08758645356853673
1.5343068613722746,6.182890511847614,5.181348832331243,0.019919493419960098,-0.01305209020998836,-0.08741705086457323
1.5353070614122826,6.3626372494310095,5.092906811726956,0.020111986295481016,-0.01306896036383462,-0.08718535542954366
1.5363072614522904,6.539890200391374,5.003153164113226,0.020306029668533124,-0.013085921100547423,-0.08689161753310772
1.5373074614922984,6.714573787820582,4.912112040731614,0.02050156018796701,-0.01310295395213003,-0.08653611065463367
1.5383076615323064,6.886613385933208,4.8198079048951845,0.020698513634897966,-0.013120040208850662,-0.08611913134447895
1.5393078615723144,7.055935352383629,4.726265525148263,0.02089682493888968,-0.013137160952386871,-0.08564099907615254
1.5403080616123224,7.222467060245127,4.631509968358289,0.021096428194542504,-0.013154297089436488,-0.08510205608941912
1.5413082616523304,7.386136929636818,4.5355665927417315,0.02129725667850197,-0.013171429385744745,-0.08450266722440698
1.5423084616923384,7.546874458984446,4.438461040826056,0.021499242866902652,-0.013188538500496283,-0.08384321974678606
1.5433086617323464,7.704610255901294,4.340219232349587,0.02170231845326243,-0.013205605021019978,-0.08312412316408595
1.5443088617723544,7.859276067675981,4.240867357101672,0.021906414366841816,-0.013222609497753791,-0.08234580903322741
1.5453090618123624,8.010804811352779,4.140431867704663,0.022111460791482726,-0.013239532479416161,-0.08150873075934456
1.5463092618523704,8.159130603391887,4.038939472340264,0.022317387184940512,-0.01325635454832993,-0.08061336338597848
1.5473094618923784,8.304188788895994,3.936417127421831,0.022524122298722676,-0.01327305635584421,-0.0796602033767266
1.5483096619323864,8.445915970390121,3.8328920302150418,0.022731594198446947,-0.01328961865779922,-0.07864976838843558
1.5493098619723944,8.584250036141746,3.7283916114087616,0.02293973028473078,-0.013306022349978677,-0.07758259703602936
1.5503100620124024,8.719130188008506,3.6229435276383515,0.023148457314623547,-0.013322248503494137,-0.0764592486490668
1.5513102620524104,8.850496968800773,3.516575653963229,0.02335770142359189,-0.013338278400045357,-0.0752803030201275
1.5523104620924184,8.978292289146568,3.4093160763011388,0.02356738814806769,-0.013354093567000694,-0.07404636014512748
1.5533106621324264,9.102459453846693,3.301193083821011,0.023777442448567304,-0.01336967581224149,-0.07275803995566955
1.5543108621724344,9.222943187707799,3.1922351612963538,0.02398778873338943,-0.013385007258714395,-0.07141598204353697
1.5553110622124424,9.339689660841335,3.082470981421664,0.024198350882898116,-0.013400070378635724,-0.07002084537744191
1.5563112622524504,9.452646513417182,2.9719293970935894,0.02440905227439607,-0.013414848027292137,-0.06857330801214388
1.5573114622924584,9.561762879859614,2.860639433659176,0.024619815807592222,-0.013429323476382229,-0.06707406679005591
1.5583116623324664,9.666989412474962,2.7486302811334,0.024830563930666336,-0.013443480446843948,-0.06552383703545998
1.5593118623724744,9.768278304499272,2.6359312863874838,0.025041218666931975,-0.013457303141113316,-0.06392335224145619
1.5603120624124824,9.8655833125555,2.522571945311214,0.025251701642097862,-0.013470776274760359,-0.06227336374977281
1.5613122624524904,9.958859778509096,2.408581894950256,0.025461934112126213,-0.013483885107448915,-0.06057464042356807
1.5623124624924984,10.048064650711718,2.293990905621241,0.0256718369916852,-0.013496615473167646,-0.058827968313356904
1.5633126625325064,10.13315650462285,2.178828873006636,0.025881330883191188,-0.013508953809680419,-0.05703415031619913
1.5643128625725145,10.214095562799034,2.063125810231425,0.026090336106434905,-0.013520887187145182,-0.05519400582828827
1.5653130626125225,10.290843714241127,1.9469118399235301,0.026298772728784187,-0.0135324033358514,-0.053308370391083146
1.5663132626525305,10.36336453308993,1.8302171862608505,0.026506560595954347,-0.013543490673027271,-0.051378095331126944
1.5673134626925385,10.431623296660861,1.713072167005801,0.026713619363335706,-0.013554138328669101,-0.04940404739370144
1.5683136627325465,10.495587002808627,1.5955071855308105,0.02691986852786627,-0.013564336170346506,-0.04738710837046636
1.5693138627725545,10.555224386613077,1.4775527228357417,0.02712522746043593,-0.013574074826938462,-0.04532817472123688
1.5703140628125625,10.610505936377592,1.3592393295601566,0.027329615438807024,-0.013583345711256713,-0.04322815719005425
1.5713142628525705,10.661403908931883,1.2405976179920712,0.027532951681034565,-0.01359214104151453,-0.04108798041570759
1.5723144628925785,10.707892344231032,1.1216582540754445,0.02773515537936794,-0.013600453861600506,-0.038908582536866826
1.5733146629325865,10.74994707924301,1.002451949418585,0.027936145734614254,-0.01360827806011873,-0.03669091479198934
1.5743148629725945,10.787545761117336,0.8830094533052273,0.02813584199094217,-0.013615608388158486,-0.034435941114165126
1.5753150630126025,10.820667859627518,0.7633615447108819,0.028334163471103527,-0.013622440475758531,-0.032144637721067376
1.5763152630526105,10.849294678880446,0.6435390243260606,0.028531029612048644,-0.01362877084703286,-0.029817992700177712
1.5773154630926185,10.873409368286065,0.5235727065886748,0.028726360000909848,-0.013634596933926997,-0.02745700558945727
1.5783156631326265,10.892996932781038,0.403493411727592,0.028920074411326442,-0.013639917088575848,-0.02506268695363683
1.5793158631726345,10.908044242300322,0.28333195781947473,0.029112092840083027,-0.013644730594236362,-0.022636057956301185
1.5803160632126425,10.918540040490882,0.16311915286086426,0.02930233554403191,-0.013649037674770449,-0.020178149927944835
1.5813162632526505,10.924474952662177,0.04288578685754116,0.02949072307726915,-0.013652839502655882,-0.017690003930177788
1.5823164632926585,10.925841492968205,-0.07733737606676569,0.029677176328532708,-0.013656138205505262,-0.01517267031626209
1.5833166633326665,10.922634070816317,-0.1975196055403355,0.029861616558790157,-0.013658936871075507,-0.012627208288161301
1.5843168633726745,10.914848996498261,-0.31763021279007914,0.03004396543898244,-0.013661239550752761,-0.01005468545028674
1.5853170634126825,10.902484486039238,-0.4376385584628683,0.030224145087889315,-0.013663051261500133,-0.007456177360125821
1.5863172634526905,10.885540665261114,-0.5575140604194877,0.030402078110081318,-0.013664377986258146,-0.004832767075939239
1.5873174634926985,10.864019573056183,-0.6772262014994339,0.03057768763392239,-0.013665226672790402,-0.002185544701715134
1.5883176635327065,10.837925163868217,-0.7967445372544759,0.030750897349586647,-0.0136656052309695,0.0004843930704303955
1.5893178635727145,10.807263309377932,-0.916038703648962,0.03092163154705233,-0.013665522528500893,0.003175943420215811
1.5903180636127225,10.772041799390191,-1.0350784247252158,0.031089815154035413,-0.013664988385085007,0.005887997861327946
1.5913182636527305,10.732270341920751,-1.1538335202318977,0.03125537377382513,-0.013664013565020545,0.00861944270553437
1.5923184636927386,10.6879605624805,-1.2722739132133345,0.03141823372298332,-0.013662609768254648,0.011369159528580551
1.5933186637327466,10.639126002555733,-1.3903696375583632,0.031578322068869395,-0.013660789619888144,0.01413602563767714
1.5943188637727546,10.585782117282985,-1.5080908455064002,0.03173556666695267,-0.013658566658146857,0.016918914540382034
1.5953190638127626,10.527946272317603,-1.6254078151090463,0.03188989619787387,-0.013655955320832575,0.019716696414680976
1.5963192638527706,10.465637739895525,-1.742290957645457,0.0320412402042176,-0.013652970930269888,0.022528238580069884
1.5973194638927786,10.398877694087737,-1.8587108249896325,0.0321895291269581,-0.013649629676767782,0.025352405969441598
1.5983196639327866,10.327689205247708,-1.9746381169276481,0.03233469434154063,-0.013645948600617446,0.028188061601579124
1.5993198639727946,10.252097233652206,-2.0900436884233686,0.032476668193561514,-0.013641945572650306,0.031034067054057122
1.6003200640128026,10.172128622335961,-2.204898556830723,0.032615384034010125,-0.013637639273382865,0.033889282936353106
1.6013202640528106,10.087812089121712,-2.319173909050721,0.03275077625403707,-0.013633049170777402,0.03675256936296951
1.6023204640928186,9.99917821784661,-2.4328411086315525,0.03288278031921321,-0.013628195496650036,0.03962278642636766
1.6033206641328266,9.906259448787129,-2.5458717028102313,0.033011332803245134,-0.013623099221760063,0.042498794669514645
1.6043208641728346,9.809090068284302,-2.6582374294937594,0.03313637142111356,-0.013617782029616804,0.04537945555784409
1.6053210642128426,9.707706197572005,-2.7699102241785205,0.033257835061602126,-0.013612266289042496,0.048263631950431825
1.6063212642528506,9.602145780810723,-2.8808622268060624,0.03337566381918502,-0.013606575025531954,0.051150188570187875
1.6073214642928586,9.492448572330558,-2.9910657885534504,0.03348979902524313,-0.013600731891451898,0.05403799247286618
1.6083216643328666,9.3786561230861,-3.1004934785571896,0.03360018327857956,-0.013594761135124873,0.05692591351469398
1.6093218643728746,9.26081176632789,-3.2091180905684684,0.03370676047520661,-0.01358868756884471,0.059812824818423246
1.6103220644128826,9.138960602493887,-3.316912649538588,0.033809475837377735,-0.013582536535872344,0.06269760323760692
1.6113222644528906,9.013149483326009,-3.4238504181328784,0.03390827594183933,-0.013576333876462659,0.06557912981890349
1.6123224644928986,8.883426995216196,-3.52990490317173,0.03400310874727873,-0.013570105892974702,0.06845629026221393
1.6133226645329066,8.749843441787467,-3.635049861997065,0.034093923620946265,-0.013563879314119277,0.07132797537845617
1.6143228645729146,8.612450825715245,-3.739259308762811,0.034180671364430835,-0.013557681258399432,0.07419308154478246
1.6153230646129226,8.471302829795128,-3.842507520648267,0.03426330423857003,-0.013551539196800792,0.07705051115704678
1.6163232646529306,8.326454797262882,-3.9447690439924292,0.03434177598747752,-0.013545480914789979,0.07989917307932971
1.6173234646929386,8.177963711373435,-4.046018700348257,0.03441604186167203,-0.013539534473680621,0.08273798309032974
1.6183236647329466,8.025888174245981,-4.146231592455379,0.034486058640294026,-0.013533728171427523,0.08556586432643097
1.6193238647729546,7.870288384981797,-4.245383110129917,0.03455178465239795,-0.013528090502910546,0.08838174772125856
1.6203240648129626,7.7112261170626,-4.343448936070129,0.03461317979730937,-0.013522650119770678,0.09118457244153459
1.6213242648529707,7.548764695037466,-4.440405051576526,0.034670205564038555,-0.013517435789861478,0.09397328631904828
1.6223244648929787,7.382968970506218,-4.5362277421853126,0.0347228250497433,-0.01351247635637977,0.09674684627855634
1.6233246649329867,7.213905297407693,-4.6308936032136465,0.03477100297723593,-0.013507800696739965,0.09950421876143055
1.6243248649729947,7.041641506621988,-4.724379545215984,0.03481470571153092,-0.013503437681256822,0.10224438014487136
1.6253250650130027,6.866246879895596,-4.816662799349693,0.03485390127543134,-0.013499416131701745,0.10496631715650832
1.6263252650530107,6.687792123098769,-4.907720922649448,0.03488855936415418,-0.013495764779797895,0.10766902728420966
1.6273254650930187,6.5063493388251805,-4.997531803208644,0.03491865135899604,-0.013492512225719464,0.11035151918092533
1.6283256651330267,6.321991998343597,-5.086073665267236,0.03494415034004254,-0.013489686896660393,0.11301281306439012
1.6293258651730347,6.134794912911916,-5.173325074204531,0.03496503109792627,-0.01348731700553766,0.11565194111151499
1.6303260652130427,5.944834204464705,-5.259264941436147,0.034981270144639746,-0.013485430509893976,0.11826794784729724
1.6313262652530507,5.7521872756842605,-5.343872529214101,0.03499284572341133,-0.013484055071064316,0.12085989052808259
1.6323264652930587,5.556932779467423,-5.427127455328691,0.03499973781765355,-0.01348321801367023,0.12342683951901373
1.6333266653330667,5.359150587798961,-5.509009697711728,0.03500192815899466,-0.013482946285505245,0.12596787866550335
1.6343268653730747,5.158921760043353,-5.589499598939841,0.03499940023440562,-0.013483266417873941,0.1284821056585711
1.6353270654130827,4.956328510667854,-5.668577870636883,0.03499213929243606,-0.013484204486446464,0.13096863239388706
1.6363272654530907,4.751454176407926,-5.746225597774842,0.03498013234857384,-0.013485786072689307,0.13342658532436677
1.6373274654930987,4.5443831828885966,-5.822424242872221,0.03496336818974418,-0.013488036225932136,0.13585510580616528
1.6383276655331067,4.335201010714629,-5.897155650088978,0.03494183737796517,-0.013490979426129335,0.13825335043792067
1.6393278655731147,4.123994161041776,-5.970402049217461,0.03491553225317774,-0.013494639547373713,0.1406204913931003
1.6403280656131227,3.9108501206437407,-6.042146059568375,0.03488444693526883,-0.013499039822218464,0.14295571674530552
1.6413282656531307,3.6958573264874603,-6.112370693751128,0.03484857732530746,-0.013504202806862133,0.1452582307863941
1.6423284656931387,3.4791051298313875,-6.181059361347856,0.03480792110601422,-0.013510150347249783,0.14752725433728192
1.6433286657331467,3.260683759860207,-6.248195872480364,0.034762477741485116,-0.013516903546142049,0.14976202505128933
1.6443288657731547,3.0406842868711568,-6.313764441269419,0.0347122484761916,-0.01352448273120206,0.15196179770989982
1.6453290658131627,2.8191985850258536,-6.377749689185729,0.034657236333278794,-0.013532907424148546,0.15412584451080272
1.6463292658531707,2.596319294682838,-6.4401366482920475,0.03459744611218452,-0.013542196311021605,0.15625345534809396
1.6473294658931787,2.372139784325929,-6.500910764375818,0.03453288438560196,-0.013552367213605787,0.158343938084513
1.6483296659331867,2.146754112103397,-6.560057899971737,0.03446355949580893,-0.013563437062053202,0.16039661881559703
1.6493298659731948,1.9202569869936623,-6.617564337273967,0.03438948155038703,-0.01357542186874742,0.16241084212563697
1.6503300660132025,1.692743729613077,-6.6734167809372735,0.03431066241735376,-0.013588336703446828,0.16438597133532268
1.6513302660532105,1.4643102326817874,-6.7276023607667526,0.03422711571973077,-0.013602195669744138,0.1663213887409719
1.6523304660932185,1.2350529211636248,-6.780108634295752,0.03413885682957128,-0.01361701188287646,0.1682164958452312
1.6533306661332265,1.0050687120961441,-6.830923589251578,0.03404590286146928,-0.013632797448918346,0.17007071357915637
1.6543308661732345,0.7744549741277555,-6.880035645908625,0.033948272665573,-0.013649563445387864,0.17188348251556831
1.6553310662132426,0.5433094867777084,-6.927433659328587,0.033845986820124685,-0.013667319903293586,0.1736542630735931
1.6563312662532506,0.3117303994367112,-6.973106921487455,0.03373906762354813,-0.013686075790648091,0.1753825357142955
1.6573314662932586,0.07981619012415561,-7.0170451632891275,0.03362753908610499,-0.013705838997471229,0.17706780112731973
1.6583316663332666,-0.15233437598068353,-7.059238556465253,0.03351142692114017,-0.013726616322304151,0.17870958040845522
1.6593318663732746,-0.3846222882157435,-7.099677715361164,0.033390758535935865,-0.01374841346025267,0.18030741522804822
1.6603320664132826,-0.6169483323050602,-7.138353698607771,0.03326556302219316,-0.013771234992576216,0.1818608679901853
1.6613322664532906,-0.8492131324012977,-7.175258010679193,0.03313587114615912,-0.013795084377836232,0.1833695219825776
1.6623324664932986,-1.0813171932849661,-7.2103826033360665,0.03300171533841643,-0.013819963944615512,0.18483298151707941
1.6633326665333066,-1.313160942701822,-7.243719876954305,0.032863129683351804,-0.013845874885817533,0.1862508720607782
1.6643328665733146,-1.544644773821398,-7.275262681739538,0.03272014990831818,-0.013872817254552501,0.187622840357598
1.6653330666133226,-1.7756690877983008,-7.305004318826848,0.032572813372504804,-0.013900789961614379,0.1889485545403612
1.6663332666533306,-2.006134336418321,-7.332938541266056,0.03242115905552811,-0.013929790774550808,0.19022770423325874
1.6673334666933386,-2.235941064811608,-7.3590595548924975,0.03226522754575524,-0.013959816318325458,0.1914600006446827
1.6683336667333466,-2.4649899542141562,-7.3833620190833065,0.03210506102837082,-0.013990862077569931,0.19264517665037872
1.6693338667733546,-2.6931818647597914,-7.405841047399386,0.03194070327319636,-0.01402292240042002,0.19378298686688156
1.6703340668133626,-2.920417878284312,-7.4264922081130615,0.03177219962227062,-0.014055990503928759,0.19487320771519914
1.6713342668533706,-3.1465993411233257,-7.44531152462169,0.03159959697719766,-0.014090058481046388,0.19591563747471688
1.6723344668933786,-3.3716279068852737,-7.462295475747267,0.03142294378626852,-0.014125117309155045,0.19691009632729656
1.6733346669333866,-3.595405579181505,-7.477440995922343,0.031242290031360778,-0.014161156860143728,0.1978564263915496
1.6743348669733946,-3.817834754294699,-7.4907454752624005,0.031057687214619177,-0.014198165912006795,0.19875449174726828
1.6753350670134026,-4.038818263767052,-7.50220675952497,0.03086918834491924,-0.014236132161947086,0.19960417845000272
1.6763352670534106,-4.258259416890083,-7.51182314995577,0.030676847924114476,-0.014275042240962517,0.20040539453577613
1.6773354670934186,-4.476062043077297,-7.5195934030222125,0.030480721933066533,-0.014314881729892873,0.20115807001593497
1.6783356671334266,-4.692130534100889,-7.525516730034538,0.030280867817456484,-0.014355635176901398,0.20186215686213502
1.6793358671734346,-4.906369886174679,-7.529592796655018,0.030077344473374148,-0.014397286116363681,0.20251762898146872
1.6803360672134426,-5.1186857418641765,-7.531821722295582,0.02987021223268122,-0.014439817089134332,0.20312448218174367
1.6813362672534506,-5.328984431805593,-7.532204079404301,0.02965953284814283,-0.014483209664159915,0.20368273412692636
1.6823364672934586,-5.537173016215231,-7.530740892641165,0.02944536947832099,-0.014527444461404677,0.20419242428276949
1.6833366673334667,-5.743159326170974,-7.5274336379436395,0.029227786672222433,-0.014572501176053703,0.2046536138526459
1.6843368673734747,-5.946852004647505,-7.5222842414824855,0.029006850353692187,-0.014618358603956268,0.2050663857036166
1.6853370674134827,-6.1481605472868015,-7.515295078508392,0.028782627805543345,-0.014664994668270374,0.20543084428276365
1.6863372674534907,-6.346995342885864,-7.506468972089942,0.02855518765341255,-0.01471238644726769,0.20574711552382502
1.6873374674934987,-6.543267713583554,-7.495809191743525,0.028324599849329845,-0.014760510203256477,0.2060153467441707
1.6883376675335067,-6.736889954728386,-7.483319451955758,0.02809093565499077,-0.014809341412578357,0.2062357065321653
1.6893378675735147,-6.927775374409025,-7.469003910599092,0.02785426762471776,-0.014858854796633337,0.2064083846249657
1.6903380676135227,-7.115838332630221,-7.4528671672412115,0.02761466958809737,-0.014909024353885874,0.20653359177680736
1.6913382676535307,-7.30099428011581,-7.434914261348937,0.027372216632279164,-0.014959823392803401,0.20661155961783662
1.6923384676935387,-7.483159796721533,-7.415150670387307,0.027126985083921556,-0.015011224565677344,0.20664254050355066
1.6933386677335467,-7.662252629439795,-7.393582307814598,0.026879052490769557,-0.015063199903275306,0.20662680735491165
1.6943388677735547,-7.838191729979175,-7.370215520973988,0.026628497602848883,-0.015115720850271935,0.2065646534892048
1.6953390678135627,-8.01089729190137,-7.3450570888827285,0.026375400353260685,-0.01516875830140474,0.20645639244171518
1.6963392678535707,-8.180290787298315,-7.318114219919454,0.02611984183856089,-0.015222282638300107,0.206302357778302
1.6973394678935787,-8.346295002992779,-7.289394549410699,0.02586190429870804,-0.015276263766913684,0.20610290289895278
1.6983396679335867,-8.508834076245218,-7.258906137117136,0.025601671096563475,-0.015330671155528407,0.20585840083240484
1.6993398679735947,-8.66783352995062,-7.226657464620813,0.02533922669692773,-0.015385473873252564,0.20556924402192467
1.7003400680136027,-8.823220307308588,-7.192657432613863,0.02507465664509711,-0.015440640628959518,0.20523584410234066
1.7013402680536107,-8.974922805950573,-7.1569153580898845,0.024808047544924685,-0.015496139810609995,0.20485863166842788
1.7023404680936187,-9.122870911508175,-7.119440971438812,0.024539487036370187,-0.015551939524897269,0.20443805603474832
1.7033406681336267,-9.26699603060616,-7.0802444134462466,0.024269063772523605,-0.015608007637155016,0.20397458498705334
1.7043408681736347,-9.407231123265396,-7.039336232198222,0.023996867396087865,-0.015664311811467182,0.2034687045253594
1.7053410682136427,-9.543510734699183,-6.996727379892434,0.02372298851530638,-0.015720819550918853,0.20292091859881162
1.7063412682536507,-9.675771026488636,-6.952429209556785,0.023447518679321936,-0.015777498237926874,0.20233174883245406
1.7073414682936587,-9.80394980712153,-6.906453471676656,0.023170550352954043,-0.015834315174588758,0.20170173424602872
1.7083416683336667,-9.92798656187999,-6.85881231073148,0.022892176890882673,-0.01589123762298839,0.20103143096492945
1.7093418683736747,-10.047822482062601,-6.809518261642055,0.022612492511227093,-0.015948232845397023,0.20032141192344055
1.7103420684136827,-10.163400493526428,-6.758584246129553,0.02233159226850944,-0.01600526814430818,0.19957226656039312
1.7113422684536908,-10.274665284535113,-6.706023568987335,0.022049572025993672,-0.01606231090224526,0.19878460050737642
1.7123424684936988,-10.38156333289915,-6.651849914266703,0.021766528427391497,-0.016119328621281032,0.19795903526964437
1.7133426685337068,-10.484042932394885,-6.596077341377856,0.02148255886792809,-0.01617628896220845,0.19709620789986088
1.7143428685737148,-10.58205421844906,-6.538720281106923,0.021197761464761423,-0.016233159783302895,0.1961967706648317
1.7153430686137228,-10.67554919307589,-6.47979353155071,0.02091223502675039,-0.01628990917861641,0.19526139070537293
1.7163432686537308,-10.764481749054111,-6.419312253969845,0.020626079023568028,-0.016346505515745232,0.19429074968947005
1.7173434686937388,-10.848807693331551,-6.357291968562005,0.020339393554157523,-0.01640291747301272,0.1932855434588847
1.7183436687337468,-10.928484769645328,-6.29374855015613,0.020052279314530026,-0.01645911407601069,0.19224648166936922
1.7193438687737548,-11.00347268034584,-6.228698223829095,0.019764837564904617,-0.016515064733443094,0.19117428742465203
1.7203440688137628,-11.073733107413103,-6.162157560445903,0.019477170096192254,-0.016570739272217055,0.19006969690436043
1.7213442688537708,-11.13922973265453,-6.09414347212485,0.019189379195826924,-0.016626107971727578,0.18893345898604966
1.7223444688937788,-11.199928257073154,-6.024673207628955,0.018901567612948665,-0.016681141597283324,0.1877663348615104
1.7233446689337868,-11.25579641939601,-5.953764347684771,0.018613838522944667,-0.016735811432622386,0.1865690976475295
1.7243448689737948,-11.30680401375257,-5.881434800230134,0.018326295491356073,-0.016790089311468342,0.18534253199128137
1.7253450690138028,-11.352922906493454,-5.807702795592078,0.018039042437159647,-0.016843947648078474,0.1840874336705304
1.7263452690538108,-11.39412705214008,-5.73258688159623,0.017752183595434953,-0.01689735946673764,0.18280460918882693
1.7273454690938188,-11.430392508456107,-5.656105918609222,0.01746582347942919,-0.01695029843015304,0.18149487536588213
1.7283456691338268,-11.461697450632132,-5.578279074515216,0.01718006684203332,-0.017002738866706953,0.1801590589233093
1.7293458691738348,-11.488022184575229,-5.499125819628171,0.016895018636684595,-0.01705465579652629,0.17879799606592167
1.7303460692138428,-11.509349159295402,-5.41866592154128,0.016610783977712044,-0.017106024956329992,0.17741253205877874
1.7313462692538508,-11.525662978381472,-5.3369194399146025,0.016327468100142916,-0.01715682282301712,0.17600352080017573
1.7323464692938588,-11.536950410559067,-5.25390672120293,0.016045176318989506,-0.017207026635960816,0.17457182439077226
1.7333466693338668,-11.543200399324022,-5.169648393324752,0.01576401398803712,-0.017256614417975373,0.17311831269905903
1.7343468693738748,-11.544404071644749,-5.084165360273995,0.01548408645815532,-0.017305564994925957,0.17164386292336256
1.7353470694138828,-11.540554745727512,-4.997478796676245,0.015205499035155853,-0.017353858013952884,0.1701493591505903
1.7363472694538908,-11.531647937839027,-4.909610142290324,0.014928356937221963,-0.017401473960284696,0.16863569191191982
1.7373474694938988,-11.51768136818114,-4.820581096457286,0.014652765251934931,-0.017448394172616764,0.16710375773563793
1.7383476695339068,-11.498654965812737,-4.730413612497855,0.01437882889292489,-0.017494600857034606,0.16555445869733632
1.7393478695739149,-11.474570872614493,-4.6391298920603035,0.01410665255617404,-0.017540077099463692,0.16398870196767265
1.7403480696139229,-11.44543344629245,-4.546752379419549,0.013836340676001407,-0.017584806876630055,0.16240739935790688
1.7413482696539309,-11.411249262416774,-4.453303755729768,0.013567997380759284,-0.01762877506551868,0.16081146686342376
1.7423484696939389,-11.37202711549259,-4.358806933231424,0.013301726448272383,-0.017671967451319305,0.15920182420545437
1.7433486697339469,-11.327778019060057,-4.263285049414579,0.013037631261051572,-0.01771437073385192,0.15757939437120944
1.7443488697739549,-11.278515204821346,-4.16676146113979,0.012775814761314813,-0.017755972532467017,0.15594510315263954
1.7453490698139629,-11.224254120792665,-4.069259738718303,0.012516379405848651,-0.017796761389418297,0.15429987868403716
1.7463492698539709,-11.165012428479736,-3.970803659953086,0.01225942712074417,-0.017836726771708382,0.1526446509786966
1.7473494698939789,-11.100809999075672,-3.8714172041418986,0.012005059256041905,-0.017875859071410715,0.15098035146484887
1.7483496699339869,-11.031668908680722,-3.7711245460444243,0.011753376540320656,-0.017914149604473694,0.14930791252108905
1.7493498699739949,-10.957613432543486,-3.669950049814829,0.011504479035265497,-0.017951590608015718,0.14762826701151344
1.750350070014003,-10.878670038323989,-3.5679182629009483,0.011258466090250632,-0.01798817523612268,0.14594234782078566
1.751350270054011,-10.794867378379076,-3.4650539099123954,0.01101543629697291,-0.01802389755416206,0.14425108738934983
1.752350470094019,-10.706236281071464,-3.3613818864583576,0.010775487444172,-0.018058752531630567,0.14255541724900975
1.753350670134027,-10.612809741103646,-3.256927252957238,0.010538716472473253,-0.018092736033554838,0.14085626755909322
1.754350870174035,-10.514622908878977,-3.151715228419441,0.010305219429389282,-0.018125844810467504,0.13915456664342044
1.755351070214043,-10.411713078891916,-3.0457711842048107,0.01007509142451616,-0.018158076486983386,0.1374512405282952
1.756351270254051,-10.30411967715066,-2.939120637756476,0.009848426584960003,-0.01818942954900325,0.13574721248173782
1.757351470294059,-10.191884247635034,-2.831789246312594,0.00962531801102942,-0.018219903329575016,0.13404340255417815
1.758351670334067,-10.075050437793642,-2.72380280059746,0.00940585773222898,-0.01824949799344483,0.13234072712082642
1.759351870374075,-9.953663983084288,-2.6151872184937286,0.009190136663588474,-0.018278214520332736,0.13064009842594002
1.760352070414083,-9.827772690562135,-2.505968538697196,0.008978244562362243,-0.018306054686970115,0.12894242412920257
1.761352270454091,-9.697426421520783,-2.396172914355771,0.008770269985132341,-0.018333021047938252,0.1272486068544319
1.762352470494099,-9.562677073191578,-2.2858266066940525,0.008566300245348647,-0.018359116915349655,0.12555954374083222
1.763352670534107,-9.423578559507014,-2.1749559786253796,0.008366421371338426,-0.018384346337415817,0.12387612599700512
1.7643528705741147,-9.280186790934593,-2.063587488352692,0.008170718064817117,-0.01840871407594718,0.12219923845793322
1.7653530706141227,-9.132559653387839,-1.9517476829596654,0.007979273659931035,-0.01843222558283303,0.12052975914514695
1.7663532706541307,-8.980756986221374,-1.83946319199411,0.00779217008286278,-0.018454886975550828,0.11886855883029107
1.7673534706941387,-8.824840559318321,-1.7267607210446065,0.007609487812027716,-0.018476705011756363,0.11721650060229358
1.7683536707341467,-8.664874049277014,-1.6136670453125512,0.007431305838890462,-0.018497687063007674,0.11557443943835122
1.7693538707741547,-8.50092301470638,-1.50020900318051,0.007257701629428486,-0.018517841087677317,0.1139432217789364
1.7703540708141627,-8.333054870638193,-1.3864134897791365,0.007088751086269143,-0.01853717560310896,0.1123236851070314
1.7713542708541707,-8.161338862065906,-1.2723074505535121,0.006924528511525449,-0.018555699657075684,0.11071665753179386
1.7723544708941787,-7.985846036619324,-1.157917874830875,0.006765106570354784,-0.01857342279859854,0.10912295737685523
1.7733546709341867,-7.806649216385401,-1.0432717893913102,0.006610556255263627,-0.018590355048185132,0.10754339277345287
1.7743548709741948,-7.623822968885766,-0.9283962520425486,0.006460946851180312,-0.018606506867548844,0.10597876125859344
1.7753550710142028,-7.437443577221586,-0.8133183452007302,0.006316345901316651,-0.018621889128870403,0.10442984937844414
1.7763552710542108,-7.247589009397205,-0.6980651694786253,0.0061768191738381245,-0.018636513083664062,0.1028974322971455
1.7773554710942188,-7.0543388868343015,-0.5826638372825311,0.006042430629361195,-0.018650390331311436,0.10138227341123748
1.7783556711342268,-6.857774452088431,-0.46714146641982673,0.0059132423892951265,-0.018663532787326503,0.09988512396988826
1.7793558711742348,-6.657978535780592,-0.35152517371814707,0.005789314705044545,-0.018675952651415684,0.09840672270111252
1.7803560712142428,-6.455035522756657,-0.23584206865814836,0.005670705928087826,-0.018687662375397165,0.09694779544416368
1.7813562712542508,-6.249031317487798,-0.12011924702104897,0.005557472480945238,-0.018698674631043802,0.09550905478828182
1.7823564712942588,-6.040053308725423,-0.004383784552474491,0.005449668829049661,-0.018709002277913934,0.09409119971797614
1.7833566713342668,-5.828190333424897,0.11133726935587694,0.00534734745353156,-0.018718658331234348,0.09269491526501833
1.7843568713742748,-5.6135326399519485,0.22701689796537253,0.005250558824928839,-0.01872765592989938,0.09132087216732024
1.7853570714142828,-5.396171850587023,0.3426281234687252,0.005159351377831083,-0.018736008304649776,0.08996972653486593
1.7863572714542908,-5.176200923341745,0.4581440132463815,0.0050737714864666945,-0.01874372874649452,0.0886421195228656
1.7873574714942988,-4.953714113103973,0.5735376860990797,0.004993863441240404,-0.01875083057543811,0.08733867701229549
1.7883576715343068,-4.72880693212618,0.6887823184556979,0.0049196694262276415,-0.01875732710957515,0.08606000929798457
1.7893578715743148,-4.5015761098736675,0.8038511505544735,0.00485122949763135,-0.018763231634613214,0.08480671078440577
1.7903580716143228,-4.272119552249267,0.9187174925966284,0.004788581563205879,-0.01876855737388402,0.08357935968932582
1.7913582716543308,-4.040536300210649,1.0333547308706659,0.0047317613626517594,-0.01877331745890178,0.0823785177554645
1.7923584716943388,-3.8069264877976106,1.1477363338463633,0.004680802448984324,-0.018777524900526556,0.08120472997031042
1.7933586717343468,-3.5713912995867214,1.2618358582365419,0.004635736170878381,-0.018781192560788966,0.08005852429423714
1.7943588717743548,-3.3340329275908096,1.3756269550257891,0.004596591655990397,-0.0187843331254313,0.07894041139705912
1.7953590718143628,-3.0949545276212143,1.4890833754645652,0.004563395795258976,-0.018786959077218557,0.07785088440316398
1.7963592718543708,-2.8542601751310688,1.6021789770273527,0.004536173228183791,-0.018789082670071226,0.07679041864535312
1.7973594718943788,-2.6120548205584786,1.7148877293335247,0.004514946329082531,-0.01879071590407002,0.07575947142751917
1.7983596719343868,-2.368444244187484,1.8271837200299104,0.004499735194324885,-0.018791870501380877,0.07475848179628457
1.7993598719743948,-2.1235350105467616,1.9390411606330311,0.0044905576305421255,-0.018792557883146654,0.07378787032172168
1.8003600720144028,-1.877434422364998,2.0504343923309034,0.004487429143810387,-0.01879278914738995,0.07284803888727076
1.8013602720544108,-1.6302504741021742,2.1613378917418724,0.0044903629298053615,-0.01879257504796942,0.07193937048896756
1.8023604720944189,-1.3820918050771953,2.271726276630283,0.0044993698649258155,-0.018791925974629725,0.0710622290440888
1.8033606721344269,-1.1330676522114176,2.381574311577032,0.004514458498382999,-0.01879085193418315,0.07021695920931877
1.8043608721744349,-0.8832878024082852,2.490856913604235,0.004535635045252815,-0.018789362532858407,0.06940388620853624
1.8053610722144429,-0.6328625445900387,2.599549157752488,0.004562903380487414,-0.018787466959850018,0.06862331567031686
1.8063612722544509,-0.3819026214115494,2.707626282609855,0.004596265033882693,-0.018785173972098973,0.06787553347524079
1.8073614722944589,-0.1305191806725203,2.815063695791029,0.004635719185998116,-0.018782491880333065,0.06716080561309198
1.8083616723344669,0.12117627355079062,2.9218369793658723,0.00468126266502517,-0.018779428536392615,0.06647937805002997
1.8093618723744749,0.3730719300336309,3.0279218952360263,0.004732889944600742,-0.018775991321864784,0.06583147660581111
1.8103620724144829,0.625055719768207,3.133294390458383,0.004790593142561726,-0.01877218713804694,0.06521730684113108
1.8113622724544909,0.8770153655463013,3.237930602514414,0.004854362020637173,-0.01876802239725697,0.06463705395515616
1.8123624724944989,1.1288384317357545,3.341806864524309,0.004924183985074392,-0.01876350301550554,0.06409088269330572
1.813362672534507,1.3804123742305763,3.4448997104048247,0.005000044088195505,-0.01875863440654278,0.06357893726534386
1.814362872574515,1.631624590550941,3.5471858799695752,0.005081925030881046,-0.018753421477288857,0.06310134127383314
1.815363072614523,1.882362470072402,3.648642323971039,0.005169807165977373,-0.01874786862465529,0.06265819765299854
1.816363272654531,2.1325134443615137,3.7492462090830774,0.005263668502624797,-0.01874197973376094,0.06224958861804493
1.817363472694539,2.3819650375950387,3.848974922822932,0.0053634847115035245,-0.018735758177543856,0.0618755756249665
1.818363672734547,2.630604917040951,3.94780607841177,0.005469229130994671,-0.01872920681776728,0.06153619934088146
1.819363872774555,2.878320943578431,4.045717519572854,0.00558087277425381,-0.01872232800741534,0.06123147962492053
1.820364072814563,3.125001222234272,4.1426873252662775,0.005698384337194735,-0.01871512359447112,0.06096141551969261
1.821364272854571,3.3705341527128363,4.238693814359383,0.005821730207381279,-0.01870759492706699,0.06072598525334623
1.822364472894579,3.6148084798970257,4.33371555023176,0.0059508744738252595,-0.018699742859994307,0.06052514625224
1.823364672934587,3.8577133442971787,4.427731345314457,0.0060857789376887956,-0.018691567762556788,0.06035883516423069
1.824364872974595,4.099138332425839,4.52072026556191,0.006226403123889425,-0.01868306952774922,0.06022696789258189
1.825365073014603,4.338973527074156,4.612661634855796,0.006372704293606635,-0.018674247582740312,0.06012943964049183
1.826365273054611,4.5771095574685425,4.7035350393404585,0.006524637457688542,-0.01866510090063596,0.060066124966233335
1.827365473094619,4.813437649283663,4.7933203316887925,0.006682155390957624,-0.01865562801349647,0.060036877848893916
1.828365673134627,5.0478496744892745,4.88199763529719,0.006845208647414512,-0.018645827026578785,0.06004153176469902
1.829365873174635,5.2802382010083075,4.969547348410143,0.0070137455763389055,-0.018635695633772133,0.06007989977389631
1.830366073214643,5.5104965421625565,5.055950148171949,0.007187712339286799,-0.01862523113419312,0.06015177461817358
1.831366273254651,5.738518805884136,5.141186994606648,0.007367052927983159,-0.018614430449903824,0.06025692882857812
1.832366473294659,5.964199943669464,5.225239134523843,0.0075517091831092545,-0.01860329014471411,0.06039511484389978
1.833366673334667,6.187435799252794,5.308088105350615,0.00774162081398377,-0.01859180644402714,0.06056606513947557
1.834366873374675,6.4081231569774655,5.389715738888742,0.007936725419136755,-0.018579975255684767,0.060769492366367715
1.835367073414683,6.626159789841551,5.47010416499615,0.008136958507775356,-0.018567792191767445,0.06100508950086275
1.836367273454691,6.841444507195921,5.549235815192226,0.00834225352214013,-0.01855525259130122,0.06127253000423379
1.837367473494699,7.053877202072018,5.627093426186665,0.008552541860750511,-0.01854235154382238,0.06157146799270309
1.838367673534707,7.263358898117482,5.703660043330359,0.00876775290253778,-0.018529083913748523,0.06190153841753705
1.839367873574715,7.469791796117173,5.778919023988772,0.008987814031863613,-0.01851544436550298,0.06226235725520093
1.840368073614723,7.67307932007788,5.852854040836419,0.009212650664421895,-0.01850142738933791,0.06265352170749523
1.841368273654731,7.873126162854274,5.925449085072319,0.009442186274021196,-0.018487027327799728,0.06307461041159122
1.842368473694739,8.069838331295342,5.996688469555906,0.00967634242024478,-0.018472238402779187,0.06352518365987753
1.843368673734747,8.263123190888763,6.066556831862383,0.009915038776984627,-0.01845705474308692,0.06400478362952548
1.844368873774755,8.452889509882834,6.135039137257916,0.010158193161845406,-0.018441470412494127,0.0645129346216756
1.845369073814763,8.639047502863516,6.202120681593141,0.010405721566413737,-0.01842547943817693,0.06504914331014286
1.846369273854771,8.821508873767002,6.267787094115594,0.01065753818738754,-0.018409075839501826,0.06561289899953375
1.847369473894779,9.000186858306025,6.332024340199656,0.010913555458559574,-0.0183922536570889,0.06620367389266305
1.848369673934787,9.17499626578966,6.39481872399435,0.011173684083648584,-0.018375006982088587,0.06682092336715398
1.849369873974795,9.345853520316114,6.456156890988197,0.011437833069970763,-0.018357329985607154,0.0674640862611004
1.850370074014803,9.512676701318867,6.516025830490792,0.011705909762943431,-0.01833921694821558,0.06813258516766504
1.851370274054811,9.67538558344535,6.574412878031075,0.011977819881412066,-0.01832066228947607,0.06882582673848366
1.852370474094819,9.8339016757495,6.631305717671385,0.012253467553790951,-0.018301660597420187,0.06954320199573977
1.853370674134827,9.988148260178285,6.68669238423757,0.012532755355006848,-0.01828220665791249,0.07028408665277087
1.854370874174835,10.138050429333294,6.740561265464532,0.012815584344234198,-0.01826229548383349,0.07104784144306216
1.855371074214843,10.283535123488184,6.7929011040570115,0.013101854103409426,-0.018241922344015924,0.07183381245747958
1.856371274254851,10.42453116684398,6.843700999665443,0.013391462776510987,-0.018221082791868605,0.07264133148958982
1.857371474294859,10.560969303004155,6.892950410776404,0.013684307109590805,-0.01819977269362242,0.0734697163889103
1.858371674334867,10.692782229650264,6.940639156517928,0.013980282491541804,-0.018177988256133707,0.07431827142192876
1.859371874374875,10.819904632402574,6.9867574183789145,0.014279282995585193,-0.018155726054180768,0.07518628764072693
1.860372074414883,10.942273217846415,7.031295741842958,0.01458120142146021,-0.01813298305719015,0.07607304325903974
1.861372274454891,11.059826745708769,7.074245037936136,0.01488592933829799,-0.01810975665533021,0.0769778040355768
1.862372474494899,11.172506060167716,7.115596584688817,0.015193357128160225,-0.018086044684910537,0.07789982366442957
1.863372674534907,11.28025412027871,7.1553420285111615,0.015503374030222295,-0.018061845453026967,0.07883834417238343
1.864372874574915,11.383016029502084,7.1934733854826955,0.01581586818557952,-0.018037157761393263,0.07979259632295026
1.865373074614923,11.480739064315685,7.229983042555181,0.016130726682654244,-0.018011980929301917,0.08076180002693363
1.866373274654931,11.573372701898094,7.264863758669435,0.01644783560318045,-0.017986314815658114,0.08174516475933492
1.867373474694939,11.660868646867405,7.298108665785652,0.0167670800687417,-0.017960159840032533,0.08274188998240521
1.868373674734947,11.74318085706119,7.329711269827385,0.01708834428783723,-0.017933517002680487,0.08375116557464461
1.869373874774955,11.82026556834391,7.359665451539054,0.017411511603450194,-0.017906387903476765,0.08477217226554708
1.870374074814963,11.892081318428014,7.387965467257302,0.017736464541091096,-0.01787877475971754,0.08580408207588577
1.871374274854971,11.95858896969571,7.414605949595956,0.01806308485728876,-0.017850680422742866,0.08684605876333078
1.872374474894979,12.019751731008759,7.439581908044785,0.018391253588500276,-0.017822108393335468,0.0878972582731878
1.873374674934987,12.075535178493974,7.462888729482227,0.018720851100410676,-0.017793062835853826,0.08895682919404391
1.874374874974995,12.125907275292564,7.484522178602046,0.01905175713759244,-0.017763548591060007,0.09002391321810314
1.8753750750150031,12.170838390262134,7.50447839825416,0.01938385087349421,-0.017733571187605175,0.09109764560599214
1.8763752750550111,12.210301315620057,7.522753909699768,0.01971701096072757,-0.017703136852138254,0.09217715565581347
1.8773754750950191,12.244271283518229,7.5393456127809255,0.020051115581620205,-0.01767225251800596,0.09326156717622157
1.878375675135027,12.272725981538674,7.554250786004805,0.020386042499003176,-0.017640925832515066,0.09434999896329349
1.879375875175035,12.295645567101024,7.567467086542743,0.02072166910720023,-0.017609165162730585,0.09544156528096623
1.880376075215043,12.313012680772317,7.578992550144456,0.021057872483185098,-0.017576979599786553,0.09653537634480472
1.881376275255051,12.324812458470843,7.588825590967568,0.021394529437875114,-0.01754437896168873,0.09763053880887132
1.882376475295059,12.33103254255586,7.596965001322697,0.021731516567526636,-0.01751137379459185,0.09872615625545664
1.883376675335067,12.33166309179555,7.603409951334491,0.022068710305199225,-0.017477975372536793,0.09982132968743505
1.884376875375075,12.326696790206183,7.608159988518816,0.022405986972254942,-0.017444195695636287,0.10091515802300473
1.885377075415083,12.316128854755823,7.611215037276429,0.022743222829859192,-0.017410047486700764,0.10200673859257015
1.886377275455091,12.299957041926552,7.612575398303546,0.023080294130449663,-0.017375544186299118,0.10309516763752404
1.887377475495099,12.278181653129534,7.612241747919569,0.023417077169140026,-0.01734069994625225,0.10417954081068372
1.888377675535107,12.250805538967963,7.610215137312395,0.023753448335025372,-0.017305529621560505,0.1052589536781357
1.889377875575115,12.217834102343243,7.606496991701696,0.02408928416235657,-0.017270048760769124,0.10633250222224105
1.890378075615123,12.17927530040044,7.601089109420562,0.024424461381551226,-0.017234273594779182,0.10739928334555288
1.891378275655131,12.135139645309536,7.593993660915945,0.024758856970009246,-0.017198221024114443,0.10845839537539637
1.892378475695139,12.085440203879237,7.585213187668337,0.025092348202701696,-0.0171619086046579,0.10950893856886079
1.893378675735147,12.030192596001465,7.574750601031157,0.025424812702502082,-0.017125354531874713,0.11055001561795205
1.894378875775155,11.969414991923808,7.562609180990294,0.025756128490229943,-0.017088577623541518,0.11158073215465389
1.895379075815163,11.90312810834942,7.54879257484435,0.026086174034377362,-0.01705159730100502,0.1126001972556451
1.896379275855171,11.83135520336293,7.533304795806008,0.02641482830048975,-0.01701443356899594,0.1136075239464198
1.897379475895179,11.754122070182133,7.5161502215251685,0.02674197080017316,-0.016977106994027227,0.11460182970455739
1.898379675935187,11.671457029736008,7.497333592534257,0.027067481639701286,-0.016939638681408565,0.1155822369618887
1.899379875975195,11.583390922069691,7.4768600106164,0.027391241568196202,-0.016902050250911915,0.11654787360530486
1.900380076015203,11.489957096577491,7.454734937096905,0.027713132025358047,-0.01686436381112579,0.11749787347595526
1.901380276055211,11.391191401066203,7.430964191058763,0.028033035188719777,-0.016826601932538637,0.11843137686658128
1.902380476095219,11.2871321696509,7.4055539474826855,0.028350834020404295,-0.01678878761939445,0.11934753101673276
1.903380676135227,11.177820209486404,7.378510735312287,0.028666412313362376,-0.016750944280366234,0.12024549060561461
1.904380876175235,11.063298786337624,7.349841435445202,0.028979654737071005,-0.016713095698095655,0.12112441824231147
1.905381076215243,10.943613608992925,7.319553278650501,0.029290446882672933,-0.01667526599764942,0.12198348495313896
1.906381276255251,10.818812812525454,7.287653843413342,0.02959867530753946,-0.01663747961394547,0.12282187066587091
1.907381476295259,10.688946940407275,7.254151053707461,0.029904227579239773,-0.016599761258204216,0.12363876469059294
1.908381676335267,10.554068925481658,7.219053176695987,0.030206992318901338,-0.016562135883482206,0.12443336619693363
1.909381876375275,10.414234069800797,7.182368820361684,0.03050685924394721,-0.016524628649347697,0.1252048846874257
1.910382076415283,10.26950002333464,7.144106931066855,0.030803719210197315,-0.01648726488575947,0.12595254046675114
1.911382276455291,10.119926761558794,7.104276791044164,0.031097464253322084,-0.016450070056212154,0.1266755651066254
1.912382476495299,9.965576561928941,7.0628880158185545,0.031387987629638105,-0.016413069720212885,0.1273732019060771
1.913382676535307,9.806513979250916,7.019950551561613,0.03167518385623664,-0.016376289495155877,0.12804470634688195
1.914382876575315,9.642805819954358,6.975474672378657,0.03195894875043718,-0.01633975501766281,0.1286893465439107
1.915383076615323,9.474521115280089,6.929470977529576,0.03223917946855936,-0.01630349190445836,0.1293064036901534
1.916383276655331,9.301731093391146,6.881950388584217,0.03251577454400781,-0.016267525712851387,0.12989517249618343
1.917383476695339,9.12450915041745,6.832924146512981,0.03278863392466563,-0.01623188190089339,0.13045496162382825
1.918383676735347,8.942930820446177,6.7824038087136245,0.03305765900959332,-0.016196585787286784,0.13098509411381434
1.919383876775355,8.757073744468205,6.730401245974989,0.03332275268503102,-0.01616166251111637,0.13148490780715782
1.920384076815363,8.567017638293366,6.676928639378538,0.033583819359703136,-0.016127136991478122,0.13195375576007337
1.921384276855371,8.372844259447287,6.621998477138584,0.03384076499942508,-0.01609303388707984,0.13239100665217768
1.922384476895379,8.174637373062218,6.565623551381827,0.03409349716101319,-0.016059377555888803,0.13279604518776572
1.923384676935387,7.972482716775938,6.507816954867653,0.03434192502549936,-0.0160261920149017,0.13316827248994134
1.924384876975395,7.766467964652524,6.44859207764925,0.034585959430653054,-0.015993500900112326,0.13350710648738628
1.925385077015403,7.556682690140188,6.387962603677344,0.03482551290281386,-0.015961327426752568,0.13381198229355507
1.926385277055411,7.343218328079895,6.325942507346766,0.03506049968803864,-0.015929694349882003,0.13408235257808637
1.927385477095419,7.126168135782039,6.262546049986858,0.03529083578256771,-0.015898623925401235,0.13431768793022433
1.928385677135427,6.905627153185601,6.197787776297249,0.03551643896261517,-0.015868137871563662,0.13451747721404733
1.929385877175435,6.681692162117102,6.131682510728967,0.0357372288134889,-0.015838257331059837,0.13468122791530462
1.930386077215443,6.454461644666589,6.064245353812772,0.03595312675804603,-0.015809002833747945,0.1348084664796651
1.931386277255451,6.224035740696743,5.99549167843495,0.03616405608449021,-0.01578039426010305,0.13489873864218624
1.932386477295459,5.990516204504492,5.925437126061833,0.036369941973516846,-0.015752450805456907,0.13495160974781487
1.933386677335467,5.754006360651996,5.854097602914256,0.036570711524812914,-0.015725190945099013,0.13496666506273533
1.934386877375475,5.5146110589872945,5.781489276092265,0.03676629378291794,-0.015698632400308405,0.1349435100763849
1.935387077415483,5.27243662887166,5.707628569651712,0.03695661976245246,-0.015672792105384373,0.1348817707939599
1.936387277455491,5.027590832635472,5.632532160633479,0.03714162247272052,-0.015647686175742814,0.13478109401924088
1.937387477495499,4.780182818280651,5.5562169750461115,0.03732123694169223,-0.015623329877143382,0.13464114762756846
1.9383876775355071,4.530323071451227,5.478700183803316,0.03749540023937226,-0.015599737596110908,0.13446162082880717
1.9393878775755151,4.278123366692366,5.399999198616997,0.03766405150055986,-0.015576922811612704,0.13424222442013786
1.9403880776155231,4.023696718018657,5.320131667846832,0.03782713194700533,-0.015554898068051512,0.1339826910285246
1.9413882776555311,3.7671573288141804,5.239115472307702,0.03798458490896751,-0.01553367494963174,0.1336827753427061
1.9423884776955391,3.5086205410843325,5.156968721035894,0.03813635584617625,-0.015513264056154542,0.13334225433456717
1.9433886777355471,3.248202784084474,5.07370974701468,0.03828239236820307,-0.015493674980294967,0.13296092746974963
1.9443888777755551,2.9860215223447804,4.989357102861092,0.038422644254242494,-0.015474916286412123,0.1325386169073676
1.9453890778155631,2.7221952031168053,4.903929556474227,0.03855706347230588,-0.015456995490940744,0.13207516768869695
1.9463892778555711,2.456843203263409,4.8174460866467586,0.038685604197828516,-0.015439919044410062,0.13157044791471392
1.9473894778955791,2.190085775616318,4.7299258786400316,0.03880822283169001,-0.015423692315133183,0.1310243489123622
1.9483896779355871,1.9220439948249914,4.641388319724382,0.03892487801764687,-0.01540831957460741,0.13043678538943443
1.9493898779755952,1.6528397027212172,4.551852994685704,0.03903553065917536,-0.015393803984663189,0.129807695577958
1.9503900780156032,1.382595453222709,4.461339681298452,0.03914014393572146,-0.015380147586396314,0.12913704136598095
1.9513902780556112,1.1114344568024006,4.369868345767817,0.03923868331835388,-0.015367351290915175,0.12842480841765946
1.9523904780956192,0.839480524546604,4.277459138140491,0.03933111658481474,-0.015355414871931638,0.12767100628155317
1.9533906781356272,0.5668580118286299,4.18413238768593,0.039417413833961606,-0.015344336960221062,0.12687566848704057
1.9543908781756352,0.2936917616218873,4.089908598249325,0.039497547499593326,-0.015334115039973777,0.12603885262877268
1.9553910782156432,0.02010704747970312,3.9948084435768902,0.039571492363650804,-0.015324745447056988,0.1251606404390876
1.9563912782556512,-0.25377048379348094,3.898852762614736,0.03963922556878301,-0.015316223369202854,0.12424113784831566
1.9573914782956592,-0.5278148697525029,3.8020625547825646,0.03970072663026701,-0.015308542848135043,0.12328047503290986
1.9583916783356672,-0.8018998901773231,3.704458975223191,0.03975597744726986,-0.015301696783642653,0.1222788064513419
1.9593918783756752,-1.0758991251687156,3.6060633300289004,0.03980496231343892,-0.015295676939606958,0.12123631086771076
1.9603920784156832,-1.3496860134457698,3.5068970714455654,0.0398476679268062,-0.015290473951982906,0.12015319136301582
1.9613922784556912,-1.623133910819183,3.4069817930565085,0.03988408339899098,-0.015286077338733788,0.11902967533405284
1.9623924784956992,-1.8961161488132674,3.3063392249456847,0.0399142002636842,-0.015282475511713915,0.11786601447989715
1.9633926785357072,-2.168506093409196,3.204991228842872,0.039938012484396795,-0.015279655790490624,0.11666248477594408
1.9643928785757152,-2.4401772038832337,3.102959793250895,0.039955516461453365,-0.015277604418093286,0.115419386435483
1.9653930786157232,-2.7110030917106274,3.000267028556224,0.03996671103821163,-0.015276306578673422,0.11413704385878697
1.9663932786557312,-2.9808575795103227,2.896935162124292,0.03997159750648714,-0.015275746417056467,0.11281580556970688
1.9673934786957392,-3.249614760000629,2.7929865333808293,0.03997017961116204,-0.015275907060162094,0.11145604413976391
1.9683936787357472,-3.51714905493977,2.6884435888790734,0.03996246355395588,-0.015276770640266434,0.11005815609974115
1.9693938787757552,-3.783335274023033,2.5833288773557794,0.039948457996335875,-0.015278318320076013,0.10862256183878119
1.9703940788157632,-4.0480486737087045,2.477665044775752,0.039928174061543434,-0.015280530319579648,0.10714970549100225
1.9713942788557712,-4.311165015945276,2.3714748293663126,0.03990162533571322,-0.015283385944641056,0.10564005480965188
1.9723944788957792,-4.572560626772386,2.2647810566431734,0.039868827868060716,-0.01528686361729147,0.10409410102882365
1.9733946789357872,-4.832112454767406,2.1576066344283342,0.03982980017011403,-0.015290940907678128,0.10251235871276772
1.9743948789757952,-5.089698129309664,2.0499745478616176,0.03978456321396522,-0.015295594567621156,0.10089536559283314
1.9753950790158032,-5.3451960186355825,1.941907854406143,0.03973314042951667,-0.015300800565727989,0.09924368239208535
1.9763952790558112,-5.598485287655368,1.8334296788497624,0.03967555770069783,-0.01530653412401133,0.09755789263764862
1.9773954790958193,-5.849445955505822,1.7245632083026552,0.039611843360627876,-0.015312769755953377,0.09583860246082976
1.9783956791358273,-6.097958952809558,1.6153316871930992,0.03954202818570001,-0.015319481305956006,0.09408644038508475
1.9793958791758353,-6.343906178613984,1.50575841226123,0.03946614538856361,-0.015326641990113592,0.09230205710189689
1.9803960792158433,-6.5871705569832315,1.3958667275534533,0.039384230609980725,-0.015334224438242193,0.09048612523464072
1.9813962792558513,-6.827636093214832,1.285680019416924,0.039296321909534145,-0.015342200737096065,0.08863933909051225
1.9823964792958593,-7.065187929653963,1.1752217114965462,0.039202459755165,-0.015350542474699707,0.08676241440061182
1.9833966793358673,-7.29971240107857,1.064515259734758,0.03910268701151849,-0.015359220785721082,0.08485608804827252
1.9843968793758753,-7.531097089628313,0.9535841473752006,0.038997048927077504,-0.015368206397809168,0.08292111778573258
1.9853970794158833,-7.759230879250341,0.8424518799719817,0.03888559312006479,-0.015377469678816645,0.08095828193925635
1.9863972794558913,-7.984004009635661,0.731141980404219,0.03876836956309558,-0.015386980684826293,0.0789683791028145
1.9873974794958993,-8.205308129619114,0.6196779838989189,0.03864543056656388,-0.015396709208897632,0.07695222782043995
1.9883976795359073,-8.423036350016861,0.5080834330609991,0.038516830760746884,-0.015406624830448357,0.07491066625738167
1.9893978795759153,-8.637083295875767,0.39638187291344623,0.03838262707661368,-0.015416696965183375,0.0728445518601849
1.9903980796159233,-8.847345158108318,0.284596845947,0.03824287872532588,-0.0154268949154826,0.07075476100583149
1.9913982796559313,-9.05371974448782,0.17275188718196832,0.03809764717641946,-0.015437187921157213,0.06864218864008023
1.992398479695939,-9.25610652997788,0.06087051924149676,0.03794699613465914,-0.015447545210482779,0.06650774790515294
1.993398679735947,-9.454406706372465,-0.05102375256111589,0.037790991515557995,-0.015457936051416505,0.06435236975691473
1.994398879775955,-9.648523231219542,-0.162907445121144,0.03762970141955786,-0.015468329802904924,0.0621770025717118
1.995399079815963,-9.83836087600609,-0.2747571024255513,0.03746319610486697,-0.015478695966187596,0.059982611743019894
1.996399279855971,-10.023826273578441,-0.38654930042032726,0.03729154795895437,-0.015489004236001741,0.057770179268077704
1.997399479895979,-10.204827964775378,-0.49826065185969226,0.03711483146870228,-0.015499224551592378,0.055540703324675575
1.998399679935987,-10.381276444248547,-0.6098678111376734,0.03693312318922008,-0.015509327147432281,0.05329519783827806
1.999399879975995,-10.55308420544915,-0.7213474791003143,0.03674650171132568,-0.015519282603556091,0.05103469203966412
2.000400080016003,-10.720165784756238,-0.8326764078373391,0.03655504762770247,-0.01552906189541303,0.04876023001327339
2.001400280056011,-10.882437804724567,-0.9438314054529744,0.03635884349774241,-0.015538636443143107,0.04647287023645243
2.002400480096019,-11.039819016429886,-1.0547893408144866,0.03615797381108827,-0.015547978160182179,0.044173685109799646
2.003400680136027,-11.192230340889974,-1.1655271482778822,0.03595252494989009,-0.015557059501102071,0.04186376047881274
2.004400880176035,-11.33959490953913,-1.2760218323891845,0.03574258514979393,-0.015565853508592865,0.03954419514704698
2.005401080216043,-11.481838103736097,-1.386250472561452,0.03552824445968278,-0.015574333859495628,0.03721610038099786
2.006401280256051,-11.61888759328427,-1.4961902277251051,0.035309594700192355,-0.01558247490979522,0.034880599406925915
2.007401480296059,-11.750673373943485,-1.6058183409525006,0.0350867294210266,-0.015590251738484344,0.032538826899846184
2.008401680336067,-11.877127803914743,-1.7151121440541188,0.034859743857100244,-0.015597640190211738,0.030191928464909576
2.009401880376075,-11.998185639277366,-1.8240490621465106,0.034628734883537994,-0.015604616916629357,0.027841060111407162
2.010402080416083,-12.113784068360532,-1.9326066181909585,0.03439380096956221,-0.015611159416355479,0.025487387719633228
2.011402280456091,-12.223862745030258,-2.0407624375017153,0.03415504213130323,-0.015617246073472977,0.023132086500846843
2.012402480496099,-12.328363820873841,-2.1484942522232227,0.03391255988356847,-0.015622856194484485,0.02077634045057576
2.013402680536107,-12.427231976265023,-2.25577990577515,0.033666457190608776,-0.015627970043648836,0.01842134179551059
2.014402880576115,-12.520414450291687,-2.362597357265093,0.0334168384159222,-0.015632568876625952,0.01606829043424067
2.015403080616123,-12.6078610695309,-2.468924685866937,0.0331638092711376,-0.015636634972360397,0.01371839337208739
2.016403280656131,-12.689524275654273,-2.5747400951653376,0.03290747676402203,-0.0156401516631369,0.011372864150293538
2.017403480696139,-12.765359151848953,-2.680021917464864,0.032647949145657704,-0.01564310336274452,0.009032922269831564
2.018403680736147,-12.835323448039023,-2.7847486180624395,0.03238533585683597,-0.015645475592689483,0.00669979261009649
2.019403880776155,-12.899377604892754,-2.888898799483897,0.03211974747371716,-0.01564725500640042,0.004374704842752514
2.020404080816163,-12.95748477660252,-2.9924512056819026,0.03185129565280646,-0.01564842941137335,0.0020588928410058935
2.021404280856171,-13.009610852423279,-3.0953847261964267,0.031580093075297425,-0.015648987789207643,-0.00024640591542091387
2.022404480896179,-13.055724476957645,-3.197678400275072,0.031306253390835544,-0.01564892031348815,-0.0025399509393353135
2.023404680936187,-13.095797069175124,-3.299311420954126,0.03102989116075552,-0.015648218365472755,-0.0048204993388601715
2.024404880976195,-13.129802840153806,-3.4002631390988487,0.03075112180084653,-0.01564687454754874,-0.007086806423675193
2.025405081016203,-13.157718809533899,-3.5005130674020086,0.030470061523700506,-0.015644882694425613,-0.009337626314427964
2.026405281056211,-13.179524820672464,-3.6000408843407676,0.030186827280698953,-0.015642237882036388,-0.011571712555026321
2.027405481096219,-13.195203554489751,-3.6988264380905465,0.029901536703694227,-0.015638936434123705,-0.013787818727521217
2.028405681136227,-13.204740541997793,-3.7968497503951864,0.029614308046441346,-0.015634975926491598,-0.01598469906928735
2.029405881176235,-13.208124175502912,-3.894091020393416,0.029325260125836517,-0.015630355188908273,-0.018161109092206827
2.030406081216243,-13.20534571847399,-3.9905306283998714,0.029034512263018408,-0.01562507430464977,-0.02031580620355919
2.0314062812562512,-13.196399314069348,-4.086149139641231,0.028742184224387984,-0.015619134607678968,-0.022447550328319656
2.0324064812962592,-13.181281992315443,-4.1809273079455105,0.02844839616260227,-0.015612538677458997,-0.024555104532565653
2.0334066813362672,-13.159993675931354,-4.274846079385004,0.028153268557596842,-0.015605290331404698,-0.02663723564769057
2.0344068813762752,-13.132537184793636,-4.367886595871915,0.027856922157691134,-0.015597394614980399,-0.02869271489512221
2.0354070814162832,-13.098918239036754,-4.460030198705472,0.02755947792082975,-0.01558885778945686,-0.0307203185112423
2.0364072814562912,-13.059145460784974,-4.551258432070725,0.02726105695601201,-0.015579687317344798,-0.032718828372202684
2.0374074814962992,-13.013230374512133,-4.641553046488256,0.02696178046496067,-0.015569891845526955,-0.03468703261833276
2.0384076815363072,-12.961187406026513,-4.730896002213699,0.026661769684079597,-0.015559481186115158,-0.03662372627783209
2.0394078815763153,-12.903033880078748,-4.8192694725873055,0.026361145826748686,-0.015548466295063285,-0.038527711889441735
2.0404080816163233,-12.838790016590954,-4.906655847332251,0.026060030026002653,-0.015536859248571414,-0.04039780012378731
2.0414082816563313,-12.768478925506434,-4.993037735801988,0.025758543277638827,-0.015524673217320768,-0.042232810403086685
2.0424084816963393,-12.692126600259604,-5.078397970174882,0.025456806383797128,-0.015511922438583315,-0.044031571518914965
2.0434086817363473,-12.609761909866773,-5.162719608597158,0.02515493989705355,-0.015498622186253997,-0.04579292224771978
2.0444088817763553,-12.52141658963865,-5.245985938272435,0.024853064065066495,-0.015484788738857695,-0.04751571196377978
2.0454090818163633,-12.427125230516516,-5.328180478497877,0.02455129877581315,-0.0154704393455869,-0.049198801249299824
2.0464092818563713,-12.326925267034538,-5.409286983646286,0.02424976350345098,-0.015455592190429995,-0.05084106250133686
2.0474094818963793,-12.22085696391104,-5.489289446094118,0.023948577254837112,-0.01544026635445371,-0.05244138053525113
2.0484096819363873,-12.108963401272938,-5.568172099094367,0.02364785851673608,-0.015424481776306974,-0.05399865318437807
2.0494098819763953,-11.991290458517504,-5.645919419594119,0.023347725203744035,-0.015408259211016814,-0.055511791895617404
2.0504100820164033,-11.867886796816602,-5.72251613099672,0.023048294606955146,-0.015391620187150318,-0.05697972232063707
2.0514102820564113,-11.738803840269027,-5.797947205867577,0.022749683343393348,-0.01537458696241985,-0.05840138490239068
2.0524104820964193,-11.604095755707876,-5.872197868583275,0.022452007306230294,-0.015357182477811765,-0.059775735456648806
2.0534106821364273,-11.463819431169474,-5.945253597924404,0.02215538161580773,-0.01533943031032176,-0.06110174574824615
2.0544108821764353,-11.318034453031716,-6.017100129610321,0.021859920571480104,-0.015321354624382711,-0.06237840406174785
2.0554110822164433,-11.166803081830773,-6.087723458776963,0.02156573760429071,-0.015302980122073432,-0.06360471576624063
2.0564112822564513,-11.010190226764218,-6.15710984239619,0.0212729452304922,-0.015284331992199217,-0.06477970387395626
2.0574114822964593,-10.848263418891523,-6.225245801637307,0.020981655005919905,-0.015265435858337215,-0.06590240959243679
2.0584116823364673,-10.681092783041272,-6.2921181241692965,0.02069197748122392,-0.015246317725941774,-0.06697189286995381
2.0594118823764753,-10.50875100843652,-6.357713866404891,0.02040402215796365,-0.015227003928606809,-0.06798723293389618
2.0604120824164833,-10.33131331804995,-6.422020355684757,0.02011789744556622,-0.015207521073583889,-0.06894752882184299
2.0614122824564913,-10.148857436701007,-6.485025192402611,0.019833710619147814,-0.015187895986656362,-0.06985189990504206
2.0624124824964993,-9.961463557908381,-6.546716252070319,0.01955156777819509,-0.015168155656471104,-0.07069948640401633
2.0634126825365073,-9.769214309510442,-6.607081687323138,0.01927157380610151,-0.015148327178430704,-0.07148944989602421
2.0644128825765153,-9.572194718068687,-6.666109929864525,0.018993832330551668,-0.015128437698249881,-0.07222097381410285
2.0654130826165233,-9.37049217206878,-6.723789692350539,0.018718445684744806,-0.015108514355280715,-0.07289326393742644
2.0664132826565313,-9.164196383934463,-6.780109970213652,0.018445514869446858,-0.015088584225711915,-0.07350554887271568
2.0674134826965394,-8.95339935086981,-6.835060043425455,0.018175139515858914,-0.015068674265747798,-0.07405708052643764
2.0684136827365474,-8.73819531454825,-6.888629478198292,0.017907417849288423,-0.015048811254872889,-0.07454713456753911
2.0694138827765554,-8.518680719662616,-6.940808128625829,0.01764244665360808,-0.015029021739308167,-0.07497501088046088
2.0704140828165634,-8.29495417135725,-6.991586138261961,0.017380321236486238,-0.015009331975764833,-0.07534003400818337
2.0714142828565714,-8.067116391558216,-7.040953941638224,0.01712113539537149,-0.014989767875601257,-0.07564155358505956
2.0724144828965794,-7.835270174221045,-7.088902265719529,0.016864981384213287,-0.01497035494948825,-0.07587894475919425
2.0734146829365874,-7.599520339516811,-7.135422131298011,0.016611949880899587,-0.014951118252687188,-0.07605160860413367
2.0744148829765954,-7.3599736869742864,-7.180504854324901,0.01636212995539205,-0.014932082331044738,-0.07615897251963404
2.0754150830166034,-7.1167389476010845,-7.224142047180488,0.01611560903853875,-0.014913271167806885,-0.07620049062128212
2.0764152830566114,-6.869926735003252,-7.266325619881764,0.015872472891544216,-0.014894708131353893,-0.07617564411874556
2.0774154830966194,-6.619649495525916,-7.307047781228017,0.015632805576076388,-0.01487641592395641,-0.07608394168243605
2.0784156831366274,-6.366021457436638,-7.3463010398841515,0.015396689424990284,-0.014858416531651536,-0.07592491979837304
2.0794158831766354,-6.109158579174858,-7.384078205401534,0.015164205013648274,-0.014840731175335947,-0.07569814311104091
2.0804160832166434,-5.849178496689513,-7.420372389176833,0.014935431131817322,-0.014823380263171365,-0.07540320475403817
2.0814162832566514,-5.586200469889534,-7.4551770053481805,0.01471044475612412,-0.014806383344395739,-0.07503972666832191
2.0824164832966594,-5.320345328230742,-7.488485771629126,0.014489321023049725,-0.014789759064631274,-0.07460735990785694
2.0834166833366674,-5.051735415464446,-7.520292710080222,0.014272133202446236,-0.01477352512277825,-0.074105784932484
2.0844168833766754,-4.780494533572142,-7.550592147818322,0.014058952671559035,-0.014757698229581074,-0.07353471188782788
2.0854170834166834,-4.506747885911538,-7.579378717663388,0.01384984888953935,-0.01474229406795043,-0.07289388087207119
2.0864172834566914,-4.230622019601674,-7.606647358723267,0.013644889372433223,-0.014727327255122677,-0.07218306218942606
2.0874174834966994,-3.9522447671710093,-7.632393316916073,0.013444139668634414,-0.014712811306734744,-0.07140205659014202
2.0884176835367074,-3.6717451874971405,-7.656612145430562,0.013247663334790414,-0.014698758602889758,-0.0705506954968939
2.0894178835767154,-3.389253506064642,-7.6792997051243415,0.01305552191215246,-0.014685180356285485,-0.06962884121740033
2.0904180836167234,-3.104901054568871,-7.700452164860163,0.012867774903362291,-0.014672086582474382,-0.06863638714312949
2.0914182836567314,-2.8188202098929427,-7.720066001780345,0.012684479749670373,-0.014659486072320628,-0.06757325793395497
2.0924184836967394,-2.531144332487393,-7.738138001519436,0.012505691808582358,-0.01464738636671595,-0.06643940968863127
2.0934186837367474,-2.2420077041800766,-7.754665258355286,0.012331464331932721,-0.014635793733612412,-0.06523483010096483
2.0944188837767554,-1.9515454654459272,-7.769645175298568,0.012161848444386742,-0.014624713147426516,-0.0639595386015632
2.0954190838167635,-1.6598935521656217,-7.783075464121052,0.011996893122374336,-0.014614148270865088,-0.06261358648505153
2.0964192838567715,-1.3671886319034343,-7.794954145322674,0.01183664517346157,-0.014604101439219358,-0.061197057022652344
2.0974194838967795,-1.073568039732364,-7.805279548037615,0.011681149216168148,-0.014594573647169583,-0.059710065560031556
2.0984196839367875,-0.7791697136391194,-7.814050309879582,0.011530447660241614,-0.014585564538138272,-0.05815275960032003
2.0994198839767955,-0.48413212953788987,-7.82126537672649,0.01138458068740148,-0.01457707239622578,-0.056525318872227635
2.1004200840168035,-0.18859423592388128,-7.82692400244474,0.011243586232568981,-0.01456909414075759,-0.054827955383173275
2.1014202840568115,0.10730461180224558,-7.831025748553346,0.011107499965600698,-0.014561625323468148,-0.05306091345736152
2.1024204840968195,0.40342471730797175,-7.833570483828094,0.010976355273546711,-0.014554660128341416,-0.051224469758743625
2.1034206841368275,0.6996261095693814,-7.834558383846026,0.010850183243456449,-0.014548191374123776,-0.04931893329880792
2.1044208841768355,0.9957686093462518,-7.833989930470469,0.010729012645757817,-0.014542210519520038,-0.04734464542915151
2.1054210842168435,1.2917118958610068,-7.831865911276898,0.010612869918237525,-0.014536707671078605,-0.045301979818792915
2.1064212842568515,1.5873155736490623,-7.8281874189198986,0.010501779150652878,-0.014531671593766903,-0.04319134241619206
2.1074214842968595,1.8824392395484233,-7.822955850441498,0.010395762070007504,-0.014527089724233305,-0.04101317139595165
2.1084216843368675,2.1769425497967507,-7.816172906521224,0.010294838026525631,-0.014522948186746794,-0.038767937090181254
2.1094218843768755,2.4706852872032345,-7.807840590668114,0.010199023980361563,-0.014519231811800613,-0.03645614190451275
2.1104220844168835,2.7635274283631697,-7.797961208355053,0.010108334489082943,-0.014515924157361105,-0.03407832021876317
2.1114222844568915,3.0553292108829684,-7.786537366095784,0.010022781695968165,-0.014513007532737892,-0.03163503827224856
2.1124224844968995,3.3459512005822036,-7.7735719704648485,0.009942375319159976,-0.014510463025046483,-0.029126894033759513
2.1134226845369075,3.635254358641262,-7.759068227060891,0.0098671226417188,-0.014508270528229299,-0.026554517056217062
2.1144228845769155,3.923100108660731,-7.74302963941364,0.0097970285026207,-0.014506408774596045,-0.02391856831603451
2.1154230846169235,4.209350403601588,-7.725460007834983,0.009732095288746016,-0.01450485536883931,-0.02121974003721868
2.1164232846569315,4.493867792570936,-7.706363428214439,0.009672322927905817,-0.014503586824476215,-0.018458755500251122
2.1174234846969395,4.776515487424347,-7.685744290759475,0.009617708882953983,-0.014502578602661955,-0.0156363688357978
2.1184236847369475,5.057157429147892,-7.663607278681049,0.009568248147033515,-0.014501805153316087,-0.01275336480330252
2.1194238847769555,5.335658353991063,-7.639957366824835,0.009523933240005927,-0.014501239958497546,-0.009810558554527697
2.1204240848169635,5.611883859315975,-7.6147998202484155,0.009484754206112883,-0.014500855577959517,-0.006808795382112659
2.1214242848569715,5.885700469130892,-7.588140192745,0.009450698612919207,-0.014500623696810521,-0.003748950453227628
2.1224244848969795,6.156975699275761,-7.559984325314102,0.00942175155158612,-0.014500515175203406,-0.000631928528408778
2.1234246849369875,6.425578122228149,-7.530338344579466,0.009397895638523137,-0.014500500099969364,0.0025413363343328613
2.1244248849769956,6.691377431496508,-7.499208661154927,0.009379111018466389,-0.014500547838109612,0.005769881090028626
2.1254250850170036,6.954244505569358,-7.466601967958458,0.009365375369030128,-0.014500627092053051,0.009052714031788065
2.1264252850570116,7.21405147138843,-7.43252523847504,0.009356663906777129,-0.014500705956583997,0.012388815130238685
2.1274254850970196,7.470671767314471,-7.3969857249686335,0.009352949394852221,-0.014500751977340022,0.01577713638724763
2.1284256851370276,7.72398020555403,-7.359990956644044,0.009354202152221639,-0.014500732210776033,0.019216602203796156
2.1294258851770356,7.973853034015124,-7.321548737758798,0.009360390064558967,-0.01450061328548699,0.022706109761870596
2.1304260852170436,8.220167997563665,-7.2816671456858995,0.009371478596816422,-0.014500361464778117,0.026244529420226176
2.1314262852570516,8.462804398645183,-7.24035452892773,0.009387430807517907,-0.014499942710368061,0.029830705123873615
2.1324264852970596,8.701643157246782,-7.197619505081672,0.009408207364807707,-0.01449932274710738,0.03346345482713046
2.1334266853370676,8.936566870163997,-7.153470958758007,0.009433766564286026,-0.014498467128591703,0.03714157093007328
2.1344268853770756,9.167459869546706,-7.107918039450664,0.009464064348659573,-0.01449734130354626,0.04086382072821896
2.1354270854170836,9.394208280691215,-7.060970159361382,0.009499054329232284,-0.014495910682855991,0.04462894687525729
2.1364272854570916,9.616700079052094,-7.012636991177469,0.009538687809257916,-0.014494140707113176,0.04843566785864982
2.1374274854970996,9.834825146441734,-6.962928465804428,0.009582913809172776,-0.014491996914552595,0.052282678487903606
2.1384276855371076,10.048475326391582,-6.911854770053278,0.009631679093723108,-0.014489445009242504,0.05616865039532162
2.1394278855771156,10.257544478645404,-6.859426344283587,0.00968492820099787,-0.014486450929398249,0.060092232549025335
2.1404280856171236,10.46192853275648,-6.805653880002663,0.009742603473373634,-0.014482980915684222,0.0640520517780384
2.1414282856571316,10.661525540761994,-6.750548317421468,0.009804645090374195,-0.01447900157936897,0.06804671330921411
2.1424284856971396,10.856235728906986,-6.694120842967915,0.009870991103443276,-0.014474479970197683,0.07207480131578303
2.1434286857371476,11.045961548391213,-6.636382886758,0.009941577472624367,-0.01446938364384605,0.07613487947729117
2.1444288857771556,11.230607725112236,-6.5773461200255845,0.010016338105137293,-0.014463680728819454,0.08022549155069275
2.1454290858171636,11.410081308380102,-6.517022452511174,0.010095204895836608,-0.014457339992661836,0.08434516195235599
2.1464292858571716,11.584291718576514,-6.455424029810628,0.010178107769532395,-0.014450330907339218,0.08849239635073433
2.1474294858971796,11.753150793735019,-6.392563230684158,0.010264974725149398,-0.014442623713663807,0.09266568226944981
2.1484296859371876,11.916572835016916,-6.328452664326268,0.010355731881695853,-0.014434189484625886,0.09686348970052959
2.1494298859771956,12.07447465105958,-6.263105167597413,0.010450303526008736,-0.014425000187502321,0.10108427172753139
2.1504300860172036,12.226775601173083,-6.196533802217822,0.010548612162237563,-0.014415028744612349,0.10532646515828788
2.1514302860572116,12.373397637362794,-6.128751851924481,0.010650578563024307,-0.014404249092593593,0.10958849116699501
2.1524304860972197,12.514265345155389,-6.059772819591281,0.010756121822332472,-0.014392636240073734,0.11386875594536408
2.1534306861372277,12.649305983206332,-5.989610424313725,0.010865159409873915,-0.014380166323616099,0.1181656513625522
2.1544308861772357,12.778449521667914,-5.91827859845832,0.010977607227077692,-0.014366816661820589,0.12247755563358112
2.1554310862172437,12.901628679296817,-5.84579148467745,0.01109337966454088,-0.014352565807464728,0.12680283399594947
2.1564312862572517,13.018778959281235,-5.772163432890654,0.011212389660897278,-0.014337393597573389,0.1311398393941388
2.1574314862972597,13.129838683768346,-5.697408997232428,0.01133454876303584,-0.014321281201309682,0.1354869131717096
2.1584316863372677,13.234749027072434,-5.621542932967944,0.011459767187596904,-0.014304211165583803,0.13984238577067856
2.1594318863772757,13.333454047546612,-5.544580193376591,0.011587953883670623,-0.014286167458281084,0.14420457743786488
2.1604320864172837,13.425900718099381,-5.466535926604644,0.011719016596618514,-0.014267135509015337,0.14857179893788863
2.1614322864572917,13.512038955339523,-5.387425472487505,0.011852861932935853,-0.014247102247318495,0.15294235227250072
2.1624324864972992,13.591821647332875,-5.307264359342101,0.011989395426069452,-0.014226056138182853,0.1573145314059181
2.1634326865373072,13.665204679955542,-5.226068300730105,0.01212852160310306,-0.014203987214877561,0.16168662299584802
2.1644328865773153,13.732146961827908,-5.143853192193249,0.012270144052218789,-0.01418088710896682,0.16605690712984023
2.1654330866173233,13.792610447815674,-5.060635107960481,0.012414165490842732,-0.01415674907746276,0.17042365806667195
2.1664332866573313,13.846560161083824,-4.976430297628377,0.012560487834378898,-0.014131568027052253,0.1747851449823979
2.1674334866973393,13.893964213690802,-4.891255182815422,0.012709012265435016,-0.014105340535342854,0.17913963272073613
2.1684336867373473,13.934793825710493,-4.805126353790571,0.012859639303441958,-0.01407806486907937,0.18348538254744443
2.1694338867773553,13.969023342870237,-4.718060566076931,0.013012268874567383,-0.014049740999288953,0.18782065290834
2.1704340868173633,13.996630252694425,-4.630074737031389,0.013166800381823371,-0.014020370613319039,0.19214370019061416
2.1714342868573713,14.017595199143003,-4.541185942400973,0.01332313277526728,-0.01398995712373903,0.19645277948709033
2.1724344868973793,14.031901995735854,-4.451411412856224,0.013481164622194779,-0.013958505674083231,0.20074614536307162
2.1734346869373873,14.039537637154128,-4.360768530502922,0.013640794177224119,-0.01392602314141917,0.20502205262542295
2.1744348869773953,14.040492309310661,-4.269274825371976,0.013801919452171128,-0.013892518135732144,0.20927875709352978
2.1754350870174033,14.034759397882183,-4.176947971889571,0.013964438285615041,-0.01385800099612348,0.21351451637177463
2.1764352870574113,14.022335495296916,-4.0838057853268745,0.014128248412056385,-0.013822483783826705,0.21772759062317076
2.1774354870974193,14.003220406171726,-3.9898662182307003,0.014293247530569424,-0.013785980272052412,0.22191624334379115
2.1784356871374273,13.977417151194013,-3.89514735683621,0.014459333372853345,-0.013748505932679221,0.2260787421376294
2.1794358871774353,13.944931969444037,-3.7996674174615506,0.014626403770588272,-0.013710077919814765,0.23021335949152896
2.1804360872174433,13.905774319154162,-3.7034447428856043,0.014794356722004487,-0.013670715050257022,0.23431837354981538
2.1814362872574513,13.859956876902528,-3.606497798709737,0.014963090457575741,-0.013630437780892702,0.23839206888826642
2.1824364872974593,13.807495535239095,-3.5088451697040397,0.015132503504750342,-0.013589268183075565,0.24243273728705378
2.1834366873374673,13.748409398743004,-3.4105055561387188,0.015302494751636817,-0.013547229914033669,0.24643867850229048
2.1844368873774753,13.682720778510799,-3.311497770101486,0.015472963509564253,-0.013504348185360442,0.25040820103581746
2.1854370874174833,13.610455185076129,-3.2118407318017033,0.015643809574441055,-0.013460649728650263,0.2543396229028631
2.1864372874574913,13.53164131976177,-3.1115534658621384,0.015814933286839614,-0.013416162758344844,0.25823127239720994
2.1874374874974993,13.44631106446632,-3.0106550975985873,0.01598623559073848,-0.01337091693186205,0.26208148885350263
2.1884376875375073,13.35449946988815,-2.9091648492884947,0.016157618090857834,-0.013324943307084069,0.26588862340633296
2.1894378875775153,13.256244742189946,-2.8071020364295287,0.01632898310852852,-0.01327827429728678,0.26965103974573695
2.1904380876175233,13.151588228108599,-2.7044860639878316,0.016500233736039455,-0.013230943623596928,0.2733671148687416
2.1914382876575313,13.040574398514911,-2.6013364226382536,0.01667127388941304,-0.01318298626506827,0.277035239826599
2.1924384876975394,12.923250830429637,-2.4976726849956083,0.016842008359563045,-0.01313443840647215,0.2806538204673476
2.1934386877375474,12.79966818750208,-2.393514501838785,0.017012342861794476,-0.013085337383901934,0.2842212781733409
2.1944388877775554,12.669880198958566,-2.288881598328397,0.017182184083610046,-0.01303572162829463,0.28773605059338675
2.1954390878175634,12.533943637029207,-2.183793770217771,0.017351439730793,-0.012985630606976424,0.29119659236914164
2.1964392878575714,12.391918292862039,-2.078270880059293,0.01752001857174137,-0.01293510476334221,0.29460137585540624
2.1974394878975794,12.243866950933773,-1.9723328534058628,0.017687830480033993,-0.012884185454782138,0.29794889183397155
2.1984396879375874,12.089855361967837,-1.8659996750085033,0.01785478647521386,-0.01283291488897094,0.30123765022066623
2.1994398879775954,11.929952214371044,-1.759291385010938,0.01802079876177979,-0.012781336058638229,0.3044661807652595
2.2004400880176034,11.764229104201055,-1.6522280751415424,0.018185780766382637,-0.012729492674940166,0.3076330337438756
2.2014402880576114,11.592760503676312,-1.5448298849040847,0.018349647173227443,-0.012677429099554764,0.3107367806435797
2.2024404880976194,11.415623728243464,-1.437116997766759,0.018512313957688233,-0.012625190275624752,0.31377601483879786
2.2034406881376274,11.232898902215448,-1.3291096373516624,0.01867369841814718,-0.012572821657673289,0.31674935225923667
2.2044408881776354,11.044668922994935,-1.2208280636240831,0.0188337192060749,-0.012520369140618914,0.31965543204897207
2.2054410882176434,10.851019423899798,-1.1122925690834289,0.01899229635437351,-0.012467878988016953,0.32249291721638
2.2064412882576514,10.652038735606377,-1.0035234749555946,0.019149351304008886,-0.012415397759655201,0.32526049527458645
2.2074414882976594,10.447817846227275,-0.8945411273882037,0.0193048069289631,-0.012362972238632034,0.3279568788721162
2.2084416883376674,10.238450360042137,-0.785365893648689,0.019458587559542495,-0.012310649358045168,0.3305808064134267
2.2094418883776754,10.024032454899825,-0.6760181583267502,0.019610619004081075,-0.012258476127419182,0.33313104266901444
2.2104420884176834,9.804662838310552,-0.5665183195409764,0.019760828569083008,-0.01220649955899949,0.335606379374789
2.2114422884576914,9.580442702248599,-0.4568867851512865,0.01990914507785177,-0.012154766594039879,0.3380056358204111
2.2124424884976994,9.351475676685407,-0.34714396897673466,0.02005549888765717,-0.012103324029209904,0.3403276594262996
2.2134426885377074,9.117867781874883,-0.23731028702061419,0.02019982190549479,-0.012052218443247397,0.342571326309013
2.2144428885777154,8.87972737941256,-0.1274061537025133,0.02034204760249553,-0.012001496123980123,0.3447355418347198
2.2154430886177234,8.637165122090517,-0.017451978098453315,0.020482111027045828,-0.01195120299583922,0.3468192411604755
2.2164432886577314,8.390293902572136,0.092531839810164,0.020619948816681596,-0.011901384547985427,0.34882138976302884
2.2174434886977394,8.139228800909937,0.20252491287813112,0.020755499208821367,-0.011852085763167382,0.350740983954887
2.2184436887377474,7.884087030929996,0.3125068705285552,0.02088870205040602,-0.01180335104742929,0.35257705138737405
2.2194438887777554,7.624987885510241,0.4224573624735505,0.021019498806514252,-0.011755224160783216,0.3543286515404227
2.2204440888177635,7.362052680775207,0.5323560624241622,0.02114783256802431,-0.011707748148959012,0.35599487619884584
2.2214442888577715,7.095404699235445,0.6421826717878422,0.021273648058393716,-0.011660965276342496,0.3575748499148403
2.2224444888977795,6.825169131897519,0.7519169233536307,0.021396891639629344,-0.01161491696021005,0.3590677304564807
2.2234446889377875,6.551473019372146,0.8615385849640578,0.02151751131752087,-0.011569643706365136,0.36047270924196906
2.2244448889777955,6.274445192007267,0.9710274631729,0.0216354567462107,-0.011525185046279538,0.3617890117594105
2.2254450890178035,5.994216209075544,1.0803634068883883,0.021750679232173355,-0.011481579475839285,0.3630158979718936
2.2264452890578115,5.710918297044881,1.189526311001692,0.021863131737676837,-0.01143886439579229,0.36415266270765956
2.2274454890978195,5.424685286959814,1.2984961199988643,0.021972768883797855,-0.011397076053991689,0.36519863603515135
2.2284456891378275,5.13565255096599,1.4072528315569344,0.022079546953061534,-0.011356249489525818,0.36615318362274146
2.2294458891778355,4.843956938006103,1.5157765001230232,0.02218342389177511,-0.011316418478822515,0.36701570708294307
2.2304460892178435,4.549736708718199,1.6240472404751976,0.02228435931212327,-0.011277615483812222,0.3677856443009174
2.2314462892578515,4.2531314695683875,1.7320452312657535,0.022382314494091,-0.011239871602231034,0.3684624697470969
2.2324464892978595,3.9542821062487286,1.8397507185452104,0.022477252387277526,-0.01120321652014144,0.36904569477375043
2.2334466893378675,3.6533307163726074,1.9471440192671512,0.022569137612662413,-0.011167678466745087,0.3695348678953266
2.2344468893778755,3.3504205415000197,2.0542055247729256,0.022657936464382328,-0.01113328417155836,0.369929575052415
2.2354470894178835,3.0456958985250844,2.1609157042557516,0.02274361691157372,-0.01110005882401807,0.3702294398591772
2.2364472894578915,2.7393021104593243,2.2672551082035257,0.022826148600333676,-0.01106802603558091,0.3704341238341025
2.2374474894978995,2.4313854366447583,2.37320437182011,0.0229055028558476,-0.011037207804376704,0.3705433266139557
2.2384476895379075,2.122093002428422,2.47874421842419,0.02298165268472882,-0.011007624482471801,0.3705567861507885
2.2394478895779155,1.8115727283353054,2.5838554628251518,0.023054572777611256,-0.010979294745795202,0.37047427889189555
2.2404480896179235,1.4999732587722354,2.6885190146759164,0.023124239512032296,-0.010952235566776285,0.3702956199426046
2.2414482896579315,1.1874438902975688,2.792715881801155,0.023190630955638867,-0.010926462189739122,0.3700206632117978
2.2424484896979395,0.8741344994924707,2.896427173501634,0.023253726869745136,-0.010901988109094575,0.36964930154006803
2.2434486897379475,0.560195470468265,2.9996341038331464,0.023313508713266026,-0.01087882505036744,0.36918146681042613
2.2444488897779555,0.24577762204517897,3.102317994860075,0.023369959647045916,-0.010856982954091958,0.3686171300414777
2.2454490898179635,-0.06896786536085399,3.204460279882704,0.023423064538597226,-0.01083646996260509,0.3679563014630021
2.2464492898579715,-0.38388952310913443,3.306042506637815,0.023472809967258867,-0.010817292409762855,0.36719903057387
2.2474494898979795,-0.6988356679249278,3.4070463404726867,0.02351918422977953,-0.01079945481360104,0.3663454061822475
2.2484496899379876,-1.0136544756758619,3.5074535674905345,0.023562177346325996,-0.010782959871957466,0.3653955564280414
2.2494498899779956,-1.3281940552958411,3.6072460976692358,0.023601781066911617,-0.010767808461068814,0.3643496487875496
2.2504500900180036,-1.6423025228213735,3.7064059679496806,0.023637988878235247,-0.0107539996371509,0.3632078900602884
2.2514502900580116,-1.955828075502757,3.804915345296696,0.02367079601091589,-0.010741530640966985,0.3619705263379779
2.2524504900980196,-2.2686190659550314,3.9027565297293205,0.023700199447103495,-0.010730396905384468,0.36063784295567436
2.2534506901380276,-2.580524076309453,3.9999119573215505,0.02372619792844138,-0.010720592065915998,0.35921016442504805
2.2544508901780356,-2.891391992331723,4.0963642031722465,0.023748791964351118,-0.010712107974236646,0.3576878543498122
2.2554510902180436,-3.201072077467847,4.192095984344686,0.023767983840605838,-0.01070493471466442,0.3560713153233189
2.2564512902580516,-3.5094140467824646,4.287090162773817,0.023783777628153476,-0.010699060623586904,0.354360988808345
2.2574514902980596,-3.816268140751285,4.3813297481426225,0.02379617919214691,-0.010694472311812376,0.35255735499910074
2.2584516903380676,-4.121485198872761,4.474797900725322,0.02380519620113367,-0.010691154689819203,0.3506609326655021
2.2594518903780756,-4.424916733060409,4.567477934198796,0.023810838136353693,-0.010689090995872742,0.34867227897975583
2.2604520904180836,-4.7264150007808325,4.6593533184199805,0.0238131163010897,-0.010688262826974432,0.346591989325316
2.2614522904580916,-5.025833077899467,4.750407682170539,0.023812043830010857,-0.010688650172603092,0.3444206970882779
2.2624524904980996,-5.323024931198525,4.840624815866933,0.023807635698446922,-0.01069023145120382,0.3421590734312854
2.2634526905381076,-5.617845490530353,4.929988674236493,0.023799908731526705,-0.010692983549375238,0.3398078270500348
2.2644528905781156,-5.910150720570028,5.018483378958811,0.023788881613111514,-0.010696881863701109,0.337367703912468
2.2654530906181236,-6.199797692131416,5.106093221271889,0.023774574894451516,-0.010701900345167716,0.3348394869807553
2.2664532906581316,-6.486644653010901,5.192802664542938,0.023757011002490277,-0.010708011546103666,0.33222399591617696
2.2674534906981396,-6.770551098321881,5.278596346803009,0.02373621424774054,-0.010715186669574113,0.32952208676702177
2.2684536907381476,-7.05137784028616,5.363459083245879,0.02371221083165225,-0.010723395621156744,0.3267346516396273
2.2694538907781556,-7.3289870774469605,5.447375868690088,0.023685028853392222,-0.010732607063022202,0.3238626183526972
2.2704540908181636,-7.603242463266075,5.5303318800039465,0.023654698315953373,-0.010742788470237023,0.32090695007503717
2.2714542908581716,-7.8740091740743745,5.612312478493781,0.023621251131510573,-0.01075390618920259,0.3178686449468606
2.2724544908981796,-8.141153976337552,5.693303212254033,0.023584721125939276,-0.010765925498139118,0.31474873568482237
2.2734546909381876,-8.404545293205242,5.773289818479863,0.02354514404241287,-0.010778810669519176,0.3115482891709474
2.2744548909781956,-8.66405327030875,5.852258225741392,0.023502557543994603,-0.010792525034350952,0.30826840602562927
2.2754550910182036,-8.919549840774181,5.930194556219331,0.023457001215140272,-0.01080703104820712,0.3049102201648809
2.2764552910582116,-9.170908789417712,6.007085127902067,0.023408516562028532,-0.010822290358891044,0.301474898342028
2.2774554910982197,-9.418005816089758,6.082916456743423,0.023357147011636766,-0.010838263875627925,0.29796363967404355
2.2784556911382277,-9.660718598137134,6.157675258781029,0.02330293790948177,-0.010854911839664635,0.2943776751527289
2.2794558911782357,-9.89892685194936,6.231348452215142,0.023245936515946256,-0.01087219389615811,0.290718267140955
2.2804560912182437,-10.132512393558653,6.303923159447453,0.023186192001114308,-0.010890069167228617,0.28698670885418476
2.2814562912582517,-10.36135919826241,6.375386709079748,0.023123755438041266,-0.010908496326050678,0.2831843238275045
2.2824564912982597,-10.585353459237359,6.445726637872111,0.023058679794386326,-0.010927433671851203,0.2793124653684002
2.2834566913382677,-10.80438364511459,6.514930692660323,0.022991019922339213,-0.010946839205681291,0.2753725159955207
2.2844568913782757,-11.01834055648743,6.582986832232653,0.02292083254677569,-0.010966670706825285,0.27136588686367835
2.2854570914182837,-11.227117381320346,6.649883229165017,0.02284817625158038,-0.010986885809708065,0.26729401717534285
2.2864572914582917,-11.430609749233088,6.7156082716153795,0.02277311146407943,-0.01100744208115914,0.2631583735788922
2.2874574914982997,-11.628715784630014,6.780150565075902,0.02269570043752979,-0.011028297097889998,0.25896044955389097
2.2884576915383077,-11.821336158646611,6.8434989340838275,0.0226160072316165,-0.011049408524039295,0.2547017647836716
2.2894578915783157,-12.008374139888598,6.9056424238902,0.022534097690914242,-0.011070734188638885,0.2503838645155035
2.2904580916183237,-12.189735643934084,6.966570302086327,0.022450039421274378,-0.011092232162852432,0.24600831890863734
2.2914582916583317,-12.36532928157526,7.026272060187953,0.022363901764104147,-0.011113860836837339,0.24157672237052227
2.2924584916983397,-12.535066405773138,7.084737415176955,0.02227575576851007,-0.011135578996080097,0.23709069288149556
2.2934586917383477,-12.698861157300724,7.141956311000465,0.02218567416128335,-0.011157345897054822,0.23255187130825367
2.2944588917783557,-12.856630509051392,7.197918920026746,0.022093731314710943,-0.011179121342054735,0.22796192070641735
2.2954590918183637,-13.008294308988058,7.252615644458605,0.022000003212201896,-0.011200865753046744,0.22332252561250973
2.2964592918583717,-13.15377532171104,7.306037117703147,0.02190456741172472,-0.011222540244399913,0.2186353913256715
2.2974594918983797,-13.292999268622253,7.3581742056987505,0.02180750300705777,-0.011244106694339763,0.21390224317944304
2.2984596919383877,-13.42589486666494,7.409018008198325,0.021708890586860853,-0.011265527814981677,0.2091248258039481
2.2994598919783957,-13.552393865617033,7.458559860009202,0.02160881219158268,-0.011286767220798554,0.2043049023788185
2.3004600920184037,-13.672431083919744,7.506791332189329,0.021507351268225082,-0.011307789495379979,0.1994442538772046
2.3014602920584117,-13.785944443020638,7.553704233199912,0.021404592622991322,-0.011328560256342698,0.19454467830122063
2.3024604920984197,-13.892875000213744,7.59929061001407,0.021300622371852086,-0.011349046218255133,0.18960798990917827
2.3034606921384277,-13.993166979958138,7.643542749181702,0.02119552788906914,-0.011369215253441867,0.18463601843496677
2.3044608921784357,-14.086767803658523,7.686453177850344,0.021089397753722736,-0.011389036450537748,0.17963060829994143
2.3054610922184438,-14.173628117891074,7.728014664742059,0.020982321694294998,-0.011408480170665173,0.17459361781768645
2.3064612922584518,-14.253701821059314,7.768220221086115,0.02087439053136754,-0.011427518101112501,0.16952691839202222
2.3074614922984598,-14.326946088464837,7.807063101507683,0.02076569611849731,-0.011446123306396229,0.16443239370863014
2.3084616923384678,-14.393321395779507,7.844536804872136,0.020656331281340392,-0.011464270276594572,0.15931193892067208
2.3094618923784758,-14.45279154090534,7.880635075085291,0.020546389755098926,-0.011481934972845472,0.1541674598287846
2.3104620924184838,-14.505323664210064,7.91535190184928,0.020435966120371515,-0.011499094869907687,0.14900087205583082
2.3114622924584918,-14.550888267126695,7.94868152137424,0.020325155737492558,-0.011515728995689629,0.14381410021679622
2.3124624924984998,-14.589459229106016,7.980618417045527,0.020214054679450606,-0.011531817967656828,0.1386090770842171
2.313462692538508,-14.62101382291261,8.01115732004688,0.02010275966348034,-0.011547344026035456,0.1333877427495328
2.314462892578516,-14.645532728254715,8.040293209939085,0.019991367981426922,-0.011562291063736128,0.1281520437807552
2.315463092618524,-14.66300004373996,8.068021315194382,0.01987997742898526,-0.011576644652929182,0.12290393237685135
2.316463292658532,-14.673403297149374,8.094337113686677,0.019768686233920325,-0.01159039206820992,0.1176453655192365
2.31746349269854,-14.676733454023045,8.119236333137367,0.01965759298337767,-0.011603522306299692,0.11237830412077704
2.318463692738548,-14.672984924551654,8.14271495151714,0.019546796550396234,-0.011616026102236315,0.10710471217270405
2.319463892778556,-14.662155568768911,8.164769197403322,0.019436396019737852,-0.011627895942015107,0.10182655588983971
2.320464092818564,-14.644246700040858,8.185395550293393,0.01932649061314993,-0.011639126071649686,0.09654580285453974
2.321464292858572,-14.619263086848763,8.204590740874163,0.019217179614179417,-0.011649712502629682,0.09126442115975612
2.32246449289858,-14.587212952863174,8.22235175124706,0.019108562292657446,-0.011659653013760646,0.0859843785516251
2.323464692938588,-14.548107975307733,8.23867581510947,0.01900073782897482,-0.011668947149379511,0.08070764157198598
2.324464892978596,-14.501963281612028,8.253560417892162,0.018893805238269015,-0.011677596213947235,0.07543617470123641
2.325465093018604,-14.448797444353525,8.267003296852916,0.01878786329464335,-0.01168560326302838,0.07017193950193026
2.326465293058612,-14.388632474490043,8.279002441126488,0.018683010455538617,-0.01169297309067562,0.06491689376352394
2.32746549309862,-14.321493812884148,8.28955609173095,0.018579344786376698,-0.011699712213245296,0.05967299064867673
2.328465693138628,-14.247410320122876,8.29866274153053,0.01847696388559446,-0.011705828849678216,0.05444217784151044
2.329465893178636,-14.166414264635767,8.306321135155093,0.018375964810184723,-0.011711332898287945,0.049226396698232686
2.330466093218644,-14.078541309116378,8.312530268876335,0.018276444001859016,-0.01171623591010666,0.04402758140052763
2.331466293258652,-13.983830495252063,8.317289390440834,0.01817849721394462,-0.011720551058846469,0.03884765811211652
2.33246649329866,-13.882324226768716,8.320597998860123,0.018082219439125587,-0.011724293107541648,0.03368854413888949
2.333466693338668,-13.774068250797312,8.322455844157874,0.017987704838134385,-0.011727478371944733,0.028552147093008327
2.334466893378676,-13.659111637570025,8.322862927074373,0.017895046669497452,-0.011730124680756567,0.02344036406137834
2.335467093418684,-13.537506758455311,8.321819498728454,0.017804337220434143,-0.011732251332777477,0.018355080778885712
2.336467293458692,-13.409309262340894,8.319326060236975,0.017715667739004553,-0.011733879051073487,0.013298170806794357
2.3374674934987,-13.27457805037543,8.315383362292144,0.017629128367597374,-0.011735029934258016,0.008271494716694371
2.338467693538708,-13.133375249080435,8.30999240469672,0.0175448080778443,-0.01173572740499572,0.003276899280391471
2.339467893578716,-12.985766181844,8.303154435857342,0.01746279460704267,-0.011735996155841128,-0.0016837833338757685
2.340468093618724,-12.831819338809835,8.294870952236227,0.017383174396162958,-0.011735862092530315,-0.006608736358506866
2.341468293658732,-12.671606345175267,8.28514369776128,0.017306032529512405,-0.011735352274849233,-0.011496159216517704
2.34246849369874,-12.505201927912468,8.273974663195018,0.017231452676120616,-0.01173449485520729,-0.016344268304048434
2.343468693738748,-12.332683880928942,8.261366085462294,0.017159517032907336,-0.011733319015049395,-0.021151297765026725
2.344468893778756,-12.154133028682855,8.247320446937232,0.01709030626968682,-0.011731854899244021,-0.025915500257615742
2.345469093818764,-11.969633188270743,8.231840474689504,0.017023899476057314,-0.011730133548588772,-0.03063514771208
2.346469293858772,-11.779271130005231,8.214929139690119,0.01696037411021824,-0.01172818683057847,-0.035308532079706245
2.34746949389878,-11.58313653650094,8.196589655977057,0.016899805949751632,-0.011726047368584028,-0.03993396607242073
2.348469693938788,-11.381321960288684,8.17682547978097,0.01684226904439823,-0.011723748469593133,-0.04450978389274842
2.349469893978796,-11.173922779977273,8.155640308611131,0.016787835670852732,-0.01172132405066627,-0.0490343419537645
2.350470094018804,-10.961037154984545,8.133038080301981,0.016736576289596423,-0.011718808564263607,-0.053506019588692895
2.351470294058812,-10.742765978858342,8.109022972020338,0.01668855950377958,-0.011716236922599977,-0.05792321974981181
2.35247049409882,-10.519212831210735,8.083599399233842,0.01664385202015997,-0.011713644421186465,-0.06228436969633088
2.353470694138828,-10.290483928287662,8.05677201464061,0.01660251861209793,-0.011711066661718058,-0.06658792167091027
2.354470894178836,-10.056688072198368,8.028545707060522,0.016564622084602753,-0.011708539474467304,-0.0708323535644969
2.355471094218844,-9.81793659882864,7.998925600288443,0.016530223241419523,-0.011706098840344164,-0.07501616956915907
2.356471294258852,-9.574343324463273,7.967917051909415,0.016499380854140003,-0.011703780812781985,-0.07913790081860612
2.35747149429886,-9.326024491143354,7.935525652076668,0.016472151633315956,-0.011701621439609051,-0.08319610601608557
2.358471694338868,-9.0730987107851,7.901757222251927,0.016448590201548187,-0.011699656685064206,-0.08718937204935673
2.359471894378876,-8.815686908087129,7.866617813909241,0.016428749068519655,-0.011697922352113862,-0.09111631459244535
2.360472094418884,-8.553912262253842,7.830113707201732,0.01641267860793648,-0.01169645400522613,-0.09497557869389066
2.361472294458892,-8.28790014756337,7.792251409592439,0.016400427036336176,-0.011695286893755931,-0.09876583935120233
2.3624724944989,-8.017778072809637,7.75303765444881,0.016392040393718416,-0.011694455876092755,-0.10248580207125177
2.363472694538908,-7.743675619646644,7.712479399601685,0.016387562525949723,-0.01169399534472029,-0.10613420341632887
2.364472894578916,-7.465724379866772,7.670583825868947,0.01638703506889,-0.011693939152334335,-0.10970981153560201
2.365473094618924,-7.1840578916426985,7.6273583355439625,0.016390497434185556,-0.011694320539162422,-0.11321142668172658
2.366473294658932,-6.898811574764718,7.582810550849665,0.016397986796670358,-0.011695172061625254,-0.11663788171235412
2.36747349469894,-6.610122664904665,7.536948312357879,0.01640953808331465,-0.011696525522476556,-0.11998804257630168
2.368473694738948,-6.318130146939563,7.489779677375042,0.016425183963657854,-0.01169841190255419,-0.12326080878414819
2.369473894778956,-6.022974687367274,7.4413129182940025,0.01644495484166067,-0.011700861294271357,-0.12645511386303265
2.370474094818964,-5.724798565846899,7.391556520912671,0.016468878848909796,-0.011703902836972606,-0.12956992579543603
2.371474294858972,-5.42374560589931,7.340519182719764,0.016496981839107396,-0.011707564654274954,-0.1326042474417369
2.37247449489898,-5.119961104799802,7.288209811147803,0.016529287383776545,-0.011711873793509903,-0.13555711694633885
2.373474694938988,-4.8135917626997,7.234637521794264,0.01656581676911339,-0.011716856167377452,-0.13842760812717514
2.374474894978996,-4.504785611009905,7.179811636610461,0.016606588993916482,-0.011722536497918348,-0.14121483084840508
2.375475095019004,-4.193691940083509,7.123741682059478,0.01665162076852394,-0.01172893826290584,-0.1439179313761235
2.376475295059012,-3.8804612262326703,7.066437387242705,0.016700926514689553,-0.011736083644753129,-0.14653609271691453
2.37747549509902,-3.5652450581148396,7.007908681995835,0.01675451836632967,-0.011743993482027449,-0.14906853493908798
2.378475695139028,-3.2481960625270636,6.948165694954564,0.016812406171073987,-0.011752687223656489,-0.15151451547644554
2.379475895179036,-2.929467829643392,6.887218751590348,0.016874597492554582,-0.011762182885907411,-0.15387332941443296
2.380476095219044,-2.6092148377329356,6.825078372216973,0.016941097613369493,-0.011772497012213301,-0.15614430975854224
2.381476295259052,-2.287592377396832,6.761755269967613,0.017011909538658984,-0.01178364463591635,-0.158326827684837
2.38247649529906,-1.9647564753609166,6.6972603487434705,0.017087034000235073,-0.011795639245991515,-0.16042029277248304
2.383476695339068,-1.6408638178617065,6.631604701134229,0.017166469461207402,-0.011808492755808765,-0.16242415321817455
2.384476895379076,-1.3160716736660993,6.564799606310475,0.017250212121051434,-0.011822215474986379,-0.1643378960323555
2.385477095419084,-0.9905378167599306,6.496856527888742,0.017338255921067903,-0.011836816084382126,-0.16616104721714486
2.386477295459092,-0.6644204487465935,6.427787111769589,0.01743059255018588,-0.011852301614263407,-0.1678931719258829
2.3874774954991,-0.33787812099332626,6.357603183949172,0.017527211451065193,-0.011868677425691787,-0.16953387460422503
2.388477695539108,-0.011069656563974182,6.286316748304353,0.01762809982645765,-0.011885947195151653,-0.17108279911271887
2.389477895579116,0.31584592802157585,6.2139399843525,0.01773324264579042,-0.011904112902446997,-0.1725396288308089
2.3904780956191236,0.6427095011639244,6.140485244985685,0.017842622651938752,-0.011923174821884699,-0.1739040867422222
2.3914782956591316,0.9693618946560371,6.06596505418015,0.017956220368159796,-0.011943131516757008,-0.1751759355017016
2.3924784956991396,1.2956439822113577,5.99039210468122,0.018074014105162458,-0.011963979837130177,-0.17635497748304904
2.3934786957391476,1.6213967580095332,5.9137792556645605,0.018195979968294203,-0.011985714920940834,-0.17744105480847314
2.3944788957791556,1.9464614152193862,5.836139530373485,0.018322091864828523,-0.012008330198395827,-0.17843404935922186
2.3954790958191636,2.270679424459949,5.757486113733502,0.018452321511342153,-0.012031817399665913,-0.17933388276750378
2.3964792958591716,2.5938926121616013,5.677832349944024,0.018586638441175286,-0.012056166565858093,-0.18014051638970646
2.3974794958991796,2.915943238784599,5.597191740048064,0.018725010011972618,-0.012081366063245955,-0.1808539512609297
2.3984796959391876,3.2366740768598365,5.515577939480023,0.01886740141330744,-0.012107402600731985,-0.18147422803086163
2.3994798959791956,3.55592848880894,5.43300475559236,0.01901377567439552,-0.012134261250510446,-0.18200142688103363
2.4004800960192036,3.8735505045074166,5.34948614516138,0.01916409367190981,-0.012161925471894132,-0.1824356674235002
2.4014802960592116,4.189384898549121,5.26503621187279,0.019318314137911446,-0.012190377138263068,-0.1827771085809986
2.4024804960992197,4.503277267175272,5.179669203787028,0.019476393667916595,-0.01221959656708805,-0.18302594844865244
2.4034806961392277,4.815074104828295,5.093399510785553,0.01963828672912292,-0.012249562552976804,-0.18318242413729222
2.4044808961792357,5.1246228802921925,5.006241661998141,0.01980394566882335,-0.012280252403685545,-0.18324681159847525
2.4054810962192437,5.431772112379705,4.9182103232113965,0.019973320723038725,-0.012311641979033693,-0.18321942543129624
2.4064812962592517,5.73637144513087,4.829320294259614,0.020146360025404448,-0.012343705732654659,-0.18310061867108895
2.4074814962992597,6.038271722481847,4.739586506397786,0.02032300961634991,-0.012376416756510827,-0.18289078256012783
2.4084816963392677,6.33732506236862,4.649024019658009,0.020503213452612596,-0.012409746828096079,-0.1825903463004483
2.4094818963792757,6.633384930226188,4.557648020188544,0.020686913417131893,-0.012443666460244654,-0.18219977678891225
2.4104820964192837,6.926306211848409,4.465473817577623,0.020874049329370523,-0.012478144953460554,-0.18171957833465488
2.4114822964592917,7.215945285568916,4.372516842160962,0.021064558956114015,-0.012513150450677303,-0.181150292359057
2.4124824964992997,7.502160093728756,4.278792642314605,0.021258378022801033,-0.012548649994353534,-0.1804924970783963
2.4134826965393077,7.784810213393503,4.184316881732539,0.02145544022543947,-0.012584609585805661,-0.1797468071693391
2.4144828965793157,8.06375692628387,4.089105336690945,0.021655677243164927,-0.012620994246674825,-0.17891387341744266
2.4154830966193237,8.338863287885156,3.9931738932977274,0.021859018751499877,-0.012657768082421278,-0.1779943823488469
2.4164832966593317,8.609994195699144,3.8965385447297693,0.022065392436372806,-0.012694894347735599,-0.1769890558453423
2.4174834966993397,8.877016456605972,3.79921538845683,0.022274724008957747,-0.012732335513752366,-0.1758986507430092
2.4184836967393477,9.139798853299169,3.701220623453343,0.022486937221395158,-0.012770053336948393,-0.17472395841463148
2.4194838967793557,9.398212209761738,3.6025705473987215,0.022701953883455334,-0.012808008929604217,-0.17346580433609632
2.4204840968193637,9.65212945575002,3.5032815538660165,0.022919693880205656,-0.012846162831704281,-0.17212504763699907
2.4214842968593717,9.901425690251621,3.4033701294999976,0.023140075190742557,-0.012884475084148158,-0.17070258063568006
2.4224844968993797,10.14597824388591,3.302852851184713,0.02336301390804848,-0.012922905303142287,-0.1691993283589284
2.4234846969393877,10.385666740214912,3.2017463832018622,0.023588424260033127,-0.012961412755638956,-0.1676162480465949
2.4244848969793957,10.62037315593338,3.100067474378883,0.023816218631817074,-0.012999956435686742,-0.1659543286413639
2.4254850970194037,10.849981879908054,2.9978329552289975,0.024046307589314128,-0.013038495141554286,-0.1642145902639411
2.4264852970594117,11.074379771034476,2.895059735082461,0.024278599904167076,-0.01307698755348719,-0.16239808367392183
2.4274854970994197,11.293456214883685,2.7917647992103607,0.024513002580089118,-0.013115392311955885,-0.16050588971661087
2.4284856971394277,11.507103179108611,2.6879652059406958,0.024749420880660927,-0.0131536680962507,-0.15853911875607254
2.4294858971794357,11.715215267582067,2.5836780837674738,0.02498775835863044,-0.013191773703278882,-0.156498910094696
2.4304860972194438,11.917689773239339,2.4789206284541083,0.025227916886759433,-0.013229668126417139,-0.15438643137956728
2.4314862972594518,12.114426729597502,2.373710100130114,0.02546979669025769,-0.01326731063427238,-0.15220287799594703
2.4324864972994598,12.30532896092543,2.2680638203827255,0.025713296380841966,-0.01330466084920257,-0.14994947244815793
2.4334866973394678,12.49030213103937,2.1619991693439613,0.02595831299245313,-0.013341678825449272,-0.14762746372819316
2.4344868973794758,12.669254790697892,2.055533582772302,0.02620474201866094,-0.01337832512673329,-0.14523812667236263
2.4354870974194838,12.84209842357331,1.9486845491315437,0.026452477451781545,-0.013414560903164962,-0.14278276130629983
2.4364872974594918,13.008747490774851,1.8414696066655403,0.026701411823728486,-0.013450347967321072,-0.14026269217865783
2.4374874974994998,13.169119473901048,1.7339063404697892,0.026951436248613347,-0.013485648869341123,-0.13767926768382882
2.438487697539508,13.32313491660005,1.6260123795612988,0.027202440467107354,-0.013520426970896662,-0.1350338593740263
2.439487897579516,13.470717464615035,1.5178053939453704,0.027454312892570453,-0.013554646517888728,-0.132327861261075
2.440488097619524,13.611793904295359,1.409303091682119,0.0277069406589493,-0.013588272711730076,-0.12956268910825827
2.441488297659532,13.74629419955296,1.3005232159508013,0.02796020967044046,-0.013621271779070795,-0.12673977971257744
2.44248849769954,13.874151527245289,1.1914835421142496,0.028214004652909942,-0.013653611039828161,-0.12386059017778289
2.443488697739548,13.995302310966178,1.0822018747830346,0.028468209207054937,-0.013685258973384126,-0.12092659717854048
2.444488897779556,14.109686253227558,0.9726960448799686,0.028722705863288265,-0.013716185282816673,-0.11793929621610155
2.445489097819564,14.217246366015202,0.8629839067055961,0.028977376138320805,-0.013746360957034518,-0.11490020086584905
2.446489297859572,14.317928999702662,0.7530833350049123,0.029232100593411775,-0.013775758330687995,-0.11181084201709612
2.44748949789958,14.411683870308277,0.6430122220361483,0.029486758894251508,-0.013804351141732858,-0.10867276710551704
2.448489697939588,14.498464085081679,0.5327884746412951,0.02974122987243607,-0.013832114586527722,-0.10548753933859459
2.449489897979596,14.578226166405596,0.42243001132019187,0.029995391588487946,-0.013859025372350306,-0.10225673691447049
2.450490098019604,14.650930074001211,0.31195475930704974,0.0302491213963719,-0.013885061767222238,-0.09898195223458958
2.451490298059612,14.716539225425226,0.20138065165122765,0.030502296009450147,-0.01391020364693718,-0.09566479111053074
2.45249049809962,14.775020514847832,0.0907256243019927,0.030754791567816138,-0.013934432539192198,-0.09230687196542064
2.453490698139628,14.826344330101762,-0.01999238680202813,0.031006483706941593,-0.013957731664727809,-0.08890982503032914
2.454490898179636,14.870484567993557,-0.13075544863855065,0.03125724762756687,-0.013980085975387854,-0.08547529153604709
2.455491098219644,14.907418647868692,-0.2415456340015377,0.03150695816676042,-0.014001482189016297,-0.08200492290064999
2.456491298259652,14.93712752342357,-0.35234502439503107,0.03175548987006903,-0.014021908821114275,-0.0785003799132526
2.45749149829966,14.959595692757969,-0.463135712920766,0.03200271706467658,-0.014041356213187115,-0.07496333191436143
2.458491698339668,14.974811206662373,-0.5738998071587424,0.03224851393348544,-0.01405981655771764,-0.07139545597323389
2.459491898379676,14.982765675135823,-0.6846194320403045,0.032492754590031286,-0.014077283919708907,-0.06779843606265369
2.460492098419684,14.98345427213055,-0.7952767327136484,0.03273531315413881,-0.014093754254746451,-0.0641739622315338
2.461492298459692,14.976875738520588,-0.9058538774010023,0.03297606382822323,-0.01410922542353724,-0.06052372977575894
2.4624924984997,14.96303238329263,-1.016333060246916,0.0332148809741398,-0.014123697202889791,-0.05684943840768032
2.463492698539708,14.941930082958054,-1.1266965041573374,0.03345163919048121,-0.014137171293107287,-0.053152791424675924
2.464492898579716,14.913578279186181,-1.23692646362984,0.033686213390221154,-0.01414965132177293,-0.04943549487719007
2.465493098619724,14.877989974659569,-1.3470052275726607,0.03391847887860037,-0.014161142843914383,-0.04569925673666573
2.466493298659732,14.8351817271531,-1.456915122114197,0.03414831143115052,-0.014171653338541689,-0.041945786063783554
2.46749349869974,14.785173641839483,-1.5666385134014986,0.034375587371750185,-0.014181192201560739,-0.03817679217742064
2.468493698739748,14.727989361824912,-1.6761578103868287,0.03460018365060664,-0.014189770735071952,-0.03439398382474198
2.469493898779756,14.663656056919168,-1.785455467603222,0.03482197792205697,-0.014197402133071534,-0.03059906835283671
2.470494098819764,14.59220441064552,-1.894513987927389,0.03504084862208212,-0.014204101463580277,-0.02679375088231021
2.471494298859772,14.513668605496779,-2.003315925330474,0.0352566750454278,-0.014209885647232428,-0.022979733483242094
2.47249449889978,14.428086306444705,-2.1118438876152648,0.03546933742222716,-0.0142147734323647,-0.019158714353918763
2.473494698939788,14.335498642710704,-2.22008053914048,0.035678716994021094,-0.01421878536665289,-0.015332387002747576
2.474494898979796,14.235950187806552,-2.3280086035310634,0.035884696089073555,-0.014221943765350912,-0.011502439433757986
2.475495099019804,14.129488937855477,-2.435610866374309,0.036087158196881006,-0.014224272676194218,-0.007670553336093009
2.476495299059812,14.016166288203728,-2.5428701779010066,0.03628598804177724,-0.014225797841036659,-0.003838403277892159
2.47749549909982,13.896037008334417,-2.6497694556522777,0.03648107165553716,-0.014226546654296688,-7.655904964769429e-06
2.478495699139828,13.769159215096296,-2.756291687130157,0.036672296448885824,-0.014226548118295532,0.0038200308553502102
2.479495899179836,13.635594344260054,-2.862419932433254,0.036859551281822,-0.014225832795576418,0.0076430085847443915
2.480496099219844,13.495407120417118,-2.968137326875203,0.037042726532668775,-0.014224432758300248,0.011459639158529718
2.481496299259852,13.34866552523514,-3.073427083587479,0.037221714165767174,-0.014222381534819148,0.015268295523870407
2.48249649929986,13.195440764086547,-3.1782724961046482,0.03739640779773256,-0.014219714053535108,0.01906736247127329
2.483496699339868,13.035807231066498,-3.2826569409324526,0.03756670276219748,-0.014216466584156427,0.022855237398956115
2.484496899379876,12.86984247241778,-3.3865638800983504,0.03773249617296889,-0.014212676676469985,0.026630331069717243
2.485497099419884,12.69762714838083,-3.489976863683384,0.03789368698553193,-0.014208383096752248,0.030391068359934128
2.486497299459892,12.519244993488103,-3.592879532336462,0.03805017605683701,-0.014203625761946616,0.03413588900032196
2.4874974994999,12.334782775322225,-3.695255619769123,0.03820186620331175,-0.01419844567173902,0.03786324830808852
2.488497699539908,12.144330251759754,-3.797088955231299,0.03834866225704389,-0.014192884838667734,0.04157161791012531
2.489497899579916,11.94798012671975,-3.8983634659677215,0.03849047112008654,-0.014186986216406981,0.045259486456880216
2.490498099619924,11.745828004442092,-3.9990631796544296,0.03862720181684181,-0.014180793626367342,0.048925360326561466
2.491498299659932,11.537972342316037,-4.099172226814609,0.03875876554448422,-0.014174351682758877,0.05256776431932793
2.49249849969994,11.324514402283972,-4.198674843214526,0.038885075721390404,-0.014167705716265598,0.05618524234112578
2.493498699739948,11.1055582008447,-4.297555372237937,0.03900604803354654,-0.01416090169648217,0.059776358076837205
2.494498899779956,10.881210457680973,-4.39579826723992,0.039121600478910536,-0.014153986153265683,0.06333969565241225
2.495499099819964,10.651580542936868,-4.4933880938781865,0.039231653409710694,-0.01414700609715689,0.06687386028566075
2.496499299859972,10.4167804231722,-4.590309532423536,0.039336129572668216,-0.014140008939026557,0.07037747892538675
2.49749949989998,10.176924606020995,-4.686547380047393,0.03943495414713547,-0.014133042409103413,0.07384920087855464
2.498499699939988,9.932130083580837,-4.782086553086989,0.03952805478114744,-0.014126154475540687,0.07728769842518182
2.499499899979996,9.682516274563259,-4.876912089287775,0.039615361625388264,-0.014119393262678403,0.0806916674206592
2.500500100020004,9.428204965232105,-4.971009150022557,0.03969680736507996,-0.014112806969158372,0.08405982788520745
2.501500300060012,9.169320249162269,-5.064363022487257,0.039772327249804736,-0.014106443786048329,0.08739092458018359
2.50250050010002,8.905988465846317,-5.156959121872779,0.039841859121277176,-0.014100351815130727,0.09068372757095919
2.503500700140028,8.638338138182304,-5.248782993513108,0.039905343439086645,-0.01409457898751056,0.09393703277609852
2.504500900180036,8.36649990887222,-5.339820315008692,0.0399627233044347,-0.014089172982694978,0.09714966250257201
2.505501100220044,8.090606475764341,-5.430056898325318,0.040013944481896095,-0.014084181148295719,0.10032046596674751
2.506501300260052,7.810792526172047,-5.519478691868144,0.040058955419235896,-0.014079650420503092,0.10344831980090924
2.50750150030006,7.527194670201698,-5.608071782530662,0.040097707265318736,-0.014075627245477939,0.10653212854506193
2.508501700340068,7.239951373122809,-5.695822397717924,0.04013015388614956,-0.014072157501805153,0.10957082512378516
2.509501900380076,6.949202886815398,-5.782716907343951,0.040156251879088396,-0.014069286424149398,0.11256337130791032
2.510502100420084,6.655091180328988,-5.868741825803595,0.04017596058528446,-0.014067058528250355,0.11550875816080075
2.511502300460092,6.35775986958757,-5.95388381391793,0.04018924210037754,-0.014065517537391319,0.11840600646902368
2.5125025005001,6.057354146275801,-6.0381296808528315,0.04019606128351689,-0.014064706310471192,0.12125416715721021
2.513502700540108,5.754020705944414,-6.121466386011354,0.04019638576475007,-0.014064666771805935,0.12405232168690782
2.514502900580116,5.447907675367073,-6.203881040898656,0.04019018595083574,-0.014065439842781309,0.12679958243923853
2.515503100620124,5.1391645391898475,-6.285360910959902,0.04017743502953611,-0.014067065375474365,0.12949509308118348
2.516503300660132,4.827942065906637,-6.365893417390825,0.04015810897244588,-0.0140695820883565,0.13213802891532372
2.51750350070014,4.514392233199198,-6.445466138920196,0.0401321865364156,-0.014073027504186151,0.13472759721287517
2.518503700740148,4.198668152680711,-6.524066813564794,0.04009964926362779,-0.014077437890194253,0.13726303752986416
2.519503900780156,3.880923994077572,-6.6016833403559705,0.04006048148038486,-0.014082848200660487,0.13974362200629922
2.520504100820164,3.561314908891015,-6.6783037810380455,0.04001467029466788,-0.014089292021973135,0.14216865564820272
2.521504300860172,3.2399969535750377,-6.753916361737785,0.03996220559252499,-0.014096801520260008,0.14453747659237515
2.52250450090018,2.917127012269476,-6.8285094746058155,0.03990308003334805,-0.014105407391672454,0.14684945635377394
2.523504700940188,2.5928627191282163,-6.902071679428295,0.03983728904409535,-0.01411513881539888,0.149104000055397
2.524504900980196,2.267362380279875,-6.974591705209831,0.039764830812517304,-0.01412602340947862,0.15130054664057066
2.525505101020204,1.9407848954624436,-7.046058451727174,0.03968570627944089,-0.014138087189481218,0.15343856906755027
2.526505301060212,1.613289679369486,-7.116460991053036,0.03959991913016726,-0.014151354530110433,0.15551757448635137
2.52750550110022,1.2850365827482089,-7.185788569050519,0.039507475785035384,-0.014165848129786487,0.1575371043977375
2.528505701140228,0.9561858132897768,-7.254030606837406,0.039408385389202556,-0.014181588978254138,0.15949673479430088
2.529505901180236,0.6268978563502063,-7.321176702220623,0.039302659801690926,-0.014198596327258313,0.16139607628358055
2.530506101220244,0.297333395542911,-7.3872166311004,0.03919031358374674,-0.014216887664323132,0.16323477419317206
2.531506301260252,-0.0323467667569262,-7.452140348844003,0.03907136398655671,-0.014236478689664196,0.16501250865779202
2.53250650130026,-0.36198178895721445,-7.515937991629127,0.03894583093836343,-0.014257383296258138,0.16672899468826996
2.533506701340268,-0.6914108698030318,-7.578599877756457,0.03881373703101909,-0.01427961355308751,0.1683839822224492
2.534506901380276,-1.0204733278979825,-7.64011650893151,0.03867510750601385,-0.014303179691573216,0.16997725615798745
2.535507101420284,-1.34900868115529,-7.700478571515487,0.038529970240012416,-0.014328090095200842,0.17150863636705743
2.536507301460292,-1.6768567261372873,-7.7596769377450325,0.0383783557299294,-0.014354351292341418,0.17297797769295695
2.5375075015003,-2.003857617243847,-7.817702666920959,0.03822029707757072,-0.01438196795226143,0.1743851699286467
2.538507701540308,-2.3298519457098337,-7.8745470065654715,0.038055829973865495,-0.014410942884311133,0.17573013777724378
2.539507901580316,-2.654680818371468,-7.930201393547998,0.03788499268270926,-0.014441277040274623,0.17701284079450771
2.540508101620324,-2.9781859361629723,-7.984657455179479,0.037707826024436585,-0.014472969519859555,0.17823327331336525
2.541508301660332,-3.3002096723035423,-8.037907010275033,0.03752437335893735,-0.014506017579298864,0.17939146435052888
2.54250850170034,-3.620595150134858,-8.089942070184886,0.03733468056842822,-0.01454041664303149,0.1804874774952737
2.543508701740348,-3.93918632057101,-8.140754839793319,0.03713879603988721,-0.014576160318423775,0.1815214107804457
2.544508901780356,-4.255828039121839,-8.190337718485951,0.036936770647156225,-0.014613240413487959,0.18249339653578425
2.545509101820364,-4.570366142449729,-8.238683301084611,0.03672865773271318,-0.014651646957549147,0.18340360122364957
2.546509301860372,-4.882647524423498,-8.28578437875052,0.03651451308911233,-0.014691368224807056,0.1842522252572562
2.54750950190038,-5.192520211629906,-8.331633939854946,0.0362943949400882,-0.01473239076073402,0.18503950280152098
2.548509701940388,-5.49983343830486,-8.376225170817902,0.03606836392131579,-0.014774699411245922,0.1857657015566438
2.549509901980396,-5.804437720647759,-8.419551456914357,0.03583648306081658,-0.01481827735457813,0.18643112252454788
2.550510102020404,-6.106184930480757,-8.461606383048107,0.035598817758997585,-0.014863106135793983,0.1870360997583148
2.551510302060412,-6.404928368216456,-8.502383734493279,0.03535543576830749,-0.014909165703849002,0.18758100009475823
2.55251050210042,-6.700522835097921,-8.541877497603421,0.035106407172492075,-0.014956434451129817,0.18806622287028893
2.553510702140428,-6.992824704674162,-8.58008186048783,0.03485180436542833,-0.015004889255382691,0.18849219962023203
2.554510902180436,-7.281691993475177,-8.61699121365572,0.034591702029514726,-0.015054505523942616,0.18885939376176555
2.555511102220444,-7.566984430852946,-8.652600150627434,0.03432617711359318,-0.015105257240170193,0.18916830026065812
2.556511302260452,-7.848563527950992,-8.686903468513373,0.03405530881037622,-0.015157117011999928,0.18941944528199117
2.55751150230046,-8.126292645769896,-8.719896168560009,0.033779178533351405,-0.015210056122500117,0.1896133858250598
2.558511702340468,-8.40003706229421,-8.751573456663484,0.03349786989313372,-0.015264044582341246,0.18975070934265353
2.559511902380476,-8.66966403864728,-8.781930743850435,0.033211468673235094,-0.015319051184066781,0.18983203334492715
2.560512102420484,-8.935042884240742,-8.810963646726183,0.032920062805219495,-0.01537504355805728,0.18985800498807828
2.561512302460492,-9.196045020886851,-8.838667987890286,0.03262374234321114,-0.015431988230076087,0.18982930064805725
2.5625125025005002,-9.452544045841117,-8.865039796319396,0.032322599437722595,-0.015489850680282337,0.18974662547954135
2.5635127025405082,-9.70441579374444,-8.890075307717487,0.03201672830876946,-0.015548595403594673,0.18961071296041346
2.5645129025805162,-9.9515383974329,-8.913770964833397,0.031706225218237766,-0.015608185971286971,0.18942232442199206
2.5655131026205242,-10.193792347586877,-8.93612341774588,0.03139118844147059,-0.01566858509369543,0.18918224856526708
2.5665133026605322,-10.431060551187713,-8.957129524115942,0.031071718238040457,-0.015729754683914694,0.18889130096340254
2.5675135027005402,-10.663228388754138,-8.976786349406648,0.030747916821674545,-0.01579165592235919,0.18855032355077417
2.5685137027405482,-10.890183770330472,-8.995091167070422,0.030419888329300503,-0.01585424932206452,0.18816018409881702
2.5695139027805562,-11.111817190197371,-9.01204145870385,0.03008773878918143,-0.01591749479460279,0.18772177567896406
2.5705141028205643,-11.328021780279855,-9.02763491417002,0.029751576088109744,-0.01598135171648482,0.18723601611296392
2.5715143028605723,-11.538693362224658,-9.041869431688507,0.029411509937630816,-0.016045778995921644,0.18670384741087157
2.5725145029005803,-11.743730498122003,-9.05474311789294,0.029067651839268887,-0.016110735139817277,0.18612623519701227
2.5735147029405883,-11.943034539846998,-9.06625428785639,0.02872011504872922,-0.016176178320864622,0.185504168124225
2.5745149029805963,-12.136509676995459,-9.076401465084459,0.02836901453905242,-0.016242066444616416,0.1848386572766971
2.5755151030206043,-12.324062983391359,-9.085183381476236,0.028014466962698756,-0.016308357216403505,0.18413073556170803
2.5765153030606123,-12.505604462143078,-9.092598977253209,0.027656590612542473,-0.016375008207973232,0.18338145709060488
2.5775155031006203,-12.681047089225318,-9.098647400856134,0.027295505381758386,-0.016441976923721572,0.18259189654933844
2.5785157031406283,-12.850306855566906,-9.103328008810038,0.026931332722585466,-0.01650922086639362,0.18176314855889306
2.5795159031806363,-13.013302807622575,-9.10664036555735,0.02656419560395465,-0.01657669760212841,0.18089632702594882
2.5805161032206443,-13.169957086409553,-9.108584243259333,0.026194218467970848,-0.01664436482472542,0.17999256448411924
2.5815163032606523,-13.320194964989897,-9.109159621565857,0.02582152718524178,-0.016712180419012037,0.17905301142611235
2.5825165033006603,-13.463944884380087,-9.108366687353657,0.025446249009049224,-0.016780102523193084,0.17807883562716742
2.5835167033406683,-13.60113848787098,-9.106205834433158,0.025068512528361148,-0.01684808959006588,0.1770712214601238
2.5845169033806763,-13.731710653740878,-9.102677663223982,0.02468844761968618,-0.01691610044698665,0.17603136920248258
2.5855171034206843,-13.855599526346328,-9.097782980399257,0.02430618539777498,-0.016984094354476852,0.17496049433582506
2.5865173034606923,-13.972746545575786,-9.091522798498854,0.023921858165176096,-0.01705203106336096,0.17385982683795678
2.5875175035007003,-14.083096474651715,-9.083898335511682,0.023535599360657012,-0.017119870870330216,0.17273061046814803
2.5885177035407083,-14.18659742626796,-9.07491101442711,0.023147543506504272,-0.017187574671830422,0.17157410204584614
2.5895179035807163,-14.283200887050288,-9.064562462755783,0.022757826154719586,-0.017255104016175294,0.17039157072323746
2.5905181036207243,-14.372861740327993,-9.05285451201983,0.02236658383213201,-0.017322421153790738,0.16918429725203973
2.5915183036607323,-14.455538287206391,-9.039789197212652,0.021973953984449308,-0.01738948908549935,0.16795357324490853
2.5925185037007403,-14.531192265929835,-9.02536875622852,0.02158007491927463,-0.017456271608758685,0.16670070043184396
2.5935187037407483,-14.599788869526979,-9.009595629262027,0.021185085748117685,-0.017522733361771126,0.16542698991198593
2.5945189037807563,-14.661296761729401,-8.992472458177554,0.020789126327432378,-0.017588839865387843,0.16413376140118846
2.5955191038207643,-14.715688091157086,-8.97400208584901,0.02039233719871579,-0.017654557562733927,0.16282234247576552
2.5965193038607723,-14.762938503763905,-8.954187555469927,0.0199948595277061,-0.017719853856486743,0.16149406781280248
2.5975195039007803,-14.803027153538173,-8.933032109834064,0.01959683504271961,-0.017784697143744584,0.16015027842742885
2.5985197039407884,-14.835936711453122,-8.910539190586796,0.01919840597216964,-0.017849056848427802,0.15879232090744907
2.5995199039807964,-14.861653372664165,-8.886712437447326,0.018799714981312447,-0.01791290345116,0.1574215466457297
2.6005201040208044,-14.880166861949888,-8.861555687402042,0.018400905108267435,-0.017976208516582205,0.1560393110707414
2.6015203040608124,-14.891470437394968,-8.835072973869087,0.018002119699361295,-0.01803894471805853,0.15464697287565593
2.6025205041008204,-14.895560892313979,-8.807268525834363,0.01760350234384744,-0.01810108585973743,0.15324589324639756
2.6035207041408284,-14.892438555416067,-8.778146766959264,0.017205196808054074,-0.018162606895938363,0.1518374350890497
2.6045209041808364,-14.882107289211236,-8.747712314660145,0.016807346969015816,-0.018223483947839497,0.1504229622570171
2.6055211042208444,-14.864574486659889,-8.71596997915997,0.016410096747645302,-0.018283694317447863,0.14900383877834356
2.6065213042608524,-14.839851066068295,-8.682924762512057,0.016013590041502487,-0.018343216498839323,0.14758142808358557
2.6075215043008604,-14.807951464233337,-8.648581857596392,0.015617970657220535,-0.01840203018666157,0.14615709223464088
2.6085217043408684,-14.768893627840942,-8.612946647088567,0.015223382242648093,-0.018460116281899336,0.14473219115493066
2.6095219043808764,-14.722699003123425,-8.576024702401556,0.014829968218768572,-0.018517456894906924,0.1433080818613333
2.6105221044208844,-14.669392523781786,-8.53782178260073,0.014437871711457596,-0.018574035345719105,0.14188611769826567
2.6115223044608924,-14.609002597180007,-8.498343833292136,0.014047235483140234,-0.018629836161657306,0.14046764757430785
2.6125225045009004,-14.541561088819208,-8.457596985484317,0.01365820186440983,-0.01868484507225387,0.13905401520176403
2.6135227045409084,-14.467103305100208,-8.415587554423816,0.01327091268567028,-0.018739049001523053,0.13764655833955222
2.6145229045809164,-14.385667974384386,-8.372322038404983,0.01288550920886351,-0.018792436057613035,0.136246608039812
2.6155231046209244,-14.29729722636296,-8.327807117553858,0.012502132059343554,-0.018844995519879053,0.13485548789861845
2.6165233046609324,-14.202036569746125,-8.282049652586448,0.012120921157958176,-0.018896717823423177,0.1334745133111873
2.61752350470094,-14.099934868284208,-8.235056683542027,0.011742015653398486,-0.018947594541151833,0.13210499073195484
2.618523704740948,-13.991044315133456,-8.18683542849125,0.011365553854875008,-0.018997618363407576,0.13074821693990912
2.619523904780956,-13.875420405581071,-8.137393282219541,0.01099167316518124,-0.019046783075236447,0.1294054783095583
2.620524104820964,-13.753121908143035,-8.08673781488593,0.01062051001419871,-0.019095083531358067,0.12807805008789838
2.621524304860972,-13.624210834050919,-8.034876770657922,0.01025219979290219,-0.019142515628909763,0.1267671956777596
2.62252450490098,-13.488752405143751,-7.98181806632198,0.0098868767879188,-0.019189076278041246,0.1254741659278956
2.623524704940988,-13.346815020181714,-7.927569789870528,0.00952467411669437,-0.01923476337044081,0.12420019843017877
2.624524904980996,-13.198470219599733,-7.872140199065572,0.00916572366331865,-0.019279575745878384,0.12294651682426179
2.625525105021004,-13.04379264871952,-7.815537719978936,0.008810156015059242,-0.01932351315685504,0.1217143301100607
2.626525305061012,-12.882860019439548,-7.757770945509814,0.008458100399652209,-0.019366576231452447,0.12050483196841075
2.62752550510102,-12.71575307042242,-7.698848633879394,0.00810968462339551,-0.019408766434479627,0.11931920009024184
2.628525705141028,-12.542555525801724,-7.638779707103563,0.007765035010089317,-0.01945008602701785,0.11815859551461608
2.629525905181036,-12.363354052428567,-7.577573249442965,0.007424276340865264,-0.01949053802446789,0.11702416197596455
2.630526105221044,-12.178238215681418,-7.515238505832054,0.00708753179494454,-0.01953012615320686,0.11591702526085615
2.631526305261052,-11.987300433861018,-7.451784880285697,0.006754922891362602,-0.01956885480596475,0.11483829257462586
2.63252650530106,-11.790635931195489,-7.387221934285451,0.00642656943169608,-0.019606728996033353,0.11378905191818463
2.633526705341068,-11.588342689478642,-7.321559385144351,0.006102589443825249,-0.019643754310422586,0.11277037147532774
2.634526905381076,-11.380521398367621,-7.254807104351288,0.005783099126763226,-0.01967993686208128,0.11178329901085277
2.635527105421084,-11.167275404365347,-7.186975115895004,0.005468212796580837,-0.019715283241301344,0.11082886127979256
2.636527305461092,-10.94871065851378,-7.118073594568291,0.0051580428334539125,-0.019749800466425757,0.109908063448063
2.6375275055011,-10.724935662825574,-7.048112864252025,0.004852699629857568,-0.019783495933982043,0.10902188852481885
2.638527705541108,-10.496061415481421,-6.9771033961800955,0.00455229153992992,-0.019816377368363995,0.10817129680680518
2.639527905581116,-10.262201354821764,-6.905055807185146,0.004256924830025563,-0.019848452771185042,0.10735722533498533
2.640528105621124,-10.023471302160722,-6.8319808579256,0.003966703630477105,-0.01987973037042721,0.10658058736372002
2.641528305661132,-9.779989403453188,-6.7578894510939165,0.0036817298885810806,-0.019910218569509718,0.10584227184276553
2.64252850570114,-9.531876069843692,-6.68279262960708,0.003402103322822644,-0.01993992589640123,0.10514314291235213
2.643528705741148,-9.279253917128216,-6.606701574778707,0.0031279213783516153,-0.019968860952899473,0.10448403941159726
2.644528905781156,-9.022247704159463,-6.529627604474263,0.0028592791837207306,-0.01999703236420113,0.1038657744005006
2.645529105821164,-8.760984270228866,-6.451582171248201,0.002596269508895277,-0.020024448728884297,0.10328913469576172
2.646529305861172,-8.495592471454195,-6.3725768604651725,0.002338982724541747,-0.02005111856942441,0.10275488042065266
2.64752950590118,-8.226203116208517,-6.29262338840362,0.0020875067626017286,-0.020077050283363252,0.10226374456917198
2.648529705941188,-7.952948899621479,-6.211733600344093,0.0018419270781558953,-0.02010225209524902,0.10181643258469776
2.649529905981196,-7.67596433718726,-6.129919468640826,0.0016023266125817495,-0.020126732009463418,0.10141362195335087
2.650530106021204,-7.395385697512467,-6.047193090778116,0.0013687857580076794,-0.020150497764049664,0.1010559618122711
2.651530306061212,-7.111350934238978,-5.963566687411399,0.0011413823230649166,-0.020173556785652896,0.10074407257300169
2.65253050610122,-6.823999617175264,-5.879052600393356,0.0009201914999381135,-0.020195916145681794,0.10047854556016962
2.653530706141228,-6.533472862672505,-5.79366329078516,0.0007052858327145529,-0.020217582517797424,0.10025994266564116
2.654530906181236,-6.239913263279667,-5.707411336853841,0.0004967351870313815,-0.02023856213683219,0.10008879601832414
2.655531106221244,-5.943464816714346,-5.620309432055447,0.0002946067210197862,-0.020258860759238526,0.09996560766978044
2.656531306261252,-5.644272854184195,-5.532370383004533,9.896485754466657e-05,-0.020278483625163442,0.09989084929580358
2.65753150630126,-5.342483968096483,-5.443607107430649,-9.012874226185848e-05,-0.020297435422241324,0.09986496191410882
2.658531706341268,-5.038245939191695,-5.354032632121568,-0.00027261520417492017,-0.02031572025119355,0.09988835561827387
2.659531906381276,-4.731707663137776,-5.26366009085423,-0.0004484384647611348,-0.020333341593319367,0.09996140932806084
2.660532106421284,-4.423019076623045,-5.172502722313179,-0.000617545293974293,-0.020350302279958227,0.1000844705562409
2.661532306461292,-4.112331082983862,-5.080573867997186,-0.0007798853164639843,-0.020366604463999426,0.10025785519203516
2.6625325065013,-3.799795477405818,-4.987886970114296,-0.0009354110315983104,-0.02038224959351024,0.10048184730127642
2.663532706541308,-3.4855648717355012,-4.894455569465889,-0.0010840778322014492,-0.02039723838754911,0.10075669894338776
2.664532906581316,-3.169792618940358,-4.800293303319291,-0.001225844022006331,-0.020411570814225545,0.10108263000526567
2.665533106621324,-2.8526327372553024,-4.70541390327024,-0.0013606708318220921,-0.020425246071063406,0.10145982805214636
2.666533306661332,-2.5342398340549144,-4.609831193095462,-0.001488522434415347,-0.0204382625677192,0.10188844819552544
2.66753350670134,-2.2147690294863995,-4.5135590865945945,-0.0016093659581036214,-0.02045061791110173,0.10236861297819203
2.668533706741348,-1.894375879906258,-4.416611585423493,-0.0017231714990584464,-0.020462308892934215,0.10290041227643044
2.669533906781356,-1.5732163011548448,-4.319002776917451,-0.0018299121323149055,-0.020473331479794528,0.10348390321943256
2.670534106821364,-1.2514464917097279,-4.220746831906923,-0.0019295639214834714,-0.02048368080566379,0.10411911012595623
2.671534306861372,-0.9292228557552846,-4.121858002523334,-0.002022105927159172,-0.020493351167007984,0.10480602445825606
2.67253450690138,-0.6067019262081573,-4.02235061999785,-0.002107520214022161,-0.02050233602041165,0.10554460479330344
2.673534706941388,-0.2840402877346312,-3.922239092451928,-0.0021857918566229213,-0.02051062798277714,0.10633477681130465
2.674534906981396,0.038605500198399055,-3.8215379026807907,-0.002256908943844374,-0.020518218834097126,0.10717643330151691
2.675535107021404,0.36107898020320844,-3.7202616059293505,-0.002320862582032325,-0.02052509952280249,0.10806943418535281
2.676535307061412,0.6832238737424127,-3.6184248276620705,-0.002377646896784775,-0.0205312601736819,0.10901360655675571
2.67753550710142,1.004884157752269,-3.5160422613259246,-0.0024272590333898093,-0.02053669009836372,0.11000874473981921
2.678535707141428,1.325904141082503,-3.413128666107803,-0.0024696991559009954,-0.020541377808345144,0.11105461036361512
2.679535907181436,1.6461285407123851,-3.309698864685978,-0.002504970444838462,-0.020545311030547873,0.1121509324541861
2.680536107221444,1.9654025577057483,-3.205767740976586,-0.002533079093503178,-0.02054847672537383,0.11329740754364988
2.681536307261452,2.2835719528684275,-3.1013502378746214,-0.002554034302891353,-0.020550861107228948,0.11449369979635347
2.68253650730146,2.6004831220695985,-2.996461354991226,-0.0025678482751953407,-0.020552449667477435,0.11573944115200735
2.683536707341468,2.91598317118923,-2.8911161463857997,-0.002574536205877025,-0.020553227199783433,0.11703423148572081
2.684536907381476,3.229919990656153,-2.7853297182950625,-0.0025741162742993298,-0.020553177827791612,0.11837763878485105
2.685537107421484,3.5421423295387986,-2.6791172268577483,-0.002566609632901268,-0.02055228503509285,0.11976919934257037
2.686537307461492,3.852499869152376,-2.572493875837026,-0.002552040394901844,-0.020550531697415993,0.12120841796804704
2.6875375075015002,4.160843296146516,-2.465474914339383,-0.002530435620518138,-0.02054790011698154,0.12269476821312762
2.6885377075415082,4.467024375036298,-2.3580756345312834,-0.0025018253016830297,-0.020544372058948067,0.12422769261539937
2.6895379075815162,4.770896020142466,-2.2503113693538994,-0.0024662423452483234,-0.020539928789877423,0.12580660295750384
2.6905381076215242,5.072312366905507,-2.1421974902356653,-0.002423722554659406,-0.020534551118139937,0.12743088054256424
2.6915383076615322,5.371128842536044,-2.0337494048035953,-0.0023743046100881365,-0.020528219436176342,0.1290998764855814
2.6925385077015402,5.667202235971034,-1.924982554593646,-0.0023180300470113913,-0.020520913764528713,0.13081291202064455
2.6935387077415482,5.960390767098027,-1.8159124127602784,-0.002254943233223483,-0.020512613797548502,0.13256927882379566
2.6945389077815562,6.250554155215439,-1.706554481785159,-0.0021850913442717046,-0.020503298950685665,0.1343682393513786
2.6955391078215643,6.537553686695235,-1.596924291186676,-0.002108524337305364,-0.020492948409259103,0.1362090271936955
2.6965393078615723,6.821252281814597,-1.487037395229086,-0.002025294923329993,-0.020481541178604894,0.13809084744378622
2.6975395079015803,7.101514560724433,-1.3769093706324365,-0.0019354585378598395,-0.02046905613549546,0.14001287708113877
2.6985397079415883,7.378206908522608,-1.2665558142837308,-0.0018390733099633346,-0.020455472080719534,0.1419742653701308
2.6995399079815963,7.651197539400595,-1.1559923409488861,-0.0017362000296979928,-0.020440767792709796,0.14397413427299585
2.7005401080216043,7.920356559831589,-1.045234580987155,-0.0016269021139330322,-0.020424922082102406,0.14601157887709956
2.7015403080616123,8.185556030770973,-0.9342981780666113,-0.0015112455705600725,-0.02040791384711002,0.14808566783630528
2.7025405081016203,8.446670028837277,-0.8231987868828486,-0.001389298961094357,-0.020389722129587753,0.1501954438262004
2.7035407081416283,8.703574706446657,-0.7119520708796161,-0.0012611333616712797,-0.020370326171669468,0.15233992401294852
2.7045409081816363,8.956148350868808,-0.6005736999730046,-0.0011268223224453235,-0.02034970547285013,0.15451810053552578
2.7055411082216443,9.204271442179227,-0.48907934827871036,-0.0009864418254011012,-0.020327839847388444,0.15672894100109253
2.7065413082616523,9.44782671007756,-0.3774846918431117,-0.000840070240588735,-0.02030470948190288,0.15897138899324587
2.7075415083016603,9.686699189546191,-0.2658054063782231,-0.0006877882807985621,-0.020280294993033212,0.16124436459289168
2.7085417083416683,9.920776275321868,-0.15405716500105562,-0.0005296789546929337,-0.02025457748503919,0.16354676491146852
2.7095419083816763,10.149947775155425,-0.04225563597778316,-0.0003658275184157519,-0.020227538607207527,0.16587746463625008
2.7105421084216843,10.374105961832875,0.06958351952743488,-0.00019632142570331833,-0.020199160610938443,0.16823531658744664
2.7115423084616923,10.593145623934308,0.18144464969824106,-2.125027652307419e-05,-0.020169426406383167,0.17061915228682042
2.7125425085017003,10.806964115306698,0.2933121143053427,0.00015929423573016166,-0.020138319618504444,0.17302778253752382
2.7135427085417083,11.01546140322587,0.40517028694156787,0.00034521837844777095,-0.020105824642432806,0.1754599980148645
2.7145429085817163,11.218540115227697,0.5170035572486703,0.0005364264353949809,-0.020071926697992612,0.17791456986769538
2.7155431086217243,11.416105584583162,0.6287963331393573,0.0007328207636337165,-0.02003661188327318,0.18039025033012315
2.7165433086617323,11.608065894399237,0.7405330430107017,0.0009343018517387246,-0.019999867227122093,0.18288577334322298
2.7175435087017403,11.794331920323117,0.8521981379517388,0.0011407683792619666,-0.019961680740439712,0.1853998551864434
2.7185437087417483,11.97481737183061,0.9637760939425658,0.0013521172773972678,-0.01992204146615619,0.18793119511837963
2.7195439087817563,12.149438832080037,1.0752514140461205,0.0015682437907942044,-0.019880939527774873,0.19047847602658982
2.7205441088217643,12.318115796312314,1.1866086305913173,0.0017890415404673184,-0.019838366176368655,0.19304036508612388
2.7215443088617723,12.480770708780744,1.2978323073481788,0.0020144025877438802,-0.019794313835919092,0.19561551442643083
2.7225445089017803,12.637328998193201,1.408907041694119,0.002244217499190694,-0.01974877614689127,0.1982025618063062
2.7235447089417884,12.787719111650546,1.5198174667706,0.002478375412457773,-0.01970174800794104,0.20080013129653737
2.7245449089817964,12.931872547066103,1.6305482536312152,0.0027167641029741587,-0.01965322561565507,0.20340683396990142
2.7255451090218044,13.069723884052268,1.7410841133793464,0.002959270051428784,-0.01960320650222819,0.20602126859816575
2.7265453090618124,13.201210813259454,1.8514097992964482,0.0032057785119669734,-0.019551689570986755,0.2086420223557396
2.7275455091018204,13.326274164155402,1.9615101089596525,0.0034561735810310734,-0.019498675129671225,0.21126767152962023
2.7285457091418284,13.444857931232375,2.071369886349014,0.0037103382667717354,-0.019444164921395904,0.21389678223527603
2.7295459091818364,13.556909298630934,2.180974023943632,0.003968154558954598,-0.019388162153208512,0.21652791113810446
2.7305461092218444,13.662378663169877,2.2903074648070967,0.004229503499285499,-0.019330671522177434,0.21915960618010177
2.7315463092618524,13.761219655772296,2.399355204661181,0.004494265252075959,-0.019271699238939587,0.22179040731137792
2.7325465093018604,13.853389161279773,2.5081022939476867,0.004762319175169432,-0.019211253048647216,0.2244188472261485
2.7335467093418684,13.938847336645232,2.6165338398787132,0.005033543891047861,-0.019149342249257465,0.2270434521028333
2.7345469093818764,14.017557627498713,2.724635008474451,0.005307817358037244,-0.019085977707114062,0.22966274234788955
2.7355471094218844,14.089486783078646,2.832391026588381,0.005585016941530394,-0.01902117186977625,0.23227523334300576
2.7365473094618924,14.154604869523215,2.939787183919662,0.005865019485144704,-0.018954938776055866,0.23487943619528145
2.7375475095019004,14.212885281517398,3.0468088350125733,0.006147701381732629,-0.018887294063229285,0.23747385849001607
2.7385477095419084,14.264304752291455,3.1534414012427403,0.006432938644162752,-0.01881825497139698,0.2400570050457297
2.7395479095819164,14.30884336196773,3.2596703727891723,0.006720606975789615,-0.018747840344969312,0.24262737867103745
2.7405481096219244,14.346484544253642,3.3654813105931387,0.00701058184053114,-0.018676070631263263,0.24518348092299855
2.7415483096619324,14.37721509147934,3.470859848302344,0.007302738532473275,-0.018602967876200777,0.24772381286656045
2.7425485097019404,14.401025157979372,3.575791694201168,0.00759695224492261,-0.018528555717105415,0.25024687583471883
2.7435487097419484,14.41790826181871,3.6802626331260835,0.007893098138828977,-0.018452859372600067,0.2527511721890132
2.7445489097819564,14.427861284863955,3.7842585283660553,0.00819105141050165,-0.018375905629614345,0.25523520607997885
2.7455491098219644,14.430884471201805,3.8877653235480114,0.008490687358544467,-0.018297722827516308,0.25769748420717525
2.7465493098619724,14.426981423907336,3.9907690445068678,0.008791881449937283,-0.018218340839388964,0.26013651657841297
2.7475495099019804,14.416159100165595,4.093255801139827,0.009094509385193293,-0.018137791050477817,0.26255081726779994
2.7485497099419884,14.39842780475098,4.195211789245307,0.009398447162524274,-0.018056106333841387,0.26493890517223034
2.7495499099819964,14.373801181869347,4.296623292344989,0.009703571140948386,-0.017973321023242304,0.2672993047659395
2.7505501100220044,14.342296205368928,4.3974766834901065,0.010009758102278015,-0.01788947088332197,0.26963054685275023
2.7515503100620124,14.303933167326797,4.4977584270512985,0.010316885311928174,-0.017804593077107213,0.27193116931563655
2.7525505101020205,14.2587356650184,4.5974550804911525,0.010624830578489184,-0.017718726130902564,0.27419971786323294
2.7535507101420285,14.206730586278526,4.696553296120057,0.010933472312010676,-0.017631909896626764,0.2764347467729191
2.7545509101820365,14.14794809326296,4.7950398228352045,0.011242689580947537,-0.017544185511657217,0.2786348196301123
2.7555511102220445,14.082421604620516,4.892901507841256,0.011552362167722057,-0.017455595356250606,0.2807985100633999
2.7565513102620525,14.010187776086521,4.990125298354456,0.011862370622860288,-0.01736618300861263,0.28292440247515094
2.7575515103020605,13.931286479508831,5.086698243287929,0.012172596317664626,-0.017275993197694097,0.2850110927672426
2.7585517103420685,13.845760780319036,5.182607494919531,0.01248292149538853,-0.017185071753794846,0.28705718906154576
2.7595519103820765,13.753656913461516,5.2778403105412535,0.012793229320883469,-0.017093465557060854,0.2890613124148122
2.7605521104220845,13.655024257794384,5.372384054090166,0.013103403928692322,-0.01700122248396376,0.2910220975276122
2.7615523104620925,13.549915308976583,5.466226197760656,0.013413330469567681,-0.01690839135185553,0.2929381934469726
2.7625525105021005,13.438385650856823,5.559354323597926,0.013722895155397789,-0.016815021861694278,0.2948082642623693
2.7635527105421085,13.320493925379548,5.651756125072304,0.014031985302527146,-0.016721164539040503,0.2966309897947329
2.7645529105821165,13.196301801025493,5.743419408634694,0.014340489373463083,-0.01662687067342573,0.29840506627812785
2.7655531106221245,13.065873939803735,5.834332095251977,0.014648297016963959,-0.016532192256198307,0.3001292070337707
2.7665533106621325,12.929277962813218,5.924482221923532,0.014955299106508868,-0.0164371819169535,0.3018021431360576
2.7675535107021405,12.786584414393081,6.013857943177405,0.015261387777153015,-0.016341892858657236,0.3034226240702733
2.7685537107421485,12.63786672488062,6.102447532547025,0.015566456460777093,-0.016246378791574787,0.30498941838166166
2.7695539107821565,12.483201171997477,6.1902393840275485,0.015870399919743112,-0.016150693866117477,0.30650131431553784
2.7705541108221645,12.3226668408846,6.277222013511892,0.016173114278973198,-0.016054892604721926,0.30795712044813156
2.7715543108621725,12.156345582807495,6.363384060206487,0.016474497056471766,-0.015959029832877718,0.3093556663078523
2.7725545109021805,11.9843219725536,6.448714288026556,0.01677444719231535,-0.015863160609420328,0.310695802986674
2.7735547109421885,11.806683264545143,6.533201586970274,0.017072865076138036,-0.015767340156207097,0.3119764037413414
2.7745549109821965,11.623519347689392,6.616834974472158,0.017369652573144056,-0.01567162378729453,0.3131963645841055
2.7755551110222045,11.434922698992246,6.69960359673591,0.017664713048682373,-0.015576066837735715,0.3143546048627012
2.7765553110622125,11.240988335957294,6.781496730045363,0.01795795139142155,-0.015480724592116742,0.3154500678292858
2.7775555111022205,11.041813767797278,6.862503782054428,0.018249274035166036,-0.01538565221295106,0.3164817211980616
2.7785557111422285,10.837498945482611,6.94261429305564,0.018538588979357982,-0.015290904669050446,0.3174485576913144
2.7795559111822365,10.628146210652888,7.021817937227001,0.018825805808311395,-0.015196536663990873,0.3183495955736019
2.7805561112222446,10.4138602434189,7.100104523857106,0.019110835709227822,-0.01510260256479092,0.3191838791738354
2.7815563112622526,10.194748009081659,7.177463998548496,0.019393591489045073,-0.015009156330919633,0.31995047939500276
2.7825565113022606,9.970918703796347,7.25388644439884,0.019673987590172467,-0.014916251443749709,0.3206484942112866
2.7835567113422686,9.742483699208682,7.329362083160382,0.019951940105167893,-0.014823940836570789,0.32127704915233957
2.7845569113822766,9.509556486094148,7.40388127637674,0.020227366790413523,-0.014732276825276312,0.32183529777448333
2.7855571114222846,9.272252617026602,7.477434526497695,0.02050018707884831,-0.014641311039835894,0.3223224221186065
2.7865573114622926,9.030689648107845,7.550012477971542,0.02077032209181644,-0.014551094356663616,0.32273763315454146
2.7875575115023006,8.78498707978734,7.621605918314627,0.021037694650091775,-0.014461676831990787,0.32308017121170823
2.7885577115423086,8.53526629680198,7.6922057791587,0.021302229284138732,-0.01437310763634986,0.3233493063958204
2.7895579115823166,8.281650507267551,7.761803137275051,0.02156385224367052,-0.01428543499027411,0.3235443389914543
2.7905581116223246,8.024264680952475,7.83038921557627,0.021822491506565473,-0.014198706101315527,0.323664599850291
2.7915583116623326,7.763235486765052,7.897955384094857,0.02207807678720218,-0.014112967102481017,0.32370945076484664
2.7925585117023406,7.498691229486766,7.964493160938658,0.022330539544273477,-0.014028262992184655,0.3236782848275149
2.7935587117423486,7.230761785782937,8.029994213223736,0.02257981298813872,-0.013944637575811108,0.3235705267747522
2.7945589117823566,6.959578539524138,8.094450357983606,0.022825832087772734,-0.01386213340898276,0.32338563331624426
2.7955591118223646,6.685274316450347,8.157853563055436,0.023068533577368565,-0.013780791742620284,0.3231230934488992
2.7965593118623726,6.407983318210749,8.220195947942992,0.02330785596264974,-0.01370065246988357,0.32278242875552127
2.7975595119023806,6.127841055813445,8.281469784655997,0.023543739526945964,-0.013621754075076944,0.32236319368802546
2.7985597119423886,5.844984282517549,8.341667498526476,0.023776126337084258,-0.0135441335845996,0.32186497583506274
2.7995599119823966,5.559550926202385,8.400781669001075,0.024004960249145404,-0.013467826520019016,0.32128739617393115
2.8005601120224046,5.271680021246127,8.458805030410197,0.02423018691413309,-0.013392866853341935,0.3206301093066587
2.8015603120624126,4.981511639950392,8.515730472713416,0.024451753783600646,-0.01331928696455417,0.3198928036801485
2.8025605121024206,4.689186823543285,8.571551042221317,0.02466961011527745,-0.013247117601497157,0.3190752017902879
2.8035607121424286,4.3948475127954625,8.626259942293546,0.02488370697873407,-0.013176387842145683,0.31817706036992865
2.8045609121824366,4.098636478285208,8.679850534013093,0.02509399726112216,-0.013107125059347774,0.3171981705606543
2.8055611122224446,3.800697250345615,8.732316336836872,0.025300435673021676,-0.013039354888084054,0.3161383580682596
2.8065613122624526,3.501174048729495,8.783651029222652,0.025502978754424734,-0.012973101195300289,0.31499748330187294
2.8075615123024606,3.20021171202759,8.833848449231835,0.02570158488088162,-0.012908386052363104,0.31377544149666314
2.8085617123424687,2.897955626873296,8.882902595108481,0.025896214269830936,-0.012845229710185037,0.31247216282007784
2.8095619123824767,2.594551656971286,8.930807625834616,0.026086828987131945,-0.012783650577061285,0.3110876124615708
2.8105621124224847,2.290146071982187,8.977557861661353,0.026273392953813327,-0.012723665199256587,0.30962179070578183
2.8115623124624927,1.9848854763020156,9.023147784616347,0.02645587195304852,-0.012665288244376698,0.3080747329891426
2.8125625125025007,1.6789167377677399,9.0675720389872,0.026634233637363856,-0.012608532487554898,0.30644650993988864
2.8135627125425087,1.3723869163270777,9.110825431780722,0.026808447536081515,-0.01255340880047992,0.30473722740146625
2.8145629125825167,1.0654431927054029,9.152902933158742,0.026978485062995283,-0.012499926143287512,0.30294702643933213
2.8155631126225247,0.7582327971061129,9.19379967684943,0.027144319524272896,-0.012448091559333687,0.3010760833311499
2.8165633126625327,0.4509029379790752,9.233510960535005,0.02730592612657468,-0.012397910172863489,0.29912460954039666
2.8175635127025407,0.1436007308908605,9.272032246215407,0.027463281985374045,-0.012349385189584795,0.29709285167340216
2.8185637127425487,-0.16352687246652367,9.309359160547928,0.027616366133461318,-0.01230251790015236,0.2949810914198478
2.8195639127825567,-0.47033315509581647,9.345487495163239,0.027765159529608383,-0.012257307686562947,0.29278964547676467
2.8205641128225647,-0.7766717053076595,9.380413206957044,0.027909645067367633,-0.012213752031457968,0.29051886545607475
2.8215643128625727,-1.0823964870932392,9.414132418358273,0.028049807583974882,-0.0121718465303256,0.28816913777572917
2.8225645129025807,-1.3873619102223034,9.446641417573181,0.028185633869322067,-0.012131584906589879,0.2857408835345044
2.8235647129425887,-1.691422900031933,9.477936658805698,0.02831711267496196,-0.012092959029569758,0.2832345583705257
2.8245649129825967,-1.9944349668738484,9.508014762453927,0.02844423472310356,-0.012055958935286566,0.28065065230359476
2.8255651130226047,-2.2962542751841815,9.536872515282978,0.02856699271555345,-0.012020572850093742,0.2779896895614059
2.8265653130626127,-2.5967377121455395,9.564506870573867,0.028685381342555216,-0.011986787217098178,0.2752522283897438
2.8275655131026207,-2.895742955906287,9.590914948248992,0.02879939729147593,-0.011954586725337859,0.27243886084676266
2.8285657131426287,-3.1931285433248195,9.616094034973685,0.028909039255285873,-0.011923954341675931,0.2695502125814546
2.8295659131826367,-3.48875393720661,9.64004158423439,0.02901430794077502,-0.011894871345366749,0.26658694259642257
2.8305661132226447,-3.7824795930017836,9.662755216393208,0.029115206076447374,-0.011867317365244812,0.26354974299508055
2.8315663132626527,-4.074167024931714,9.68423271871889,0.029211738420031986,-0.011841270419482984,0.26043933871341174
2.8325665133026607,-4.363678871512203,9.704472045394468,0.029303911765547534,-0.011816706957861798,0.25725648723642164
2.8335667133426687,-4.650878960443382,9.723471317501513,0.02939173494985563,-0.011793601906487162,0.25400197829943133
2.8345669133826767,-4.935632372834875,9.741228822981038,0.029475218858636475,-0.011771928714889263,0.250676633574363
2.8355671134226847,-5.2178055067357825,9.757743016571178,0.029554376431719338,-0.011751659405431053,0.2472813063411766
2.8365673134626928,-5.497266139940049,9.77301251972172,0.029629222667699323,-0.011732764624950322,0.2438168811446241
2.8375675135027008,-5.7738834920366084,9.787036120485487,0.029699774627771288,-0.011715213698555039,0.24028427343649403
2.8385677135427088,-6.04752828567655,9.79981277338675,0.0297660514387113,-0.011698974685487404,0.23668442920352667
2.8395679135827168,-6.318072807026937,9.811341599266669,0.02982807429493601,-0.01168401443696791,0.23301832458118618
2.8405681136227248,-6.585390965385425,9.82162188510588,0.02988586645957042,-0.011670298655926652,0.2292869654534832
2.8415683136627328,-6.8493583519243995,9.830653083824345,0.029939453264455095,-0.011657791958525206,0.22549138703904723
2.8425685137027408,-7.109852297540928,9.838434814058473,0.02998886210902454,-0.011646457937368494,0.22163265346365557
2.8435687137427488,-7.3667519297827075,9.844966859915658,0.030034122457989604,-0.01163625922630247,0.21771185731943093
2.844568913782757,-7.619938228826397,9.850249170706395,0.03007526583775809,-0.01162715756668979,0.2137301192109266
2.8455691138227643,-7.869294082479448,9.854281860653913,0.030112325831529386,-0.011619113875052338,0.2096885872883254
2.8465693138627723,-8.114704340182914,9.85706520858159,0.030145338073001005,-0.011612088311966131,0.20558843676797278
2.8475695139027803,-8.35605586598878,9.858599657578125,0.030174340238626696,-0.011606040352091201,0.20143086944050734
2.8485697139427884,-8.59323759048808,9.858885814640688,0.03019937203836896,-0.011600928855216032,0.19721711316679494
2.8495699139827964,-8.826140561666453,9.857924450296066,0.030220475204890917,-0.011596712138193584,0.1929484213619416
2.8505701140228044,-9.054657994663318,9.855716498199977,0.030237693481135804,-0.011593348047643422,0.18862607246762716
2.8515703140628124,-9.278685320412766,9.852263054714644,0.030251072606245603,-0.011590794033292212,0.18425136941302064
2.8525705141028204,-9.498120233144022,9.847565378464767,0.03026066029977373,-0.011589007221822874,0.17982563906454052
2.8535707141428284,-9.712862736719806,9.841624889871973,0.030266506244150497,-0.0115879444911009,0.17535023166472927
2.8545709141828364,-9.922815189792729,9.834443170667935,0.030268662065364008,-0.011587562544644835,0.17082652026051562
2.8555711142228444,-10.127882349758567,9.82602196338625,0.030267181311823203,-0.011587817986206653,0.16625590012114308
2.8565713142628524,-10.327971415487848,9.816363170833167,0.030262119431374242,-0.011588667394326797,0.1616397881460479
2.8575715143028604,-10.522992068815807,9.805468855537411,0.030253533746445804,-0.011590067396727927,0.1569796222629739
2.8585717143428684,-10.712856514774138,9.793341239179096,0.030241483427303595,-0.01159197474441099,0.15227686081661654
2.8595719143828764,-10.897479520545119,9.779982701998001,0.03022602946339915,-0.011594346385317141,0.14753298194809172
2.8605721144228844,-11.07677845312253,9.765395782181278,0.030207234632802935,-0.011597139537419116,0.14274948296553014
2.8615723144628924,-11.250673315662668,9.749583175230725,0.03018516346971678,-0.011600311761106234,0.1379278797061005
2.8625725145029004,-11.419086782509972,9.732547733309792,0.030159882230065826,-0.011603821030727872,0.13306970588977002
2.8635727145429084,-11.581944232881975,9.714292464570486,0.030131458855175278,-0.011607625805161401,0.12817651246511316
2.8645729145829164,-11.73917378320007,9.694820532460364,0.030099962933542564,-0.011611685097271923,0.1232498669474832
2.8655731146229244,-11.89070631805236,9.674135255009622,0.03006546566072073,-0.011615958542132864,0.11829135274986506
2.8665733146629324,-12.036475519774827,9.652240104098581,0.03002803979733414,-0.011620406463878465,0.11330256850672998
2.8675735147029404,-12.176417896640574,9.629138704705683,0.029987759625252818,-0.011624989941061549,0.10828512739121643
2.8685737147429484,-12.31047280964389,9.604834834136161,0.029944700901957055,-0.011629670870392551,0.1032406564259637
2.8695739147829564,-12.438582497869366,9.5793324212315,0.029898940813128952,-0.011634412028738732,0.09817079578792777
2.8705741148229644,-12.56069210243602,9.552635545560003,0.029850557923512766,-0.01163917713326571,0.09307719810751121
2.8715743148629724,-12.67674968900694,9.524748436588325,0.029799632126090905,-0.011643930899606986,0.08796152776234104
2.8725745149029804,-12.786706268855848,9.495675472834577,0.029746244589627255,-0.011648639097950927,0.08282546016603103
2.8735747149429884,-12.890515818482948,9.465421181002846,0.029690477704634396,-0.011653268606938747,0.07767068105226627
2.8745749149829964,-12.988135297772885,9.433990235099246,0.029632415027825754,-0.011657787465271416,0.07249888575455013
2.8755751150230044,-13.079524666688187,9.401387455530184,0.029572141225118264,-0.01166216492092801,0.0673117784819551
2.8765753150630125,-13.164646900492906,9.367617808182287,0.02950974201325534,-0.011666371477902898,0.06211107159122031
2.8775755151030205,-13.243468003501217,9.332686403484862,0.02944530410012402,-0.011670378940374255,0.056898484855540124
2.8785757151430285,-13.315957021346883,9.296598495454598,0.02937891512384398,-0.01167416045422174,0.05167574473038905
2.8795759151830365,-13.38208605177011,9.25935948072283,0.029310663590709746,-0.011677690545816698,0.04644458361672923
2.8805761152230445,-13.441830253919143,9.2209748975458,0.029240638812070736,-0.01168094515801399,0.04120673912194754
2.8815763152630525,-13.495167856164334,9.181450424797541,0.029168930840236928,-0.011683901683280486,0.035963953318869854
2.8825765153030605,-13.54208016242359,9.140791880946399,0.029095630403500748,-0.011686538993901313,0.03071797200320056
2.8835767153430685,-13.58255155699863,9.099005223014426,0.02902082884036829,-0.011688837469211247,0.025470543949735573
2.8845769153830765,-13.616569507922287,9.0560965455206,0.02894461803309531,-0.011690779019804913,0.020223420167697223
2.8855771154230845,-13.644124568817386,9.012072079407812,0.02886709034062525,-0.01169234710868604,0.014978353155539283
2.8865773154630925,-13.665210379269457,8.966938190953654,0.028788338531028385,-0.011693526769322511,0.009737096155570186
2.8875775155031005,-13.679823663714997,8.92070138066541,0.02870845571354228,-0.01169430462058067,0.004501402408741995
2.8885777155431085,-13.687964228848683,8.873368282159513,0.02862753527031499,-0.011694668878519006,-0.0007269755900478
2.8895779155831165,-13.689634959553318,8.824945661025339,0.028545670787952906,-0.011694609365028153,-0.005946286835795455
2.8905781156231245,-13.684841813356853,8.775440413673925,0.02846295598897567,-0.011694117513310839,-0.011154782556025731
2.8915783156631325,-13.673593813421782,8.724859566171714,0.028379484663280545,-0.01169318637020227,-0.01635071695187802
2.8925785157031405,-13.655903040072827,8.673210273059139,0.028295350599718324,-0.011691810595338156,-0.02153234793730082
2.8935787157431485,-13.631784620869448,8.620499816155,0.028210647517882305,-0.011689986457184295,-0.026697937876012975
2.8945789157831565,-13.601256719230564,8.566735603346222,0.02812546900021088,-0.011687711825948318,-0.03184575431589165
2.8955791158231645,-13.564340521619416,8.51192516736346,0.028039908424503067,-0.011684986163400796,-0.03697407072044884
2.8965793158631725,-13.521060223297303,8.456076164542663,0.027954058896944745,-0.011681810509639366,-0.04208116719705994
2.8975795159031805,-13.471443012655504,8.399196373573062,0.027868013185741516,-0.011678187466835972,-0.04716533122161016
2.8985797159431885,-13.415519054135418,8.341293694231275,0.027781863655451967,-0.011674121180013526,-0.05222485835922661
2.8995799159831965,-13.353321469747724,8.282376146102584,0.027695702202112628,-0.01166961731490444,-0.057258052980766354
2.9005801160232045,-13.284886319201686,8.222451867288546,0.02760962018924332,-0.011664683032949414,-0.062263228974733256
2.9015803160632125,-13.210252578657059,8.161529113102267,0.027523708384818532,-0.011659326963500664,-0.06723871045429902
2.9025805161032205,-13.129462118110597,8.099616254750456,0.027438056899287275,-0.0116535591732993,-0.07218283245910691
2.9035807161432285,-13.042559677431134,8.036721778003525,0.027352755124720466,-0.011647391133302036,-0.07709394165153911
2.9045809161832365,-12.949592841056756,7.972854281853215,0.027267891675161176,-0.011640835682937481,-0.08197039700713254
2.9055811162232446,-12.85061201136875,7.908022477158255,0.027183554328249246,-0.011633906991877245,-0.08681057049883048
2.9065813162632526,-12.745670380757543,7.842235185278222,0.02709982996818767,-0.011626620519411763,-0.09161284777476131
2.9075815163032606,-12.634823902396162,7.775501336696086,0.027016804530114003,-0.011618992971525207,-0.09637562882923899
2.9085817163432686,-12.51813125973799,7.70782996962916,0.026934562945935586,-0.011611042255767976,-0.10109732866668361
2.9095819163832766,-12.395653834755457,7.639230228629032,0.026853189091682935,-0.011602787434029215,-0.10577637795816425
2.9105821164232846,-12.267455674937224,7.569711363170912,0.026772765736430955,-0.011594248673315427,-0.11041122369027036
2.9115823164632926,-12.133603459062227,7.4992827262318285,0.026693374492832947,-0.011585447194644596,-0.11500032980602193
2.9125825165033006,-11.99416646176876,7.427953772859069,0.026615095769307578,-0.01157640522016828,-0.11954217783753299
2.9135827165433086,-11.849216516938347,7.355734058727794,0.026538008723914056,-0.011567145918636964,-0.12403526753014735
2.9145829165833166,-11.69882797991384,7.282633238689458,0.0264621912199459,-0.011557693349326357,-0.12847811745776994
2.9155831166233246,-11.543077688571868,7.2086610653098075,0.026387719783268766,-0.0115480724045446,-0.132869265629122
2.9165833166633326,-11.38204492327091,7.133827387397943,0.026314669561422768,-0.011538308750842153,-0.13720727008465242
2.9175835167033406,-11.215811365695792,7.058142148525934,0.026243114284504945,-0.011528428769047767,-0.14149070948384343
2.9185837167433486,-11.044461056620534,6.981615385539469,0.0261731262278425,-0.01151845949325526,-0.14571818368265285
2.9195839167833566,-10.8680803526119,6.90425722705977,0.026104776176462716,-0.011508428548886764,-0.1498883143008407
2.9205841168233646,-10.686757881696517,6.826077891976931,0.02603813339136062,-0.011498364089958895,-0.15399974527893318
2.9215843168633726,-10.50058449801429,6.74708768793512,0.025973265577560797,-0.011488294735678667,-0.158051143424582
2.9225845169033806,-10.309653235482179,6.667297009809654,0.02591023885396522,-0.01147824950649617,-0.1620411989480832
2.9235847169433886,-10.114059260491917,6.586716338176097,0.02584911772497446,-0.011468257759740896,-0.16596862598682374
2.9245849169833966,-9.913899823666913,6.5053562377721486,0.025789965053865334,-0.011458349124968162,-0.1698321631184318
2.9255851170234046,-9.709274210702425,6.423227355951908,0.025732842037903922,-0.011448553439141505,-0.17363057386241004
2.9265853170634126,-9.500283692314769,6.340340421133069,0.0256778081851688,-0.011438900681775938,-0.17736264717003924
2.9275855171034206,-9.287031473324806,6.256706241237503,0.025624921293055592,-0.011429420910165855,-0.18102719790234373
2.9285857171434286,-9.069622640902525,6.1723357021248715,0.02557423742843025,-0.011420144194819954,-0.18462306729591713
2.9295859171834366,-8.848164111997626,6.087239766020163,0.025525810909395038,-0.011411100555223928,-0.18814912341641288
2.9305861172234446,-8.622764579984894,6.001429469934909,0.025479694288628042,-0.011402319896049876,-0.1916042615995094
2.9315863172634526,-8.393534460549285,5.9149159240826075,0.025435938338253878,-0.011393831943929273,-0.19498740487916721
2.9325865173034606,-8.160585836839306,5.827710310288332,0.025394592036200685,-0.011385666184904157,-0.19829750440300045
2.9335867173434687,-7.924032403916464,5.739823880393307,0.025355702553995767,-0.011377851802668733,-0.2015335398345925
2.9345869173834767,-7.683989412527737,5.651267954653617,0.02531931524595008,-0.011370417617710975,-0.2046945197425913
2.9355871174234847,-7.44057361223016,5.5620539201346535,0.025285473639679673,-0.011363392027461061,-0.20777948197642698
2.9365873174634927,-7.193903193895382,5.4721932291004585,0.025254219427910354,-0.01135680294755052,-0.2107874940285
2.9375875175035007,-6.944097731623313,5.3816973973987805,0.025225592461510415,-0.011350677754282907,-0.2137176533826964
2.9385877175435087,-6.691278124093759,5.2905780028419525,0.025199630743694856,-0.011345043228413619,-0.2165690878490914
2.9395879175835167,-6.435566535384885,5.198846683583243,0.02517637042534362,-0.011339925500333102,-0.21934095588471086
2.9405881176235247,-6.177086335287525,5.1065151364904215,0.025155845801375525,-0.011335349996744301,-0.22203244690022633
2.9415883176635327,-5.915962039146101,5.013595115514833,0.02513808930811912,-0.011331341388921615,-0.22464278155246598
2.9425885177035407,-5.6523192472545505,4.920098430057993,0.025123131521621447,-0.011327923542634982,-0.22717121202263124
2.9435887177435487,-5.386284583837226,4.826036943334345,0.02511100115683565,-0.011325119469819032,-0.22961702228011557
2.9445889177835567,-5.117985635645749,4.731422570732067,0.025101725067628707,-0.011322951282063386,-0.2319795283318282
2.9455891178235647,-4.84755089020068,4.636267278170635,0.025095328247551,-0.01132144014599638,-0.2342580784569338
2.9465893178635727,-4.575109673708942,4.540583080456243,0.025091833831310247,-0.011320606240630525,-0.23645205342692527
2.9475895179035807,-4.300792088686719,4.44438203963562,0.02509126309689321,-0.011320468716734072,-0.2385608667109536
2.9485897179435887,-4.024728951319105,4.347676263346919,0.02509363546827995,-0.011321045658289064,-0.24058396466634713
2.9495899179835967,-3.747051728585737,4.250477903170044,0.025098968518696616,-0.01132235404609217,-0.2425208267142577
2.9505901180236047,-3.4678924751836426,4.152799152975079,0.025107277974354626,-0.01132440972355059,-0.2443709655003802
2.9515903180636127,-3.1873837702778247,4.054652247269495,0.02511857771862573,-0.011327227364721231,-0.24613392704069778
2.9525905181036207,-2.90565865410993,3.956049459544667,0.025132879796604612,-0.011330820444637237,-0.24780929085221254
2.9535907181436287,-2.622850564495436,3.857003100621517,0.025150194420012793,-0.011335201211961897,-0.249396670068629
2.9545909181836367,-2.339093273239482,3.7575255169957344,0.025170529972400095,-0.01134038066400587,-0.25089571154096413
2.9555911182236447,-2.0545208225034184,3.657629089182838,0.025193893014602318,-0.011346368524139542,-0.252306095923065
2.9565913182636527,-1.7692674611502082,3.557326230063089,0.02522028829041657,-0.011353173221628297,-0.2536275377420229
2.9575915183036607,-1.483467581100999,3.456629383226685,0.02524971873245843,-0.01136080187391441,-0.2548597854534785
2.9585917183436687,-1.1972556537323817,3.3555510213195476,0.025282185468168142,-0.011369260271365225,-0.2560026214818212
2.9595919183836767,-0.9107661663441697,3.254103644389429,0.025317687825935912,-0.011378552864503275,-0.25705586224529203
2.9605921184236847,-0.6241335587291595,3.1522997782332025,0.025356223341319747,-0.011388682753730017,-0.2580193581660064
2.9615923184636928,-0.3374921598732109,3.050151972745396,0.025397787763332215,-0.011399651681550872,-0.25889299366492063
2.9625925185037008,-0.05097612481694179,2.9476728002676125,0.025442375060776,-0.01141146002730536,-0.25967668714177267
2.9635927185437088,0.23528062829232826,2.844874853939848,0.02548997742861131,-0.011424106804402208,-0.2603703909400349
2.9645929185837168,0.5211444809274727,2.7417707460536747,0.025540585294341642,-0.01143758966005546,-0.26097409129692273
2.9655931186237248,0.8064821766589915,2.6383731064072276,0.025594187324407717,-0.011451904877513797,-0.2614878082785115
2.9665933186637328,1.0911608833535493,2.5346945806624284,0.025650770430582823,-0.011467047380771499,-0.2619115957000192
2.9675935187037408,1.3750482550646623,2.430747828704719,0.02571031977636624,-0.011483010741745759,-0.2622455410313202
2.9685937187437488,1.6580124935848213,2.326545523005603,0.025772818783374694,-0.01149978718990134,-0.2624897652877617
2.969593918783757,1.939922409634468,2.222100346987867,0.025838249137735154,-0.011517367624299953,-0.2626444229063623
2.970594118823765,2.220647483654486,2.1174249933939655,0.025906590796485645,-0.011535741628048109,-0.2627097016074768
2.971594318863773,2.5000579261792204,2.0125321626577146,0.025977821993993858,-0.01155489748511368,-0.26268582224201964
2.972594518903781,2.778024737756757,1.907434561279377,0.026051919248406576,-0.011574822199477872,-0.26257303862434556
2.973594718943789,3.0544197683939,1.8021449002050314,0.026128857368145995,-0.011595501516585886,-0.26237163735089203
2.974594918983797,3.32911577649557,1.6966758932089172,0.026208609458471935,-0.011616919947056142,-0.262081937604695
2.975595119023805,3.601986487271832,1.591040255280974,0.026291146928131903,-0.01163906079260461,-0.2617042909458956
2.976595319063813,3.8729066505871423,1.4852507010179765,0.026376439496123585,-0.011661906174137487,-0.2612390810883616
2.977595519103821,4.141752098224727,1.3793199430196523,0.026464455198597078,-0.011685437061962262,-0.2606867236625543
2.978595719143829,4.408399800539263,1.2732606902892203,0.026555160395926553,-0.011709633308064024,-0.26004766596477685
2.979595919183837,4.672727922473904,1.1670856466394635,0.02664851977998339,-0.011734473680390784,-0.25932238669294627
2.980596119223845,4.934615878914997,1.0608075091034137,0.026744496381645007,-0.011759935899088511,-0.2585113956690383
2.981596319263853,5.1939443893605075,0.9544389663504813,0.026843051578575566,-0.011785996674623676,-0.2576152335483584
2.982596519303861,5.45059553187579,0.8479926971087184,0.026944145103316528,-0.01181263174772812,-0.25663447151579993
2.983596719343869,5.704452796315664,0.7414813685920076,0.02704773505172672,-0.0118398159310983,-0.2555697109692547
2.984596919383877,5.955401136785639,0.6349176349338502,0.02715377789181295,-0.011867523152778173,-0.25442158319034786
2.985597119423885,6.20332702332133,0.528314135627026,0.027262228472993484,-0.011895726501152353,-0.25319074900267385
2.986597319463893,6.448118492762385,0.42168349396982124,0.027373040035837716,-0.011924398271473523,-0.251877898417716
2.987597519503901,6.689665198797992,0.3150383155185091,0.027486164222326224,-0.01195351001384567,-0.25048375026863756
2.988597719543909,6.927858461162344,0.2083911865467736,0.027601551086675957,-0.011983032582582225,-0.2490090518321373
2.989597919583917,7.1625913139590205,0.1017546725119079,0.0277191491067758,-0.012012936186855925,-0.2474545784385679
2.990598119623925,7.393758553091831,-0.004858683471815725,0.02783890519627788,-0.01204319044255499,-0.24582113307052014
2.991598319663933,7.621256782783028,-0.11143636215227647,0.027960764717390008,-0.01207376442525809,-0.24410954595008133
2.992598519703941,7.844984461157262,-0.21796586965152442,0.028084671494414366,-0.012104626724238605,-0.24232067411498098
2.993598719743949,8.064841944872843,-0.32443473897022357,0.028210567828077158,-0.01213574549740676,-0.24045540098384116
2.994598919783957,8.280731532780383,-0.43083053148377126,0.02833839451069318,-0.012167088527096493,-0.238514635910754
2.995599119823965,8.492557508590105,-0.5371408384306297,0.028468090842208516,-0.012198623276602252,-0.2364993137294131
2.996599319863973,8.700226182530217,-0.6433532823929053,0.02859959464716331,-0.012230316947369407,-0.23441039428703003
2.997599519903981,8.903645931978204,-0.7494555187677976,0.028732842292615447,-0.012262136536740596,-0.23224886196827113
2.998599719943989,9.102727241048392,-0.8554352372312366,0.028867768707064312,-0.012294048896159104,-0.2300157252094543
2.999599919983997,9.29738273911864,-0.9612801631926172,0.029004307400412217,-0.012326020789729232,-0.22771201600324906
3.000600120024005,9.487527238280174,-1.066978059240179,0.029142390484999135,-0.012358018953032754,-0.22533878939412735
3.001600320064013,9.673077769696294,-1.1725167265782857,0.029281948697744333,-0.012390010152099696,-0.22289712296481637
3.002600520104021,9.853953618852877,-1.2778840064545942,0.029422911423426224,-0.012421961242431116,-0.22038811631400773
3.003600720144029,10.030076359688309,-1.3830677815788,0.029565206719129395,-0.012453839227971051,-0.21781289052558164
3.004600920184037,10.201369887587747,-1.488055977530667,0.029708761339885086,-0.012485611319924553,-0.21517258762960734
3.005601120224045,10.367760451229005,-1.5928365641597404,0.029853500765528795,-0.012517244995318574,-0.21246837005538483
3.006601320264053,10.529176683267483,-1.697397556974316,0.02999934922879568,-0.012548708055202591,-0.2097014200767958
3.007601520304061,10.685549629847891,-1.8017270185207883,0.03014622974467152,-0.012579968682386016,-0.20687293925023442
3.008601720344069,10.836812778930973,-1.9058130597526624,0.030294064141013842,-0.012610995498609952,-0.20398414784539198
3.009601920384077,10.9829020874248,-2.009643841389708,0.030442773090454567,-0.012641757621051415,-0.20103628426917167
3.010602120424085,11.123756007110302,-2.1132075752660646,0.030592276143592206,-0.012672224718058976,-0.19803060448301243
3.011602320464093,11.25931550935074,-2.21649252566826,0.03074249176347827,-0.012702367064019756,-0.19496838141390338
3.012602520504101,11.389524108576671,-2.3194870106625904,0.030893337361398994,-0.012732155593258925,-0.19185090435937244
3.013602720544109,11.514327884537474,-2.422179403411087,0.031044729333949948,-0.012761561952874232,-0.18867947838673482
3.014602920584117,11.633675503311743,-2.5245581334769778,0.03119658310139758,-0.012790558554409652,-0.18545542372688958
3.015603120624125,11.747518237068872,-2.626611688119014,0.031348813147318015,-0.012819118624274073,-0.18218007516295354
3.016603320664133,11.855809982575488,-2.7283286135741904,0.031501333059499814,-0.012847216252812847,-0.17885478141402422
3.017603520704141,11.958507278440585,-2.8296975163294062,0.031654055572093796,-0.012874826441942277,-0.17548090451436477
3.018603720744149,12.055569321093635,-2.9307070643812603,0.031806892608989334,-0.012901925151259395,-0.17205981918830512
3.019603920784157,12.146957979491031,-3.0313459884845884,0.031959755328392854,-0.012928489342542005,-0.16859291222115558
3.020604120824165,12.232637808546441,-3.131603083389088,0.03211255416858084,-0.012954497022556634,-0.1650815818264292
3.021604320864173,12.312576061281407,-3.2314672090636205,0.03226519889479588,-0.012979927284095041,-0.16152723700967123
3.022604520904181,12.386742699693345,-3.330927291909097,0.03241759864725104,-0.013004760345162944,-0.15793129692919436
3.023604720944189,12.455110404338432,-3.429972325958864,0.032569661990204286,-0.013028977586247959,-0.1542951902540193
3.024604920984197,12.517654582627289,-3.528591374066839,0.03272129696206131,-0.013052561585597184,-0.1506203545193206
3.025605121024205,12.574353375832557,-3.6267735690835052,0.03287241112646216,-0.013075496152438438,-0.14690823547967866
3.026605321064213,12.625187664807862,-3.724508115018829,0.033022911624303604,-0.013097766358082947,-0.14316028646043844
3.027605521104221,12.670141074417804,-3.8217842881933497,0.033172705226646504,-0.013119358564851209,-0.1393779677074762
3.028605721144229,12.709199976679765,-3.9185914383759677,0.03332169838845429,-0.013140260452767748,-0.13556274573567517
3.029605921184237,12.742353492619,-4.014918989909221,0.03346979730310628,-0.013160461043974754,-0.13171609267641096
3.030606121224245,12.769593492838425,-4.1107564428212555,0.033616907957626646,-0.013179950724818814,-0.12783948562434774
3.031606321264253,12.790914596805857,-4.206093373925271,0.03376293618856785,-0.013198721265569442,-0.12393440598384528
3.032606521304261,12.806314170861533,-4.300919437905525,0.0339077877384847,-0.0132167658377326,-0.12000233881527647
3.033606721344269,12.815792324949633,-4.395224368390022,0.034051368312933546,-0.013234079028927042,-0.11604477218155462
3.034606921384277,12.819351908078021,-4.488997979010089,0.03419358363792901,-0.01325065685529601,-0.11206319649516872
3.035607121424285,12.81699850251097,-4.5822301644465915,0.034334339517789136,-0.013266496771431593,-0.10805910386602385
3.036607321464293,12.808740416700255,-4.674910901462245,0.034473541893298286,-0.013281597677793902,-0.10403398745038318
3.037607521504301,12.794588676960636,-4.767030249920914,0.034611096900115934,-0.013295959925612085,-0.09998934080120624
3.038607721544309,12.774557017896221,-4.85857835379265,0.034746910927358425,-0.013309585319259165,-0.09592665722017728
3.039607921584317,12.748661871584861,-4.94954544214509,0.03488089067627994,-0.01332247711609757,-0.09184742911171598
3.040608121624325,12.716922355528235,-5.039921830121621,0.03501294321897832,-0.013334640023797266,-0.08775314733926068
3.041608321664333,12.679360259375885,-5.129697919904692,0.03514297605705092,-0.013346080195133288,-0.08364530058411307
3.042608521704341,12.636000030432001,-5.2188642016655375,0.035270897180125625,-0.013356805220274456,-0.07952537470713127
3.043608721744349,12.586868757954345,-5.307411254500138,0.03539661512419204,-0.01336682411657999,-0.07539485211355597
3.044608921784357,12.531996156255065,-5.395329747350463,0.03552003902965824,-0.013376147315925577,-0.07125521112125238
3.045609121824365,12.471414546614037,-5.482610439911674,0.03564107869905886,-0.013384786649585336,-0.06710792533264848
3.046609321864373,12.405158838015641,-5.569244183525339,0.03575964465434103,-0.013392755330700848,-0.06295446301064751
3.047609521904381,12.333266506720292,-5.655221922057795,0.03587564819365552,-0.013400067934373155,-0.05879628645879024
3.048609721944389,12.255777574682943,-5.740534692764454,0.03598900144758155,-0.013406740375418216,-0.05463485140593983
3.049609921984397,12.172734586831115,-5.825173627139608,0.03609961743471511,-0.01341278988383083,-0.050471606395759476
3.050610122024405,12.084182587215167,-5.909129951751241,0.03620741011655195,-0.01341823497800644,-0.04630799218124987
3.051610322064413,11.990169094044687,-5.9923949890619665,0.03631229445159819,-0.013423095435774537,-0.042145441124610925
3.052610522104421,11.890744073624996,-6.074960158234529,0.036414186448643415,-0.013427392263301459,-0.037985376602688664
3.053610722144429,11.785959913207833,-6.156816975923265,0.03651300321913297,-0.013431147661924516,-0.03382921241826521
3.054610922184437,11.675871392771562,-6.237957057050516,0.03660866302857858,-0.013434384992983108,-0.02967835221744642
3.055611122224445,11.56053565574672,-6.318372115568085,0.036701085346948534,-0.013437128740716285,-0.025534188913398183
3.056611322264453,11.440012178701654,-6.398053965203985,0.036790190897981426,-0.013439404473299697,-0.021398104116678942
3.057611522304461,11.31436274000571,-6.476994520194533,0.036875901707369846,-0.013441238802098254,-0.01727146757241231
3.058611722344469,11.183651387486332,-6.55518579600094,0.03695814114976333,-0.013442659339213977,-0.01315563660453976
3.059611922384477,11.04794440509683,-6.632619910011594,0.037036833994542676,-0.013443694653411505,-0.009051955567389688
3.060612122424485,10.907310278613588,-6.709289082228714,0.037111906450320746,-0.01344437422450652,-0.004961755304795076
3.061612322464493,10.761819660379308,-6.785185635940466,0.03718328620812788,-0.013444728396304933,-0.0008863526169878592
3.062612522504501,10.611545333111742,-6.860301998377604,0.03725090248324328,-0.013444788328183027,0.0031729502645059474
3.063612722544509,10.456562172796831,-6.934630701355232,0.03731468605563693,-0.013444585945400957,0.007214866193750565
3.064612922584517,10.29694711068436,-7.008164381899304,0.03737456930898979,-0.013444153888243934,0.011238123618848996
3.065613122624525,10.13277909440685,-7.080895782858184,0.03743048626826341,-0.013443525460087136,0.015241467081744606
3.066613322664533,9.964139048241455,-7.152817753498666,0.03748237263579356,-0.013442734574481965,0.019223657709169496
3.067613522704541,9.791109832534458,-7.223923250087118,0.0375301658258855,-0.013441815701362467,0.023183473694537764
3.068613722744549,9.613776202309504,-7.294205336455174,0.037573804997892396,-0.013440803812471893,0.027119710770586544
3.069613922784557,9.432224765081008,-7.363657184550325,0.03761323108776119,-0.013439734326110161,0.031031182672572384
3.070614122824565,9.246543937892906,-7.4322720749711495,0.03764838683803415,-0.013438643051303649,0.0349167215918356
3.071614322864573,9.05682390360548,-7.500043397487383,0.037679216826297206,-0.0134375661314991,0.03877517861954984
3.0726145229045807,8.863156566451032,-7.566964651544602,0.03770566749206975,-0.01343653998788368,0.04260542418047773
3.0736147229445887,8.665635506881834,-7.633029446753811,0.037727687162133726,-0.013435601262433126,0.046406348456570046
3.0746149229845967,8.464355935731845,-7.698231503365327,0.03774522607430288,-0.013434786760789711,0.05017686180021574
3.0756151230246047,8.25941464771496,-7.762564652727907,0.037758236399636526,-0.013434133395071319,0.053915895137014426
3.0766153230646127,8.050909974283728,-7.826022837732088,0.03776667226310471,-0.013433678126712194,0.05762240035788893
3.0776155231046207,7.838941735870186,-7.888600113238673,0.03777048976271512,-0.013433457909435155,0.061295350700396475
3.0786157231446287,7.623611193533908,-7.950290646491478,0.03776964698711438,-0.013433509632453924,0.06493374111909044
3.0796159231846367,7.40502100003969,-8.01108871751514,0.03776410403167967,-0.013433870064003022,0.06853658864479192
3.0806161232246447,7.18327515038931,-8.07098871949751,0.03775382301311872,-0.013434575795291224,0.0721029327326358
3.0816163232646527,6.958478931831162,-8.129985159156698,0.03773876808259907,-0.013435663184972961,0.07563183559876108
3.0826165233046607,6.730738873372522,-8.18807265709296,0.03771890543742971,-0.013437168304230258,0.07912238254552177
3.0836167233446687,6.5001626948181945,-8.245245948125268,0.037694203331320425,-0.01343912688255586,0.08257368227509916
3.0846169233846767,6.266859255360188,-8.301499881612855,0.03766463208324636,-0.013441574254326065,0.08598486719140269
3.0856171234246847,6.030938501744123,-8.3568294217611,0.037630164084947106,-0.013444545306249556,0.089355093690152
3.0866173234646928,5.792511416035633,-8.411229647912746,0.037590773807091644,-0.013448074425776061,0.09268354243703865
3.0876175235047008,5.5516899630132075,-8.46469575482338,0.03754643780414178,-0.013452195450546206,0.09596941863387153
3.0886177235447088,5.308587037211319,-8.517223052922303,0.03749713471794858,-0.013456941618961177,0.09921195227261591
3.0896179235847168,5.063316409640502,-8.568806968557928,0.03744284528011728,-0.013462345521948076,0.10241039837724189
3.0906181236247248,4.815992674208068,-8.61944304422814,0.03738355231317762,-0.013468439055993946,0.1055640372333039
3.0916183236647328,4.566731193865912,-8.669126938795571,0.03731924073059727,-0.013475253377518412,0.1086721746051785
3.0926185237047408,4.315648046510434,-8.717854427688009,0.03724989753567705,-0.01348281885865182,0.11173414194089389
3.0936187237447488,4.062859970659832,-8.765621403083557,0.037175511819367374,-0.013491165044482561,0.11474929656449036
3.094618923784757,3.808484310935031,-8.81242387408092,0.03709607475704557,-0.013500320611833998,0.11771702185585663
3.095619123824765,3.552638963369226,-8.858257966854739,0.03701157960429447,-0.013510313329628097,0.12063672741799315
3.096619323864773,3.2954423205708077,-8.90311992479608,0.036922021691722616,-0.013521170020889465,0.12350784923165939
3.097619523904781,3.0370132167674275,-8.94700610863799,0.03682739841886658,-0.013532916526440054,0.1263298497973676
3.098619723944789,2.7774708727544066,-8.989912996566284,0.03672770924721576,-0.013545577670331281,0.12910221826469226
3.099619923984797,2.516934840774159,-9.031837184315492,0.03662295569239985,-0.01355917722705682,0.13182447054886953
3.100620124024805,2.255524949352428,-9.072775385250173,0.03651314131557869,-0.013573737890585715,0.13449614943466742
3.101620324064813,1.9933612481159946,-9.112724430431458,0.036398271714073734,-0.013589281245251928,0.13711682466751324
3.102620524104821,1.7305639526177785,-9.151681268669055,0.03627835451127985,-0.013605827738532784,0.13968609303187055
3.103620724144829,1.467253389194054,-9.189642966558603,0.03615339934589505,-0.013623396655745214,0.14220357841686423
3.104620924184837,1.2035499398799905,-9.226606708504544,0.036023417860505294,-0.013642006096685049,0.14466893186915736
3.105621124224845,0.9395739874082473,-9.262569796728462,0.0358884236895601,-0.013661672954231036,0.14708183163309024
3.106621324264853,0.6754458603148937,-9.297529651262982,0.035748432446773865,-0.01368241289493164,0.14944198317809754
3.107621524304861,0.41128577817865286,-9.331483809931601,0.03560346171198644,-0.013704240341589116,0.15174911921342465
3.108621724344869,0.147213797018736,-9.364429928313742,0.035453531017515166,-0.013727168457851765,0.15400299969017137
3.109621924384877,-0.11665024512659448,-9.396365779696001,0.035298661834029355,-0.013751209134821816,0.15620341179069558
3.110622124424885,-0.38018678241231996,-9.42728925500906,0.03513887755597651,-0.013776372979682793,0.15835016990541623
3.111622324464893,-0.6432765751694803,-9.457198362750265,0.03497420348658824,-0.013802669306346865,0.16044311559705993
3.112622524504901,-0.905800763631035,-9.486091228892702,0.034804666822492066,-0.013830106128119165,0.16248211755240166
3.113622724544909,-1.1676409213788421,-9.513966096779773,0.034630296637953764,-0.013858690152372823,0.16446707152155535
3.114622924584917,-1.4286791084862385,-9.54082132700607,0.034451123868773116,-0.01388842677722502,0.16639790024487575
3.115623124624925,-1.6887979243343263,-9.566655397284553,0.03426718129585433,-0.013919320090201219,0.16827455336753888
3.116623324664933,-1.9478805600777291,-9.591466902299748,0.03407850352847042,-0.01395137286887147,0.17009700734187327
3.117623524704941,-2.2058108507350416,-9.615254553547386,0.03388512698723932,-0.013984586583439608,0.17186526531751975
3.118623724744949,-2.4624733268848042,-9.638017179160416,0.03368708988682738,-0.014018961401263068,0.17357935701950383
3.119623924784957,-2.7177532659394865,-9.659753723721428,0.03348443221839449,-0.014054496193278082,0.17523933861430832
3.120624124824965,-2.9715367429793016,-9.680463248061704,0.0332771957317929,-0.014091188542302093,0.17684529256404102
3.121624324864973,-3.2237106811206093,-9.700144929046868,0.033065423917530236,-0.014129034753182394,0.17839732746879614
3.122624524904981,-3.474162901398548,-9.718798059349199,0.03284916198850545,-0.014168029864757261,0.17989557789731375
3.123624724944989,-3.7227821721413856,-9.73642204720686,0.03262845686152459,-0.014208167663593169,0.18134020420604707
3.124624924984997,-3.969458257815915,-9.753016416169817,0.03240335713860158,-0.014249440699459076,0.1827313923467516
3.125625125025005,-4.214081967321899,-9.768580804832892,0.03217391308804774,-0.014291840302496327,0.18406935366271568
3.126625325065013,-4.456545201715975,-9.783114966555804,0.031940176625351785,-0.014335356602040248,0.18535432467375718
3.127625525105021,-4.696741001342687,-9.796618769170307,0.03170220129385085,-0.014379978547047274,0.1865865668501146
3.128625725145029,-4.934563592354749,-9.809092194674623,0.03146004224519133,-0.014425693928079143,0.18776636637536753
3.129625925185037,-5.169908432600913,-9.820535338915144,0.031213756219576963,-0.014472489400793672,0.18889403389852438
3.130626125225045,-5.402672256863109,-9.830948411255632,0.030963401525800217,-0.01452035051088952,0.18996990427542074
3.131626325265053,-5.632753121422264,-9.840331734233763,0.030709038021051745,-0.014569261720450474,0.1909943362995762
3.132626525305061,-5.86005044793631,-9.84868574320548,0.030450727090501385,-0.014619206435632963,0.191967712422662
3.133626725345069,-6.084465066609455,-9.856010985976862,0.03018853162664315,-0.014670167035638771,0.1928904384647354
3.134626925385077,-6.305899258636598,-9.86230812242388,0.029922516008395496,-0.01472212490291332,0.19376294331440255
3.135627125425085,-6.524256797903931,-9.867577924100068,0.029652746079947234,-0.014775060454508385,0.19458567861907416
3.136627325465093,-6.739442991929603,-9.8718212738321,0.02937928912933864,-0.014828953174546702,0.19535911846548337
3.137627525505101,-6.951364722025888,-9.875039165303539,0.029102213866766428,-0.01488378164772462,0.19608375905063907
3.138627725545109,-7.159930482668332,-9.877232702626745,0.028821590402600673,-0.014939523593787765,0.19676011834339177
3.139627925585117,-7.365050420054526,-9.878403099903103,0.028537490225101138,-0.014996155902913656,0.1973887357367928
3.140628125625125,-7.566636369836838,-9.878551680771636,0.028249986177819996,-0.015053654671934131,0.1979701716914317
3.141628325665133,-7.764601894014681,-9.877679877946138,0.02795915243667759,-0.01511199524132973,0.19850500736994006
3.142628525705141,-7.958862316970113,-9.875789232740924,0.02766506448669754,-0.015171152232927303,0.19899384426285383
3.143628725745149,-8.149334760634092,-9.87288139458529,0.027367799098387376,-0.015231099588231585,0.19943730380602917
3.144628925785157,-8.335938178767737,-9.86895812052683,0.02706743430375082,-0.015291810607320875,0.1998360269898111
3.145629125825165,-8.518593390346265,-9.864021274723665,0.02676404937191779,-0.015353257988236621,0.20019067396015625
3.146629325865173,-8.697223112031692,-9.858072827925733,0.0264577247843784,-0.015415413866796355,0.20050192361191538
3.147629525905181,-8.871751989722132,-9.85111485694526,0.026148542209807456,-0.01547824985675929,0.20077047317448365
3.148629725945189,-9.042106629165644,-9.84314954411647,0.025836584478466172,-0.015541737090273806,0.2009970377900298
3.149629925985197,-9.208215625625828,-9.834179176744717,0.025521935556168357,-0.015605846258536093,0.20118235008451815
3.150630126025205,-9.370009592589492,-9.824206146545086,0.025204680517798773,-0.015670547652589392,0.2013271597317404
3.151630326065213,-9.52742118950452,-9.81323294907066,0.024884905520371918,-0.015735811204193536,0.20143223301057636
3.152630526105221,-9.680385148537145,-9.801262183130419,0.024562697775620226,-0.015801606526694902,0.2014983523557056
3.153630726145229,-9.828838300340815,-9.788296550197126,0.024238145522101393,-0.015867902955827365,0.20152631590199424
3.154630926185237,-9.972719598824435,-9.774338853805075,0.023911337996815354,-0.01593466959037546,0.2015169370227838
3.155631126225245,-10.111970144913373,-9.759391998937943,0.023582365406322366,-0.01600187533263167,0.2014710438623105
3.156631326265253,-10.246533209293892,-9.743458991406861,0.023251318897354597,-0.01606948892858067,0.2013894788624863
3.157631526305261,-10.376354254132648,-9.726542937218792,0.022918290526914666,-0.01613747900774413,0.20127309828427434
3.158631726345269,-10.501380953764697,-9.708647041935407,0.022583373231855643,-0.016205814122620933,0.20112277172389376
3.159631926385277,-10.62156321434233,-9.689774610022372,0.022246660797938203,-0.016274462787658667,0.20093938162409014
3.160632126425285,-10.736853192438693,-9.669929044189512,0.02190824782836177,-0.016343393517693598,0.20072382278071005
3.161632326465293,-10.847205312599582,-9.649113844721672,0.02156822971176774,-0.01641257486579764,0.20047700184481898
3.162632526505301,-10.952576283838788,-9.627332608800467,0.02122670258971415,-0.016481975460472368,0.20019983682060427
3.163632726545309,-11.052925115071343,-9.60458902981722,0.02088376332362246,-0.01655156404213159,0.19989325655930507
3.164632926585317,-11.148213129479988,-9.580886896676962,0.020539509461198396,-0.016621309498815812,0.19955820024941287
3.165633126625325,-11.2384039778118,-9.556230093093705,0.020194039202330257,-0.01669118090108346,0.19919561690338786
3.166633326665333,-11.323463650600123,-9.530622596877366,0.0198474513644693,-0.01676114753602584,0.19880646484113584
3.167633526705341,-11.403360489309922,-9.504068479211876,0.019499845347498344,-0.01683117894035449,0.19839171117049306
3.168633726745349,-11.478065196403405,-9.476571903925329,0.019151321098096002,-0.016901244932511845,0.19795233126496548
3.169633926785357,-11.547550844324034,-9.448137126751723,0.018801979073605393,-0.016971315643758006,0.1974893082389708
3.170634126825365,-11.611792883397213,-9.418768494584665,0.018451920205417482,-0.017041361548188808,0.19700363242083124
3.171634326865373,-11.670769148646972,-9.388470444723145,0.018101245861880652,-0.01711135349164247,0.19649630082376607
3.172634526905381,-11.724459865527798,-9.357247504109576,0.017750057810749363,-0.017181262719454544,0.19596831661513245
3.173634726945389,-11.772847654571466,-9.325104288560025,0.017398458181186103,-0.017251060903023235,0.19542068858416423
3.174634926985397,-11.815917534949566,-9.292045501986902,0.017046549425332146,-0.01732072016514964,0.19485443060845759
3.175635127025405,-11.853656926952393,-9.258075935614354,0.016694434279463852,-0.017390213104119954,0.19427056111945276
3.176635327065413,-11.886055653385842,-9.22320046718619,0.01634221572475252,-0.01745951281649932,0.19367010256716072
3.177635527105421,-11.913105939887814,-9.187424060166752,0.015989996947646884,-0.01752859291860953,0.19305408088438342
3.178635727145429,-11.934802414166963,-9.150751762934732,0.01563788129989864,-0.01759742756666559,0.19242352495067616
3.179635927185437,-11.951142104166191,-9.113188707969929,0.0152859722582523,-0.017665991475548686,0.19177946605629936
3.180636127225445,-11.9621244351545,-9.074740111033542,0.01493437338382184,-0.017734259936196088,0.19112293736640715
3.181636327265453,-11.967751225750893,-9.03541127034145,0.014583188281177537,-0.017802208831591,0.1904549733857191
3.182636527305461,-11.968026682884526,-8.995207565731372,0.0142325205571673,-0.017869814651338443,0.18977660942392047
3.183636727345469,-11.962957395695994,-8.954134457823148,0.013882473779497695,-0.017937054504815874,0.1890888810620358
3.184636927385477,-11.952552328384812,-8.912197487173263,0.01353315143510063,-0.01800390613289022,0.188392823620019
3.185637127425485,-11.936822812008819,-8.869402273422967,0.013184656888312427,-0.018070347918195725,0.18768947162580252
3.186637327465493,-11.915782535241576,-8.825754514440453,0.012837093338892647,-0.018136358893969962,0.18697985828604669
3.187637527505501,-11.889447534094387,-8.781259985457133,0.012490563779910646,-0.018201918751448103,0.1862650149588286
3.188637727545509,-11.857836180609914,-8.735924538198384,0.012145170955528353,-0.018267007845818462,0.18554597062850903
3.189637927585517,-11.820969170534829,-8.689754100008418,0.011801017318708236,-0.01833160720074507,0.1848237513830137
3.190638127625525,-11.778869509979456,-8.642754672969934,0.011458204988875774,-0.01839569851146588,0.18409937989376418
3.191638327665533,-11.731562501072679,-8.594932333018225,0.011116835709566092,-0.01845926414647798,0.1833738748984908
3.192638527705541,-11.67907572662096,-8.546293229050368,0.010777010806084631,-0.01852228714782388,0.18264825068715976
3.193638727745549,-11.621439033780494,-8.4968435820289,0.010438831143211915,-0.01858475122999572,0.18192351659124262
3.194638927785557,-11.558684516752397,-8.446589684081163,0.010102397082982559,-0.018646640777476846,0.18120067647655605
3.195639127825565,-11.490846498510587,-8.395537897593218,0.009767808442568679,-0.01870794084094285,0.18048072823989633
3.196639327865573,-11.417961511572999,-8.343694654299664,0.009435164452297853,-0.018768637132146736,0.17976466330969132
3.197639527905581,-11.340068277827006,-8.291066454368385,0.009104563713835643,-0.018828716017515363,0.1790534661508902
3.198639727945589,-11.257207687420166,-8.23765986548136,0.008776104158562519,-0.018888164510486753,0.17834811377430881
3.199639927985597,-11.16942277672784,-8.183481521910736,0.008449883006174804,-0.018946970262620294,0.17764957525064545
3.200640128025605,-11.076758705409828,-8.128538123591285,0.008125996723538937,-0.01900512155351407,0.1769588112293801
3.201640328065613,-10.979262732568463,-8.072836435188433,0.007804540983828006,-0.01906260727956586,0.17627677346276668
3.202640528105621,-10.876984192020416,-8.016383285162497,0.007485610625969081,-0.019119416941616455,0.17560440433512536
3.203640728145629,-10.769974466696175,-7.959185564829301,0.007169299614429418,-0.019175540631516046,0.17494263639763877
3.204640928185637,-10.658286962179762,-7.901250227417079,0.006855700999369069,-0.019230969017656318,0.17429239190885343
3.205641128225645,-10.541977079403058,-7.842584287119877,0.006544906877186895,-0.01928569332951289,0.1736545823810844
3.206641328265653,-10.421102186508751,-7.783194818147701,0.006237008351486332,-0.0193397053412444,0.17303010813291755
3.207641528305661,-10.295721589896289,-7.723088953773271,0.005932095494486657,-0.01939299735439632,0.17241985784800154
3.208641728345669,-10.165896504465836,-7.662273885375736,0.00563025730890477,-0.019445562179759096,0.17182470814031725
3.209641928385677,-10.031690023075168,-7.600756861481613,0.005331581690331819,-0.01949739311843168,0.17124552312610988
3.210642128425685,-9.893167085225246,-7.538545186802649,0.005036155390128228,-0.01954848394214297,0.17068315400266493
3.211642328465693,-9.750394444989393,-7.475646221271012,0.004744063978859934,-0.0195988288728848,0.17013843863410572
3.212642528505701,-9.603440638203915,-7.412067379071991,0.004455391810297822,-0.01964842256191137,0.1696122011443872
3.213642728545709,-9.452375948933899,-7.3478161276742355,0.004170221986001536,-0.01969726006816096,0.16910525151765582
3.214642928585717,-9.297272375233424,-7.282899986857556,0.0038886363205080333,-0.01974533683615672,0.16861838520614297
3.215643128625725,-9.138203594215032,-7.217326527738741,0.0036107153071443963,-0.019792648673444088,0.16815238274575445
3.216643328665733,-8.975244926447125,-7.1511033717949966,0.0033365380844835586,-0.0198391917276231,0.16770800937951524
3.217643528705741,-8.808473299695368,-7.084238189885802,0.003066182403460781,-0.019884962463034315,0.16728601468902496
3.218643728745749,-8.637967212026624,-7.016738701272644,0.002799724595167842,-0.019929957637157616,0.16688713223407461
3.2196439287857572,-8.463806694293238,-6.948612672637278,0.002537239539341077,-0.019974174276783396,0.16651207920057243
3.2206441288257652,-8.286073272015416,-6.879867917098394,0.0022788006335585443,-0.020017609654015778,0.16616155605692123
3.2216443288657732,-8.104849926680012,-6.810512293226658,0.0020244797631607863,-0.0200602612621677,0.16583624621898643
3.2226445289057812,-7.9202210564748174,-6.740553704058615,0.0017743472719088395,-0.020102126791607493,0.16553681572378934
3.2236447289457892,-7.732272436476683,-6.6700000961094705,0.001528471933392332,-0.020143204105616527,0.1652639129120559
3.2246449289857972,-7.541091178312215,-6.598859458384662,0.001286920923199741,-0.020183491216317108,0.16501816811974718
3.2256451290258052,-7.346765689310375,-6.527139821390524,0.0010497597918621316,-0.02022298626072944,0.16480019337869328
3.2266453290658133,-7.1493856311669415,-6.45484925614395,0.0008170524385809536,-0.020261687477015924,0.16461058212644777
3.2276455291058213,-6.949041878138877,-6.381995873182059,0.0005888610857497655,-0.0202995931809704,0.16444990892547573
3.2286457291458293,-6.745826474789513,-6.308587821570222,0.0003652462542790769,-0.02033670174280916,0.16431872919178386
3.2296459291858373,-6.5398325933036805,-6.23463328791066,0.00014626673973286647,-0.020373011564319737,0.16421757893309638
3.2306461292258453,-6.331154490392632,-6.160140495349834,-6.802041071531816e-05,-0.020408521056422428,0.164146974496676
3.2316463292658533,-6.119887463809684,-6.0851177025864445,-0.0002775599204993188,-0.020443228617198425,0.16410741232688522
3.2326465293058613,-5.906127808494906,-6.0095732028786815,-0.00048229830504362397,-0.020477132610437272,0.1640993687325773
3.2336467293458693,-5.689972772371231,-5.933515323051627,-0.0006821838923066274,-0.020510231344754992,0.16412329966440345
3.2346469293858773,-5.47152051181088,-5.8569524225054606,-0.0008771668424781215,-0.020542523053332876,0.16417964050211611
3.2356471294258853,-5.250870046793242,-5.779892892222691,-0.0010671991668256937,-0.020574005874325434,0.16426880585194537
3.2366473294658933,-5.02812121577458,-5.702345153777055,-0.001252234745685086,-0.02060467783198435,0.16439118935411928
3.2376475295059013,-4.8033746302896665,-5.624317658341877,-0.0014322293455899973,-0.020634536818543686,0.16454716350059542
3.2386477295459093,-4.576731629307183,-5.545818885699808,-0.001607140635537102,-0.020663580576909743,0.1647370794630653
3.2396479295859173,-4.348294233358642,-5.466857343252855,-0.0017769282023824213,-0.020691806684197202,0.1649612669312892
3.2406481296259253,-4.118165098461644,-5.387441565033167,-0.001941553565365423,-0.02071921253615116,0.1652200339618137
3.2416483296659333,-3.886447469858918,-5.307580110715248,-0.0021009801897574763,-0.02074579533249273,0.1655136668371196
3.2426485297059413,-3.653245135593367,-5.227281564628888,-0.002255173499631524,-0.020771552063223807,0.16584242993524342
3.2436487297459493,-3.4186623799401747,-5.14655453477296,-0.0024041008897499956,-0.02079647949592442,0.16620656560991037
3.2446489297859573,-3.1828039367171015,-5.065407651831463,-0.002547731736568145,-0.020820574164073874,0.16660629408121222
3.2456491298259653,-2.9457749424933413,-4.9838495681899975,-0.002686037408350159,-0.020843832356424726,0.1670418133368585
3.2466493298659733,-2.707680889717938,-4.901888956954126,-0.002818991274395443,-0.02086625010745619,0.167513299044025
3.2476495299059813,-2.468627579789074,-4.819534510969387,-0.0029465687133726124,-0.020887823188931297,0.16802090447181825
3.2486497299459893,-2.228721076083991,-4.736794941843032,-0.003068747120758783,-0.020908547102579698,0.16856476042437019
3.2496499299859973,-1.9880676569718956,-4.653678978967549,-0.0031855059153817816,-0.02092841707392552,0.1691449751845726
3.2506501300260053,-1.7467737688283258,-4.570195368545868,-0.003296826545062982,-0.020947428047277273,0.1697616344684556
3.2516503300660133,-1.5049459790742792,-4.486352872619326,-0.003402692491358426,-0.02096557468189422,0.17041480139021
3.2526505301060213,-1.2626909292584396,-4.4021602680968925,-0.0035030892733960016,-0.02098285134934111,0.171104516437849
3.2536507301460293,-1.0201152882037372,-4.317626345787162,-0.003598004450806367,-0.020999252132040652,0.17183079745949895
3.2546509301860373,-0.777325705239738,-4.232759909432722,-0.0036874276257453757,-0.02101477082303045,0.17259363966030533
3.2556511302260454,-0.5344287635398199,-4.147569774746778,-0.003771350444005766,-0.021029400926928607,0.17339301560993445
3.2566513302660534,-0.29153093358336485,-4.062064768452221,-0.003849766595215867,-0.021043135662109573,0.17422887526064715
3.2576515303060614,-0.04873852676457805,-3.9762537273238374,-0.0039226718121230944,-0.02105596796408924,0.17510114597591633
3.2586517303460694,0.1938423508339416,-3.8901454972329015,-0.003990063868960066,-0.021067890490115676,0.1760097325695549
3.2596519303860774,0.43610584448135215,-3.8037489321945075,-0.004051942578891164,-0.02107889562495931,0.17695451735531664
3.2606521304260854,0.6779463966340047,-3.7170728934180906,-0.004108309790537468,-0.02108897548789383,0.17793536020692763
3.2616523304660934,0.9192587925457333,-3.6301262483611882,-0.0041591693835780034,-0.021098121940856474,0.17895209862850153
3.2626525305061014,1.159938205633626,-3.542917869785723,-0.004204527263425408,-0.021106326597773912,0.18000454783528735
3.2636527305461094,1.399880242580718,-3.455456634818269,-0.004244391354974165,-0.021113580835037348,0.18109250084469372
3.2646529305861174,1.6389809881547552,-3.3677514240129676,-0.004278771595419741,-0.021119875803108076,0.18221572857752985
3.2656531306261254,1.877137049727021,-3.279811120418431,-0.004307679926147122,-0.021125202439232244,0.18337397996939803
3.2666533306661334,2.1142456014686135,-3.19164460864772,-0.004331130283687413,-0.02112955148124121,0.18456698209216915
3.2676535307061414,2.350204428209261,-3.103260773952255,-0.004349138589741451,-0.021132913482411544,0.18579444028546738
3.2686537307461494,2.584911968937781,-3.0146685012993513,-0.004361722740269587,-0.02113527882735639,0.18705603829808684
3.2696539307861574,2.818267359927204,-2.925876674453235,-0.004368902593647145,-0.021136637748917726,0.18835143843925836
3.2706541308261654,3.0501704774661396,-2.8368941750604377,-0.004370699957885357,-0.021136980346026884,0.1896802817396799
3.2716543308661734,3.2805219801791012,-2.747729881738711,-0.004367138576917998,-0.02113629660249847,0.19104218812222107
3.2726545309061814,3.5092233509174924,-2.658392669170504,-0.0043582441159543215,-0.021134576406720968,0.192436756582207
3.2736547309461894,3.7361769382049164,-2.568891407199867,-0.004344044145899386,-0.021131809572205156,0.19386356537718363
3.2746549309861974,3.9612859972187597,-2.479234959934218,-0.004324568126843341,-0.0211279858589497,0.195322172226062
3.2756551310262054,4.184454730292576,-2.389432184850095,-0.004299847390621795,-0.021123094995581397,0.19681211451753527
3.2766553310662134,4.405588326921109,-2.2994919319033484,-0.0042699151224499755,-0.021117126702225826,0.19833290952765872
3.2776555311062214,4.624593003253296,-2.209423042643742,-0.004234806341634015,-0.021110070714062578,0.19988405464647863
3.2786557311462294,4.841376041055659,-2.119234349334293,-0.0041945578813633606,-0.02110191680551757,0.20146502761359245
3.2796559311862374,5.055845826132,-2.0289346740751077,-0.004149208367589043,-0.021092654815043608,0.20307528676251924
3.2806561312262454,5.267911886182742,-1.9385328279317227,-0.004098798196993264,-0.021082274670438897,0.2047142712737551
3.2816563312662534,5.477484928088922,-1.8480376100688218,-0.004043369514056563,-0.02107076641465202,0.20638140143638553
3.2826565313062614,5.684476874606682,-1.757457806887885,-0.003982966187229691,-0.021058120232020677,0.20807607891812244
3.2836567313462695,5.888800900456731,-1.6668021911708253,-0.003917633784218132,-0.021044326474890483,0.20979768704363064
3.2846569313862775,6.090371467795101,-1.5760795212277103,-0.0038474195463881694,-0.021029375690559095,0.21154559108100504
3.2856571314262855,6.289104361051138,-1.4852985400502865,-0.003772372362304321,-0.021013258648490196,0.21331913853625648
3.2866573314662935,6.484916721118821,-1.394467974469996,-0.0036925427404089217,-0.02099596636774103,0.2151176594556611
3.2876575315063015,6.677727078888857,-1.3035965343218772,-0.003607982780855664,-0.02097749014454669,0.21694046673582476
3.2886577315463095,6.867455388106896,-1.2126929116132261,-0.003518746146509914,-0.020957821580003696,0.2187868564413112
3.2896579315863175,7.054023057547235,-1.1217657796977536,-0.003424888033129695,-0.020936952607795226,0.2206561081296794
3.2906581316263255,7.23735298248815,-1.0308237924556372,-0.003326465138742275,-0.020914875521899853,0.22254748518377274
3.2916583316663335,7.4173695754776,-0.939875583478199,-0.003223535632232436,-0.02089158300422572,0.22446023515110014
3.2926585317063415,7.5939987963771545,-0.8489297652588165,-0.0031161591211595497,-0.020867068152111857,0.22639359009014576
3.2936587317463495,7.767168181673372,-0.7579949283893239,-0.0030043966188217546,-0.020841324505638577,0.22834676692344183
3.2946589317863575,7.936806873044827,-0.6670796407619689,-0.002888310510586637,-0.02081434607468898,0.23031896779723654
3.2956591318263655,8.102845645175362,-0.5761924467772573,-0.002767964519508942,-0.020786127365703982,0.23230938044758587
3.2966593318663735,8.265216932802106,-0.48534186655733935,-0.0026434236712569773,-0.020756663408073674,0.23431717857269654
3.2976595319063815,8.42385485698892,-0.3945363951658117,-0.0025147542583704996,-0.020725949780108412,0.23634152221134416
3.2986597319463895,8.578695250615823,-0.3037845018329118,-0.002382023803873996,-0.020693982634533675,0.23838155812718897
3.2996599319863975,8.729675683074746,-0.21309462918677138,-0.0022453010242703634,-0.02066075872345349,0.24043642019880912
3.300660132026405,8.876735484163765,-0.12247519249119104,-0.002104655791941156,-0.020626275422728196,0.24250522981526818
3.301660332066413,9.019815767169806,-0.031934578889047,-0.0019601590969801908,-0.020590530755713137,0.24458709627703856
3.302660532106421,9.158859451133342,0.05851885334814188,-0.0018118830084896736,-0.02055352341630636,0.24668111720208072
3.303660732146429,9.293811282286557,0.14887677556409654,-0.0016599006353668084,-0.020515252791254053,0.2487863789369086
3.304660932186437,9.424617854657807,0.2391308894557305,-0.0015042860866120492,-0.02047571898166428,0.25090195697243795
3.305661132226445,9.551227629835283,0.32927292780451467,-0.0013451144311897672,-0.020434922823680778,0.2530269163644311
3.306661332266453,9.673590955884054,0.4192946552018098,-0.001182461657473462,-0.020392865908270014,0.2551603121583453
3.307661532306461,9.791660085409275,0.5091878687672414,-0.0010164046323084162,-0.020349550600076517,0.25730118981838884
3.308661732346469,9.905389192760504,0.5989443988613473,-0.0008470210597255332,-0.020304980055303,0.25944858566059015
3.309661932386477,10.014734390371792,0.688556109790971,-0.0006743894393408254,-0.020259158238573702,0.2616015272896818
3.310662132426485,10.119653744231831,0.7780149005084959,-0.0004985890244757339,-0.0202120899387412,0.2637590340396015
3.311662332466493,10.220107288480405,0.8673127053046747,-0.000319699780034101,-0.020163780783598862,0.26592011741741034
3.312662532506501,10.316057039126578,0.9564414944940032,-0.00013780234017217712,-0.020114237253463212,0.2680837815504272
3.313662732546509,10.407467006884403,1.0453932750945365,4.7022034201423755e-05,-0.020063466693592436,0.2702490236363785
3.314662932586517,10.494303209123515,1.1341600914999022,0.00023469149805849018,-0.020011477325409553,0.27241483439635944
3.315663132626525,10.576533680930815,1.2227340261451307,0.00042512366497898145,-0.019958278256500907,0.27458019853040533
3.316663332666533,10.654128485281026,1.3111072001657416,0.0006182356499357979,-0.019903879489362876,0.2767440951754671
3.317663532706541,10.727059722313793,1.3992717740493683,0.0008139441120983361,-0.019848291928872094,0.2789054983655876
3.318663732746549,10.795301537715266,1.4872199482812223,0.0010121652976164603,-0.019791527388456794,0.28106337749407306
3.319663932786557,10.858830130202957,1.5749439639822258,0.001212815082346482,-0.01973359859494924,0.2832166977774546
3.320664132826565,10.917623758112645,1.6624361035399797,0.0014158090144807465,-0.019674519192101763,0.2853644207210332
3.321664332866573,10.971662745086535,1.7496886912334533,0.0016210623570425396,-0.019614303742751235,0.28750550458580254
3.322664532906581,11.02092948486262,1.8366940938496532,0.0018284901302082182,-0.019552967729619425,0.2896389048565438
3.323664732946589,11.065408445165064,1.9234447212942722,0.002038007153418735,-0.019490527554739095,0.29176357471088504
3.324664932986597,11.105086170696257,2.009933027194189,0.0022495280872430984,-0.019427000537498254,0.29387846548911967
3.325665133026605,11.139951285231346,2.0961515094936893,0.002462967474956738,-0.019362404911297496,0.2959825271645777
3.326665333066613,11.169994492816352,2.182092711043263,0.0026782397837982843,-0.01929675981881785,0.29807470881434356
3.327665533106621,11.195208578071723,2.2677492201807548,0.0028952594458688816,-0.019230085305899123,0.30015395909011494
3.328665733146629,11.215588405603167,2.3531136713061502,0.0031139408986388326,-0.019162402314031178,0.30221922668899726
3.329665933186637,11.23113091852217,2.4381787454481363,0.003334198625027173,-0.01909373267146313,0.304269460824029
3.330666133226645,11.241835136078919,2.522937170824502,0.0035559471930206024,-0.01902409908293787,0.30630361169423376
3.331666333266653,11.24770215041093,2.607381723394205,0.003779101294799159,-0.01895352511806179,0.3083206309539949
3.332666533306661,11.248735122410613,2.6915052274027103,0.004003575785337002,-0.01888203519832199,0.3103194721815504
3.333666733346669,11.244939276715897,2.7753005559199804,0.00422928572044778,-0.018809654582765678,0.31229909134640566
3.334666933386677,11.236321895827972,2.858760631370793,0.0044561463942452,-0.018736409352358704,0.31425844727546265
3.335667133426685,11.222892313360843,2.941878426057868,0.004684073375990632,-0.01866232639304258,0.3161965021176661
3.336667333466693,11.204661906427637,3.0246469626777177,0.004912982546300876,-0.018587433377511516,0.3181122218069665
3.337667533506701,11.181644087168939,3.1070593148288936,0.005142790132690572,-0.018511758745733208,0.320004576523403
3.338667733546709,11.153854293428886,3.1891086075127966,0.005373412744425126,-0.018435331684239303,0.32187254115210806
3.339667933586717,11.121309978585009,3.2707880176273427,0.005604767406661499,-0.01835818210421343,0.32371509574004026
3.340668133626725,11.08403060053813,3.3520907744524204,0.0058367715938556965,-0.018280340618406818,0.32553122595024936
3.341668333666733,11.042037609869181,3.433010160128856,0.006069343262417373,-0.018201838516913392,0.3273199235134825
3.342668533706741,10.99535443716983,3.5135395101290836,0.006302400882593549,-0.01812270774183816,0.3290801866769395
3.343668733746749,10.94400647955439,3.59367221372067,0.006535863469565077,-0.018042980860894425,0.33081102064998846
3.3446689337867572,10.888021086360522,3.673401714422448,0.006769650613741152,-0.017962691039967213,0.33251143804665384
3.3456691338267652,10.827427544047355,3.752721510452691,0.00700368251023886,-0.017881872014681794,0.33418045932469104
3.3466693338667732,10.762257060298499,3.831625155169989,0.007237879987536472,-0.01780055806101788,0.3358171132210636
3.3476695339067812,10.692542747339347,3.9101062575066425,0.007472164535290914,-0.01771878396501147,0.33742043718364095
3.3486697339467892,10.618319604477353,3.988158482394621,0.007706458331311601,-0.017636584991587743,0.3389894777989362
3.3496699339867972,10.539624499874797,4.065775551183527,0.00794068426768456,-0.017553996852569757,0.3405232912157067
3.3506701340268052,10.456496151562991,4.142951242051242,0.00817476597604253,-0.017471055673908806,0.34202094356424106
3.3516703340668133,10.36897510770912,4.219679390407003,0.008408627851978453,-0.017387797962183593,0.3434815113711589
3.3526705341068213,10.277103726144224,4.295953889287069,0.008642195078601544,-0.017304260570416286,0.3449040819695525
3.3536707341468293,10.180926153164215,4.37176868974251,0.008875393649236823,-0.017220480663254555,0.346287753904301
3.3546709341868373,10.080488301614125,4.447117801219489,0.009108150389270708,-0.01713649568156953,0.3476316373323903
3.3556711342268453,9.975837828266469,4.52199529193194,0.00934039297714696,-0.017052343306520407,0.34893485441807554
3.3566713342668533,9.867024110505241,4.5963952892269715,0.009572049964518888,-0.0169680614231371,0.350196539722724
3.3576715343068613,9.754098222327125,4.670311979942264,0.009803050795565395,-0.016883688083472986,0.35141584058917935
3.3586717343468693,9.637112909671863,4.74373961075601,0.010033325825479979,-0.016799261469380208,0.35259191752049135
3.3596719343868773,9.516122565093461,4.81667248852951,0.010262806338143344,-0.016714819854960546,0.35372394455285794
3.3606721344268853,9.391183201784948,4.8891049806418305,0.010491424562991791,-0.01663040156874509,0.3548111096226282
3.3616723344668933,9.262352426969217,4.961031515317194,0.010719113691094956,-0.01654604495565625,0.3558526149272188
3.3626725345069013,9.129689414668462,5.03244658194473,0.010945807890457862,-0.016461788338805836,0.3568476772797993
3.3636727345469093,8.993254877865818,5.103344731390218,0.01117144232056356,-0.01637766998118291,0.35779552845760365
3.3646729345869173,8.85311104007185,5.173720576301287,0.01139595314617388,-0.01629372804728528,0.3586954155437295
3.3656731346269253,8.709321606309787,5.243568791403895,0.011619277550407007,-0.016210000564748243,0.35954660126228954
3.3666733346669333,8.56195173353292,5.312884113792048,0.011841353747111682,-0.01612652538602416,0.36034836430678147
3.3676735347069413,8.411068000488434,5.381661343209918,0.0120621209925589,-0.016043340150166154,0.3610999996615476
3.3686737347469493,8.25673837704163,5.449895342325917,0.012281519596472898,-0.015960482244768915,0.36180081891619764
3.3696739347869573,8.09903219297394,5.517581036999946,0.01249949093242411,-0.015877988768119203,0.3624501505728714
3.3706741348269653,7.938020106271094,5.584713416542627,0.012715977447607572,-0.015795896491608223,0.3630473403462214
3.3716743348669733,7.773774070914426,5.651287533967457,0.012930922672030942,-0.015714241822457474,0.3635917514559996
3.3726745349069813,7.606367304190662,5.717298506234968,0.013144271227136954,-0.015633060766809113,0.3640827649121343
3.3736747349469893,7.435874253535243,5.782741514490067,0.013355968833885597,-0.015552388893231241,0.3645197797921885
3.3746749349869973,7.262370562924854,5.8476118042914,0.013565962320321813,-0.01547226129668772,0.3649022135110924
3.3756751350270053,7.085933038832649,5.911904685833641,0.013774199628654808,-0.01539271256302148,0.36522950208304855
3.3766753350670133,6.90663961576459,5.975615534161986,0.013980629821875335,-0.015313776733999302,0.36550110037550954
3.3776755351070213,6.724569321389108,6.038739789379786,0.014185203089937492,-0.015235487272965306,0.36571648235513327
3.3786757351470293,6.539802241278226,6.101272956848305,0.014387870755531612,-0.015157877031149309,0.3658751413256234
3.3796759351870374,6.352419483275176,6.163210607379375,0.014588585279474812,-0.01508097821467533,0.3659765901573667
3.3806761352270454,6.162503141504436,6.224548377420649,0.014787300265745665,-0.015004822352314385,0.366020361508783
3.3816763352670534,5.970136260040006,6.285281969233456,0.014983970466189218,-0.014929440264024712,0.3660060080393057
3.3826765353070614,5.7754027962476995,6.345407151063671,0.015178551784918313,-0.014854862030321339,0.36593310261391737
3.3836767353470694,5.578387583820327,6.4049197573048495,0.015371001282436719,-0.014781116962515817,0.3658012384991642
3.3846769353870774,5.379176295517522,6.463815688654323,0.01556127717950921,-0.014708233573865652,0.36561002955058214
3.3856771354270854,5.177855405630746,6.522090912262272,0.01574933886080301,-0.014636239551671757,0.36535911039146696
3.3866773354670934,4.9745121521883915,6.579741461873246,0.01593514687832453,-0.014565161730360923,0.3650481365829265
3.3876775355071014,4.769234498916125,6.636763437960586,0.01611866295467445,-0.014495026065588978,0.36467678478515686
3.3886777355471094,4.562111096972237,6.693153007853895,0.016299849986143502,-0.014425857609398973,0.36424475290988717
3.3896779355871174,4.353231246471772,6.748906405859073,0.01647867204567032,-0.014357680486467251,0.3637517602639432
3.3906781356271254,4.142684857817511,6.804019933371433,0.016655094385681874,-0.01429051787146894,0.3631975476838818
3.3916783356671334,3.9305624128541217,6.858489958981749,0.016829083440835807,-0.01422439196759284,0.362581877661654
3.3926785357071414,3.716954925862364,6.912312918575123,0.01700060683068309,-0.014159323986234276,0.36190453446125653
3.3936787357471494,3.501953904410909,6.9654853154228284,0.01716963336226806,-0.0140953341278929,0.3611653242263372
3.3946789357871574,3.2856513100806497,7.018003720267419,0.01733613303268183,-0.014032441564300955,0.3603640750787226
3.3956791358271654,3.068139519080499,7.06986477140042,0.017500077031583655,-0.013970664421805874,0.3595006372078399
3.3966793358671734,2.849511282769445,7.121065174733487,0.017661437743703615,-0.013910019766029584,0.3585748829510098
3.3976795359071814,2.6298596881037297,7.171601703862465,0.0178201887513385,-0.013850523587825188,0.35758670686458993
3.3986797359471894,2.4092781180244582,7.2214712001245145,0.017976304836851455,-0.013792190790550133,0.35653602578595384
3.3996799359871974,2.1878602118022443,7.27067057264864,0.018129761985184383,-0.013735035178673284,0.35542277888629226
3.4006801360272054,1.9656998253579234,7.319196798399033,0.01828053738639072,-0.01367906944773167,0.35424692771422944
3.4016803360672134,1.7428909915720665,7.367046922212019,0.01842860943819458,-0.013624305175650964,0.3530084562302497
3.4026805361072214,1.5195278806044012,7.414218056825909,0.018573957748580776,-0.013570752815442073,0.35170737083193354
3.4036807361472294,1.2957047602360803,7.460707382904466,0.018716563138418678,-0.013518421689284478,0.3503437003700076
3.4046809361872374,1.071515956254126,7.506512149053497,0.018856407644121245,-0.013467319984005213,0.34891749615521417
3.4056811362272454,0.8470558128919276,7.5516296718306855,0.018993474520339025,-0.013417454747960666,0.34742883195601254
3.4066813362672534,0.6224186533448534,7.59605733574922,0.01912774824268731,-0.013368831889326563,0.3458778039871268
3.4076815363072614,0.3976987403754824,7.6397925932743425,0.019259214510503102,-0.01332145617579976,0.34426453088895786
3.4086817363472695,0.17299023702580743,7.682832964813689,0.019387860249626892,-0.013275331235713658,0.3425891536978832
3.4096819363872775,-0.05161283254910791,7.7251760387011865,0.019513673615202797,-0.013230459560567263,0.3408518358074698
3.4106821364272855,-0.2760166221063494,7.7668194711741485,0.01963664399448896,-0.013186842508966127,0.33905276292063047
3.4116823364672935,-0.5001275021883976,7.807760986344289,0.01975676200966869,-0.01314448031197153,0.3371921429927569
3.4126825365073015,-0.7238520988233775,7.8479983761621765,0.01987401952065129,-0.013103372079852522,0.33527020616586695
3.4136827365473095,-0.9470973320402831,7.887529500375251,0.01998840962785004,-0.013063515810233552,0.3332872046938072
3.4146829365873175,-1.1697704541816585,7.926352286479882,0.02009992667492352,-0.013024908397628607,0.3312434128585549
3.4156831366273255,-1.3917790879983776,7.964464729666779,0.020208566251464864,-0.012987545644350958,0.3291391268776683
3.4166833366673335,-1.6130312645120615,8.001864892760363,0.020314325195622495,-0.01295142227278575,0.3269746648029362
3.4176835367073415,-1.8334354606291077,8.038550906151972,0.02041720159663439,-0.012916531939010878,0.3247503664102831
3.4186837367473495,-2.0529006364909246,8.07452096772676,0.020517194797256836,-0.01288286724774971,0.3224665930809876
3.4196839367873575,-2.271336272546193,8.109773342784647,0.020614305396067498,-0.012850419768637456,0.32012372767427766
3.4206841368273655,-2.488652406330197,8.144306363955167,0.020708535249621483,-0.01281918005378109,0.3177221743913677
3.4216843368673735,-2.704759668936585,8.178118431106316,0.020799887474438134,-0.012789137656590998,0.31526235863100677
3.4226845369073815,-2.9195693211655978,8.21120801124733,0.020888366448795315,-0.012760281151860661,0.31274472683661075
3.4236847369473895,-3.132993289338827,8.243573638425628,0.020973977814307137,-0.012732598157068942,0.3101697463350544
3.4246849369873975,-3.344944200759047,8.2752139136178,0.021056728477260225,-0.01270607535487774,0.3075379051672018
3.4256851370274055,-3.5553354188101545,8.3061275046148,0.021136626609683087,-0.012680698516796053,0.30484971191025917
3.4266853370674135,-3.764081077675134,8.336313145901297,0.021213681650122326,-0.012656452527979737,0.3021056954920337
3.4276855371074215,-3.9710961166640275,8.365769638529295,0.021287904304099152,-0.01263332141313455,0.29930640499718913
3.4286857371474295,-4.176296314137162,8.394495849986018,0.02135930654421907,-0.012611288363488394,0.2964524094655891
3.4296859371874375,-4.379598321008804,8.422490714056131,0.02142790160990736,-0.012590335764796989,0.2935442976828231
3.4306861372274455,-4.580919693820027,8.449753230678393,0.021493704006742734,-0.012570445226345638,0.29058267796301374
3.4316863372674535,-4.780178927368239,8.47628246579656,0.02155672950536143,-0.012551597610908094,0.2875681779240063
3.4326865373074615,-4.977295486879834,8.502077551205,0.021616995139903915,-0.012533773065622065,0.2845014442550439
3.4336867373474695,-5.172189839713606,8.527137684388727,0.02167451920597653,-0.01251695105373931,0.28138314247703605
3.4346869373874775,-5.364783486584932,8.551462128357793,0.02172932125810048,-0.012501110387206894,0.27821395669552956
3.4356871374274855,-5.554998992295348,8.575050211476734,0.021781422106620884,-0.012486229260034688,0.2749945893464948
3.4366873374674936,-5.742760015960032,8.597901327288197,0.02183084381404899,-0.012472285282402884,0.2717257609350421
3.4376875375075016,-5.927991340718585,8.62001493433158,0.021877609690811074,-0.012459255515461969,0.2684082097671865
3.4386877375475096,-6.110618902919157,8.641390555956335,0.02192174429037811,-0.012447116506776358,0.2650426916747809
3.4396879375875176,-6.290569820765943,8.662027780130078,0.021963273403751024,-0.012435844326361684,0.2616299797337412
3.4406881376275256,-6.467772422418558,8.68192625924147,0.022002224053277016,-0.012425414603264635,0.25817086397568845
3.4416883376675336,-6.642156273532308,8.70108570989813,0.022038624485773338,-0.012415802562633176,0.2546661510931361
3.4426885377075416,-6.813652204230724,8.719505912719503,0.022072504164935856,-0.012406983063223976,0.2511166641383531
3.4436887377475496,-6.982192335499883,8.73718671212447,0.022103893763010758,-0.012398930635292994,0.24752324221603456
3.4446889377875576,-7.1477101049950615,8.754128016114354,0.022132825151708845,-0.012391619518814314,0.2438867401699163
3.4456891378275656,-7.310140292249662,8.770329796050774,0.022159331392343138,-0.012385023701971568,0.24020802826346888
3.4466893378675736,-7.469419043278834,8.785792086428708,0.022183446725171745,-0.012379116959865629,0.23648799185481154
3.4476895379075816,-7.625483894568406,8.800514984644845,0.02220520655792932,-0.012373872893381673,0.2327275310659867
3.4486897379475896,-7.7782737964395965,8.814498650761049,0.022224647453531914,-0.012369264968158192,0.2289275604467387
3.4496899379875976,-7.927729135783614,8.827743307263164,0.02224180711694148,-0.012365266553600159,0.22508900863294176
3.4506901380276056,-8.073791758156261,8.840249238815215,0.022256724381177886,-0.012361850961878225,0.22121281799982473
3.4516903380676136,-8.216404989225614,8.852016792008929,0.022269439192467957,-0.012358991486855635,0.217299944310141
3.4526905381076216,-8.355513655565945,8.863046375108771,0.02227999259452269,-0.012356661442884378,0.21335135635743496
3.4536907381476296,-8.491064104790299,8.873338457792386,0.02228842671193561,-0.012354834203412143,0.20936803560455688
3.4546909381876376,-8.623004225014688,8.882893570886731,0.02229478473269694,-0.01235348323934169,0.20535097581758036
3.4556911382276456,-8.751283463648953,8.891712306099649,0.02229911088982015,-0.012352582157084437,0.201301182695278
3.4566913382676536,-8.87585284550578,8.899795315747228,0.02230145044207928,-0.012352104736250358,0.19721967349431227
3.4576915383076616,-8.99666499022444,8.907143312476773,0.022301849653857342,-0.01235202496691672,0.1931074766502999
3.4586917383476696,-9.113674129002057,8.913757068985571,0.02230035577410799,-0.01235231708641859,0.18896563139490977
3.4596919383876776,-9.226836120628313,8.91963741773549,0.02229701701443464,-0.012352955615604786,0.1847951873691551
3.4606921384276856,-9.336108466816988,8.924785250663344,0.022291882526293078,-0.012353915394503522,0.18059720423304235
3.4616923384676936,-9.441450326832165,8.929201518887291,0.022285002377325655,-0.012355171617342913,0.17637275127174035
3.4626925385077016,-9.542822531402473,8.932887232409081,0.022276427526837,-0.012356699866872382,0.17212290699843355
3.4636927385477096,-9.640187595920185,8.935843459812395,0.022266209800423226,-0.012358476147932035,0.16784875875402552
3.4646929385877177,-9.733509732922238,8.938071327957209,0.02225440186376847,-0.012360476920218232,0.16355140230385856
3.4656931386277257,-9.822754863848443,8.939572021670305,0.02224105719562454,-0.012362679130194777,0.15923194143161676
3.4666933386677337,-9.907890630074439,8.940346783431927,0.022226230059991338,-0.012365060242100497,0.15489148753058052
3.4676935387077417,-9.988886403216691,8.940396913058668,0.022209975477517574,-0.012367598268005426,0.1505311591924012
3.4686937387477497,-10.065713294706585,8.939723767382647,0.0221923491961431,-0.012370271796869298,0.14615208179356523
3.4696939387877577,-10.138344164632088,8.938328759926987,0.02217340766100596,-0.012373060022557707,0.14175538707971747
3.4706941388277657,-10.206753629844192,8.936213360577712,0.022153207983639057,-0.012375942770772986,0.1373422127480143
3.4716943388677737,-10.270918071327472,8.93337909525202,0.02213180791048286,-0.012378900524858663,0.1329137020276774
3.4726945389077817,-10.330815640832853,8.929827545563109,0.022109265790742377,-0.012381914450438215,0.12847100325891886
3.4736947389477897,-10.386426266772101,8.925560348481477,0.022085640543618015,-0.012384966418850835,0.1240152694704097
3.4746949389877977,-10.437731659372792,8.920579195992863,0.02206099162494151,-0.012388039029348936,0.11954765795546302
3.4756951390278057,-10.484715315093972,8.914885834752791,0.022035378993249536,-0.012391115630024254,0.1150693298471037
3.4766953390678137,-10.527362520302233,8.908482065737838,0.022008863075328868,-0.012394180337431566,0.11058144969219659
3.4776955391078217,-10.56566035420846,8.90136974389364,0.021981504731268284,-0.012397218054881321,0.10608518502480485
3.4786957391478297,-10.599597691065604,8.89355077777969,0.021953365219053528,-0.012400214489374745,0.10158170593895045
3.4796959391878377,-10.629165201628851,8.885027129210984,0.021924506158742744,-0.012403156167157372,0.09707218466094832
3.4806961392278457,-10.654355353878856,8.875800812896616,0.02189498949626076,-0.012406030447869337,0.09255779512148563
3.4816963392678537,-10.675162413009723,8.865873896075264,0.021864877466851482,-0.01240882553727326,0.08803971252761741
3.4826965393078617,-10.69158244068346,8.855248498147718,0.02183423255822853,-0.012411530498542959,0.08351911293484926
3.4836967393478697,-10.703613293552923,8.84392679030652,0.021803117473464757,-0.012414135262098858,0.07899717281947746
3.4846969393878777,-10.711254621055682,8.831910995162605,0.021771595093662083,-0.012416630633978423,0.07447506865135661
3.4856971394278857,-10.714507862481288,8.819203386369198,0.021739728440443428,-0.012419008302732576,0.06995397646726385
3.4866973394678937,-10.713376243315016,8.805806288242902,0.021707580638308938,-0.012421260844841594,0.06543507144502868
3.4876975395079017,-10.707864770861269,8.791722075382086,0.02167521487689896,-0.01242338172864665,0.060919527478596136
3.4886977395479097,-10.697980229150051,8.776953172282518,0.021642694373206445,-0.012425365316795679,0.056408516754190875
3.4896979395879177,-10.683731173130429,8.761502052950442,0.021610082333781384,-0.012427206867204929,0.05190320932774838
3.4906981396279257,-10.665127922154888,8.745371240513078,0.02157744191696999,-0.012428902532540104,0.047404772703779026
3.4916983396679337,-10.642182552759143,8.728563306826553,0.021544836195231058,-0.012430449358223596,0.042914371415829516
3.4926985397079418,-10.6149088907418,8.711080872081409,0.02151232811757175,-0.012431845278976866,0.0384331666087054
3.4936987397479498,-10.583322502548842,8.692926604405692,0.02147998047214462,-0.012433089113909583,0.03396231562261709
3.4946989397879578,-10.547440685968239,8.674103219465598,0.021447855849047286,-0.012434180560169596,0.029502971579410793
3.4956991398279658,-10.507282460139796,8.65461348006392,0.02141601660336557,-0.012435120185170342,0.02505628297104455
3.4966993398679738,-10.462868554886336,8.634460195736105,0.021384524818500235,-0.01243590941741466,0.02062339325046827
3.4976995399079818,-10.414221399371916,8.613646222344263,0.021353442269816718,-0.012436550535936404,0.01620544042506534
3.4986997399479898,-10.36136511009309,8.592174461668776,0.02132283038865637,-0.012437046658383554,0.011803556652811898
3.4996999399879978,-10.30432547821032,8.570047860998066,0.021292750226746794,-0.012437401727768823,0.007418867841308748
3.500700140028006,-10.243129956225664,8.547269412716046,0.021263262421047868,-0.012437620497915922,0.0030524932498388457
3.501700340068014,-10.177807644013937,8.523842153887754,0.021234427159068838,-0.012437708517631851,-0.0012944549053977763
3.502700540108022,-10.108389274214387,8.499769165842938,0.021206304144690772,-0.012437672113637601,-0.005620871842721696
3.50370074014803,-10.034907196990918,8.475053573757723,0.021178952564527346,-0.012437518372291692,-0.009925660602935985
3.504700940188038,-9.957395364167766,8.449698546234455,0.021152431054855616,-0.012437255120142866,-0.01420773243366577
3.505701140228046,-9.875889312748733,8.423707294879671,0.021126797669147025,-0.012436890903350126,-0.018466007169930552
3.506701340268054,-9.790426147828859,8.397083073880438,0.021102109846227433,-0.012436434966010027,-0.022699413610806258
3.507701540308062,-9.701044524905997,8.369829179578845,0.02107842437909346,-0.012435897227432817,-0.02690688989203609
3.50870174034807,-9.607784631601008,8.341948950044879,0.021055797384410848,-0.0124352882584106,-0.031087383854450926
3.509701940388078,-9.510688168796316,8.313445764647648,0.021034284272718938,-0.012434619256522162,-0.035239853408062065
3.510702140428086,-9.409798331200433,8.284323043625246,0.021013939719363727,-0.012433902020520499,-0.039363266891691416
3.511702340468094,-9.305159787348867,8.25458424765275,0.020994817636180274,-0.012433148923850347,-0.04345660342800599
3.512702540508102,-9.196818659050095,8.224232877409058,0.020976971143943535,-0.012432372887344249,-0.04751885327382587
3.51370274054811,-9.084822500286844,8.193272473142214,0.020960452545604923,-0.012431587351146727,-0.051549018165577096
3.514702940588118,-8.969220275582064,8.161706614233207,0.020945313300330216,-0.012430806245917142,-0.055546111659762934
3.515703140628126,-8.850062337839512,8.129538918758719,0.020931603998352585,-0.012430043963362704,-0.05950915946832955
3.516703340668134,-8.727400405670057,8.09677304305247,0.020919374336652835,-0.012429315326153857,-0.06343719978880413
3.517703540708142,-8.601287540212423,8.063412681265232,0.020908673095477122,-0.012428635557274952,-0.06732928362908625
3.51870374074815,-8.47177812146118,8.029461564923817,0.020899548115700658,-0.012428020248863676,-0.07118447512677518
3.519703940788158,-8.338927824110483,7.994923462488893,0.020892046277044187,-0.01242748533059318,-0.07500185186291895
3.520704140828166,-8.202793592925689,7.959802178911726,0.02088621347714825,-0.012427047037651219,-0.07878050517007276
3.521704340868174,-8.063433617654496,7.924101555189836,0.020882094611508552,-0.012426721878370852,-0.08251954043455745
3.522704540908182,-7.920907307486639,7.887825467921661,0.02087973355427407,-0.012426526601567433,-0.08621807739281107
3.52370474094819,-7.775275265076016,7.850977828860369,0.020879173139907812,-0.012426478163636671,-0.08987525042172897
3.524704940988198,-7.626599260135398,7.8135625844666565,0.02088045514570866,-0.0124265936954685,-0.0934902088228911
3.525705141028206,-7.474942202615216,7.775583715460768,0.020883620275190935,-0.012426890469231351,-0.09706211710057705
3.526705341068214,-7.320368115479013,7.737045236373726,0.020888708142316983,-0.012427385865081223,-0.10059015523347291
3.527705541108222,-7.1629421070871615,7.697951195097679,0.020895757256576483,-0.012428097337849562,-0.10407351893997607
3.5287057411482294,-7.002730343200276,7.6583056724356755,0.020904805008904716,-0.012429042383763612,-0.10751141993700583
3.5297059411882374,-6.839800018616273,7.618112781650657,0.02091588765843078,-0.012430238507252342,-0.11090308619224071
3.5307061412282454,-6.674219328450644,7.577376668014014,0.020929040320045222,-0.012431703187890483,-0.1142477621696748
3.5317063412682534,-6.506057439075038,7.536101508353159,0.020944296952775516,-0.012433453847532557,-0.11754470906844094
3.5327065413082614,-6.33538445872471,7.494291510599131,0.02096169034895641,-0.012435507817687983,-0.12079320505479849
3.5337067413482695,-6.162271407789009,7.451950913333107,0.02098125212418122,-0.012437882307187564,-0.12399254548721839
3.5347069413882775,-5.986790188795973,7.409083985332916,0.021003012708018947,-0.012440594370190697,-0.12714204313449037
3.5357071414282855,-5.809013556104721,7.365695025119036,0.021027001335481226,-0.012443660874581739,-0.13024102838678153
3.5367073414682935,-5.629015085319184,7.3217883604999745,0.02105324603922216,-0.012447098470802866,-0.13328884945957847
3.5377075415083015,-5.446869142434864,7.277368348117657,0.021081773642453235,-0.01245092356116967,-0.13628487259044855
3.5387077415483095,-5.2626508527314915,7.232439372992463,0.02111260975255481,-0.012455152269714592,-0.1392284822285584
3.5397079415883175,-5.076436069426437,7.187005848067766,0.021145778755365024,-0.012459800412602006,-0.14211908121689087
3.5407081416283255,-4.888301342100265,7.141072213754636,0.021181303810126256,-0.01246488346915758,-0.14495609096710488
3.5417083416683335,-4.698323884908633,7.094642937476245,0.02121920684506892,-0.012470416553553092,-0.1477389516269856
3.5427085417083415,-4.506581544592351,7.047722513212062,0.021259508553611802,-0.012476414387186599,-0.15046712224043543
3.5437087417483495,-4.31315276830181,7.0003154610420575,0.021302228391157942,-0.012482891271796387,-0.15314008089995884
3.5447089417883575,-4.1181165712449594,6.952426326690965,0.021347384572464625,-0.012489861063345648,-0.1557573248915986
3.5457091418283655,-3.9215525041767965,6.904059681072419,0.021394994069566024,-0.012497337146713377,-0.15831837083228212
3.5467093418683735,-3.7235406207397013,6.855220119833162,0.021445072610226816,-0.012505332411225395,-0.1608227547995414
3.5477095419083815,-3.5241614446708676,6.805912262897448,0.021497634676905113,-0.012513859227057875,-0.16327003245357205
3.5487097419483895,-3.3234959368883716,6.756140754011537,0.021552693506203063,-0.01252292942254411,-0.16565977915160093
3.5497099419883975,-3.1216254624705404,6.705910260288099,0.021610261088783646,-0.012532554262413686,-0.16799159005453387
3.5507101420284055,-2.9186317575422596,6.655225471751437,0.02167034816973233,-0.012542744426991551,-0.17026508022585926
3.5517103420684135,-2.7145968960796556,6.604091100882223,0.021732964249342554,-0.012553509992382804,-0.17247988472278578
3.5527105421084215,-2.5096032566499034,6.552511882163026,0.021798117584304316,-0.012564860411667378,-0.17463565867959555
3.5537107421484295,-2.3037334890955594,6.500492571624012,0.02186581518927556,-0.012576804497127073,-0.17673207738319777
3.5547109421884375,-2.0970704811808973,6.448037946389083,0.021936062838816564,-0.01258935040352571,-0.17876883634087
3.5557111422284455,-1.889697325210901,6.3951528042220485,0.02200886506966794,-0.01260250561246146,-0.1807456513401786
3.5567113422684535,-1.6816972846374483,6.341841963073891,0.022084225183353595,-0.012616276917808682,-0.18266225850107146
3.5577115423084615,-1.4731537606653005,6.288110260629938,0.02216214524909051,-0.01263067041226491,-0.1845184143201413
3.5587117423484695,-1.2641502588714941,6.233962553857767,0.022242626106988017,-0.012645691475016874,-0.1863138957070584
3.5597119423884775,-1.0547703558533423,6.1794037185557364,0.022325667371519867,-0.01266134476053777,-0.18804850001317672
3.5607121424284855,-0.8450976659136576,6.124438648901731,0.022411267435253276,-0.012677634188526233,-0.18972204505232
3.5617123424684936,-0.6352158078017222,6.069072257003175,0.022499423472819906,-0.012694562934995804,-0.19133436911375626
3.5627125425085016,-0.42520837151879126,6.013309472446976,0.02259013144511465,-0.012712133424521944,-0.19288533096737437
3.5637127425485096,-0.21515888520417278,5.957155241850841,0.022683386103708972,-0.012730347323652004,-0.19437480986107716
3.5647129425885176,-0.005150782113215723,5.900614528414535,0.022779180995466473,-0.01274920553548184,-0.19580270551041024
3.5657131426285256,0.20473263229958077,5.843692311472731,0.022877508467349348,-0.012768708195401128,-0.19716893808044766
3.5667133426685336,0.41440821317980336,5.786393586048169,0.022978359671405386,-0.012788854668007762,-0.1984734481599594
3.5677135427085416,0.6237930089394151,5.728723362405506,0.02308172456992615,-0.012809643545190126,-0.19971619672788746
3.5687137427485496,0.8328042937826656,5.670686665606648,0.023187591940767967,-0.012831072645374352,-0.2008971651121619
3.5697139427885576,1.041359600073519,5.612288535066175,0.02329594938282849,-0.012853139013932143,-0.20201635494088965
3.5707141428285656,1.2493767505349689,5.553534024108311,0.023406783321672515,-0.012875838924743139,-0.20307378808595233
3.5717143428685736,1.456773890268449,5.494428199524722,0.02352007901530183,-0.012899167882904232,-0.20406950659905287
3.5727145429085816,1.663469518578701,5.4349761411329,0.02363582056006496,-0.012923120628576756,-0.20500357264025237
3.5737147429485896,1.8693825205941619,5.375182941336249,0.023753990896703638,-0.012947691141960916,-0.20587606839904252
3.5747149429885976,2.074432198669934,5.315053704684616,0.023874571816533845,-0.012972872649385373,-0.20668709600800125
3.5757151430286056,2.2785383035602487,5.25459354743626,0.02399754396776044,-0.012998657630498458,-0.20743677744908198
3.5767153430686136,2.4816210653516984,5.19380759712076,0.024122886861925156,-0.01302503782654601,-0.20812525445259006
3.5777155431086216,2.6836012241420444,5.132700992103191,0.024250578880488947,-0.013052004249719504,-0.20875268838890215
3.5787157431486296,2.8844000604552673,5.071278881149516,0.02438059728155051,-0.013079547193556695,-0.2093192601529875
3.5797159431886376,3.083939425381575,5.009546422992788,0.024512918206703756,-0.013107656244375723,-0.2098251700417925
3.5807161432286456,3.282141770428245,4.947508785901279,0.02464751668803798,-0.013136320293722279,-0.21027063762455245
3.5817163432686536,3.47893017707562,4.8851711472471475,0.0247843666552852,-0.01316552755180817,-0.21065590160609762
3.5827165433086616,3.6742283860205744,4.82253869307701,0.02492344094312023,-0.013195265561918376,-0.21098121968322212
3.5837167433486696,3.867960826102617,4.7596166176832755,0.025064711298619535,-0.013225521215762478,-0.21124686839418824
3.5847169433886776,4.060052642897714,4.696410123177352,0.025208148388885986,-0.013256280769745157,-0.21145314296144008
3.5857171434286856,4.250429726972568,4.632924419063995,0.025353721808847107,-0.013287529862129338,-0.2116003571276033
3.5867173434686936,4.4390187417858025,4.569164721816961,0.025501400089235262,-0.013319253531064432,-0.21168884298485033
3.5877175435087016,4.62574715122895,4.5051362544560805,0.02565115070475871,-0.013351436233451076,-0.21171895079771264
3.5887177435487096,4.810543246795143,4.440844246126213,0.025802940082473157,-0.01338406186461272,-0.21169104881942394
3.5897179435887177,4.993336174366545,4.376293931677122,0.02595673361036386,-0.013417113778743446,-0.2116055231018808
3.5907181436287257,5.1740559606105885,4.311490551245264,0.026112495646148873,-0.013450574810100445,-0.21146277729930912
3.5917183436687337,5.352633538976192,4.246439349836823,0.02627018952631442,-0.013484427294908627,-0.21126323246572729
3.5927185437087417,5.529000775279291,4.181145576912711,0.026429777575393727,-0.013518653093944054,-0.21100732684629905
3.5937187437487497,5.703090492870603,4.115614485974641,0.026591221115500992,-0.013553233615761965,-0.21069551566267142
3.5947189437887577,5.874836497374316,4.049851334153178,0.026754480476132363,-0.013588149840534454,-0.21032827089239448
3.5957191438287657,6.044173600991297,3.9838613817974386,0.026919515004246025,-0.013623382344462047,-0.209906081042523
3.5967193438687737,6.211037646357105,3.917649892066232,0.027086283074633625,-0.013658911324722824,-0.2094294509175008
3.5977195439087817,6.375365529945719,3.8512221305210512,0.02725474210059529,-0.01369471662492197,-0.20889890138143105
3.5987197439487897,6.537095225013364,3.784583364720504,0.027424848544930564,-0.013730777761004127,-0.20831496911483868
3.5997199439887977,6.696165804071309,3.717738863817242,0.027596557931257485,-0.013767073947590332,-0.2076782063660307
3.6007201440288057,6.852517460883368,3.65069389815544,0.027769824855671955,-0.013803584124700768,-0.2069891806971647
3.6017203440688137,7.006091531977196,3.583453738871213,0.027944602998759387,-0.013840286984824205,-0.20624847472513527
3.6027205441088217,7.156830517664572,3.5160236574941686,0.02812084513797032,-0.013877161000294484,-0.20545668585739163
3.6037207441488297,7.304678102562985,3.4484089255507877,0.028298503160371545,-0.013914184450934118,-0.20461442602280025
3.6047209441888377,7.449579175610798,3.380614814170198,0.028477528075783777,-0.013951335451924734,-0.20372232139766833
3.6057211442288457,7.591479849570655,3.3126465936911593,0.028657870030316678,-0.013988591981863861,-0.20278101212704563
3.6067213442688537,7.730327480013255,3.2445095332711498,0.028839478320311463,-0.014025931910967324,-0.20179115204142373
3.6077215443088617,7.866070683777361,3.1762089004978042,0.02902230140670088,-0.0140633330293764,-0.20075340836895297
3.6087217443488697,7.9986593568976,3.1077499610013466,0.029206286929795818,-0.01410077307552877,-0.1996684614432991
3.6097219443888777,8.128044691996072,3.039137978070019,0.02939138172450711,-0.014138229764552278,-0.19853700440726282
3.6107221444288857,8.254179195132211,2.9703782122668114,0.029577531836010616,-0.014175680816640519,-0.19735974291228706
3.6117223444688937,8.377016702104138,2.901475921048241,0.029764682535862768,-0.01421310398536935,-0.19613739481397743
3.6127225445089017,8.496512394198126,2.832436358385471,0.02995277833857323,-0.014250477085913558,-0.19487068986376357
3.6137227445489097,8.612622813380469,2.7632647743868914,0.030141763018640397,-0.014287778023123098,-0.19356036939682916
3.6147229445889177,8.725305876927225,2.693966414923592,0.030331579628054727,-0.014324984819418551,-0.1922071860164403
3.6157231446289257,8.834520891487902,2.6245465212559407,0.030522170514274086,-0.014362075642465775,-0.19081190327480269
3.6167233446689337,8.94022856657834,2.5550103296629114,0.030713477338674283,-0.014399028832590073,-0.18937529535057915
3.6177235447089418,9.042391027499367,2.4853630710731824,0.030905441095477208,-0.014435822929890582,-0.18789814672319977
3.6187237447489498,9.140971827677204,2.4156099706987386,0.031098002131157976,-0.014472436701016144,-0.18638125184409815
3.6197239447889578,9.235935960422728,2.3457562476699247,0.03129110016433152,-0.014508849165564356,-0.18482541480500825
3.6207241448289658,9.327249870105689,2.2758071146732153,0.03148467430611816,-0.014545039622066153,-0.18323144900345614
3.6217243448689738,9.414881462741548,2.2057677775912135,0.031678663080986616,-0.01458098767351889,-0.1816001768055832
3.6227245449089818,9.498800115988052,2.13564343514431,0.031873004448071965,-0.014616673252431614,-0.17993242920643676
3.6237247449489898,9.578976688549092,2.065439278534878,0.03206763582296506,-0.014652076645346943,-0.17822904548786525
3.6247249449889978,9.655383528982938,1.9951604910937497,0.03226249409996879,-0.014687178516804802,-0.17649087287415555
3.625725145029006,9.727994483914195,1.9248122479287346,0.03245751567481567,-0.01472195993271415,-0.17471876618555093
3.626725345069014,9.796784905646671,1.8543997155754437,0.032652636467840106,-0.014756402383099687,-0.17291358748978794
3.627725545109022,9.861731659175934,1.78392805165031,0.03284779194759781,-0.014790487804191597,-0.17107620575179122
3.62872574514903,9.922813128600358,1.7134024045061107,0.033042917154923544,-0.01482419859982731,-0.16920749648166597
3.629725945189038,9.98000922292967,1.6428279128895418,0.03323794672741776,-0.014857517662135406,-0.16730834138112746
3.630726145229046,10.033301381289958,1.5722097056008553,0.03343281492435125,-0.014890428391472886,-0.1653796279885077
3.631726345269054,10.08267257752459,1.5015529011567432,0.033627455651976335,-0.014922914715588166,-0.16342224932247904
3.632726545309062,10.12810732419124,1.4308626074541988,0.03382180248923189,-0.014954961107983441,-0.16143710352463575
3.63372674534907,10.169591675954178,1.3601439214379438,0.03401578871382872,-0.01498655260545124,-0.1594250935010728
3.634726945389078,10.207113232372446,1.289401928769443,0.03420934732870073,-0.015017674824761348,-0.15738712656310322
3.635727145429086,10.240661140084262,1.2186417034984538,0.0344024110888066,-0.015048313978475588,-0.1553241140672537
3.636727345469094,10.270226094388052,1.1478683077373641,0.03459491252826571,-0.015078456889869316,-0.15323697105467893
3.637727545509102,10.295800340221136,1.077086791337143,0.03478678398781117,-0.015108091006939944,-0.15112661589013496
3.63872774554911,10.317377672537162,1.0063021915662775,0.034977957642542246,-0.015137204415484176,-0.14899396990065097
3.639727945589118,10.334953436083474,0.9355195327921222,0.03516836552995742,-0.015165785851227192,-0.14683995701403957
3.640728145629126,10.348524524580053,0.8647438261641821,0.03535793957824876,-0.015193824710988459,-0.1446655033973849
3.641728345669134,10.358089379301825,0.7939800693002439,0.03554661163483765,-0.015221311062870413,-0.14247153709564742
3.642728545709142,10.363647987066146,0.7232332459750025,0.03573431349513111,-0.015248235655457803,-0.14025898767052392
3.64372874574915,10.365201877627971,0.6525083258107177,0.03592097693147748,-0.015274589926017034,-0.1380287858397013
3.644728945789158,10.362754120484887,0.5818102639706246,0.03610653372229968,-0.015300366007686467,-0.13578186311664112
3.645729145829166,10.35630932109486,0.5111440008548711,0.03629091568138374,-0.015325556735650241,-0.13351915145103257
3.646729345869174,10.345873616509532,0.44051446179880754,0.03647405468729977,-0.015350155652289765,-0.13124158287004997
3.647729545909182,10.331454670426066,0.3699265567735256,0.03665588271293231,-0.01537415701130868,-0.12895008912055064
3.64872974594919,10.313061667661103,0.29938518008948123,0.036836331855096494,-0.015397555780828732,-0.12664560131234828
3.649729945989198,10.290705308050065,0.2288952101019047,0.03701533436421623,-0.015420347645455591,-0.12432904956269607
3.650730146029206,10.264397799775915,0.1584615089195511,0.03719282267404037,-0.015442529007315353,-0.12200136264211305
3.651730346069214,10.234152852130928,0.08808892211489545,0.03736872943137265,-0.015464096986064007,-0.11966346762168639
3.652730546109222,10.199985667716042,0.017782278437980928,0.037542987525790945,-0.015485049417873858,-0.1173162895219811
3.65373074614923,10.161912934081874,-0.052453610468035865,0.037715530119331535,-0.015505384853402464,-0.11496075096368812
3.654730946189238,10.119952814816177,-0.1226139503482678,0.03788629067611374,-0.015525102554751261,-0.11259777182014037
3.655731146229246,10.07412494008225,-0.1926939646155901,0.03805520299188059,-0.015544202491422654,-0.11022826887182559
3.656731346269254,10.024450396613783,-0.2626888946266339,0.038222201223431077,-0.015562685335285905,-0.10785315546302324
3.657731546309262,9.970951717170758,-0.3325939999560547,0.038387219917919775,-0.015580552454563698,-0.1054733411606922
3.65873174634927,9.913652869461936,-0.40240455866788427,0.03855019404199975,-0.015597805906852828,-0.10308973141573427
3.659731946389278,9.852579244540111,-0.47211586758455093,0.03871105901078489,-0.015614448431193893,-0.1007032272267576
3.660732146429286,9.78775764467456,-0.5417232425525595,0.03886975071660821,-0.015630483439206404,-0.09831472480646239
3.661732346469294,9.719216270708039,-0.6112220187070132,0.03902620555755273,-0.015645915005307126,-0.09592511525077083
3.662732546509302,9.646984708903764,-0.6806075507321335,0.039180360465732235,-0.015660747856030888,-0.09353528421082058
3.66373274654931,9.571093917288273,-0.7498752131197859,0.03933215293529946,-0.015674987358474446,-0.09114611156794084
3.664732946589318,9.491576211497712,-0.8190204004257668,0.039481521050159625,-0.015688639507885332,-0.088758471111728
3.665733146629326,9.40846525013304,-0.888038527522731,0.039628403511368045,-0.015701710914418892,-0.08637323022133632
3.666733346669334,9.321796019632327,-0.9569250298512829,0.03977273966419078,-0.01571420878908796,-0.08399124955009801
3.667733546709342,9.231604818665058,-1.0256753636679972,0.039914469524808066,-0.015726140928930793,-0.08161338271358484
3.66873374674935,9.137929242058346,-1.0942850062906542,0.04005353380664082,-0.01573751570142409,-0.07924047598122255
3.669733946789358,9.040808164259605,-1.1627494563416343,0.04018987394628122,-0.01574834202816891,-0.0768733679715671
3.670734146829366,8.940281722345404,-1.231064233987874,0.040323432129008935,-0.015758629367878453,-0.07451288935135025
3.671734346869374,8.836391298582564,-1.2992248811786786,0.04045415131387546,-0.0157683876986976,-0.07215986253840037
3.672734546909382,8.72917950255015,-1.3672269618808006,0.04058197525833963,-0.015777627499885035,-0.06981510140854254
3.67373474694939,8.618690152829668,-1.4350660623108407,0.04070684854243818,-0.01578635973288963,-0.06747941100658016
3.674734946989398,8.504968258272532,-1.5027377911651427,0.04082871659247614,-0.015794595821853705,-0.06515358726145849
3.675735147029406,8.388059998851602,-1.5702377798470082,0.04094752570422235,-0.015802347633576307,-0.0628384167057087
3.676735347069414,8.26801270610636,-1.6375616826912296,0.041063223065596635,-0.015809627456970614,-0.060534676199268944
3.677735547109422,8.144874843189392,-1.7047051771859345,0.041175756778835636,-0.01581644798204996,-0.05824313265777752
3.67873574714943,8.018695984523426,-1.7716639641923329,0.04128507588212539,-0.01582282227847771,-0.055964542785430525
3.679735947189438,7.889526795077095,-1.8384337681608427,0.0413911303706895,-0.015828763773716666,-0.05369965281249487
3.680736147229446,7.757419009268373,-1.9050103373455785,0.041493871217322634,-0.015834286230814086,-0.05144919823756566
3.681736347269454,7.622425409505493,-1.9713894440157984,0.04159325039236001,-0.015839403725858864,-0.04921390357465434
3.682736547309462,7.484599804372555,-2.0375668846644412,0.04168922088307426,-0.015844130625147664,-0.046994482105192255
3.68373674734947,7.343997006471573,-2.1035384802144885,0.04178173671249214,-0.01584848156209707,-0.044791635635032516
3.684736947389478,7.200672809927682,-2.169300076222587,0.04187075295762425,-0.01585247141393903,-0.0426060542565301
3.685737147429486,7.054683967568697,-2.23484754307981,0.041956225767101805,-0.01585611527823693,-0.04043841611577875
3.686737347469494,6.906088167788051,-2.3001767762101335,0.04203811237821554,-0.015859428449259794,-0.03828938718508071
3.687737547509502,6.754944011099956,-2.3652836962658883,0.042116371133352336,-0.015862426394251967,-0.036159621040723004
3.68873774754951,6.6013109863980555,-2.4301642493210918,0.04219096149582635,-0.01586512472963571,-0.03404975864613225
3.689737947589518,6.445249446925307,-2.494814407061595,0.04226184406510194,-0.0158675391971839,-0.031960428140477025
3.690738147629526,6.286820585966918,-2.559230166972995,0.042328980591406655,-0.01586968564019988,-0.029892244632785316
3.691738347669534,6.126086412275035,-2.6234075525259817,0.04239233398973331,-0.01587157997974128,-0.02784581000164169
3.692738547709542,5.963109725235074,-2.687342613358448,0.04245186835323079,-0.015873238190924267,-0.025821712700526803
3.69373874774955,5.797954089785526,-2.751031425455934,0.04250754896598412,-0.015874676279344333,-0.023820527568859787
3.694738947789558,5.630683811098427,-2.8144700913286114,0.042559342315185,-0.01587591025764933,-0.021842815648800876
3.695739147829566,5.461363909033416,-2.877654740185994,0.042607216102694606,-0.01587695612229994,-0.019889124007870514
3.696739347869574,5.290060092374858,-2.9405815281093073,0.04265113925600114,-0.01587782983055228,-0.0179599855674378
3.697739547909582,5.116838732860708,-3.003246638220591,0.042691081938575376,-0.01587854727769667,-0.016055918937129002
3.69873974794959,4.941766839016453,-3.0656462808497973,0.042727015559627754,-0.015879124274586088,-0.014177428255205102
3.699739947989598,4.764912029801589,-3.12777669369923,0.04275891278327145,-0.015879576525486973,-0.012325003034953888
3.700740148029606,4.586342508081799,-3.1896341420046745,0.04278674753709611,-0.01587991960628449,-0.010499118017140608
3.701740348069614,4.406127033934336,-3.2512149186950747,0.04281049502015761,-0.015880168943073418,-0.008700233028558262
3.702740548109622,4.224334897800138,-3.3125153445485283,0.042830131710389574,-0.015880339791165096,-0.006928792846716447
3.70374074814963,4.0410358934913555,-3.373531768346509,0.04284563537144285,-0.01588044721453997,-0.005185227070705087
3.704740948189638,3.8563002910652315,-3.4342605670250634,0.04285698505895948,-0.015880506065774364,-0.0034699499982668723
3.705741148229646,3.67019880957505,-3.4946981458234867,0.042864161126288144,-0.015880530966469117,-0.0017833605091100576
3.706741348269654,3.4828025897090567,-3.5548409384304716,0.042867145229648254,-0.015880536288206844,-0.000125841954490625
3.707741548309662,3.294183166327702,-3.614685407127838,0.04286592033275031,-0.015880536134063424,0.0015022379469096852
3.70874174834967,3.1044124409094462,-3.6742280429311776,0.04286047071088024,-0.015880544320698353,0.003100527206785394
3.709741948389678,2.913562653916281,-3.733465365728714,0.04285078195445577,-0.01588057436104751,0.004668689658667483
3.710742148429686,2.721706357090476,-3.7923939244168667,0.04283684097206292,-0.01588063944764073,0.006206405043022791
3.711742348469694,2.5289163856901173,-3.851010297033692,0.042818635992981066,-0.015880752436565473,0.00771336908597594
3.712742548509702,2.335265830678233,-3.9093110908898114,0.0427961565692049,-0.015880925832096694,0.009189293571639126
3.71374274854971,2.140828010873214,-3.967292942696287,0.04276939357697185,-0.015881171772011864,0.010633906408038473
3.714742948589718,1.945676445071241,-4.024952518690627,0.042738339217803505,-0.015881502013608818,0.012046951686627276
3.715743148629726,1.749884824153873,-4.082286514759744,0.04270298701906969,-0.015881927920442997,0.01342818973537923
3.716743348669734,1.5535269831867702,-4.139291656560799,0.042663331834083634,-0.01588246044979927,0.014777397165457513
3.717743548709742,1.3566768735259698,-4.195964699639054,0.04261936984173688,-0.015883110140912385,0.016094366911457172
3.71874374874975,1.1594085349364618,-4.252302429543685,0.0425710985456823,-0.015883887103948766,0.017378908265221878
3.719743948789758,0.9617960677375533,-4.308301661940808,0.04251851677307367,-0.015884801009761116,0.018630846903237408
3.720744148829766,0.7639136049832814,-4.3639592427238325,0.042461624672869895,-0.015885861080426018,0.019850024907607428
3.721744348869774,0.5658352846892676,-4.419272048121986,0.042400423713712186,-0.01588707608057339,0.021036300780619053
3.722744548909782,0.36763522211649236,-4.474236984805582,0.04233491668138187,-0.015888454309515427,0.0221895494529085
3.72374474894979,0.16938748212052324,-4.528850989989221,0.042265107675846784,-0.01589000359418127,0.023309662285239258
3.724744948989798,-0.028833948420229474,-4.583111031532494,0.04219100210790368,-0.015891731282862476,0.02439654706390745
3.725745149029806,-0.22695518809128068,-4.637014108037855,0.0421126066954239,-0.01589364423977293,0.025450127989792064
3.726745349069814,-0.4249024883302663,-4.690557248946915,0.04202992945920956,-0.015895748840425654,0.026470345661069067
3.727745549109822,-0.622602260707833,-4.743737514633023,0.041942979718466784,-0.015898050967827634,0.027457157049611852
3.72874574914983,-0.8199811040921259,-4.796551996492594,0.04185176808590286,-0.015900556009492525,0.028410535471101978
3.729745949189838,-1.0169658316847958,-4.848997817033103,0.04175630646245327,-0.015903268855269815,0.029330470548876827
3.730746149229846,-1.2134834979216058,-4.901072129959246,0.041656608031644816,-0.015906193895987786,0.030216968171543148
3.731746349269854,-1.409461425224706,-4.9527721202563635,0.04155268725360036,-0.01590933502290637,0.031070050444387376
3.732746549309862,-1.6048272305993854,-5.00409500427152,0.04144455985869068,-0.015912695627974736,0.03188975563461642
3.73374674934987,-1.7995088520654254,-5.055038029792199,0.041332242840838467,-0.015916278604887243,0.03267613811046433
3.734746949389878,-1.9934345749112785,-5.1055984761225295,0.04121575445047925,-0.01592008635093026,0.033429268274202596
3.735747149429886,-2.1865330577647057,-5.155773654157219,0.04109511418718377,-0.015924120769611055,0.03414923248909444
3.736747349469894,-2.3787333584697072,-5.2055609064531065,0.040970342791945905,-0.015928383274058905,0.03483613300033509
3.737747549509902,-2.569964959758696,-5.2549576072981905,0.040841462239140085,-0.01593287479118738,0.03549008785002228
3.73874774954991,-2.7601577947129856,-5.30396116277835,0.040708495728151745,-0.015937595766605684,0.03611123078620369
3.739747949589918,-2.94924227200243,-5.3525690108418695,0.0405714676746841,-0.01594254617026582,0.03669971116604988
3.740748149629926,-3.137149300893676,-5.400778621361361,0.04043040370174426,-0.01594772550283128,0.03725569385320324
3.741748349669934,-3.323810316020088,-5.448587496193595,0.04028533063031143,-0.01595313280275195,0.037779359109355835
3.742748549709942,-3.5091573019043856,-5.495993169236704,0.04013627646968969,-0.015958766654028934,0.03827090248011093
3.74374874974995,-3.6931228172234394,-5.542993206485396,0.03998327040754749,-0.015964625194651933,0.038730534675184634
3.744748949789958,-3.8756400188109046,-5.589585206083487,0.039826342799645975,-0.015970706125690987,0.03915848144300695
3.745749149829966,-4.056642685384485,-5.63576679837461,0.03966552515925781,-0.01597700672102339,0.03955498343978228
3.746749349869974,-4.236065240993654,-5.681535645949979,0.039500850146278126,-0.015983523837675758,0.039920296093072564
3.747749549909982,-4.413842778178111,-5.726889443694607,0.039332351556028926,-0.015990253926760366,0.04025468945996714
3.74874974994999,-4.589911080828471,-5.7718259188305705,0.03916006430775816,-0.015997193044984023,0.04055844807990582
3.749749949989998,-4.764206646743238,-5.816342830958366,0.03898402443283453,-0.016004336866707068,0.040831870822223476
3.7507501500300062,-4.936666709872626,-5.860437972096099,0.03880426906263892,-0.016011680696529248,0.041075270728485776
3.7517503500700142,-5.107229262242732,-5.904109166716164,0.038620836416153215,-0.01601921948237859,0.041288974849688236
3.7527505501100222,-5.275833075552531,-5.9473542717797425,0.03843376578724732,-0.01602694782907867,0.04147332407839178
3.7537507501500302,-5.442417722436536,-5.990171176769214,0.038243097531664855,-0.01603486001236915,0.041628672975870085
3.7547509501900382,-5.6069235973859834,-6.032557803718142,0.038048873053708215,-0.01604294999335374,0.041755389594345556
3.755751150230046,-5.769291937321242,-6.074512107239278,0.037851134792623586,-0.01605121143334934,0.04185385529439228
3.756751350270054,-5.929464841809217,-6.116032074550227,0.03764992620868591,-0.01605963770910953,0.0419244645575865
3.757751550310062,-6.08738529291957,-6.157115725496979,0.0374452917689857,-0.01606822192839514,0.04196762479448554
3.75875175035007,-6.2429971747120065,-6.197761112575059,0.037237276932916515,-0.016076956945864213,0.04198375614801905
3.759751950390078,-6.396245292349061,-6.237966320948909,0.03702592813736501,-0.016085835379253368,0.04197329129237679
3.760752150430086,-6.547075390828921,-6.2777294684688085,0.0368112927816038,-0.016094849625822097,0.041936675227479424
3.761752350470094,-6.695434173330912,-6.317048705685623,0.036593419211888065,-0.016103991879031433,0.04187436506911956
3.762752550510102,-6.841269319168676,-6.355922215863563,0.03637235670575673,-0.016113254145427996,0.04178682983486223
3.76375275055011,-6.984529501345651,-6.394348214990985,0.036148155456039416,-0.016122628261704422,0.04167455022579502
3.764752950590118,-7.125164403706217,-6.432324951788551,0.03592086655457029,-0.016132105911906818,0.04153801840421942
3.765753150630126,-7.263124737678865,-6.46985070771577,0.03569054197561035,-0.016141678644760005,0.041377737767376396
3.766753350670134,-7.398362258604437,-6.506923796975219,0.035457234558979665,-0.016151337891081047,0.04119422271730008
3.767753550710142,-7.530829781645529,-6.543542566514754,0.03522099799290145,-0.0161610749812517,0.04098799842689511
3.76875375075015,-7.660481197272402,-6.579705396027656,0.03498188679656006,-0.016170881162720318,0.04075960060233396
3.769753950790158,-7.787271486319959,-6.615410697950642,0.034739956302375176,-0.01618074761750398,0.040509575241871924
3.770754150830166,-7.911156734611811,-6.650656917459918,0.03449526263799487,-0.016190665479661536,0.04023847839117827
3.771754350870174,-8.032094147146779,-6.685442532465084,0.03424786270801031,-0.01620062585270857,0.03994687589528342
3.772754550910182,-8.150042061844882,-6.719766053601179,0.03399781417539533,-0.01621061982694546,0.039635343147242805
3.77375475095019,-8.264959962846666,-6.7536260242184865,0.03374517544267437,-0.016220638496669892,0.03930446483361895
3.774754950990198,-8.376808493364551,-6.787021020370552,0.033490005632822485,-0.016230672977245585,0.03895483467688449
3.775755151030206,-8.485549468080393,-6.81994965080005,0.03323236456990163,-0.016240714421999224,0.038587055174849415
3.776755351070214,-8.591145885087835,-6.852410556922829,0.03297231275943767,-0.01625075403891804,0.038201737337217045
3.777755551110222,-8.693561937374666,-6.884402412809739,0.03270991136854281,-0.016260783107120882,0.03779950041937354
3.77875575115023,-8.79276302384295,-6.915923925166737,0.03244522220578873,-0.016270792993076044,0.03738097165351692
3.779755951190238,-8.888715759863723,-6.946973833312994,0.032178307700835865,-0.016280775166539696,0.03694678597723206
3.780756151230246,-8.9813879873637,-6.977550909156936,0.03190923088382464,-0.01629072121618922,0.036497585759618985
3.781756351270254,-9.070748784441525,-7.007653957170521,0.03163805536453499,-0.0163006228649264,0.036034020525082075
3.782756551310262,-9.156768474511097,-7.037281814361501,0.03136484531132058,-0.016310471984825967,0.03555674667488881
3.78375675135027,-9.239418634969747,-7.0664333502438,0.031089665429824873,-0.01632026061170576,0.03506642720660681
3.784756951390278,-9.31867210538968,-7.09510746680607,0.030812580941486083,-0.016329980959295283,0.034563731431528785
3.785757151430286,-9.394502995230384,-7.123303098478292,0.030533657561838876,-0.01633962543298038,0.03404933469019519
3.786757351470294,-9.46688669107058,-7.151019212096555,0.030252961478620655,-0.016349186643102295,0.033523918066124994
3.787757551510302,-9.535799863358898,-7.178254806865875,0.02997055932969083,-0.016358657417790343,0.03298816809786524
3.78875775155031,-9.601220472680776,-7.205008914321426,0.02968651818077171,-0.01636803081530812,0.032442776489470346
3.789757951590318,-9.663127775541641,-7.231280598287644,0.029400905503019967,-0.016377300135894102,0.03188843981952263
3.790758151630326,-9.72150232966525,-7.257068954835685,0.02911378915043806,-0.01638645893307837,0.031325859248805515
3.791758351670334,-9.776325998805818,-7.282373112239057,0.02882523733713506,-0.016395501024457998,0.030755740226741202
3.792758551710342,-9.827581957074333,-7.307192230927418,0.02853531861444693,-0.016404420501914724,0.030178792196704787
3.79375875175035,-9.875254692778212,-7.331525503438598,0.028244101847926296,-0.016413211741259388,0.029595728300326904
3.794758951790358,-9.919330011774317,-7.35537215436893,0.027951656194212166,-0.01642186941128859,0.029007265080896984
3.795759151830366,-9.959795040335193,-7.378731440321656,0.02765805107779027,-0.016430388482240068,0.02841412218597934
3.796759351870374,-9.996638227528804,-7.401602649853803,0.02736335616765491,-0.016438764233634322,0.02781702206935424
3.797759551910382,-10.029849347112252,-7.4239851034211695,0.02706764135388338,-0.016446992261490944,0.027216689692396195
3.79875975195039,-10.059419498939935,-7.4458781533215825,0.026770976724134303,-0.01645506848490933,0.026613852225001376
3.799759951990398,-10.085341109886958,-7.4672811836366,0.026473432540081287,-0.01646298915200436,0.026009238746176194
3.800760152030406,-10.107607934288511,-7.488193610171336,0.026175079213793563,-0.016470750845188793,0.02540357994439875
3.801760352070414,-10.126215053896466,-7.5086148803927495,0.025875987284075322,-0.016478350485795223,0.024797607817864706
3.802760552110422,-10.1411588773546,-7.528544473366072,0.025576227392775593,-0.016485785338031477,0.02419205537472896
3.80376075215043,-10.152437139193472,-7.547981899689861,0.025275870261080628,-0.016493053012264502,0.023587656333453968
3.804760952190438,-10.160048898346885,-7.566926701429165,0.024974986665800784,-0.01650015146762886,0.022985144823375606
3.805761152230446,-10.163994536191662,-7.585378452047071,0.024673647415663972,-0.016507079013957086,0.02238525508559674
3.806761352270454,-10.16427575411253,-7.603336756334802,0.024371923327627717,-0.016513834313030266,0.021788721174318456
3.807761552310462,-10.16089557059437,-7.62080125034002,0.02406988520322193,-0.016520416379148313,0.021196276658718444
3.80876175235047,-10.153858317844058,-7.637771601293615,0.023767603804934433,-0.01652682457902054,0.020608654325485483
3.809761952390478,-10.143169637944352,-7.654247507534938,0.023465149832651227,-0.016533058630978203,0.020026585882118475
3.810762152430486,-10.128836478542409,-7.670228698435365,0.023162593900163453,-0.01653911860351187,0.019450801661097944
3.811762352470494,-10.110867088075748,-7.68571493432038,0.022860006511752896,-0.016545004913137457,0.018882030325037266
3.812762552510502,-10.089271010538493,-7.700706006390087,0.02255745803886775,-0.01655071832159595,0.018320998572920293
3.81376275255051,-10.064059079791239,-7.71520173663822,0.022255018696900247,-0.0165562599323929,0.017768430847531366
3.814762952590518,-10.035243413417314,-7.729201977769534,0.021952758522077603,-0.01656163118668477,0.017225049044182924
3.815763152630526,-10.002837406129428,-7.742706613115816,0.021650747348477543,-0.01656683385852036,0.0166915722208453
3.816763352670534,-9.966855722729814,-7.755715556550226,0.021349054785179483,-0.0165718700494465,0.016168716309782387
3.817763552710542,-9.927314290627677,-7.768228752400414,0.021047750193562215,-0.016576742182488266,0.01565719383079607
3.81876375275055,-9.88423029191806,-7.78024617535985,0.020746902664758763,-0.016581452995514903,0.015157713606181575
3.819763952790558,-9.83762215502572,-7.791767830397974,0.020446580997278724,-0.01658600553400374,0.014670980477494754
3.820764152830566,-9.787509545918658,-7.802793752668674,0.02014685367480825,-0.01659040314321519,0.014197695024231696
3.821764352870574,-9.733913358894837,-7.813324007417526,0.019847788844197488,-0.016594649459792953,0.013738553284519811
3.822764552910582,-9.676855706947777,-7.823358689887425,0.019549454293644995,-0.016598748402804467,0.013294246477918839
3.82376475295059,-9.616359911714063,-7.832897925222976,0.019251917431088342,-0.01660270416423743,0.012865460730428852
3.824764952990598,-9.552450493008877,-7.84194186837336,0.018955245262809808,-0.016606521198969184,0.01245287680180165
3.825765153030606,-9.485153157953421,-7.850490703993873,0.018659504372265708,-0.016610204214226494,0.012057169815250545
3.826765353070614,-9.414494789699933,-7.85854464634608,0.018364760899147577,-0.01661375815855411,0.011679008989652604
3.827765553110622,-9.340503435758729,-7.866103939196624,0.018071080518683023,-0.01661718821031122,0.011319057374336132
3.82876575315063,-9.263208295933225,-7.873168855714675,0.017778528421183788,-0.01662049976571567,0.010977971586545161
3.829765953190638,-9.182639709867919,-7.879739698368013,0.017487169291848084,-0.01662369842645648,0.01065640155167131
3.830766153230646,-9.098829144214383,-7.885816798817867,0.017197067290823962,-0.01662678998689595,0.010354990246342238
3.831766353270654,-9.011809179422412,-7.891400517812363,0.01690828603354007,-0.01662978042088313,0.010074373444454774
3.832766553310662,-8.921613496159976,-7.896491245078711,0.01662088857130977,-0.01663267586820117,0.009815179466239119
3.83376675335067,-8.828276861369632,-7.90108939921412,0.016334937372214184,-0.016635482620671528,0.009578028930439693
3.834766953390678,-8.731835113966273,-7.905195427575423,0.01605049430226941,-0.016638207107938615,0.009363534509696446
3.835767153430686,-8.632325150182789,-7.9088098061674295,0.015767620606882676,-0.016640855882958844,0.009172300689209295
3.836767353470694,-8.52978490856987,-7.9119330395300755,0.015486376892601898,-0.016643435607218596,0.009004923528766851
3.837767553510702,-8.424253354655644,-7.9145656606242705,0.015206823109162673,-0.01664595303570597,0.00886199042821917
3.83876775355071,-8.315770465272772,-7.916708230716596,0.014929018531836404,-0.016648415001661553,0.008744079896472912
3.839767953590718,-8.204377212557802,-7.918361339262738,0.014653021744082858,-0.016650828401133803,0.008651761324085577
3.840768153630726,-8.090115547630841,-7.919525603789754,0.01437889062051011,-0.01665320017736492,0.008585594759534352
3.841768353670734,-7.973028383961938,-7.92020166977715,0.014106682310144471,-0.016655537305033306,0.008546130689233237
3.842768553710742,-7.8531595804303835,-7.920390210536763,0.013836453220012654,-0.01665784677437895,0.008533909821370665
3.84376875375075,-7.730553924084104,-7.92009192709152,0.0135682589990381,-0.016660135575238266,0.008549462873638376
3.844768953790758,-7.605257112606258,-7.919307548053013,0.013302154522253078,-0.016662410681014993,0.008593310364920661
3.845769153830766,-7.477315736496569,-7.918037829497972,0.013038193875327838,-0.016664679032613886,0.008665962411011441
3.846769353870774,-7.346777260973183,-7.91628355484359,0.012776430339417838,-0.01666694752236397,0.008767918524424925
3.847769553910782,-7.213690007603281,-7.914045534721747,0.012516916376329757,-0.016669222977958184,0.008899667418364215
3.84876975395079,-7.078103135669938,-7.911324606852142,0.012259703614006762,-0.0166715121464361,0.00906168681491038
3.849769953990798,-6.9400666232819,-7.908121635914333,0.01200484283233325,-0.01667382167823647,0.00925444325749274
3.850770154030806,-6.7996312482334,-7.904437513418699,0.011752383949259024,-0.016676158111346165,0.00947839192769959
3.851770354070814,-6.656848568623501,-7.900273157576354,0.011502376007242732,-0.01667852785557193,0.009733976466486941
3.852770554110822,-6.511770903239292,-7.895629513168003,0.011254867160014084,-0.016680937176961223,0.010021628799840667
3.85377075415083,-6.364451311714214,-7.890507551411762,0.011009904659654304,-0.01668339218239815,0.010341768968946436
3.854770954190838,-6.214943574465855,-7.884908269829957,0.01076753484399406,-0.016685898804400294,0.010694804964919214
3.855771154230846,-6.063302172423331,-7.878832692114914,0.010527803124327958,-0.01668846278614187,0.011081132568143122
3.856771354270854,-5.909582266551207,-7.872281867993738,0.010290753973444661,-0.01669108966672839,0.011501135192270083
3.857771554310862,-5.753839677177066,-7.865256873092113,0.010056430913971477,-0.016693784766747554,0.011955183732924106
3.85877175435087,-5.596130863132241,-7.857758808797151,0.009824876507032291,-0.016696553174120787,0.01244363642115639
3.859771954390878,-5.436512900711896,-7.849788802119211,0.009596132341217613,-0.016699399730279292,0.01296683868169426
3.860772154430886,-5.275043462463705,-7.841348005552846,0.00937023902186547,-0.016702329016688115,0.013525122996025487
3.861772354470894,-5.111780795812548,-7.832437596936761,0.00914723616065189,-0.016705345341741132,0.014118808770357434
3.862772554510902,-4.946783701529127,-7.823058779312861,0.008927162365489726,-0.016708452728049387,0.014748202208488758
3.86377275455091,-4.780111512051584,-7.813212780784371,0.008710055230734546,-0.01671165490014461,0.015413596189629524
3.864772954590918,-4.6118240696665875,-7.802900854373081,0.00849595132769645,-0.016714955272619143,0.01611527015120357
3.865773154630926,-4.441981704559121,-7.792124277875696,0.008284886195456649,-0.01671835693872287,0.016853489976665404
3.866773354670934,-4.270645212739662,-7.780884353719253,0.008076894331987794,-0.016721862659437137,0.01762850788836178
3.867773554710942,-4.097875833854333,-7.769182408815762,0.007872009185577096,-0.01672547485304486,0.01844056234546617
3.86877375475095,-3.923735228890586,-7.757019794415935,0.007670263146551444,-0.0167291955852154,0.019289877947012934
3.869773954790958,-3.7482854577813165,-7.744397885962054,0.0074716875393037955,-0.016733026559621996,0.02017666534005523
3.870774154830966,-3.5715889569205443,-7.731318082940081,0.007276312614620364,-0.0167369691091088,0.021101121132969903
3.871774354870974,-3.3937085165950722,-7.717781808730865,0.007084167542308184,-0.01674102418742372,0.022063427813929663
3.872774554910982,-3.2147072583431284,-7.703790510460646,0.006895280404122907,-0.01674519236153256,0.02306375367456177
3.87377475495099,-3.0346486122457654,-7.68934565885061,0.006709678186996815,-0.016749473804529,0.024102252738809966
3.874774954990998,-2.8535962941622532,-7.674448748065877,0.006527386776567289,-0.016753868289154178,0.025179064697014975
3.8757751550310062,-2.67161428291327,-7.659101295563445,0.006348430951006134,-0.016758375181938737,0.02629431484522641
3.8767753550710142,-2.488766797425586,-7.64330484193968,0.006172834375150458,-0.016762993437979302,0.027448114029757918
3.8777755551110222,-2.3051182738413534,-7.627060950776791,0.006000619594935966,-0.016767721596360426,0.028640558596994357
3.8787757551510302,-2.120733342603468,-7.610371208488714,0.005831808032133831,-0.016772557776232145,0.029871730348458973
3.8797759551910382,-1.935676805523655,-7.593237224166271,0.00566641997939251,-0.01677749967355233,0.031141696501145965
3.8807761552310462,-1.7500136128423915,-7.57566062942153,0.005504474595586168,-0.016782544558502026,0.032450509653122274
3.8817763552710542,-1.5638088402866683,-7.557643078231567,0.005345989901471587,-0.016787689273581055,0.03379820775440029
3.8827765553110622,-1.3771276661382081,-7.539186246781438,0.005190982775655747,-0.016792930232390126,0.035184814083081856
3.8837767553510703,-1.190035348313268,-7.520291833306599,0.005039468950876455,-0.016798263419104738,0.036610337226770935
3.8847769553910783,-1.0025972014697129,-7.500961557934497,0.004891463010598763,-0.016803684388645143,0.03807477106925218
3.8857771554310863,-0.8148785741438338,-7.481197162525684,0.00474697838593006,-0.016809188267545593,0.03957809478242885
3.8867773554710943,-0.6269448259259921,-7.4610004105141,0.00460602735285706,-0.01681476975552515,0.041120272823513146
3.8877775555111023,-0.4388613046860295,-7.440373086746949,0.004468621029808131,-0.01682042312776123,0.04270125493745972
3.8887777555511103,-0.2506933238520334,-7.419316997323699,0.00433476937554464,-0.016826142237866094,0.044320976164630814
3.8897779555911183,-0.06250613975301529,-7.397833969434736,0.004204481187385255,-0.016831920521565406,0.045979356853680445
3.8907781556311263,0.12563507096713245,-7.3759258511991055,0.004077764099767346,-0.016837751001077005,0.047676302679642776
3.8917783556711343,0.31366523385752026,-7.353594511502047,0.0039546245831498595,-0.01684362629018695,0.04941170466720799
3.8927785557111423,0.5015193990811462,-7.33084183983163,0.0038350679432622515,-0.0168495386000189,0.05118543921916754
3.8937787557511503,0.6891327637424374,-7.307669746114998,0.0037190983207042293,-0.01685547974549183,0.05299736815000836
3.8947789557911583,0.8764406941124346,-7.284080160553978,0.0036067186909012746,-0.016861441152460136,0.054847338724634535
3.8957791558311663,1.0633787477451035,-7.26007503346026,0.003497930864421038,-0.016867413865529,0.05673518370219235
3.8967793558711743,1.2498826954770335,-7.2356563350898915,0.0033927354876558723,-0.016873388556537076,0.058660721384973684
3.8977795559111823,1.4358885433034065,-7.210826055477341,0.003291132043876887,-0.016879355533697366,0.06062375567237046
3.8987797559511903,1.6213325541220698,-7.185586204269068,0.003193118854665025,-0.016885304751386297,0.06262407611985142
3.8997799559911983,1.8061512693392974,-7.159938810556616,0.003098693081724737,-0.016891225820569927,0.06466145800293076
3.9007801560312063,1.9902815303300647,-7.133885922709056,0.0030078507290859082,-0.016897108019855285,0.06673566238609624
3.9017803560712143,2.173660499745013,-7.107429608205215,0.002920586645699746,-0.016902940307153863,0.06884643619666332
3.9027805561112223,2.3562256826574925,-7.080571953465174,0.0028368945284343357,-0.016908711331943355,0.07099351230351944
3.9037807561512303,2.537914947544025,-7.053315063681487,0.0027567669254755923,-0.01691440944811279,0.07317660960072155
3.9047809561912383,2.7186665470910025,-7.025661062649999,0.002680195240139308,-0.016920022727375292,0.07539543309590813
3.9057811562312463,2.89841913882044,-6.997612092599928,0.002607169735099936,-0.016925538973231798,0.07764967400348552
3.9067813562712543,3.0771118055291717,-6.969170314024,0.002537679537041689,-0.01693094573546825,0.07993900984254648
3.9077815563112623,3.254684075533075,-6.940337905507717,0.002471712641737411,-0.016936230325167837,0.08226310453947776
3.9087817563512703,3.431075942712686,-6.911117063558496,0.002409255919560568,-0.016941379830219074,0.08462160853521151
3.9097819563912783,3.606227886349655,-6.881510002434316,0.002350295121435553,-0.016946381131299766,0.0870141588970745
3.9107821564312863,3.7800808907520667,-6.851518953972122,0.002294814885231286,-0.01695122091831599,0.0894403794351866
3.9117823564712944,3.9525764646594927,-6.821146167415617,0.0022427987426029156,-0.0169558857072746,0.09189988082335962
3.9127825565113024,4.123656660422082,-6.790393909242919,0.0021942291262861866,-0.01696036185756699,0.09439226072444565
3.9137827565513104,4.293264092948782,-6.759264462993735,0.00214908737784874,-0.016964635589641133,0.09691710392008213
3.9147829565913184,4.4613419584170595,-6.7277601290962945,0.002107353755902369,-0.016968693003038316,0.09947398244478058
3.9157831566313264,4.627834052740336,-6.695883224693983,0.0020690074447798894,-0.01697252009477029,0.10206245572430352
3.9167833566713344,4.792684789785297,-6.6636360834714425,0.002034026563679981,-0.016976102778012012,0.10468207071827351
3.9177835567113424,4.955839219334635,-6.631021055480634,0.0020023881762829526,-0.01697942690108457,0.10733236206695637
3.9187837567513504,5.117243044789274,-6.5980405069664005,0.0019740683008399925,-0.01698247826670236,0.11001285224215958
3.9197839567913584,5.276842640604919,-6.564696820192009,0.0019490419207380562,-0.0169852426514581,0.11272305170218555
3.9207841568313664,5.434585069457967,-6.530992393264036,0.0019272829955420787,-0.016987705825518798,0.11546245905077837
3.9217843568713744,5.59041809913397,-6.496929639957289,0.001908764472515756,-0.016989853572505414,0.11823056120000107
3.9227845569113824,5.744290219135785,-6.462510989539434,0.0018934582986216036,-0.016991671709528536,0.12102683353697938
3.9237847569513904,5.8961506570044575,-6.427738886595284,0.0018813354330005272,-0.01699314610735208,0.12385074009444705
3.9247849569913984,6.045949394349343,-6.392615790850879,0.0018723658599305755,-0.016994262710656755,0.12670173372502616
3.9257851570314064,6.193637182582308,-6.357144176997407,0.0018665186022640055,-0.016995007558374735,0.12957925627917513
3.9267853570714144,6.339165558350731,-6.321326534514895,0.0018637617353412142,-0.016995366804066804,0.13248273878673592
3.9277855571114224,6.482486858666035,-6.285165367495506,0.0018640624013794827,-0.016995326736313095,0.1354116016420106
3.9287857571514304,6.623554235721914,-6.248663194467103,0.0018673868243339025,-0.016994873799088345,0.13836525479229708
3.9297859571914384,6.762321671399972,-6.211822548216067,0.0018737003252271894,-0.01699399461209262,0.14134309792981184
3.9307861572314464,6.898743991455687,-6.174645975610341,0.0018829673379445106,-0.016992675991008364,0.14434452068692752
3.9317863572714544,7.032776879384352,-6.137136037422143,0.0018951514254887368,-0.0169909049676546,0.14736890283465126
3.9327865573114624,7.164376889959491,-6.099295308150592,0.0019102152966909449,-0.016988668810009298,0.15041561448426977
3.9337867573514704,7.293501462442896,-6.06112637584412,0.0019281208233702723,-0.016985955042070913,0.15348401629208536
3.9347869573914784,7.420108933460506,-6.022631841922866,0.0019488290579365972,-0.016982751463530267,0.1565734596671669
3.9357871574314864,7.544158549542227,-5.983814321000712,0.00197230025142881,-0.016979046169224188,0.1596832869820383
3.9367873574714944,7.665610479321297,-5.944676440707575,0.0019984938719807945,-0.016974827568342517,0.16281283178622674
3.9377875575115024,7.784425825390148,-5.905220841511162,0.002027368623706527,-0.016970084403360376,0.16596141902259226
3.9387877575515104,7.900566635809766,-5.865450176539058,0.0020588824659950435,-0.016964805768667962,0.1691283652463584
3.9397879575915185,8.013995915269788,-5.825367111400329,0.002092992633205335,-0.016958981128870454,0.1723129788467646
3.9407881576315265,8.124677635895958,-5.784974324007304,0.0021296556547505717,-0.01695260033673104,0.17551456027125892
3.9417883576715345,8.232576747702772,-5.744274504397287,0.002168827375560381,-0.0169456536507306,0.17873240225214973
3.9427885577115425,8.337659188687603,-5.7032703545541095,0.0022104629769092482,-0.016938131752217978,0.18196579003563434
3.9437887577515505,8.439891894566012,-5.661964588229578,0.0022545169975984576,-0.016930025762125423,0.1852140016131214
3.9447889577915585,8.539242808142852,-5.620359930765049,0.0023009433554783726,-0.016921327257224273,0.18847630795476422
3.9457891578315665,8.63568088832038,-5.57845911891289,0.0023496953692972,-0.01691202828589666,0.19175197324512072
3.9467893578715745,8.729176118737941,-5.536264900657918,0.002400725780861815,-0.01690212138339963,0.19504025512085596
3.9477895579115825,8.819699516044293,-5.4937800350388315,0.002453986777495591,-0.016891599586598808,0.19834040491040203
3.9487897579515905,8.907223137798487,-5.451007291969629,0.0025094300147776535,-0.01688045644814943,0.20165166787549046
3.9497899579915985,8.991720089999038,-5.407949452061084,0.0025670066395473913,-0.016868686050103422,0.204973283454471
3.9507901580316065,9.073164534238781,-5.364609306442148,0.0026266673131575464,-0.01685628301692192,0.20830448550733086
3.9517903580716145,9.151531694485406,-5.320989656581381,0.0026883622349586985,-0.01684324252787354,0.21164450256232792
3.9527905581116225,9.226797863484904,-5.277093314108653,0.002752041165997492,-0.01682956032879958,0.2149925580641512
3.9537907581516305,9.298940408787862,-5.232923100636442,0.0028176534529104837,-0.01681523274322817,0.21834787062352146
3.9547909581916385,9.367937778396806,-5.188481847581551,0.0028851480519950894,-0.016800256682820418,0.22170965426814446
3.9557911582316465,9.433769506034766,-5.14377239598676,0.0029544735534386963,-0.016784629657132514,0.22507711869492958
3.9567913582716545,9.496416216033003,-5.098797596342546,0.003025578205686669,-0.01676834978267871,0.22844946952338596
3.9577915583116625,9.555859627838494,-5.053560308408997,0.0030984099399296297,-0.016751415791281147,0.2318259085501081
3.9587917583516705,9.612082560139985,-5.008063401037416,0.0031729163946901087,-0.016733827037693563,0.23520563400426298
3.9597919583916785,9.665068934612695,-4.962309751992529,0.003249044940488416,-0.016715583506486855,0.23858784080399048
3.9607921584316865,9.714803779280958,-4.916302247774491,0.003326742704567329,-0.01669668581818564,0.241971720813629
3.9617923584716945,9.761273231499299,-4.870043783441238,0.003405956595655039,-0.016677135234646027,0.24535646310167766
3.9627925585117025,9.804464540551821,-4.823537262430458,0.003486633328745619,-0.01665693366366586,0.24874125419940726
3.9637927585517105,9.84436606986973,-4.776785596382272,0.0035687194498762024,-0.016636083662819844,0.25212527836003124
3.9647929585917185,9.880967298867988,-4.729791704961859,0.0036521613608799454,-0.01661458844251308,0.2555077178183485
3.9657931586317265,9.914258824400918,-4.682558515681994,0.0037369053440938485,-0.016592451868247676,0.2588877530507706
3.9667933586717345,9.944232361837734,-4.635088963726,0.0038228975870004973,-0.016569678462098145,0.2622645630356439
3.9677935587117426,9.9708807457586,-4.587385991770864,0.003910084206782841,-0.01654627340339262,0.2656373255137801
3.9687937587517506,9.994197930271824,-4.539452549810308,0.003998411274771201,-0.016522242528597842,0.2690052172491068
3.9697939587917586,10.014178988953718,-4.4912915949782475,0.0040878248407618355,-0.016497592330407138,0.2723674142893502
3.9707941588317666,10.030820114411517,-4.442906091372307,0.004178270957186553,-0.01647232995603177,0.2757230922266634
3.9717943588717746,10.044118617471154,-4.394299009877666,0.0042696957031130595,-0.01644646320469702,0.2790714264581128
3.9727945589117826,10.054072925990818,-4.345473327990875,0.004362045208055984,-0.016420000524345685,0.2824115924459352
3.9737947589517906,10.060682583302066,-4.296432029644159,0.004455265675578796,-0.01639295100755257,0.28574276597748083
3.9747949589917986,10.06394824627986,-4.247178105029706,0.004549303406667157,-0.016365324386654872,0.2890641234247538
3.9757951590318066,10.063871683043311,-4.197714550424406,0.004644104822854609,-0.016337131028104284,0.2923748420034663
3.9767953590718146,10.060455770289016,-4.14804436801452,0.004739616489081883,-0.016308381926047794,0.2956741000315202
3.9777955591118226,10.053704490258808,-4.098170565720927,0.004835785136271573,-0.016279088695145195,0.298961077186831
3.9787957591518306,10.043622927344122,-4.048096157024331,0.0049325576836003445,-0.016249263562632375,0.30223495476440987
3.9797959591918386,10.030217264329025,-3.997824160791019,0.005029881260451396,-0.016218919359640458,0.3054949159326199
3.9807961592318466,10.013494778274318,-3.9473576010984868,0.005127703228030379,-0.016188069511781904,0.3087401459885228
3.9817963592718546,9.993463836045043,-3.896699507061737,0.005225971200628597,-0.01615672802901558,0.3119698326122331
3.9827965593118626,9.970133889483991,-3.845852912659639,0.005324633066517848,-0.016124909494803857,0.3151831661201975
3.98379675935187,9.943515470233775,-3.794820856561562,0.005423637008461904,-0.016092629054575654,0.3183793397173161
3.984796959391878,9.913620184210256,-3.743606381954504,0.005522931523830559,-0.01605990240351017,0.3215575497478327
3.985797159431886,9.880460705730197,-3.6922125363701745,0.005622465444301925,-0.016026745773657244,0.3247169959448925
3.986797359471894,9.844050771296024,-3.6406423715128304,0.0057221879551409335,-0.015993175920410555,0.3278568816787156
3.987797559511902,9.804405173040875,-3.5888989430868405,0.005822048614041141,-0.01595921010835125,0.3309764142032851
3.98879775955191,9.761539751837166,-3.5369853106254023,0.005921997369518662,-0.01592486609648001,0.3340748049014815
3.989797959591918,9.715471390071576,-3.484904537318663,0.0060219845788474675,-0.01589016212285643,0.33715126952858193
3.990798159631926,9.666218004090418,-3.4326596898428607,0.006121961025526144,-0.015855116888665262,0.34020502845404915
3.991798359671934,9.613798536318345,-3.380253838189569,0.006221877936267005,-0.015819749541729777,0.34323530690153276
3.992798559711942,9.558232947054437,-3.3276900554950473,0.006321686997499259,-0.01578407965949306,0.346241335187008
3.99379875975195,9.499542205948773,-3.2749714178706326,0.0064213403713787795,-0.015748127231488752,0.3492223489549771
3.994798959791958,9.437748283163856,-3.2221010042326705,0.006520790711297819,-0.015711912641323208,0.35217758941265953
3.995799159831966,9.37287414022449,-3.169081896133502,0.00661999117688893,-0.015675456648191654,0.35510630356209816
3.996799359871974,9.304943720560038,-3.1159171775922405,0.006718895448518136,-0.015638780367951334,0.3580077444301097
3.997799559911982,9.233981939742943,-3.0626099349265794,0.006817457741263287,-0.015601905253775122,0.3608811712960079
3.99879975995199,9.160014675428426,-3.0091632565842943,0.006915632818374396,-0.015564853076409493,0.36372584991702983
3.999799959991998,9.083068756998323,-2.955580232975949,0.007013376004213598,-0.015527645904061069,0.3665410527513956
4.000800160032006,9.003171954914626,-2.901863956307006,0.007110643196673232,-0.015490306081936326,0.36932605917893363
4.001800360072014,8.920352969786213,-2.8480175204113505,0.007207390879071416,-0.01545285621145932,0.3720801557192045
4.002800560112022,8.834641421154172,-2.7940440205846873,0.007303576131525308,-0.01541531912919254,0.37480263624705645
4.00380076015203,8.74606783599873,-2.7399465534183602,0.007399156641803111,-0.015377717885486232,0.3774928022055483
4.004800960192038,8.654663636974531,-2.6857282166337075,0.007494090715656684,-0.015340075722881655,0.3801499628161751
4.005801160232046,8.560461130376858,-2.631392108917114,0.0075883372866374695,-0.015302416054293964,0.3827734352863336
4.006801360272054,8.46349349384553,-2.576941329754893,0.0076818559253992195,-0.01526476244100041,0.3853625450139662
4.007801560312062,8.3637947638094,-2.5223789792692908,0.007774606848491834,-0.015227138570459675,0.3879166257893214
4.00880176035207,8.261399822678484,-2.4677081580544327,0.00786655092665135,-0.01518956823398821,0.39043501999377234
4.009801960392078,8.15634438578629,-2.412931967013152,0.007957649692591925,-0.015152075304319317,0.3929170787956342
4.010802160432086,8.048664988089898,-2.358053507193819,0.008047865348306349,-0.01511468371307086,0.39536216234292315
4.011802360472094,7.9383989706312015,-2.303075879628222,0.00813716077188235,-0.015077417428147217,0.3977696399530006
4.012802560512102,7.825584466764868,-2.2480021851694674,0.008225499523842685,-0.015040300431101133,0.40013889029904814
4.01380276055211,7.710260388158869,-2.192835524330416,0.008312845853017569,-0.015003356694480907,0.402469301593319
4.014802960592118,7.592466410572779,-2.1375789971229335,0.00839916470195878,-0.014966610159188182,0.4047602717671132
4.015803160632126,7.472242959417333,-2.0822357028974294,0.008484421711905254,-0.014930084711871449,0.4070112086474257
4.016803360672134,7.349631195104353,-2.026808740182701,0.008568583227310632,-0.0148938041623801,0.40922153013021684
4.017803560712142,7.224672998188835,-1.9713012065267064,0.008651616299943786,-0.014857792221303614,0.4113906643502565
4.01880376075215,7.097410954311115,-1.9157161983375954,0.008733488692573838,-0.014822072477620178,0.41351804984749424
4.019803960792158,6.967888338943514,-1.8600568107253217,0.008814168882251677,-0.014786668376478759,0.4156031357299092
4.020804160832166,6.8361491019473855,-1.8043261373438364,0.008893626063200473,-0.014751603197138235,0.4176453818327947
4.021804360872174,6.702237851946392,-1.748527270233608,0.008971830149328057,-0.014716900031086914,0.4196442588744337
4.022804560912182,6.5661998405215805,-1.6926632996651123,0.00904875177637448,-0.014682581760365328,0.42159924860812276
4.02380476095219,6.428080946234364,-1.636737313982336,0.00912436230370836,-0.014648671036114799,0.42350984397050373
4.024804960992198,6.287927658482082,-1.580752399447261,0.009198633815786025,-0.014615190257373855,0.42537554922616283
4.025805161032206,6.145787061193264,-1.5247116400848588,0.009271539123287632,-0.014582161550144126,0.427195880108459
4.026805361072214,6.001706816367682,-1.4686181175283257,0.009343051763944786,-0.014549606746746878,0.42897036395654464
4.027805561112222,5.855735147467885,-1.412474910865213,0.009413146003074352,-0.014517547365490874,0.4306985398485425
4.02880576115223,5.7079208226666465,-1.3562850964840227,0.009481796833833326,-0.01448600459067174,0.432379958730845
4.029805961192238,5.558313137957719,-1.3000517479213878,0.009548979977209758,-0.014454999252922505,0.43401418354350224
4.030806161232246,5.406961900135224,-1.2437779357098382,0.009614671881764842,-0.014424551809934499,0.4356007893416679
4.031806361272254,5.253917409647616,-1.187466727226321,0.009678849723141324,-0.014394682327567163,0.4371393634130722
4.032806561312262,5.099230443332749,-1.1311211865408322,0.009741491403353428,-0.014365410461364903,0.43862950539149315
4.03380676135227,4.942952237039467,-1.0747443742661908,0.009802575549873467,-0.014336755438498416,0.440070827366199
4.034806961392278,4.785134468141751,-1.0183393474084208,0.009862081514530266,-0.01430873604014749,0.4414629539873354
4.035807161432286,4.625829237951838,-0.9619091592170438,0.009919989372234437,-0.014281370584341587,0.4428055225672331
4.036807361472294,4.465089054038923,-0.905456859036799,0.009976279919545429,-0.014254676909274,0.4440981831776119
4.037807561512302,4.302966812457888,-0.8489854921596086,0.010030934673095123,-0.01422867235710476,0.4453405987426608
4.03880776155231,4.139515779895904,-0.7924980996773325,0.010083935867882544,-0.014203373758266859,0.44653244512797186
4.039807961592318,3.9747895757419953,-0.7359977183348317,0.010135266455454043,-0.014178797416289789,0.4476734112253103
4.040808161632326,3.8088421540858293,-0.6794873803841552,0.010184910101983058,-0.014154959093153742,0.44876319903320255
4.041808361672334,3.6417277856523023,-0.6229701134388282,0.010232851186263249,-0.014131873995187238,0.4498015237333261
4.042808561712342,3.473501039676894,-0.5664489403291665,0.010279074797628521,-0.014109556759520327,0.4507881137626864
4.04380876175235,3.304216765729455,-0.509926878958405,0.01032356673381305,-0.01408802144110488,0.45172271088156735
4.044808961792358,3.133930075492021,-0.45340694215877764,0.010366313498764093,-0.014067281500312893,0.45260507023724383
4.045809161832366,2.9626963244948574,-0.3968921375489633,0.010407302300419962,-0.01404734979112308,0.4534349604234452
4.046809361872374,2.790571093820327,-0.3403854673918171,0.010446521048465043,-0.01402823854990542,0.45421216353556076
4.047809561912382,2.6176101717776827,-0.28388992845315303,0.01048395835207337,-0.01400995938481274,0.4549364752215797
4.04880976195239,2.4438695355559403,-0.22740851186049268,0.010519603517651712,-0.013992523265787716,0.455607704728759
4.049809961992398,2.2694053328621218,-0.1709442029632555,0.010553446546592663,-0.013975940515193146,0.4562256749460144
4.050810162032406,2.094273863547179,-0.11449998119325056,0.010585478133047705,-0.013960220799072668,0.45679022244203105
4.051810362072414,1.9185315612310112,-0.05807881992585676,0.010615689661729603,-0.013945373119048513,0.45730119749909126
4.052810562112422,1.7422349749270278,-0.001683686342002842,0.01064407320575301,-0.013931405804862258,0.4577584641426195
4.05381076215243,1.5654407506776746,0.05468245870915603,0.010670621524521515,-0.013918326507563934,0.4581619001664443
4.054810962192438,1.3882056132009883,0.11101666084713366,0.010695328061668782,-0.01390614219335423,0.4585113971537801
4.055811162232446,1.2105863475597305,0.1673159722957598,0.010718186943060832,-0.013894859138083946,0.4588068604939313
4.056811362272454,1.0326397808547814,0.22357745201866264,0.010739192974865848,-0.01388448292241422,0.4590482093947249
4.057811562312462,0.8544227639517625,0.27979816585371253,0.010758341641697288,-0.013875018427640474,0.459235376890676
4.05881176235247,0.6759921532440567,0.3359751866469666,0.010775629104835427,-0.01386646983218242,0.45936830984689536
4.059811962392478,0.49740479246014435,0.3921055943855666,0.010791052200531752,-0.013858840608741848,0.459446968958747
4.060812162432486,0.3187174945197634,0.4481864763303478,0.010804608438400047,-0.013852133522129401,0.45947132874726615
4.061812362472494,0.1399870234451952,0.5042149271475015,0.010816295999897257,-0.013846350627760849,0.4594413775503495
4.0628125625125024,-0.038729923666481016,0.5601880490391804,0.010826113736896582,-0.013841493270822873,0.4593571175097299
4.0638127625525104,-0.21737673460578638,0.616102951874019,0.01083406117035458,-0.013837562086107768,0.459218564553751
4.0648129625925185,-0.3958968999399949,0.6719567533165894,0.010840138489073357,-0.013834556998515879,0.45902574837595544
4.0658131626325265,-0.5742340308251755,0.7277465789557346,0.010844346548558283,-0.013832477224224022,0.4587787124095055
4.0668133626725345,-0.7523318767358798,0.7834695624330211,0.010846686869970952,-0.013831321272517579,0.45847751379745283
4.0678135627125425,-0.9301343431054196,0.8391228455696293,0.01084716163917647,-0.013831086948283378,0.4581222233588771
4.0688137627525505,-1.1075855088723034,0.8947035784928155,0.010845773705883487,-0.013831771355159929,0.4577129255509145
4.0698139627925585,-1.2846296439278646,0.9502089197618312,0.010842526582874717,-0.013833370899340976,0.4572497184266977
4.0708141628325665,-1.4612112264580495,1.005636036492543,0.010837424445325056,-0.013835881294027845,0.45673271358923057
4.0718143628725745,-1.637274960177055,1.0609821044819887,0.010830472130203769,-0.013839297564525444,0.4561620361412218
4.0728145629125825,-1.8127657914433488,1.1162443083313573,0.01082167513575658,-0.013843614053976275,0.45553782463090337
4.0738147629525905,-1.9876289262578375,1.171419841569006,0.01081103962106292,-0.013848824429726245,0.4548602309938607
4.0748149629925985,-2.161809847133868,1.226505906771952,0.010798572405662918,-0.013854921690315528,0.4541294204909022
4.0758151630326065,-2.3352543298394743,1.2814997156873345,0.010784280969248262,-0.013861898173087195,0.45334557164199774
4.0768153630726145,-2.5079084600019748,1.336398489352564,0.010768173451410326,-0.013869745562405817,0.4525088761563162
4.0778155631126225,-2.67971864957251,1.3911994582145795,0.010750258651438582,-0.01387845489847767,0.4516195388583936
4.0788157631526305,-2.850631653146341,1.445899862249067,0.010730546028161652,-0.01388801658676368,0.4506777776104654
4.0798159631926385,-3.020594584131461,1.5004969510779809,0.010709045699822946,-0.013898420407975755,0.44968382323099465
4.0808161632326465,-3.18955493076315,1.554987984086967,0.010685768443982292,-0.013909655528646536,0.4486379194094336
4.0818163632726545,-3.3574605719593587,1.6093702305415616,0.010660725697434517,-0.013921710512262219,0.4475403226172527
4.0828165633126625,-3.5242597930106996,1.663640969702755,0.010633929556135518,-0.013934573330947485,0.44639130201527494
4.0838167633526705,-3.6899013011024215,1.7177974909419083,0.010605392775125925,-0.013948231377691134,0.4451911393573538
4.0848169633926785,-3.8543342406638734,1.7718370938543946,0.010575128768442108,-0.013962671479100502,0.4439401288904339
4.0858171634326865,-4.017508208539463,1.825757088373168,0.010543151609003858,-0.01397787990867227,0.4426385772510337
4.0868173634726945,-4.179373268977492,1.8795547948806304,0.010509476028467832,-0.013993842400566751,0.44128680335819376
4.0878175635127025,-4.339879968434044,1.9332275443205256,0.010474117417035468,-0.014010544163872318,0.4398851383029298
4.0888177635527105,-4.498979350185663,1.986772678308392,0.010437091823203848,-0.014027969897346126,0.4384339252342368
4.0898179635927185,-4.656622968748165,2.040187549241715,0.010398415953447733,-0.014046103804616824,0.43693351924168594
4.0908181636327265,-4.812762904096028,2.09346952040864,0.010358107171820778,-0.014064929609834525,0.43538428723466105
4.0918183636727345,-4.967351775681233,2.1466159660965864,0.01031618349946376,-0.014084430573752822,0.4337866078182801
4.0928185637127426,-5.12034275624462,2.19962427169947,0.010272663614007494,-0.014104589510227214,0.43214087116604866
4.0938187637527506,-5.271689585416929,2.252491833824248,0.010227566848857998,-0.014125388803113903,0.4304474788892933
4.094818963792759,-5.421346583107407,2.305216060396848,0.0101809131923514,-0.01414681042355244,0.428706843903424
4.095819163832767,-5.569268662674271,2.3577943707668982,0.010132723286765974,-0.014168835947615368,0.4269193902910747
4.096819363872775,-5.715411343875083,2.410224195812141,0.010083018427178726,-0.014191446574307544,0.4250855531621727
4.097819563912783,-5.859730765591317,2.4625029780412904,0.010031820560153936,-0.014214623143897511,0.4232057785109883
4.098819763952791,-6.002183698327683,2.5146281716968186,0.009979152282251116,-0.014238346156562817,0.4212805230702164
4.099819963992799,-6.142727556478415,2.5665972428562913,0.00992503683833988,-0.014262595791330926,0.4193102541621434
4.100820164032807,-6.281320410360543,2.6184076695332146,0.009869498119709393,-0.014287351925296943,0.41729544954695247
4.101820364072815,-6.417920998009845,2.6700569417769864,0.009812560661960162,-0.01431259415309908,0.415236597268222
4.102820564112823,-6.552488736736027,2.7215425617717974,0.009754249642666107,-0.014338301806632441,0.4131341954956719
4.103820764152831,-6.684983734435995,2.7728620439348903,0.009694590878795081,-0.014364453974981452,0.41098875236521404
4.104820964192839,-6.81536680065979,2.8240129150140123,0.009633610823876176,-0.014391029524550934,0.4088007858163627
4.105821164232847,-6.943599457428194,2.8749927141837697,0.009571336564902515,-0.014418007119375537,0.4065708234270623
4.106821364272855,-7.069643949800032,2.9257989931412722,0.009507795818958433,-0.01444536524158708,0.40429940224599065
4.107821564312863,-7.193463256183556,2.97642931620108,0.009443016929560313,-0.014473082212019001,0.40198706862239514
4.108821764352871,-7.315021098393139,3.0268812603889326,0.009377028862700691,-0.014501136210926996,0.39963437803352175
4.109821964392879,-7.434281951445913,3.077152415534976,0.009309861202585642,-0.014529505298804696,0.3972418949096957
4.110822164432887,-7.551211053098253,3.127240384365928,0.009241544147055806,-0.014558167437273055,0.39481019245711435
4.111822364472895,-7.665774413117967,3.1771427825962273,0.009172108502681922,-0.014587100510021985,0.39233985247841263
4.112822564512903,-7.77793882229196,3.2268572390188677,0.009101585679526129,-0.014616282343782634,0.3898314651910621
4.113822764552911,-7.887671861165684,3.2763813955947745,0.00903000768556082,-0.014645690729308604,0.3872856290436655
4.114822964592919,-7.994941908513456,3.3257129075415532,0.008957407120737313,-0.014675303442344311,0.38470295053020864
4.115823164632927,-8.099718149537624,3.3748494434215264,0.008883817170697141,-0.014705098264558649,0.38208404400233253
4.116823364672935,-8.201970583794642,3.4237886852285997,0.008809271600119298,-0.014735053004422053,0.3794295314796878
4.117823564712943,-8.301670032846607,3.472528328474356,0.008733804745697366,-0.014765145518005075,0.37674004245843595
4.118823764752951,-8.398788147636337,3.5210660822734736,0.008657451508740997,-0.014795353729676592,0.37401621371796057
4.119823964792959,-8.493297415585051,3.5693996694281234,0.008580247347396873,-0.014825655652679785,0.37125868912585214
4.120824164832967,-8.585171167410792,3.6175268265112943,0.008502228268484825,-0.014856029409564124,0.36846811944123187
4.121824364872975,-8.674383583667282,3.6654453039495403,0.008423430818945496,-0.014886453252451665,0.3656451621164788
4.122824564912983,-8.76090970099975,3.7131528661048887,0.00834389207689647,-0.014916905583116109,0.36279048109742484
4.123824764952991,-8.844725418120019,3.760647291355491,0.008263649642294592,-0.014947364972853166,0.3599047466220838
4.124824964992999,-8.925807501496713,3.8079263721757313,0.008182741627202702,-0.014977810182121017,0.35698863501797956
4.125825165033007,-9.0041335907615,3.854987915215351,0.008101206645659815,-0.015008220179929806,0.3540428284981391
4.126825365073015,-9.079682203830144,3.901829741377655,0.008019083803154387,-0.015038574162959338,0.35106801495581696
4.127825565113023,-9.1524327417371,3.9484496858969256,0.007936412685700996,-0.015068851574384444,0.3480648877580164
4.128825765153031,-9.22236549318431,3.994845598414989,0.007853233348521496,-0.015099032122387723,0.3450341455378747
4.129825965193039,-9.289461638801855,4.0410153430564995,0.0077695863043323295,-0.015129095798339697,0.34197649198597807
4.130826165233047,-9.353703255122028,4.086956798503924,0.007685512511240433,-0.015159022894626754,0.33889263564067373
4.131826365273055,-9.415073318264733,4.132667858071285,0.007601053360250821,-0.015188794022107632,0.33578328967744514
4.132826565313063,-9.473555707335155,4.178146429777095,0.007516250662389645,-0.015218390127179562,0.33264917169741764
4.133826765353071,-9.529135207532958,4.223390436416506,0.007431146635447185,-0.015247792508435653,0.32949100351506133
4.134826965393079,-9.581797512973143,4.2683978156321585,0.00734578389034593,-0.015276982832895495,0.3263095109451577
4.135827165433087,-9.631529229218549,4.313166519984872,0.007260205417139547,-0.015305943151791504,0.3231054235890975
4.136827365473095,-9.67831787552394,4.357694517022714,0.007174454570649237,-0.01533465591589394,0.3198794746205765
4.137827565513103,-9.722151886792384,4.40197978934964,0.0070885750557445806,-0.015363103990358151,0.3166324005707557
4.138827765553111,-9.763020615243777,4.446020334693062,0.007002610912276657,-0.015391270669078074,0.3133649411129537
4.139827965593119,-9.800914331795685,4.489814165970653,0.006916606499671814,-0.015419139688530634,0.3100778388469369
4.140828165633127,-9.835824227157943,4.533359311355967,0.006830606481195103,-0.015446695241096266,0.30677183908287486
4.141828365673135,-9.867742412640315,4.576653814343632,0.006744655807892967,-0.015473921987841435,0.3034476896250277
4.142828565713143,-9.89666192067492,4.619695733813151,0.006658799702225364,-0.015500805070749607,0.30010614055523105
4.143828765753151,-9.922576705053615,4.662483144092181,0.006573083641398055,-0.015527330124387867,0.2967479440162457
4.144828965793159,-9.945481640881122,4.70501413501889,0.006487553340406339,-0.015553483286997006,0.2933738539950377
4.145829165833167,-9.9653725242453,4.747286812003117,0.006402254734802026,-0.015579251210993631,0.2899846261060544
4.146829365873175,-9.982246071605013,4.789299296086942,0.006317233963195942,-0.015604621072873557,0.2865810173745636
4.147829565913183,-9.996099918896874,4.831049724004491,0.0062325373495087195,-0.015629580582506485,0.28316378602011905
4.148829765953191,-10.006932620362267,4.872536248240081,0.006148211384983119,-0.015654117991812738,0.2797336912402199
4.149829965993199,-10.014743647095477,4.913757037086667,0.006064302709971483,-0.015678222102813565,0.2762914929942273
4.150830166033207,-10.019533385314627,4.954710274702292,0.005980858095512399,-0.01570188227504734,0.27283795178760367
4.151830366073215,-10.021303134356614,4.995394161166285,0.005897924424710961,-0.01572508843234474,0.26937382845653896
4.152830566113223,-10.020055104397628,5.0358069125345,0.0058155486739374035,-0.015747831068956865,0.2658998839530275
4.153830766153231,-10.015792413900838,5.075946760893213,0.0057337778938591705,-0.015770101255030932,0.26241687913045963
4.154830966193239,-10.008519086792862,5.1158119544128215,0.005652659190321794,-0.01579189064142923,0.2589255745297912
4.155831166233247,-9.998240049370784,5.155400757400179,0.005572239705094205,-0.015813191463887592,0.2554267301663539
4.156831366273255,-9.98496112694153,5.194711450349973,0.005492566596494329,-0.01583399654651071,0.25192110531736905
4.157831566313263,-9.968689040195452,5.233742329995758,0.005413687019911014,-0.015854299304602297,0.24840945831022673
4.158831766353271,-9.949431401316195,5.272491709359375,0.0053356481082385354,-0.015874093746829025,0.2448925463115923
4.159831966393279,-9.927196709828749,5.310957917800061,0.005258496952240012,-0.015893374476718024,0.24137112511740128
4.160832166433287,-9.901994348187845,5.349139301062407,0.005182280580856233,-0.01591213669348853,0.23784594894380343
4.161832366473295,-9.87383457710898,5.387034221323476,0.005107045941476428,-0.015930376192219126,0.23431777021911623
4.162832566513303,-9.842728530644223,5.424641057238959,0.005032839880187588,-0.01594808936335289,0.23078733937684776
4.163832766553311,-9.808688211005123,5.461958203988591,0.004959709122018939,-0.01596527319154362,0.22725540464984773
4.164832966593319,-9.771726483135193,5.49898407332061,0.00488770025119819,-0.015981925253847035,0.22372271186564607
4.165833166633327,-9.731857069034412,5.535717093595203,0.00481685969143609,-0.01599804371726184,0.22019000424303653
4.166833366673335,-9.68909454183823,5.572155709827304,0.004747233686255793,-0.016013627335626227,0.21665802218996327
4.167833566713343,-9.643454319653866,5.60829838372846,0.004678868279383399,-0.01602867544587625,0.2131275031027674
4.168833766753351,-9.594952659156203,5.644143593747347,0.0046118092952159425,-0.016043187963673336,0.2095991811668496
4.169833966793359,-9.543606648946492,5.679689835110331,0.004546102319382878,-0.01605716537840894,0.206073787158805
4.170834166833367,-9.489434202676081,5.714935619860255,0.004481792679417005,-0.016070608747595114,0.20255204825008494
4.171834366873375,-9.432454051938919,5.749879476894701,0.004418925425550484,-0.016083519690650597,0.19903468781224065
4.172834566913383,-9.372685738934376,5.784519952003547,0.004357545311651395,-0.016095900382092687,0.19552242522380225
4.173834766953391,-9.31014960890514,5.818855607905355,0.004297696776316024,-0.016107753544145946,0.1920159756788464
4.174834966993399,-9.244866802351337,5.852885024282889,0.004239423924131737,-0.016119082438779457,0.18851604999730492
4.175835167033407,-9.176859247025684,5.886606797818098,0.004182770507125024,-0.016129890859185075,0.18502335443706658
4.176835367073415,-9.106149649711483,5.9200195422257345,0.004127779906408919,-0.01614018312070974,0.18153859050792231
4.177835567113423,-9.032761487787658,5.953121888286441,0.004074495114043677,-0.016149964051255634,0.17806245478740498
4.178835767153431,-8.9567190005832,5.985912483878893,0.004022958715124167,-0.0161592389811625,0.17459563873857262
4.179835967193439,-8.878047180525304,6.0183899940109065,0.003973212870107072,-0.016168013732587142,0.17113882852978451
4.180836167233447,-8.796771764083982,6.050553100849925,0.003925299297390541,-0.016176294608395595,0.16769270485651766
4.181836367273455,-8.712919222515923,6.082400503752405,0.0038792592561584997,-0.016184088380584126,0.16425794276527114
4.182836567313463,-8.626516752412964,6.113930919292518,0.003835133529501398,-0.01619140227824562,0.160835211479605
4.183836767353471,-8.53759226605674,6.14514308128981,0.003792962407824659,-0.01619824397509855,0.15742517422835892
4.184836967393479,-8.4461743815838,6.176035740836161,0.0037527856725556342,-0.016204621576596058,0.15402848807609593
4.185837167433487,-8.352292412965594,6.206607666321727,0.003714642580159378,-0.016210543606633238,0.150645803755815
4.186837367473495,-8.255976359805011,6.236857643460056,0.0036785718464730126,-0.016216018993871057,0.1472777655039757
4.187837567513503,-8.157256896955493,6.266784475312497,0.0036446116313679747,-0.01622105705769578,0.14392501089787751
4.188837767553511,-8.056165363964732,6.296386982311458,0.0036127995237488736,-0.016225667493833067,0.1405881706954349
4.189837967593519,-7.9527337543475385,6.325664002283121,0.0035831725268971664,-0.016229860359636337,0.13726786867738916
4.190838167633527,-7.846994704691391,6.354614390468953,0.003555767044167316,-0.016233646059069167,0.13396472149199667
4.191838367673535,-7.738981483598407,6.383237019546668,0.00353061886504254,-0.016237035327401894,0.13067933850223237
4.192838567713543,-7.6287279804679535,6.4115307796501755,0.0035077631515567187,-0.01624003921564272,0.12741232163554655
4.193838767753551,-7.516268694124018,6.439494578388704,0.0034872344250884697,-0.01624266907472389,0.12416426523621214
4.194838967793559,-7.401638721290015,6.467127340865046,0.0034690665535328275,-0.01624493653946369,0.1209357559202984
4.195839167833567,-7.284873744916992,6.494428009693004,0.003453292738855444,-0.016246853512325094,0.11772737243330662
4.196839367873575,-7.166010022367169,6.521395545013931,0.003439945505033634,-0.016248432146992144,0.11453968551050206
4.197839567913583,-7.045084373458444,6.548028924512424,0.0034290566863880738,-0.016249684831785065,0.11137325773997545
4.198839767953591,-6.9221341683732724,6.574327143431299,0.0034206574163083824,-0.01625062417293531,0.10822864342846682
4.199839967993599,-6.797197315435543,6.600289214585462,0.003414778116375296,-0.016251262977741696,0.1051063884699829
4.200840168033607,-6.6703122487613,6.625914168375198,0.0034114484858816,-0.01625161423762879,0.10200703021723904
4.201840368073615,-6.541517915784375,6.651201052798481,0.0034106974917534403,-0.01625169111112871,0.09893109735595494
4.202840568113623,-6.410853764664492,6.676148933462505,0.0034125533588731613,-0.016251506906807395,0.09587910978203323
4.203840768153631,-6.2783597315801725,6.700756893594195,0.0034170435608042427,-0.016251075066156372,0.09285157848164854
4.204840968193639,-6.144076227910404,6.725024034050257,0.0034241948109184515,-0.016250409146470853,0.08984900541427364
4.205841168233647,-6.008044127310033,6.748949473326,0.0034340330539248294,-0.016249522803734935,0.08687188339866872
4.206841368273655,-5.870304752683097,6.772532347563547,0.0034465834577996498,-0.01624842977553446,0.08392069600185857
4.207841568313663,-5.730899863058668,6.795771810559181,0.0034618704061160147,-0.016247143864017894,0.08099591743112139
4.208841768353671,-5.589871640371049,6.8186670337698345,0.0034799174907713093,-0.016245678918925366,0.07809801242901207
4.209841968393679,-5.44726267615309,6.841217206318715,0.0035007475051103327,-0.016244048820705792,0.07522743617144224
4.210842168433687,-5.303115958142297,6.863421535000224,0.003524382437441432,-0.016242267463741702,0.07238463416883735
4.211842368473695,-5.157474856806754,6.885279244283949,0.0035508434649426436,-0.016240348739701083,0.06957004217039109
4.212842568513703,-5.010383111794686,6.90678957631789,0.003580150947954402,-0.016238306521035282,0.06678408607143603
4.213842768553711,-4.861884818311368,6.9279517909308295,0.0036123244246550335,-0.016236154644641645,0.06402718182394825
4.214842968593719,-4.712024413428299,6.948765165633901,0.0036473826061148916,-0.016233906895709183,0.061299735350202916
4.215843168633727,-4.560846662328338,6.969228995621428,0.003685343371724664,-0.016231576991765227,0.0586021424595968
4.216843368673735,-4.408396644491729,6.9893425937707585,0.003726223764993068,-0.016229178566940592,0.05593478876865254
4.217843568713743,-4.254719739827506,7.009105290641467,0.0037700399897088476,-0.016226725156470365,0.05329804962421872
4.218843768753751,-4.099861614753268,7.0285164344737305,0.003816807406461712,-0.016224230181446992,0.05069229002987845
4.219843968793759,-3.943868208229753,7.047575391185806,0.0038665405295166145,-0.0162217069338419,0.048117864575578616
4.220844168833767,-3.7867857177517683,7.066281544370779,0.0039192530240355055,-0.016219168561811374,0.045575117370490456
4.221844368873775,-3.6286605853029066,7.084634295292495,0.003974957703640518,-0.016216628055302,0.04306438197911172
4.222844568913783,-3.469539483276186,7.10263306288072,0.004033666528312301,-0.016214098231970377,0.040585981360619014
4.223844768953791,-3.309469300365251,7.1202772837254855,0.004095390602617074,-0.016211591723431413,0.038140227811478335
4.224844968993799,-3.1484971274307005,7.137566412070588,0.004160140174255813,-0.016209120961848882,0.03572742291132085
4.225845169033807,-2.9866702433470578,7.154499919806413,0.004227924632928829,-0.016206698166881455,0.03334785747208984
4.226845369073815,-2.8240361008314,7.171077296461836,0.004298752509508899,-0.016204335332996814,0.031001811490463455
4.227845569113823,-2.6606423122617002,7.1872980491955465,0.004372631475516001,-0.016202044217165968,0.028689554103557703
4.228845769153831,-2.4965366354861382,7.203161702786325,0.004449568342886642,-0.016199836326949237,0.02641134354791224
4.229845969193839,-2.331766959630498,7.218667799622774,0.004529569064030694,-0.016197722908984878,0.024167427121761266
4.230846169233847,-2.166381290903454,7.233815899692103,0.0046126387321686,-0.01619571493789067,0.02195804115059008
4.231846369273855,-2.000427738409741,7.248605580568238,0.004698781581941858,-0.016193823105588253,0.01978341095597803
4.232846569313863,-1.833954499970005,7.263036437399182,0.004788000990289586,-0.016192057811059358,0.017643750827726176
4.233846769353871,-1.667009847955945,7.277108082893476,0.004880299477584073,-0.016190429150542522,0.015539263999268287
4.234846969393879,-1.4996421151402728,7.290820147306061,0.00497567870901819,-0.01618894690817824,0.013470142626361863
4.235847169433887,-1.331899680570661,7.304172278423256,0.00507413949623765,-0.016187620547109906,0.011436567769055871
4.236847369473895,-1.1638309554677093,7.31716414154702,0.005175681799211076,-0.016186459201047297,0.00943870937692987
4.237847569513903,-0.9954843691528334,7.329795419478451,0.005280304728331015,-0.01618547166629876,0.007476726277599109
4.238847769553911,-0.8269083550101235,7.34206581250057,0.005388006546739051,-0.01618466639427758,0.005550766168478888
4.239847969593919,-0.6581513364857812,7.353975038360271,0.005498784672868326,-0.01618405148448751,0.0036609656118004492
4.240848169633927,-0.4892617131291271,7.3655228322496145,0.005612635683196874,-0.01618363467799172,0.0018074500328699261
4.241848369673935,-0.32028784667986254,7.376708946786282,0.005729555315205312,-0.016183423351368877,-9.666278439123292e-06
4.242848569713943,-0.15127804720396362,7.387533151993411,0.005849538470532583,-0.016183424511159464,-0.0017902801629701075
4.243848769753951,0.017719440716179615,7.397995235278557,0.005972579218323596,-0.01618364478880481,-0.003534299584355822
4.244848969793959,0.18665645173392179,7.408095001411991,0.006098670798762789,-0.016184090436080715,-0.005241643617891246
4.245849169833967,0.3554849134303961,7.417832272504296,0.0062278056267877835,-0.01618476732102699,-0.006912242436219911
4.246849369873975,0.5241568599401912,7.427206887983149,0.006359975295977535,-0.01618568092437357,-0.008546037291847589
4.247849569913983,0.6926244455090252,7.436218704569436,0.006495170582609532,-0.01618683633646336,-0.010142980496498458
4.248849769953991,0.860839957978394,7.444867596252626,0.00663338144988082,-0.0161882382546713,-0.011703035397329335
4.249849969993999,1.0287558321941963,7.453153454265406,0.006774597052287835,-0.016189890981318664,-0.013226176350018678
4.250850170034007,1.196324663335379,7.461076187057666,0.006918805740160238,-0.016191798422080943,-0.014712388688747795
4.251850370074015,1.363499220158267,7.468635720269657,0.0070659950643441665,-0.01619396408488716,-0.016161668693092598
4.252850570114023,1.5302324581549633,7.475831996704537,0.007216151781030517,-0.016196391079307905,-0.017574023551845216
4.253850770154031,1.6964775326198647,7.48266497630017,0.0073692618567241484,-0.01619908211642883,-0.018949471323785223
4.254850970194039,1.8621878116221893,7.48913463610022,0.007525310473350072,-0.0162020395092058,-0.02028804089542153
4.255851170234047,2.027316888881896,7.495240970224522,0.007684282033492949,-0.016205265173297397,-0.021589771935726552
4.256851370274055,2.191818596541771,7.5009839898388275,0.007846160165766461,-0.01620876062836991,-0.022854714847884833
4.257851570314063,2.355647017838606,7.506363723123756,0.008010927730309297,-0.01621252699986953,-0.024082930718079962
4.258851770354071,2.51875649966286,7.511380215243136,0.008178566824404812,-0.01621656502125584,-0.025274491261343006
4.259851970394079,2.681101665009785,7.516033528311603,0.008349058788221553,-0.016220875036690362,-0.026429478764488055
4.260852170434087,2.8426374253148676,7.520323741361547,0.008522384210672149,-0.01622545700417331,-0.02754798602615986
4.261852370474095,3.003318992672059,7.524250950309363,0.008698522935388229,-0.016230310499121315,-0.02863011629402015
4.262852570514103,3.1631018919306677,7.52781526792103,0.00887745406680931,-0.01623543471837846,-0.02967598319909959
4.263852770554111,3.3219419726693147,7.531016823776991,0.00905915597638374,-0.016240828484652428,-0.030685710687343312
4.264852970594119,3.4797954210421236,7.533855764236395,0.009243606308880077,-0.01624649025136724,-0.03165943294837825
4.265853170634127,3.6366187714952254,7.536332252400658,0.00943078198880742,-0.016252418107923612,-0.03259729434153175
4.266853370674135,3.79236891835061,7.538446468076346,0.009620659226943447,-0.016258609785357554,-0.03349944931913125
4.267853570714143,3.947003127253238,7.540198607737415,0.009813213526969103,-0.01626506266238744,-0.03436606234711559
4.268853770754151,4.100479046481185,7.54158888448678,0.010008419692209053,-0.01627177377183945,-0.03519730782298942
4.269853970794159,4.252754718112194,7.542617528017225,0.010206251832477227,-0.016278739807440868,-0.035993369991152234
4.270854170834167,4.403788589047727,7.543284784571697,0.010406683371026905,-0.01628595713097045,-0.03675444285563514
4.271854370874175,4.5535395218892765,7.543590916902899,0.01060968705160501,-0.01629342177975465,-0.03748073009027809
4.272854570914183,4.701966805665013,7.54353620423228,0.010815234945610378,-0.016301129474498258,-0.03817244494638171
4.273854770954191,4.849030166405005,7.543120942208369,0.011023298459355969,-0.01630907562743769,-0.038829810157868135
4.274854970994199,4.994689777560766,7.542345442864471,0.011233848341435072,-0.01631725535080484,-0.03945305784398573
4.275855171034207,5.138906270268496,7.541210034575738,0.011446854690191712,-0.01632566346558914,-0.040042429409593586
4.276855371074215,5.281640743451989,7.5397150620156,0.011662286961295567,-0.01633429451058532,-0.04059817544306182
4.277855571114223,5.4228547737645645,7.537860886111569,0.011880113975421824,-0.016343142751713922,-0.041120555611824566
4.278855771154231,5.562510425365276,7.535647884000451,0.01210030392603648,-0.01635220219160162,-0.041609838555622836
4.279855971194239,5.7005702595305285,7.533076448982881,0.012322824387287669,-0.01636146657940798,-0.04206630177747534
4.280856171234247,5.8369973440947165,7.530146990477299,0.01254764232200371,-0.016370929420885277,-0.04249023153241531
4.281856371274255,5.971755262722147,7.526859933973289,0.01277472408979858,-0.01638058398865764,-0.04288192271403264
4.282856571314263,6.104808124004737,7.523215720984302,0.013004035455285593,-0.016390423332705805,-0.04324167873886032
4.283856771354271,6.236120570385134,7.5192148089997985,0.013235541596400117,-0.01640044029104344,-0.04356981142864525
4.284856971394279,6.365657786902798,7.5148576714367765,0.013469207112832143,-0.016410627500571,-0.04386664089054374
4.285857171434287,6.493385509761757,7.510144797590704,0.01370499603456959,-0.016420977408092844,-0.04413249539528248
4.286857371474295,6.619270034717027,7.505076692585847,0.013942871830553196,-0.016431482281483407,-0.04436771125332609
4.287857571514303,6.743278225279066,7.499653877325039,0.014182797417443849,-0.016442134220987902,-0.04457263268909311
4.288857771554311,6.865377520734281,7.493876888438842,0.01442473516850321,-0.01645292517064318,-0.04474761171326232
4.289857971594319,6.985535943978883,7.4877462782341215,0.01466864692258843,-0.016463846929804193,-0.04489300799321188
4.290858171634327,7.1037221091662,7.481262614642066,0.01491449399326172,-0.016474891164761488,-0.045009188721634286
4.291858371674335,7.219905229164607,7.474426481165613,0.015162237178015535,-0.01648604942043519,-0.04509652848337017
4.292858571714343,7.334055122825454,7.467238476826315,0.015411836767613986,-0.016497313132130844,-0.04515540912050463
4.293858771754351,7.446142222058361,7.459699216110634,0.01566325255555112,-0.016508673637342566,-0.04518621959576995
4.294858971794359,7.5561375787142975,7.45180932891567,0.015916443847626555,-0.01652012218758894,-0.04518935585429905
4.295859171834367,7.664012871273229,7.443569460494348,0.016171369471638886,-0.016531649960267153,-0.045165220683774106
4.296859371874375,7.769740411336897,7.434980271400043,0.016427987787197243,-0.01654324807051092,-0.04511422357301534
4.297859571914383,7.8732931499244145,7.426042437430636,0.01668625669565117,-0.01655490758303778,-0.045036780569055
4.298859771954391,7.974644683569161,7.41675664957206,0.016946133650138948,-0.016566619523971517,-0.044933314132741965
4.299859971994399,8.07376926021816,7.407123613941213,0.01720757566575439,-0.016578374892625498,-0.04480425299292284
4.300860172034407,8.170641784929817,7.397144051728524,0.017470539329831888,-0.01659016467323281,-0.04465003199924508
4.301860372074415,8.265237825371777,7.386818699139728,0.01773498081234953,-0.01660197984660932,-0.04447109197362877
4.302860572114423,8.357533617116381,7.376148307337348,0.018000855876449774,-0.016613811401735804,-0.044267879560453006
4.303860772154431,8.447506068734224,7.365133642381445,0.018268119889077186,-0.016625650347245564,-0.04404084707550372
4.304860972194439,8.535132766683322,7.353775485170049,0.018536727831732457,-0.016637487722804035,-0.04379045235372947
4.305861172234447,8.620391979995146,7.34207463137888,0.01880663431134187,-0.016649314610367137,-0.043517158595852375
4.306861372274455,8.70326266475568,7.3300318914006874,0.019077793571241133,-0.016661122145305317,-0.04322143421388106
4.307861572314463,8.783724468381081,7.317648090283986,0.019350159502272375,-0.016672901527380424,-0.04290375267557293
4.308861772354471,8.861757733688187,7.304924067671376,0.019623685653992935,-0.016684644031562834,-0.042564592347893095
4.309861972394479,8.937343502758262,7.291860677737308,0.019898325245994358,-0.016696341018676432,-0.04220443633951746
4.310862172434487,9.01046352059488,7.278458789125284,0.0201740311793299,-0.016707983945859376,-0.041823772342427484
4.311862372474495,9.081100238574297,7.26471928488473,0.020450756048048576,-0.01671956437682881,-0.04142309247264423
4.312862572514503,9.149236817689673,7.250643062407206,0.02072845215083371,-0.016731073991937965,-0.04100289311014965
4.313862772554511,9.214857131586998,7.236231033362252,0.021007071502743696,-0.016742504598014397,-0.04056367473804255
4.314862972594519,9.27794576939466,7.221484123632685,0.021286565847052484,-0.016753848137968458,-0.040105941780977386
4.315863172634527,9.338488038344778,7.206403273249367,0.02156688666718723,-0.016765096700161325,-0.03963020244293354
4.316863372674535,9.39646996618763,7.190989436325699,0.021847985198760207,-0.016776242527522345,-0.03913696854436305
4.317863572714543,9.451878303398418,7.175243580991396,0.02212981244169207,-0.01678727802640571,-0.03862675535876466
4.318863772754551,9.50470052517665,7.159166689325948,0.022412319172423256,-0.01679819577517689,-0.03810008144873205
4.319863972794559,9.554924833238926,7.142759757291581,0.022695455956210187,-0.016808988532519584,-0.03755746850152408
4.320864172834567,9.602540157403892,7.126023794665754,0.022979173159502788,-0.016819649245454323,-0.03699944116420485
4.321864372874575,9.647536156971782,7.108959824973206,0.023263420962399625,-0.016830171057060226,-0.036426526878401456
4.322864572914583,9.689903221896396,7.0915688854175585,0.023548149371176823,-0.016840547313891865,-0.035839255714726875
4.323864772954591,9.729632473752353,7.073852026812418,0.02383330823088676,-0.016850771573083463,-0.03523816020691592
4.3248649729945985,9.766715766496178,7.055810313512165,0.02411884723802215,-0.01686083760913322,-0.03462377518572204
4.3258651730346065,9.801145687022796,7.037444823342163,0.02440471595324273,-0.01687073942036085,-0.03399663761261928
4.3268653730746145,9.832915555517694,7.018756647528601,0.02469086381415628,-0.016880471235031794,-0.033357286413364856
4.3278655731146225,9.862019425605164,6.999746890627942,0.024977240148154476,-0.01689002751714223,-0.03270626231145856
4.3288657731546305,9.888452084293833,6.98041667045579,0.025263794185295098,-0.01689940297185915,-0.03204410766155426
4.3298659731946385,9.912209051719579,6.960767118015557,0.025550475071227215,-0.01690859255061037,-0.031371366282867
4.3308661732346465,9.933286580687245,6.940799377426586,0.025837231880154195,-0.01691759145581975,-0.03068858329262312
4.3318663732746545,9.951681656011372,6.920514605851895,0.026124013627829464,-0.016926395145283348,-0.02999630493959971
4.3328665733146625,9.967391993657422,6.899913973425344,0.026410769284579822,-0.016934999336182647,-0.029295078437799875
4.3338667733546705,9.980416039684046,6.8789986631787565,0.026697447788351116,-0.016943400008731496,-0.028585451800309854
4.3348669733946785,9.990752968987627,6.85776987096835,0.026983998057770884,-0.016951593409453805,-0.027867973673383926
4.3358671734346865,9.99840268384991,6.836228805400771,0.027270369005222582,-0.016959576054089567,-0.02714319317080276
4.3368673734746945,10.003365812290147,6.814376687758913,0.027556509549925893,-0.01696734473012712,-0.026411659708550642
4.3378675735147025,10.00564370622262,6.792214751927268,0.027842368631017585,-0.016974896498960165,-0.025673922839856752
4.3388677735547105,10.005238439420893,6.769744244316806,0.02812789522062733,-0.016982228697668356,-0.0249305320906454
4.3398679735947185,10.002152805290043,6.746966423789518,0.02841303833694284,-0.01698933894042091,-0.024182036795439833
4.3408681736347265,9.996390314448101,6.723882561582725,0.028697747057258662,-0.016996225119502956,-0.023428985933763972
4.3418683736747345,9.98795519211817,6.700493941232854,0.02898197053100295,-0.01700288540596496,-0.022671927967086124
4.3428685737147426,9.97685237533246,6.676801858498864,0.0292656579927365,-0.0170093182498959,-0.02191141067634838
4.343868773754751,9.963087509949876,6.652807621285335,0.02954875877511838,-0.01701552238032143,-0.02114798100012509
4.344868973794759,9.946666947488517,6.628512549565279,0.029831222321832405,-0.017021496804728538,-0.020382184873453533
4.345869173834767,9.92759774177463,6.60391797530238,0.030112998200468834,-0.017027240808218897,-0.01961456706737946
4.346869373874775,9.905887645409626,6.579025242373182,0.030394036115355592,-0.017032753952293308,-0.018845671029259884
4.347869573914783,9.881545106056944,6.553835706488627,0.030674285920333416,-0.017038036073270233,-0.018076038723865203
4.348869773954791,9.854579262550057,6.52835073511556,0.03095369763146933,-0.01704308728034176,-0.01730621047532214
4.349869973994799,9.824999940823808,6.502571707397563,0.031232221439702935,-0.017047907953270804,-0.016536724809938907
4.350870174034807,9.792817649670338,6.476500014075674,0.03150980772342003,-0.017052498739733767,-0.015768118299953286
4.351870374074815,9.75804357632188,6.4501370574087975,0.03178640706094821,-0.017056860552313247,-0.015000925408244204
4.352870574114823,9.720689581861908,6.423484251093644,0.032061970242969015,-0.01706099456514587,-0.014235678334046745
4.353870774154831,9.680768196466829,6.3965430201844296,0.032336448284841564,-0.017064902210230628,-0.013472906859710237
4.354870974194839,9.63829261447959,6.369314801012292,0.03260979243883233,-0.017068585173403556,-0.012713138198538535
4.355871174234847,9.59327668931795,6.341801041104305,0.032881954206246206,-0.017072045389984934,-0.01195689684375133
4.356871374274855,9.545734928218868,6.314003199102207,0.033152885349453785,-0.0170752850401056,-0.01120470441860464
4.357871574314863,9.495682486820824,6.285922744680962,0.03342253790381011,-0.017078306543719234,-0.010457079527708319
4.358871774354871,9.443135163587126,6.257561158466778,0.033690864189460205,-0.017081112555308,-0.009714537609578057
4.359871974394879,9.388109394071158,6.228919931955061,0.03395781682302676,-0.017083705958289022,-0.008977590790458505
4.360872174434887,9.330622245026348,6.200000567427892,0.03422334872917563,-0.017086089859129776,-0.008246747739454103
4.361872374474895,9.270691408363215,6.170804577871401,0.03448741315205476,-0.017088267581180573,-0.007522513525003405
4.362872574514903,9.208335194954739,6.1413334868926235,0.03474996366660247,-0.017090242658232755,-0.006805389472732258
4.363872774554911,9.143572528293772,6.1115888286363,0.035010954189721055,-0.017092018827811462,-0.006095873024720804
4.364872974594919,9.076422938003232,6.08157214770134,0.0352703389913119,-0.01709360002421213,-0.005394457600218528
4.365873174634927,9.006906553202615,6.051284999056877,0.03552807270516839,-0.01709499037129015,-0.004701632457841314
4.366873374674935,8.935044095732167,6.020728947958277,0.03578411033972315,-0.01709619417501338,-0.004017882559283675
4.367873574714943,8.860856873238374,5.989905569862618,0.03603840728864622,-0.01709721591578746,-0.0033436884345790577
4.368873774754951,8.78436677212115,5.9588164503443,0.03629091934129097,-0.01709806024056407,-0.002679526048940189
4.369873974794959,8.70559625034749,5.927463185009968,0.036541602692984856,-0.017098731954742576,-0.002025866671211493
4.370874174834967,8.624568330132119,5.895847379413471,0.03679041395516201,-0.01709923601387562,-0.0013831767439643023
4.371874374874975,8.541306590488912,5.863970648970427,0.03703731016533519,-0.01709957751518949,-0.0007519177552656495
4.372874574914983,8.455835159654661,5.831834618872689,0.0372822487969044,-0.017099761688930227,-0.00013254611215043682
4.373874774954991,8.368178707388388,5.799440924002433,0.037525187768800136,-0.01709979388954663,0.0004744869841735032
4.374874974994999,8.278362437148072,5.76679120884613,0.03776608545495883,-0.017099679586721452,0.0010687356613587541
4.375875175035007,8.186412078148676,5.73388712740812,0.03800490069362879,-0.017099424356262237,0.001649759497161739
4.376875375075015,8.092353877301752,5.70073034312417,0.03824159279650468,-0.017099033870863353,0.00221712363886885
4.377875575115023,7.996214591042059,5.667322528774646,0.038476121557689105,-0.017098513890750924,0.0027703989208778907
4.378875775155031,7.898021477041386,5.633665366397691,0.03870844726247972,-0.01709787025422242,0.0033091619804087916
4.379875975195039,7.797802285813899,5.59976054720176,0.038938530695980675,-0.017097108868092754,0.003832995371317489
4.380876175235047,7.695585252214638,5.565609771478456,0.03916633315153734,-0.017096235698058865,0.004341487675988034
4.381876375275055,7.591399086834429,5.531214748514814,0.039391816438993345,-0.01709525675899471,0.0048342336152781395
4.382876575315063,7.485272967293944,5.496577196505527,0.039614942892769164,-0.01709417810518875,0.005310834156494322
4.383876775355071,7.37723652943917,5.461698842464913,0.03983567537976173,-0.01709300582053595,0.005770896619373336
4.384876975395079,7.267319858441015,5.426581422138778,0.04005397730706455,-0.017091746008696368,0.0062140347800471365
4.385877175435087,7.155553479803331,5.39122667991607,0.040269812629508094,-0.017090404783232434,0.006639868972969232
4.386877375475095,7.041968350279053,5.355636368740094,0.040483145857020265,-0.017088988257736918,0.007048026190781278
4.387877575515103,6.926595848700724,5.319812250020057,0.040693942061807035,-0.017087502535963667,0.007438140182098757
4.388877775555111,6.809467766725448,5.2837560935419505,0.04090216688535332,-0.01708595370197307,0.007809851547195878
4.389877975595119,6.690616299498771,5.247469677379575,0.04110778654524439,-0.017084347810304202,0.008162807831570024
4.390878175635127,6.570074036239289,5.21095478780512,0.04131076784180822,-0.017082690876185486,0.008496663617366998
4.391878375675135,6.447873950747852,5.174213219199964,0.0415110781645793,-0.017080988865795704,0.008811080612648788
4.392878575715143,6.324049391842611,5.137246773964938,0.04170868549858458,-0.017079247686587,0.009105727738486393
4.393878775755151,6.198634073724533,5.10005726243062,0.04190355843045221,-0.0170774731776815,0.009380281213860657
4.394878975795159,6.071662066275,5.062646502767483,0.04209566615434401,-0.017075671100352997,0.009634424638355033
4.395879175835167,5.943167785288819,5.0250163208957686,0.04228497847771257,-0.017073847128605057,0.009867849072624578
4.396879375875175,5.8131859826456855,4.987168550395472,0.04247146582688404,-0.017072006839856727,0.01008025311662633
4.397879575915183,5.681751736421761,4.949105032415813,0.04265509925246767,-0.017070155705746905,0.010271342985596772
4.398879775955191,5.548900440946799,4.91082761558498,0.042835850434593356,-0.01706829908306825,0.01044083258376268
4.399879975995199,5.414667796806456,4.872338155919419,0.04301369168797842,-0.017066442204841305,0.010588443575772658
4.400880176035207,5.279089800795177,4.833638516733122,0.043188595966824894,-0.017064590171539405,0.01071390545583683
4.401880376075215,5.1422027358213995,4.794730568546947,0.04336053686954877,-0.017062747942474636,0.0108169556145632
4.402880576115223,5.004043160768179,4.755616188997452,0.04352948864334254,-0.017060920327354984,0.0108973394034797
4.403880776155231,4.864647900312331,4.716297262745996,0.043695426188572514,-0.01705911197802256,0.01095481019723168
4.404880976195239,4.724054034703642,4.676775681387421,0.04385832506301244,-0.017057327380382573,0.010989129453445204
4.405881176235247,4.58229888951006,4.637053343358936,0.0440181614859148,-0.017055570846532447,0.01100006677024701
4.406881376275255,4.43942002532796,4.597132153848547,0.0441749123419215,-0.017053846507100318,0.010987399941433208
4.407881576315263,4.295455227463134,4.557014024703649,0.04432855518481528,-0.017052158303801794,0.01095091500927875
4.408881776355271,4.1504424955839125,4.516700874339485,0.04447906824111351,-0.017050509982223655,0.01089040631498086
4.409881976395279,4.004420033350792,4.476194627647506,0.04462643041350584,-0.017048905084842893,0.010805676546730002
4.410882176435287,3.857426238022321,4.435497215903299,0.0447706212841373,-0.017047346944289183,0.010696536785402985
4.411882376475295,3.709499690044745,4.394610576675212,0.04491162111773816,-0.01704583867685864,0.010562806547872804
4.412882576515303,3.560679142623447,4.353536653732125,0.04504941086460224,-0.017044383176286367,0.010404313827931291
4.413882776555311,3.411003511282392,4.3122773969514405,0.045183972163415,-0.01704298310778504,0.010220895134820593
4.414882976595319,3.2605118634134955,4.270834762227134,0.04531528734393276,-0.017041640902356443,0.010012395529370607
4.415883176635327,3.109243407816989,4.229210711377654,0.045443339429514555,-0.017040358751382566,0.009778668657740065
4.416883376675335,2.9572374842385076,4.187407212053541,0.04556811213950778,-0.017039138601502562,0.0095195767827592
4.417883576715343,2.804533552903422,4.145426237645238,0.045689589891488996,-0.017037982149781514,0.009234990812873309
4.418883776755351,2.651171184053079,4.103269767190815,0.045807757803361014,-0.01703689083917666,0.008924790328686526
4.419883976795359,2.4971900474824618,4.060939785283585,0.045922601695307444,-0.017035865854306373,0.00858886360710627
4.420884176835367,2.3426299020866277,4.018438281979638,0.04603410809160575,-0.017034908117526837,0.008227107643088717
4.421884376875375,2.187530585414734,3.9757672527054986,0.04614226422229978,-0.01703401828532108,0.00783942816898735
4.422884576915383,2.031932003235987,3.9329286981653486,0.04624705802473271,-0.017033196745004583,0.007425739671506315
4.423884776955391,1.8758741191209325,3.8899246242488354,0.046348478144941245,-0.017032443611751418,0.00698596540626144
4.424884976995399,1.7193969440394001,3.8467570419381683,0.046446513938911776,-0.017031758725944472,0.0065200374099523214
4.425885177035407,1.562540525977334,3.803427967215785,0.04654115547369922,-0.01703114165085296,0.006027896510149516
4.426885377075415,1.4053449395783975,3.7599394209714334,0.04663239352840905,-0.017030591670640093,0.00550949233270105
4.427885577115423,1.2478502758086552,3.7162934289099296,0.046720219595043036,-0.017030107788703352,0.004964783306764139
4.428885777155431,1.0900966316503145,3.6724920214580123,0.04680462587920912,-0.017029688726349565,0.0043937366674672755
4.429885977195439,0.9321240998251653,3.6285372336718846,0.0468856053006956,-0.017029332921806473,0.0037963284562096368
4.430886177235447,0.7739727585517112,3.584431105144647,0.04696315149390997,-0.01702903852957223,0.003172543518604506
4.431886377275455,0.6156826613364349,3.5401756799133093,0.04703725880818243,-0.017028803420103857,0.0025223755000745415
4.432886577315463,0.4572938268055672,3.495773006366351,0.047107922307934036,-0.01702862517984532,0.001845826839106879
4.433886777355471,0.2988462285747763,3.4512251371508254,0.04717513777270953,-0.017028501111595533,0.0011429087581773132
4.434886977395479,0.14037978516410093,3.4065341290796476,0.04723890169707454,-0.01702842823521619,0.0004136412523524347
4.435887177435487,-0.018065650042801105,3.3617020430391222,0.04729921129037692,-0.017028403288679064,-0.00034194692441985055
4.436887377475495,-0.176450298790931,3.3167309438959296,0.04735606447637186,-0.017028422729451917,-0.0011238182753212256
4.437887577515503,-0.3347344678956066,3.2716229004048225,0.0474094598927103,-0.01702848273622188,-0.001931926578963951
4.438887777555511,-0.49287855913151907,3.2263799851155888,0.04745939689029004,-0.017028579210954804,-0.0027662169099703896
4.439887977595519,-0.650843079065954,3.1810042742807023,0.04750587553246894,-0.01702870778128869,-0.0036266256618187314
4.440888177635527,-0.808588648835808,3.1354978477626663,0.04754889659413956,-0.017028863803258968,-0.004513080571942161
4.441888377675535,-0.9660760138623802,3.0898627889412884,0.04758846156066422,-0.017029042364353025,-0.005425500749068392
4.442888577715543,-1.1232660535063126,3.0441011846213715,0.04762457262666982,-0.017029238286891086,-0.006363796702785156
4.443888777755551,-1.2801197906560107,2.9982151249401117,0.04765723269470126,-0.017029446131730106,-0.007327870375317905
4.444888977795559,-1.4365984012509676,2.9522067032743786,0.04768644537373261,-0.017029660202287075,-0.008317615175504257
4.445889177835567,-1.5926632237341039,2.906078016148877,0.04771221497753469,-0.017029874548877773,-0.00933291601495012
4.446889377875575,-1.74827576843543,2.8598311631431295,0.04773454652289815,-0.017030082973366657,-0.010373649346351242
4.447889577915583,-1.9033977268796636,2.8134682467996384,0.04775344572771064,-0.017030279034123227,-0.011439683203964065
4.448889777955591,-2.057990981020299,2.7669913725313173,0.04776891900888688,-0.01703045605127994,-0.012530877246208546
4.449889977995599,-2.2120176123952104,2.7204026485295167,0.047780973480150264,-0.01703060711228637,-0.013647082800385743
4.450890178035607,-2.365439911202702,2.6737041856715247,0.047789616949664694,-0.01703072507775402,-0.014788142909492197
4.451890378075615,-2.5182203852956606,2.626898097428972,0.04779485791751518,-0.017030802587585846,-0.015953892381112535
4.452890578115623,-2.6703217690925034,2.5799864997754094,0.04779670557303583,-0.017030832067384354,-0.01714415783837159
4.453890778155631,-2.8217070324012674,2.532971511094505,0.04779516979198376,-0.017030805735131663,-0.018358757772926594
4.454890978195639,-2.972339389157362,2.485855252088171,0.047790261133557485,-0.01703071560813481,-0.019597502599979465
4.455891178235647,-3.1221823060707363,2.4386398456848624,0.047781990837258266,-0.017030553510229165,-0.02086019471528925
4.456891378275655,-3.2711995111819205,2.3913274169476106,0.04777037081959303,-0.01703031107923262,-0.022146628554163765
4.457891578315663,-3.4193550023240267,2.3439200929827453,0.047755413670617294,-0.017029979774642916,-0.023456590652409296
4.458891778355671,-3.5666130554910094,2.2964200028480994,0.04773713265031671,-0.017029550885570212,-0.024789859709216783
4.459891978395679,-3.712938233106918,2.248829277461609,0.0477155416848258,-0.01702901553889674,-0.02614620665196268
4.460892178435687,-3.858295392198531,2.201150049510058,0.047690655362482404,-0.017028364707655206,-0.027525394702901645
4.461892378475695,-4.002649692465755,2.1533844533577735,0.04766248892971652,-0.01702758921961724,-0.02892717944772879
4.462892578515703,-4.1459666042506695,2.105534624955416,0.047631058286772235,-0.01702667976608312,-0.03035130890598779
4.463892778555711,-4.28821191640258,2.0576027017490874,0.04759637998326139,-0.017025626910863643,-0.03179752360330145
4.464892978595719,-4.4293517440377626,2.0095908225892347,0.0475584712135478,-0.017024421099444898,-0.033265556645400735
4.465893178635727,-4.569352536191879,1.9615011276399201,0.047517349811960874,-0.017023052668326454,-0.03475513379392784
4.466893378675735,-4.708181083364205,1.9133357582880093,0.047473034247837505,-0.017021511854523306,-0.03626597354398861
4.467893578715743,-4.845804524950955,1.865096857052881,0.047425543620391274,-0.01701978880522173,-0.037797787203429176
4.468893778755751,-4.98219035656791,1.816786567495489,0.04737489765340801,-0.017017873587579037,-0.03935027897381135
4.469893978795759,-5.1173064372597405,1.7684070341284266,0.04732111668976688,-0.017015756198657063,-0.040923146033061
4.470894178835767,-5.251120996594373,1.719960402325496,0.04726422168578629,-0.01701342657547907,-0.042516078619763364
4.471894378875775,-5.3836026416423906,1.671448818231828,0.04720423420539394,-0.017010874605199604,-0.04412876011907871
4.472894578915783,-5.514720363838051,1.6228744286735077,0.0471411764141206,-0.01700809013537675,-0.04576086715025177
4.473894778955791,-5.64444354572353,1.5742393810682767,0.04707507107291712,-0.01700506298433607,-0.04741206965568751
4.474894978995799,-5.772741967571493,1.5255458233355932,0.04700594153179449,-0.01700178295161543,-0.049082030991566404
4.475895179035807,-5.899585813888281,1.4767959038070473,0.04693381172328681,-0.01699823982847986,-0.05077040801997101
4.476895379075815,-6.02494567979421,1.4279917711371801,0.046858706155737125,-0.016994423408495437,-0.05247685120249623
4.477895579115823,-6.148792577280797,1.3791355742140379,0.046780649906406346,-0.01699032349815119,-0.05420100469531498
4.478895779155831,-6.271097941343005,1.3302294620703483,0.04669966861440553,-0.016985929927517913,-0.05594250644567066
4.479895979195839,-6.391833635986998,1.2812755837943306,0.046615788473452005,-0.016981232560932782,-0.057700988289767746
4.480896179235847,-6.510971960110442,1.2322760884410282,0.046529036224449906,-0.016976221307698575,-0.05947607605203153
4.481896379275855,-6.628485653255926,1.183233124943915,0.04643943914789597,-0.01697088613278633,-0.06126738964570775
4.482896579315863,-6.744347901234888,1.1341488420260812,0.04634702505611152,-0.016965217067530257,-0.06307454317477271
4.483896779355871,-6.8585323416235955,1.0850253881122776,0.046251822285301725,-0.016959204220303663,-0.0648971450371239
4.484896979395879,-6.971013069127195,1.0358649112406528,0.04615385968744352,-0.01695283778716479,-0.06673479802902174
4.485897179435887,-7.081764640813816,0.986669558974983,0.04605316662200357,-0.016946108062461367,-0.06858709945075171
4.486897379475895,-7.190762081215852,0.937441478316603,0.04594977294748807,-0.016939005449382774,-0.07045364121347718
4.487897579515903,-7.297980887299137,0.88818281561731,0.04584370901282601,-0.01693152047044881,-0.07233400994725185
4.488897779555911,-7.40339703329752,0.8388957164916047,0.04573500564858824,-0.016923643777924022,-0.07422778711016172
4.489897979595919,-7.506986975414386,0.7895823257297522,0.045623694158044306,-0.016915366164146732,-0.07613454909856505
4.490898179635927,-7.608727656388959,0.7402447872103968,0.04550980630805955,-0.016906678571761913,-0.07805386735840002
4.491898379675935,-7.708596509926517,0.6908852438142168,0.04539337431983512,-0.016897572103847215,-0.07998530849752838
4.492898579715943,-7.806571464992778,0.6415058373371897,0.04527443085949362,-0.01688803803392153,-0.08192843439908411
4.493898779755951,-7.90263094997226,0.5921087084037366,0.04515300902851345,-0.016878067815825598,-0.0838828023357954
4.494898979795959,-7.996753896688174,0.5426959963809688,0.0450291423540149,-0.01686765309346435,-0.08584796508524858
4.495899179835967,-8.088919744286253,0.4932698392926603,0.04490286477890147,-0.01685678571040074,-0.08782347104606218
4.496899379875975,-8.179108442978741,0.4438323737331069,0.04477421065185992,-0.016845457719291086,-0.0898088643549395
4.497899579915983,-8.267300457651242,0.3943857347818308,0.04464321471722277,-0.016833661391151993,-0.0918036850045674
4.498899779955991,-8.353476771330104,0.3449320559180725,0.04450991210469718,-0.01682138922444923,-0.09380746896232987
4.499899979995999,-8.437618888510604,0.2954734689354423,0.044374338318964375,-0.016808633953999022,-0.09581974828980379
4.500900180036007,-8.519708838345586,0.2460121038572151,0.04423652922915376,-0.01679538855967249,-0.097840051263005
4.501900380076015,-8.599729177695147,0.19655008885152467,0.044096521058196336,-0.016781646274894153,-0.09986790249335241
4.502900580116023,-8.677662994034746,0.14708955014678102,0.0439543503720619,-0.01676740059492563,-0.10190282304931794
4.503900780156031,-8.753493908224863,0.09763261194736485,0.043810054068884954,-0.01675264528492593,-0.10394433057872976
4.504900980196039,-8.827206077139392,0.048181396349549856,0.04366366936798419,-0.016737374387779932,-0.10599193943169666
4.505901180236047,-8.898784196153693,-0.0012619767422911308,0.043515233798780695,-0.01672158223168694,-0.10804516078412105
4.506901380276055,-8.968213501492682,-0.05069538969924755,0.043364785189620184,-0.016705263437501415,-0.1101035027617682
4.507901580316063,-9.035479772437974,-0.10011672725130367,0.043212361656504585,-0.016688412925818318,-0.11216647056485927
4.508901780356071,-9.100569333394608,-0.1495238765705332,0.04305800159173863,-0.01667102592379568,-0.11423356659315573
4.509901980396079,-9.163469055817197,-0.19891472735394652,0.0429017436524971,-0.016653097971707435,-0.11630429057150254
4.510902180436087,-9.224166359996163,-0.2482871719060948,0.042743626749318524,-0.01663462492921966,-0.1183781396757979
4.511902380476095,-9.282649216703065,-0.29763910522148185,0.04258369003453132,-0.016615602981383863,-0.12045460865935695
4.512902580516103,-9.338906148696282,-0.34696842506672765,0.0424219728906184,-0.016596028644341107,-0.12253318997963716
4.513902780556111,-9.392926232086278,-0.3962730320625878,0.042258514918526384,-0.016575898770731175,-0.124613373925293
4.514902980596119,-9.444699097561518,-0.44555082976539967,0.04209335592592574,-0.016555210554801216,-0.12669464874352743
4.515903180636127,-9.49421493147457,-0.49479972474869965,0.041926535915428144,-0.016533961537208694,-0.12877650076770825
4.516903380676135,-9.541464476789269,-0.5440176266841554,0.04175809507276751,-0.016512149609513787,-0.13085841454521668
4.517903580716143,-9.586439033888539,-0.5932024484225579,0.041588073754951195,-0.01648977301835666,-0.13293987296549648
4.518903780756151,-9.629130461244218,-0.6423521060744958,0.041416512478387936,-0.01646683036931544,-0.13502035738827112
4.519903980796159,-9.669531175948112,-0.6914645190904994,0.041243451906999164,-0.016443320630441047,-0.1370993477718973
4.520904180836167,-9.707634154105605,-0.740537610341449,0.04106893284032033,-0.016419243135465306,-0.13917632280182274
4.521904380876175,-9.743432931091997,-0.7895693061979667,0.040892996201598995,-0.016394597586679233,-0.1412507600191164
4.522904580916183,-9.776921601671743,-0.8385575366103346,0.040715683025896385,-0.016369384057478654,-0.14332213594903978
4.523904780956191,-9.808094819981468,-0.8875002351875007,0.04053703444819913,-0.01634360299457467,-0.14538992622962713
4.524904980996199,-9.836947799377407,-0.9363953392762301,0.04035709169154806,-0.016317255219866888,-0.1474536057402435
4.525905181036207,-9.863476312147203,-0.9852407900396611,0.040175896055190674,-0.016290341931977606,-0.14951264873008935
4.526905381076215,-9.887676689087426,-1.034034532535949,0.03999348890276413,-0.016262864707445614,-0.15156652894662012
4.527905581116223,-9.909545818947022,-1.0827745157961477,0.03980991165051544,-0.016234825501578485,-0.1536147197638499
4.528905781156231,-9.929081147737465,-1.131458692902284,0.0396252057555656,-0.016206226648962704,-0.15565669431050844
4.529905981196239,-9.946280677910243,-1.180085021064772,0.03943941270422426,-0.016177070863631286,-0.15769192559802034
4.530906181236247,-9.961142967402552,-1.2286514616997455,0.03925257400036156,-0.016147361238888873,-0.1597198866482763
4.531906381276255,-9.973667128551892,-1.2771559805061028,0.039064731153843714,-0.016117101246794677,-0.16174005062116542
4.532906581316263,-9.983852826880167,-1.3255965475419857,0.038875925669038754,-0.016086294737303993,-0.16375189094183878
4.533906781356271,-9.991700279748493,-1.3739711373014942,0.038686199033398906,-0.016054945937069316,-0.16575488142767403
4.534906981396279,-9.997210254883186,-1.4222777287905168,0.03849559270612584,-0.016023059447902468,-0.1677484964149109
4.535907181436287,-10.000384068774023,-1.4705143056025285,0.03830414810692502,-0.015990640244899476,-0.1697322108849284
4.536907381476295,-10.001223584945574,-1.518678855994235,0.03811190660485531,-0.01595769367423027,-0.1717055005901336
4.537907581516303,-9.999731212102617,-1.566769372960655,0.037918909507279774,-0.01592422545059563,-0.1736678421794334
4.538907781556311,-9.995909902150501,-1.6147838543098918,0.03772519804892352,-0.015890241654354074,-0.17561871332325962
4.539907981596319,-9.989763148091512,-1.6627203027378552,0.037530813381044414,-0.015855748728321812,-0.17755759283811892
4.540908181636327,-9.98129498179821,-1.7105767259025164,0.03733579656072215,-0.01582075347424908,-0.17948396081063878
4.541908381676335,-9.970509971664802,-1.7583511364976392,0.037140188540271166,-0.015785263048976584,-0.1813972987210811
4.542908581716343,-9.957413220137555,-1.806041552326611,0.03694403015678273,-0.015749284960276038,-0.18329708956629562
4.543908781756351,-9.942010361125444,-1.8536459963756453,0.03674736212180124,-0.015712827062379097,-0.18518281798208472
4.544908981796359,-9.924307557292005,-1.9011624968867658,0.03655022501113977,-0.015675897551199268,-0.18705397036495242
4.545909181836367,-9.904311497229667,-1.9485890874304705,0.03635265925483954,-0.015638504959251696,-0.1889100349932099
4.546909381876375,-9.882029392517554,-1.9959238069780676,0.03615470512727804,-0.015600658150275962,-0.19075050214741063
4.547909581916383,-9.857468974664142,-2.043164699973638,0.035956402737430046,-0.015562366313567328,-0.192574864230088
4.548909781956391,-9.830638491935838,-2.090309816405722,0.03575779201928586,-0.015523638958022149,-0.1943826158847691
4.549909981996399,-9.801546706072708,-2.1373572118788755,0.035558912722430704,-0.015484485905903362,-0.19617325411423828
4.550910182036407,-9.770202888892713,-2.1843049476842316,0.03535980440278903,-0.015444917286332288,-0.19794627839802423
4.551910382076415,-9.736616818785448,-2.231151090870807,0.03516050641353746,-0.01540494352851317,-0.19970119080908527
4.552910582116423,-9.70079877709729,-2.277893714315136,0.03496105789618954,-0.015364575354697119,-0.20143749612966708
4.553910782156431,-9.662759544408388,-2.3245308967917997,0.03476149777185561,-0.015323823772892375,-0.20315470196630783
4.554910982196439,-9.622510396703557,-2.3710607230430507,0.03456186473268056,-0.015282700069327979,-0.20485231886396604
4.555911182236447,-9.580063101438157,-2.4174812838477933,0.03436219723346233,-0.015241215800678174,-0.2065298604192462
4.556911382276455,-9.535429913500245,-2.4637906760910333,0.03416253348345343,-0.015199382786055045,-0.20818684339269852
4.557911582316463,-9.488623571070663,-2.5099870028321725,0.03396291143834788,-0.015157213098777095,-0.20982278782016847
4.558911782356471,-9.439657291382138,-2.5560683733734124,0.03376336879245539,-0.01511471905792162,-0.21143721712317268
4.559911982396479,-9.388544766378864,-2.6020329033277587,0.03356394297106474,-0.01507191321966893,-0.21302965821827807
4.560912182436487,-9.335300158278791,-2.6478787146866254,0.033364671122997694,-0.015028808368446616,-0.21459964162546113
4.561912382476495,-9.279938095038379,-2.6936039358868884,0.033165590113354786,-0.014985417507882189,-0.21614670157542482
4.562912582516503,-9.222473665723259,-2.7392067018780373,0.032966736516454126,-0.014941753851572592,-0.21767037611585094
4.563912782556511,-9.16292241578518,-2.7846851541886175,0.03276814660896387,-0.014897830813679198,-0.2191702072165659
4.564912982596519,-9.101300342246304,-2.8300374409922724,0.03256985636322904,-0.014853661999356987,-0.22064574087359856
4.565913182636527,-9.037623888794275,-2.875261717173825,0.032371901440792966,-0.0148092611950268,-0.2220965272121087
4.566913382676535,-8.971909940786997,-2.9203561443944963,0.032174317186113494,-0.014764642358499539,-0.22352212058816553
4.567913582716543,-8.904175820171247,-2.96531889115717,0.031977138620473786,-0.014719819608961408,-0.22492207968935546
4.568913782756551,-8.834439280314742,-3.0101481328711857,0.03178040043608736,-0.014674807216829238,-0.22629596763419937
4.569913982796559,-8.762718500754223,-3.054842051916378,0.0315841369903968,-0.014629619593485113,-0.22764335207035927
4.570914182836567,-8.68903208186088,-3.0993988377075383,0.031388382300565267,-0.014584271280899525,-0.22896380527161508
4.571914382876575,-8.613399039425037,-3.143816686757768,0.03119317003815987,-0.014538776941152333,-0.2302569042335926
4.572914582916583,-8.535838799161231,-3.1880938027418124,0.030998533524025505,-0.014493151345860872,-0.23152223076822392
4.573914782956591,-8.456371191135291,-3.232228396559014,0.030804505723347808,-0.014447409365524562,-0.23275937159692206
4.574914982996599,-8.375016444116076,-3.2762186863958114,0.030611119240903508,-0.014401565958795411,-0.23396791844245166
4.575915183036607,-8.291795179852206,-3.320062897787897,0.030418406316496283,-0.014355636161683812,-0.23514746811947881
4.576915383076615,-8.206728407275756,-3.363759263681964,0.030226398820576057,-0.014309635076709027,-0.23629762262378232
4.577915583116623,-8.119837516635817,-3.4073060244971702,0.030035128250039466,-0.014263577862003779,-0.23741798922010968
4.578915783156631,-8.03114427356195,-3.4507014281862687,0.029844625724209043,-0.01421747972038233,-0.23850818052866196
4.579915983196639,-7.94067081306,-3.4939437302959786,0.02965492198098845,-0.014171355888381426,-0.239567814610191
4.580916183236647,-7.848439633441833,-3.537031194027504,0.029466047373191005,-0.014125221625283438,-0.2405965150496937
4.581916383276655,-7.754473590191069,-3.5799620902963354,0.029278031865038454,-0.014079092202131023,-0.24159391103868802
4.582916583316663,-7.658795889766402,-3.622734697791807,0.029090905028826924,-0.01403298289074255,-0.242559637456056
4.583916783356671,-7.561430083343229,-3.665347303036086,0.028904696041756692,-0.013986908952737518,-0.24349333494743955
4.584916983396679,-7.462400060497256,-3.7077982004430137,0.028719433682922395,-0.013940885628581109,-0.2443946500031748
4.585917183436687,-7.361730042829427,-3.750085692376641,0.02853514633046006,-0.013894928126656957,-0.2452632350347515
4.586917383476695,-7.259444577536912,-3.7922080892086427,0.028351861958847296,-0.013849051612377155,-0.24609874844978413
4.587917583516703,-7.155568530928701,-3.8341637093765946,0.028169608136352782,-0.013803271197338433,-0.24690085472548254
4.588917783556711,-7.050127081889218,-3.875950879440552,0.027988412022631137,-0.01375760192853333,-0.24766922448060888
4.589917983596719,-6.943145715293158,-3.9175679341401324,0.027808300366459135,-0.013712058777625146,-0.24840353454590938
4.590918183636727,-6.834650215369439,-3.9590132164510035,0.027629299503609102,-0.013666656630295291,-0.24910346803300953
4.591918383676735,-6.724666659019556,-4.000285077640574,0.027451435354855308,-0.013621410275671602,-0.24976871440176102
4.592918583716743,-6.613221409091313,-4.041381877323928,0.02727473342410903,-0.013576334395846055,-0.25039896952602997
4.5939187837567514,-6.500341107607892,-4.082301983518762,0.027099218796677916,-0.013531443555490177,-0.2509939357579164
4.5949189837967594,-6.3860526689562915,-4.123043772700351,0.026924916137645208,-0.013486752191576384,-0.2515533219903944
4.5959191838367675,-6.270383273036357,-4.163605629856047,0.0267518496903644,-0.013442274603213284,-0.2520768437183638
4.5969193838767755,-6.1533603583700724,-4.2039859485389925,0.026580043275064722,-0.013398024941602889,-0.2525642230981046
4.5979195839167835,-6.035011615177241,-4.244183130922053,0.02640952028756298,-0.013354017200127556,-0.2530151890051245
4.5989197839567915,-5.915364978414339,-4.284195587850891,0.026240303698077092,-0.013310265204574274,-0.2534294770903924
4.5999199839967995,-5.79444862078176,-4.324021738896702,0.026072416050136805,-0.013266782603503854,-0.2538068298349492
4.6009201840368075,-5.672290945700422,-4.363660012408793,0.025905879459586945,-0.013223582858772348,-0.2541469966028884
4.6019203840768155,-5.548920580258794,-4.403108845566331,0.02574071561367861,-0.01318067923621193,-0.25444973369270035
4.6029205841168235,-5.424366368132572,-4.4423666844302385,0.025576945770243754,-0.013138084796478268,-0.25471480438697214
4.6039207841568315,-5.298657362479006,-4.4814319839941685,0.025414590756948584,-0.013095812386071303,-0.25494197900043825
4.6049209841968395,-5.17182281880705,-4.520303208235292,0.025253670970621225,-0.01305387462853613,-0.255131034926375
4.6059211842368475,-5.043892187826067,-4.558978830164756,0.025094206376649213,-0.013012283915850558,-0.25528175668133446
4.6069213842768555,-4.914895108273644,-4.597457331877599,0.02493621650844233,-0.012971052400005737,-0.2553939359482115
4.6079215843168635,-4.784861399724981,-4.6357372046023055,0.024779720466956427,-0.012930191984786055,-0.2554673716176411
4.6089217843568715,-4.653821055385889,-4.6738169487499075,0.02462473692027389,-0.012889714317754344,-0.25550186982771966
4.6099219843968795,-4.521804234870748,-4.711695073962748,0.024471284103236558,-0.01284963078244826,-0.25549724400204854
4.6109221844368875,-4.388841256966178,-4.7493700991626735,0.02431937981712686,-0.012809952490793513,-0.25545331488609524
4.6119223844768955,-4.254962592384416,-4.786840552599182,0.024169041429393166,-0.012770690275739436,-0.2553699105818692
4.6129225845169035,-4.120198856506378,-4.8241049718966975,0.024020285873415318,-0.012731854684122204,-0.2552468665809105
4.6139227845569115,-3.9845808021164983,-4.861161904101599,0.02387312964830652,-0.01269345596976083,-0.2550840257955883
4.6149229845969195,-3.848139312131201,-4.898009905728946,0.02372758881874779,-0.012655504086790866,-0.2548812385887082
4.6159231846369275,-3.7109053923232294,-4.934647542808806,0.023583679014851353,-0.012618008683240551,-0.2546383628014261
4.6169233846769355,-3.5729101640422574,-4.971073390931891,0.023441415432049452,-0.012580979094853955,-0.2543552637794686
4.6179235847169435,-3.4341848569347566,-5.007286035295039,0.02330081283100519,-0.012544424339165479,-0.2540318143976586
4.6189237847569515,-3.29476080166445,-5.043284070746071,0.023161885537542157,-0.012508353109829864,-0.2536678950827463
4.6199239847969595,-3.154669422633944,-5.07906610182854,0.023024647442589755,-0.012472773771211683,-0.25326339383454577
4.6209241848369675,-3.013942230711369,-5.114630742825704,0.02288911200214124,-0.012437694353238068,-0.2528182062453775
4.6219243848769755,-2.872610815962071,-5.1499766178043105,0.022755292237221707,-0.012403122546518259,-0.25233223551781775
4.6229245849169835,-2.7307068403868926,-5.185102360657698,0.02262320073386334,-0.012369065697733316,-0.251805392480757
4.6239247849569916,-2.5882620306695974,-5.2200066151489946,0.02249284964308553,-0.01233553080529919,-0.25123759560376796
4.6249249849969996,-2.4453081709349807,-5.254688034953144,0.02236425068087745,-0.012302524515306095,-0.2506287710097859
4.625925185037008,-2.301877095518314,-5.289145283699254,0.02223741512818103,-0.012270053117736959,-0.24997885248610419
4.626925385077016,-2.158000681749384,-5.323377035012001,0.022112353830872362,-0.012238122542967503,-0.249287781493687
4.627925585117024,-2.013710842750944,-5.357381972552824,0.021989077199739707,-0.012206738358550314,-0.2485555071748033
4.628925785157032,-1.8690395202541408,-5.391158790060664,0.02186759521045658,-0.012175905766285048,-0.24778198635898527
4.62992598519704,-1.7240186774324782,-5.424706191392229,0.021747917403548443,-0.012145629599576732,-0.24696718356731523
4.630926185237048,-1.5786802917561868,-5.458022890562023,0.021630052884351825,-0.012115914321083885,-0.24611107101504537
4.631926385277056,-1.4330563478670064,-5.491107611781504,0.021514010322964797,-0.012086764020658015,-0.24521362861255536
4.632926585317064,-1.2871788304774476,-5.5239590894983595,0.021399797954187998,-0.01205818241357579,-0.24427484396465235
4.633926785357072,-1.1410797172936784,-5.556576068434991,0.02128742357745551,-0.012030172839065044,-0.24329471236821937
4.63492698539708,-0.9947909719642517,-5.588957303626603,0.021176894556755192,-0.012002738259125498,-0.24227323680821755
4.635927185437088,-0.8483445370581524,-5.621101560459186,0.021068217820538148,-0.01197588125764494,-0.24121042795204822
4.636927385477096,-0.7017723270701265,-5.653007614706389,0.020961399861617273,-0.011949604039811329,-0.24010630414228196
4.637927585517104,-0.5551062214570274,-5.684674252566814,0.020856446737055032,-0.011923908431821142,-0.23896089138776075
4.638927785557112,-0.408378057707202,-5.716100270700205,0.02075336406804074,-0.011898795880884053,-0.2377742233530808
4.63992798559712,-0.2616196244422477,-5.747284476263524,0.02065215703975787,-0.011874267455523802,-0.2365463413464634
4.640928185637128,-0.11486265455426443,-5.778225686946385,0.020552830401242103,-0.011850323846174933,-0.23527729430602182
4.641928385677136,0.03186118162097145,-5.808922731006498,0.02045538846523096,-0.011826965366074894,-0.23396713878443223
4.642928585717144,0.17852028309265916,-5.839374447303971,0.020359835108006142,-0.0118041919524507,-0.2326159389320173
4.643928785757152,0.3250831249639238,-5.869579685335949,0.020266173769229793,-0.01178200316799926,-0.23122376647825113
4.64492898579716,0.4715182651422543,-5.8995373052701465,0.020174407451776122,-0.011760398202660173,-0.22979070071169513
4.645929185837168,0.6177943510060956,-5.9292461779784595,0.020084538721560047,-0.011739375875679667,-0.22831682845837356
4.646929385877176,0.7638801260285348,-5.958705185069822,0.019996569707364575,-0.011718934637964057,-0.22680224405859922
4.647929585917184,0.9097444363580356,-5.987913218922707,0.01991050210066895,-0.011699072574720993,-0.22524704934225906
4.648929785957192,1.0553562373513694,-6.016869182717332,0.01982633715547965,-0.011679787408386492,-0.22365135360257
4.6499299859972,1.2006846000604396,-6.045571990467207,0.019744075688166544,-0.011661076501835564,-0.22201527356831596
4.650930186037208,1.345698717670876,-6.074020567050433,0.019663718077306658,-0.011642936861874049,-0.22033893337457694
4.651930386077216,1.4903679118904378,-6.102213848240423,0.01958526426353811,-0.011625365143009062,-0.2186224645319613
4.652930586117224,1.6346616392865707,-6.130150780736253,0.01950871374942703,-0.011608357651495234,-0.21686600589435318
4.653930786157232,1.7785494975734255,-6.157830322192644,0.019434065599350295,-0.01159191034965378,-0.21506970362518657
4.65493098619724,1.922001231842527,-6.185251441249339,0.019361318439397136,-0.011576018860461156,-0.21323371116225828
4.655931186237248,2.064986740742494,-6.212413117560241,0.019290470457292732,-0.011560678472403906,-0.2113581891810925
4.656931386277256,2.2074760826002113,-6.23931434182192,0.01922151940234713,-0.01154588414459612,-0.20944330555686907
4.657931586317264,2.3494394814873356,-6.2659541158018435,0.01915446258543283,-0.011531630512155682,-0.20748923532492913
4.658931786357272,2.4908473332276797,-6.292331452366008,0.019089296878994546,-0.01151791189183529,-0.2054961606398708
4.65993198639728,2.6316702113462984,-6.318445375506352,0.019026018717094768,-0.011504722287904114,-0.20346427073324877
4.660932186437288,2.771878872957812,-6.344294920367493,0.018964624095498817,-0.01149205539827564,-0.20139376186989114
4.661932386477296,2.911444264594709,-6.369879133273187,0.018905108571803168,-0.011479904620877165,-0.19928483730284807
4.662932586517304,3.050337527971797,-6.395197071752315,0.01884746726561092,-0.011468263060256164,-0.1971377072269859
4.663932786557312,3.1885300056892407,-6.420247804564332,0.018791694858758333,-0.011457123534418561,-0.19495258873124172
4.66493298659732,3.325993246870269,-6.4450304117245,0.018737785595596475,-0.011446478581893781,-0.1927297057495527
4.665933186637328,3.4626990127339545,-6.469543984528444,0.01868573328333198,-0.011436320469021247,-0.19046928901047547
4.666933386677336,3.598619282101678,-6.493787625576339,0.018635531292431055,-0.011426641197452823,-0.18817157598551046
4.667933586717344,3.733726256836992,-6.5177604487968335,0.018587172557090904,-0.011417432511865513,-0.1858368108361469
4.668933786757352,3.8679923672165124,-6.541461579470203,0.018540649575782664,-0.011408685907878567,-0.18346524435964376
4.66993398679736,4.001390277232884,-6.564890154251391,0.018495954411870123,-0.01140039264016895,-0.18105713393356296
4.670934186837368,4.133892889826852,-6.588045321192448,0.0184530786943084,-0.011392543730778984,-0.17861274345907033
4.671934386877376,4.265473352049649,-6.610926239764528,0.018412013618426763,-0.0113851299776098,-0.17613234330302105
4.672934586917384,4.396105060153042,-6.633532080879463,0.01837274994679986,-0.011378141963094054,-0.17361621023884574
4.673934786957392,4.525761664606969,-6.655862026910909,0.0183352780102115,-0.011371570063041236,-0.17106462738625408
4.6749349869974,4.654417075044756,-6.677915271715159,0.018299587708715138,-0.011365404455648733,-0.16847788414977272
4.675935187037408,4.782045465133567,-6.699691020651245,0.01826566851279529,-0.011359635130671624,-0.16585627615613427
4.676935387077416,4.908621277370484,-6.72118849060092,0.018233509464633854,-0.011354251898744118,-0.16320010519053513
4.677935587117424,5.034119227802705,-6.742406909987962,0.01820309917948547,-0.011349244400845296,-0.16050967913177897
4.678935787157432,5.158514310671909,-6.76334551879718,0.018174425847165863,-0.011344602117901791,-0.15778531188632386
4.67993598719744,5.281781802981688,-6.784003568592887,0.01814747723365713,-0.011340314380519814,-0.15502732332125063
4.680936187237448,5.403897268987233,-6.804380322537035,0.018122240682833753,-0.01133637037883888,-0.15223603919617026
4.681936387277456,5.524836564606656,-6.824475055406816,0.018098703118313155,-0.011332759172499403,-0.14941179109408845
4.682936587317464,5.644575841753277,-6.844287053611911,0.018076851045434446,-0.01132946970071627,-0.1465549163512456
4.683936787357472,5.763091552589454,-6.863815615211178,0.018056670553368907,-0.011326490792450345,-0.14366575798595066
4.68493698739748,5.880360453698404,-6.883060049929093,0.01803814731736571,-0.011323811176669788,-0.1407446646264269
4.685937187437488,5.996359610177086,-6.902019679171568,0.018021266601136177,-0.011321419492692933,-0.13779199043768892
4.686937387477496,6.111066399647012,-6.920693836041406,0.01800601325937979,-0.011319304300604413,-0.134808095047469
4.687937587517504,6.224458516183379,-6.939081865353409,0.017992371740455083,-0.011317454091736134,-0.1317933434712122
4.688937787557512,6.336513974161474,-6.9571831236488295,0.017980326089198296,-0.011315857299204556,-0.12874810603615883
4.68993798759752,6.447211112021708,-6.974996979209656,0.01796985994989261,-0.011314502308495776,-0.12567275830453392
4.690938187637528,6.556528595949194,-6.992522812072258,0.017960956569390632,-0.011313377468089744,-0.12256768099586221
4.691938387677536,6.664445423472023,-7.0097600140406415,0.01795359880039254,-0.011312471100114905,-0.11943325990842887
4.692938587717544,6.770940926972996,-7.026707988699321,0.01794776910488228,-0.01131177151102458,-0.11626988583990475
4.693938787757552,6.875994777118986,-7.043366151425783,0.017943449557723857,-0.01131126700228623,-0.11307795450715616
4.69493898779756,6.979586986203959,-7.059733929402332,0.017940621850419787,-0.01131094588107482,-0.10985786646525851
4.695939187837568,7.081697911407218,-7.075810761627771,0.01793926729503337,-0.01131079647096142,-0.10661002702573377
4.696939387877576,7.182308257965717,-7.091596098928443,0.017939366828276442,-0.011310807122588156,-0.10333484617403152
4.697939587917584,7.281399082260807,-7.107089403968859,0.01794090101576394,-0.01131096622432062,-0.10003273848627355
4.698939787957592,7.378951794818782,-7.122290151262015,0.017943850056436506,-0.01131126221286886,-0.09670412304528188
4.6999399879976,7.4749481632238295,-7.137197827179194,0.017948193787152057,-0.011311683583868042,-0.09334942335591034
4.700940188037608,7.569370314945617,-7.151811929959246,0.01795391168744713,-0.01131221890240989,-0.08996906725969991
4.701940388077616,7.662200740078947,-7.166131969717663,0.017960982884468537,-0.011312856813516079,-0.08656348684887784
4.702940588117624,7.7534222939963335,-7.180157468455,0.017969386158075657,-0.011313586052544698,-0.08313311837972084
4.703940788157632,7.843018199912855,-7.193887960065017,0.01797909994611352,-0.011314395455521025,-0.07967840218530273
4.70494098819764,7.930972051364243,-7.207322990342205,0.017990102349856527,-0.01131527396938383,-0.07619978258764681
4.705941188237648,8.017267814595817,-7.22046211698921,0.018002371139622525,-0.011316210662138526,-0.07269770780930325
4.706941388277656,8.10188983086474,-7.233304909623454,0.01801588376055666,-0.011317194732908514,-0.06917262988437206
4.707941588317664,8.18482281865348,-7.245850949783506,0.01803061733858422,-0.011318215521876165,-0.06562500456899198
4.708941788357672,8.266051875795142,-7.258099830935151,0.018046548686531484,-0.011319262520104945,-0.0620552912513158
4.70994198839768,8.345562481511054,-7.270051158476713,0.0180636543104133,-0.011320325379234287,-0.058463952860992624
4.710942188437688,8.423340498359401,-7.281704549744259,0.018081910415885964,-0.011321393921038902,-0.05485145577817752
4.711942388477696,8.499372174096251,-7.29305963401617,0.01810129291486365,-0.011322458146844334,-0.05121826974208918
4.712942588517704,8.573644143447236,-7.30411605251746,0.018121777432296537,-0.01132350824679068,-0.047564867759135966
4.713942788557712,8.646143429792305,-7.314873458423427,0.018143339313108377,-0.011324534608936503,-0.043891726010631155
4.71494298859772,8.716857446760468,-7.32533151686313,0.018165953629291232,-0.011325527828195124,-0.04019932376011754
4.715943188637728,8.785773999737854,-7.335489904922327,0.01818959518715468,-0.011326478715095583,-0.03648814326032232
4.716943388677736,8.852881287286396,-7.345348311645959,0.018214238534726715,-0.011327378304360742,-0.03275866965976243
4.717943588717744,8.918167902475082,-7.354906438040216,0.018239857969303264,-0.011328217863295142,-0.029011390909021117
4.718943788757752,8.981622834122607,-7.364163997074305,0.018266427545143075,-0.011328988899975374,-0.02524679766671605
4.71994398879776,9.043235467952654,-7.373120713681597,0.018293921081304464,-0.011329683171235935,-0.021465383205179548
4.720944188837768,9.102995587660851,-7.381776324760523,0.018322312169620263,-0.011330292690443689,-0.01766764331587131
4.721944388877776,9.160893375894595,-7.390130579174966,0.018351574182807032,-0.011330809735054233,-0.01385407621454405
4.722944588917784,9.216919415144956,-7.398183237754187,0.018381680282704475,-0.011331226853943707,-0.010025182446182446
4.723944788957792,9.271064688551805,-7.405934073292484,0.018412603428640727,-0.01133153687450973,-0.0061814647897357
4.7249449889978,9.323320580621345,-7.41338287054825,0.018444316385919035,-0.011331732909535397,-0.0023234281626639793
4.725945189037808,9.373678877857193,-7.4205294262427675,0.018476791734421176,-0.011331808363810475,0.0015484204746809556
4.726945389077816,9.42213176930487,-7.427373549058443,0.018510001877322706,-0.011331756940504142,0.005433572214820819
4.727945589117824,9.468671847009729,-7.433915059636765,0.018543919049915057,-0.011331572647283862,0.009331516299041432
4.728945789157832,9.513292106389027,-7.4401537905757325,0.01857851532852926,-0.011331249802175217,0.013241740213388805
4.72994598919784,9.55598594651829,-7.446089586426926,0.01861376263955591,-0.011330783039157747,0.01716372978475072
4.730946189237848,9.596747170332133,-7.4517223036921365,0.018649632768555906,-0.011330167313492108,0.021096969277003854
4.731946389277856,9.635569984740007,-7.457051810819599,0.018686097369456256,-0.011329397906774105,0.02504094148720662
4.732946589317864,9.67244900065743,-7.462077988199806,0.018723127973825162,-0.011328470431711403,0.028995127841817868
4.733946789357872,9.70737923295248,-7.4668007281609015,0.018760696000220446,-0.011327380836618993,0.03295900849292188
4.73494698939788,9.74035610030852,-7.471219934963655,0.018798772763605264,-0.011326125409629744,0.0369320624144399
4.735947189437888,9.77137542500341,-7.475335524796067,0.018837329484824916,-0.011324700782616654,0.04091376749830875
4.736947389477896,9.800433432605352,-7.47914742576748,0.018876337300138483,-0.01132310393482365,0.044903600650607126
4.737947589517904,9.827526751586142,-7.482655577902379,0.018915767270798904,-0.011321332196202124,0.04890103788761015
4.738947789557912,9.852652412851974,-7.485859933133709,0.018955590392675015,-0.011319383250450605,0.05290555443175307
4.73994798959792,9.875807849192675,-7.488760455295805,0.018995777605909023,-0.01131725513775529,0.05691662480748478
4.740948189637928,9.89699089464932,-7.491357120116939,0.01903629980460275,-0.011314946257229416,0.06093372293699238
4.741948389677936,9.916199783801133,-7.493649915211415,0.01907712784652599,-0.011312455369049774,0.06495632223577767
4.742948589717944,9.93343315097201,-7.495638840071292,0.019118232562840256,-0.011309781596288896,0.06898389570806687
4.743948789757952,9.948690029357252,-7.497323906057699,0.019159584767831066,-0.011306924426441796,0.07301591604203485
4.74494898979796,9.961969850070933,-7.498705136391722,0.019201155268642033,-0.01130388371264639,0.0770518557048253
4.745949189837968,9.973272441114649,-7.499782566144907,0.01924291487500386,-0.011300659674597032,0.08109118703734848
4.746949389877976,9.98259802626801,-7.500556242229369,0.019284834408951408,-0.011297252899150876,0.08513338234883816
4.747949589917984,9.989947223901588,-7.501026223387469,0.019326884714521958,-0.011293664340627077,0.08917791401114962
4.748949789957992,9.995321045712881,-7.501192580181117,0.01936903666742784,-0.011289895320799135,0.09322425455278059
4.749949989998,9.998720895385885,-7.501055394980658,0.01941126118469655,-0.01128594752858094,0.09727187675259741
4.750950190038008,10.000148567174902,-7.500614761953378,0.01945352923427153,-0.011281823019407413,0.10132025373324839
4.751950390078016,9.999606244413243,-7.499870787051586,0.019495811844566887,-0.011277524214310868,0.10536885905424703
4.752950590118024,9.99709649794745,-7.498823588000318,0.019538080113969212,-0.011273053898694558,0.10941716680470737
4.753950790158032,9.992622284497694,-7.49747329428464,0.01958030522027988,-0.011268415220805085,0.1134646516957143
4.75495099019804,9.986186944945027,-7.4958200471365535,0.019622458430091163,-0.011263611689905691,0.11751078915231175
4.755951190238048,9.977794202546217,-7.493863999521506,0.019664511108089595,-0.011258647174152673,0.12155505540509139
4.756951390278056,9.967448161076778,-7.491605316124511,0.01970643472628013,-0.011253525898177455,0.12559692758136545
4.757951590318064,9.95515330290293,-7.489044173335871,0.01974820087312467,-0.011248252440377122,0.12963588379590663
4.758951790358072,9.940914486983319,-7.486180759236516,0.019789781262588662,-0.011242831729916478,0.1336714032412387
4.75995199039808,9.924736946801053,-7.483015273582942,0.019831147743089615,-0.011237269043444919,0.13770296627746142
4.760952190438088,9.906626288226906,-7.479547927791764,0.019872272306341407,-0.011231570001531719,0.14173005452159362
4.761952390478096,9.886588487314466,-7.475778944923892,0.019913127096088456,-0.011225740564823526,0.14575215093641833
4.762952590518104,9.86462988802787,-7.471708559668292,0.019953684416723915,-0.011219787029928123,0.14976873991881418
4.763952790558112,9.840757199902974,-7.467337018325391,0.019993916741786216,-0.011213716025028757,0.15377930738755738
4.76495299059812,9.814977495642921,-7.462664578790077,0.0200337967223284,-0.011207534505233556,0.1577833408705789
4.765953190638128,9.787298208648442,-7.457691510534328,0.020073297195154858,-0.01120124974766477,0.1617803295916614
4.766953390678136,9.757727130484236,-7.452418094589421,0.02011239119092024,-0.011194869346292807,0.1657697645565606
4.767953590718144,9.726272408281774,-7.446844623527826,0.020151051942085482,-0.011188401206520239,0.16975113863853689
4.768953790758152,9.69294254207988,-7.4409714014446475,0.020189252890726025,-0.01118185353952116,0.17372394666328148
4.76995399079816,9.65774638210304,-7.434798743938748,0.02022696769618755,-0.011175234856341457,0.17768768549322322
4.770954190838168,9.620693125979672,-7.428326978093433,0.020264170242584673,-0.011168553961765762,0.1816418541112014
4.771954390878176,9.581792315899516,-7.421556442456812,0.020300834646138254,-0.011161819947957041,0.1855859537034905
4.772954590918184,9.541053835712374,-7.414487487021739,0.020336935262347196,-0.01115504218787493,0.18951948774216298
4.773954790958192,9.49848790796864,-7.407120473205401,0.02037244669299076,-0.011148230328479097,0.19344196206677594
4.7749549909982,9.454105090901958,-7.399455773828547,0.020407343792957677,-0.011141394283724088,0.1973528849653687
4.775955191038208,9.407916275355815,-7.391493773094276,0.020441601676898496,-0.01113454422735224,0.20125176725475746
4.776955391078216,9.3599326816541,-7.3832348665665535,0.020475195725697868,-0.011127690585491392,0.20513812236011394
4.777955591118224,9.310165856417207,-7.37467946114827,0.020508101592763638,-0.011120844029064287,0.20901146639381527
4.778955791158232,9.25862766932426,-7.3658279750589655,0.020540295210129865,-0.011114015466016617,0.2128713182335521
4.779955991198239,9.205330309822214,-7.356680837812192,0.020571752794371068,-0.011107216033370866,0.21671719959967925
4.780956191238247,9.150286283783068,-7.347238490192489,0.020602450852325427,-0.01110045708911311,0.22054863513181677
4.781956391278255,9.093508410109813,-7.337501384232004,0.020632366186624288,-0.011093750203920187,0.22436515246463823
4.782956591318263,9.035009817292854,-7.327469983186729,0.02066147590102654,-0.011087107152734532,0.22816628230290265
4.783956791358271,8.974803939916097,-7.3171447615124166,0.02068975740555569,-0.011080539906194231,0.2319515584956671
4.784956991398279,8.912904515115661,-7.306526204840094,0.02071718842143825,-0.011074060621925858,0.23572051810968903
4.785957191438287,8.849325578990895,-7.295614809951207,0.02074374698584211,-0.011067681635707694,0.23947270150200353
4.786957391478295,8.78408146296907,-7.284411084752436,0.020769411456413818,-0.011061415452511032,0.24320765239166467
4.787957591518303,8.71718679012446,-7.272915548250134,0.020794160515613922,-0.011055274737427286,0.24692491793064003
4.788957791558311,8.648656471452972,-7.261128730524435,0.02081797317484975,-0.011049272306488684,0.2506240487738477
4.789957991598319,8.578505702103689,-7.249051172702936,0.02084082877840523,-0.011043421117390331,0.25430459914832554
4.790958191638327,8.50674995756713,-7.236683426934073,0.020862707007167625,-0.01103773426012148,0.25796612692152254
4.791958391678335,8.43340498982246,-7.2240260563601915,0.020883587882151174,-0.011032224947513828,0.2616081936687022
4.792958591718343,8.358486823443984,-7.211079635090135,0.020903451767817997,-0.011026906505714694,0.2652303647394484
4.793958791758351,8.282011751667635,-7.197844748171598,0.02092227937519673,-0.0110217923645929,0.2688322093232642
4.794958991798359,8.203996332419514,-7.184321991563099,0.02094005176479962,-0.011016896048085202,0.27241330051425433
4.795959191838367,8.124457384306135,-7.170511972105539,0.020956750349339026,-0.01101223116449106,0.2759732153748823
4.796959391878375,8.043411982568383,-7.156415307493512,0.02097235689624448,-0.011007811396723535,0.27951153499879344
4.797959591918383,7.960877454999288,-7.142032626246186,0.02098685352998167,-0.01100365049252407,0.2830278445726953
4.798959791958391,7.876871377827841,-7.127364567677893,0.021000222734174918,-0.010999762254648856,0.28652173343728693
4.799959991998399,7.79141157156845,-7.112411781868325,0.021012447353534906,-0.01099616053103443,0.28999279514722887
4.800960192038407,7.704516096837917,-7.0971749296324775,0.021023510595593643,-0.010992859204950137,0.2934406275301466
4.801960392078415,7.616203250140878,-7.081654682490091,0.02103339603224881,-0.01098987218514497,0.29686483274465886
4.802960592118423,7.526491559624015,-7.065851722634953,0.02104208760111986,-0.010987213395996261,0.30026501733742406
4.803960792158431,7.435399780801506,-7.049766742903667,0.021049569606718346,-0.010984896767667653,0.3036407922991974
4.804960992198439,7.342946892250429,-7.033400446744264,0.021055826721435283,-0.010982936226283617,0.30699177311989195
4.805961192238447,7.249152091279596,-7.016753548184308,0.02106084398634831,-0.01098134568412779,0.31031757984263664
4.806961392278455,7.15403478957098,-6.999826771798768,0.021064606811851804,-0.010980139029872231,0.3136178371168246
4.807961592318463,7.0576146087960385,-6.982620852677555,0.02106710097811306,-0.010979330118844664,0.3168921742501463
4.808961792358471,6.9599113762065965,-6.965136536392706,0.021068312635358005,-0.010978932763340598,0.3201402252596006
4.809961992398479,6.860945120202681,-6.94737457896523,0.02106822830398983,-0.010978960722987187,0.3233616289214784
4.810962192438487,6.760736065876925,-6.929335746831573,0.02106683487454434,-0.010979427695165519,0.3265560288203133
4.811962392478495,6.659304630538108,-6.911020816809939,0.021064119607485655,-0.010980347305497906,0.32972307339679385
4.812962592518503,6.556671419213552,-6.892430576066051,0.02106007013284632,-0.010981733098406677,0.332862415994632
4.813962792558511,6.452857220131487,-6.873565822078672,0.021054674449715774,-0.010983598527750773,0.3359737149063838
4.814962992598519,6.3478830001850275,-6.854427362604936,0.02104792092558136,-0.010985956947546378,0.3390566334182164
4.815963192638527,6.241769900378938,-6.835016015645231,0.02103979829552615,-0.010988821602777648,0.3421108398536182
4.816963392678535,6.134539231258279,-6.815332609407588,0.02103029566128794,-0.010992205620303465,0.345136007616047
4.817963592718543,6.026212468323183,-6.795377982272156,0.021019402490183855,-0.01099612199986601,0.34813181523051306
4.818963792758551,5.916811247427096,-6.7751529827550625,0.021007108613905166,-0.011000583605206816,0.35109794638409236
4.819963992798559,5.8063573601622736,-6.7546584694720115,0.020993404227186867,-0.011005603155295769,0.3540340899653678
4.820964192838567,5.694872749232373,-6.733895311101528,0.02097827988635677,-0.011011193215678438,0.3569399401027937
4.821964392878575,5.582379503813288,-6.7128643863480955,0.020961726507768865,-0.01101736618994692,0.3598151962019819
4.822964592918583,5.468899854902554,-6.691566583904736,0.020943735366125735,-0.011024134311339237,0.3626595629819058
4.823964792958591,5.354456170659873,-6.670002802415305,0.020924298092694957,-0.011031509634472176,0.36547275051001993
4.824964992998599,5.239070951738062,-6.64817395043675,0.02090340667342433,-0.011039504027212314,0.36825447423629276
4.825965193038607,5.12276682660622,-6.626080946400639,0.02088105344696095,-0.01104812916268979,0.37100445502615104
4.826965393078615,5.0055665468664525,-6.6037247185747185,0.02085723110257906,-0.011057396511459238,0.3737224191923328
4.827965593118623,4.8874929825640345,-6.581106205024038,0.02083193267802169,-0.011067317333812133,0.37640809852564844
4.828965793158631,4.768569117492799,-6.558226353571731,0.02080515155726111,-0.01107790267224465,0.37906123032464767
4.829965993198639,4.6488180444966005,-6.535086121759559,0.02077688146818312,-0.011089163344084958,0.38168155742419135
4.830966193238647,4.52826296076731,-6.511686476808212,0.020747116480200178,-0.01110110993428372,0.38426882822292735
4.831966393278655,4.406927163141141,-6.4880283955771025,0.020715851001798374,-0.011113752788371406,0.3868227967096694
4.832966593318663,4.284834043393398,-6.464112864524116,0.0206830797780233,-0.011127102005585863,0.3893432224886784
4.833966793358671,4.162007083533447,-6.439940879664809,0.020648797887909735,-0.011141167432173435,0.3918298708038462
4.834966993398679,4.038469851098937,-6.415513446531631,0.020613000741860163,-0.01115595865486673,0.39428251256178104
4.835967193438687,3.914245994453769,-6.390831580132467,0.02057568407897695,-0.011171484994542048,0.3967009243537955
4.836967393478695,3.7893592380869094,-6.365896304909171,0.020536843964353166,-0.011187755500059205,0.3990848884767965
4.837967593518703,3.663833377914859,-6.3407086546958285,0.02049647678632682,-0.011204778942286463,0.40143419295307864
4.838967793558711,3.537692276589501,-6.315269672676493,0.02045457925370329,-0.011222563808313019,0.4037486315490207
4.839967993598719,3.4109598588094676,-6.289580411342728,0.020411148392950714,-0.011241118295851388,0.4060280037926874
4.840968193638727,3.2836601066390787,-6.263641932451069,0.020366181545372928,-0.011260450307831873,0.4082721149903363
4.841968393678735,3.1558170548336473,-6.237455306979959,0.02031967636426462,-0.011280567447191128,0.41048077624183194
4.842968593718743,3.0274547861730765,-6.211021615086435,0.020271630812053156,-0.011301477011856709,0.41265380445496885
4.8439687937587514,2.898597426803311,-6.184341946062634,0.020222043157431528,-0.01132318598992932,0.41479102235870485
4.8449689937987594,2.769269141588921,-6.1574173982919325,0.02017091197248678,-0.011345701055064338,0.41689225851530654
4.8459691938387675,2.639494129474855,-6.130249079204828,0.020118236129828135,-0.011369028562054044,0.41895734733140955
4.8469693938787755,2.5092966188601165,-6.102838105234611,0.02006401479971905,-0.011393174542611855,0.4209861290679957
4.8479695939187835,2.378700862984085,-6.0751856017726436,0.02000824744721715,-0.011418144701359705,0.4229784498492895
4.8489697939587915,2.2477311353252327,-6.047292703123479,0.019950933829326112,-0.011443944412019546,0.42493416167057707
4.8499699939987995,2.1164117250138927,-6.0191605524595895,0.019892073992163282,-0.011470578713809906,0.42685312240495016
4.8509701940388075,1.9847669322599055,-5.99079030177595,0.01983166826814674,-0.011498052308048165,0.42873519580897856
4.8519703940788155,1.8528210637966829,-5.962183111844228,0.019769717273205496,-0.011526369554959212,0.4305802515273142
4.8529705941188235,1.7205984283394216,-5.933340152166887,0.019706221904016247,-0.011555534470690906,0.4323881650962307
4.8539707941588315,1.588123332062741,-5.904262600930757,0.019641183335270106,-0.011585550724536722,0.43415881794610145
4.8549709941988395,1.4554200740956247,-5.874951644960671,0.019574603016972544,-0.011616421636365793,0.4358920974028212
4.8559711942388475,1.322512942034579,-5.845408479672469,0.019506482671779634,-0.011648150174260425,0.43758789668817427
4.8569713942788555,1.1894262074767885,-5.8156343090260245,0.01943682429237362,-0.011680738952361089,0.43924611491915405
4.8579715943188635,1.0561841215740353,-5.785630345478019,0.019365630138880638,-0.011714190228918741,0.4408666571062384
4.8589717943588715,0.9228109106066068,-5.755397809934222,0.019292902736333283,-0.011748505904554209,0.4424494341506253
4.8599719943988795,0.7893307715807697,-5.724937931701685,0.019218644872180623,-0.011783687520724291,0.443994362840434
4.8609721944388875,0.6557678678470311,-5.694251948440647,0.019142859593848087,-0.011819736258394076,0.4455013658458759
4.8619723944788955,0.5221463247427519,-5.66334110611625,0.019065550206349483,-0.011856652936914916,0.44697037171340165
4.8629725945189035,0.3884902252592878,-5.632206658949917,0.01898672026995331,-0.01189443801310736,0.44840131485882806
4.8639727945589115,0.25482360573239193,-5.600849869370493,0.01890637359790536,-0.011933091580548241,0.44979413555945197
4.8649729945989195,0.12117045156000156,-5.569272007965123,0.018824514254209463,-0.01197261336906107,0.4511487799451556
4.8659731946389275,-0.012445307054864603,-5.537474353430012,0.01874114655146803,-0.012013002744408693,0.45246519998851026
4.8669733946789355,-0.1459997993338397,-5.505458192520738,0.018656275048784036,-0.012054258708187184,0.4537433534938831
4.8679735947189435,-0.27946921812587855,-5.47322482000256,0.01856990454972573,-0.012096379897919767,0.45498320408555487
4.8689737947589515,-0.41282982408104785,-5.440775538600103,0.01848204010035543,-0.012139364587349516,0.456184721194853
4.8699739947989595,-0.5460579497947667,-5.40811165894741,0.018392686987323437,-0.012183210686929489,0.45734788004630794
4.8709741948389675,-0.6791300039242535,-5.37523449953714,0.01830185073602805,-0.012227915744508853,0.45847266164283945
4.8719743948789755,-0.8120224752725477,-5.342145386669864,0.01820953710884249,-0.012273476946213478,0.45955905274997816
4.8729745949189835,-0.9447119368434452,-5.308845654403037,0.018115752103409367,-0.012319891117519417,0.46060704587913126
4.8739747949589916,-1.077175049863163,-5.275336644499766,0.018020501951003243,-0.012367154724517592,0.46161663926989804
4.8749749949989996,-1.2093885677716616,-5.24161970637739,0.017923793114961586,-0.0124152638753679,0.46258783687144317
4.875975195039008,-1.3413293401791804,-5.207696197055709,0.017825632289184396,-0.012464214321940987,0.46352064832293477
4.876975395079016,-1.4729743167909288,-5.173567481105071,0.01772602639670255,-0.012514001461645692,0.46441508893305544
4.877975595119024,-1.6043005512972166,-5.139234930594264,0.017624982588314787,-0.01256462033944028,0.46527117965859294
4.878975795159032,-1.7352852052287218,-5.104699925037963,0.017522508241293113,-0.012616065650025373,0.4660889470821191
4.87997599519904,-1.8659055517773109,-5.069963851344401,0.017418610958156326,-0.012668331740216485,0.4668684233887649
4.880976195239048,-1.996138979580027,-5.035028103762256,0.017313298565511094,-0.012721412611494008,0.46760964634209895
4.881976395279056,-2.1259629964682065,-4.999894083827853,0.017206579112960037,-0.012775301922728388,0.4683126592591191
4.882976595319064,-2.25535523317895,-4.964563200311807,0.017098460872075984,-0.012829992993078227,0.46897751098436363
4.883976795359072,-2.3842934470291124,-4.929036869165387,0.016988952335441575,-0.012885478805058933,0.4696042558631524
4.88497699539908,-2.5127555255519867,-4.89331651346718,0.016878062215753154,-0.012941752007779507,0.47019295371396497
4.885977195439088,-2.640719490095199,-4.857403563368825,0.01676579944498782,-0.012998804920345022,0.4707436697999653
4.886977395479096,-2.768163499379862,-4.821299456041174,0.016652173173632375,-0.013056629535422231,0.4712564747996816
4.887977595519104,-2.895065853020227,-4.785005635619847,0.016537192769972772,-0.01311521752296576,0.47173144477685036
4.888977795559112,-3.0214049950039055,-4.748523553150576,0.016420867819442568,-0.013174560234102224,0.4721686611494336
4.88997799559912,-3.1471595171317506,-4.711854666534788,0.016303208124028766,-0.013234648705169614,0.4725682106578182
4.890978195639128,-3.272308162415765,-4.675000440474471,0.016184223701733298,-0.013295473661909188,0.4729301853322068
4.891978395679136,-3.3968298284376615,-4.637962346416978,0.016063924786088347,-0.01335702552380711,0.47325468245921043
4.892978595719144,-3.520703570664412,-4.60074186249981,0.01594232182572356,-0.013419294408582996,0.47354180454765055
4.893978795759152,-3.643908605721844,-4.563340473495038,0.015819425483983095,-0.013482270136822476,0.4737916592935821
4.89497899579916,-3.7664243146265246,-4.525759670753643,0.01569524663859038,-0.013545942236750885,0.4740043595445458
4.895979195839168,-3.888230245974189,-4.488000952149416,0.015569796381358395,-0.013610299949145066,0.47418002326306036
4.896979395879176,-4.009306119084326,-4.450065822022962,0.015443086017943078,-0.013675332232380323,0.47431877348936385
4.897979595919184,-4.129631827101867,-4.411955791125468,0.01531512706763756,-0.013741027767609434,0.4744207383034145
4.898979795959192,-4.249187440054783,-4.373672376561981,0.01518593126320467,-0.013807374964070631,0.4744860507861614
4.8999799959992,-4.367953207866468,-4.335217101734972,0.01505551055074519,-0.013874361964521437,0.4745148489800944
4.900980196039208,-4.485909563324497,-4.296591496287113,0.014923877089599242,-0.013941976650795143,0.47450727584908403
4.901980396079216,-4.603037125002946,-4.257797096044733,0.014791043252278075,-0.014010206649476747,0.4744634792375218
4.902980596119224,-4.719316700140665,-4.218835442960049,0.014657021624423552,-0.014079039337695061,0.4743836118287708
4.903980796159232,-4.8347292874717125,-4.179708085054133,0.014521825004792452,-0.014148461849027728,0.47426783110293763
4.90498099619924,-4.949256080012606,-4.140416576359043,0.014385466405262783,-0.014218461079515791,0.47411629929397586
4.905981196239248,-5.062878467800147,-4.1009624768603095,0.014247959050859134,-0.01428902369378448,0.4739291833461317
4.906981396279256,-5.175578040584655,-4.061347352438705,0.014109316379794125,-0.014360136131266766,0.47370665486974284
4.907981596319264,-5.287336590475284,-4.0215727748123,0.013969552043522937,-0.014431784612526316,0.4734488900964007
4.908981796359272,-5.398136114538525,-3.9816403214781495,0.013828679906807879,-0.01450395514567631,0.4731560698334873
4.90998199639928,-5.507958817348291,-3.941551575653745,0.01368671404778991,-0.01457663353289067,0.47282837941809774
4.910982196439288,-5.616787113490027,-3.9013081262184968,0.013543668758064032,-0.014649805377004128,0.472466008670359
4.911982396479296,-5.724603630014932,-3.8609115676548487,0.013399558542755376,-0.014723456088197615,0.47206915184615583
4.912982596519304,-5.831391208847266,-3.820363499989389,0.013254398120592892,-0.01479757089076533,0.4716380075892756
4.913982796559312,-5.937132909142293,-3.779665528733541,0.013108202423977441,-0.014872134829959888,0.4711727788829822
4.91498299659932,-6.041812009596646,-3.738819264824539,0.012960986599041137,-0.014947132778911881,0.470673673001031
4.915983196639328,-6.145412010708685,-3.697826324565797,0.012812766005694746,-0.015022549445620209,0.4701409014581357
4.916983396679336,-6.2479166369908885,-3.6566883295673405,0.012663556217659988,-0.015098369380009405,0.4695746799598982
4.917983596719344,-6.349309839132479,-3.615406906686091,0.012513373022483535,-0.015174576981050295,0.4689752283522134
4.918983796759352,-6.449575796112473,-3.5739836879659443,0.012362232421529574,-0.015251156503940185,0.46834277057015916
4.91998399679936,-6.548698917264012,-3.5324203105776064,0.012210150629947758,-0.015328092067338808,0.4676775345863843
4.920984196839368,-6.6466638442883585,-3.4907184167586105,0.012057144076613416,-0.015405367660656236,0.4669797523590045
4.921984396879376,-6.743455453219567,-3.4488796537526647,0.011903229404036906,-0.015482967151388922,0.46624965977901905
4.922984596919384,-6.8390588563386885,-3.406905673749327,0.011748423468239014,-0.015560874292500025,0.4654874966172583
4.923984796959392,-6.933459404038406,-3.3647981338233905,0.011592743338589355,-0.015639072729840154,0.46469350647087504
4.9249849969994,-7.026642686637438,-3.322558695873993,0.01143620629760473,-0.015717546009604653,0.46386793670939
4.925985197039408,-7.118594536145109,-3.280189026563525,0.011278829840704455,-0.015796277585823516,0.46301103842030394
4.926985397079416,-7.209301027974439,-3.237690797256984,0.011120631675919713,-0.01587525082788003,0.46212306635428685
4.927985597119424,-7.29874848260636,-3.195065683960273,0.010961629723554037,-0.015954449028054186,0.46120427886995735
4.928985797159432,-7.386923467202494,-3.1523153672593307,0.010801842115792049,-0.016033855409086972,0.46025493787826266
4.92998599719944,-7.473812797167768,-3.109441532258163,0.010641287196253665,-0.016113453131761518,0.45927530878647105
4.930986197239448,-7.559403537662564,-3.0664458685176554,0.010479983519491039,-0.0161932253024972,0.458265660441789
4.931986397279456,-7.6436830050642435,-3.0233300699935883,0.010317949850425516,-0.01627315498095268,0.45722626507461406
4.932986597319464,-7.726638768377887,-2.9800958349748536,0.01015520516372203,-0.016353225187633935,0.45615739824143514
4.933986797359472,-7.8082586505968195,-2.9367448660214093,0.009991768643098347,-0.016433418911503253,0.4550593387673927
4.93498699739948,-7.8885307300124206,-2.8932788699022463,0.009827659680566706,-0.016513719117585264,0.4539323686885091
4.935987197439488,-7.96744334147292,-2.8496995575329946,0.009662897875605411,-0.01659410875456596,0.4527767731936023
4.936987397479496,-8.044985077592392,-2.806008643913804,0.009497503034258083,-0.01667457076238076,0.4515928405658934
4.937987597519504,-8.121144789908405,-2.762207848066555,0.009331495168158276,-0.016755088079787577,0.4503808621243202
4.938987797559512,-8.195911589989688,-2.718298892972556,0.009164894493477321,-0.01683564365192099,0.4491411321645689
4.93998799759952,-8.26927485049298,-2.674283505509624,0.008997721429793298,-0.01691622043782344,0.4478739478998344
4.940988197639528,-8.341224206169931,-2.6301634163893035,0.008829996598879123,-0.016996801417949566,0.44657960940132224
4.941988397679536,-8.411749554823,-2.5859403600941233,0.008661740823407869,-0.017077369601639678,0.4452584195385025
4.942988597719544,-8.480841058211622,-2.5416160748142413,0.008492975125573479,-0.017157908034558415,0.4439106839191284
4.943988797759552,-8.548489142907624,-2.49719230238444,0.008323720725625167,-0.01723839980609469,0.44253671082903073
4.94498899779956,-8.614684501101193,-2.452670788220955,0.008153999040313888,-0.017318828056718954,0.44113681117169934
4.945989197839568,-8.679418091356165,-2.4080532812580144,0.00798383168124931,-0.017399175985293936,0.43971129840766404
4.946989397879576,-8.742681139315867,-2.3633415338843093,0.007813240453165922,-0.017479426856334926,0.43826048849368576
4.947989597919584,-8.804465138358786,-2.318537301879578,0.007642247352096904,-0.01755956400721577,0.43678469982176993
4.948989797959592,-8.864761850204857,-2.2736423443508365,0.007470874563454569,-0.01763957085531677,0.4352842531580134
4.9499899979996,-8.923563305472102,-2.228658423668714,0.007299144460016253,-0.017719430905110627,0.4337594715812964
4.950990198039608,-8.98086180418378,-2.1835873054034427,0.007127079599814637,-0.017799127755182723,0.4322106804218311
4.951990398079616,-9.036649916226407,-2.138430758261106,0.00695470272393162,-0.017878645105181938,0.43063820719957757
4.952990598119624,-9.090920481758634,-2.0931905540194964,0.006782036754194928,-0.017957966762698337,0.4290423815625398
4.953990798159632,-9.14366661157105,-2.0478684674640384,0.006609104790776796,-0.01803707665006404,0.4274235352249517
4.95499099819964,-9.194881687397595,-2.0024662763234113,0.006435930109694139,-0.018115958811073654,0.4257820019053651
4.955991198239648,-9.244559362177828,-1.9569857612055066,0.006262536160209754,-0.018194597417620674,0.4241181172646511
4.956991398279656,-9.292693560271577,-1.9114287055329389,0.0060889465621342094,-0.018272976776246314,0.42243221884392573
4.957991598319664,-9.33927847762454,-1.8657968954785775,0.0059151851030281605,-0.018351081334597254,0.42072464600241105
4.958991798359672,-9.384308581886588,-1.820092119900899,0.0057412757353049945,-0.018428895687788906,0.4189957398552431
4.95999199839968,-9.427778612482005,-1.7743161702796189,0.005567242573233767,-0.018506404584670736,0.4172458432112373
4.960992198439688,-9.469683580632168,-1.728470840650736,0.00539310988984253,-0.018583592933990353,0.41547530051062315
4.961992398479696,-9.510018769330964,-1.6825579275420182,0.0052189021137222635,-0.018660445810453063,0.41368445776275814
4.962992598519704,-9.54877973327317,-1.6365792299078448,0.005044643825731725,-0.01873694846067368,0.4118736624838328
4.963992798559712,-9.585962298736009,-1.5905365490647623,0.0048703597556036425,-0.018813086309017395,0.41004326363457705
4.96499299859972,-9.621562563413912,-1.5444316886260305,0.004696074778452786,-0.018888844963326653,0.4081936115579793
4.965993198639728,-9.65557689620716,-1.4982664544368895,0.004521813911186578,-0.018964210220530978,0.40632505791702805
4.966993398679736,-9.688001936964529,-1.4520426545092364,0.004347602308818974,-0.019039168072136785,0.40443795563248824
4.967993598719744,-9.718834596179816,-1.4057620989567112,0.004173465260688493,-0.01911370470959431,0.40253265882072126
4.968993798759752,-9.748072054643277,-1.3594265999293063,0.0039994281865813495,-0.019187806529538814,0.40060952273156064
4.96999399879976,-9.775711763047353,-1.3130379715480183,0.0038255166327607667,-0.019261460138903338,0.39866890368625313
4.970994198839768,-9.801751441547992,-1.2665980298397075,0.0036517562679036397,-0.01933465235990036,0.3967111590154756
4.971994398879776,-9.826189079280907,-1.2201085926714834,0.0034781728789458166,-0.01940737023486973,0.39473664699743877
4.972994598919784,-9.849022933833798,-1.173571479685456,0.0033047923668373808,-0.01947960103099044,0.3927457267960875
4.973994798959792,-9.870251530674272,-1.126988512233016,0.0031316407422093927,-0.019551332244853756,0.39073875839940786
4.9749949989998,-9.889873662534333,-1.0803615133094886,0.0029587441209536695,-0.01962255160689547,0.3887161025578518
4.975995199039808,-9.907888388751386,-1.033692307488422,0.0027861287197172508,-0.019693247085684918,0.38667812072288854
4.976995399079816,-9.92429503456613,-0.986982720855883,0.0026138208513133048,-0.01976340689206873,0.3846251749856939
4.977995599119824,-9.939093190377887,-0.9402345809450298,0.0024418469200503203,-0.019833019483167184,0.382557628015986
4.978995799159832,-9.95228271095743,-0.8934497166701104,0.0022702334169814983,-0.019902073566221257,0.3804758430010189
4.97999599919984,-9.963863714617872,-0.8466299582607951,0.0020990069150763667,-0.01997055810228845,0.3783801835847426
4.980996199239848,-9.973836582343887,-0.7997771371963628,0.001928194064316705,-0.0200384623097857,0.3762710138071399
4.981996399279856,-9.982201956879578,-0.7528930861400124,0.0017578215867189496,-0.02010577566787762,0.374148698043749
4.982996599319864,-9.988960741775472,-0.7059796388725571,0.001587916271285327,-0.020172487919708604,0.37201360094538277
4.983996799359872,-9.994114100394889,-0.6590386302270933,0.0014185049688860455,-0.020238589075477244,0.3698660873780523
4.98499699939988,-9.997663454880133,-0.6120718960225794,0.0012496145870749212,-0.020304069415351778,0.36770652236310575
4.985997199439888,-9.999610485078895,-0.5650812729981823,0.0010812720848409167,-0.020368919492225263,0.3655352710175907
4.986997399479896,-9.999957127431193,-0.5180685987471729,0.0009135044672981024,-0.020433130134309342,0.3633526984948498
4.987997599519904,-9.9987055738173,-0.4710357116507974,0.000746338780316637,-0.020496692447565582,0.3611591699253586
4.988997799559912,-9.995858270367004,-0.4239844508124977,0.0005798021050974085,-0.020559597817973445,0.3589550503578148
4.98999799959992,-9.99141791623064,-0.37691665599158053,0.00041392155269303466,-0.020621837913634054,0.356740704700487
4.990998199639928,-9.98538746231231,-0.329834167537399,0.00024872425847798085,-0.020683404686709067,0.3545164976628337
4.991998399679936,-9.977770109965618,-0.2827388263230392,8.423737657058965e-05,-0.02074429037519405,0.3522827936973988
4.992998599719944,-9.968569309652404,-0.235632473679311,-7.951192579012183e-05,-0.02080448750452586,0.3500399569419943
4.993998799759952,-9.95778875956498,-0.1885169513286193,-0.0002424964739100139,-0.020863988889023646,0.3477883511621779
4.99499899979996,-9.945432404212003,-0.14139410131893157,-0.00040468909134479573,-0.02092278763316326,0.3455283396940337
4.995999199839968,-9.931504432968751,-0.09426576595730939,-0.0005660626056414519,-0.020980877132684844,0.3432602853872651
4.996999399879976,-9.916009278592053,-0.047133787744232325,-0.0007265898541131238,-0.021038251075533625,0.34098455054860766
4.997999599919984,-9.898951615700259,-9.307010682874885e-09,-0.0008862436896444338,-0.021094903442633945,0.3387014968855701
4.998999799959992,-9.880336359218905,0.0471337266660591,-0.0010449969865241864,-0.021150828508496748,0.33641148545051186
5.0,-9.86016866279218,0.09426557749202014,-0.00120282264630239,-0.021206020841660796,0.33411487658506467
